idx,bbp,bbp_sig,beta,beta_sig,aph,aph_sig,adg,adg_sig,Sdg,Sdg_sig,true_bbp,true_aph,true_adg
0,0.000593816900167733,5.30695215414765e-05,1.4419426918029785,0.5644906759262085,0.002478790953501255,0.0008913616355065188,0.015423475032425514,0.0011590093656055752,0.01063559576869011,0.000807994045317173,0.0004659100086428225,0.003711000084877014,0.010900000110268593
1,0.0008648716019118754,6.692803262734045e-05,0.8092185258865356,0.6296573728322983,0.002928779834340583,0.000923334891969829,0.012222220003856974,0.0010072818122398184,0.01128334179520607,0.0015483284369111061,0.0007014099974185228,0.004844999872148037,0.007402000017464161
2,0.0005259386730173528,5.845264440015139e-05,0.9033677577972412,0.7133055180311203,0.0007711249886152845,0.0010664750354954645,0.026247129084622525,0.0018480135439490168,0.01035122387111187,0.0004572337493300438,0.0004002499917987734,0.005047000013291836,0.01858999952673912
3,0.0006244798049431561,6.28832060876654e-05,0.8092813491821289,0.6772746220231056,0.0005365187848930499,0.000975260435246457,0.022646804613682254,0.0015493583350230915,0.010656368918716908,0.0008115824311971664,0.0003943699994124472,0.005923999939113855,0.014264999888837337
4,0.0010547522100190557,6.602696287516584e-05,1.0938708782196045,0.639409989118576,0.004320026037284155,0.000975951259716687,0.019320373173037978,0.0017414691598105127,0.010321266949176788,0.00041165249422192574,0.0010601100511848927,0.008553000167012215,0.01282699964940548
5,0.0005217363499818191,8.3951608914242e-05,0.8325297832489014,0.7054045498371124,0.00218445723928342,0.001851241428681769,0.04959594087740938,0.003908353715236863,0.011370079591870308,0.001276163849979639,0.0003399600100237876,0.009171999990940094,0.040539998561143875
6,0.0005525072002785379,5.45900972637579e-05,1.2403260469436646,0.6461544930934906,0.003714338151940322,0.000868186483835178,0.009644344572559024,0.0008384473128016179,0.011732520535588264,0.0020028874278068542,0.00047540999366901815,0.004031000193208456,0.0069240001030266285
7,0.0008650629660306059,6.444560058131401e-05,0.91158527135849,0.6562118083238602,0.0021656663804141612,0.000997249296934317,0.017618350369457473,0.001401497394398002,0.0106065534055233,0.0007600625976920128,0.0007702099974267185,0.006006000097841024,0.01097199972718954
8,0.0015006908250191373,7.864004283553996e-05,0.9457793235778809,0.619463711977005,0.003974484743157135,0.0011692503626344085,0.02865868883828554,0.0028353414977073683,0.010634619742631912,0.0007066987454891205,0.001459109946154058,0.008603000082075596,0.019675999879837036
9,0.0007264030899028163,8.056668420082665e-05,1.0315899848937988,0.7102834582328796,0.001404982724588669,0.0015542361765840016,0.04503106719399419,0.0036679230177290786,0.01110959704965353,0.0010687215253710747,0.0005223099724389613,0.009607000276446342,0.03146100044250488
10,0.002207874338795548,0.00010806910509061018,1.2804603576660156,0.6664721965789795,0.005246841989437673,0.0015067773734076693,0.09702409201953845,0.01311398404540804,0.010318420827388763,0.0003837426193058491,0.0024290101137012243,0.031404998153448105,0.049564000219106674
11,0.0004398410557357062,5.097888636409743e-05,1.396521806716919,0.6042458713054657,0.0024417008336414647,0.0008793001974690213,0.012123737436532526,0.0009313242419210594,0.011362036690115929,0.0015551969408988953,0.00046750999172218144,0.004511999897658825,0.007276999764144421
12,0.0008311623084462715,6.911363779603364e-05,1.1230640411376953,0.6534024775028229,0.0035394275676976766,0.0011133213030281764,0.016312234150693408,0.0014134983823627387,0.0119395200163126,0.0017944523133337498,0.0007768099894747138,0.005255000200122595,0.012552999891340733
13,0.00103548286733117,7.054684645278671e-05,0.9294707775115967,0.6755246520042419,0.0027376274912849163,0.0012164138988325045,0.026817197541096873,0.002342506968082478,0.010645739734172821,0.0007464871741831303,0.0009240100043825805,0.00661499984562397,0.019089000299572945
14,0.0009929164773273564,7.493116300074629e-05,0.42963138222694397,0.4804842732846737,0.0010572357232781417,0.0013139667821804345,0.03033194187993672,0.002087363708193969,0.010750705376267433,0.000853352714329958,0.0007729100179858506,0.007511999923735857,0.02338000014424324
15,0.0011115620817417516,7.543360511946112e-05,1.362133502960205,0.5996763110160828,0.0006448974811910664,0.001126665430934672,0.03539779281138404,0.003011050744340424,0.010864109732210636,0.0008656722493469715,0.0009621100034564734,0.008578999899327755,0.02386699989438057
16,0.0006972439309984929,8.496291331585779e-05,0.9916850328445435,0.7011030316352844,0.0005601417317853342,0.0012405977881818004,0.04793209289856566,0.0036859913240930055,0.012247403152287006,0.001430936623364687,0.0006232099840417504,0.009192000143229961,0.04208800196647644
17,0.0006036703781399841,6.504121991235412e-05,0.7336252331733704,0.6673124432563782,8.374517694653826e-05,0.00046105438115195453,0.026998728836171066,0.001682062363736473,0.010900352150201797,0.0009046993218362331,0.00036115001421421766,0.004821000155061483,0.020847998559474945
18,0.000523856447683868,5.58796281955308e-05,0.721677303314209,0.6723556444048882,0.0022590579613225516,0.0010726726635131526,0.01770463788584481,0.0013112844788966214,0.010504985228180885,0.0006529306992888451,0.0003658799978438765,0.006829999852925539,0.011022000573575497
19,0.0011591766335993263,9.320014571697363e-05,1.3666458129882812,0.5882173180580139,0.002232582793525422,0.001879435597588658,0.041316344328807104,0.003542674506634678,0.012753387913107872,0.0015344014391303062,0.0011621100129559636,0.009607000276446342,0.02995999902486801
20,0.0009587937975456269,6.060006114013729e-05,1.5074301958084106,0.4896593987941742,0.001802807095927337,0.0008877670772642657,0.015496834884700541,0.001161305799610407,0.010768099687993526,0.0009490628726780415,0.0008433099719695747,0.004484999924898148,0.009663000702857971
21,0.001109051407488426,0.00013144311378985565,1.016445517539978,0.7102830410003662,0.008009166853024744,0.0014129810743939136,0.12844306090876503,0.015981878129043885,0.01296401210129261,0.0017466587014496326,0.001153009943664074,0.025033999234437943,0.07481999695301056
22,0.0010056627718935663,8.649826004103955e-05,1.0661587715148926,0.6744982898235321,0.00043797994006067396,0.0011223800009292763,0.04541705118036882,0.003824452704831661,0.011692707426846027,0.0012049372307956219,0.0008070099866017699,0.008646000176668167,0.034710999578237534
23,0.000931336096958405,7.035863192485692e-05,0.9859073162078857,0.6907796114683151,0.00016286714259902544,0.0007057508334525939,0.03847802980714642,0.0031819266040377554,0.010506941936910152,0.0005686772055923939,0.0008180100121535361,0.0061160000041127205,0.029162999242544174
24,0.0008980435058408084,8.631298951297916e-05,0.7180963158607483,0.6498885303735733,0.0030187584078616987,0.0015828928478297457,0.03246529072154843,0.00256420795349405,0.013899175450205803,0.0018896390683948994,0.0009570100228302181,0.006310999859124422,0.024584000930190086
25,0.0006846645296219241,6.870033242270356e-05,1.031801462173462,0.7014865279197693,0.003229476635222639,0.0013344971351969392,0.03041910479680639,0.0024822375216090476,0.010840997099876404,0.0009328923188149929,0.0005962100112810731,0.009417999535799026,0.0203390009701252
26,0.0007941954190374618,5.728730885478582e-05,1.4709839820861816,0.5279236137866974,0.003534707111125022,0.0009137784031175125,0.016470290875642665,0.0012961873544032288,0.01062459871172905,0.000764213502407074,0.0007515099714510143,0.004480000119656324,0.013051999732851982
27,0.0010184463278108428,6.75387450388343e-05,0.7409366369247437,0.6350372806191444,0.002666592946905188,0.001097861303426964,0.023866974284952273,0.002007915976640136,0.010349761694669724,0.0004443814978003502,0.0009477100102230906,0.007414000108838081,0.01564200036227703
28,0.0007788708055977882,6.700114164980762e-05,1.0884463787078857,0.711230605840683,0.0013983712673540922,0.0013974851721896145,0.03530419312159116,0.0030172090927517783,0.010348176583647728,0.0004355385899543762,0.0006196100148372352,0.00901500042527914,0.02230199985206127
29,0.0006791827791436058,5.988218935035395e-05,1.3288904428482056,0.6271855235099792,0.002913661890926118,0.0010426446500609566,0.017642300258262508,0.0014093066016934094,0.011064810678362846,0.0012207720428705215,0.0005443100235424936,0.005828999914228916,0.011521000415086746
30,0.0009980924724555895,7.645489863150807e-05,1.3547708988189697,0.5955643653869629,0.0012729362715041778,0.0014246136047007978,0.03212072895993592,0.002710000966996034,0.011121973395347595,0.0011024693958461285,0.0010430100373923779,0.00802099984139204,0.021997999399900436
31,0.0012325412911950422,8.455348362967647e-05,1.274294376373291,0.5937117338180542,0.0006105497582453472,0.0011888644872419508,0.03498237007345745,0.0030411374477568934,0.011555293574929237,0.0011734026484191418,0.0011248099617660046,0.009328999556601048,0.022207999601960182
32,0.003408854848607105,0.00013597722718256705,1.334519386291504,0.5318620800971985,0.010898329969375238,0.0015327390850845097,0.20030419367968566,0.0249818099952112,0.016592415049672127,0.0011049509048461914,0.004170109983533621,0.04359700158238411,0.12935900688171387
33,0.0006961856039993531,6.879446783479115e-05,1.300478458404541,0.6454982757568359,6.291078845250589e-05,0.0003978598025379907,0.033847657506408606,0.002348923685443382,0.01123235933482647,0.001013738103210926,0.0005919099785387516,0.0050119999796152115,0.026159999892115593
34,0.0008548914855543313,6.459021837730669e-05,0.9112368226051331,0.657617062330246,0.0023382695656570095,0.0008994129534932147,0.015827161997390017,0.001227349360804925,0.010646646842360497,0.0008282172493636608,0.0007551099988631904,0.005628999788314104,0.011923999525606632
35,0.000528734045854919,5.574087836887536e-05,1.1308053731918335,0.6898044943809509,0.0035756733659387924,0.0010002083523390866,0.01852366414716266,0.0014316009554683796,0.01052098535001278,0.0006827325560152531,0.0003993599966634065,0.006310999859124422,0.0110470000654459
36,0.0006240558727201525,5.872037934333919e-05,1.2073075771331787,0.6597042828798294,0.0035581947564819437,0.0009383581784551606,0.011846948242350053,0.0010037950753992953,0.011687377467751503,0.0017883782275021076,0.0003787800087593496,0.004821000155061483,0.006939999759197235
37,0.0012278253635739642,7.15596569724825e-05,0.9941290616989136,0.6058283597230911,0.0026802979782026572,0.0009098338868259071,0.016497420646160745,0.0013979258576949354,0.010633086785674095,0.0008046524599194527,0.001169009949080646,0.0061160000041127205,0.010564000345766544
38,0.0007266806938768026,6.224550956286548e-05,0.3924025297164917,0.46398238092660904,0.004756111793021547,0.0009906749096688357,0.015362851049665241,0.0011637372005493451,0.011013798415660858,0.0012345407158136368,0.0006098099984228611,0.009192000143229961,0.009321999736130238
39,0.0010717021934132174,8.171515289590915e-05,0.7124900817871094,0.607062891125679,0.004029950495410315,0.0013266642492267148,0.022110850383108317,0.0019064208664837604,0.012810435146093369,0.0020051058381795883,0.0010546100093051791,0.007579000201076269,0.016877999529242516
40,0.0010307686050031238,9.760454739041695e-05,0.397688627243042,0.46513349935412407,0.0027419833518671282,0.002032333606127591,0.0410254019704696,0.002900851237575594,0.01406912598758936,0.001912413164973259,0.0009631100110709667,0.007511999923735857,0.032538000494241714
41,0.0009215396314785431,6.501399514796864e-05,1.0122588872909546,0.67105333507061,0.002835281522430702,0.0011226117103904426,0.025491915409619204,0.002207528737668319,0.010336555540561676,0.000433304812759161,0.000720110023394227,0.006949000060558319,0.01864200085401535
42,0.0006592603971724907,6.761684415492998e-05,1.0351287126541138,0.7110598385334015,0.002314767823193031,0.0015266299777185856,0.031222675791790347,0.002480537118422419,0.01068353932350874,0.0008019786328077316,0.0004558099899441004,0.008511999621987343,0.020670000463724136
43,0.0023237759262018337,0.00017242009968545017,1.1691185235977173,0.6854166835546494,0.00846289289607593,0.001534748461127822,0.1779727760741995,0.026789021956866,0.011304132640361786,0.0010164831764996052,0.0026327099185436964,0.043699998408555984,0.09605500102043152
44,0.0010229211480093567,6.50656912968931e-05,1.1319077014923096,0.6337401419878006,0.004236635239747554,0.000938387222040092,0.019183364167667537,0.0017343291452287767,0.010290747508406639,0.0003765472210943699,0.0009592099813744426,0.00585100008174777,0.014305000193417072
45,0.001131887969370103,6.951659413817186e-05,0.7242343425750732,0.6071661785244942,0.0024065141844070276,0.0009222164421269065,0.019309244877946326,0.00155919546446197,0.010374203324317932,0.00048422999680042267,0.0011336100287735462,0.007290999870747328,0.015752000734210014
46,0.0005280587430610715,5.5506669411806186e-05,0.9919074773788452,0.6927915662527084,0.004815096864216439,0.000955694318451768,0.015024713918549017,0.0012151846292729786,0.010721554979681969,0.0009094118140637875,0.00045421000686474144,0.008473999798297882,0.008774999529123306
47,0.0008518201701430902,7.564058350301883e-05,1.0105282068252563,0.6829066127538681,0.003912560887845107,0.0012649374280681704,0.02947535584363191,0.002519365529313519,0.011392583139240742,0.0012582293711602688,0.0008736100280657411,0.009171999990940094,0.022242000326514244
48,0.0007417179357575738,7.440670535092069e-05,0.9287428259849548,0.6873660534620285,8.234586286210414e-05,0.0005485236028116193,0.03685651380224342,0.0026624358078853917,0.011310351081192493,0.0010691764764487743,0.0006107100052759051,0.006982999853789806,0.029366999864578247
49,0.0009686927013167626,6.649496179952734e-05,0.7754068374633789,0.6256594806909561,0.0042471540235412735,0.0009848619546107813,0.01800812957663396,0.0015349708012265852,0.010602639056742191,0.0007426920346915722,0.0007950100116431713,0.007191000040620565,0.011576000601053238
50,0.0008226010626544324,8.882857903948801e-05,1.1596381664276123,0.6849136203527451,0.0014731071868006843,0.0016170418115377069,0.047021453235191725,0.003915695582345863,0.012133629061281681,0.0014219274744391441,0.0006560100009664893,0.008425000123679638,0.03331800177693367
51,0.0005526758690959022,5.8516337935246294e-05,0.7776741981506348,0.6847003921866417,0.005900085263955692,0.0010561338363007417,0.02104779203100047,0.0017738577883007981,0.010500699281692505,0.0006136610172688961,0.0005094099906273186,0.00901500042527914,0.015690000727772713
52,0.0006219354030736024,6.444612924552911e-05,0.8912835121154785,0.6994021609425545,0.0011270595892775841,0.0013060281031340188,0.026705645445475153,0.0019589312006358175,0.01065316516906023,0.0008097458630800247,0.00044450999121181667,0.006951000075787306,0.019466999918222427
53,0.0008640890169185415,8.963550322651126e-05,1.1854579448699951,0.6697620302438736,0.00017196450887156065,0.0008654342034161155,0.06272725234994334,0.0052422092845683735,0.012593869119882584,0.0013724109157919884,0.0007780099986121058,0.008603000082075596,0.0531499981880188
54,0.0011017057609676315,7.902249111910078e-05,1.3029446601867676,0.6527249217033386,0.002115547416766936,0.0017738666518644396,0.05240045755276157,0.004994312381700752,0.010426538996398449,0.0005076825618743896,0.0009751099860295653,0.0137339998036623,0.02888299897313118
55,0.0005913870431031588,5.691029210443192e-05,1.3149967193603516,0.6318162381649017,8.007944617840377e-05,0.0004120243760741057,0.020604156037008707,0.0012957009370128461,0.010680587030947208,0.0007529435679316521,0.0004572100006043911,0.004821000155061483,0.01347699947655201
56,0.0009670434245121428,7.582260861037159e-05,1.3138878345489502,0.6111048460006714,3.447525871990005e-05,0.0002324027090629765,0.04056103209937082,0.0030255845227112506,0.013423983007669449,0.0011738543398678303,0.0008865100098773837,0.006996000185608864,0.03250899910926819
57,0.0009587559005385012,5.9071770836473974e-05,1.4510773420333862,0.48739171028137207,0.004567483936605311,0.0007322467284791056,0.010022010799877096,0.0008611199639405719,0.010757160373032093,0.0009294911287724972,0.000995410024188459,0.0061980001628398895,0.005991999991238117
58,0.0010809274575017598,6.456055970570959e-05,0.5285678505897522,0.47973034530878067,0.0033410766728906604,0.0007229569037920998,0.010114222952903665,0.0007750786541005196,0.010742937214672565,0.0009855441749095917,0.001001609954982996,0.006314000114798546,0.00711999973282218
59,0.0008763757917285512,6.29308460082321e-05,0.612583577632904,0.5822185054421425,0.003971064982041351,0.0009005468061105426,0.015783526382350317,0.0012347097048475602,0.010483207181096077,0.000619199126958847,0.001000409945845604,0.0074800001457333565,0.010603000409901142
60,0.0010514453138561132,8.182304214397848e-05,1.2720805406570435,0.6355419158935547,0.0027707472596936993,0.0015325146167945946,0.03358743277961772,0.0029169994670387896,0.011414431035518646,0.0012634899467229843,0.000941010017413646,0.00737700005993247,0.02451399900019169
61,0.0008580294558181909,6.481131154285468e-05,1.1720249652862549,0.6618363261222839,0.00027471558901173194,0.0008108893700031215,0.02628275097717128,0.002022437566288112,0.010625135153532028,0.0007051192224025726,0.0008593099773861468,0.00875800009816885,0.015848999843001366
62,0.0008033871287828599,6.867812019755554e-05,0.6219071745872498,0.6066876947879791,0.0011786151850616056,0.0012844293514505556,0.022164378628445804,0.001581319981853329,0.010865256190299988,0.0010316567495465279,0.0007939100032672286,0.005140000022947788,0.017992999404668808
63,0.0012495196977375049,7.853600779458392e-05,0.7047094106674194,0.5856057703495026,0.0017176109227933945,0.0013529397544551599,0.019917933801380037,0.0016364503285112176,0.011005292646586895,0.0011983742006123066,0.0011521100532263517,0.007234999909996986,0.013508999720215797
64,0.0009098325852079446,6.805378903898518e-05,0.6002219319343567,0.5866873562335968,0.004082526498506787,0.001028858675587794,0.01685076882074481,0.001374356267837393,0.010949205607175827,0.0011007054708898067,0.0007509100250899792,0.00749000022187829,0.010409999638795853
65,0.003020513930161979,0.00013985143233940633,1.4202754497528076,0.6493838131427765,0.009616704383816075,0.001489437073678321,0.1273468355875252,0.02027589157166359,0.01023188792169094,0.0002887677401304245,0.0033514099195599556,0.03990599885582924,0.06660199910402298
66,0.0012345227289612343,7.407147584827245e-05,1.476222038269043,0.48450466990470886,0.00010341359292205388,0.0006064738856303794,0.030503009801151233,0.0023138573631350176,0.011735701933503151,0.0010885661467909813,0.0010397100122645497,0.00661499984562397,0.021178999915719032
67,0.0009517351338480778,6.585071468308035e-05,0.795802116394043,0.6288134455680847,0.003619203988919168,0.000960917212630338,0.017641598091355855,0.001469782194288444,0.010556187480688095,0.0007003839127719402,0.0008734100265428424,0.005255000200122595,0.015107999555766582
68,0.0009935058948835813,6.701528294297826e-05,1.0339502096176147,0.6649047136306763,0.0054630640784324854,0.0010355218308574542,0.02060510620394518,0.0018923900316981067,0.010460756719112396,0.0005763438530266285,0.0010317099513486028,0.007720999885350466,0.015541000291705132
69,0.0005746630087336824,5.50732251909716e-05,1.0549254417419434,0.6741159111261368,0.0028235355900617628,0.0007804403740140338,0.012141537790808274,0.0009063436442290464,0.010567966848611832,0.0007500927895307541,0.0005014099879190326,0.00585100008174777,0.005598000250756741
70,0.0009128484322162321,6.225760346813004e-05,1.1754965782165527,0.6186668574810028,0.003685991317936142,0.0008735226827056106,0.015973694722126404,0.0013287038778771786,0.010419993661344051,0.0005367463454604149,0.00096110999584198,0.008193000219762325,0.008836999535560608
71,0.0007194420551355679,7.747591948985792e-05,1.1795110702514648,0.6751648485660553,0.00023373224156878573,0.0009198318987910194,0.039185334208651126,0.0028956916662681367,0.012259529903531075,0.001377798616886139,0.0005758099723607302,0.00737700005993247,0.029410000890493393
72,0.0010830248081590956,6.699858199276862e-05,0.5047938227653503,0.5146288461983204,0.0032754390159908425,0.0010349431102420422,0.021108918837757788,0.001617376430415058,0.010477975010871887,0.0005902964621782303,0.0010780099546536803,0.00585100008174777,0.01841599866747856
73,0.0006304514135036843,7.778940134506014e-05,0.6945635676383972,0.6774181127548218,0.0006498320433191002,0.0012405282937205252,0.05388475787030869,0.00421277242313562,0.010482389479875565,0.0005715913139283657,0.0004995099734514952,0.007348999846726656,0.041868001222610474
74,0.0011570188260573322,6.628262335771991e-05,1.4128170013427734,0.5702615082263947,0.0018463175603867991,0.0014900445185326216,0.033202395925589906,0.0029671594800633194,0.010268365032970905,0.0003474066033959389,0.0011429099831730127,0.0081599997356534,0.021423999220132828
75,0.0003759032695952179,5.5600222459567284e-05,0.777961790561676,0.675484225153923,0.005269412293691855,0.0009972904948638418,0.014623139135618092,0.0011913525419646074,0.011073192581534386,0.0012704571709036827,0.0001836300070863217,0.005752999801188707,0.011256000027060509
76,0.0007294325413931115,5.691760928142812e-05,1.252891182899475,0.5870540142059326,0.0031127297231494174,0.0006321880179168244,0.007450586745343672,0.0006312213632795514,0.010940691456198692,0.0012555490247905254,0.0006031100056134164,0.0034630000591278076,0.00456400029361248
77,0.0008539153934380755,6.721091240362423e-05,1.4160749912261963,0.5631369948387146,0.0030827400245511468,0.0011180050994046551,0.019283286132986625,0.0016051234169001949,0.01149854063987732,0.0014796881005167961,0.0008329100091941655,0.006310999859124422,0.011137999594211578
78,0.0007685174520257277,7.554190116714198e-05,0.5071346163749695,0.5645635016262531,0.001377473921438549,0.001466990480291477,0.027322531422947115,0.00192944902549122,0.011229095980525017,0.0013081952929496765,0.0006883100140839815,0.008646000176668167,0.01912200078368187
79,0.0008077227687219973,8.040812444387363e-05,1.1847639083862305,0.6745118647813797,3.184531572112734e-05,0.00021069490952147887,0.05016023735731807,0.0039070869081043805,0.012298298068344593,0.0012139552272856236,0.000738709990400821,0.005903000012040138,0.04280000180006027
80,0.000759480744589922,6.509473885370844e-05,0.7085415720939636,0.6600112020969391,0.0025922320610020175,0.0012366532172499536,0.025500103523197,0.0020326055026785427,0.010433655232191086,0.0005525671876966953,0.0006073099793866277,0.007720999885350466,0.017441000789403915
81,0.0006864744596849219,6.32438890708684e-05,0.8688965439796448,0.6868805885314941,8.565337951185059e-05,0.0004803618942428501,0.027926418292594613,0.0018772261030146741,0.010502851568162441,0.0005736495368182659,0.0006153099820949137,0.008346999995410442,0.017602000385522842
82,0.001071510999297453,8.312158311704707e-05,1.5786718130111694,0.46853193640708923,0.003136599054906937,0.0014848646837931113,0.045732522105160996,0.0038357476013934425,0.01134178601205349,0.0010854443535208702,0.0012342099798843265,0.008255000226199627,0.03381900116801262
83,0.001080372171652021,7.813955386372004e-05,0.9977295398712158,0.6471707820892334,0.0018273430167595093,0.0014447220972482724,0.01974969349341609,0.0016819618090171164,0.011234733276069164,0.0014328109100461006,0.0010122100356966257,0.006310999859124422,0.013219999149441719
84,0.00048315907092315557,5.803314928508099e-05,0.5739437341690063,0.6026211604475975,0.003306368418027229,0.001018112794075489,0.017342479311032777,0.001254528234192455,0.01082147378474474,0.0010127131827175617,0.0004237100074533373,0.005818000063300133,0.0110489996150136
85,0.0005236758746644118,5.715475362230756e-05,1.071305274963379,0.69925157725811,0.0035829791411367013,0.0010969307022653395,0.025646848936175495,0.0020538437793688052,0.010339739732444286,0.00042937975376844406,0.0004423100035637617,0.008553000167012215,0.01642100140452385
86,0.0009424347044253927,7.988316934573182e-05,0.9953543543815613,0.6906665563583374,0.0001875609128658182,0.0008297256566823146,0.03679613609922665,0.0029741466807331647,0.011424843221902847,0.0011039222590625286,0.0008046100265346467,0.006006000097841024,0.026962000876665115
87,0.004146370937927132,0.00022926001512648363,1.5277904272079468,0.5019749701023102,0.0121265264863974,0.0016184332626047416,0.2816254664950345,0.042094883181954965,0.012006543576717377,0.000899050384759903,0.004769810009747744,0.06149600073695183,0.1464329957962036
88,0.001033798191592158,8.772402773772066e-05,0.6140435934066772,0.6031366288661957,0.00044380675553905904,0.001174808276585797,0.047381442379351456,0.003695120452560787,0.011406788602471352,0.0011128284968435764,0.0008909099851734936,0.006835999898612499,0.03834399953484535
89,0.0009911427042709957,8.55264855989958e-05,0.7150205373764038,0.6388480961322784,0.00026123022250369314,0.0010015543391189393,0.04310829274361563,0.0033701681248509037,0.011618605814874172,0.001218882855027914,0.0008374099852517247,0.008346999995410442,0.03290700167417526
90,0.0007521891035620948,5.8161610692089604e-05,0.43875136971473694,0.49806756898760796,0.0009763985434399084,0.0009714051650096789,0.01678068351353057,0.0010881323299413905,0.010433544404804707,0.0005609439685940742,0.0006593100260943174,0.0061980001628398895,0.010036000050604343
91,0.0005549286976143402,6.929681419055064e-05,1.0658248662948608,0.7151537984609604,0.0005030399292637391,0.0010965353215972307,0.03849844064809571,0.0028164453010863996,0.010805710218846798,0.0008599311113357544,0.00028609001310542226,0.00661499984562397,0.025217000395059586
92,0.0008368919890654173,6.211495152417417e-05,1.1636393070220947,0.6685420572757721,0.0032250987321351472,0.0010723651669027126,0.02417169464863609,0.002063523904544496,0.010409536771476269,0.00052265590056777,0.000879810017067939,0.007579000201076269,0.01917799934744835
93,0.0008126963735676443,8.237782968075716e-05,0.8260772824287415,0.6815961673855782,0.0020510159693330047,0.0017642424524354086,0.026585361057172147,0.0021199326214530727,0.012015460059046745,0.0017507034353911877,0.0007480100030079484,0.008057000115513802,0.01737399958074093
94,0.0008450376676659945,6.302758625116871e-05,1.1538993120193481,0.6413514167070389,0.003153206082025218,0.0008803385343271219,0.014892236473172001,0.001220410958959646,0.010702013969421387,0.0008520898409187794,0.0008047100272960961,0.006006000097841024,0.00775500014424324
95,0.0008691200351750066,7.887880654743572e-05,1.2777626514434814,0.627976804971695,0.0014210187603972825,0.0015400747293193295,0.02944944471123552,0.0023928105522506675,0.011940468102693558,0.0015396513044834137,0.0008226099889725447,0.006314000114798546,0.023266000673174858
96,0.0011097621584274294,6.946864139258709e-05,0.5698625445365906,0.532963216304779,0.004326902039987207,0.0009671941156724792,0.015950788410129084,0.0012886699824729148,0.010778938420116901,0.000959448516368866,0.00115360994823277,0.00737700005993247,0.012257000431418419
97,0.0007839348234340634,7.021885261140702e-05,1.4884625673294067,0.5356717705726624,0.002350309103970906,0.0014584504661049116,0.021249237210812864,0.0017596192896370336,0.012148932553827763,0.0019047586247324944,0.0006719100056216121,0.006314000114798546,0.013714000582695007
98,0.0019810981590895546,0.0001778497336208275,0.8731433749198914,0.7014854550361633,0.013766714443651625,0.0014916490487287219,0.3478270063248018,0.06205123202859522,0.01554212998598814,0.0017416998744010925,0.002302509965375066,0.07015199959278107,0.19419899582862854
99,0.0007451548008144729,8.485918539749825e-05,0.9663171768188477,0.699382558465004,7.01683619690168e-05,0.0004985526501541057,0.05663014905127541,0.00445909965550231,0.011742711067199707,0.0012424057349562645,0.0007534099859185517,0.008511999621987343,0.044927000999450684
100,0.0007811042787499829,6.039929733405342e-05,1.000943660736084,0.697228416800499,0.0017035240771104574,0.0011942915560173878,0.021605547786006297,0.0017067857488462287,0.010314460843801498,0.0004131435416638851,0.0008397100027650595,0.0074800001457333565,0.014361999928951263
101,0.0008224719178348153,7.939127868073913e-05,0.7816721200942993,0.6826816126704216,0.00021111677046326563,0.0008819597208005482,0.046791256147770445,0.003580862243160357,0.011124822311103344,0.0009991317056119442,0.0007278100238181651,0.008603000082075596,0.038819000124931335
102,0.0007205088385997903,5.901516902271519e-05,0.9263447523117065,0.6365409344434738,0.004288405525710048,0.0007269660971273471,0.008705215367089252,0.0007487751082033787,0.010756967589259148,0.0010070237331092358,0.0006544099887832999,0.005828999914228916,0.005649000406265259
103,0.0006160847043765108,6.0932252637608945e-05,0.6730419397354126,0.6445358693599701,0.0012125354874182358,0.0012079428481704575,0.022462523760109505,0.001592106141118859,0.01050307136029005,0.0006683268584311008,0.00037722999695688486,0.007381000090390444,0.013512000441551208
104,0.0005674217927768714,6.219550302604136e-05,1.1172068119049072,0.6980299204587936,6.980390193264727e-05,0.00042802096825277205,0.032242578487235954,0.0021475727067202157,0.010465399362146854,0.000533882062882185,0.000430410000262782,0.0061980001628398895,0.022783998399972916
105,0.0007507534578321277,6.094007325973356e-05,1.0807855129241943,0.663140133023262,0.004573982859216939,0.001020046036240016,0.019827263934246105,0.001682705156942339,0.010636849328875542,0.0007744547910988331,0.0006767099839635193,0.00786499958485365,0.013214999809861183
106,0.001103708301473402,8.712644682340128e-05,0.9644737243652344,0.6729839742183685,0.0001045959906415135,0.0006484715603118898,0.04860870523538178,0.004118480224921416,0.01218070276081562,0.0011948035098612309,0.0008036100189201534,0.00661499984562397,0.03481899946928024
107,0.0006249572015936075,6.312621712545763e-05,0.9521161317825317,0.7160022407770157,0.0021527247333528758,0.0014794240684679427,0.030757652504840038,0.00250454611601365,0.010363323614001274,0.00046616094186902046,0.0005741100176237524,0.007579000201076269,0.021268999204039574
108,0.000975652685334817,6.99476099937821e-05,0.8091201782226562,0.7047797068953514,0.001590506555057982,0.0014886941347348325,0.03774277640024097,0.0034708095609052893,0.010234987363219261,0.00029542064294219017,0.0009117100271396339,0.007946000434458256,0.027910999953746796
109,0.0006131125379145634,5.717915661666476e-05,0.8380631804466248,0.6333201229572296,0.002683827311495221,0.0005695113674557416,0.004293755349992861,0.00043450668234064566,0.013120360672473907,0.0031303814612329006,0.00044810998952016234,0.002346999943256378,0.0026500001549720764
110,0.0016817203681885808,0.00011136855655461536,1.557026982307434,0.4585234820842743,0.0042114403754288715,0.001517682418853029,0.07868490557654838,0.007205214566650062,0.012784031219780445,0.001213572919368744,0.0018444099696353078,0.017454000189900398,0.0664680004119873
111,0.0008442962042729505,6.41605134999078e-05,0.7291505932807922,0.6053755432367325,0.004972119383677116,0.0009033266710737837,0.010303855819330464,0.0009526056602997502,0.011620484292507172,0.0018701613880693913,0.0008004099945537746,0.006279999855905771,0.006678000092506409
112,0.0005618769030812714,6.107376450399275e-05,1.290071964263916,0.6598153710365295,0.0013599053497260298,0.0013647405226357148,0.02768591964324381,0.0021012328161777536,0.010748273693025112,0.0008745444938540459,0.0004687100008595735,0.007946000434458256,0.018528999760746956
113,0.0004694180776936621,7.801287342718163e-05,1.0867018699645996,0.7063985615968704,0.0002866311015798609,0.0010202251502661307,0.045056314525586755,0.0031204944587638235,0.013173331506550312,0.001586458645761013,0.0002595999976620078,0.005628999788314104,0.041770000010728836
114,0.001175019284543566,8.566911045853199e-05,1.0081921815872192,0.6621070504188538,0.0038826437203485146,0.0013908974069307466,0.028173529716220568,0.0025898489381562095,0.011814581230282784,0.0014951596967875957,0.001151310047134757,0.007579000201076269,0.02319999970495701
115,0.0011287004226460042,7.193447906706342e-05,0.841900110244751,0.5636651813983917,0.005064231494660717,0.0007706200794378084,0.007519657383184647,0.0007603389984383504,0.011248035356402397,0.0016138195060193539,0.0011193100363016129,0.006845000199973583,0.00455200020223856
116,0.0010492230540433735,6.95788126349868e-05,0.9786016345024109,0.607259213924408,0.0032274720906520955,0.0007647322640954427,0.01068177948393955,0.0008965080511667721,0.010761598125100136,0.0009816568344831467,0.0010119100334122777,0.005903000012040138,0.005900000222027302
117,0.0005560057449203314,5.6274664562495566e-05,1.1176596879959106,0.6840996444225311,0.003058830489008528,0.0009935338910017858,0.019222812667845347,0.0014762386204285362,0.010601355694234371,0.0007338817231357098,0.0004585100105032325,0.007586000021547079,0.012570999562740326
118,0.0006524447247623705,5.961807283846665e-05,0.9116941094398499,0.6847211271524429,0.003906757236978268,0.0009662650739067015,0.01720973406609015,0.0013556338332661212,0.010617440566420555,0.0007767756469547749,0.0005985100287944078,0.005752999801188707,0.012349000200629234
119,0.0009032811444457586,8.926154259145195e-05,0.8051019906997681,0.6760949417948723,0.00047594576678071187,0.001195566029659694,0.08216661241000738,0.007214461845580361,0.015976976603269577,0.0015533356927335262,0.0007639100076630712,0.00673400005325675,0.06797799468040466
120,0.0006404682036407448,5.926147728167215e-05,0.9542855620384216,0.6782166510820389,0.004204895591112987,0.0009409222732168509,0.014346939340199774,0.001166145923607911,0.010921196080744267,0.0011240416206419468,0.0005112100043334067,0.0074800001457333565,0.007663999684154987
121,0.00096763820033194,8.620904198878638e-05,1.2764755487442017,0.6488305926322937,0.0003121923072219152,0.00104343279159525,0.06222646282356706,0.005551496703376083,0.011073910631239414,0.0009427848272025585,0.0007944100070744753,0.020004000514745712,0.02894499897956848
122,0.0012889580717622272,6.828863798466142e-05,1.4618706703186035,0.490245521068573,0.00023387086189485736,0.0007190325531891607,0.025304173839250522,0.0020048572268578178,0.010577024891972542,0.0006567179225385189,0.0012844100128859282,0.007579000201076269,0.016006000339984894
123,0.0009526912345641083,8.190372359512119e-05,0.997148871421814,0.6779713481664658,0.00010645034043356297,0.0006356647415368983,0.06055723037223585,0.004943549859147356,0.014895513653755188,0.0013549719005823135,0.0008219099836423993,0.007946000434458256,0.04925299808382988
124,0.0005812915968960082,7.859856854184916e-05,0.7495948076248169,0.678458996117115,0.00021464773625939985,0.0008970219546607007,0.04083891630640217,0.0027629921575916296,0.011648068204522133,0.0012878188863396645,0.000434109999332577,0.007381000090390444,0.032180000096559525
125,0.0009954915470309104,9.0409408655364e-05,1.2226656675338745,0.6599207073450089,5.5883236609616835e-05,0.0003997644287759487,0.06895419622504338,0.006081780770439575,0.011456169188022614,0.001092530321329832,0.0009766099974513054,0.008511999621987343,0.05391000211238861
126,0.000755209999798175,6.0781643650726996e-05,1.2550578117370605,0.6250106394290924,0.0023629943161637855,0.0009976483871075225,0.016052998098498708,0.0012598502356873497,0.010975711047649384,0.0011780248023569584,0.000731609994545579,0.006310999859124422,0.008006999269127846
127,0.0005789390535909704,7.536797019917237e-05,0.9927012920379639,0.7013752460479736,0.0004179033654483522,0.0010726773420145414,0.037824823386797254,0.0026772259663749645,0.011475720442831516,0.0012017539702355862,0.0003528200031723827,0.008255000226199627,0.025029998272657394
128,0.0009348542237972572,6.758285152052033e-05,1.0304696559906006,0.647328183054924,0.0037786510546625324,0.0009799935708943801,0.01519857075517101,0.0013200671212137607,0.011088905856013298,0.0012487531639635563,0.0009982100455090404,0.005921000149101019,0.010704999789595604
129,0.0006769325935796564,6.162012853794615e-05,0.6833237409591675,0.6268266811966896,0.0037847609492079864,0.0009758865661161522,0.016354934007662084,0.001246078595730035,0.0107185123488307,0.0009016883559525013,0.0005820100195705891,0.00661499984562397,0.010439999401569366
130,0.0011242811998970527,8.706601527034479e-05,1.3929009437561035,0.5770835280418396,0.00015526665113485435,0.0007919076231549407,0.0536092758247003,0.004506362775165258,0.01176029909402132,0.0011350126005709171,0.0010089100105687976,0.008469999767839909,0.03782400116324425
131,0.000803288341288681,7.822065092659186e-05,1.2014124393463135,0.655567392706871,0.003296427420606977,0.0014591299054950739,0.02865626605558518,0.0023366214332495826,0.013579988852143288,0.0019174297340214252,0.0007030100096017122,0.008603000082075596,0.019120998680591583
132,0.0019707367719045696,0.00012339246103260256,1.4549006223678589,0.5309711694717407,0.004564019950678262,0.001544277141547862,0.09717972152193449,0.01017936479288998,0.012172611430287361,0.001130733173340559,0.0018620099872350693,0.024166999384760857,0.04693499952554703
133,0.0009540268852182631,7.186717352508529e-05,1.179572343826294,0.6337177157402039,0.004173533486560101,0.001178074985794566,0.020458217261699795,0.00183005703691041,0.011847024783492088,0.0015725353732705116,0.0009974100394174457,0.007466000039130449,0.016085999086499214
134,0.0007266443919271084,6.746587626592143e-05,0.9636610746383667,0.7122969031333923,0.0025172154639971816,0.0014141423206789103,0.03275986597656759,0.002713070438990982,0.010441448539495468,0.000545138493180275,0.0008635100093670189,0.00749000022187829,0.029493998736143112
135,0.0005540936873267282,5.847985642722206e-05,0.7828270792961121,0.6931608840823174,0.0024763780617320682,0.001101024141151272,0.022903031181614485,0.0017245949044446054,0.010353188961744308,0.00045392848551273346,0.00033767000422813,0.005818000063300133,0.014728999696671963
136,0.0005976390290338026,7.723989681954245e-05,1.0254713296890259,0.6992506086826324,3.852464619468603e-05,0.00025950751682527075,0.043531138427440975,0.003014389040682342,0.012392047792673111,0.001317500602453947,0.0003670699952635914,0.00673400005325675,0.034304000437259674
137,0.0011705748551621724,6.949936819013137e-05,1.1943731307983398,0.6252122223377228,0.0021394128947387504,0.0011111168985352233,0.021997019225313167,0.0019171291510663817,0.010508601553738117,0.0006436165422201157,0.001107209944166243,0.006829000078141689,0.014267999678850174
138,0.0009501908843024353,6.654975584742328e-05,1.1790471076965332,0.6443972289562225,4.754020837131338e-05,0.000331073262944707,0.028452302496115744,0.002222555567183697,0.010678434744477272,0.000677250325679779,0.0008552100043743849,0.005907000042498112,0.020252998918294907
139,0.0008918173106430954,6.334466783199842e-05,1.2097103595733643,0.6196874678134918,0.0028966605963953776,0.0008419949121932252,0.01455327606746331,0.0011726518542174783,0.010661357082426548,0.0008280742913484573,0.000807909993454814,0.006951000075787306,0.007675999775528908
140,0.0012561298839265265,8.215883542133978e-05,1.2522814273834229,0.5984998643398285,0.001525683772933352,0.0015192643913389675,0.02649696166071817,0.002331461287740368,0.011085022240877151,0.0011881906539201736,0.0011813100427389145,0.007381000090390444,0.01797500066459179
141,0.0011153947806678297,6.418287863283216e-05,1.5078542232513428,0.49618443846702576,0.003636012057348399,0.0010113837952356259,0.023656415074268064,0.0019765271050218684,0.010492484085261822,0.0005980096757411957,0.00115360994823277,0.006279999855905771,0.016452999785542488
142,0.0008489453577782891,6.212432490151904e-05,1.2620878219604492,0.6425863206386566,0.0034743229863756333,0.0010673720440610589,0.02370537424475846,0.0019862637771785735,0.010411769151687622,0.0005246195942163467,0.0007551099988631904,0.0074800001457333565,0.01676199957728386
143,0.001430909708471744,7.635781406517962e-05,1.625596523284912,0.4122043251991272,0.002858935874895622,0.0014013440873039368,0.0410044054992179,0.0034599439545075425,0.01060169655829668,0.0006482074968516827,0.001522709964774549,0.011436999775469303,0.024946000427007675
144,0.0011535198442703559,6.6449549943304e-05,1.5148411989212036,0.5094417035579681,0.00013871805713616442,0.0006450160234371537,0.038475970308059895,0.003124874220311335,0.010327355936169624,0.00039709871634840965,0.0010644099675118923,0.008218999952077866,0.023713000118732452
145,0.0006881565595483576,5.843296634593261e-05,0.8897830843925476,0.6526752263307571,0.004857070708228128,0.0007679142332416198,0.009286944668774291,0.0008246455138095285,0.010781900957226753,0.0010204664431512356,0.0006709099980071187,0.005628999788314104,0.006692000199109316
146,0.0011442006687609914,7.811328548527874e-05,1.5643372535705566,0.45306622982025146,3.7866209964305226e-05,0.00024413832376437883,0.049238963551997306,0.003492086469178989,0.013235567137598991,0.001074307132512331,0.0010456100571900606,0.005907000042498112,0.037181999534368515
147,0.000951173630685762,6.534670280871084e-05,0.9505999684333801,0.6497857570648193,0.0044927950070259995,0.0008946552093519124,0.014701543334655728,0.001273494979739451,0.010457668453454971,0.0005947169847786427,0.00098620995413512,0.0081599997356534,0.009741999208927155
148,0.0013254091898679884,8.571051129248851e-05,1.0513964891433716,0.6593220382928848,0.0030725958238566786,0.00142960456666538,0.03234539612938897,0.003062274509105359,0.011263899505138397,0.0011192415840923786,0.001280209980905056,0.008898000232875347,0.021611999720335007
149,0.0008584501978486609,7.12422814032173e-05,0.8985638618469238,0.6861020028591156,0.00021314482523739298,0.0007932867204763362,0.03655527160631283,0.002882392186083948,0.010663230903446674,0.0007146801799535751,0.0006563100032508373,0.00737700005993247,0.025391999632120132
150,0.0009685757141382928,6.796401753776378e-05,1.0470738410949707,0.6878611892461777,0.0019060265938480106,0.0013138647519558005,0.023816949147136668,0.001971270585001768,0.010465046390891075,0.0005967658944427967,0.00084400997729972,0.006845000199973583,0.01574699953198433
151,0.0010635179946405938,7.574364068437455e-05,1.0450094938278198,0.6535921841859818,0.002923353587722229,0.0012470899520579705,0.02072922934741994,0.0017933489282583905,0.011381769552826881,0.0014056270010769367,0.0010858100140467286,0.008469999767839909,0.012893999926745892
152,0.0007866352628037335,6.004185320084715e-05,0.6675742268562317,0.5921136736869812,0.004332659033535824,0.000841022866985215,0.012695215562001934,0.0010175929362428934,0.010486513376235962,0.0006350860930979252,0.0006909099756740034,0.00585100008174777,0.009347999468445778
153,0.0009371300203952494,7.505579632709425e-05,1.2767984867095947,0.641316294670105,0.0005735869756452458,0.0011158830669349131,0.03079303912159723,0.0024750165987780116,0.011180421337485313,0.001091605518013239,0.0007941100047901273,0.006835999898612499,0.019842999055981636
154,0.0012270113805978695,8.37921255074953e-05,1.5432080030441284,0.4919806122779846,0.0038759183060666134,0.0013740175629504369,0.03913267615379037,0.0033472049781661135,0.011468732729554176,0.001160191372036934,0.0013011100236326456,0.011045999825000763,0.024953998625278473
155,0.0009496459321573001,6.846967273792411e-05,0.8001539707183838,0.6605919376015663,0.0019133495105378379,0.0013240241250335998,0.023084880057062284,0.0018683281667419473,0.010564398020505905,0.0007132184691727161,0.0008115100208669901,0.0078050000593066216,0.01464799977838993
156,0.0008819619095748138,7.341007796069393e-05,0.9795713424682617,0.7068881839513779,0.002863745712958053,0.0014609941799505065,0.03626013420154608,0.0031748448231094482,0.01055053435266018,0.0006459737196564674,0.0009131099795922637,0.008045000024139881,0.028220001608133316
157,0.0006818251243080594,5.9239359470867616e-05,1.101548671722412,0.6776780039072037,0.003906448408362044,0.0009333700199702572,0.015602528530251005,0.0012750782525038588,0.010727530345320702,0.0008988110348582268,0.0006117100128903985,0.006041999906301498,0.00977499969303608
158,0.0008605220457958512,7.025724833293283e-05,0.7511041164398193,0.6631726548075676,0.00023811732790865906,0.0008046465938737339,0.030009132221041155,0.002195407753769911,0.010706795379519463,0.0007493388839066029,0.000690509972628206,0.006314000114798546,0.01897599920630455
159,0.0011327532648063782,7.423813628762465e-05,1.4846198558807373,0.49327659606933594,0.0027811420115500135,0.0012292202231810225,0.02004510203262792,0.001682094403698292,0.012059347704052925,0.0017022034153342247,0.0010216099908575416,0.005923999939113855,0.013299000449478626
160,0.0008796911350420385,6.510765151342379e-05,0.9055863618850708,0.683162122964859,0.001888264059303444,0.0011819720436195389,0.022323787335889755,0.0017768489445660167,0.01042177528142929,0.0005473596975207329,0.0008597099804319441,0.006279999855905771,0.016276000067591667
161,0.0006085379835994903,6.372089651637949e-05,1.0283446311950684,0.7093733847141266,9.482961114860122e-05,0.0005312415149349173,0.03203561869138092,0.002191676057244782,0.010511785745620728,0.0005781278014183044,0.00040551001438871026,0.006314000114798546,0.024003000929951668
162,0.001027267300448514,6.853160558281055e-05,0.8042837977409363,0.5940059274435043,0.005075397777229192,0.0008423974090521888,0.010379070491806365,0.0009571934716966941,0.010863317176699638,0.0010906197130680084,0.0010119100334122777,0.005828999914228916,0.007833000272512436
163,0.0006615651428923818,6.022607906920298e-05,0.7655695080757141,0.6697151362895966,0.003061671391977027,0.00106737802105049,0.02057084308600737,0.0016374238359992705,0.010462652891874313,0.000577055849134922,0.0004893100121989846,0.006895000115036964,0.013607999309897423
164,0.0005488115907730192,5.531663676795756e-05,1.1293643712997437,0.6808020770549774,0.003414282453041474,0.0009046649695822907,0.016124412046508163,0.0012270556517689334,0.010613340884447098,0.0007727830670773983,0.0004482099902816117,0.005628999788314104,0.012684999965131283
165,0.0005666152630595383,6.157140561914061e-05,1.1919816732406616,0.6844591200351715,0.004301529292999922,0.0011443876675047448,0.025042645752016375,0.0020075630255280245,0.010707010515034199,0.000819347333163023,0.0003523699997458607,0.011636000126600266,0.012473000213503838
166,0.0006380372703312868,6.242969289408935e-05,0.8701873421669006,0.6800688877701759,0.003330914288297384,0.0010686120013503077,0.019075894627126708,0.0015085452369938985,0.010866370052099228,0.0010201423428952694,0.0005477099912241101,0.007215000223368406,0.012261999770998955
167,0.000446162901579326,6.399495798200115e-05,1.1599953174591064,0.6876891851425171,5.562899918174711e-05,0.00035089565532585266,0.02560716820048474,0.0014754924437218962,0.011702239513397217,0.0012341886758804321,0.0003489099908620119,0.006829999852925539,0.017007000744342804
168,0.0005763744964196651,8.678108933728407e-05,1.2744964361190796,0.6667482852935791,0.0019212151897689232,0.0017999928967215352,0.06812743659073357,0.005585008167448037,0.014906510710716248,0.001763331238180399,0.00039552999078296125,0.00661499984562397,0.05569399893283844
169,0.0009926412448490413,6.947306199442209e-05,1.2837218046188354,0.6218805015087128,0.0008131747906629336,0.00112323482237424,0.02808686429012671,0.0023310531381695553,0.010652164928615093,0.0007324265316128731,0.0007666100282222033,0.0061980001628398895,0.01842300035059452
170,0.0005723922798158849,6.356739500211982e-05,0.7707142233848572,0.6976519376039505,0.0012883772540329811,0.0013610618979198116,0.03195270728232843,0.00237129855604842,0.010423867031931877,0.0005304897204041481,0.0003216699988115579,0.007290999870747328,0.02139199897646904
171,0.0005619077497937272,5.884924510604075e-05,1.1355204582214355,0.6809538453817368,0.004834172224854307,0.0010221166195293389,0.01642981965277656,0.0013484972256625795,0.011107699945569038,0.0012515881098806858,0.0005457099759951234,0.005628999788314104,0.013957999646663666
172,0.0005978405110570351,6.508749698665389e-05,0.7258142828941345,0.6721763759851456,0.003058021205342319,0.001214142171743118,0.024205522997223478,0.0018665178689808472,0.010889672674238682,0.0009986637160182,0.0003618299961090088,0.00698000006377697,0.01634499989449978
173,0.0004796770858123798,5.668207601406352e-05,0.83881676197052,0.69329983741045,0.0013038738251528507,0.001226496470483544,0.020772535259357936,0.0014920799138144428,0.01050218753516674,0.0006326786242425442,0.00033802000689320266,0.007720999885350466,0.011587000451982021
174,0.0010787287518435854,7.179205491702459e-05,1.4460639953613281,0.5304883718490601,0.0011817691642686903,0.0013147747063327205,0.026741162937370354,0.0022092787443936286,0.01096154935657978,0.0010376791469752789,0.0011386099504306912,0.005907000042498112,0.020061999559402466
175,0.0007526488418487097,6.0347774650010625e-05,1.0838358402252197,0.6716218888759613,0.002074366410053668,0.0010276919882890082,0.018091190663232455,0.0014235524689227511,0.01052408292889595,0.0006812377832829952,0.0006144099752418697,0.006829000078141689,0.010575000196695328
176,0.0009950713741370247,6.556877308423596e-05,1.5612685680389404,0.5161042511463165,0.0014872722025973558,0.0014146091759204365,0.035012418948610194,0.0029500638139887264,0.010345935821533203,0.00043600471690297127,0.001101010013371706,0.00938900001347065,0.02100300043821335
177,0.0006378050841721123,5.8300258362609634e-05,1.3416390419006348,0.6241323053836823,0.003737424857193751,0.001021581282554451,0.02061460462509748,0.001625599778822968,0.010613685473799706,0.0007380242459475994,0.0004984100232832134,0.006845000199973583,0.013952000066637993
178,0.00035019493022454666,5.567537245535121e-05,0.745448887348175,0.6900380328297615,0.0010178655826152052,0.0011876858521522227,0.024010608198287077,0.0016344603781380217,0.01041419804096222,0.0005344143137335777,0.00018986000213772058,0.006335000041872263,0.01705300062894821
179,0.0010012392640270371,6.594717117175609e-05,0.6162465810775757,0.5412356108427048,0.003643783161495795,0.0007697734623375559,0.011067484065507359,0.0008862464673441983,0.010653386823832989,0.0008394103497266769,0.0009724100236780941,0.006051999982446432,0.007577999960631132
180,0.0003638384191072242,5.708296251331812e-05,0.9190171957015991,0.711002916097641,0.002775513863570104,0.0011647388691101764,0.022035780757762146,0.0016353019386171706,0.01070137694478035,0.0008580680005252361,0.00018761999672278762,0.005828999914228916,0.017021000385284424
181,0.000671400689498443,6.135447481251218e-05,1.2071434259414673,0.6771436929702759,0.0024983942441544624,0.0011180937005289622,0.02229138949288331,0.001721834773012262,0.01067548431456089,0.0008196914568543434,0.0004967100103385746,0.0061160000041127205,0.0144640002399683
182,0.0009713446489981408,5.8962115468996366e-05,1.541229486465454,0.4810081124305725,0.002821863568496307,0.0010040429499415002,0.022497313045165758,0.0017789331344083299,0.010374603793025017,0.0004705567844212055,0.0009225099929608405,0.007720999885350466,0.015456000342965126
183,0.0006366031314721611,8.379990228491276e-05,1.2449007034301758,0.6782339811325073,0.0026146853502341215,0.0018054343723466037,0.03970733631071405,0.0031213837892842024,0.012268905527889729,0.0016493345610797405,0.0006235099863260984,0.008898000232875347,0.03082899935543537
184,0.0009782017776726799,6.542434239411823e-05,1.6115593910217285,0.4473785161972046,4.6491816847366676e-05,0.00027625797628566637,0.04116533331512588,0.0029676325429078346,0.010350293479859829,0.00040857400745153427,0.0009448099881410599,0.00585100008174777,0.03181600198149681
185,0.0007558458406561696,5.998227591465688e-05,0.7856078743934631,0.6343597173690796,0.004083898356558796,0.0008279463810292075,0.013188807260582693,0.0010605387031589423,0.010483374819159508,0.000634913332760334,0.0007252100040204823,0.006051999982446432,0.009103000164031982
186,0.0008481450557897948,6.946232817351972e-05,1.1136670112609863,0.6724318414926529,0.0029270567382028573,0.0011792143703462758,0.02189410834393105,0.0017940925800355462,0.011053410358726978,0.001137780025601387,0.0007733100210316479,0.006215999834239483,0.014972999691963196
187,0.0018353618681969921,0.00010510381361287428,1.5872787237167358,0.468276709318161,0.0011907587565040793,0.0015721915857405699,0.09402177690211228,0.009274718766385352,0.010528836399316788,0.0005594491958618164,0.001737109967507422,0.01683500036597252,0.053999997675418854
188,0.0010450794389208241,8.166707868641145e-05,1.5899336338043213,0.4478244185447693,0.0007482316480923767,0.0012422476252109567,0.03837566378667224,0.00284206189734236,0.012334650382399559,0.0013139592483639717,0.0009479100117459893,0.00698000006377697,0.027893999591469765
189,0.0004412711494678785,5.6900957533512686e-05,0.9295300245285034,0.7068539410829544,0.003508139439121486,0.0010604842940925827,0.02104230421787019,0.0015820548127342734,0.010575279593467712,0.0007076621986925602,0.0004735100083053112,0.00761700002476573,0.014922000467777252
190,0.0010061470694766777,9.275726274393832e-05,1.202920913696289,0.6685219407081604,0.003198386716364796,0.0016960230768117003,0.049654745478654054,0.004305084350208724,0.013208435848355293,0.001535098534077406,0.001013210043311119,0.00786499958485365,0.04138600081205368
191,0.0007676559935206113,7.813509074520227e-05,1.1521878242492676,0.6779859513044357,0.0007556674359903802,0.0012874995931859664,0.04482296513881086,0.003606547110242324,0.011182144284248352,0.001079621259123087,0.0006973100244067609,0.00661499984562397,0.03545999899506569
192,0.00046841103431671886,5.745296160767285e-05,0.865418553352356,0.7051582410931587,0.0016134794316141057,0.0013011424672835115,0.021720769168190556,0.0015904832797099446,0.010542482137680054,0.00069434754550457,0.00027787001454271376,0.006587000098079443,0.014709999784827232
193,0.0007076518725063392,6.334594866610398e-05,1.118051528930664,0.6918854862451553,0.00022660745871873043,0.0008481901854402133,0.03036863921280537,0.002258130479449739,0.010523253120481968,0.0006246035918593407,0.0006604099762625992,0.006051999982446432,0.022227000445127487
194,0.0007416678533712611,5.5899058220226317e-05,1.3277714252471924,0.5758845210075378,0.004007592704598441,0.0007059845870897882,0.010311268632019997,0.000849755767668871,0.010419707745313644,0.0005542179569602013,0.0008016100036911666,0.005628999788314104,0.00751699972897768
195,0.0007563202699592799,6.0052314739834564e-05,0.9844810366630554,0.6762137860059738,0.003998404699864543,0.0009296342156029037,0.01718250349980481,0.0014122627276384764,0.010375672951340675,0.00048457691445946693,0.0005032100016251206,0.006845000199973583,0.010799000039696693
196,0.0009966606585942955,8.035232462573748e-05,1.069962978363037,0.665913388133049,2.801474938106177e-05,0.00015977921762699648,0.044724977116128,0.0035558961582029674,0.012311573140323162,0.0011639553122222424,0.0008992099901661277,0.006692999973893166,0.035211000591516495
197,0.0007955512166067428,6.696540697108958e-05,1.3404442071914673,0.6286932229995728,0.003195789117685929,0.0012595356913311226,0.028140025628996493,0.0023300951334070674,0.010900299064815044,0.000977452378720045,0.0006541099864989519,0.007191000040620565,0.021570999175310135
198,0.0016117239125050574,0.0001268274197419371,0.907257080078125,0.6865270137786865,0.004759622279739134,0.001569411078784048,0.14418172425418857,0.01748299459953745,0.014815926551818848,0.001555807888507843,0.0016281099524348974,0.02202099934220314,0.11685000360012054
199,0.0006835742581956317,8.30870566386504e-05,0.5565139055252075,0.5941157042980194,0.0027119275547792033,0.0017761019056394146,0.026996105516187252,0.0020635922818992743,0.012966401875019073,0.002128236461430788,0.000434109999332577,0.0065299998968839645,0.020179999992251396
200,0.0008791238728971302,8.739600854504846e-05,0.5436164736747742,0.5622639209032059,7.846779833959244e-05,0.0005744951639599556,0.05294372420097062,0.0038062450630628256,0.013547413982450962,0.0014053215272724628,0.0007076099864207208,0.007348999846726656,0.04860600084066391
201,0.0009901295332499192,6.73561346019597e-05,0.9941996335983276,0.6623507887125015,0.000941796477505952,0.0010729467076992414,0.023368881127876648,0.0018648674415167252,0.010351892560720444,0.00045886822044849396,0.0009086100035347044,0.006314000114798546,0.014745999127626419
202,0.0010473619178349338,7.54444334597422e-05,1.4508912563323975,0.5258699655532837,0.0036205135712953297,0.001270631065134421,0.020311594896253084,0.0017269267629829131,0.013473881408572197,0.0020645405165851116,0.001098009990528226,0.006829000078141689,0.014671999961137772
203,0.0008973836119218542,7.407711053499747e-05,1.2983907461166382,0.6281324625015259,0.0028301419202066817,0.0013445351167927207,0.027084623751904343,0.0022723795386694386,0.011450346559286118,0.0013373526744544506,0.0007231099880300462,0.008511999621987343,0.015536999329924583
204,0.0007489820783304477,7.615326243989905e-05,1.162582516670227,0.6740730404853821,4.9593640238007234e-05,0.0003483435691719737,0.04479412286783432,0.00333224519018753,0.011411258950829506,0.001080287154763937,0.0004763100005220622,0.006314000114798546,0.03207600116729736
205,0.0011362772064713862,8.227934599986959e-05,1.1535826921463013,0.651259109377861,0.0015775348906124068,0.0015830873291405021,0.03198387594288593,0.0027764279331959976,0.01111292652785778,0.001123766414821148,0.001170509960502386,0.0078050000593066216,0.022506000474095345
206,0.000696876183811465,6.253650423406837e-05,0.7117842435836792,0.6565362215042114,0.003673801526147752,0.0011009369705347193,0.02301497348941882,0.00180422957203678,0.010464256629347801,0.0005954941734671593,0.0006708099972456694,0.007234999909996986,0.015918999910354614
207,0.0006834748194201139,6.625850260675887e-05,0.6511396169662476,0.6351551339030266,0.0009446122688562007,0.0012279301841923093,0.02775800333766533,0.0019436923415572863,0.010627292096614838,0.0007404452189803123,0.00048041000263765454,0.006279999855905771,0.0193060003221035
208,0.0010504172081727944,7.52988383187057e-05,1.1721549034118652,0.6336577385663986,0.0033851708549692086,0.0012290272172261068,0.023691616193648683,0.002082849888056449,0.011509410105645657,0.0013465424999594688,0.0009850099449977279,0.007584999781101942,0.015831999480724335
209,0.0012118267703401418,0.00010818673706875241,1.052138328552246,0.7084204703569412,0.005257189958944368,0.0014636134091801562,0.08946960793991386,0.010046368549026616,0.011032383888959885,0.0009861905127763748,0.0011030100286006927,0.023729000240564346,0.06681700050830841
210,0.0008865799490551555,7.952596549252636e-05,1.4456608295440674,0.5767077803611755,5.065438226582372e-05,0.00034126785453294606,0.05567054794239704,0.004444155222488377,0.011180547997355461,0.0009705242700874805,0.0009145099902525544,0.007559000048786402,0.04102399945259094
211,0.0008175713305764113,5.466550920094586e-05,1.6040841341018677,0.43792831897735596,0.0020960233306983635,0.0008122967042375727,0.01513001133641005,0.0010692779603005504,0.010634886100888252,0.0008030333556234837,0.0008198100258596241,0.005903000012040138,0.008491000160574913
212,0.0007329601386716166,6.0871414330047966e-05,1.4479455947875977,0.5717842280864716,0.0013191178697910487,0.0013175138632394977,0.027164169953471744,0.002131783689894912,0.010577457956969738,0.0007042954675853252,0.000739609997253865,0.006845000199973583,0.017967000603675842
213,0.000709072046770276,7.67700676155162e-05,0.828100860118866,0.6801812127232552,0.0005741581504131178,0.0011677270620708818,0.033905458588277475,0.0024367559168135197,0.011430286802351475,0.001250002533197403,0.0004908100236207247,0.006940999999642372,0.023380998522043228
214,0.0010946268821625709,6.972377662246496e-05,1.0548558235168457,0.6365439742803574,0.003476517109082809,0.0010253488173483972,0.019800663131340202,0.001754111674085056,0.010675305500626564,0.000808358658105135,0.0010768099455162883,0.007637999951839447,0.012752000242471695
215,0.000587498455386605,5.71806547162969e-05,0.6004456281661987,0.6073481366038322,0.002709986865442262,0.0009305455944882197,0.016074612711510426,0.0011450229047020467,0.010558920912444592,0.0007249154150485992,0.0005492100026458502,0.006310999859124422,0.010068000294268131
216,0.0007706319651216125,7.404737470605849e-05,1.1149154901504517,0.6738897562026978,0.00011293698246060173,0.0006293776655887758,0.03038680017361763,0.002168314087035073,0.011845954693853855,0.0012526465579867363,0.0005367100238800049,0.00661499984562397,0.02026500180363655
217,0.0004731478302721046,5.5223550953509726e-05,0.8910749554634094,0.6982890367507935,0.0048163949423597405,0.0010204774307859409,0.0194484874884293,0.0015431766054728978,0.010380872525274754,0.0004904945380985737,0.00035228999331593513,0.006845000199973583,0.013984999619424343
218,0.0008611553061999628,8.484775309636883e-05,0.5112448334693909,0.5493634156882763,0.0011805896469734753,0.0014718818899661138,0.03280537131136626,0.002296469292926033,0.011687563732266426,0.001474874559789896,0.0007287099724635482,0.0074800001457333565,0.026153000071644783
219,0.0007534967686513123,6.66243235456281e-05,1.2377861738204956,0.6644936352968216,0.001999192817918645,0.001528637255370061,0.029873066664488128,0.0024540858851626497,0.010683247819542885,0.0007848665118217468,0.000753209984395653,0.008603000082075596,0.02041799947619438
220,0.0009738659119763075,0.00012139471783581958,1.3998911380767822,0.6176779270172119,0.011603242468870028,0.0013144644371777467,0.15882052757147358,0.02195989263494369,0.014529140666127205,0.0019239578396081924,0.001025010016746819,0.0668879970908165,0.035127997398376465
221,0.0025135367768002906,0.00028240965892964193,0.7693030834197998,0.6834368631243706,0.023254387636133682,0.0016929122693859142,0.8860782586739819,0.2225453404478725,0.015617478638887405,0.002117672935128212,0.003161109983921051,0.15097999572753906,0.3829540014266968
222,0.0009956063194907542,7.263848966702088e-05,0.5626078248023987,0.581863559782505,0.0008810202010790265,0.0012584009434854762,0.03335148362606131,0.0024905714842300662,0.010534434579312801,0.0006306520663201809,0.0007916099857538939,0.006845000199973583,0.027309000492095947
223,0.0009469944776437094,6.844414850651684e-05,0.6325286626815796,0.5929654762148857,0.0033865351865739303,0.001055706857402899,0.018444798238939908,0.0014838021931016625,0.011020071804523468,0.0011254409328103065,0.0008661099709570408,0.00661499984562397,0.01167299970984459
224,0.0010155598494402827,7.525235335201165e-05,1.173035740852356,0.6566017866134644,0.001096874250216578,0.001348385061046356,0.029895756045554785,0.002517685750159912,0.010953865945339203,0.0010005645453929901,0.0008428100263699889,0.006835999898612499,0.020083999261260033
225,0.0009580487646238352,7.264742489376694e-05,0.9773144721984863,0.671816036105156,0.0028343182063007835,0.0013150175565975926,0.02458352708045643,0.002066598581868166,0.010908303782343864,0.001027777325361967,0.0007919099880382419,0.007381000090390444,0.017340000718832016
226,0.0011006526796475946,9.075067925449142e-05,1.5158679485321045,0.5114189684391022,5.208634928164709e-05,0.00037253951072069454,0.07603493079284755,0.006260150839346362,0.01369138341397047,0.0012754397466778755,0.0008820099756121635,0.00661499984562397,0.06128400191664696
227,0.0008198280124817767,7.165617473969333e-05,1.6337109804153442,0.4228529930114746,7.494209310884406e-05,0.00048005849147025507,0.03719898841059773,0.002363095151961623,0.011497605592012405,0.0010666577145457268,0.000738409988116473,0.006314000114798546,0.02849400043487549
228,0.0005511327730028793,7.665178529533387e-05,1.011226773262024,0.6985477209091187,0.00010418692149260148,0.0006575696515949067,0.040294505334140626,0.0026954722627238054,0.012977426871657372,0.0014737732708454132,0.00035218000994063914,0.007946000434458256,0.03007800132036209
229,0.0006919413650070404,6.309271496829198e-05,1.3438066244125366,0.6050147414207458,0.004024284207941068,0.0010821484620630196,0.017455820201005674,0.0014173037325139592,0.01149265468120575,0.0015224278904497623,0.0006127100205048919,0.007290999870747328,0.011256000027060509
230,0.0008825498983400542,6.830078795088513e-05,0.5538781881332397,0.5757621377706528,0.00016871169745709232,0.0007412131867890778,0.03153084911264324,0.0021349887271833873,0.010487568564713001,0.0005691698752343655,0.0007457099854946136,0.006829000078141689,0.02373499982059002
231,0.000689191708669551,6.527741637266826e-05,1.2301491498947144,0.6475979834794998,0.004263492570837085,0.0011165225766195492,0.015099616811058104,0.0013281246706179275,0.01260035764425993,0.0023049628362059593,0.0007972100283950567,0.005907000042498112,0.009359000250697136
232,0.001889647413447882,0.00011658850785849966,1.4390813112258911,0.5399814248085022,0.004769025049359372,0.0015072873577914726,0.08277669309491231,0.008747471123781964,0.011727564036846161,0.0010844524949789047,0.0019821100868284702,0.01948699913918972,0.04927600175142288
233,0.0007118099644049626,7.87115990803825e-05,1.1863775253295898,0.6844473481178284,0.0007406059264085755,0.0013279972803227854,0.056911233920309987,0.004276978326140633,0.016274625435471535,0.00163218192756176,0.0007372099789790809,0.00673400005325675,0.04542599990963936
234,0.0012034369868069224,7.301300744461418e-05,0.8851379156112671,0.6508075147867203,0.003073273988581837,0.0011630189064991856,0.025798694438189006,0.002302237342150404,0.01052489597350359,0.0006426051259040833,0.0011845099506899714,0.007495000027120113,0.0192050002515316
235,0.0006093938158578313,7.508435905040985e-05,1.2182025909423828,0.6814479231834412,8.409937467091758e-05,0.0005682561809654766,0.04063722384895658,0.002818022872388099,0.011966140009462833,0.0012824987061321735,0.000503910006955266,0.006314000114798546,0.03091299906373024
236,0.0009217911010480356,6.672098731907804e-05,1.0764323472976685,0.6876622289419174,0.002904496580055626,0.001169780504161949,0.02682314592105598,0.0023200429827972546,0.010423049330711365,0.0005223355256021023,0.0008260100148618221,0.007381000090390444,0.017326999455690384
237,0.0006780111551949497,6.290707162525137e-05,0.9031409621238708,0.6837348341941833,0.0034029389101914538,0.0010797249288244041,0.020437674608924664,0.0016256256520981536,0.010815342888236046,0.0009675081819295883,0.0004609099996741861,0.008469999767839909,0.010924000293016434
238,0.0008391849544737629,6.244854581124646e-05,1.1142469644546509,0.6797663867473602,0.0030875992303155517,0.0010423926668567253,0.02220607419253811,0.0018746936668164321,0.010407568886876106,0.0005224612541496754,0.0007983099785633385,0.006750999949872494,0.015017000027000904
239,0.0009646833328960022,6.798917377894107e-05,0.662134051322937,0.6291489899158478,0.0010482011493665663,0.0011893109754729904,0.025696682695041582,0.001947990823643506,0.010398369282484055,0.0005026892758905888,0.000878610007930547,0.006895000115036964,0.016901999711990356
240,0.0007779123254454875,6.216458835870802e-05,0.902612566947937,0.6644165813922882,0.00434030087541565,0.0009476894694335975,0.015937077016165237,0.001321107923393264,0.010595045052468777,0.0007557938806712627,0.0007611099863424897,0.007234999909996986,0.011485000140964985
241,0.0009394933597708081,8.818901535912512e-05,0.7130559086799622,0.643827885389328,0.000643847560254135,0.001274884251973533,0.04425673839885286,0.0033930495920109632,0.011820198968052864,0.0013095536269247532,0.0006629099952988327,0.007559000048786402,0.03161799907684326
242,0.0006356145169487118,5.9730610599282154e-05,0.8370213508605957,0.6730577051639557,0.0047403179905568926,0.000978205619332693,0.01621875681114082,0.0013321781401422258,0.010855749249458313,0.0010096626356244087,0.0005343100056052208,0.006951000075787306,0.012010999955236912
243,0.0015066872039700455,0.00011463679219633576,1.304739236831665,0.6365382373332977,0.0028549834796658476,0.0019589337364886127,0.08819239023716768,0.009461168167279703,0.011320036835968494,0.0010438109748065472,0.001405009999871254,0.02080800011754036,0.06085199862718582
244,0.0009853247406051602,6.684159249949022e-05,1.0758028030395508,0.6654063016176224,0.004347593396519472,0.001040696817878166,0.022863340320537984,0.0020806287728858484,0.010450754314661026,0.0005611423403024673,0.0009663099772296846,0.006647000089287758,0.01752999983727932
245,0.0008285336764990211,7.615439343679897e-05,1.1076993942260742,0.6913558691740036,7.55140765693667e-05,0.0005174884617908018,0.05249066134466648,0.004300011642569566,0.010640867054462433,0.0006832750514149666,0.0006293099722824991,0.007805999834090471,0.04426199942827225
246,0.0008820335709225487,6.312568901273573e-05,0.9834539890289307,0.6460560858249664,0.0056377124930868236,0.0008763412026592619,0.013954563710483738,0.00126553811563757,0.010440219193696976,0.000564939808100462,0.0007755099795758724,0.006845000199973583,0.009108999744057655
247,0.0007930582826154317,6.45975800801173e-05,1.057668685913086,0.687616229057312,0.0028395760702137106,0.0011727008502505198,0.026373251613332965,0.0022047263654642636,0.010432359762489796,0.0005413745529949665,0.0009239100036211312,0.005921000149101019,0.022533999755978584
248,0.00048145602864777345,6.165582382934161e-05,0.5471007823944092,0.6090186201035976,0.0040972689136983004,0.0011154986088911703,0.021519696950734458,0.001575691148162613,0.010788565501570702,0.0009435014799237251,0.0003260000084992498,0.006895000115036964,0.015368999913334846
249,0.0005477656196817601,5.287736710084137e-05,1.4321353435516357,0.5789685845375061,0.0035127819896370598,0.0009301480779731492,0.01577845827325189,0.0012251104798331313,0.010768619365990162,0.0009153527207672596,0.000435010006185621,0.00661499984562397,0.009649999439716339
250,0.0011325294181081843,7.480239236988193e-05,1.005344271659851,0.6488111764192581,0.003977662872540204,0.0011072569943385336,0.019104274615789736,0.0017421702783588042,0.011032810434699059,0.0011600730940699577,0.0011012100148946047,0.006845000199973583,0.012748999521136284
251,0.0008446513206555151,6.498752257256456e-05,0.5584282875061035,0.5875847935676575,0.00019488705861283201,0.0007338477644332301,0.028743134129033773,0.0019421936495846066,0.010376231744885445,0.00045734597370028496,0.0006591100245714188,0.006647000089287758,0.021761000156402588
252,0.000639582072846703,9.136573772627101e-05,1.4644718170166016,0.5862892866134644,2.4218788379577276e-05,0.00014153765081437931,0.09264205922510534,0.008256230392861566,0.013725937344133854,0.0015148543752729893,0.0005450100288726389,0.006647000089287758,0.07959999889135361
253,0.0007079052107566687,6.554239273436866e-05,1.356661319732666,0.6411418318748474,0.0028615330001227,0.0014078339660246767,0.03635287547235928,0.003105478918877861,0.010442465543746948,0.0005391249433159828,0.000642310013063252,0.008553000167012215,0.028186999261379242
254,0.002056789018834618,0.0001091931288883793,1.3874008655548096,0.5383100211620331,0.0064409007867644264,0.0014501241091041286,0.08312175214557091,0.008715231815404276,0.013734101317822933,0.0011906004510819912,0.002186910016462207,0.018641000613570213,0.055893998593091965
255,0.000725314837468731,5.9595763348692106e-05,0.873948335647583,0.6721546947956085,0.0037314958519455333,0.000860515128420678,0.014909386330870515,0.0011964518118791328,0.010476648807525635,0.0006035221740603447,0.000606209971010685,0.006845000199973583,0.008727000094950199
256,0.0006380926152500872,8.341006361336036e-05,0.7047432661056519,0.6563233062624931,0.00020295354908937747,0.000909456748622622,0.045617755286588936,0.00317634611908078,0.01199908647686243,0.0013680243864655495,0.0004509100108407438,0.005907000042498112,0.04157000035047531
257,0.0005866183013330459,5.727764395788501e-05,0.7887400984764099,0.6626054868102074,0.003481410216282603,0.0008675874606198764,0.013391063844896078,0.0010189208999686426,0.010728448629379272,0.000906557310372591,0.00039281000499613583,0.006335000041872263,0.008251000195741653
258,0.0011075540491890744,7.11592012051566e-05,1.4038337469100952,0.5444020628929138,0.005421933971154785,0.0011182463129692619,0.019885135380129034,0.0018663608324853073,0.011513677425682545,0.0014143087901175022,0.0010494099697098136,0.006940999999642372,0.012501999735832214
259,0.0008089995043610534,7.570398286327963e-05,0.5462170243263245,0.5799023732542992,0.0006989681520887485,0.0012207619036783553,0.027026415205108054,0.0019019262554224644,0.011185231618583202,0.0012253369204699993,0.0007236099918372929,0.00673400005325675,0.019306998699903488
260,0.001265323173158527,7.534833326378282e-05,1.2515294551849365,0.5597504377365112,0.003504205117300275,0.000986879027809477,0.014949201843371606,0.0013815479421275543,0.011573652736842632,0.0015917676500976086,0.001202109968289733,0.00661499984562397,0.008147000335156918
261,0.0007877913002584583,6.432151903301616e-05,1.3828437328338623,0.5961700081825256,0.0022083277020562633,0.0012853481065869285,0.02391811552617965,0.0019027551591808637,0.010884986259043217,0.0010091536678373814,0.0006711099995300174,0.006951000075787306,0.016572000458836555
262,0.0007309835026538215,6.714440776152126e-05,1.3137803077697754,0.6384153962135315,0.00015557654490816502,0.0007342808373024594,0.03457914941933813,0.0025204042520726236,0.010859787464141846,0.0008475207723677158,0.0005643100012093782,0.007584999781101942,0.020380999892950058
263,0.0009109446050944256,6.830448558535203e-05,1.0121794939041138,0.6911071240901947,0.0004168326588284776,0.0010044579659486033,0.031815242699243886,0.002630311734464678,0.01047887746244669,0.0005698264576494694,0.0007983099785633385,0.006750999949872494,0.021671000868082047
264,0.0007885311898856429,6.021513639307291e-05,1.4891799688339233,0.52491894364357,0.003108092016973559,0.001025322016543857,0.017189254018747283,0.0013696719303303937,0.011117864400148392,0.001231018453836441,0.0006573100108653307,0.006246000062674284,0.010415000841021538
265,0.0011159233452629918,7.281840648398405e-05,0.7161474227905273,0.6629165261983871,0.005883925274684068,0.001244593640163477,0.03863261595687905,0.003950118269717695,0.010287980549037457,0.00035947561264038086,0.0011581099824979901,0.018574999645352364,0.01839200034737587
266,0.0012060699571985582,6.378419563714982e-05,1.6324195861816406,0.3942635655403137,0.003684528594553789,0.001000110248317174,0.022466612009538967,0.0017730819670645683,0.010703327134251595,0.0008029197342693806,0.0011778100160881877,0.006829000078141689,0.015769001096487045
267,0.0008107659338622559,6.762581747482566e-05,1.2688477039337158,0.6339427828788757,0.002850316666091115,0.0012085513440775312,0.019890152155199826,0.001634659048575066,0.011460303328931332,0.001437915489077568,0.0008515099762007594,0.006829999852925539,0.012532999739050865
268,0.0010743948820930698,7.114055800885454e-05,0.745996356010437,0.6452051252126694,0.004299385631146015,0.0011318331252287827,0.02609036672709695,0.0023105104875762797,0.010506482794880867,0.0006139255128800869,0.001114309998229146,0.007594000082463026,0.020346999168395996
269,0.0010256016213240993,7.020287504312152e-05,1.3541635274887085,0.613531619310379,0.001288671521164339,0.001395864843743327,0.036999182156352554,0.0032032834137518916,0.010372791439294815,0.00046247150748968124,0.0008507100283168256,0.006738999858498573,0.02410700172185898
270,0.0007394338797227235,6.394692516468217e-05,1.239783525466919,0.6515380144119263,0.00030064009090412453,0.0008039097065619169,0.026149236387402536,0.0019038484213766554,0.010660609230399132,0.0007420019246637821,0.0006030100048519671,0.0061980001628398895,0.017363999038934708
271,0.000962411419228915,7.14593431888447e-05,1.5560271739959717,0.4869605302810669,0.001272688914901009,0.0013862309119271508,0.029553526256155892,0.0023408158329142077,0.011003157123923302,0.0010365531779825687,0.0008182100136764348,0.006314000114798546,0.01927799917757511
272,0.001020959248468389,7.388997893149576e-05,1.347838282585144,0.5716319382190704,0.0036878048486601333,0.0012076154467850818,0.01726340067462059,0.0015690371094091628,0.012666817754507065,0.002161331009119749,0.0010236100060865283,0.00661499984562397,0.009837999939918518
273,0.0009335869283017335,6.67827872549434e-05,0.754156231880188,0.6167773306369781,0.002215186759919049,0.0009700470379819994,0.014750436896042107,0.0011609528605544938,0.010798410512506962,0.001017050351947546,0.000912609975785017,0.006310999859124422,0.007834999822080135
274,0.0008405529502651368,6.227845341294491e-05,0.8798913955688477,0.6596185564994812,0.0023492113402251926,0.0009386216067876223,0.018092079570873422,0.0014473483344303577,0.010318327695131302,0.00040042027831077576,0.0006910099764354527,0.006051999982446432,0.0122060002759099
275,0.0010328570820322825,6.72750329147458e-05,1.2283449172973633,0.5444505214691162,0.005867786997591224,0.0006918076829507814,0.00494487113019088,0.0005918740654961819,0.011676378548145294,0.0020823385566473007,0.0009357099770568311,0.006384999956935644,0.002185000106692314
276,0.0007192327575129389,0.00010494153248310275,0.8740934133529663,0.7113318890333176,0.003399424882145846,0.0016759980113761046,0.08530499925008851,0.008254633235117569,0.011502427980303764,0.0013163210824131966,0.0005144100286997855,0.023107999935746193,0.04278600215911865
277,0.0011398997169366056,6.54322089580615e-05,1.2939245700836182,0.5776301920413971,0.005150294301713083,0.0009196307681607605,0.017971242874684015,0.0016803666189251776,0.010334635153412819,0.000429726205766201,0.0010526099940761924,0.007805999834090471,0.011144999414682388
278,0.0009503150415204907,6.49646826445471e-05,0.5973236560821533,0.5553813725709915,0.00514379255304211,0.0009201163512878334,0.01394856662179596,0.0011590861503215566,0.01064948458224535,0.0008269604295492172,0.0009012100053951144,0.008062000386416912,0.009886999614536762
279,0.0009085518242868208,7.051775789744725e-05,1.476245403289795,0.545725017786026,0.0004606646789583196,0.0010502366033977712,0.030521720276240092,0.0023369429313313695,0.011017016135156155,0.0010022157803177834,0.0008490100153721869,0.006738999858498573,0.02267099916934967
280,0.0008937307159195622,6.888100097816549e-05,0.9961843490600586,0.6860770732164383,6.987122584465509e-05,0.0004530457885415947,0.034952346987294006,0.0027771710061609105,0.010525120422244072,0.0005794777534902096,0.0006650100112892687,0.007325999904423952,0.02624800056219101
281,0.00073058993859752,8.037365444444326e-05,0.9186192750930786,0.6912237256765366,0.0005378526336836535,0.0011999555739565992,0.038901281922568115,0.002840914880716517,0.01303943246603012,0.0015325481072068214,0.0005324099911376834,0.006951000075787306,0.02731800079345703
282,0.00100053375004617,6.436689458210674e-05,1.4727498292922974,0.5285443365573883,0.0024816407539063018,0.0010902919773139006,0.02128928133765665,0.001726927114769251,0.010848534293472767,0.0009551676921546459,0.0009086100035347044,0.00802099984139204,0.010953000746667385
283,0.0007252387885673886,6.792353610515713e-05,0.9540631771087646,0.6885658800601959,0.00013113696670550548,0.0006613209540899249,0.02965825243935219,0.0020960108664824575,0.010786091908812523,0.0008146334439516068,0.0006043100147508085,0.006982999853789806,0.019938999786973
284,0.0007822586295103448,5.830476581569386e-05,1.6179397106170654,0.42930346727371216,0.00022758225447203211,0.0007060631676785833,0.023485279156949576,0.001535608525779053,0.01066028792411089,0.0007381821051239967,0.0007110100123099983,0.0065299998968839645,0.013253999873995781
285,0.0008917747174142658,8.060524334662468e-05,0.8389747738838196,0.669229619204998,7.192979096787321e-05,0.0005163869232535489,0.05411615249616531,0.0041253977541676375,0.01441044919192791,0.0013438048772513866,0.0007315099937841296,0.00673400005325675,0.04260699823498726
286,0.0009812346820716148,6.836728906798028e-05,0.6699221730232239,0.6418434232473373,0.00158706481542126,0.001378932580325431,0.025215099182142153,0.0019888346576172958,0.01044422946870327,0.0005853762850165367,0.0008290099794976413,0.006692999973893166,0.0172870010137558
287,0.002584371518245226,0.00013683503775557718,1.3693691492080688,0.5586775541305542,0.0059027029753135705,0.0015482217074755228,0.1262255218426344,0.01498277571968848,0.013111932203173637,0.0010772626847028732,0.002662210026755929,0.03187600150704384,0.06269299983978271
288,0.0008126691586722605,6.434024604381745e-05,0.875731348991394,0.6694360822439194,0.0020233501364561985,0.0011576724195125612,0.020744301829230802,0.0016103680450159034,0.010576042346656322,0.0007371297106146812,0.0007015099981799722,0.007559000048786402,0.010831999592483044
289,0.0007231364724098247,8.8131426301121e-05,1.0079723596572876,0.7107411772012711,0.003119211193883535,0.0016400152876075414,0.048442886918875376,0.004043284171598497,0.011903422884643078,0.0014423113316297531,0.0004558099899441004,0.00698000006377697,0.036288000643253326
290,0.0007603522298450608,6.062323717717297e-05,0.632807731628418,0.5908665060997009,0.0038589014700656375,0.0008551798215703193,0.013395688682578913,0.0010330977880544275,0.010620464570820332,0.0008113211952149868,0.0006483100005425513,0.006314000114798546,0.009480999782681465
291,0.0006367383952941241,5.99344563395344e-05,0.8670738339424133,0.679293230175972,0.003448905867752744,0.0010134644261627036,0.019892565461844664,0.0015473993175811277,0.010505164973437786,0.0006301677785813808,0.0006566100055351853,0.008255000226199627,0.013338999822735786
292,0.0006289276287492092,5.630301327066116e-05,0.6252354383468628,0.5913749113678932,0.005099609668077576,0.000823135698654916,0.01048804672396975,0.0008791727902489523,0.010739633813500404,0.0009484603069722652,0.000574910023715347,0.006314000114798546,0.006266999989748001
293,0.0005072049764849239,6.245888522627086e-05,0.8625777959823608,0.6966392546892166,0.001771835251531356,0.001485983708949366,0.025277176304289384,0.0019113706174073656,0.01077248528599739,0.0009278864599764347,0.0002786499971989542,0.007559000048786402,0.014495999552309513
294,0.0008034700490923605,6.587685080948355e-05,0.8544467091560364,0.6829371526837349,0.0007977409867869648,0.0010600672867924817,0.019820772242140173,0.0014400802188145375,0.010663662105798721,0.0008237916044890881,0.000754109991248697,0.005903000012040138,0.012942999601364136
295,0.0007692253041019147,7.236412216873417e-05,1.3955646753311157,0.6158511936664581,0.002509739461116851,0.001539476581609044,0.03681513939472721,0.003067543551209296,0.010945126414299011,0.000961583573371172,0.0006895100232213736,0.00698000006377697,0.02826100029051304
296,0.0011575219972954581,7.710217322264511e-05,1.035013198852539,0.6565797179937363,0.0022774060584791083,0.0014107919017942124,0.025896049622610356,0.0022954931281262466,0.011098060756921768,0.0011699078604578972,0.0011722099734470248,0.00661499984562397,0.018410000950098038
297,0.0012977360209357755,8.951842746605118e-05,1.4057888984680176,0.5579718351364136,3.215986412335771e-05,0.00020481295828743914,0.08098544499702044,0.007056501081131636,0.014335617423057556,0.001199367456138134,0.0012502099853008986,0.00673400005325675,0.06954199820756912
298,0.0009653625074710747,9.943200051706685e-05,0.7578257322311401,0.6640608459711075,8.806817029700614e-05,0.000566821738891825,0.08039000045780871,0.007271446456666171,0.012793788686394691,0.0014444882981479168,0.0007888100226409733,0.014659999869763851,0.059248000383377075
299,0.0004969892537495012,5.582159170012719e-05,0.866584062576294,0.6963944956660271,0.003445264933350125,0.0009534746300310871,0.01686249818785179,0.0012795571383827972,0.010601242072880268,0.0007458836771547794,0.00045401000534184277,0.005752999801188707,0.01319000031799078
300,0.0006369145959180824,5.7046597091474024e-05,0.9129265546798706,0.6802306622266769,0.004279358302610515,0.0008721789850769622,0.014761830682697957,0.0011956375043538307,0.010442283004522324,0.0005567511543631554,0.0005785099929198623,0.006314000114798546,0.010351000353693962
301,0.0010906122561423581,6.077380460721676e-05,1.696860671043396,0.3449563980102539,0.002485347800755623,0.0010382152652890447,0.021986509663076786,0.0015626231880909273,0.01083289086818695,0.0009150435216724873,0.0010328099597245455,0.00661499984562397,0.012992000207304955
302,0.0011007046451083848,6.794431145730733e-05,1.2487314939498901,0.640779048204422,0.0028860764864683803,0.0011463260436489382,0.029668829327840738,0.0027524314135822427,0.010361100547015667,0.0004524076357483864,0.0010387100046500564,0.006314000114798546,0.022185001522302628
303,0.0006373248707136593,6.402676757094204e-05,1.2181379795074463,0.669274315237999,0.0023221805679621995,0.001263747150820407,0.021925200567858856,0.0017391228610625729,0.011262333951890469,0.0013478449545800686,0.00043770999764092267,0.00661499984562397,0.013717000372707844
304,0.001264357997510715,6.892103435011683e-05,1.2650632858276367,0.6215778589248657,0.0020806277635482683,0.001359807721372832,0.029775745789355986,0.0027561931474361662,0.010296879336237907,0.0003768978640437126,0.00108561001252383,0.008062000386416912,0.022216999903321266
305,0.0005898585786743189,5.8219416692311874e-05,0.5770165324211121,0.6018749698996544,0.004962046497226514,0.0010011578051015804,0.019031366239056588,0.0015018391290330217,0.010352004319429398,0.00044929981231689453,0.0004509100108407438,0.007290999870747328,0.013825999572873116
306,0.001042118621246581,7.397351188052616e-05,1.4600000381469727,0.5349279344081879,6.593660863292459e-05,0.00041752380398185163,0.03749016820204816,0.002798649809469124,0.011332165449857712,0.000949513167142868,0.0009387099999003112,0.006314000114798546,0.028615999966859818
307,0.0009398431116199333,7.08349381294523e-05,0.8669373989105225,0.6722978055477142,0.0008348706177594867,0.0011505480548684203,0.027623287160923316,0.002202893784065763,0.010647732764482498,0.0007485249079763889,0.0007730100187472999,0.006314000114798546,0.018396999686956406
308,0.0006273916831975938,6.212925180039473e-05,0.8909872770309448,0.6892637610435486,0.003946994380768756,0.0010554598880096826,0.01740784248773869,0.0014084652378169062,0.01108727790415287,0.0012538284063339233,0.0005200100131332874,0.006041999906301498,0.011479999870061874
309,0.001644395497569592,0.00011049764145451069,1.260789394378662,0.6749799847602844,0.007740408916982623,0.001417272578519332,0.09773354236971785,0.01244636820557174,0.010657995007932186,0.0006990521214902401,0.0017140100244432688,0.03379200026392937,0.04401800036430359
310,0.0012259280310025975,6.262131135824107e-05,1.728750467300415,0.3100275993347168,0.00011814214765639852,0.0005609598635255209,0.024986713158770178,0.001514890002508061,0.01078011840581894,0.0007700715214014053,0.0011222099419683218,0.00661499984562397,0.01600399985909462
311,0.0005959906789709095,7.616019384790797e-05,1.062863826751709,0.697892814874649,0.0001244086393227241,0.0006968964835467134,0.05274938985881827,0.004021733440972938,0.010831855237483978,0.0008421912789344788,0.0003503299958538264,0.006314000114798546,0.041798997670412064
312,0.000632948298230897,6.586637096502962e-05,0.9680293798446655,0.7180922329425812,0.0017523077513931823,0.0015032965241252199,0.03410943023417262,0.002726002415777685,0.010384481400251389,0.0004735761322081089,0.0005300099728628993,0.006314000114798546,0.023256998509168625
313,0.0010731593297330455,6.691726213416127e-05,1.3722963333129883,0.563847690820694,0.003938001515230561,0.0010348806517971644,0.01969150813974337,0.001720067317527621,0.010841678828001022,0.000971261877566576,0.001143909990787506,0.008836999535560608,0.010893000289797783
314,0.0005427443345631648,5.449605869377669e-05,0.905811071395874,0.6765868663787842,0.0015559841096082364,0.0006630655839473829,0.006942692637043135,0.0005533636978797816,0.011428756639361382,0.0019150469452142715,0.00040861000888980925,0.001623000018298626,0.005301999859511852
315,0.0006237856248940915,5.84758874321229e-05,0.8670549988746643,0.6810697242617607,0.0005702075241490937,0.0007714302117839995,0.013970833157507434,0.0009092158391077187,0.010597383603453636,0.0008075302466750145,0.00039954998646862805,0.0027020000852644444,0.009077999740839005
316,0.0006158933029495749,5.9183506941423714e-05,0.967649519443512,0.6669946014881134,0.0027493375134495005,0.0008435671087733548,0.008411414998346767,0.0007556681475679727,0.012409282848238945,0.0026779943145811558,0.0005483099957928061,0.0029299999587237835,0.006396000273525715
317,0.0005014462635328335,5.4849395113818904e-05,0.5751691460609436,0.5923032388091087,0.002718292151138156,0.0008238667965855919,0.011775548483250395,0.0008623506004738967,0.01084818970412016,0.001089555211365223,0.000348620000295341,0.00406600022688508,0.00812199991196394
318,0.0006030675269882522,5.679642163734078e-05,1.1147055625915527,0.6599191874265671,0.003066292014904951,0.0007976898613527394,0.00948474171593042,0.000793965071743976,0.011370092630386353,0.001639396883547306,0.0004441099881660193,0.005032000131905079,0.004827000200748444
319,0.0007399483766570168,5.975123124283226e-05,0.7426426410675049,0.6218168810009956,0.004739794950010755,0.0008047661622980983,0.010661535386131439,0.0009093372803259609,0.0106813358142972,0.0008828835561871529,0.000662109989207238,0.005828999914228916,0.0075990003533661366
320,0.0011298789596555173,9.234946750196263e-05,1.3587157726287842,0.5964504480361938,0.0031273590547152446,0.0016180939860157813,0.0434018412300423,0.0037202466049780815,0.013213135302066803,0.0015118857845664024,0.0011763100046664476,0.010770999826490879,0.027653001248836517
321,0.0006937800532931481,6.142209695807243e-05,0.8697476983070374,0.6865524053573608,0.000404088550570583,0.0008121747336071557,0.020422937034946582,0.0013864509227049203,0.010504293255507946,0.0006366805173456669,0.0005309099797159433,0.00661499984562397,0.011668000370264053
322,0.0007290013915430192,6.544113329348732e-05,0.9680233597755432,0.6969257444143295,0.003900094964934223,0.0011316897395907105,0.02559151259975977,0.002112455803240907,0.010693395510315895,0.000809419434517622,0.0005449100281111896,0.007569999899715185,0.017558999359607697
323,0.0012592714358616362,6.948777198355035e-05,1.5219898223876953,0.48718392848968506,4.539790666452498e-05,0.0003016511199838495,0.03990562934910228,0.003082697013106761,0.010509096086025238,0.0005296207964420319,0.0011561099672690034,0.008511999621987343,0.028946001082658768
324,0.0008648089310572589,7.452499050899272e-05,0.5493069887161255,0.5764680355787277,0.002633233134193064,0.0014514476505865998,0.026005126484564475,0.002044519025640082,0.011174403131008148,0.0012206868268549442,0.0006902100285515189,0.009424000047147274,0.01609399914741516
325,0.0012207936604028014,6.695733305874581e-05,1.3569862842559814,0.5757775902748108,0.005773159738352429,0.0010934134614435263,0.025898310127139005,0.002542235372696388,0.010324209928512573,0.0004152199253439903,0.0012708100257441401,0.011377999559044838,0.01536799967288971
326,0.0008839483071596669,9.020557001537984e-05,0.7298617362976074,0.6607061475515366,0.00021243236217039489,0.0009656625740300495,0.058687856831588434,0.00469608901988202,0.011758698150515556,0.0012495266273617744,0.0007406100048683584,0.013810000382363796,0.04155299812555313
327,0.0016422420715286185,9.077508678495181e-05,0.9271574020385742,0.6743199527263641,0.003100494732482471,0.0016012780360392146,0.051907057675401796,0.005500673562762289,0.010657915845513344,0.0006949342787265778,0.0015053099486976862,0.01750200055539608,0.027685999870300293
328,0.0013485752443144104,8.712215444016413e-05,1.1407647132873535,0.6793786883354187,0.007191376064691676,0.0013382366599630482,0.05845449694522835,0.006604550519918442,0.010696831159293652,0.0007379814051091671,0.0015141100157052279,0.02459299936890602,0.03019299916923046
329,0.0018102869126693968,0.00014574449311670107,0.9044119119644165,0.6859328299760818,0.006758965623153347,0.0015108339783709767,0.15258833366678615,0.019656983827809962,0.013783928006887436,0.0015097036957740784,0.001954510109499097,0.025614000856876373,0.11247499287128448
330,0.0008365304908873419,0.00012036245098740692,1.0539703369140625,0.7132091671228409,0.009790699746004716,0.0013473254664450006,0.1209317985914589,0.014743853594609377,0.011466650292277336,0.001335012260824442,0.000614809978287667,0.03788600116968155,0.06155399978160858
331,0.0022286568436856377,0.0001411777669783011,1.5047268867492676,0.515679121017456,0.004122240117533863,0.0016652594410969557,0.12030137422584745,0.013111286246717,0.012010819278657436,0.0010821754112839699,0.0022265100851655006,0.021090000867843628,0.08633799850940704
332,0.0010081900877269695,6.389580927741159e-05,1.564835548400879,0.4643462598323822,0.0025739773167192817,0.0011461488729569104,0.02658608350991919,0.0021357450691128366,0.010660935193300247,0.0007529431022703648,0.0008590099751017988,0.00802099984139204,0.015564000234007835
333,0.002118985602915739,0.00018137397098535286,1.5138131380081177,0.5503973364830017,0.015475359989743058,0.001410670399611346,0.2272705918535975,0.0336513092215342,0.012412500567734241,0.001367401797324419,0.002714910078793764,0.07080300152301788,0.12946000695228577
334,0.004100315618215708,0.0002344525575416266,1.313277244567871,0.6200317144393921,0.014255693893102488,0.0017223031193492845,0.40346893858729804,0.07087024797259203,0.014204737730324268,0.0010810722596943378,0.004706710111349821,0.08022399991750717,0.15051600337028503
335,0.0036575415471580696,0.00023511218907945196,0.728141188621521,0.6514803171157837,0.016838497586503264,0.0017019114168988865,0.4624789406978973,0.08591448354739228,0.01545295212417841,0.001295989379286766,0.004393110051751137,0.10181000083684921,0.29987800121307373
336,0.0019021370299751117,0.000235854105870001,0.8994532823562622,0.7170296758413315,0.017675110470371982,0.0015446283260702742,0.4345075520881223,0.09148244452670326,0.012791255488991737,0.0018599322065711021,0.0018871099455282092,0.11653999984264374,0.1934180110692978
337,0.002179840326286105,0.00018182461770577924,1.10540771484375,0.6981745064258575,0.019942628328315462,0.0015405571645049874,0.8163960743798925,0.1550247217619123,0.01866641826927662,0.0012678597122430801,0.0025210101157426834,0.12991000711917877,0.26215797662734985
338,0.000328236740286789,3.9796428438806523e-05,1.4839372634887695,0.536095529794693,0.002242031589895716,0.0005141229779605412,0.0038871074931532655,0.00038743302405998097,0.01323626283556223,0.003193172160536051,0.0001242199941771105,0.001623000018298626,0.0021329999435693026
339,0.0006029453739969046,5.760161662923921e-05,1.2091195583343506,0.644770935177803,4.004634683147057e-05,0.0002472544712659257,0.015101245760817304,0.0009064660647058508,0.01147475652396679,0.0011883331462740898,0.0003533400013111532,0.001979999942705035,0.010763999074697495
340,0.0004890872797736277,5.37318092840669e-05,0.8915528059005737,0.6897585839033127,0.0028628890267582627,0.0008305966066440753,0.013461923481031604,0.0010054568906210423,0.010665873065590858,0.0008321702480316162,0.00033799000084400177,0.004025000147521496,0.009437000378966331
341,0.000912695097883695,6.495320370019031e-05,1.2962183952331543,0.6138472557067871,0.0013718449259830022,0.001247624614987295,0.022531525365871743,0.0017968542898788784,0.010620206594467163,0.0007949662394821644,0.0007265100139193237,0.005140000022947788,0.01577099971473217
342,0.0012445290413023889,7.869647341685407e-05,0.5783098936080933,0.5360608100891113,0.0035790100074984967,0.0012159603832174487,0.025840055025738884,0.0021251075951282655,0.01120101846754551,0.0011490732431411743,0.0011441099923104048,0.008469999767839909,0.018410000950098038
343,0.0023061756872510496,0.00016939498917772932,1.367838740348816,0.6105896234512329,0.008064582306794185,0.0015121618147957891,0.17748902162129288,0.024437053604327755,0.012192852795124054,0.0012266961857676506,0.002507210010662675,0.03380800038576126,0.12551100552082062
344,0.0011092797482437906,7.858820305947395e-05,0.7736411094665527,0.6457964852452278,0.001883306218471886,0.0015397117837271654,0.024621317462045076,0.002060947066359042,0.011035074479877949,0.0011833161115646362,0.0009819100378081203,0.009158999659121037,0.01575300097465515
345,0.0012868829057398438,7.793262188870022e-05,1.3112884759902954,0.5901296734809875,0.003773580476617226,0.0012677931232836523,0.02918420403254853,0.002708312775285264,0.011082655750215054,0.0010621240362524986,0.001267510000616312,0.010122999548912048,0.017462000250816345
346,0.0009217207636132502,7.455148086525881e-05,0.8898046016693115,0.7027321010828018,0.0028044108861600193,0.001442391721963855,0.03644601400869967,0.0031622568523020436,0.010621834546327591,0.0007273126393556595,0.0008523099822923541,0.011838000267744064,0.023065000772476196
347,0.0014340561061246954,8.157241424224893e-05,1.2881392240524292,0.6200874745845795,0.0038102762088671215,0.001368932635613024,0.04508074693390144,0.004567618886395147,0.010649668984115124,0.0006851134821772575,0.0013285099994391203,0.012741000391542912,0.025906000286340714
348,0.001486154859614454,9.918968544736582e-05,1.255215048789978,0.6625121831893921,0.0029737683349380845,0.001872849411218052,0.08003855003989985,0.00874240897919213,0.010647141374647617,0.0006942837499082088,0.001363310031592846,0.02459299936890602,0.03878900036215782
349,0.0017933535799366602,9.591737894762723e-05,1.6231731176376343,0.44791722297668457,0.004403873437491979,0.0014313590127525842,0.08038296164381335,0.008035582965829222,0.01033642329275608,0.0003989259712398052,0.0018046100158244371,0.0253090001642704,0.04261799901723862
350,0.0037139181223499475,0.0001890871039005777,1.0977224111557007,0.65645432472229,0.018292821752976286,0.0016484007960545638,0.3443849527496061,0.058081141540969855,0.016185356304049492,0.0011958503164350986,0.0044530099257826805,0.08260100334882736,0.16508899629116058
351,0.003843655479915599,0.00024094970676584752,0.888751745223999,0.6870735138654709,0.025859844487613134,0.0017481880873454533,0.5641063424174718,0.11615243932678146,0.01613362319767475,0.0013892562128603458,0.0044471099972724915,0.13242000341415405,0.1798730045557022
352,0.0005919015267887576,5.714556647273735e-05,0.5124538540840149,0.5515081994235516,0.0007730845355743162,0.000939228927627597,0.016212253919956995,0.0010350819474189837,0.010601217858493328,0.0008245902135968208,0.0004677099932450801,0.0021989999804645777,0.012761999852955341
353,0.0004029793421020893,4.7625422729616644e-05,1.164103388786316,0.6585999578237534,0.0037476463550074543,0.0006581024635378529,0.00520315056841055,0.0005342917171888592,0.01261182501912117,0.0028932960703969,0.00018730999727267772,0.0025480000767856836,0.003421999979764223
354,0.002097866367878693,9.741467630631313e-05,1.563439965248108,0.5083169937133789,0.006295324838619753,0.0013743961280829786,0.082328279545401,0.009480510165172158,0.010304082185029984,0.0003681541420519352,0.0024039100389927626,0.02459299936890602,0.04917299747467041
355,0.0005157319532250229,5.536346663852053e-05,0.6946644186973572,0.6307762265205383,0.0030430562778103114,0.0007860663214846403,0.00870741875613587,0.0007216042356996228,0.011489531956613064,0.0018568644300103188,0.00019966000400017947,0.003003000048920512,0.005477000027894974
356,0.0005999835631037778,5.3794816690664444e-05,1.565729022026062,0.48033758997917175,0.004246400983944018,0.0009736594848585548,0.013647554168406763,0.0011292322958431408,0.011634020134806633,0.0016886955127120018,0.0005436100182123482,0.0048859999515116215,0.009376000612974167
357,0.0009177546487113774,6.533687669209223e-05,0.7125332355499268,0.61455487459898,0.0035313284104207094,0.0008600183278019502,0.014109924461078189,0.0011213306749165274,0.010531069710850716,0.0006913691759109497,0.0009790100157260895,0.006279999855905771,0.010015999898314476
358,0.0009385850261836839,8.110295180998955e-05,1.3354781866073608,0.6022906005382538,0.0005473237515675762,0.0011927290166328375,0.040757076796789526,0.0031173095760182803,0.014114721678197384,0.0015127132646739483,0.0008685099892318249,0.006845000199973583,0.03303400054574013
359,0.0013005738779046465,7.705245375676576e-05,1.2958394289016724,0.6214083731174469,0.0032612142806451947,0.0013782513723547152,0.03843209222550632,0.0036804276265834206,0.010545656085014343,0.0006238119676709175,0.001295309979468584,0.008255000226199627,0.02780500054359436
360,0.000906811269319667,6.632780185642368e-05,1.3996340036392212,0.6043152809143066,4.09063431364856e-05,0.00026210250053593215,0.03930337549977455,0.003070812141374085,0.010439813137054443,0.0005029458552598953,0.0007245099986903369,0.009336000308394432,0.026305999606847763
361,0.0007178856293512798,6.095195712927661e-05,1.2109100818634033,0.653810665011406,0.005319468299138643,0.0010243448819413328,0.01941138363462564,0.001677576389352297,0.010752442292869091,0.0008833636529743671,0.0005615099798887968,0.010122999548912048,0.00919399969279766
362,0.0013031818307925836,9.019572694661992e-05,1.4814221858978271,0.5301238298416138,0.002481545389921014,0.0018094058214994675,0.04992477281379499,0.0044605933016653755,0.011275616474449635,0.0010333163663744926,0.0013110099826008081,0.01184799987822771,0.03415600210428238
363,0.001337255109078819,7.60811113295224e-05,1.469768762588501,0.5487218499183655,0.003142138214253184,0.0013998456509497449,0.047894978622248584,0.0045910499128848335,0.01036059856414795,0.0004336773417890072,0.0012979099992662668,0.01321799959987402,0.02880699932575226
364,0.0006165022063022241,8.018652940663864e-05,0.8668525218963623,0.7069718390703201,0.004905293600107319,0.0013033564390482419,0.044251709407858525,0.003685235758470507,0.011320888996124268,0.0012239315547049046,0.0004315100086387247,0.014510000124573708,0.025852998718619347
365,0.0021942768821335123,9.219645792301711e-05,1.6237514019012451,0.3652105927467346,0.00495008325155069,0.0012686065928930739,0.04000765064797676,0.0034616940025895895,0.011236732825636864,0.0009357207454741001,0.00225471006706357,0.018185999244451523,0.018410999327898026
366,0.001750580886278377,7.537457079010042e-05,1.1742212772369385,0.6338676363229752,0.004786362093656646,0.0011909625874181665,0.037981038592474155,0.0044415514874675925,0.010224897414445877,0.0002827979624271393,0.001914010033942759,0.01760300062596798,0.01811699941754341
367,0.0018407451615816135,9.377420568011392e-05,1.7704235315322876,0.28334563970565796,0.005514027229299777,0.0013254171071343623,0.07450961009521588,0.006051339146962792,0.010458051227033138,0.0005025975406169891,0.0019221099792048335,0.023405000567436218,0.03507100045681
368,0.0023065745250204096,0.00018298540419106786,1.2642805576324463,0.6640463620424271,0.011902728285184464,0.0015576990787319655,0.4147751726052785,0.07191799975123594,0.01618112623691559,0.0016569709405303001,0.0028048099484294653,0.07982999831438065,0.19668300449848175
369,0.004838924967909675,0.00026752660328395635,1.450779914855957,0.557454913854599,0.018069259908677533,0.0017650272171978558,0.5813763884557287,0.09974819775631455,0.015208201482892036,0.0010268036276102066,0.005739610176533461,0.10181000083684921,0.2739189863204956
370,0.004529156249276367,0.0001861349083738923,1.2836791276931763,0.5837193727493286,0.019922576049709664,0.0017484642405873677,0.7564349268525559,0.11604345576433994,0.019334128126502037,0.0006703538820147514,0.005098110064864159,0.12991000711917877,0.2720400094985962
371,0.0004545144681946373,5.107600415131975e-05,0.808827817440033,0.6523654758930206,0.00224281453343818,0.0005973872525583453,0.005080750268896708,0.00046548501036462525,0.012407624162733555,0.0028455136343836784,0.0003306900034658611,0.0025160000659525394,0.0030499999411404133
372,0.0006045243427701243,5.655705951414084e-05,0.8195688724517822,0.652302548289299,0.004575582659199555,0.0007069573474739544,0.005708912826257598,0.0005994651127822818,0.011663572862744331,0.0022051502019166946,0.000397080002585426,0.004025000147521496,0.003734000027179718
373,0.0006722423273732806,5.789041450279792e-05,0.5716273188591003,0.5697899758815765,0.0024224905131478218,0.000753034659254186,0.010569014655677599,0.000769197566574161,0.010826349258422852,0.0010870262049138546,0.00044790998799726367,0.004689000081270933,0.005722000263631344
374,0.000755909744663179,5.463521717506708e-05,1.5680257081985474,0.47702115774154663,0.00270596555299379,0.0009151753221190084,0.01865433828225364,0.0013873149987089026,0.01045188494026661,0.0005691889673471451,0.0006758099771104753,0.005828999914228916,0.012845000252127647
375,0.0009024058404291331,6.447386901478836e-05,1.056807279586792,0.6508703827857971,0.003287364408876999,0.0009059773883582898,0.01746178177006198,0.0014532283135006187,0.010456878691911697,0.0005779201164841652,0.0007378099835477769,0.007584999781101942,0.009576000273227692
376,0.003238666293706897,0.00018354040793686272,1.6953173875808716,0.36474519968032837,0.01730442896142125,0.0014500574923612623,0.34452346714298193,0.04436791834890688,0.015120110474526882,0.0012039938010275364,0.003961110021919012,0.07462800294160843,0.11591999232769012
377,0.0008725688664106057,7.259688276207993e-05,0.5778207182884216,0.5960937738418579,0.0019557621295866337,0.0016250117230300596,0.0278237898543697,0.0021439547357393427,0.01080210879445076,0.0009513623081147671,0.0008572100196033716,0.008578999899327755,0.017249999567866325
378,0.0009423633091143477,7.672829622047282e-05,0.6797126531600952,0.6650404334068298,0.002302210058532299,0.0017858798169280974,0.040146722219892184,0.0033507659526505126,0.010581789538264275,0.0006854184903204441,0.0008270100224763155,0.00953499972820282,0.02941500023007393
379,0.0007617142291574333,6.143909165692781e-05,0.9554135799407959,0.6803005635738373,0.0037184451168157167,0.0009561807241820304,0.01806308598439402,0.0014535542380721515,0.010520799085497856,0.0006485721096396446,0.0007648100145161152,0.01001800037920475,0.010003999806940556
380,0.0018906176098009066,0.00013035929060660728,1.3630352020263672,0.592973381280899,0.0037687297990019616,0.0017190400930062093,0.11262420767316887,0.012453040631770919,0.012986582703888416,0.0012430278584361076,0.0017239099834114313,0.019005000591278076,0.0876610055565834
381,0.0015785129456485074,9.595737841089434e-05,1.263833999633789,0.6199401915073395,0.005845448090008298,0.0013758491911727783,0.05110737519713533,0.005407617963874369,0.011476326733827591,0.0010969247668981552,0.0017793100560083985,0.022938000038266182,0.02708600088953972
382,0.0016686431577840118,0.000115313689387944,1.1274759769439697,0.6793058067560196,0.0009234422816410541,0.0014937780914718718,0.10565803643676348,0.012565121568394975,0.010871544480323792,0.0008203070610761642,0.0015061099547892809,0.02556299977004528,0.06053300201892853
383,0.0026506374773730746,0.0001058861850426879,1.8506600856781006,0.19377249479293823,0.011134410230999111,0.001264291759443919,0.08239347870464446,0.006149605563625905,0.010495554655790329,0.0005091065540909767,0.002621409948915243,0.03893499821424484,0.02054399996995926
384,0.0034215777849376148,0.0002598467415207827,0.7035672664642334,0.6484819650650024,0.019253271399779982,0.0016413938836700708,0.33349114948846853,0.06094905749278154,0.012837379239499569,0.0012926841154694557,0.004476409871131182,0.10181000083684921,0.14739499986171722
385,0.0057543518615340095,0.00032670910160943756,1.147669792175293,0.6675375401973724,0.025148162502371226,0.001954332063010473,0.3584733625456493,0.0767117158287079,0.011698144488036633,0.0008577289991080761,0.006027610041201115,0.11650999635457993,0.11288000643253326
386,0.004841268540468051,0.00026941706413582305,0.781036376953125,0.6462389379739761,0.024962041277473423,0.001870991460524149,0.5779612163856649,0.11670949505838327,0.015667244791984558,0.0011559952981770039,0.006178210023790598,0.13242000341415405,0.23351499438285828
387,0.001542580791277324,0.0001239100045224849,1.5629911422729492,0.5007113814353943,0.00696958441309685,0.001398927268339231,0.12156961432306823,0.013415123074653396,0.01137233804911375,0.0010882774367928505,0.001509409979917109,0.0332150012254715,0.061110999435186386
388,0.0004959734309459662,5.8323696712226205e-05,0.7756821513175964,0.6645291820168495,0.0025213950275704542,0.0010306059908205588,0.010130933098987584,0.000868715044580289,0.01403592899441719,0.0032410738058388233,0.00028233000193722546,0.001979999942705035,0.007765999995172024
389,0.0004717167081260673,5.842215886364628e-05,1.0133373737335205,0.7039576470851898,0.0003672664204394131,0.0008903947742663161,0.024031733963273277,0.0015735042275355337,0.010609705001115799,0.0007162042893469334,0.00021244000527076423,0.004025000147521496,0.01709499955177307
390,0.0007643431599892254,6.369063332313963e-05,0.8454545736312866,0.6370452344417572,0.003953417714578429,0.00081298601278655,0.006887438856702214,0.0006823033526004467,0.014099792577326298,0.003359474241733551,0.0006789100007154047,0.004511999897658825,0.004587000235915184
391,0.0009238474239238443,6.890113701248627e-05,1.0692238807678223,0.6386977434158325,0.004003471866340076,0.000993227752800469,0.012371999389701856,0.0011545146959723524,0.011981180869042873,0.002084774896502495,0.0007839099853299558,0.0052720000967383385,0.007705999538302422
392,0.0006965101600615509,5.9289301721499044e-05,1.3372201919555664,0.6158884763717651,0.004229103945958072,0.0010364587516630934,0.019432846912202716,0.0016153812378696935,0.010701710358262062,0.0008506472222507,0.0006660100189037621,0.00585100008174777,0.014330999925732613
393,0.000950131941386518,6.893064609782453e-05,1.4152169227600098,0.5633578300476074,0.002886600969054448,0.0012419843557130766,0.025253305883822914,0.002112127404905583,0.011068056337535381,0.0011020917445421219,0.0008938100072555244,0.006314000114798546,0.019694998860359192
394,0.0009235340442371174,6.11486959294907e-05,1.5648597478866577,0.4688759744167328,0.00383456333789377,0.00101627706260739,0.020488389465702354,0.0016475586785229743,0.010895348154008389,0.000992453657090664,0.0010061099892482162,0.007290999870747328,0.014414999634027481
395,0.0010263287556273326,6.810844075371612e-05,1.2190028429031372,0.6612675189971924,0.002476002873755155,0.0012552068003045384,0.029530334658353297,0.0026785846854877407,0.010343078523874283,0.0004295790567994118,0.0009680099901743233,0.008834999985992908,0.01790500059723854
396,0.0008024707240353537,8.05969307497783e-05,1.458663821220398,0.5901272296905518,0.0030253232152531637,0.0016024339085453792,0.05482805298885159,0.004838155298576573,0.01077408529818058,0.0008124997839331627,0.0004913100274279714,0.012090999633073807,0.03441900014877319
397,0.0010062321355389908,9.481110576050754e-05,1.0969444513320923,0.686903566122055,0.003766680023449006,0.0015313927292825336,0.052045404026895926,0.004700289327925832,0.012202177196741104,0.0014174748212099075,0.0009465100010856986,0.012792999856173992,0.039034001529216766
398,0.0031747773695718256,0.00017173126914867432,1.5488489866256714,0.48288488388061523,0.01089552432467785,0.001502660913603876,0.2354090700114987,0.03039964329006327,0.014059936627745628,0.001106139738112688,0.0037065099459141493,0.05044100061058998,0.12224000692367554
399,0.0016024883604131904,7.061162276719105e-05,1.3803019523620605,0.5181463360786438,0.008207358526894913,0.001043674533973177,0.023325872954152102,0.0025519764999011475,0.01037447527050972,0.00046740565448999405,0.0018097100546583533,0.014798999764025211,0.01333799958229065
400,0.001672667631268407,9.800866632042116e-05,1.5557491779327393,0.5008251070976257,0.005057627371163857,0.0014090498792495242,0.08098111032991744,0.008393739747028083,0.010547495447099209,0.0005901926197111607,0.001793610048480332,0.023615999147295952,0.04039499908685684
401,0.0013223523426568833,0.0001289657744483598,1.484148383140564,0.5592135190963745,0.004272170855640785,0.0015410446318708036,0.12030948126940323,0.01317669887132527,0.011800569482147694,0.0013070194981992245,0.0013159100199118257,0.028139999136328697,0.08504100143909454
402,0.0063601487609068605,0.0002069447472808684,1.4847136735916138,0.4600744843482971,0.023246301672309268,0.0017956490619433132,0.8094984369272512,0.10807431951025243,0.01929594576358795,0.000632183626294136,0.007624010089784861,0.12991000711917877,0.23068401217460632
403,0.0005666588131215978,5.763584225702373e-05,1.058664321899414,0.6713060289621353,4.615638393250981e-05,0.00028264405415713193,0.014071757149339887,0.0008311294664116869,0.011125427670776844,0.001087601762264967,0.000362110004061833,0.0019470000406727195,0.010799000039696693
404,0.0007480078154649662,6.134969484584697e-05,1.1484649181365967,0.6123583167791367,0.0021210723885553367,0.0006740885429485408,0.0073768475369274476,0.0006342320753083869,0.011718811467289925,0.002070232294499874,0.0006447099731303751,0.003092000028118491,0.004935999866575003
405,0.0006142684525720138,5.968098553260084e-05,0.8534159660339355,0.6709315553307533,0.002882344481122722,0.0009023203477586423,0.011699205285267347,0.0009342946279361454,0.011378699913620949,0.0016276775859296322,0.0005845099803991616,0.00406600022688508,0.009171999990940094
406,0.0007352924132033872,6.552793534292037e-05,1.180540680885315,0.6568260341882706,0.0011824765314073782,0.0012777653593905834,0.018914585034351877,0.0015032486395149206,0.010986595414578915,0.0012640687637031078,0.0006273100152611732,0.0050119999796152115,0.012130999937653542
407,0.000943157757215858,6.676611348258455e-05,0.7925316095352173,0.6042298674583435,0.005267011819081419,0.0007964989519257089,0.008780608203384914,0.000818334667021893,0.010904435068368912,0.0012165568768978119,0.0009181100176647305,0.006051999982446432,0.0071229999884963036
408,0.0010114986450011755,7.94007701292106e-05,0.4906441569328308,0.5133248753845692,0.00023383311821988754,0.0009531057751792119,0.02857715067774471,0.0018932216079750874,0.012082266621291637,0.0014045056886970997,0.0009609099943190813,0.006982999853789806,0.02014699950814247
409,0.0019313077292412765,0.00014830319277360688,1.4481483697891235,0.5675778687000275,0.006066403978779401,0.0015145407411325273,0.16029828463909526,0.019866461615681508,0.012823255732655525,0.0013255421072244644,0.0019353099633008242,0.02978700026869774,0.07534600049257278
410,0.0006152282568095193,6.50631995267955e-05,0.9185236096382141,0.7003398686647415,0.003420082925415393,0.001175794996240986,0.02382869339759573,0.0018490970559567662,0.010989402420818806,0.0010713967494666576,0.0005537099787034094,0.007805999834090471,0.01640399917960167
411,0.0009777454237020545,8.123600324533742e-05,0.9145132303237915,0.6755086928606033,0.000882496604793117,0.001290834884105409,0.03489370940418659,0.0028325977548186755,0.011178485117852688,0.0010894294828176498,0.0008802100201137364,0.009332000277936459,0.02015800029039383
412,0.001115225790836396,6.459331025086899e-05,1.727349042892456,0.32378089427948,0.003986805402935095,0.0011286140682193798,0.02895870371807276,0.002154044946134994,0.010702958330512047,0.000758088193833828,0.001153309945948422,0.010862000286579132,0.01733499951660633
413,0.0009294146313176026,6.499592688652205e-05,1.0296645164489746,0.6636686623096466,0.00582094730253257,0.0010484203082505627,0.02213712132383751,0.0020931049726878783,0.01040416955947876,0.0005094255320727825,0.0010127100395038724,0.013810000382363796,0.009719000197947025
414,0.001096778510795828,7.818601208946512e-05,1.289581060409546,0.6614847183227539,0.004797252781133013,0.0013269947083452314,0.054652478652760524,0.005664233607359875,0.010409487411379814,0.0004908815026283264,0.000885410001501441,0.017155999317765236,0.029120000079274178
415,0.00045795758082760486,5.167334522468203e-05,1.0153493881225586,0.6822731047868729,0.002068110274976517,0.0006479917059266848,0.005273400076187951,0.00048570789250323683,0.013137798756361008,0.003225838765501976,0.00031586000113748014,0.001979999942705035,0.0033289999701082706
416,0.00036836953244160075,4.8187930251152034e-05,0.8095359802246094,0.6682786270976067,0.0021098781462498906,0.000647129473367725,0.008889348723262662,0.0006263469975814409,0.01056497823446989,0.0007607005536556244,0.000178980000782758,0.0030849999748170376,0.0058559998869895935
417,0.0007159586860549068,6.0199694013389927e-05,1.1368529796600342,0.6512202322483063,0.0035386348832456647,0.0008423602297538762,0.01140357254707271,0.0009423726872141922,0.011082179844379425,0.0013142656534910202,0.0006942100008018315,0.0042860000394284725,0.009084999561309814
418,0.0008502802505242258,6.304850139212677e-05,1.2867653369903564,0.6110576093196869,0.002743165260315701,0.000991550228307388,0.0174500378909208,0.0014035623917477771,0.010848169215023518,0.0010024728253483772,0.0006741100223734975,0.00558699993416667,0.012219000607728958
419,0.0008110196768699486,7.276470148242923e-05,0.6656373143196106,0.6502106562256813,0.0018704822132230281,0.0016419339091392894,0.03211029156027186,0.0025157814509775417,0.010787803679704666,0.0008955881930887699,0.0007647100137546659,0.005628999788314104,0.025547999888658524
420,0.0014644568971941014,0.00011056578138898343,1.0770666599273682,0.7064615190029144,0.00480967304696726,0.0015035523647521803,0.09853601716761376,0.011712232843629447,0.010792920365929604,0.0008144569583237171,0.0011455100029706955,0.028960999101400375,0.050916001200675964
421,0.0008475213626221305,6.473548707242743e-05,1.1120519638061523,0.6850837469100952,0.0015914087797693139,0.0013863291721805937,0.02823687500217385,0.0023516209476552724,0.010390492156147957,0.0004893634468317032,0.0007672099745832384,0.007586000021547079,0.019246000796556473
422,0.0004769446581269571,6.998491087049452e-05,0.8402880430221558,0.7042368650436401,0.0034886900140524233,0.001371994786527741,0.041153007457464356,0.0033105237812961763,0.010598051361739635,0.0007114093750715256,0.00038358999881893396,0.008363000117242336,0.03381899744272232
423,0.0010315560313231594,6.576230146256013e-05,1.3264853954315186,0.6086911261081696,0.00213735499907465,0.0011744805293474408,0.0243045369452553,0.0020452257570895745,0.010489131323993206,0.0006028162315487862,0.0010455100564286113,0.00901500042527914,0.013096999377012253
424,0.0008739385061964133,7.146896738443562e-05,1.3285133838653564,0.6438795626163483,0.0030767312417247666,0.001367648664268764,0.03769156027578241,0.0032738131131003385,0.010669127106666565,0.0007499950006604195,0.0007746099727228284,0.012524000369012356,0.022346001118421555
425,0.0007932503050851535,7.135076774841375e-05,1.0291558504104614,0.7172479778528214,0.00494180183578325,0.0012715847626043224,0.044132057095442906,0.004198144560276649,0.010318631306290627,0.000403521116822958,0.0006985099753364921,0.01697699911892414,0.02591400034725666
426,0.0016873151912809427,0.00010260681794251405,1.6638809442520142,0.39833903312683105,0.004360634959241463,0.0014320795906969301,0.08293871825692063,0.007629340467560343,0.010842625051736832,0.0007716440595686436,0.001634810003452003,0.020239999517798424,0.04769600182771683
427,0.002510290639401944,0.0001423703493041925,1.578390121459961,0.45748889446258545,0.007529823588074816,0.0014579057436545396,0.1278313099750594,0.014213225289732116,0.011802731081843376,0.0010055038146674633,0.0026984100695699453,0.02793099917471409,0.0799970030784607
428,0.0004125491100584852,5.95607292359493e-05,0.9750124216079712,0.7162334471940994,0.0005210717010356271,0.000989257457871377,0.027674735446006824,0.0018433095987208641,0.010572122409939766,0.000692389439791441,0.0003433699894230813,0.004031000193208456,0.022314999252557755
429,0.0005824098995570023,7.134509143494631e-05,1.3014097213745117,0.6462283134460449,3.7243349843578215e-05,0.00024320528523710355,0.0557224510589908,0.0038982355492620593,0.01562410593032837,0.0014190422371029854,0.00047830998664721847,0.0048859999515116215,0.04859699681401253
430,0.000753823212313278,7.011074876025157e-05,1.494292140007019,0.5386219024658203,0.00015300327520149202,0.0007282067106100381,0.030913229064370034,0.002093304404768707,0.011804771609604359,0.00127004599198699,0.0005386099801398814,0.005166000220924616,0.02358200028538704
431,0.0019972314238723018,0.00011319202040578668,0.8729273080825806,0.6365426778793335,0.004363551701202767,0.0015637262511149714,0.06985912499401756,0.007658494628757971,0.012503370642662048,0.0011778464540839195,0.002210410078987479,0.018007000908255577,0.050912000238895416
432,0.0008789863367850085,6.092563125390806e-05,1.246779203414917,0.6224125921726227,0.0037256110220385565,0.0009064149214846407,0.018598236438008803,0.001598995790983734,0.010316265746951103,0.00040647760033607483,0.000738109985832125,0.005752999801188707,0.012415999546647072
433,0.0011882407490972787,7.057506619711259e-05,1.3925626277923584,0.5713593363761902,0.00037089160844317744,0.000956079422634434,0.03353023828512783,0.0028573336728182942,0.010577297769486904,0.000650887843221426,0.0009730100282467902,0.007511999923735857,0.023579001426696777
434,0.0009574330765973763,8.207434770449878e-05,1.279768943786621,0.6616900414228439,0.003589803185904059,0.001443574008096617,0.0489778883899247,0.004506930116425636,0.010925150476396084,0.0009116283617913723,0.0008002099930308759,0.011525999754667282,0.03222399950027466
435,0.0005513854688124773,8.32316954598521e-05,0.9194390773773193,0.7026310563087463,0.0008587839227011353,0.0013632991177801774,0.04330036299041745,0.0031710626154383935,0.01217465940862894,0.0015431898646056652,0.000431010004831478,0.012741000391542912,0.027679000049829483
436,0.000839185415168862,7.97518149089013e-05,1.1864533424377441,0.7041372358798981,0.0013301902644757824,0.0015119250354184077,0.059554995831982545,0.0055785641316682955,0.010372864082455635,0.0004474399611353874,0.0007019100012257695,0.016800999641418457,0.035144999623298645
437,0.0024250372729656615,0.00010727127503080925,1.4485290050506592,0.5615061223506927,0.0075156417809037375,0.0014310132532075514,0.08943633739942962,0.011351915087802318,0.010420024394989014,0.0004642317071557045,0.0027017099782824516,0.02556299977004528,0.0595409981906414
438,0.0010441326452171962,0.00013068166643656317,1.2132865190505981,0.6907898336648941,0.009116394943397105,0.0013774723197047048,0.15543632505819643,0.02021691795852852,0.01432724203914404,0.0019294675439596176,0.0009183100191876292,0.03657900169491768,0.08777600526809692
439,0.0002844692201191194,4.538210050772887e-05,1.0759364366531372,0.6900944858789444,0.0023553969785586625,0.0006770203846817832,0.006678679154855344,0.0005627663248874695,0.011835495010018349,0.0022015655413269997,0.0001085499970940873,0.0027020000852644444,0.0037759998813271523
440,0.00042544208313458537,5.338154633125622e-05,0.7167243957519531,0.6692600101232529,0.002625225202823738,0.0008926508691443536,0.013646059552056737,0.000990933613138862,0.010745524428784847,0.0009697237983345985,0.00024163999478332698,0.0030610000248998404,0.010706000030040741
441,0.0008028911089147567,6.27478333486094e-05,1.429309368133545,0.569963276386261,0.00013120170299202793,0.000599800482187284,0.02707929377882866,0.0019322633689124926,0.010605519637465477,0.000660452526062727,0.0006067099748179317,0.004025000147521496,0.019298000261187553
442,0.001307251755929961,9.34573485854832e-05,1.5089304447174072,0.5630114078521729,0.008131435421477522,0.001327855705399691,0.07789452087268568,0.008645258840740605,0.010439629666507244,0.0005171592347323895,0.0013963100500404835,0.03142800182104111,0.034226998686790466
443,0.0016574637410526989,7.818761114450118e-05,0.6733264923095703,0.5551144704222679,5.789504954191894e-05,0.0003809799681772231,0.039089304506042456,0.0034900552065795926,0.010549793019890785,0.0005662715993821621,0.0016115099424496293,0.01131800003349781,0.02705099992454052
444,0.0006977968733684907,5.641050072402752e-05,1.383544921875,0.5877306759357452,0.0035079410775330474,0.0008972000438349779,0.01566289446381715,0.0012338498079008898,0.010681819170713425,0.0008433051407337189,0.000587610004004091,0.004689000081270933,0.011572999879717827
445,0.0006679430820435352,6.17899748016241e-05,0.954750657081604,0.6962778121232986,0.0010553534215848885,0.001125065943264494,0.01909916771708204,0.0013836242684496357,0.010660501196980476,0.0008482108823955059,0.0004577100044116378,0.005140000022947788,0.012374999932944775
446,0.0010913453397292873,7.691710396742042e-05,1.3104958534240723,0.5998381078243256,0.0007993621453981347,0.0011858267460717882,0.022873182810738687,0.0019220727300601516,0.011372139677405357,0.0013975342735648155,0.001003109966404736,0.0061980001628398895,0.01750599965453148
447,0.0008951468408523862,7.682037127287964e-05,0.5056449174880981,0.5235924310982227,0.0019699514739217852,0.0015640272809896668,0.017969911036159723,0.0014434467014932395,0.012523622252047062,0.002364690415561199,0.0007445099763572216,0.006310999859124422,0.009809000417590141
448,0.000632346062635273,5.9016780571903126e-05,1.3464934825897217,0.6381807327270508,0.002928540276154457,0.0011972422699520811,0.02623677096856049,0.0021388960514420827,0.010424237698316574,0.0005315495654940605,0.0005145099712535739,0.00901500042527914,0.017170999199151993
449,0.0007601902891193305,9.328741163179983e-05,0.9765138626098633,0.7208931744098663,0.0027252730575244243,0.0017819015698192658,0.06760286701148954,0.006113530389242942,0.01116607990115881,0.001100295688956976,0.0004820099857170135,0.01071999967098236,0.0537709966301918
450,0.0011439651396751977,7.860052328451637e-05,0.761766791343689,0.6789351776242256,0.0001314140661801946,0.0007412266888595159,0.05670174506738466,0.005333860855559116,0.01039174385368824,0.0004561045207083225,0.001060210051946342,0.011572999879717827,0.04024899750947952
451,0.0010661356872353883,0.00010107613140634963,0.8095035552978516,0.6803031265735626,0.004006824948658746,0.001563156462838806,0.07326801358464648,0.0067113695108426755,0.014892494305968285,0.0016556037589907646,0.001162210013717413,0.014072000049054623,0.05865300074219704
452,0.0019787395126025574,8.266893720479493e-05,0.5872294306755066,0.5229083895683289,0.005183561070869868,0.0012753078987699194,0.03851333302113269,0.0038060800851988166,0.010481300763785839,0.0005482565611600876,0.0019883099012076855,0.01728699915111065,0.023951999843120575
453,0.0025317297726992643,0.00011422059236424354,1.1641870737075806,0.6709495186805725,0.0029288312856347006,0.0020816527615812675,0.09660649649683074,0.012872840807701291,0.010373248718678951,0.00043312739580869675,0.0025316099636256695,0.01842300035059452,0.061059001833200455
454,0.0008244365659283898,9.192652215600679e-05,1.0940840244293213,0.719550684094429,0.0035372791827473563,0.0015446078965909839,0.07267936005415283,0.007096582963831755,0.010814291425049305,0.000841338187456131,0.0006687099812552333,0.015957999974489212,0.04555699974298477
455,0.0024247124588145427,0.00014811745015256964,1.2532373666763306,0.6304053366184235,0.0020051546110109886,0.0019927979166991104,0.1327633939847495,0.01646266886664772,0.012093733996152878,0.0010572196915745735,0.0022974100429564714,0.023321999236941338,0.07484899461269379
456,0.0005937706109592771,6.412440814534818e-05,0.5689698457717896,0.5834438800811768,4.2000991658972865e-05,0.00028994517258562554,0.01796100505401876,0.0008978749394842073,0.013228736817836761,0.001440168358385563,0.0003517399891279638,0.003082999959588051,0.01248599961400032
457,0.0006932519866659682,5.941580435519069e-05,1.2083745002746582,0.6381918489933014,0.004481662931773656,0.0008984953579359849,0.012031991720909109,0.0010240201159538668,0.011135784909129143,0.0013283751904964447,0.000594109995290637,0.0048859999515116215,0.008845999836921692
458,0.0007091767669783885,6.034400644211853e-05,1.1410247087478638,0.6518182009458542,0.0028100714055971825,0.0009565853908866672,0.017252917286750533,0.0013561651946305178,0.010718438774347305,0.0008606379851698875,0.0005628099897876382,0.0052720000967383385,0.011762000620365143
459,0.0007898114094406685,8.118796263235104e-05,1.0205485820770264,0.6947185695171356,0.00025886867463505874,0.0009896438574245204,0.05347418434021615,0.004106007927201165,0.014736879616975784,0.0014753234572708607,0.0006883100140839815,0.005923999939113855,0.04708999767899513
460,0.0007784087246688129,7.893603483843112e-05,0.8931745886802673,0.6886399537324905,0.0020210876390973657,0.0016992999618225249,0.027548301574089776,0.0022141572735589112,0.011663404293358326,0.0015656407922506332,0.0007351100211963058,0.006310999859124422,0.01774599961936474
461,0.0008379355593043647,6.012658860866704e-05,0.5860626697540283,0.562177911400795,0.004543847368699491,0.0008335640275191462,0.013118470572386824,0.0010268620487562429,0.010382561013102531,0.000512212049216032,0.0008639100124128163,0.007569999899715185,0.008058999665081501
462,0.001105508116407118,7.41196808731558e-05,1.1747980117797852,0.6362322270870209,0.0029718605119398714,0.0012263042606775031,0.023246569670246724,0.002058001519945944,0.011005482636392117,0.0010830545797944069,0.0010784099576994777,0.008218999952077866,0.013737000524997711
463,0.0008443481179743852,6.140952103342827e-05,1.619218111038208,0.44435757398605347,0.004329337488247813,0.001099643211709047,0.028330052622233898,0.0022788206682642313,0.010576659813523293,0.0006558536551892757,0.000829509983304888,0.011090000160038471,0.016176000237464905
464,0.0013647067182695274,9.961243718076718e-05,1.258915662765503,0.6182268261909485,0.00046521790547521036,0.001185393438421532,0.060976962510481715,0.005747908043896459,0.012228427454829216,0.0012046759948134422,0.0012434100499376655,0.011524000205099583,0.043282002210617065
465,0.0011336926594346156,7.099613668197003e-05,1.471492886543274,0.5412929356098175,0.0032010953792972934,0.0012514013355840502,0.03203990138388384,0.0027187725221933644,0.010601687245070934,0.0006951247341930866,0.001177910016849637,0.010741000063717365,0.019558999687433243
466,0.0008723767997136122,7.455583177998052e-05,1.0559895038604736,0.7132567167282104,0.0020670331091566193,0.0017116491640166683,0.04505437287200718,0.0041371656510831335,0.010373322293162346,0.0004639020189642906,0.000601209991145879,0.013810000382363796,0.023313000798225403
467,0.002176943877108288,0.00012697955086103077,1.4701075553894043,0.5499686896800995,0.00266060791565249,0.002037293078461575,0.10692222636062325,0.011983598875434022,0.010999739170074463,0.0008248859085142612,0.0019458100432530046,0.026398999616503716,0.05205199867486954
468,0.0016146472942260624,0.0001366763243543774,1.6190110445022583,0.45343518257141113,0.007888273402721548,0.001402515945374634,0.14772539864871115,0.016478622601500487,0.01268418412655592,0.0013794503174722195,0.0017557099927216768,0.033562999218702316,0.08868899941444397
469,0.0014989247114423996,0.00013330942123021365,1.1260037422180176,0.7088717967271805,0.009972780302325816,0.0014093748660614046,0.13925334080279947,0.019354183467792406,0.011075487360358238,0.0010076607577502728,0.0014527100138366222,0.04121199995279312,0.0714770033955574
470,0.0004359062452312679,5.100821188181245e-05,0.9047601222991943,0.6887075155973434,0.0032705050230101874,0.0007107435738727844,0.0066726322431369025,0.0006027432079891968,0.011767887510359287,0.002158236224204302,0.0002526500029489398,0.003082999959588051,0.0044839996844530106
471,0.0005306430665419156,5.4996412108489586e-05,1.0648249387741089,0.6832941621541977,0.0034192775496207756,0.0008513478285452208,0.01206191791069023,0.0009583271023774851,0.010897431522607803,0.0011215470731258392,0.00022539000201504678,0.004025000147521496,0.0074720000848174095
472,0.0005754974221873283,6.546865981484572e-05,1.1201741695404053,0.6897401958703995,0.0030565157017593924,0.0012415740845372802,0.01750553497073228,0.001440354485043916,0.012552594766020775,0.0021759909577667713,0.00044581000111065805,0.004966000095009804,0.011181000620126724
473,0.0007978465380568039,6.111069678838411e-05,0.6274598836898804,0.5912788808345795,0.0022837022442394714,0.0008821319505507809,0.015207021096872381,0.0011169778475035568,0.010531110689043999,0.0007006321102380753,0.0007241099956445396,0.006051999982446432,0.01028400007635355
474,0.0007957818492597947,7.138832022469786e-05,1.2554664611816406,0.644330233335495,0.0001355977411016341,0.0007422361566145026,0.063787546652474,0.004801391620109004,0.017705785110592842,0.0013688486069440842,0.0007261100108735263,0.00673400005325675,0.05102299898862839
475,0.0007863455473056219,5.980525577449361e-05,1.5611852407455444,0.49725303053855896,0.0010458565537050076,0.0012064452135705384,0.029863351429329343,0.002333981166549407,0.010439793579280376,0.000550759956240654,0.000724810000974685,0.007946000434458256,0.018942000344395638
476,0.0011553672698592845,9.632181078058385e-05,1.309023141860962,0.6643165647983551,0.0025947663834705987,0.001905907096393829,0.079983183473414,0.00830938682211823,0.010572968982160091,0.0006450773216784,0.0011094099609181285,0.014437000267207623,0.05329100042581558
477,0.0005607761683539383,5.858303931373908e-05,0.876849889755249,0.7011420950293541,0.0029206025482088616,0.001108754686693569,0.023607660700769247,0.001851077187987259,0.010426840744912624,0.0005294946022331715,0.0003797000099439174,0.0091540003195405,0.01342300046235323
478,0.001301600997775649,7.230370022218993e-05,1.4874664545059204,0.5051176249980927,4.6654324607886324e-05,0.0003279746222275274,0.044418065766310355,0.0036778361401417596,0.010504971258342266,0.0005307672545313835,0.001189709990285337,0.010805999860167503,0.02694600075483322
479,0.0014555681088779253,8.536470095033488e-05,1.1708970069885254,0.624340683221817,0.0003348110815179063,0.0010285206036312008,0.04566106298947782,0.004387802775444462,0.010977606289088726,0.0008541736751794815,0.0013806100469082594,0.011886999942362309,0.027095001190900803
480,0.0011637949917211391,9.021018771686123e-05,1.507377028465271,0.5452190637588501,0.0022080149441804334,0.001841629494077877,0.06232697733169927,0.0057049446632166136,0.010983745567500591,0.0008912533521652222,0.0011278099846094847,0.013337000273168087,0.041060999035835266
481,0.002016870265461861,9.858442127198028e-05,1.5585378408432007,0.4831048250198364,0.008199833007906977,0.0013468415897361476,0.07445130350842329,0.008170255794073544,0.010564164258539677,0.0005867248401045799,0.0022397099528461695,0.029178999364376068,0.03762499988079071
482,0.00046157068087571,5.180326723335413e-05,1.0807783603668213,0.6655595153570175,0.00451730661954561,0.0007602126523643614,0.009092349051911438,0.0007693454518115737,0.010862225666642189,0.0011045746505260468,0.00035409998963586986,0.0042860000394284725,0.006592999678105116
483,0.0008401741884833694,8.252642164936785e-05,0.5887516140937805,0.5834763944149017,0.0007730896284778081,0.0013514833541653632,0.029876346782204424,0.002112372060438834,0.01185342762619257,0.0015514371916651726,0.0005925099831074476,0.004511999897658825,0.02455899864435196
484,0.0007246676813417968,6.452079249433978e-05,1.3114715814590454,0.6512084901332855,0.000132953466463388,0.0006617987020783351,0.03617339794301067,0.002719279295713292,0.010456056334078312,0.0005289539694786072,0.0004127100110054016,0.007720999885350466,0.02353600040078163
485,0.0008938818456478989,8.623019503670035e-05,1.0852115154266357,0.701909676194191,0.0016945604795388259,0.0016972032359712558,0.051094610911374065,0.004539256562132485,0.011115403845906258,0.0010226392187178135,0.000822409987449646,0.009309000335633755,0.03987300023436546
486,0.000985266322690128,8.512372711355664e-05,1.0812339782714844,0.6644192487001419,0.0005035588221601094,0.0012136976618541168,0.04511020713556817,0.0036110939446903703,0.01367469597607851,0.0014473916962742805,0.0008900099783204496,0.011090000160038471,0.026131000369787216
487,0.0012611739841880702,8.049626225979244e-05,1.5330919027328491,0.49932941794395447,0.004535496059996717,0.0013130564522379963,0.040788928551147,0.003597939737533744,0.010962940752506256,0.0009286287240684032,0.0011819100473076105,0.013644999824464321,0.0234570000320673
488,0.0010018072232115423,7.730625139985576e-05,1.5168750286102295,0.5153683423995972,0.005200768858786142,0.0012700722814042247,0.03783265261561265,0.0032462131573757005,0.011349324136972427,0.001147002913057804,0.001074710045941174,0.011572999879717827,0.027866000309586525
489,0.0004169896674203025,7.840202458079195e-05,0.9188975691795349,0.7224906086921692,0.0017463957962307148,0.0016945101790636918,0.05555987098056888,0.004559495693077651,0.01070572528988123,0.0008013728074729443,0.0002961900027003139,0.012613999657332897,0.0364610031247139
490,0.0013049393698642442,7.775044414461032e-05,1.0862343311309814,0.6861468851566315,0.0031164281036569954,0.0014765116132219465,0.0439499396871431,0.004465844410813474,0.010445644147694111,0.000521994661539793,0.0013279099948704243,0.014798999764025211,0.030741000548005104
491,0.0018966980993434124,0.00010391684131519602,1.6939733028411865,0.3407077193260193,0.0021369502271200865,0.0018604216957914125,0.06008367652043291,0.0048005225816178665,0.011290320195257664,0.0009509110823273659,0.0017896100180223584,0.017191000282764435,0.03401799872517586
492,0.0019689005731499624,0.00011597343870388779,1.5228898525238037,0.49882155656814575,0.005217039852619339,0.0014383580645904244,0.08801145268113289,0.009142417298219324,0.011275828815996647,0.0009522573091089725,0.0018899099668487906,0.019005000591278076,0.057951003313064575
493,0.004528330835725615,0.00023201637599218686,1.7259085178375244,0.3395799398422241,0.018797529734877833,0.0015138755218315862,0.3557883451050246,0.045083523561845584,0.012774555012583733,0.0009281481616199017,0.005029509775340557,0.08260100334882736,0.10370999574661255
494,0.005430566815371288,0.0002171158509219639,0.8019634485244751,0.607126921415329,0.01921541649294309,0.0019234920040701615,0.6778293298112166,0.11550284647411674,0.01858486235141754,0.0009583057835698128,0.006276810076087713,0.12991000711917877,0.1921519935131073
495,0.000443662300167075,4.824687677624584e-05,1.409896969795227,0.5908687114715576,0.0024478961633215396,0.00084572285165396,0.010861728022704725,0.000845097337993885,0.011339645832777023,0.0015314524061977863,0.00023888000578153878,0.003082999959588051,0.00648100022226572
496,0.0006728253051682994,6.016680607046223e-05,1.35114324092865,0.6083640456199646,0.003359841487853752,0.0010146563576343439,0.01613470573974103,0.0012852517436714138,0.011306816712021828,0.0014166934415698051,0.0006854099920019507,0.004989999812096357,0.010453000664710999
497,0.0006253089661853427,5.726496580297396e-05,0.9098049402236938,0.6775074154138565,0.0024564094005324467,0.0008835135935468876,0.01592767011314088,0.0011733817113236808,0.010470339097082615,0.0005899840034544468,0.0006180100026540458,0.005166000220924616,0.01141900010406971
498,0.0023687207501646864,0.0001255203529744839,1.581531047821045,0.4524695873260498,0.0038952527308839763,0.0016222437776172826,0.10140233697261009,0.01028738223196126,0.011040408164262772,0.0008197273127734661,0.0024566100910305977,0.023351000621914864,0.05591300129890442
499,0.0006645054695145902,5.844589280417961e-05,0.7841724753379822,0.6708453819155693,0.001671236677120212,0.001053105119020232,0.017963218808876864,0.0012960064017558635,0.010352522134780884,0.0004715709947049618,0.0006069099763408303,0.0061980001628398895,0.01142200082540512
500,0.0011109898386843526,7.441154366688227e-05,1.278066635131836,0.606938362121582,0.0001509966240268138,0.0007269299177291811,0.03283081053029966,0.0027113626268308825,0.01091737300157547,0.0008551529608666897,0.0010119100334122777,0.006829999852925539,0.021282000467181206
501,0.00047628764932835285,5.9281094947764824e-05,0.7330275774002075,0.6720087975263596,0.0029247838676885345,0.001145079479126039,0.024506996817171455,0.0018275670931353523,0.010448578745126724,0.0005730022676289082,0.00042431001202203333,0.007720999885350466,0.018012000247836113
502,0.001055848316949447,8.105229187027976e-05,0.6934411525726318,0.61585284024477,0.00017401818131236715,0.0008183534444035221,0.03166166139188734,0.0023535310795766012,0.011568933725357056,0.001182367093861103,0.000967609987128526,0.007946000434458256,0.021967001259326935
503,0.0011512038140012919,8.472514053308952e-05,1.6586322784423828,0.40045881271362305,0.0027561409152932364,0.0015976250886970112,0.04477926005303662,0.003560909577053472,0.011463023722171783,0.001143776811659336,0.001163710025139153,0.009379000402987003,0.032660000026226044
504,0.0016937206464791529,8.950647530201752e-05,1.5176591873168945,0.45783984661102295,9.284665991191689e-05,0.0006106881997194935,0.05263001419221788,0.004369434223734297,0.011843511834740639,0.0009535886347293854,0.001600509975105524,0.011090000160038471,0.036681000143289566
505,0.0010481965458527705,7.110196335616942e-05,0.7307561635971069,0.6287912949919701,0.00394045168763365,0.001169928912231127,0.02563657993664988,0.0022212337501771266,0.01062101311981678,0.0007267696782946587,0.0009086100035347044,0.011926000006496906,0.013898000121116638
506,0.002151921258779698,9.672784583010866e-05,0.39959871768951416,0.4330869987607002,0.001921622349778605,0.0018015767310712507,0.05756342387520672,0.004754595307862819,0.010470924898982048,0.0005430690944194794,0.001954310107976198,0.01682800054550171,0.035627998411655426
507,0.00045501253114936703,5.160316681205991e-05,1.2738242149353027,0.6496512293815613,0.001534053856143432,0.0009009698091290712,0.010678657321268858,0.0008224122034946662,0.011436467990279198,0.0017475360073149204,0.0002296799939358607,0.003003000048920512,0.005797000136226416
508,0.0005926002382476425,5.656379111067608e-05,0.7986258268356323,0.6685083657503128,0.004362584027106434,0.0008881309484822229,0.01258965566721338,0.0010347214096339801,0.010719995014369488,0.0009366567246615887,0.0005751100252382457,0.004290000069886446,0.010971000418066978
509,0.0017972002560122436,7.877479259758608e-05,0.7311180233955383,0.5862448886036873,0.004415284925163223,0.001219348283682588,0.032300333785379394,0.0033190466076737177,0.010316108353435993,0.000396728515625,0.0018426099559292197,0.017076000571250916,0.01666799932718277
510,0.0008135552260050181,6.191818776172733e-05,1.2015047073364258,0.6289179921150208,0.0035768729416753298,0.0008487033278438165,0.012491853369051141,0.0010383205889215258,0.010937229730188847,0.001152755692601204,0.0006709099980071187,0.004989999812096357,0.008351000025868416
511,0.0008343011122617914,6.562619920856994e-05,1.148640513420105,0.6695011854171753,0.0005645697016142029,0.0009583528962825025,0.026369190745171592,0.002046614280561094,0.010526490397751331,0.0006340518593788147,0.0007907099789008498,0.005903000012040138,0.018029000610113144
512,0.0005693417095906749,5.6726714342079574e-05,0.9443314671516418,0.6990678459405899,0.0008977364149444198,0.0010386579446822013,0.01886347290550386,0.0013174578178109693,0.010403991676867008,0.0005364627577364445,0.0005272100097499788,0.00661499984562397,0.009848000481724739
513,0.0007463973764501844,6.786034756115227e-05,1.073563575744629,0.6915177702903748,0.0038215066622151557,0.0011937948365195836,0.02634729744847157,0.0021787215475852686,0.010937286540865898,0.001005589496344328,0.000629010028205812,0.00749000022187829,0.020114000886678696
514,0.0007296404010218045,6.451008397422286e-05,1.2775715589523315,0.667184516787529,0.002009419188754519,0.0015230178394294146,0.035950590166070814,0.003046580752736467,0.010356251150369644,0.000446853693574667,0.0005465099820867181,0.009735999628901482,0.02280300110578537
515,0.0016739509318436409,7.649894134432696e-05,1.3091952800750732,0.5736019313335419,0.004218453858456516,0.001153072417387515,0.032967025018702044,0.0034134061069260764,0.010421237908303738,0.0004981104284524918,0.0017591100186109543,0.012006999924778938,0.02407200075685978
516,0.0010682758829077198,8.756623221620988e-05,1.0163013935089111,0.6865295916795731,0.004730364113918941,0.0013995853766740557,0.04350702039937899,0.004011177092585486,0.011692884378135204,0.001299091149121523,0.0011499100364744663,0.013292999938130379,0.032374002039432526
517,0.0011059694572598277,7.614610228126617e-05,1.4326002597808838,0.5741420686244965,0.004280448506506235,0.001307378158980796,0.04438839963358007,0.0040904478382093774,0.01066106092184782,0.0006971843540668488,0.0010128100402653217,0.01728699915111065,0.021939000114798546
518,0.002343488328354322,0.00012951045503997423,1.806527853012085,0.23718851804733276,0.003226976020687554,0.0017100583744443574,0.10815082617902934,0.008105243467353536,0.012066279537975788,0.000971510075032711,0.0023086098954081535,0.020003000274300575,0.06905099749565125
519,0.0005171614522291906,5.3021449202246166e-05,1.0427958965301514,0.6783536970615387,0.0033480667024437007,0.0006054644584256523,0.00491122426300724,0.000496033915447168,0.011878211051225662,0.0023284205235540867,0.0003171499993186444,0.0020179999992251396,0.0038040000945329666
520,0.00113767723461632,0.00011104255054302154,0.9372726678848267,0.6880301982164383,0.0008332012306307124,0.0014638423685630906,0.0972343402142131,0.009635518248669449,0.013658810406923294,0.0015033772215247154,0.0010675099911168218,0.01345400046557188,0.08429799973964691
521,0.000646937465515983,6.156344304795151e-05,0.7711697220802307,0.6492580994963646,0.003059317505607518,0.0009106650504101712,0.01024522853234075,0.0007963789501695198,0.01667700707912445,0.002905942965298891,0.00047341000754386187,0.003082999959588051,0.008054999634623528
522,0.0007810991330481622,7.277585681222547e-05,0.7857415676116943,0.6547103598713875,0.0014735213019610935,0.0014191382779682885,0.018185403767847514,0.0014442932551834518,0.011968204751610756,0.002007545903325081,0.0006811100174672902,0.0042860000394284725,0.014290999621152878
523,0.0006244276975135331,5.753848092159675e-05,1.1279211044311523,0.6789644360542297,0.0034593636657114326,0.000871887323039908,0.013771915080694678,0.001090169033344912,0.010752489790320396,0.0009414525702595711,0.000594109995290637,0.005237999837845564,0.009953999891877174
524,0.000604858961524547,5.983235831500273e-05,1.1214207410812378,0.6894663870334625,0.003294131749562567,0.0011269243087126005,0.023376175567682,0.0018594410555368354,0.01060364581644535,0.0007326239719986916,0.0005263100028969347,0.006279999855905771,0.01733499951660633
525,0.001031434283434934,8.077949022162784e-05,1.5167615413665771,0.5091339349746704,9.562905555271345e-05,0.0005892288532107352,0.05093510236509228,0.003972679326798262,0.011310779489576817,0.0009930059313774109,0.0008238099981099367,0.008469999767839909,0.038561999797821045
526,0.0008201016997521468,7.330978495494205e-05,1.0173395872116089,0.6887599229812622,5.4613188764995057e-05,0.0004085790470743282,0.039204818101943824,0.002971632933366563,0.011195959523320198,0.000979551114141941,0.0006228099809959531,0.009379000402987003,0.027797000482678413
527,0.0016212948149485788,0.00010113874244929656,0.8892927169799805,0.6753893345594406,0.0014086929694680941,0.0016574125767302129,0.06684937057150549,0.006969031325706709,0.010871578939259052,0.0008161887526512146,0.0016536100301891565,0.010960999876260757,0.054159000515937805
528,0.0010026627935501456,7.142893439967922e-05,1.3161529302597046,0.6319566369056702,0.004116602258753674,0.0012688718546621188,0.037665114991978145,0.0034898590863462024,0.010539913550019264,0.0006288471631705761,0.0010149100562557578,0.01145000010728836,0.02496200054883957
529,0.0008768252655258682,6.503610055104598e-05,0.6864569187164307,0.619916170835495,0.00539019327279789,0.0010281607831457312,0.020248307881264364,0.0017083420491186534,0.010486186482012272,0.0006266296841204166,0.0008406100096181035,0.01259899977594614,0.010370999574661255
530,0.00180455873157152,8.755110256947923e-05,1.3926057815551758,0.5680975019931793,0.004414133723243775,0.001392345372932233,0.05478292239322454,0.005842304598643443,0.010522067546844482,0.0005658483132719994,0.001897410023957491,0.01682800054550171,0.03434300050139427
531,0.0010077142113542148,8.587144366332478e-05,1.491796851158142,0.5552700757980347,0.0025218698505026296,0.0017855130904920185,0.059304642688548515,0.005352285015783664,0.010881506837904453,0.0008800826035439968,0.00095370999770239,0.016509000211954117,0.036315999925136566
532,0.002991583483766472,0.0001666853915983956,1.5222126245498657,0.4968201518058777,0.008992669960945388,0.001558395475920227,0.34268937187223264,0.046049853022946424,0.016528848558664322,0.0012712008319795132,0.0034412099048495293,0.04959699884057045,0.18413199484348297
533,0.0020789299738666897,0.00015807864110321574,1.285766839981079,0.6501725316047668,0.012668529909046648,0.001482557302688585,0.37460738184746323,0.05974238921611036,0.017306437715888023,0.001620783470571041,0.0022621098905801773,0.0668879970908165,0.14784100651741028
534,0.002003929808295555,0.00018337922776302871,0.7958614230155945,0.6893477439880371,0.015181025750951233,0.0014566441828117267,0.24507605610460279,0.04079026574378161,0.013375768437981606,0.0015933234244585037,0.002176509937271476,0.07344900071620941,0.11681800335645676
535,0.00034806324360962457,4.636797440699605e-05,1.170091986656189,0.678598016500473,0.0031528581613510117,0.0007092695286020801,0.006467858320505266,0.0005933380460496204,0.012342763133347034,0.0025965236127376556,0.0001497899938840419,0.0027020000852644444,0.003905000165104866
536,0.0006492233662321032,5.8996104496305125e-05,0.8717900514602661,0.6453650891780853,0.002163120054034482,0.0007650082639854646,0.0075415062542849975,0.0006570318775685887,0.012220029719173908,0.0024859728291630745,0.0006147099775262177,0.003092000028118491,0.005339000374078751
537,0.00055290013271376,5.6896455957967636e-05,0.58266681432724,0.5942135602235794,0.0027535442089951664,0.0007977786829588267,0.009903768841168238,0.0007528799314657159,0.011160915717482567,0.0015201293863356113,0.0003197900077793747,0.004025000147521496,0.0057830000296235085
538,0.0005181424415800252,5.694961328734383e-05,1.1056971549987793,0.6938391327857971,0.0035242517734399006,0.0009666525762597488,0.01664423678320776,0.0012773904515247332,0.01084510050714016,0.0010005515068769455,0.00038881998625583947,0.004821000155061483,0.01306500006467104
539,0.0007311034995995386,6.609706515238868e-05,1.2019765377044678,0.6586896479129791,0.002645023662552044,0.001279887245703154,0.021562162377328508,0.0017999311331966406,0.011108871549367905,0.0011932188645005226,0.0006502100150100887,0.005255000200122595,0.016977999359369278
540,0.0011708852823031693,8.321522267359081e-05,0.8701437711715698,0.6517321765422821,3.242339862963954e-05,0.00022431636837568636,0.046862528746279025,0.0040092966529989595,0.011513377539813519,0.001032716128975153,0.0009908099891617894,0.006829000078141689,0.043633997440338135
541,0.0008023425372427872,6.413799006637711e-05,0.974017322063446,0.6977465599775314,0.0004937013095286643,0.0009517084473500183,0.02992994566506058,0.0023797010020084105,0.010353139601647854,0.00043023936450481415,0.0008552100043743849,0.007586000021547079,0.020928001031279564
542,0.0008421418242270493,5.985388637328511e-05,1.3102974891662598,0.6181088089942932,0.003134650438834794,0.0009252639601204531,0.018960984355692767,0.0015508836936435882,0.010305044241249561,0.00040242215618491173,0.0008593099773861468,0.009171999990940094,0.00827299989759922
543,0.0007491478003810363,6.230902698251803e-05,1.2659006118774414,0.6434940993785858,0.004260151549245184,0.0010873947614408015,0.02196909332701876,0.00183830189748292,0.01073424331843853,0.0008587241172790527,0.0007157099898904562,0.008553000167012215,0.014407999813556671
544,0.0012553191889702784,8.661077025172307e-05,1.565597653388977,0.4589330852031708,0.004332861214077344,0.0013687639668592483,0.03992920862669731,0.0032630200978302944,0.013234127312898636,0.0014601522125303745,0.0011846099514514208,0.009379000402987003,0.02751300111413002
545,0.0007821285189175791,6.842223082801111e-05,1.094202995300293,0.707783654332161,0.002099608438082782,0.001466508242437047,0.03415017284986772,0.0028354305755777624,0.010521492920815945,0.0006327233277261257,0.0007211099728010595,0.01015899982303381,0.022091999650001526
546,0.0017821808262759758,9.633663229102415e-05,1.5998077392578125,0.42404448986053467,0.004204251596929295,0.0013849101084018676,0.06116115220447634,0.00557050863449331,0.010934202000498772,0.0008133118972182274,0.0018234100425615907,0.015734000131487846,0.04494500160217285
547,0.0011070501119838695,0.00011112361186599708,0.7291997075080872,0.6697875410318375,0.005666833892767772,0.0014302507516472493,0.08970250381528952,0.009352223154524476,0.011494209989905357,0.0012664003297686577,0.0010481099598109722,0.030594000592827797,0.04933399707078934
548,0.002352697316933115,0.00020083078665601717,1.5489774942398071,0.5275830328464508,0.014454948100757247,0.0014555827275838313,0.2573759361494532,0.03796719454615316,0.0116021279245615,0.0011578206904232502,0.0022548099514096975,0.09076499938964844,0.07649499922990799
549,0.0005289860549779925,5.70027160616989e-05,0.744820773601532,0.6522333025932312,0.0014732107046786956,0.0009445317571749037,0.009069690921199339,0.0007490257687402082,0.012195384129881859,0.002600655425339937,0.0003861500008497387,0.002346999943256378,0.005668000318109989
550,0.0007389006751525934,6.363930642044906e-05,1.018176794052124,0.6509723365306854,0.0014837133429445972,0.0008855525387454059,0.00900394276979624,0.0007593759750312602,0.011886507272720337,0.0023517669178545475,0.0006817100220359862,0.003092000028118491,0.006045000161975622
551,0.0005878062242059772,7.22106622905681e-05,0.9617030620574951,0.7106459140777588,0.0012553488225101536,0.0014971287292816619,0.028525958735187318,0.0021352576875205472,0.011617826297879219,0.0014915075153112411,0.0005001099780201912,0.004025000147521496,0.025269001722335815
552,0.0010371503601391248,6.54126728301895e-05,1.2765061855316162,0.6228759288787842,0.000530775047258823,0.0009139883897120277,0.026429429496138992,0.002212531494752897,0.010341828688979149,0.0004350547678768635,0.0009446099866181612,0.0061980001628398895,0.01850000023841858
553,0.004292944556014035,0.00016519550134687757,1.7762144804000854,0.27987295389175415,0.011840462551049723,0.0014361417492408475,0.16492245531928917,0.01542492246000085,0.01033775508403778,0.00036725588142871857,0.004416310228407383,0.05401099845767021,0.05622299760580063
554,0.0016470444587723299,7.578742487380087e-05,1.3436779975891113,0.5573683977127075,0.0034230545059330242,0.0011735987918702903,0.033502610963733276,0.003296129462492331,0.010387608781456947,0.00047093816101551056,0.0017426100093871355,0.012392000295221806,0.019492000341415405
555,0.0007979376474763449,6.625355143490013e-05,0.939724862575531,0.6629344671964645,0.003837663290096785,0.0010157284174412832,0.01374705973451705,0.0011811367173900095,0.011513011530041695,0.001669814344495535,0.0007217099773697555,0.00712599977850914,0.006918999832123518
556,0.0014115820439032907,7.635585531292233e-05,1.260884165763855,0.6322806477546692,0.003813894582129531,0.0012807066355409503,0.039844062454774336,0.004095645388585728,0.01039283350110054,0.0004688175395131111,0.0015169100370258093,0.01071999967098236,0.030253998935222626
557,0.0009286919177118219,8.299442668876757e-05,0.6600183248519897,0.6612027287483215,0.0006340859112581625,0.001291155968275976,0.06444465980167147,0.0057433017284293265,0.010373563505709171,0.00046408362686634064,0.0010310099460184574,0.01750200055539608,0.03898300230503082
558,0.0009087398822732454,8.88363635303965e-05,0.7899653911590576,0.6956429854035378,0.005719286621585961,0.0013677827693582552,0.0702614132146512,0.007065361234425194,0.010549998842179775,0.0006439434364438057,0.000897809979505837,0.020157000049948692,0.03982799872756004
559,0.0009790914743933428,7.109181294305664e-05,0.915357232093811,0.6838240176439285,0.002909961309260172,0.001216161688215444,0.024647553611031325,0.0021092422708109612,0.010739017277956009,0.0008596796542406082,0.0009196100290864706,0.0042860000394284725,0.020671000704169273
560,0.0004368254201403847,6.234860163404761e-05,0.8316466212272644,0.7073554992675781,0.00010660853538126138,0.0005982596357316427,0.03358821643765263,0.002102330660516155,0.010557194240391254,0.000640451442450285,0.0003522199986036867,0.004689000081270933,0.025909001007676125
561,0.0004688473601671311,5.268866211440414e-05,0.6624982357025146,0.6365025043487549,0.004251948162516346,0.0008267726619659733,0.012622261147908447,0.0009705829270462776,0.010467784479260445,0.0006035082042217255,0.00035402001230977476,0.00558699993416667,0.00930000003427267
562,0.0009541049257874845,7.430213033058947e-05,1.2278382778167725,0.6478945165872574,0.0017286123095767623,0.001503624476006503,0.02725289514870554,0.0022685187579757366,0.010999989695847034,0.0010722544975578785,0.0009229099960066378,0.0074800001457333565,0.017734000459313393
563,0.0005855687430845471,5.795192736205785e-05,0.6584360599517822,0.636351004242897,0.005061585476625658,0.0009941032859173433,0.019415993093533822,0.0015538744910297986,0.010354339145123959,0.00045672059059143066,0.0004084100073669106,0.008255000226199627,0.01271700020879507
564,0.0005943648211179614,8.905475144624337e-05,1.1497578620910645,0.6930349171161652,0.002960154850057595,0.0017023015829898834,0.05126622709603922,0.004185016021641789,0.01265525072813034,0.0016430732794106007,0.00040551001438871026,0.009171999990940094,0.04233799874782562
565,0.0019800108761473556,0.00010097639642473691,0.5047433376312256,0.5675153993070126,0.004719467229738138,0.001542091685576687,0.07876412436679664,0.0086861275271026,0.010376800782978535,0.0004517100751399994,0.00224441010504961,0.01819700002670288,0.06073500216007233
566,0.0014397064002330305,6.41636503368703e-05,1.7019493579864502,0.31726783514022827,0.003335249065091264,0.0009886662444296209,0.022735523069029744,0.0016981354901525487,0.010742191225290298,0.0008063935674726963,0.0014823100063949823,0.010979999788105488,0.011838000267744064
567,0.0014643033496140139,0.00012576184234381965,0.6946737170219421,0.6507218927145004,0.006026581306309742,0.001485560656376676,0.10429532220029412,0.011766601858672752,0.012543348595499992,0.0014680717140436172,0.001538409967906773,0.026750000193715096,0.06008800119161606
568,0.0008067363122272315,6.278722262963811e-05,1.1020537614822388,0.6328291893005371,0.0024018010651028787,0.0008560748273628195,0.01344051968892058,0.0010622476529207094,0.010978784412145615,0.0011806110851466656,0.0006522099720314145,0.0042860000394284725,0.009078999981284142
569,0.0005074280599061914,5.6301749363937115e-05,0.7710435390472412,0.668952964246273,0.0027017959474529775,0.0009364064576612442,0.01507109931664985,0.0011150125600482763,0.010864496231079102,0.001061880961060524,0.000428210012614727,0.004689000081270933,0.010759999975562096
570,0.000992309432307752,7.377879100381457e-05,1.16904616355896,0.6537606120109558,0.0024053215033578465,0.001434842049744395,0.028257026327803192,0.002443692285257551,0.01093087624758482,0.001001080498099327,0.0008022100082598627,0.00661499984562397,0.01941699907183647
571,0.0014141299824235911,6.251520508800124e-05,1.6876357793807983,0.3403165936470032,0.00553837622040059,0.0009547200850115369,0.021827436249226173,0.0017732185728331611,0.010524366982281208,0.0006266077980399132,0.0015234099701046944,0.009668000042438507,0.013105999678373337
572,0.001517005375378359,0.00010821801693648139,0.9965482950210571,0.6722005009651184,0.0012721252053646624,0.0016540966082509486,0.10837429748883123,0.011240471648804928,0.01536533236503601,0.0014136913232505322,0.001524209976196289,0.011090000160038471,0.0828230008482933
573,0.000745872253382878,9.087261986697218e-05,0.9352124929428101,0.7042156457901001,0.003456808396761016,0.0016322617364470783,0.06347293520537027,0.005381175176379864,0.014974938705563545,0.0017427364364266396,0.0008836099877953529,0.011609000153839588,0.050446998327970505
574,0.0017013100305750537,0.0001038697614165929,1.240332841873169,0.6094071567058563,6.90224246780319e-05,0.0005192127425591794,0.11279633002920204,0.011897939780071025,0.014353333041071892,0.0011710124090313911,0.0016659100074321032,0.012757999822497368,0.08120699971914291
575,0.0011723710725857052,8.753896050339553e-05,1.2209126949310303,0.6835387945175171,0.0029044455562535596,0.0017448557088069877,0.06636268838276088,0.006881058958589075,0.010436544194817543,0.0005166949704289436,0.0009327100124210119,0.014658000320196152,0.03924499824643135
576,0.0008704049373819254,8.089843665822313e-05,0.9734684228897095,0.7065220475196838,0.002796193983918913,0.0017330119757649454,0.049854850081504615,0.004514474918199243,0.010672841221094131,0.0007431851699948311,0.0008241100003942847,0.013193000108003616,0.02971000038087368
577,0.0020342974711787653,9.424791523088402e-05,1.5118279457092285,0.47025611996650696,0.004610778420956356,0.0013566057032436565,0.053252535907565485,0.0052595502549625875,0.010894143022596836,0.0007828907109797001,0.0021533099934458733,0.017191000282764435,0.03162100166082382
578,0.0009222208325567116,6.620117137363224e-05,0.5501686930656433,0.5603598281741142,0.0013634763451597295,0.0011318849758799922,0.017703563916369014,0.0012497776112405361,0.01065962016582489,0.0008850516751408577,0.0009287099819630384,0.005032000131905079,0.013028999790549278
579,0.0006131155671955835,6.137809192290208e-05,0.9127097129821777,0.7052221745252609,0.0031848113029848296,0.0010918701166658519,0.02132165656927927,0.0016348110646283356,0.010626796633005142,0.0007727369666099548,0.00044530999730341136,0.005818000063300133,0.013911999762058258
580,0.0010555689680937417,9.07014517292708e-05,1.563985824584961,0.479983389377594,0.00256397960349574,0.0017931619277390233,0.04620593536926154,0.0037334471417245566,0.012868989259004593,0.0014410479925572872,0.0009006100008264184,0.007381000090390444,0.03353000059723854
581,0.0012401266585597844,8.26289487604714e-05,1.3678325414657593,0.5679411590099335,0.00032708784956017687,0.0010265189446898094,0.03952190575783474,0.00332883074948288,0.011372959241271019,0.0010590502060949802,0.0011570099741220474,0.009171999990940094,0.026569001376628876
582,0.0007944348172777573,7.73313489585735e-05,1.109591007232666,0.6930451095104218,0.0005106846109985267,0.001154570447913218,0.047402633418296876,0.0039030175467303398,0.010738983750343323,0.0007895501330494881,0.0006322099943645298,0.010582000017166138,0.030128000304102898
583,0.0016691214044904266,8.84715979628868e-05,1.4683635234832764,0.47261714935302734,0.006038911324923295,0.0013101759644692603,0.03109240553857207,0.0028673264329187667,0.013454051688313484,0.0015641259960830212,0.0018952100072056055,0.013073000125586987,0.017517000436782837
584,0.0012125101927312934,0.00012325707998733933,1.1630446910858154,0.6991174966096878,0.0003221915153935481,0.0012591065228828358,0.118761256864149,0.015299205302953582,0.010517800226807594,0.0006806124001741409,0.0011540099512785673,0.023524999618530273,0.08005400002002716
585,0.0006426885528003023,5.798076207179457e-05,1.0844730138778687,0.675867423415184,0.002252748095610953,0.0008786254473017849,0.013736943135609265,0.0010270856800223853,0.01083138957619667,0.0010445145890116692,0.0005451099714264274,0.00482999999076128,0.008154000155627728
586,0.00068762182591374,5.608473913049273e-05,1.1947599649429321,0.6107154488563538,0.004019073759198372,0.0007306850952745593,0.008760857292274042,0.0007631031652784968,0.010970955714583397,0.001211811788380146,0.0006013099919073284,0.005166000220924616,0.00533499987795949
587,0.0010729519717823414,9.43322861653614e-05,0.4998537302017212,0.5600883923470974,0.0012727804452161576,0.0015859681852063794,0.059478017509625045,0.004749299622181485,0.011063563637435436,0.0010125990957021713,0.0010062099900096655,0.013677000068128109,0.0411980003118515
588,0.0007757109748072838,6.325254102040672e-05,0.48681238293647766,0.5227766335010529,0.005297727583338934,0.0010037574478322588,0.016174219151177276,0.0012944118874768191,0.010791017673909664,0.000985320657491684,0.0007610099855810404,0.006895000115036964,0.013753000646829605
589,0.0007970729654672473,6.351585489556801e-05,0.9770601987838745,0.6624648720026016,0.0033670888875621968,0.0009022286415652852,0.013394541515086294,0.0011247939723994013,0.011011707596480846,0.0012015653774142265,0.0007462099893018603,0.007381000090390444,0.007369999773800373
590,0.0008890427283354848,6.31818490270135e-05,1.4952936172485352,0.4951004981994629,0.005003012922042422,0.001042658351103344,0.015595634857076133,0.0013732886674213208,0.011789531446993351,0.0016944445669651031,0.0009225099929608405,0.008346999995410442,0.008457999676465988
591,0.001301164479900666,7.192888159618643e-05,0.9145890474319458,0.5772503912448883,0.006968704452785436,0.0009286799969817523,0.01535471872209578,0.001579232328060196,0.010339165106415749,0.00044236332178115845,0.0013201100518926978,0.010029999539256096,0.01128700003027916
592,0.0014378604930088378,7.84406487989288e-05,1.544192910194397,0.478549599647522,0.00021843361212904407,0.0008864142864179789,0.052522181400487956,0.004572112188281335,0.010474897921085358,0.000520756933838129,0.0013812100514769554,0.01252800039947033,0.02882000058889389
593,0.0019477250716333659,0.00010820229065667414,1.723005771636963,0.3219035863876343,0.003272962105802674,0.0016421461943525333,0.07297133060935551,0.005908459292219899,0.01136650238186121,0.0009242696687579155,0.0019969099666923285,0.018185999244451523,0.04255399852991104
594,0.0007800466925361193,6.350625969670117e-05,1.0685839653015137,0.6434641629457474,0.0022810396750506962,0.0008669105321153912,0.0102262075629595,0.0008594738620652702,0.011596381664276123,0.001918545924127102,0.0008145099855028093,0.00482999999076128,0.0060629998333752155
595,0.0004725697243717521,7.455097989018559e-05,1.045297622680664,0.7111317366361618,0.00014206116015530636,0.0007783146945419903,0.04065207319101186,0.0026492634004424663,0.013772095553576946,0.0015552383847534657,0.00020431999291758984,0.0052720000967383385,0.033257000148296356
596,0.0006824932163847113,5.8696690214619896e-05,0.7023972272872925,0.6309831812977791,0.0030108356380269597,0.0008879682521303206,0.016286410266523332,0.0012312600987918563,0.010371551848948002,0.000488718505948782,0.000586709997151047,0.005628999788314104,0.012793999165296555
597,0.0005500666750793405,6.319477306601412e-05,0.7631220817565918,0.6740595772862434,0.0032198286883223614,0.0011897278804087299,0.02719156321769779,0.0021104135229493993,0.010642505250871181,0.0007618023082613945,0.0005912099732086062,0.006845000199973583,0.021035000681877136
598,0.0008062337984702626,6.499908074423464e-05,0.7517338395118713,0.6458775475621223,0.001104701839389052,0.001073265814011047,0.016006384716638795,0.0011284432773056088,0.01055394858121872,0.0007658782415091991,0.0007744099711999297,0.006215999834239483,0.008623000234365463
599,0.0008402710540555552,6.80218733955599e-05,1.2937244176864624,0.6346476972103119,0.003167183994816932,0.001169356083429241,0.024159708398427602,0.001993598824328374,0.011039585806429386,0.0011112294159829617,0.00081440998474136,0.008553000167012215,0.017004000023007393
600,0.000773194889328635,6.578077020034261e-05,1.0788311958312988,0.6808898001909256,0.00013675115876072219,0.0006508480629383867,0.03336316698390382,0.002543313694385268,0.010569890029728413,0.0006289947777986526,0.000663910002913326,0.009379000402987003,0.021549999713897705
601,0.0010599566527209913,9.036386850727162e-05,1.0919954776763916,0.6762586534023285,0.00014974039814357693,0.0008017003042041238,0.05856952532189336,0.005191690131499234,0.011526865884661674,0.0011190176010131836,0.0008362099761143327,0.011524000205099583,0.03673100098967552
602,0.0011776579620866774,7.633728840613252e-05,0.7123059034347534,0.6634416654706001,0.0031246767618331255,0.0013667688604087568,0.03801312065734953,0.0035308059441726027,0.01037390623241663,0.00046026427298784256,0.0010418100282549858,0.01345400046557188,0.01979699917137623
603,0.0015974141958811797,0.0001174840853095647,1.4267001152038574,0.604332685470581,0.007406661022713318,0.0014190690468963607,0.10716679230356325,0.012806824726923627,0.010941002517938614,0.0008846516720950603,0.0018159099854528904,0.032517001032829285,0.06137099862098694
604,0.001639535127602016,0.0001650212600884768,1.350011944770813,0.6456275284290314,0.006252646844356735,0.001548618190673411,0.22526142255639103,0.03208859771483914,0.013318869285285473,0.001550950575619936,0.0014727100497111678,0.036416999995708466,0.16174399852752686
605,0.005525296460360843,0.000268240749777807,1.3189337253570557,0.613303929567337,0.02177587531771959,0.0018453196473696976,0.36247759724087514,0.0692978952706011,0.012966902926564217,0.0008591008372604847,0.005847210064530373,0.12494999915361404,0.08756700158119202
606,0.0006064662466841661,4.9454509780118934e-05,1.5002799034118652,0.49415677785873413,0.004347803434516038,0.0006791434682886129,0.005501095572134803,0.0005803330714612459,0.013006641529500484,0.0029198885895311832,0.000572510005440563,0.00406600022688508,0.003616000059992075
607,0.0007338632324038596,5.78325713961613e-05,1.2234946489334106,0.6112401187419891,0.003637365661317255,0.0007365992894626176,0.008850763064201921,0.000776828055242945,0.011179676279425621,0.0014718878082931042,0.0007078099879436195,0.005166000220924616,0.005471999756991863
608,0.0005799187839454333,6.546423474838213e-05,0.7756903171539307,0.6827541589736938,0.0033304388856503922,0.0011565338199358054,0.01922978413651236,0.0014754833870625206,0.011453758925199509,0.001482420600950718,0.0004813100094906986,0.00673400005325675,0.012426000088453293
609,0.0009161111233786736,6.818946131753649e-05,1.1181159019470215,0.7015643268823624,0.002778951932470914,0.0013778261662656976,0.03670647534403384,0.0033755719481602456,0.010277774184942245,0.0003558984026312828,0.0007643100107088685,0.012628999538719654,0.019770000129938126
610,0.0011698405696553157,7.940176157739402e-05,0.7105318307876587,0.6302007883787155,0.0005003229904147155,0.001128732314574888,0.0382574367529859,0.00316790582046296,0.010788626037538052,0.0008111065253615379,0.0009829100454226136,0.007637999951839447,0.030604999512434006
611,0.0010148325449657232,5.941368623940994e-05,1.6386733055114746,0.3990815281867981,0.003752022897102576,0.0010062970752691765,0.0215258469451154,0.0016893657398565388,0.010626091621816158,0.0007367595098912716,0.0010830099927261472,0.007946000434458256,0.013057999312877655
612,0.0012814960610305656,7.597486728314062e-05,0.6167077422142029,0.5769176855683327,0.002931211895868363,0.0012109199303291997,0.025733528201177035,0.0021990642183678556,0.010681201703846455,0.0007811477407813072,0.0011073099449276924,0.009424000047147274,0.014928000047802925
613,0.0010586412253745163,7.061182666418106e-05,0.6944770812988281,0.6489169970154762,0.00222310547247261,0.001435976364607413,0.03028751467300611,0.002600589349562976,0.010390465147793293,0.0004972736351191998,0.0010344099719077349,0.010099000297486782,0.018325001001358032
614,0.0008413257658759513,8.449319000717318e-05,1.6593862771987915,0.41079825162887573,0.0024442006975622693,0.0018503640991985766,0.04602948417236989,0.0034795190153385155,0.013287993147969246,0.0015432494692504406,0.0008205099729821086,0.012090999633073807,0.030337000265717506
615,0.0016438602606442284,0.00011151448280537137,1.6067876815795898,0.4710874855518341,0.005219022148727271,0.0014196437604497244,0.10470861076134858,0.01089208105446169,0.010662715882062912,0.0006925496272742748,0.001605210010893643,0.025800999253988266,0.06160300225019455
616,0.0006885200833022901,6.102202907169111e-05,0.8041958808898926,0.6599737852811813,0.0031707051153209336,0.000947201325929455,0.015332089778613021,0.0011867656630546132,0.010781306773424149,0.000972215086221695,0.0005635099951177835,0.004290000069886446,0.011990999802947044
617,0.0007756428419457627,6.30541701240636e-05,1.1696135997772217,0.6526874303817749,0.002913020546228767,0.0009386814981072853,0.014784023769578653,0.0012206896224079824,0.011007459834218025,0.0012127370573580265,0.0006348100141622126,0.0046190000139176846,0.011220000684261322
618,0.0008127307280975542,7.082998983677083e-05,1.5479060411453247,0.48305538296699524,4.6099963400552056e-05,0.00031799564199779857,0.03885187420950684,0.0025157073355156177,0.013270383700728416,0.0011878875084221363,0.0007453099824488163,0.005255000200122595,0.031147001311182976
619,0.000965131470901828,6.594503876849924e-05,0.6486508846282959,0.5681009441614151,0.0026791387441054137,0.0008051586383038113,0.01194083867881342,0.0009218209396166712,0.010809247381985188,0.0010380777530372143,0.0009119100286625326,0.005828999914228916,0.009046000428497791
620,0.001567744575280976,0.00011741297392431045,1.3923158645629883,0.6006949543952942,0.004654692819383371,0.0015184460591273002,0.0894163073825002,0.009573108410400745,0.011622628197073936,0.0011471989564597607,0.0014743099454790354,0.019878000020980835,0.05923999845981598
621,0.000821909516453612,6.507693108498348e-05,0.6953221559524536,0.6423291191458702,0.004698899069384735,0.001055937957713834,0.019153352499490284,0.0015884120671664347,0.010666782036423683,0.0008231760002672672,0.0008194100228138268,0.008469999767839909,0.01224599964916706
622,0.0008367449823999332,6.427881402101251e-05,0.9920946359634399,0.6741768717765808,0.004049421891403939,0.0010816590605205701,0.021276569276094608,0.0018045175389646215,0.010611329227685928,0.0007497183978557587,0.0007715100073255599,0.00940100010484457,0.013340000063180923
623,0.0007740124217613769,0.00010100746119720062,1.195631742477417,0.6885880827903748,0.0027890344727126023,0.0019227734627976453,0.0738175947506234,0.00677874040342475,0.012038374319672585,0.0014559035189449787,0.0005739100161008537,0.012431000359356403,0.05747099965810776
624,0.0007186979432020291,8.485595813369988e-05,0.9160727262496948,0.7056892216205597,0.004686113953331819,0.0013720939749855224,0.050075426580435733,0.004358864087380839,0.011300631798803806,0.0012063868343830109,0.000766809971537441,0.012670000083744526,0.039021000266075134
625,0.0012399639571793147,6.769754310717818e-05,1.6197649240493774,0.42030996084213257,0.0029879299196087297,0.0011982552200229164,0.0327084707198583,0.002714725026035099,0.010545036755502224,0.0006281123496592045,0.0013524099485948682,0.014147000387310982,0.015931999310851097
626,0.0022106214002767,0.00022930318150461595,0.7615529298782349,0.684162937104702,0.01173564927745219,0.0016206159096232688,0.5066699137554265,0.10589297864403546,0.014584694989025593,0.0018624542281031609,0.002334210090339184,0.06577900052070618,0.25964799523353577
627,0.0008554440507867507,6.481481702450703e-05,0.8714605569839478,0.6607702821493149,0.0010835053175440197,0.00107929216858841,0.01851488520695646,0.0013673076312588142,0.01047420036047697,0.0006306376308202744,0.0007110100123099983,0.004362000152468681,0.013544000685214996
628,0.0005296058458290348,5.7590831465105014e-05,1.130903720855713,0.6892873048782349,0.0012539237594795351,0.001177834535601123,0.018854341431575595,0.001354806152698661,0.010773636400699615,0.0009493459947407246,0.00035397999454289675,0.0055740000680089,0.011773999780416489
629,0.0007036069058646916,6.0834935305817124e-05,0.8701132535934448,0.6885217800736427,0.0014239401490774286,0.001309345439456395,0.02209183163474647,0.0016947264932852951,0.01051417551934719,0.0006738333031535149,0.0006997099844738841,0.006279999855905771,0.01655000075697899
630,0.0003948125621474136,5.1599843677729124e-05,1.0575133562088013,0.7029602229595184,0.004363688246755797,0.0009080912678952544,0.015148091963572481,0.0011952821547214412,0.010551108047366142,0.0006985533982515335,0.0003093399864155799,0.006647000089287758,0.010224999859929085
631,0.0004799191496009061,5.194776229564796e-05,0.8053534030914307,0.6664833500981331,0.0035402554130149226,0.0006683708823045527,0.006281712562552529,0.0005727683537565882,0.011502975597977638,0.0019229557365179062,0.00025541000650264323,0.003918999806046486,0.002861000131815672
632,0.0013734356715212719,7.637000305380458e-05,0.4519215226173401,0.46823201328516006,0.002605749453379613,0.0013423971265264134,0.02832098690387453,0.002222250746283634,0.01068001426756382,0.0007801884785294533,0.001228510052897036,0.008255000226199627,0.021278999745845795
633,0.0009673365183199985,6.566274492512649e-05,1.2216267585754395,0.625095784664154,0.003803826496652003,0.0010298967059133902,0.02067953602715124,0.0017848872963121473,0.010638056322932243,0.0007690181955695152,0.001010810025036335,0.009171999990940094,0.010986000299453735
634,0.000960092674692121,0.00010241281926521396,0.7344158887863159,0.6841783449053764,0.0031988309765963404,0.0017463923931745156,0.0803269379007707,0.007820799284733164,0.011047509498894215,0.001034528948366642,0.0008762099896557629,0.017666000872850418,0.05798099935054779
635,0.0013236189948261357,8.98806727930348e-05,0.5284488797187805,0.5514584183692932,0.0047975951602259315,0.0014213131254004127,0.045589903240748325,0.0040206359335069365,0.011010839603841305,0.0009699752554297447,0.001406210009008646,0.01819700002670288,0.02902800217270851
636,0.001198204064412761,0.00011478144053903656,0.5203658938407898,0.5874682515859604,0.004844450918801839,0.0014830202149288762,0.09290085776198515,0.009406039411064257,0.011253641918301582,0.0011491449549794197,0.0009526099893264472,0.023321999236941338,0.06586799770593643
637,0.0005347160105633133,5.730894311342183e-05,1.3496767282485962,0.6214478611946106,3.221029125036947e-05,0.00019977860202117524,0.023300391299475334,0.0013518077401224859,0.010853379964828491,0.0008151745423674583,0.0003702400135807693,0.004734000191092491,0.016119999811053276
638,0.0010228099647174398,7.270792372361716e-05,1.3885502815246582,0.5610558986663818,0.003552425264234029,0.0012007664586028712,0.016325502009778847,0.0014889279980373517,0.01259846705943346,0.0022036503069102764,0.0010228099999949336,0.005903000012040138,0.011265999637544155
639,0.001017926492209335,6.805629284397117e-05,0.7516499757766724,0.6250607445836067,0.0043062264173589155,0.0009694227412000481,0.016653408627609802,0.0014172769958284972,0.010632599703967571,0.000787605531513691,0.0009174100123345852,0.006314000114798546,0.012736000120639801
640,0.000670454830297357,5.690460540505501e-05,1.2127569913864136,0.6560431569814682,0.0034791117760769536,0.0008493843383741741,0.014059587656811248,0.0010794353688220468,0.010521914809942245,0.0006865663453936577,0.0006403099978342652,0.007234999909996986,0.007096000015735626
641,0.001268466826274419,6.993362249857688e-05,1.6494922637939453,0.3915559649467468,0.005190814053044242,0.0011436475929440266,0.030426979607431966,0.0025198549090342023,0.01071188598871231,0.000763830728828907,0.0012957099825143814,0.009171999990940094,0.021827001124620438
642,0.0009370590269471287,6.70872838358736e-05,1.3848798274993896,0.555607795715332,0.002573966012266797,0.0010427577653762082,0.015054912212712554,0.001281120107682018,0.01174779050052166,0.0017436202615499496,0.0009394100052304566,0.005532999988645315,0.009651999920606613
643,0.0017305492968287626,0.00010343089134547329,0.8037028908729553,0.6200188398361206,5.452194143672406e-05,0.0003954380083779164,0.08531534945354205,0.008757952214366767,0.012847715988755226,0.0011545545421540737,0.0017222099704667926,0.012613999657332897,0.0672840029001236
644,0.000869334769615345,7.329896065766633e-05,0.8639817833900452,0.6644772738218307,0.00011911523499202761,0.0006571568187739902,0.025422380644413038,0.0018296234307560218,0.011606911197304726,0.001224561594426632,0.0007291099755093455,0.004290000069886446,0.02022799849510193
645,0.0006947588190761408,6.626615614753023e-05,1.1425025463104248,0.6800316274166107,4.693000656106688e-05,0.00034128637519458785,0.02535287549068003,0.0017071703462959355,0.011418033391237259,0.0011047003790736198,0.0005765099776908755,0.0052720000967383385,0.018109001219272614
646,0.0007046857990987737,7.138091774961286e-05,1.4098957777023315,0.5879867076873779,0.00045552914500166875,0.001082734197705866,0.03252812322369612,0.0023709016622144186,0.011365890502929688,0.0012020589783787727,0.0005645100027322769,0.0061980001628398895,0.02365799993276596
647,0.0010897665881603098,7.00454308937827e-05,1.229792594909668,0.6141511797904968,0.004960651974678097,0.0010452523021771748,0.01928392131067234,0.0017771981728293418,0.010839753784239292,0.0009848987683653831,0.001107509946450591,0.0078039998188614845,0.013987000100314617
648,0.0005381668925622767,5.406653699300973e-05,1.4191956520080566,0.5881522595882416,0.004793880336573001,0.0010141827187137235,0.018289186773993264,0.0014725064303206473,0.010677553713321686,0.0008391961455345154,0.00044450999121181667,0.008844000287353992,0.011361999437212944
649,0.0014627286080806862,7.3300239811248e-05,1.5354924201965332,0.47570860385894775,0.0038938202581649127,0.0012284658794924452,0.03651390461735206,0.003306125401348732,0.01049343217164278,0.0005611018277704716,0.0016086100367829204,0.012670000083744526,0.019641999155282974
650,0.0005718627308179386,4.990593919714122e-05,1.4670356512069702,0.5229119956493378,0.0015884210835092056,0.0006240720563271533,0.006274970860700378,0.0005048251248301969,0.01207137480378151,0.002341554034501314,0.00048781000077724457,0.0020179999992251396,0.003671000013127923
651,0.0008202768535145618,5.8569528652537884e-05,1.28850519657135,0.5986574292182922,0.0025840154325474617,0.000752790335170708,0.01325298232173061,0.0010256346057419966,0.010417649522423744,0.0005376162007451057,0.0008202100289054215,0.004290000069886446,0.01042299997061491
652,0.00044717881839980095,5.542727038594712e-05,1.116782784461975,0.7025529146194458,0.0023234595730617664,0.0011979937752293747,0.022532081992856112,0.0017397290070707092,0.010502880439162254,0.0006245081312954426,0.00022626000281888992,0.005297999829053879,0.016882000491023064
653,0.0021896344067804463,0.00016062944494607285,1.4103730916976929,0.5971751809120178,0.011009941255318517,0.0014549383100721852,0.2567412149960155,0.03683631219135386,0.01516132801771164,0.0014622868038713932,0.002523209899663925,0.05286899954080582,0.1399250030517578
654,0.0009698649478398971,7.226513817604923e-05,0.5432881116867065,0.5781738385558128,0.003362792110463526,0.0013480730560129972,0.035676822252955175,0.0029558489159276086,0.01044926792383194,0.0005527464672923088,0.0008897099760361016,0.00761700002476573,0.02938299998641014
655,0.000570707968755741,8.150315739010179e-05,0.9250879883766174,0.7066678702831268,0.000343158157672141,0.0010191596610414002,0.04941497995199501,0.0035878679179636164,0.011636488139629364,0.001292684581130743,0.0003808499895967543,0.008511999621987343,0.03627999871969223
656,0.0006325710524502703,8.041475495333108e-05,1.1239819526672363,0.7075975984334946,0.00016645205369171325,0.0008023436267644957,0.05521263680910234,0.004255491650485561,0.011182594113051891,0.0010448326356709003,0.00042530999053269625,0.011926000006496906,0.03981800004839897
657,0.0005044461565496102,5.8212320420484854e-05,0.6917727589607239,0.6544312685728073,0.0009801719090419907,0.0011145231116302242,0.011823554702231332,0.0008941607394290186,0.011568054556846619,0.002135894726961851,0.00035322000621818006,0.001979999942705035,0.008375999517738819
658,0.0003939056654193454,4.779750753025315e-05,1.076147198677063,0.6845008283853531,0.0038785704493562653,0.0006284996394207412,0.004767794703481779,0.0005042206379545638,0.011946083977818489,0.0025631869211792946,0.00026030000299215317,0.004135999828577042,0.0023300000466406345
659,0.0006297976149959905,5.7853419721725545e-05,0.835834264755249,0.6578671112656593,0.004061696118929873,0.0008310927180177681,0.01180909861178793,0.0009468024442810521,0.01076430268585682,0.000968878623098135,0.00048021000111475587,0.004689000081270933,0.008173000067472458
660,0.0007327139236142745,6.049394077554509e-05,0.6986294984817505,0.6042373850941658,0.004077775633979338,0.0007411557149670268,0.00832060317035056,0.0007171132074471195,0.011240236461162567,0.0015226863324642181,0.0006467099883593619,0.005166000220924616,0.005556999705731869
661,0.0006465039664117477,5.8785376021794756e-05,1.1256870031356812,0.6886682212352753,0.0029284647148858987,0.0009922764180746429,0.020208019540781542,0.0015683157882540773,0.010437317192554474,0.0005648029036819935,0.0006628099945373833,0.005628999788314104,0.01686899922788143
662,0.000717807995025457,6.1528412997668e-05,1.174858570098877,0.6685784161090851,0.0021150085998574847,0.001041536216394745,0.017559757679399064,0.0013792425159907893,0.010861298069357872,0.0010392083786427975,0.0007556100026704371,0.006738999858498573,0.011944999918341637
663,0.0006866399212097093,6.523874290271603e-05,0.9518425464630127,0.7151345610618591,0.001208915071662986,0.0013349400095902305,0.03370656458095747,0.002639303225065264,0.01040840707719326,0.0005037439987063408,0.0006899100262671709,0.00824700016528368,0.023145999759435654
664,0.0009254143940497381,7.179430380729e-05,1.4454915523529053,0.5853903889656067,0.001847551511199643,0.0015631743447364844,0.038241383686274895,0.0032332955895678084,0.010576454922556877,0.0006659440696239471,0.0008939100080169737,0.01075000036507845,0.021910998970270157
665,0.000586987798872082,6.134768741069527e-05,0.6130832433700562,0.6202866062521935,0.0013948849951103358,0.0013076581495676286,0.015360148227749015,0.0011837143479676302,0.011262338608503342,0.001608590129762888,0.0003890100051648915,0.0035329998936504126,0.011314000003039837
666,0.001212148802605067,9.921935742815706e-05,0.9383144378662109,0.6744742691516876,0.0016984786829619544,0.0017382746431685821,0.050461372725575625,0.0044896364201930765,0.012328301556408405,0.0013733566738665104,0.0011890099849551916,0.010122999548912048,0.03548699989914894
667,0.0014273219418451787,9.237027760187783e-05,1.0675750970840454,0.671532616019249,0.0041258670758857925,0.0014897845611974302,0.058024519812828294,0.0060594269638933156,0.01090150699019432,0.0008657313883304596,0.0014284099452197552,0.017191000282764435,0.03794600069522858
668,0.001065474518956692,6.958691156875663e-05,0.7643783092498779,0.6431833654642105,0.00691691841118672,0.0011652188132369031,0.02917975039065907,0.002899909664966522,0.010334527119994164,0.00042339228093624115,0.0010968099813908339,0.017812000587582588,0.01525499951094389
669,0.0010878490621445372,9.135152298070685e-05,1.378037929534912,0.6136679649353027,0.0062509891317585045,0.0013268585592660924,0.056771873250578836,0.005550199413314985,0.011459565721452236,0.0011809528805315495,0.001203909981995821,0.02144799940288067,0.03346800059080124
670,0.002059556127984513,0.00010705267320094318,1.6635656356811523,0.38902002573013306,0.0066127502137960275,0.00138250475354856,0.08497153937066829,0.008080125436889907,0.010736154392361641,0.0006903759203851223,0.0021351100876927376,0.02675599977374077,0.040706999599933624
671,0.0024986603421551508,0.00013936242855697146,1.741388201713562,0.3143061399459839,0.011287270671753603,0.0013560045580825958,0.1735483676550011,0.017411560144980603,0.014194289222359657,0.0011808620765805244,0.0027330101002007723,0.05406799912452698,0.07366300374269485
672,0.0009794667217886287,6.80075546851043e-05,1.3146228790283203,0.5660881400108337,0.004096234359495486,0.001011502514023625,0.010492302540867323,0.0010425651694613318,0.012979745864868164,0.002876493614166975,0.0007839099853299558,0.004025000147521496,0.007015999872237444
673,0.000707446781589846,6.328804636813784e-05,0.9899911284446716,0.6818158775568008,0.00012081215839809304,0.0005595666567701405,0.022660920036393823,0.0015439013532285006,0.010790491476655006,0.0008316407911479473,0.0006424100138247013,0.006051999982446432,0.015500999987125397
674,0.0006765848449052814,6.049019670647068e-05,0.7658087611198425,0.6773246675729752,0.002819372096287342,0.0011004210637469097,0.023455515372794555,0.0018698654298616758,0.010374350473284721,0.0004795263521373272,0.0004674099909607321,0.00737700005993247,0.01595200039446354
675,0.0025595046218673434,0.00013955365135659707,1.5289838314056396,0.47572070360183716,0.0019594655067959933,0.0019123998180966151,0.1187673692818052,0.01245496384577973,0.011587695218622684,0.0009227180853486061,0.0023909099400043488,0.024236999452114105,0.06691300123929977
676,0.0016312717731915036,7.67889970240299e-05,1.644307255744934,0.43092799186706543,0.00620847196050794,0.0012361633530479114,0.05205334760380886,0.005027937925333369,0.010255381464958191,0.0003190748393535614,0.0016922099748626351,0.020919999107718468,0.024883000180125237
677,0.0019134167366037722,0.00011042179211530822,1.4317913055419922,0.5750395953655243,0.006300988315156023,0.0014197375732541559,0.09052641202849948,0.010551609130057461,0.010894879698753357,0.0008157845586538315,0.0020510100293904543,0.030594000592827797,0.04079899936914444
678,0.0014239198246758136,0.00010780498104944944,1.1427745819091797,0.7116775810718536,0.006667882847547299,0.0014293247937056078,0.10235362435824083,0.012977188999461944,0.010488748550415039,0.0005701705813407898,0.001455910038203001,0.03687899932265282,0.046226002275943756
679,0.0006136014555483211,5.828731702616413e-05,0.9142019748687744,0.662805050611496,0.0024084953672107983,0.000773076929508539,0.007454039687655798,0.0006527113193451994,0.012217821553349495,0.0024999696761369705,0.0004975100164301693,0.0025480000767856836,0.004865000024437904
680,0.0007095015368686068,5.482001205909463e-05,1.4814616441726685,0.5185426771640778,0.002583238172901216,0.0008802775220094998,0.013935436413973736,0.0010727719968550578,0.010982636362314224,0.0011780941858887672,0.0006004099850542843,0.004000999964773655,0.00974000059068203
681,0.0006424952351169388,6.540945186581467e-05,0.9387405514717102,0.6907880753278732,0.0033029867517322484,0.0011703044503575536,0.0171473879726033,0.001396051962404039,0.011930889450013638,0.001857601571828127,0.0005455099744722247,0.004511999897658825,0.013645999133586884
682,0.0006098282093017887,6.0371487937596017e-05,1.0323591232299805,0.7014715671539307,0.002603571709511015,0.001151575489077066,0.024844269987303557,0.001945208583151066,0.010461527854204178,0.0005819341167807579,0.000496510008815676,0.0061980001628398895,0.017754999920725822
683,0.0007619141383350042,7.024420049857273e-05,1.4102108478546143,0.5972954630851746,0.004056673289227824,0.0012721498390456728,0.029945953654326465,0.002453530653537258,0.011470742523670197,0.0012875162065029144,0.000656510004773736,0.006829999852925539,0.022342998534440994
684,0.0006402713358673153,5.846785397836652e-05,0.806305468082428,0.6591429561376572,0.00392945408217705,0.0009364717026763354,0.016402539914158965,0.001281555467636075,0.010521363466978073,0.0006608567200601101,0.0005495100049301982,0.007586000021547079,0.010042999871075153
685,0.0004578032416380831,6.626207421683972e-05,0.6438912749290466,0.6485909149050713,0.0008524011664418808,0.0012713049493636816,0.03683283815128287,0.002548445787557245,0.010492202825844288,0.0006139837205410004,0.0002538900007493794,0.007946000434458256,0.028535999357700348
686,0.0009563288800902838,7.03744532690917e-05,0.6656236052513123,0.6387372612953186,0.002343080535085966,0.001403567218238999,0.03129110736850638,0.002569072817211483,0.01048242673277855,0.0005843592807650566,0.0007825099746696651,0.01057399995625019,0.021019000560045242
687,0.001567525983147619,0.00011453589674923544,0.8502733707427979,0.6915264949202538,0.0008907007679984126,0.001491267679807709,0.10567050804355106,0.012234403010551169,0.010890364646911621,0.0008613653481006622,0.0014237100258469582,0.0199740007519722,0.06752200424671173
688,0.004499587808504391,0.00021388397155427648,1.5548241138458252,0.47064244747161865,0.019345887984800036,0.0015744096461208033,0.32551955765464335,0.047252572871040316,0.014033893123269081,0.0009324694983661175,0.004623409826308489,0.09187500178813934,0.08113700151443481
689,0.00046243657453502084,5.496819664572232e-05,0.6840813755989075,0.6488592475652695,0.0033363166983903817,0.0008544583201268222,0.012679669370759943,0.0009439743134360629,0.010698320344090462,0.0009053600952029228,0.0003030800144188106,0.004135999828577042,0.009327000007033348
690,0.0006236342824559397,6.860360357374115e-05,1.190239667892456,0.6759424954652786,0.003184458146830147,0.0012769451796864097,0.02413542247795861,0.0019216057183002698,0.011585208587348461,0.0015021618455648422,0.0004265099996700883,0.005255000200122595,0.018998000770807266
691,0.0007761510016704846,6.005987943477018e-05,1.3512927293777466,0.5895082354545593,0.0035217916426471337,0.0009452812025856942,0.015476974247178272,0.0012793095467203653,0.010998315177857876,0.0011317296884953976,0.0007067099795676768,0.00661499984562397,0.008125999942421913
692,0.0005507716343116706,7.333983350995304e-05,0.7104429006576538,0.6735819429159164,0.0005210831434594925,0.0011702935147416941,0.040375438173471924,0.002908414177813075,0.010828317143023014,0.0008860365487635136,0.0003902500029653311,0.008218999952077866,0.03454799950122833
693,0.001627604212614453,0.00014427236425634186,1.1369754076004028,0.7258880585432053,0.008875582965546566,0.0014586198850125936,0.16550151560626292,0.024867265684930237,0.01050576288253069,0.0005963840521872044,0.0014582100557163358,0.04736600071191788,0.07119499891996384
694,0.0005153954261998814,5.136771071143171e-05,1.2303905487060547,0.6517874449491501,0.0029294825441922375,0.0006891481888611235,0.008636930114268384,0.0006827455822220321,0.01094585470855236,0.0011913594789803028,0.00038255000254139304,0.00406600022688508,0.0045990003272891045
695,0.0006596184333952906,8.219074137880025e-05,1.145057201385498,0.6929143369197845,0.00022679712784306796,0.0009199864471231081,0.04465288606517628,0.003244268791380265,0.012909621000289917,0.0014718412421643734,0.00045501001295633614,0.0052720000967383385,0.03480900079011917
696,0.0004808960189149222,6.258396890928926e-05,1.0909113883972168,0.6974905133247375,0.003354163440124078,0.0012067959330633597,0.02524245306762694,0.001970150282101679,0.011023816652595997,0.0010959734208881855,0.00021937000565230846,0.005923999939113855,0.01820800080895424
697,0.0005256809009232434,6.668195650802699e-05,1.2687089443206787,0.6771609336137772,0.0031461254182053406,0.0013253362686450761,0.029657340674822646,0.0023091657002748175,0.01114659383893013,0.0011572432704269886,0.0004441099881660193,0.007586000021547079,0.02140899933874607
698,0.0012321441678766803,0.00013420866745554442,1.343554973602295,0.6350866258144379,0.0040595471737667555,0.001628606919657481,0.13288266806340757,0.015072430940768981,0.012992661446332932,0.001557725016027689,0.0011935100192204118,0.02603599987924099,0.08855200558900833
699,0.000780957210802009,9.106497602231144e-05,1.1144471168518066,0.703815758228302,4.6375220938147296e-05,0.0003224576906168804,0.08709527075399544,0.00812802671035856,0.01090336311608553,0.0009052017703652382,0.0007379099843092263,0.008603000082075596,0.07502400130033493
700,0.001051465516801532,6.875150065342587e-05,1.378448247909546,0.5952650010585785,0.003972772313663872,0.0012155747817254752,0.03371622515662951,0.0031256129382532735,0.010444073006510735,0.00052986154332757,0.0010763100581243634,0.012006999924778938,0.021244999021291733
701,0.001138112012119105,7.61574968747399e-05,1.1210219860076904,0.6875649690628052,0.003389237590189959,0.0013890428832434932,0.04639913312580852,0.00460968255531399,0.010370796546339989,0.00045310333371162415,0.0010566100245341659,0.015177999623119831,0.03173400089144707
702,0.0009490632576323834,6.724024403984724e-05,1.1345806121826172,0.6658075451850891,0.006701335859561229,0.0011299038137145175,0.02595057704434167,0.002518568689578466,0.010497041046619415,0.0005855117924511433,0.0008894099737517536,0.017191000282764435,0.009425999596714973
703,0.0016158230985648036,8.737645672315139e-05,1.2790101766586304,0.6230882108211517,0.005530248978646283,0.0013591429826705493,0.05400517101242778,0.00596145441426138,0.010614246129989624,0.0006668153218924999,0.0017387099796906114,0.01842300035059452,0.02711699903011322
704,0.0010367911474687822,9.861428287263934e-05,0.5581741333007812,0.6055489927530289,0.007753869713371029,0.0013490345022491687,0.06291203178620419,0.0059595406634939535,0.011553920805454254,0.0013217437081038952,0.0010449100518599153,0.02151699922978878,0.041471999138593674
705,0.0031642156568230835,0.00018780837479969803,0.5674508213996887,0.5733572393655777,0.007008974623791829,0.0016688548175300068,0.21263832703171323,0.029997821637323313,0.012949785217642784,0.001146436668932438,0.0032431099098175764,0.04303999990224838,0.14266599714756012
706,0.0007456855592284218,5.7477662889494604e-05,0.4293052852153778,0.4640470817685127,0.0034646548532603024,0.0007251567844690481,0.008828571257022631,0.0006972974626979168,0.011051986366510391,0.0013743313029408455,0.0006321099936030805,0.004480000119656324,0.006955000106245279
707,0.000968928845749762,6.777642077899603e-05,1.2028214931488037,0.635159432888031,0.0028999860343790567,0.001040368141661482,0.02040007783714298,0.001703145680353858,0.010696562938392162,0.0008245371282100677,0.0009025100152939558,0.006006000097841024,0.012583000585436821
708,0.0013982092969825899,7.204039780639004e-05,1.414329171180725,0.5062392950057983,0.0055358349852126084,0.001006855713015975,0.01952370122141266,0.0018473494290679512,0.010806509293615818,0.0009274780750274658,0.001322809956036508,0.007511999923735857,0.012622000649571419
709,0.000991421331124252,7.619840798804583e-05,0.567240834236145,0.621385969221592,0.004373377104057786,0.0013162071445927514,0.046898611249552934,0.004313705549951377,0.010294590145349503,0.000369376502931118,0.0009855099488049746,0.01741800084710121,0.027295000851154327
710,0.000824511700688937,7.456027766315808e-05,1.1037691831588745,0.7024800330400467,0.0016355391918408638,0.0015991366298752385,0.04401335652943877,0.0038185752480526074,0.010648404248058796,0.0007177293300628662,0.0005387099809013307,0.009607000276446342,0.03186900168657303
711,0.000981360201909963,9.95612172980228e-05,0.589536190032959,0.6413851976394653,0.00010686624306882313,0.0006628494720081381,0.10188053369408884,0.010016424132272522,0.010509150102734566,0.0006126011721789837,0.001022609998472035,0.011090000160038471,0.08608199656009674
712,0.0008088023374275967,8.258514717725436e-05,0.9979994297027588,0.721639946103096,0.0011751392720134783,0.0014767285833951194,0.0586265450376262,0.005181136707678093,0.010763226076960564,0.0008002649992704391,0.000607409980148077,0.01308399997651577,0.034376002848148346
713,0.0007247886309597705,5.956326642668643e-05,0.9842302799224854,0.631296917796135,0.003249861856425708,0.0006676588923513521,0.007487461007856953,0.000652045905159044,0.011168718338012695,0.001488691195845604,0.0006259100046008825,0.004251000005751848,0.0047959997318685055
714,0.0004039208772342931,5.149613410641393e-05,1.052681565284729,0.6902289837598801,0.003388394833905102,0.0008933650373528939,0.013518826887249744,0.0010246957964112928,0.010821767151355743,0.0010093864984810352,0.0001864200021373108,0.005326000042259693,0.009275000542402267
715,0.0009826767024055454,6.169864531273706e-05,1.5116326808929443,0.49181175231933594,0.004558065636865768,0.0009817091771689437,0.018802504368066426,0.0015951325161797907,0.010715106502175331,0.0008534793742001057,0.0010810099774971604,0.007805999834090471,0.012384999543428421
716,0.0006971501580859406,6.218117488909861e-05,0.7220313549041748,0.6687702387571335,0.0035536931250476564,0.0010890281708841392,0.02326683159909492,0.0018401480215081475,0.010432127863168716,0.0005293791182339191,0.0007629100000485778,0.008363000117242336,0.01811799965798855
717,0.0004614326025432852,8.715556542518492e-05,1.196718454360962,0.6965369135141373,4.4067973276019535e-05,0.0003180036070264349,0.07347222625858904,0.006047758505595406,0.012651054188609123,0.0015675867907702923,0.0002591499942354858,0.009328999556601048,0.06202100217342377
718,0.0013831510713234194,7.095779301169165e-05,1.5466471910476685,0.4786219596862793,0.0054391327830790774,0.0011788902047688453,0.03618849350495614,0.003372381108387317,0.010414266027510166,0.0004949653521180153,0.0014020099770277739,0.010741000063717365,0.027334000915288925
719,0.0022589091451608295,0.000124043894791872,1.6895675659179688,0.3432331085205078,0.004150622914241783,0.0015404235711871876,0.08977152231391042,0.0074699387004534545,0.01229432038962841,0.0010243011638522148,0.002380110090598464,0.024483000859618187,0.044499002397060394
720,0.0005670820451002936,5.779248444231838e-05,0.8168182373046875,0.6797625049948692,0.002225159197845952,0.001181890381930857,0.021545809604539702,0.0016613092157146507,0.01050934474915266,0.0006377175450325012,0.0004254099912941456,0.005752999801188707,0.015007000416517258
721,0.0006110540756855118,8.061050626443316e-05,0.9593862295150757,0.7141037434339523,0.006826764568040379,0.0012897997689813173,0.05864394347394171,0.005508131468527532,0.010547821410000324,0.0006536222063004971,0.0006126100197434425,0.02793099917471409,0.027455000206828117
722,0.0011238375157471652,6.833297123707356e-05,1.32328200340271,0.5782278180122375,0.0018790503502687248,0.0010524683708666859,0.018897158815618393,0.0015622092897037004,0.010694730095565319,0.0008605881594121456,0.0010147100547328591,0.005140000022947788,0.013732999563217163
723,0.0008009351523481179,8.300375734285169e-05,0.7737960815429688,0.6763364598155022,0.0021631616172007356,0.0017932860448913166,0.033602528326613784,0.0026517941051714435,0.011870182119309902,0.001507097389549017,0.0006453099776990712,0.006310999859124422,0.025759000331163406
724,0.0009038312455094203,8.570348921065312e-05,0.5027036666870117,0.551409412175417,0.0024649766027343544,0.0017421162145128742,0.02629584104867005,0.002012675572324287,0.012172914110124111,0.0018944228067994118,0.0008418100187554955,0.007234999909996986,0.02053600177168846
725,0.0010528003478066236,7.416481352561454e-05,1.637569546699524,0.406064510345459,4.8485376368741756e-05,0.00033998642429430457,0.03871283543598598,0.0024882964851101405,0.012346182018518448,0.0010693981312215328,0.0010109100257977843,0.007946000434458256,0.02676299959421158
726,0.0011866214922761236,7.424366307709853e-05,0.7713700532913208,0.6285390406847,0.0036386838129218485,0.0012148252345211704,0.02872547454150828,0.002598513604878989,0.01055059116333723,0.0006480752490460873,0.0010657099774107337,0.009171999990940094,0.02092299982905388
727,0.0014542526248116294,7.580906606139044e-05,1.3376543521881104,0.5705917179584503,8.933088655795433e-05,0.0005449770531922518,0.043158563996331126,0.0039384829161121515,0.010573230683803558,0.0005893055349588394,0.0012921099551022053,0.010741000063717365,0.02416200004518032
728,0.0008804216313875742,9.151242458996125e-05,1.0206280946731567,0.6963302493095398,4.2149421873033095e-05,0.0003138007709296876,0.07774424905165657,0.0068849125318258125,0.013708925805985928,0.0014440598897635937,0.0007814100245013833,0.011447000317275524,0.0619639977812767
729,0.0006183406775902381,5.725352146019111e-05,0.5653722286224365,0.5732314437627792,0.003894224290403049,0.0007903621597792428,0.009168940102964464,0.0007717185979615503,0.011156649328768253,0.001452950295060873,0.0005768099799752235,0.004290000069886446,0.0073979999870061874
730,0.0003395139028434648,7.653782696912038e-05,1.0378758907318115,0.7165054529905319,2.9539049644437293e-05,0.00018810894523273207,0.059565115622715624,0.004316235136711061,0.015012243762612343,0.0016656476072967052,0.0001831700064940378,0.004844999872148037,0.047985997051000595
731,0.0038652599528147826,0.00018739975070926665,1.6212737560272217,0.42116475105285645,0.014117021630075869,0.0015212882400367648,0.26998009991499156,0.0347397407438388,0.013679792173206806,0.0009493282996118069,0.004243509843945503,0.07550399750471115,0.08143500238656998
732,0.001487348137297117,8.810616119129936e-05,0.852717936038971,0.6054557412862778,0.00013613798571213124,0.0007821652593019618,0.05064954387090275,0.004369988726070587,0.013924699276685715,0.0011833738535642624,0.0013379099546000361,0.009379000402987003,0.03603900223970413
733,0.0011693204887302728,7.215550152704403e-05,1.0328826904296875,0.6705091893672943,0.0048823500292012375,0.0011746122344995624,0.029192159799971543,0.0028531589755781996,0.010388416238129139,0.0004816385917365551,0.0011340100318193436,0.01095999963581562,0.018988000229001045
734,0.001233327796974232,7.499053959814854e-05,1.3254029750823975,0.655599981546402,0.0032234171845564666,0.001355051659929812,0.0466407520913006,0.004864072672126737,0.010237767361104488,0.00029451726004481316,0.0012948099756613374,0.01760300062596798,0.029016999527812004
735,0.0007395093872497595,6.035727043604035e-05,0.6941154599189758,0.6128662154078484,0.0047851456636273946,0.0008349810021998369,0.010649657572720803,0.000920651624551079,0.0108324671164155,0.0010810238309204578,0.0006873100064694881,0.004290000069886446,0.00927400030195713
736,0.0009750727889681773,6.25495300302241e-05,1.4652482271194458,0.5094963014125824,0.0045204075668576855,0.0009009792957205881,0.013120724918735532,0.0011528600493815903,0.011140221729874611,0.001324409618973732,0.0009360099793411791,0.006279999855905771,0.009161999449133873
737,0.0009479895307685475,6.020872737312014e-05,1.5990879535675049,0.4477858543395996,0.0026118476551338543,0.0010963194723437424,0.02683805211111049,0.0021315571542207933,0.010374285280704498,0.0004570311866700649,0.0008950100163929164,0.007381000090390444,0.01619499921798706
738,0.0007932633695270856,6.54414100811482e-05,1.0054028034210205,0.6959451586008072,0.003898632887910403,0.0011662288340379837,0.0293744118134936,0.002554208861020899,0.010457232594490051,0.0005564922466874123,0.0006440100260078907,0.008255000226199627,0.021006999537348747
739,0.0008493080246340336,8.432519093113798e-05,1.2259373664855957,0.6690619885921478,0.005371308883527103,0.001341311556798004,0.040116296915060995,0.0034138485526320553,0.013440268114209175,0.0017286981455981731,0.0008332100114785135,0.00901500042527914,0.03340800106525421
740,0.0010534351450648708,0.00010659624845626959,0.6735599637031555,0.6722768545150757,0.0019300326725663671,0.0018770011902714122,0.08657853551547205,0.008338685790300303,0.011089971289038658,0.0010387343354523182,0.0009070099913515151,0.02096400037407875,0.062213998287916183
741,0.006062745051315709,0.000266010219232228,1.4925885200500488,0.5007024705410004,0.020995467726905966,0.0018135651729591536,0.5525533060649553,0.08863208890572033,0.015210077166557312,0.0008948608301579952,0.00661000981926918,0.10429999977350235,0.19573399424552917
742,0.002648779909059941,0.00011895194352519413,1.4486241340637207,0.5879771113395691,0.005341315827677459,0.0015216362117915674,0.11138481939017757,0.014774417366551086,0.01029063481837511,0.0003439001739025116,0.00281161000020802,0.0307219997048378,0.04801299795508385
743,0.00054758432044097,5.431003656969488e-05,0.7082920670509338,0.6435334458947182,0.004718884315779435,0.0007539422654802672,0.008025535497596133,0.0007269604860347017,0.010966924950480461,0.0012930138036608696,0.0003868000057991594,0.004290000069886446,0.00571299996227026
744,0.0009011597749003585,6.458588958922914e-05,1.3737564086914062,0.5778550505638123,0.003908996974720949,0.001006809594017975,0.01657713075938437,0.0014142900611272052,0.011188815347850323,0.0012968964874744415,0.0007658100221306086,0.005628999788314104,0.012292999774217606
745,0.0010894591263928496,7.872523900270204e-05,0.47976502776145935,0.5210078433156013,0.0005104329141103641,0.001125772207559146,0.0405018558034363,0.002950680540597255,0.010746339336037636,0.0007772543467581272,0.0008655100245960057,0.011106000281870365,0.0266720000654459
746,0.0018741300761320212,0.00010965577196044615,1.101677417755127,0.7415340542793274,0.007861888604487211,0.0014318327750139324,0.10174173945294901,0.015396236297293905,0.010254906490445137,0.00031524011865258217,0.001969909993931651,0.03717700019478798,0.049180999398231506
747,0.0005967698915551689,6.738146023228911e-05,1.2367396354675293,0.6600021719932556,0.0006464855109836977,0.0011918768066508728,0.02103823260779908,0.001439005586440903,0.014006958343088627,0.0023585986346006393,0.0003464900073595345,0.002346999943256378,0.01566699892282486
748,0.0005434211146522416,5.394223984499805e-05,0.5902316570281982,0.5933970734477043,0.0024792223660154065,0.0006558323739086987,0.007826989330811163,0.0005944625816055706,0.010878829285502434,0.0012110196985304356,0.00040921001345850527,0.004031000193208456,0.004966000095009804
749,0.0006996361419348787,6.367141333756834e-05,1.400589108467102,0.5959423780441284,0.003255624269607694,0.0011578934396378033,0.019803087323075463,0.0015776832591088922,0.011441104114055634,0.0014668125659227371,0.0006473099929280579,0.004844999872148037,0.015498999506235123
750,0.000430027318528409,4.9580170009619795e-05,1.332991600036621,0.616759866476059,0.004291808759204893,0.0008364352218231173,0.009884345337735245,0.0008457512926948905,0.011395890265703201,0.0016572359018027782,0.00026942999102175236,0.005166000220924616,0.00609700009226799
751,0.0007222977291381096,6.891942429185466e-05,0.43145570158958435,0.5003146193921566,9.047273022924129e-05,0.0005504363488420267,0.036273812240228936,0.0021664420730577102,0.010617527179419994,0.0006727944128215313,0.0005296100280247629,0.006982999853789806,0.025844000279903412
752,0.0012943556766612714,8.983702751948165e-05,0.6483545899391174,0.586810939013958,0.00037799394768751356,0.0011542099310035431,0.08170046553382067,0.006967739666783768,0.016369236633181572,0.0013913316652178764,0.001135010039433837,0.007511999923735857,0.07762400060892105
753,0.0009648056761639206,8.611750690005131e-05,1.2244271039962769,0.6626480519771576,0.001826670011597709,0.0017457120105297107,0.04669055438590731,0.004106129883431758,0.011441719718277454,0.0012039700523018837,0.0008126099710352719,0.008891000412404537,0.03592199832201004
754,0.000945986447045756,6.863983321783474e-05,0.6077889800071716,0.608028344810009,0.0027484320653349357,0.0013477789153127238,0.030930628942911022,0.0025578887779951417,0.010416483506560326,0.0005168425850570202,0.0006672100280411541,0.008469999767839909,0.021953999996185303
755,0.0010166838760326958,6.437619271382113e-05,0.7477247714996338,0.5814416110515594,0.005828013816220771,0.0008452918144503624,0.013049529812387673,0.0011842951528158669,0.010398799553513527,0.0005209161899983883,0.001080609974451363,0.009096999652683735,0.008151000365614891
756,0.0017196583054545648,0.00011290436117019015,0.9366192817687988,0.6651468425989151,0.005967387690198556,0.0014627368879387313,0.0737000665888129,0.008245911646312186,0.01240791380405426,0.0012795948423445225,0.0016245100414380431,0.023243999108672142,0.04446300119161606
757,0.0014384936953513216,0.0001337275014903675,1.3035508394241333,0.6482758820056915,0.01128712815372117,0.0013615791383324678,0.13507814079986025,0.017591385556480786,0.01283516176044941,0.0015642531216144562,0.0012990100076422095,0.05044100061058998,0.048757001757621765
758,0.004146225259152233,0.00015289004044203094,1.6238658428192139,0.38033849000930786,0.01706862731913242,0.001448837023550074,0.2393958374776867,0.02689273760820589,0.015947792679071426,0.000961769837886095,0.0048392098397016525,0.07344900071620941,0.07615300267934799
759,0.0006173350089870689,5.3774486869718834e-05,0.5512035489082336,0.5232819840312004,0.001701083087699893,0.0005522891391208061,0.005608805406995624,0.00044766464235531517,0.01154344528913498,0.0019605727866292,0.0004330099909566343,0.0025480000767856836,0.0033259999472647905
760,0.000687248212362452,5.9319394934555605e-05,0.7541922926902771,0.6075071394443512,0.0032959515118468684,0.0006014485717877002,0.004766494023446844,0.0004900527742554305,0.012217188253998756,0.0027310680598020554,0.0006274100160226226,0.004025000147521496,0.002681999932974577
761,0.000700630092654735,5.9776984992757e-05,0.6027194261550903,0.578862763941288,0.004852345427612277,0.0008871631072176231,0.011953382217300189,0.0010026547909896561,0.010928109288215637,0.0011225594207644463,0.0005954100051894784,0.006829999852925539,0.007047000341117382
762,0.0009073665089868923,7.801878873479076e-05,1.1252217292785645,0.6883207112550735,0.0043354142575049315,0.0013265499019180645,0.04096241105741782,0.0036880527788798433,0.011035420000553131,0.0009975009597837925,0.0008390099974349141,0.008363000117242336,0.037324998527765274
763,0.0012115959444940524,7.186522629489954e-05,1.3660569190979004,0.5751411020755768,0.0052629364108771875,0.0011820501416344572,0.029073417773977678,0.0027056415783755037,0.010678783990442753,0.0007724426686763763,0.0012535100104287267,0.009607000276446342,0.020392000675201416
764,0.0014377105233213151,7.669619248741372e-05,1.4190423488616943,0.5148007571697235,0.0025591463427590603,0.0012479825877538436,0.027392841883667977,0.0024408821856753797,0.010858338326215744,0.0009171203710138798,0.0014657099964097142,0.009498000144958496,0.017477000132203102
765,0.001405174792935752,6.944377869515131e-05,1.3523545265197754,0.5716705024242401,0.006390243909411182,0.001077315811120382,0.027747673514660467,0.002932020250698681,0.010268623009324074,0.0003478610888123512,0.0014763099607080221,0.013299000449478626,0.015158000402152538
766,0.0005646825299358892,5.819025622440146e-05,1.1377116441726685,0.6908867210149765,0.0024403741559746706,0.0011083827434006522,0.02145501893010664,0.0016400764614684597,0.010673034004867077,0.0008041169494390488,0.0003480300074443221,0.004135999828577042,0.015456000342965126
767,0.0009436010757994265,7.732691806607483e-05,0.7329711318016052,0.6467341929674149,0.0010184983259696131,0.0013668553159966472,0.02982545535182002,0.0023484881492777943,0.011212986893951893,0.0011837095953524113,0.0007947100093588233,0.005532999988645315,0.022238999605178833
768,0.0005861193498372198,5.6567130469010855e-05,0.683641791343689,0.6446542292833328,0.0029383153371883557,0.0009618934487826264,0.01739472630056411,0.0012851481636700912,0.010412979871034622,0.000536763109266758,0.00038949999725446105,0.00585100008174777,0.010635999962687492
769,0.0005661603651010977,6.621528456236304e-05,0.7352091670036316,0.6734137907624245,0.004282270048357631,0.0011767935176557154,0.02294996498385778,0.0017776682992308532,0.011238517239689827,0.0012735705822706223,0.0003431799996178597,0.00698000006377697,0.015925999730825424
770,0.0008462725643491263,6.665942875677395e-05,1.157938838005066,0.6891980618238449,0.0010715674715478835,0.0012348455891320169,0.02971622324061047,0.002425035896570279,0.010463240556418896,0.0005616191774606705,0.0007795100100338459,0.007782999891787767,0.01976799964904785
771,0.0004872667649085623,5.938746825435678e-05,0.9757778644561768,0.7013275772333145,0.0029683467315940594,0.0011886875515425485,0.022036833237759533,0.001706434837212653,0.010881003923714161,0.0010090717114508152,0.00034779999987222254,0.007946000434458256,0.013987000100314617
772,0.0010260217305736014,6.691414484646545e-05,1.3222819566726685,0.6156539022922516,0.0025423818189598394,0.0012073213593095547,0.02664082802277465,0.0023230421926797203,0.010501154698431492,0.0006040171720087528,0.0011055100476369262,0.010815000161528587,0.015587999485433102
773,0.0011172424794564987,7.245913416743625e-05,0.6356015801429749,0.588179312646389,0.003807093876971307,0.0011871178965669558,0.026609482614245897,0.0022714651979811647,0.010607728734612465,0.0007313382811844349,0.0010462099453434348,0.01252800039947033,0.01466899923980236
774,0.0018342548769763529,0.00011661551879930238,1.436640739440918,0.5503473877906799,0.005235910728390495,0.0014618001475253887,0.0829373295541339,0.008835768373586184,0.011613354086875916,0.0010757725685834885,0.0019171100575476885,0.025614000856876373,0.05086899921298027
775,0.0008815751356853966,7.106513636251751e-05,1.2597874402999878,0.6425891816616058,0.00016799219566132473,0.0007428344488384476,0.037881824788144135,0.0029909537529261426,0.010810057632625103,0.0007919669151306152,0.0007499100174754858,0.009379000402987003,0.025090999901294708
776,0.0006939769914047447,0.00014129797535017988,0.9050916433334351,0.716415524482727,0.00812521946349968,0.0013973962728630889,0.17058189633782186,0.0231247298697118,0.011853557080030441,0.001695623155683279,0.0006998099852353334,0.04781100153923035,0.09627299755811691
777,0.003437466163688989,0.000172052084353254,1.6785740852355957,0.37206101417541504,0.009789775308707147,0.001485847821329927,0.173704139743699,0.01918724525830548,0.01095527783036232,0.0007387250661849976,0.0032411098945885897,0.048416998237371445,0.06116200238466263
778,0.000845947881089971,6.74583118444989e-05,0.5309450030326843,0.5746877193450928,0.002573783734825123,0.001256480780752272,0.024941295742969407,0.001957590058668012,0.010556340217590332,0.0006846580654382706,0.0005783099913969636,0.00661499984562397,0.016090000048279762
779,0.000786534649052703,5.8713821561826604e-05,0.44698381423950195,0.4835122674703598,0.0040956452301731845,0.0007991965843036119,0.011651723141766308,0.0008811624749172934,0.010642344132065773,0.0008070440962910652,0.0006017099949531257,0.007263000123202801,0.00622999994084239
780,0.0008688943825959584,6.916650968625973e-05,0.9332652688026428,0.7020676881074905,0.002671511802788838,0.001404623075080417,0.03156028946769459,0.0027262482536093598,0.010490916669368744,0.0005975705571472645,0.000828909978736192,0.008511999621987343,0.020930999889969826
781,0.0009526750214681966,6.314666319709206e-05,1.3197479248046875,0.6002035439014435,0.004131526695696824,0.0010244724080468147,0.022863377975054645,0.002013111301051699,0.010441552847623825,0.0005422541871666908,0.0010415100259706378,0.009379000402987003,0.013063999824225903
782,0.0011320737780767635,0.0001148433898539345,0.7189364433288574,0.6561867669224739,0.0007121781637826435,0.0014060651097801823,0.09107778405064446,0.008787803498166914,0.01205359771847725,0.0014189365319907665,0.0009539099992252886,0.015157000161707401,0.06944099813699722
783,0.0010901627076226798,8.135578131706364e-05,1.1922833919525146,0.6855622828006744,0.005628571133281945,0.0013174050605725008,0.05211480839742016,0.005315988649858043,0.010653844103217125,0.0006936332210898399,0.0010618099477142096,0.022281000390648842,0.0227190013974905
784,0.0024305884593497896,0.0001415561368378346,1.5572214126586914,0.4757285714149475,0.00790490703224018,0.0014764988431218446,0.1388634718914207,0.015860328665421863,0.012448511086404324,0.001099953893572092,0.0025029100943356752,0.04303999990224838,0.055254001170396805
785,0.002539085884107787,0.0001671374794909124,1.6484565734863281,0.4400266408920288,0.010404691297312533,0.0014578456482752548,0.1961685136774259,0.02452262988529466,0.01102510653436184,0.0008475114591419697,0.0028590098954737186,0.05770900100469589,0.08794999867677689
786,0.0005955262553181833,5.7711845804021226e-05,0.6335695385932922,0.6368009001016617,0.0010714533536115753,0.0010670262782133777,0.016988913330203078,0.001155127226467309,0.010480252094566822,0.0006397534161806107,0.00047600999823771417,0.003003000048920512,0.012490000575780869
787,0.00048223796116383835,5.2626083153374113e-05,0.88926100730896,0.686559408903122,0.005093915706068581,0.0008779886081979691,0.012117915116740645,0.001021943311665499,0.010712381452322006,0.0009076925925910473,0.0003989500110037625,0.008553000167012215,0.006326999980956316
788,0.0006966505038044568,6.15182997227445e-05,1.0141911506652832,0.6717838644981384,4.4981824958609835e-05,0.0002632406231748421,0.02062165065301319,0.0013430896063101796,0.01087181456387043,0.0008480367250740528,0.0005352100124582648,0.004000999964773655,0.014776000753045082
789,0.000733936559417466,6.000683603984741e-05,0.7910231947898865,0.6475386098027229,0.003450917220525011,0.0009117411641466195,0.015470526720568097,0.0012143429941714754,0.010625053197145462,0.0007955324836075306,0.000601509993430227,0.005166000220924616,0.011734999716281891
790,0.0007830749980597252,6.371497636946432e-05,0.49472755193710327,0.5432051829993725,0.0001117725284476987,0.0005464720572608871,0.023533567617292764,0.0014047917879553493,0.010568994097411633,0.0006429846398532391,0.0006063099717721343,0.006134999915957451,0.015009000897407532
791,0.0009550461050983755,6.542574695763846e-05,1.6383812427520752,0.4154781103134155,0.0016818016143274675,0.001348724003272513,0.026074172368421033,0.0019503083503298081,0.010905059054493904,0.0009903502650558949,0.0008804100216366351,0.006951000075787306,0.01831500045955181
792,0.0006004379479121935,6.139239794630369e-05,0.5619062781333923,0.6001312881708145,0.0015302813991782825,0.001400389096700199,0.02626447619580931,0.0019022964906145572,0.01038898341357708,0.0005101794376969337,0.0004512100131250918,0.007720999885350466,0.01734200119972229
793,0.0006644711792376994,5.648175260181902e-05,0.3622552752494812,0.43105729296803474,0.006192415707775917,0.000936734919138349,0.016128471183143006,0.001289223571037914,0.010307925753295422,0.0003955252468585968,0.00048580998554825783,0.008363000117242336,0.011196999810636044
794,0.001283998792312118,6.514857342110499e-05,1.4189012050628662,0.5003288686275482,0.005199995180653231,0.0008989706184471071,0.01813853228416563,0.0016526363871742361,0.010323888622224331,0.00042321765795350075,0.0013742099981755018,0.01259899977594614,0.008901000022888184
795,0.0014154868775876075,8.673746822864014e-05,1.4014192819595337,0.5858404636383057,0.002111007770502225,0.0018061637933048146,0.058578963117820015,0.005798960802223599,0.010537989437580109,0.0005961437709629536,0.0013134100008755922,0.016509000211954117,0.032812997698783875
796,0.0004235711988209283,5.879404301572757e-05,0.5958928465843201,0.6308276206254959,0.00022411197315266453,0.0007312380669721203,0.023452322196612457,0.001332031624103851,0.010595475323498249,0.0006967424415051937,0.0004023500077892095,0.004290000069886446,0.018202999606728554
797,0.0007077404528725213,6.371614016183766e-05,0.9879336357116699,0.693838432431221,0.002666452415852602,0.0011735812586416467,0.022793923183657853,0.0017927176655881377,0.010713824070990086,0.0008560274727642536,0.0004541100061032921,0.005532999988645315,0.016093000769615173
798,0.00045800987691134193,5.5798749967725803e-05,1.0779149532318115,0.706083282828331,0.0024434252515176573,0.0011724337620871122,0.022988790263937228,0.0017670752489022876,0.01043731439858675,0.0005486621521413326,0.000405080005293712,0.008603000082075596,0.013794000260531902
799,0.0010077180838597023,6.707307213216375e-05,0.800956130027771,0.6056502163410187,0.004026586902683989,0.0008537341356015147,0.013479549824328113,0.0011185173423876957,0.01050627138465643,0.0006662220694124699,0.0008182100136764348,0.005752999801188707,0.009484000504016876
800,0.0008382401406586276,7.333215668460172e-05,0.9620000720024109,0.7011602073907852,0.001259818383709607,0.0014584178337665806,0.031819592006157305,0.0025772805946028005,0.010813387110829353,0.0009180400520563126,0.0007801100146025419,0.006835999898612499,0.023122001439332962
801,0.001063164824578554,6.541625799079767e-05,1.081954002380371,0.6590739339590073,0.004194976573320036,0.0009902336167030795,0.022620437951232846,0.0021557653180728983,0.010231866501271725,0.0003050318919122219,0.00109011004678905,0.007805999834090471,0.017761999741196632
802,0.00088547433846409,6.267307241260544e-05,1.2039661407470703,0.645123228430748,0.004662262741791127,0.001018670924559168,0.02010241187994485,0.0017790581850921864,0.010477474890649319,0.0005948347970843315,0.0009096100111491978,0.008193000219762325,0.013214999809861183
803,0.0008802747104020296,6.25374207589381e-05,1.2923024892807007,0.6247152984142303,0.005395317915100806,0.0010586766164241857,0.023491210652104327,0.0021550024243424688,0.010391967371106148,0.0004872898571193218,0.0010329099604859948,0.009379000402987003,0.016529999673366547
804,0.0015764336803667858,8.18886411458891e-05,1.4432488679885864,0.5112504959106445,0.0022133949666040204,0.001623057471682653,0.038047391587517077,0.0035229452143784486,0.010725926607847214,0.0007610493339598179,0.0015945100458338857,0.011447000317275524,0.020729999989271164
805,0.001626447514597939,0.00011097119179735205,1.4847207069396973,0.5310261845588684,0.00846267918502658,0.0013777507434602526,0.0840328717436351,0.008767749633898592,0.013328401371836662,0.0013519604690372944,0.001765209948644042,0.029888000339269638,0.04759100079536438
806,0.0004101891612219268,4.896661296269368e-05,1.1401658058166504,0.6722474098205566,0.0018551966023848078,0.0006556900258528653,0.006370604178178221,0.0005349814204369499,0.011794475838541985,0.0021485495381057262,0.00020286999642848969,0.0020179999992251396,0.00356299988925457
807,0.0005189548963407642,5.333152701484636e-05,1.1342886686325073,0.6710863709449768,0.0030449947610376466,0.0008523671450795091,0.013284205946678198,0.0010124449482152818,0.010761257261037827,0.0009381910786032677,0.0003001999866683036,0.004734000191092491,0.00788399949669838
808,0.000823696899522982,6.246428296547031e-05,1.1682405471801758,0.6183435916900635,0.00414264635640508,0.0008325522847167663,0.010842345168487779,0.0009597566218762397,0.011148940771818161,0.0013737664557993412,0.0006782099953852594,0.0052720000967383385,0.0057669999077916145
809,0.0013251647314565461,9.031340191503116e-05,1.074647307395935,0.6428133845329285,0.0002845354429083095,0.001051043856278201,0.04595462186954901,0.004113587091406853,0.012072318233549595,0.0011954791843891144,0.0012322099646553397,0.00974700041115284,0.032478999346494675
810,0.0008139952703864545,6.557926078931751e-05,0.9481214284896851,0.6673411279916763,0.0025357649882057787,0.0010475917606801836,0.017201034856657055,0.001384348785433892,0.010921990498900414,0.0010985778644680977,0.0008527099853381515,0.006006000097841024,0.010692000389099121
811,0.0008210179559786704,7.29685917416197e-05,1.266230821609497,0.6501004993915558,0.0012281496246368212,0.0014238637209567741,0.03658888101134318,0.003062906109221511,0.01083644200116396,0.0009048497304320335,0.0007070099818520248,0.007579000201076269,0.028706001117825508
812,0.0009281144571849259,7.504078693196692e-05,0.7174687385559082,0.629210576415062,0.0017060013484988448,0.0015202591651957522,0.023070335903561803,0.0017947186721097574,0.011143950745463371,0.0012933225370943546,0.0009511099779047072,0.009192000143229961,0.015297000296413898
813,0.001604079706506097,9.063955295855015e-05,1.5809118747711182,0.45354992151260376,0.006350934157134362,0.0013274159626773404,0.05328041832638249,0.0049954679704149775,0.01108136773109436,0.0009256415069103241,0.001712910016067326,0.01994200050830841,0.02973099984228611
814,0.000961108349873476,7.376450434973004e-05,0.7051170468330383,0.6430200859904289,0.0001369167961115678,0.0006709455498370702,0.03534256948384233,0.002655498685440901,0.010771616362035275,0.0007675555534660816,0.0007882100180722773,0.00585100008174777,0.02601800113916397
815,0.0005713029348372317,6.645928842800419e-05,1.0292401313781738,0.690851017832756,7.801164970359349e-05,0.00046851980116659284,0.026430488689219874,0.0016576513682889232,0.011547262780368328,0.0011887741275131702,0.0003605799865908921,0.00673400005325675,0.016652999445796013
816,0.0007560334184096137,6.022035908745746e-05,1.2168376445770264,0.6643095463514328,0.0039644127437716715,0.0010107948691716938,0.02324828620649305,0.0019963753394325236,0.010299742221832275,0.00038977712392807007,0.0006663100211881101,0.007348999846726656,0.016162998974323273
817,0.0006754306803028826,5.9268895188005065e-05,0.8535687923431396,0.685628741979599,0.0033010706807005074,0.0010422417414414444,0.02089540704209048,0.001646878649450548,0.010401632636785507,0.0005096239037811756,0.0007119100191630423,0.010122999548912048,0.010592999868094921
818,0.0008322508176404834,9.873821474094379e-05,1.3583836555480957,0.6338154971599579,0.0001436054793473132,0.0007586254351958096,0.0993116545643386,0.009409374348925421,0.013463584706187248,0.0015322258695960045,0.0007787100039422512,0.014918000437319279,0.06862299889326096
819,0.003906695040363119,0.00021171025538181567,1.0405899286270142,0.6759990304708481,0.018498619336856998,0.0017978126911368398,0.8821511983355271,0.16083759925241853,0.018805239349603653,0.0010134736075997353,0.004665010143071413,0.12494999915361404,0.44480201601982117
820,0.0009017036338655053,7.451251704631217e-05,1.5920498371124268,0.44749683141708374,5.124150847805246e-05,0.0003692668615770086,0.0418163035044965,0.0027660412642672716,0.012545738369226456,0.001138265710324049,0.000732810003682971,0.007946000434458256,0.02613999880850315
821,0.0009951860981541902,6.686396243573003e-05,0.8144178986549377,0.6206842511892319,0.002245426320432257,0.0007977599780916558,0.014836587706013494,0.0011473415546814879,0.010419182479381561,0.0005438798107206821,0.0008384099928662181,0.0042860000394284725,0.010277999565005302
822,0.0007226852392770019,5.9227976789926254e-05,1.2124228477478027,0.654356449842453,0.0016066037463272635,0.0011307552346237315,0.01747499168950044,0.0013375608390299512,0.010681577026844025,0.0008835787884891033,0.0005839099758304656,0.005255000200122595,0.012165999971330166
823,0.0007966000857371339,6.924256430904964e-05,0.8839033842086792,0.6830396354198456,8.527287946666381e-05,0.0005196180885471905,0.03076211899290399,0.0022196594976943707,0.010958069935441017,0.0008892188780009747,0.000587910006288439,0.006279999855905771,0.022381998598575592
824,0.000830682885233657,7.040629255530189e-05,0.9862784743309021,0.6876765191555023,0.002860852871859634,0.0012505289641870907,0.023866122639645732,0.0019853842328878667,0.011180127039551735,0.0012192130088806152,0.0008060099789872766,0.006835999898612499,0.016033999621868134
825,0.001318781898586542,7.416037702750902e-05,1.52974271774292,0.4577047824859619,3.445996974522279e-05,0.0002336562906305598,0.034306586063061986,0.0025138971977787944,0.011371182277798653,0.0008928822353482246,0.0012417100369930267,0.008836999535560608,0.019589999690651894
826,0.0012894202245763511,9.6605667871093e-05,1.4960308074951172,0.5168489217758179,0.0005726390046076132,0.0012576753388924332,0.07820149582199228,0.006691015564254492,0.014058580622076988,0.0012776749208569527,0.0012836100067943335,0.012202000245451927,0.05691400170326233
827,0.0007900898232355444,0.00010223780144837715,0.921249508857727,0.6992841511964798,0.003173332845545263,0.0017871259970622957,0.09900012613082777,0.009640131519428864,0.015699822455644608,0.0018232357688248158,0.0008713100105524063,0.021151000633835793,0.06826300173997879
828,0.0005274697189528768,5.471118658339816e-05,1.4438512325286865,0.5819433927536011,0.002558165898015086,0.0010022242332461077,0.014835919833008986,0.0011556440307635661,0.011448686942458153,0.0015456322580575943,0.0003915599954780191,0.005032000131905079,0.009471000172197819
829,0.0011201713432788995,7.359608260117199e-05,0.5067694783210754,0.5284348577260971,0.001648821251376823,0.0014347281613453222,0.024803815634951314,0.0018360213705832362,0.010759107768535614,0.0009066448546946049,0.0009534099954180419,0.005818000063300133,0.018004000186920166
830,0.0004158133147216942,5.7700832352586804e-05,1.0523488521575928,0.7109713405370712,0.0014065014752758986,0.0013779989752185891,0.02423514084749101,0.0017819303887961976,0.010637430474162102,0.0008104955777525902,0.0002234800049336627,0.007414000108838081,0.014941999688744545
831,0.0012954959395936056,9.192431016369915e-05,0.9689940810203552,0.7335279285907745,0.0061704158787995785,0.0013862947539156185,0.0766126685041897,0.00944923198715119,0.010299190878868103,0.0003780047409236431,0.0010402100160717964,0.027282999828457832,0.030407998710870743
832,0.0014400731780102663,0.00010600250833650321,1.3976209163665771,0.5746617317199707,0.002802745573778269,0.0020078269836715577,0.06121943464996652,0.0057349897356274784,0.011815683916211128,0.0011920798569917679,0.0013347100466489792,0.015931999310851097,0.034182000905275345
833,0.0015379267935627364,0.0001169657298377702,1.4897263050079346,0.5263226628303528,0.0050107586880382355,0.0014809544348696744,0.09300934839214425,0.009510415528560474,0.012337306514382362,0.0012793135829269886,0.0015400099800899625,0.026750000193715096,0.05381200090050697
834,0.0008915099017235372,7.803586510091566e-05,0.4504098892211914,0.5042178146541119,5.44773618790809e-05,0.0004561592332901411,0.032747279258726794,0.0019565610388592655,0.012450968846678734,0.00131139624863863,0.0006614099838770926,0.0052720000967383385,0.02674200013279915
835,0.0008921502933347705,6.128612728801793e-05,1.287118673324585,0.5956029891967773,0.0050486809788521875,0.0008519102271999138,0.012937163178682902,0.001137288798531996,0.010553240776062012,0.0007013622671365738,0.0007900099735707045,0.005828999914228916,0.009341999888420105
836,0.0010681714979327733,7.093158339465126e-05,1.2068408727645874,0.6189826726913452,7.059872282793274e-05,0.0004505866090721197,0.029199845223142985,0.002351740074649937,0.01093197986483574,0.000838257372379303,0.0008865100098773837,0.006845000199973583,0.01916699856519699
837,0.0005484128329460452,6.860031680420818e-05,1.1081053018569946,0.7003187388181686,6.21974668707489e-05,0.00041422639991124503,0.039988327556692564,0.002732824197140639,0.010857738554477692,0.0008424147963523865,0.0003030800144188106,0.007234999909996986,0.02571200020611286
838,0.0009689208669578202,6.465429168514721e-05,1.144489049911499,0.6510965824127197,0.004881575481645451,0.0010396731419258446,0.022503371807554344,0.002085570971159731,0.010376255959272385,0.00047485344111919403,0.0010257100220769644,0.009309000335633755,0.015985999256372452
839,0.0010616612256377927,7.70281203932656e-05,1.0694730281829834,0.6791037321090698,0.0026215412166847077,0.0015036479990668016,0.03051663531896988,0.002670846642105873,0.010955028235912323,0.0010173004120588303,0.0010591100435703993,0.010452999733388424,0.02100599929690361
840,0.0011941602392244585,7.064371538582513e-05,0.7255226373672485,0.6275172382593155,0.002925744201093148,0.0010643952652446172,0.024108328520821568,0.002081466881891283,0.010352482087910175,0.0004589175805449486,0.0013260099804028869,0.01269499957561493,0.014234000816941261
841,0.005508744470196515,0.00019585747454285707,1.7027316093444824,0.31916195154190063,0.01305561339697361,0.0015247275707522528,0.2394739485160903,0.0245918801360253,0.013085944578051567,0.0007120901718735695,0.005917009897530079,0.07054899632930756,0.07452800124883652
842,0.0010481211661904411,7.612196618713102e-05,0.7804202437400818,0.6818643361330032,0.0008983640176279111,0.001316393587486694,0.04701360649676009,0.004183350774712699,0.010387161746621132,0.000475302804261446,0.0010139100486412644,0.011915000155568123,0.03353499993681908
843,0.0008455295532396221,6.528751101819583e-05,0.686737596988678,0.6218669563531876,0.0020127136235568097,0.0009840006359727598,0.015230251371045089,0.0011552093271970116,0.01067373901605606,0.0008936813101172447,0.0008320100023411214,0.004290000069886446,0.012606000527739525
844,0.0008328001785832718,6.806854268794277e-05,0.8031541109085083,0.6436813026666641,0.0014231023989186562,0.001259304837793702,0.01689116881101168,0.001304243995376134,0.011133973486721516,0.0014373366720974445,0.0006387099856510758,0.005140000022947788,0.01123799942433834
845,0.0012189132161793304,6.721846108251794e-05,1.295851469039917,0.5925799310207367,0.002746127537245702,0.0009879903394965166,0.022357275503387754,0.00195743834529509,0.010372171178460121,0.0004718722775578499,0.0010739100398495793,0.006051999982446432,0.017117999494075775
846,0.0005468080888796154,6.015261936109315e-05,0.8540644645690918,0.6985628083348274,0.001953682458843969,0.001254307962480604,0.021678437657956393,0.0016360044633672317,0.01071599218994379,0.0008708853274583817,0.00046181000652723014,0.006314000114798546,0.014561000280082226
847,0.0006548798571047523,7.845961186174087e-05,1.1527302265167236,0.6880794912576675,0.004076029889274798,0.0013924360840525262,0.04918555193812591,0.0038650864681757276,0.015813060104846954,0.0018034172244369984,0.000511610007379204,0.007381000090390444,0.03954099863767624
848,0.0012310718305077735,6.77792397321712e-05,1.50386381149292,0.522458404302597,0.003185110292518165,0.0012109909349234044,0.03473013850631819,0.0031252881713337045,0.010389807634055614,0.0004688161425292492,0.0012567100347951055,0.009607000276446342,0.022565999999642372
849,0.0009787991176574387,8.487035539570431e-05,1.4621376991271973,0.5470432043075562,0.0044903021175273,0.0013963028429631271,0.04231619083330532,0.0035583379066923652,0.012704548425972462,0.0014831596054136753,0.0009485100163146853,0.015584000386297703,0.024089999496936798
850,0.000906108121842729,9.989536627259186e-05,1.1534044742584229,0.6850471198558807,0.004279788242103499,0.0014353707823467896,0.0690353091149754,0.006513350014107362,0.011956688016653061,0.0013976176269352436,0.0007029100088402629,0.018641000613570213,0.04641299694776535
851,0.0004489427098733801,5.395539358213263e-05,0.8684436678886414,0.6847608163952827,0.001974178029629554,0.00086966104694095,0.010383832172869645,0.0008066840817878458,0.011610405519604683,0.0019089169800281525,0.00026046999846585095,0.002761000068858266,0.007153999991714954
852,0.0004885940280963888,6.194766645047732e-05,0.9441816806793213,0.6921280324459076,3.394762549538466e-05,0.00020494746394822893,0.02168919883964786,0.0011972664115599187,0.01154877059161663,0.0011531873606145382,0.00023932999465614557,0.0030849999748170376,0.01625800132751465
853,0.0009524287209512837,6.242657346903032e-05,1.3549854755401611,0.5872871577739716,0.003742995451135452,0.0010263303138560382,0.023334447755832495,0.002011686886841042,0.010393805801868439,0.0004977220669388771,0.0007516099722124636,0.010184000246226788,0.010941999964416027
854,0.0006705218215953168,5.7527582931744955e-05,1.073455572128296,0.6518396437168121,0.003424073175890592,0.000729425238951513,0.00882753412397376,0.0007438053713109734,0.01103719137609005,0.0013503506779670715,0.0004832099948544055,0.004000999964773655,0.005509999580681324
855,0.000982304000064881,6.381023855805132e-05,1.289921760559082,0.6067587733268738,0.0015214081253564413,0.0010596783465966215,0.019241357814829853,0.0014985795936452006,0.010483996011316776,0.0006443196907639503,0.0009346100268885493,0.0050119999796152115,0.012775000184774399
856,0.0008158451616575187,5.218237916666086e-05,1.6173555850982666,0.3971617817878723,0.003846122962589274,0.0007094559729932605,0.008274491204860119,0.000710219833221234,0.011394882574677467,0.0016427244991064072,0.0008089100010693073,0.0052720000967383385,0.004106000065803528
857,0.0005110284421202117,5.82561539718414e-05,0.6667423844337463,0.6463439092040062,0.00019401417091433282,0.0006453027391611667,0.02219968720022604,0.001295110180445841,0.010484517551958561,0.0005929409526288509,0.00033318999339826405,0.005628999788314104,0.015553000383079052
858,0.0009589527707560045,6.214511546585335e-05,1.353922724723816,0.5839488804340363,0.004203439243189054,0.0009571969475042521,0.019528353432417937,0.001671407592967718,0.010383209213614464,0.0004921574145555496,0.0009630100103095174,0.006996000185608864,0.01425699982792139
859,0.0011395186799568768,7.030926023608079e-05,1.3810975551605225,0.5492008030414581,0.0036396647476903757,0.0011101537736243313,0.023717981416948787,0.0020874967608699793,0.011066602542996407,0.001056394074112177,0.0009633100125938654,0.007946000434458256,0.015918999910354614
860,0.0008136713567376922,7.393929022141355e-05,1.3547751903533936,0.6095269024372101,0.002665773286829768,0.0015145215321286248,0.028663597961007738,0.002388436056225374,0.011776908300817013,0.001472553238272667,0.0007304099854081869,0.004153000190854073,0.023347999900579453
861,0.0005054202291504099,5.807923504824267e-05,0.8767733573913574,0.6963791996240616,0.0036193470461866957,0.0010139091137824116,0.017212214288025232,0.0013211459991862417,0.010922959074378014,0.00107521191239357,0.00033964001340791583,0.005861999932676554,0.01230200007557869
862,0.0006705446443352134,6.457854020487175e-05,1.3681010007858276,0.6232277750968933,0.0008274373100119188,0.0011957888724108846,0.028511680249264048,0.0021252584755655033,0.010852908715605736,0.0009318911470472813,0.0004564099945127964,0.006982999853789806,0.018180999904870987
863,0.0008075019743051884,6.051678399001141e-05,1.345158338546753,0.596277266740799,0.0038556044431632603,0.001005498490130731,0.02051956365488445,0.0016888784182856522,0.010555434972047806,0.0006995359435677528,0.0007342100143432617,0.00761700002476573,0.012551000341773033
864,0.0034276164465632114,0.00019630863592188684,0.9876487851142883,0.6819065064191818,0.010174834441289747,0.0016652820223531945,0.2974681062918527,0.049638454145969374,0.014587479643523693,0.0011584935709834099,0.004018010105937719,0.07324600219726562,0.14736399054527283
865,0.0007800265660184468,6.702276810979216e-05,0.9223952293395996,0.6838979423046112,0.0001959178314464203,0.0007315505918793553,0.025423511134285356,0.0018120719655767299,0.010724877938628197,0.0007712827064096928,0.000677209987770766,0.008511999621987343,0.015444999560713768
866,0.0013532437440681008,7.767346978614206e-05,1.50174081325531,0.5215113759040833,0.001758004217890356,0.0016011940958913606,0.0482951296767916,0.004509611994211956,0.010434187948703766,0.0005054562352597713,0.0013345100451260805,0.010805999860167503,0.029698001220822334
867,0.0004291057224913258,6.472439614184635e-05,0.7473995685577393,0.6866467371582985,0.00694954890474596,0.0011854358526624414,0.032518901257067655,0.0027279622853198845,0.010433811694383621,0.000534293707460165,0.0003129699907731265,0.013193000108003616,0.018895000219345093
868,0.0003659019670269515,5.3215603314671426e-05,0.8829421997070312,0.6985445097088814,0.0023705419792941973,0.0009671867095064766,0.009894562909216734,0.0008162190274814346,0.013244543224573135,0.0029472005553543568,0.00018420000560581684,0.001979999942705035,0.007540999911725521
869,0.0006862544086584456,5.733520302599363e-05,0.6038262844085693,0.555019274353981,0.0026548024594280177,0.0005519809769287108,0.004468072982159686,0.0004260717154755825,0.01188482902944088,0.002435294445604086,0.0005591100198216736,0.002346999943256378,0.003047000151127577
870,0.0006463244032780039,5.707697380982903e-05,1.5064400434494019,0.5289841890335083,0.002893140430715373,0.0009934881310253957,0.015476201081817924,0.001206894095993431,0.01129244640469551,0.0014933212660253048,0.000655309995636344,0.004025000147521496,0.010734000243246555
871,0.0004843376599076512,5.698462302669219e-05,1.1018098592758179,0.6992215812206268,0.0001124913397384181,0.0005326064233758449,0.023348062482161414,0.0014726422012507814,0.01053536869585514,0.0006268122233450413,0.00024592000409029424,0.005828999914228916,0.014737000688910484
872,0.0007848675458755631,8.193421779129767e-05,1.2394088506698608,0.6623057723045349,0.003312365584738707,0.0015696956935512215,0.03291001073140096,0.0026610398604494222,0.013989276252686977,0.0019375612027943134,0.000802310009021312,0.008012999780476093,0.022617999464273453
873,0.000864254112328326,6.550140591390604e-05,1.3644945621490479,0.6269822418689728,0.003260507173658638,0.0012807642418786317,0.032155856667140624,0.002765006247164579,0.010438285768032074,0.000534852035343647,0.0007866100058890879,0.00901500042527914,0.023686999455094337
874,0.0022782276197312787,0.00014426208285586782,1.0919396877288818,0.6689974516630173,0.005250884756343937,0.0016177292862767478,0.15163311620491138,0.01981538739619909,0.013553952798247337,0.0012597455643117428,0.002462209900841117,0.029888000339269638,0.09483899921178818
875,0.0019007476629668038,0.00010438107616437696,1.6349408626556396,0.3929160237312317,0.004783588138897971,0.001428285675949898,0.06517656138349713,0.005724220918504039,0.011613041162490845,0.0010045799426734447,0.0019355099648237228,0.01953200064599514,0.03816600143909454
876,0.0022740553599950595,0.00013426323588796208,1.7345436811447144,0.32736772298812866,0.008620029022261213,0.0013871697271931908,0.11903055007101451,0.011132799379544811,0.011361893266439438,0.0009533981792628765,0.002169209998100996,0.04062600061297417,0.053929999470710754
877,0.003562999391777691,0.0001652653997910574,1.5730830430984497,0.43846356868743896,0.01609174160539052,0.0014385057112794013,0.16882049060345253,0.02138778272119174,0.012776879593729973,0.0009567351080477238,0.003608010010793805,0.07344900071620941,0.02848000079393387
878,0.0008082151181267495,6.174169769986682e-05,0.9401891827583313,0.6482516080141068,0.002503547038249646,0.0007925144554822055,0.014012245574205709,0.001057780011559764,0.010477470234036446,0.0006186920218169689,0.0007187100127339363,0.004135999828577042,0.010487999767065048
879,0.0008835960719792034,6.343737890288114e-05,1.2698825597763062,0.6114003956317902,0.003095744391237891,0.0008983065162373204,0.015106212447800726,0.0012526697488848444,0.010763103142380714,0.0009191925637423992,0.0007759099826216698,0.00585100008174777,0.009200000204145908
880,0.0010374185698898385,8.440951219625413e-05,0.8193764686584473,0.6560576036572456,0.0018314495988662977,0.0017044615847929083,0.02433477023719564,0.00205513264503796,0.0120071517303586,0.0017950506880879402,0.0008601099834777415,0.006940999999642372,0.016698000952601433
881,0.0007015830871823014,6.452259030600743e-05,0.920515775680542,0.7034392952919006,0.002110699525855211,0.0015345426944936903,0.0279177116313095,0.002215843723933228,0.010648136958479881,0.0007656537927687168,0.0005449100281111896,0.007234999909996986,0.017935000360012054
882,0.0010708082864792402,8.501889140366233e-05,0.8782287240028381,0.6700854003429413,0.00012049753290005513,0.0007033890793523317,0.048400580843777005,0.004076477206899964,0.011521829292178154,0.0010950337164103985,0.0009718100191093981,0.008425000123679638,0.039003998041152954
883,0.000973562288341373,6.305822076570412e-05,1.2373425960540771,0.6005609333515167,0.006127097768814688,0.000902110382413837,0.014083674297066426,0.0013142347913218649,0.010448943823575974,0.0005734427832067013,0.0009902099845930934,0.009096999652683735,0.009944000281393528
884,0.0015567453903883681,7.832515984097853e-05,1.2588717937469482,0.5514190793037415,0.00546985527703419,0.001128054043529537,0.023513441287437764,0.0023944914403628784,0.011013016104698181,0.0010326197370886803,0.0016949099954217672,0.010143999941647053,0.015633000060915947
885,0.0005445670010879993,5.540043647956331e-05,1.3849658966064453,0.5891916155815125,0.0029094166100719792,0.0009567710726262697,0.011985287272357854,0.0009787547703201506,0.011997648514807224,0.002057878766208887,0.0005016099894419312,0.004379000049084425,0.007943999953567982
886,0.0006931804411623602,5.8240016969578776e-05,1.2602763175964355,0.6341029405593872,0.0012923172250604634,0.001016430936344876,0.014871791266411461,0.0010851178996699462,0.010640978813171387,0.0008876421488821507,0.0005480099935084581,0.0032240001019090414,0.010489000007510185
887,0.002742008941941357,0.00017728118979094755,1.5223228931427002,0.5172412991523743,0.005849637372834078,0.0015823546204303558,0.24586250017315978,0.03176468496109458,0.01390113029628992,0.0011920519173145294,0.0029599100816994905,0.03951999917626381,0.15806899964809418
888,0.0009508133985732936,7.431923164133918e-05,1.0025264024734497,0.7063718885183334,0.004456023549290552,0.001290877959295103,0.04113419250753752,0.003841345904598916,0.010502064600586891,0.0005958718247711658,0.0008723100181668997,0.012090999633073807,0.027527999132871628
889,0.0015952679958444174,7.787696603745679e-05,0.8161759376525879,0.6436358392238617,0.004958555481369608,0.0012595209868756334,0.036366049457489544,0.00387355756397411,0.010369248688220978,0.0004528290592133999,0.0016353100072592497,0.013873999938368797,0.023724999278783798
890,0.0011972874573925932,0.00010217335853779613,0.8803379535675049,0.6901807263493538,0.0050388900360492685,0.0014418244340399819,0.06660361047506327,0.006733915059638326,0.011481985449790955,0.0012072185054421425,0.0011150100035592914,0.025614000856876373,0.03314099833369255
891,0.002434745817956668,0.00022488522143028229,1.1523058414459229,0.7060934752225876,0.01401706955767952,0.001570647190383005,0.3616814080354289,0.06925067409731198,0.012942099012434483,0.001553914975374937,0.002209410071372986,0.08062800019979477,0.1107880026102066
892,0.0008728342849809646,6.138245104394087e-05,1.5220041275024414,0.5030479729175568,8.566231414114645e-05,0.0004652353687798334,0.02963328673363942,0.0020777147184253813,0.010493181645870209,0.0005553490482270718,0.0007057099719531834,0.006041999906301498,0.019884999841451645
893,0.0008027231929494477,6.586937937160442e-05,1.2203915119171143,0.6431024670600891,0.0031632586659951114,0.0011261665974851864,0.018351563343563908,0.0015263808931858785,0.011348742991685867,0.0014154715463519096,0.0007267100154422224,0.006692999973893166,0.01069399993866682
894,0.0011774562683750742,9.3635032208374e-05,1.4937419891357422,0.5230901837348938,0.0005895397021859279,0.001279261995904809,0.06644224827897165,0.005552000820097526,0.013064023107290268,0.0012660911306738853,0.0011731099803000689,0.007234999909996986,0.0534450002014637
895,0.00044327301650903854,7.23863980138007e-05,0.924346923828125,0.7024624645709991,0.00511350608045163,0.001277084566000391,0.029967053221334836,0.002297121664275722,0.012067382223904133,0.0016620303504168987,0.0005285100196488202,0.00953499972820282,0.022489000111818314
896,0.001964755424423265,0.00011726052915094745,1.4166109561920166,0.5513079762458801,0.004619577736645764,0.0015134165826386707,0.08505965568972348,0.0090752390509179,0.011851513758301735,0.0010643699206411839,0.0019070099806413054,0.02466600015759468,0.05091099813580513
897,0.0007525500962853171,0.0001174689667345884,1.1075515747070312,0.7102134674787521,0.006583887463351055,0.0014056923926302044,0.1242341927223038,0.014479977986012423,0.011384326964616776,0.0013109399005770683,0.0007739100256003439,0.033562999218702316,0.08017100393772125
898,0.0009365298322946676,8.30579317217355e-05,1.2102384567260742,0.7010307610034943,0.005189204251453794,0.0013736375175680876,0.06543708015902121,0.00687918788534829,0.010353757068514824,0.00043827667832374573,0.0007646100129932165,0.016852999106049538,0.04043800011277199
899,0.0010135308297069497,6.914948978739105e-05,0.8686701059341431,0.657739669084549,0.0004691213003440945,0.0009197490564558723,0.0271018102064764,0.0021505755182725447,0.010427531786262989,0.0005218801088631153,0.0007617099909111857,0.004734000191092491,0.019652001559734344
900,0.0009228346480158866,7.025776174578109e-05,1.3394246101379395,0.5807569622993469,0.0036836629682122047,0.0011402884139792614,0.016764463989407223,0.0014769382323565972,0.012201528996229172,0.0019320817664265633,0.0008501100237481296,0.0055740000680089,0.01163800060749054
901,0.0007501050171837583,7.709891028466758e-05,0.803146243095398,0.684479683637619,0.0006228076837568243,0.0012347570772834324,0.04366555492023753,0.003360946735297337,0.010894487611949444,0.0009137927554547787,0.00042831001337617636,0.005828999914228916,0.03610499948263168
902,0.0009697659198829396,6.533207224295004e-05,1.1801481246948242,0.6730051189661026,0.0023956842560135406,0.0012294356386516295,0.027538714980993854,0.002405105522148541,0.010345321148633957,0.00043902453035116196,0.0006998099852353334,0.0074800001457333565,0.015545999631285667
903,0.0011108770110335384,8.596583323460612e-05,1.3899950981140137,0.5827178061008453,0.003443799426926108,0.001504643136634064,0.035384017745472264,0.003068706874420405,0.012373839505016804,0.0015006856992840767,0.0010116100311279297,0.009379000402987003,0.024726999923586845
904,0.000877341433937901,0.00010434519718040519,0.8819125890731812,0.7163602709770203,0.005318790838077854,0.0014279360855947367,0.09372087368098549,0.009835867183276427,0.010988255962729454,0.0010111532174050808,0.0007238099933601916,0.02080800011754036,0.05342299863696098
905,0.0007705473576031643,6.917015036022407e-05,1.3034964799880981,0.6205574572086334,0.00019128002360376025,0.0007648261171469968,0.025037264032109985,0.0017957790931021067,0.011898914352059364,0.0013754433020949364,0.0005212100222706795,0.004025000147521496,0.018383998423814774
906,0.0010468439891664907,8.018319543049281e-05,0.989956259727478,0.6829215884208679,0.003086119825982977,0.0014789332800416403,0.03780077474052389,0.0033845271114057614,0.010897950269281864,0.0009120358154177666,0.0009170100092887878,0.006829000078141689,0.029754001647233963
907,0.0007269073228622859,5.947251588689259e-05,1.0841598510742188,0.6699106693267822,0.004433002722788936,0.0009678969622140749,0.01857073562102953,0.001559720320144056,0.010417325422167778,0.0005377987399697304,0.000747009995393455,0.008646000176668167,0.011707000434398651
908,0.003154773066190126,0.00011522872533442684,1.7457153797149658,0.3004072308540344,0.008680519237451209,0.0013776831639368595,0.0989575528484176,0.008933338558060187,0.01037375908344984,0.0004123980179429054,0.0034865099005401134,0.03687899932265282,0.03448199853301048
909,0.0008904494697521806,7.251523951625898e-05,1.1357879638671875,0.6871421933174133,0.0035832230550259477,0.0013155676221047981,0.03911085549140187,0.003550494387116191,0.010595602914690971,0.0006752419285476208,0.0007948100101202726,0.014798999764025211,0.023060999810695648
910,0.0004450730534597412,5.421857718842873e-05,0.5906563401222229,0.6175180077552795,0.0017516344945717778,0.000874989144354637,0.012908328339611664,0.0009126284001121877,0.010754188522696495,0.0009802961722016335,0.0002774700114969164,0.003751999931409955,0.008911999873816967
911,0.0011872978696836753,7.629203156626723e-05,0.8746085166931152,0.6476358026266098,0.0025854116828904817,0.0012152102892076392,0.02329334428903732,0.002017530665673251,0.010824891738593578,0.0009591639973223209,0.0012152099516242743,0.008646000176668167,0.01512099988758564
912,0.0014153571124011844,7.614713517377272e-05,0.97415691614151,0.6179056167602539,0.004156834477797998,0.0010984090083687396,0.02520702334098098,0.0024407366059986477,0.010521510615944862,0.0006241453811526299,0.001327509991824627,0.010511999949812889,0.015042999759316444
913,0.0018665247967073909,0.00010260747939246832,1.164987564086914,0.6482187807559967,0.003923814928530106,0.0015849979736107798,0.06665086790481997,0.007529008084306978,0.01084163784980774,0.0007882332429289818,0.0018712100572884083,0.01669899933040142,0.0446309968829155
914,0.002303689255729426,7.337514253388734e-05,1.713678240776062,0.3168478012084961,0.007226654025958629,0.0011305659627371205,0.03951409571800958,0.0034608836004971257,0.010296161286532879,0.0003673410974442959,0.0024234100710600615,0.01960800029337406,0.019843999296426773
915,0.000877955260579149,6.602749565404198e-05,0.742103636264801,0.6289081871509552,6.443701844059721e-05,0.0003749725767744423,0.02424177409071393,0.001683006971616767,0.010589526034891605,0.0006419052369892597,0.0007155099883675575,0.004170000087469816,0.018602998927235603
916,0.0009810418545476741,6.964849366371462e-05,0.8688322901725769,0.6350746005773544,0.0002575304521795355,0.000736222716157813,0.019597344516372166,0.0014565020063159843,0.01070502121001482,0.0008333595469594002,0.0008497100207023323,0.0048859999515116215,0.013631000183522701
917,0.000489870580000634,6.1030118480628036e-05,0.7930895090103149,0.691707082092762,0.002864778792897871,0.0011397086790300144,0.017855604158881936,0.0013717000369808646,0.011177378706634045,0.0013534254394471645,0.00024458998814225197,0.005140000022947788,0.011655000038444996
918,0.0008510694850213051,6.528775457846761e-05,0.8206879496574402,0.6542468145489693,0.0016144443196528353,0.0010749584166295865,0.01657015214693443,0.0012657127886665032,0.010687687434256077,0.0009109820239245892,0.0007854099967516959,0.005752999801188707,0.01063700020313263
919,0.0005822474989351839,6.161998208924164e-05,0.6483371257781982,0.6494431346654892,0.0031428110238354793,0.0011399384272566435,0.027781999201270263,0.002184619896194444,0.010291289538145065,0.0003784680739045143,0.0005014099879190326,0.006996000185608864,0.020878000184893608
920,0.0009350862259406381,8.021574013628734e-05,1.1367733478546143,0.7013284713029861,0.00013736965759510535,0.000741559918248188,0.06384405574710325,0.005925763795037266,0.010502612218260765,0.0005808155983686447,0.0008731100242584944,0.015087000094354153,0.035773999989032745
921,0.0006490551624877553,7.565475204126377e-05,1.0391759872436523,0.7023225724697113,0.0034668714187772185,0.0014476941552305598,0.025757958600845277,0.002011012594253148,0.014309585094451904,0.0022437889128923416,0.0006685099797323346,0.008057000115513802,0.018105000257492065
922,0.0023323606505645145,0.00024429350892517655,0.8116040825843811,0.7126017063856125,0.01837748853443972,0.0015628219753611935,0.3843722211977151,0.07390686935125892,0.0112833883613348,0.0011558588594198227,0.0024202100466936827,0.10429999977350235,0.14148899912834167
923,0.0006080607781823382,6.612865485147105e-05,0.7577462792396545,0.6707991063594818,0.0007080906092226107,0.0011188783253695666,0.019618657991063264,0.0013811602184602804,0.011212334968149662,0.0014964891597628593,0.00044631000491790473,0.0025480000767856836,0.01553099974989891
924,0.0006435535496554793,6.811376617069304e-05,1.1475858688354492,0.6757267862558365,0.004271830795982504,0.0011997152638130828,0.01836742765504095,0.0015287066589283974,0.012700575403869152,0.002103698905557394,0.0005839099758304656,0.005047000013291836,0.014235999435186386
925,0.0009562574821388147,7.933144685401492e-05,0.8974200487136841,0.6907767802476883,0.001885026372092317,0.001700100853827099,0.03504549482830182,0.0029972127028448717,0.010945938527584076,0.0009842920117080212,0.0008828099817037582,0.005628999788314104,0.02960200048983097
926,0.001302014788970204,7.327072061579648e-05,1.5620816946029663,0.485403835773468,0.0022771672735822455,0.0015634480054449458,0.04207955333344738,0.0038276395605797778,0.010369785130023956,0.0004459093324840069,0.0011754099978134036,0.006845000199973583,0.029411999508738518
927,0.0012913073557754417,7.369555107716288e-05,1.1550551652908325,0.6468830406665802,9.731177147359207e-05,0.0005812600973599499,0.04571257958084472,0.00435691681202368,0.010426659137010574,0.00047987233847379684,0.0013904100051149726,0.011932999826967716,0.030859999358654022
928,0.0009473631444085033,0.00012226894061958643,1.0726778507232666,0.7130533307790756,0.010522020347618429,0.0013563954259244925,0.12809198363561164,0.016212453787733776,0.010998102836310863,0.0010465681552886963,0.0008439099765382707,0.05406799912452698,0.05747999995946884
929,0.000994854527246775,5.5169630317136525e-05,1.6075552701950073,0.3991982340812683,0.003767112224395844,0.00074194836825256,0.012197435891922126,0.0009518843433171525,0.010571394115686417,0.0007341220043599606,0.0009244100074283779,0.005255000200122595,0.007151999976485968
930,0.0006408818230189006,7.843841719454276e-05,1.4303600788116455,0.5896691977977753,0.0013974012607791155,0.0015394515542749673,0.04077041434868457,0.003097118651569128,0.01192642841488123,0.001406337134540081,0.0005536099779419601,0.0061980001628398895,0.03094400092959404
931,0.0006922297398273776,6.044090851824678e-05,0.9728518128395081,0.6616158932447433,0.0033823955616631156,0.0008283466523961334,0.009372128528827102,0.0008072500212350916,0.011437012813985348,0.001710753422230482,0.0005942099960520864,0.0033229999244213104,0.007697999477386475
932,0.0008330763670485356,6.787338218468774e-05,1.0364489555358887,0.7038040459156036,0.001856927780110353,0.0015042139092969638,0.029338875634634505,0.002420712514474852,0.010454641655087471,0.0005940156988799572,0.000746709993109107,0.006314000114798546,0.022741999477148056
933,0.0008149901555366322,6.612152033593779e-05,1.041710376739502,0.6983209252357483,0.004378561300270294,0.001159207416034195,0.030351072274077844,0.0027120885822683443,0.010407836176455021,0.0005039134994149208,0.0008250100072473288,0.009379000402987003,0.021910998970270157
934,0.0013880703272447729,7.379098652797412e-05,1.0791847705841064,0.6028294563293457,0.004943741972745776,0.0010377064658514431,0.020819977374577952,0.0020342452008826496,0.010590855032205582,0.0007120822556316853,0.0014733100542798638,0.010677999816834927,0.01205699983984232
935,0.001378309024078623,0.00011284197879093353,1.4409937858581543,0.5796923041343689,0.004597768616212815,0.0014711462680215164,0.0894309367080307,0.009379810897890951,0.011438332498073578,0.0011218683794140816,0.0012748100562021136,0.021976999938488007,0.05707100033760071
936,0.00224623511203985,0.00016548855482851656,1.4548978805541992,0.5803466737270355,0.013855993882018261,0.001457873952967345,0.3108954659916034,0.048225256067710026,0.015698377043008804,0.0015445947647094727,0.002294509904459119,0.0668879970908165,0.11766800284385681
937,0.00042704614504251754,5.5397308129763375e-05,0.49856430292129517,0.569772370159626,0.002758623457085515,0.0009589523913941711,0.017337624455064878,0.0012012815941785694,0.010508726350963116,0.000671823974698782,0.00030161000904627144,0.005464999936521053,0.012251999229192734
938,0.0007851588720054212,6.585452617146031e-05,1.0318025350570679,0.6908087730407715,0.0017243746586462182,0.0013139287437019555,0.021093714600660587,0.0016499291808199194,0.01073600072413683,0.0009256289340555668,0.0007343100151047111,0.005828999914228916,0.015473999083042145
939,0.0008246054024232423,7.052668238137619e-05,0.7337528467178345,0.6516337543725967,0.0031124819536098216,0.0012113118331034244,0.021525155647713873,0.0017532096570696473,0.011209748685359955,0.0012692245654761791,0.0007574100163765252,0.007234999909996986,0.014615999534726143
940,0.0008847809355918587,6.281405197825337e-05,1.4966154098510742,0.5278074145317078,0.0033331203127584543,0.0010981025745637443,0.023514925798807342,0.0019106832901047786,0.010753664188086987,0.000860732514411211,0.0007247100002132356,0.008553000167012215,0.013924000784754753
941,0.0009795048997102266,7.86817662348625e-05,1.174072265625,0.6693883240222931,0.00013691221115659117,0.0007023073243984635,0.04889310385042956,0.004207463482028332,0.01091974787414074,0.0008465857245028019,0.0008746099774725735,0.009158999659121037,0.04027299955487251
942,0.0015748524695227855,0.00016446407979488166,1.3592581748962402,0.6327983438968658,0.006394978102772555,0.001496552958019458,0.22131000189114608,0.032132304612997306,0.012752377428114414,0.0015779468230903149,0.0014997100224718451,0.04427900165319443,0.08953999727964401
943,0.001981106859759999,7.345987002265863e-05,1.8722655773162842,0.1623936891555786,0.006135034387607362,0.0011848940590289494,0.04909675563717738,0.003251472393958718,0.010254901833832264,0.00030807778239250183,0.001981110079213977,0.017873000353574753,0.02675499953329563
944,0.0026431598711080797,0.00016532577938494462,0.9092995524406433,0.6648706197738647,0.0074667811245861734,0.0015685237992697225,0.16261720827029527,0.023205368526355977,0.012699252925813198,0.0012231278233230114,0.0028447099030017853,0.04062600061297417,0.08594999462366104
945,0.00043861998250606344,5.25202931201867e-05,1.165429711341858,0.683821052312851,0.002428133176341688,0.0009602414135232612,0.017807857135955923,0.0012843775236296047,0.010454014874994755,0.0005835662595927715,0.00032806998933665454,0.004290000069886446,0.01425000000745058
946,0.0012533711138506564,8.666505188977534e-05,0.8644972443580627,0.6659287810325623,0.0020112865502766625,0.0017512817513344906,0.039269611639228555,0.0035467018516507805,0.010963210836052895,0.0009758719243109226,0.0010304100578650832,0.01071999967098236,0.027313001453876495
947,0.0016178441813117428,8.209041022693168e-05,1.041380524635315,0.6496529579162598,0.001811803106923096,0.0015943221352146526,0.041997175788736026,0.0042754541001519195,0.010423440486192703,0.0004918738268315792,0.001534310053102672,0.01259899977594614,0.024197999387979507
948,0.0005222025672986108,5.452997523004656e-05,0.5634583234786987,0.592737153172493,0.002523916903521115,0.0008032871311461516,0.012726966003995062,0.0008934062372742664,0.010593757033348083,0.0007821368053555489,0.00033144999179057777,0.004000999964773655,0.008821000345051289
949,0.0005634114173025218,6.33573865342072e-05,0.8135793209075928,0.6696007773280144,7.995890543019715e-05,0.00045353419400515955,0.022157066998990164,0.0013193475089246197,0.010834520682692528,0.0008500134572386742,0.0003600899945013225,0.004734000191092491,0.015990000218153
950,0.0005594020534495515,5.932387066389511e-05,0.9379848837852478,0.7092046588659286,0.0031275822537846364,0.0011853742123603573,0.026064132908067368,0.0020840434161960644,0.010377042926847935,0.0004775230772793293,0.0005613099783658981,0.008511999621987343,0.01846100017428398
951,0.0009930391302333675,7.165183427932303e-05,0.9390115737915039,0.6925685703754425,0.0013256042068827227,0.0014159207277316876,0.0334168567653018,0.0029044490765500613,0.010497679933905602,0.0005901246331632137,0.0009848099434748292,0.009703000076115131,0.022861000150442123
952,0.0007617397376596789,6.114450108015318e-05,0.49962615966796875,0.5375192910432816,0.0028365799491582174,0.000997792219684691,0.019161897671640744,0.0014169560036305772,0.010511131957173347,0.0006391871720552444,0.000565410009585321,0.005255000200122595,0.013674999587237835
953,0.001336425805014399,8.60242106619269e-05,1.1812340021133423,0.6437406539916992,0.0036447314558321463,0.0013858384996595836,0.041222027778147305,0.004065410016561088,0.011126849800348282,0.0010113189928233624,0.001198610058054328,0.013873999938368797,0.023831000551581383
954,0.0007865631477787613,6.282754421032286e-05,0.6776878237724304,0.6399419829249382,0.0024167455333915905,0.0010978309219836467,0.02174255972936772,0.0016895000594255114,0.010448507033288479,0.0005771545693278313,0.0006999099859967828,0.005628999788314104,0.017125999554991722
955,0.0008779359816284623,8.648142452366287e-05,0.8956722617149353,0.6910909712314606,0.00011005958829967358,0.0006769633799705358,0.06848348183172036,0.005798320301765129,0.014463369734585285,0.0014328029938042164,0.0006507100188173354,0.007234999909996986,0.0522880032658577
956,0.000612578944928538,6.431864927988821e-05,1.0255346298217773,0.705401137471199,0.0037133432074016857,0.0012015600880709275,0.028156614250532036,0.002268445642282662,0.010671598836779594,0.0007921857759356499,0.00050920998910442,0.009633000008761883,0.017830999568104744
957,0.0004893217352975553,5.5204759059178545e-05,0.6173742413520813,0.634519100189209,0.0020235078729196024,0.0009969249568045173,0.017746432286846317,0.0012663429135354662,0.010415447875857353,0.0005399421788752079,0.0002878299856092781,0.006051999982446432,0.010168999433517456
958,0.0008396347132474571,6.185313955659605e-05,0.9612640738487244,0.6528962403535843,0.006224152965955548,0.0009068561802279881,0.01280544559313985,0.0012102794979223959,0.010553477331995964,0.0007268874906003475,0.0008584100287407637,0.00786499958485365,0.008247999474406242
959,0.0006926433246940717,5.8180851123738235e-05,0.913801908493042,0.6552297323942184,0.006693074483243579,0.0009081231542830046,0.013686674573489465,0.0012735224514253494,0.010410545393824577,0.0005349647253751755,0.00067070999648422,0.009855000302195549,0.008163999766111374
960,0.001096838723292844,7.159333479765315e-05,1.2509055137634277,0.6351683437824249,0.004851852642965224,0.0011654005565435457,0.02934639024575193,0.0027276716185135313,0.010620874352753162,0.0007056850008666515,0.001212510047480464,0.010029999539256096,0.021379999816417694
961,0.0009306042259541762,7.573042353381819e-05,1.0255993604660034,0.7063468545675278,0.00466038445851406,0.0013226293533361905,0.046400037396043474,0.0044664992819303355,0.010504656471312046,0.0005883416160941124,0.0009221099899150431,0.01604500040411949,0.02895500138401985
962,0.0006182425825627194,5.7760586699255004e-05,0.8080857396125793,0.6793700531125069,0.0012428938037109991,0.0011438291928132906,0.019566029958391563,0.0013696343836199134,0.010434916242957115,0.0005844361148774624,0.0004856100131291896,0.004025000147521496,0.013867000117897987
963,0.0005836591469178535,5.550777168510134e-05,1.4970778226852417,0.5363324880599976,0.002554675589355139,0.001032326401063558,0.01597985629004627,0.001215961407700845,0.01133787352591753,0.001428026705980301,0.00038484999095089734,0.00532899983227253,0.008835999295115471
964,0.0010209558855623988,8.677136645948724e-05,1.024657130241394,0.7209342569112778,0.004091750565207003,0.0014383538009828595,0.06789587289729695,0.007113671855143798,0.010393762961030006,0.00048030633479356766,0.0009586099768057466,0.020671000704169273,0.03964100033044815
965,0.0006698202175554706,6.297840980229539e-05,0.6963975429534912,0.6388112455606461,0.0019518557209624867,0.0011721871347106405,0.018050491773652925,0.0013744124730771263,0.010825690813362598,0.0010520960204303265,0.0005988099728710949,0.007466000039130449,0.009844999760389328
966,0.001244268078477291,7.164401562692461e-05,1.0805480480194092,0.629290908575058,0.0030164756013678065,0.0010644315073052653,0.02293838308050464,0.002078082583645313,0.010489153675734997,0.0006081201136112213,0.0012689100112766027,0.008255000226199627,0.01598699949681759
967,0.0008826138548446465,8.62949929199554e-05,0.6238064765930176,0.6187420263886452,0.002542240855713793,0.0017805836735912688,0.03432423768354277,0.002656360879909104,0.01174677163362503,0.0014631287194788456,0.0006928099901415408,0.009379000402987003,0.025110000744462013
968,0.001956064928660337,0.00011128455197539759,0.8723905682563782,0.683482214808464,0.006328419796993483,0.0014646578405355698,0.08749953670567456,0.011377767805433495,0.01077239029109478,0.0007524159736931324,0.002120109973475337,0.028139999136328697,0.05123099684715271
969,0.0009020393174656368,6.538355728161747e-05,0.9874687194824219,0.6682179570198059,0.00014070722024000693,0.0005773452262732621,0.022098424160713795,0.0016533710475879516,0.010515350848436356,0.0005977288819849491,0.0008199100266210735,0.006006000097841024,0.012961000204086304
970,0.00076917251983939,7.927354205094052e-05,1.3682570457458496,0.610635370016098,0.0024408565007936556,0.0017964518767124723,0.03293474458340685,0.002520718121873225,0.014320885762572289,0.0019534570164978504,0.0006684099789708853,0.006845999974757433,0.022859999909996986
971,0.0009239701679179539,6.873788886963607e-05,1.6256579160690308,0.4166741967201233,0.0025256827467558564,0.0013708525957954703,0.02395728314965617,0.0018901823630172593,0.011564093641936779,0.0014529754407703876,0.0008487100130878389,0.007782999891787767,0.012842999771237373
972,0.0012406462204945586,7.91586860272507e-05,1.3973588943481445,0.5553114116191864,0.0005317792324365765,0.001136359756688031,0.03665525682263643,0.003100597584704233,0.011060317978262901,0.0009656362235546112,0.001066709985025227,0.008469999767839909,0.024542000144720078
973,0.0014935888140898618,0.0001255788475283704,1.4474594593048096,0.5765670537948608,0.0009883726759043188,0.0015703609011031062,0.24399310856880463,0.030918672831694277,0.01696193590760231,0.0015866272151470184,0.0016115099424496293,0.029888000339269638,0.17540401220321655
974,0.0010925376516727357,8.516010214552666e-05,0.5735489726066589,0.5566195324063301,0.000961864738801271,0.0014007915877765754,0.024969380654436817,0.001873430174994771,0.01194362249225378,0.0017055505886673927,0.000926810025703162,0.005907000042498112,0.018573999404907227
975,0.0011932578618651438,0.00010208215924371173,1.7025325298309326,0.3631722331047058,0.0030982181499301363,0.001668988098819485,0.07813401598025997,0.006625251170136522,0.011489583179354668,0.001119119580835104,0.0011645100312307477,0.013247000053524971,0.05172199755907059
976,0.000784028648358301,7.08999830824874e-05,1.173301100730896,0.6712785959243774,0.00030619016693462294,0.0009277752190713318,0.034753903017464886,0.002672147320982435,0.01099570281803608,0.0009383992291986942,0.0006613099831156433,0.00661499984562397,0.02199600078165531
977,0.0005304121064541418,6.35582268845683e-05,1.2386953830718994,0.6713707894086838,6.657546215415809e-05,0.00043469588480850633,0.029348839152119326,0.0018527647895976804,0.011077897623181343,0.0009643509984016418,0.0004498100024648011,0.00749000022187829,0.017525000497698784
978,0.001031306322075623,6.907406739447728e-05,1.3676319122314453,0.5939385890960693,0.0026746536481143846,0.0013210258669040754,0.030963622207183652,0.002681875270795036,0.010594800114631653,0.0006975927390158176,0.0009509099763818085,0.008255000226199627,0.01986199989914894
979,0.0011884090593950155,0.00010298103533613922,1.2488772869110107,0.645472377538681,0.0018156305477421662,0.0017974006688070041,0.06693269227038993,0.006199719540212877,0.012958655133843422,0.0013684672303497791,0.0013786100316792727,0.009309000335633755,0.054607998579740524
980,0.001815140216327871,0.00010623569341022007,1.2879011631011963,0.57772096991539,0.0018230394640467561,0.0017790453847155235,0.054366430540720906,0.0053992611465365145,0.011448951438069344,0.0010518115013837814,0.0018984100315719843,0.015049000270664692,0.02770400047302246
981,0.0005493734754544635,5.127962796124284e-05,1.4653208255767822,0.5394867360591888,0.0020553701868529714,0.0008118853818969115,0.008647875670311781,0.0007236676073345584,0.012430993840098381,0.002486979588866234,0.00041901000076904893,0.0025160000659525394,0.0055240001529455185
982,0.000678955001641911,6.623418132786681e-05,1.102051019668579,0.6897802948951721,0.00012840629387640603,0.0006431333332122445,0.03167615226164164,0.0022406306334359655,0.010822208598256111,0.0008357716724276543,0.00048220998723991215,0.0052720000967383385,0.023809999227523804
983,0.0007536879010145817,6.160706233420527e-05,0.9069666862487793,0.6813648045063019,0.0005713979736469701,0.0008823216905899851,0.021348214507649912,0.001527105446480867,0.010389406234025955,0.0004952028393745422,0.0006340100080706179,0.006051999982446432,0.014348000288009644
984,0.0007811261483609059,7.571776887362318e-05,1.2290345430374146,0.6557894796133041,0.00010224989403188165,0.0006310870631550851,0.035916492460593585,0.0026015879103861127,0.012052075006067753,0.0012695109471678734,0.0004771100066136569,0.006310999859124422,0.023183999583125114
985,0.0005350980527913686,5.7607554063300576e-05,1.1633291244506836,0.686474159359932,0.004702940455579295,0.0010720009026863576,0.023072558741211825,0.0018919614061686518,0.010445866733789444,0.0005593299865722656,0.00046050999662838876,0.007594000082463026,0.01605600118637085
986,0.0008919730135465694,7.794476868564203e-05,1.4313359260559082,0.5554057061672211,0.0031879214664682037,0.0015368992488462374,0.024015525334541106,0.0020161763734761265,0.013225729577243328,0.0021865381859242916,0.0008806100231595337,0.008659999817609787,0.014976000413298607
987,0.0010156986816822968,8.519670291299799e-05,1.1919482946395874,0.68022421002388,0.0013020433804386427,0.0015390061622818116,0.05264428915914955,0.0047488718879828,0.010858472436666489,0.000843600369989872,0.000781010021455586,0.007946000434458256,0.038665998727083206
988,0.0009095669011564016,7.44239690785231e-05,1.357084035873413,0.6353705525398254,0.0029505241762736675,0.00148091727950953,0.04695517145242011,0.004234066754338406,0.010494890622794628,0.0005834721960127354,0.0008523099822923541,0.01259899977594614,0.03106199949979782
989,0.0006196421621709043,5.6282565349964544e-05,0.6098783016204834,0.5826348960399628,0.0033137806171676934,0.0007357826313561737,0.008803322193147212,0.0007177009747152494,0.01111884880810976,0.0014396416954696178,0.0005147099727764726,0.004734000191092491,0.005981000140309334
990,0.0009442747385668372,6.811334602386697e-05,0.9227510094642639,0.650076150894165,0.0037451556965622974,0.0009958831146195087,0.017246350058351182,0.0014759283244273978,0.01083524338901043,0.0009920638985931873,0.0008605099865235388,0.006829000078141689,0.011492999270558357
991,0.0007676715864805806,6.37654356313214e-05,0.9022802710533142,0.6770922541618347,0.003843672360643835,0.001022222194229462,0.020539162514805146,0.0016894927671715198,0.010579569265246391,0.0007108156569302082,0.0007441099733114243,0.0075079998932778835,0.01538500003516674
992,0.0014275186314327076,0.00010373137476374329,0.7613987922668457,0.675143651664257,0.0051695225228517005,0.0014601001161336548,0.07869065090296669,0.00862048860191976,0.010903390124440193,0.0008738315664231777,0.0014469099696725607,0.021438999101519585,0.05022900179028511
993,0.0002840436695643779,4.488157419679884e-05,1.0845555067062378,0.6953506320714951,0.0028083703552377525,0.000688909405224092,0.007507983833008628,0.0006112817330219691,0.011125515215098858,0.0014786748215556145,0.00020449000294320285,0.0030610000248998404,0.004840000066906214
994,0.00042699996297923326,5.345790083069346e-05,0.6424317955970764,0.6318549141287804,0.002467069569757484,0.0008343539066671203,0.013349691643876211,0.0009283432218910046,0.010741354897618294,0.0009464379400014877,0.00029473999165929854,0.003751999931409955,0.01040900032967329
995,0.0005040187572054795,5.794869316198676e-05,0.9913288354873657,0.7081701457500458,0.0028580586612676345,0.001102079243770408,0.020855559926868696,0.0015814364451234627,0.010657254606485367,0.0008019069209694862,0.00026170999626629055,0.005907000042498112,0.013011999428272247
996,0.0008113309543349218,5.908515951293938e-05,1.3828965425491333,0.5830151438713074,0.004069335852770105,0.0009525387321019871,0.018153828739606484,0.0014687696210671664,0.0105295330286026,0.0006587868556380272,0.0008132099756039679,0.007946000434458256,0.011467000469565392
997,0.001991742535228535,8.109698332378699e-05,1.3898388147354126,0.5388716459274292,0.003108288245074775,0.0013972611238192065,0.045943245393400806,0.004814395607868425,0.010376052930951118,0.00044450070708990097,0.0018810100154951215,0.012660999782383442,0.027387000620365143
998,0.0015791630073877661,9.672734508724167e-05,1.1700111627578735,0.6640924960374832,0.007095342557482591,0.0013814360722796109,0.06541637348788877,0.007765876404860733,0.010865330696105957,0.0008224616758525372,0.001713210018351674,0.027272000908851624,0.03813000023365021
999,0.0009471806130256637,6.78439320907042e-05,1.385693073272705,0.5992627143859863,0.003088475683823979,0.00132514002606895,0.03355510669487705,0.0029356031151581852,0.010584338568150997,0.0006655300967395306,0.0008323100046254694,0.009996999986469746,0.021493999287486076
1000,0.0013575959644174787,0.00011308195680350482,1.173825740814209,0.6763263642787933,0.004769318285004984,0.0014999320697859275,0.08182965117182138,0.008675486522938633,0.012363108806312084,0.0013461909256875515,0.0013198100496083498,0.017873000353574753,0.05985800176858902
1001,0.0038097867680261343,0.0001839801344997612,0.6240516304969788,0.5685780346393585,0.00905324007277483,0.0016543991069828913,0.2512412082086751,0.035108588734453966,0.015062724240124226,0.0011163130402565002,0.004148909822106361,0.048934999853372574,0.15062400698661804
1002,0.0024730821592086555,0.0002283920392501936,0.7194854021072388,0.680222749710083,0.012623189715918663,0.0016170475311495089,0.4602770272660568,0.08955194286474477,0.014692557975649834,0.001753795426338911,0.0028573099989444017,0.08062800019979477,0.24193300306797028
1003,0.0008370275337146395,5.5144565760440855e-05,1.542466402053833,0.4503569006919861,0.003230226665378042,0.0006819655330776954,0.008399168570724971,0.0006923162091271098,0.011080827564001083,0.0013572080060839653,0.0008070099866017699,0.005297999829053879,0.004305999726057053
1004,0.0005492290306634986,6.31704387235004e-05,1.1852376461029053,0.6762302368879318,3.256042517551077e-05,0.00022212805878162547,0.03314946927122197,0.002173534123605613,0.010699953883886337,0.000715259462594986,0.00028107999241910875,0.005828999914228916,0.024147000163793564
1005,0.0007852683627281913,6.723862176901118e-05,1.4594945907592773,0.5409806072711945,0.00292306151780753,0.0012658982913962614,0.01815286703913746,0.001513887354895901,0.012555399909615517,0.002037541475147009,0.0007061099749989808,0.006895000115036964,0.0107829999178648
1006,0.0010713980637248,7.004647746908883e-05,0.9902318120002747,0.6119491308927536,0.003863134346799044,0.0008666760763247133,0.01236355985246095,0.0010936533133424423,0.010872695595026016,0.001084696501493454,0.0010589100420475006,0.007414000108838081,0.005960999988019466
1007,0.0004903317407119395,8.193844433520525e-05,0.8230913877487183,0.6957600936293602,3.762815168340123e-05,0.0002512709635387796,0.05370946201227619,0.0037029337195043574,0.01189134269952774,0.0013398071750998497,0.000248630007263273,0.008218999952077866,0.037473998963832855
1008,0.001464344347654097,6.560888199754833e-05,1.6280200481414795,0.35129380226135254,0.004626633342365837,0.0008952213261952482,0.016249276409412462,0.0013494547365354922,0.01105447020381689,0.0011129709891974926,0.001557609997689724,0.00901500042527914,0.009727999567985535
1009,0.0007446902371865483,6.348193724599858e-05,0.8309121131896973,0.6427621319890022,0.0036125124531164216,0.0008623662845276168,0.01041919263012058,0.0008806794912368798,0.011440731585025787,0.0016791312955319881,0.0007341100135818124,0.0034910000395029783,0.009034999646246433
1010,0.001371558019499118,7.478620893430256e-05,0.43060559034347534,0.47765133157372475,0.0053286107722894365,0.0012267214536196488,0.03364212986411892,0.0028388677845348,0.0104474276304245,0.0005385060794651508,0.0015453100204467773,0.014147000387310982,0.02315700054168701
1011,0.0020892854869082483,7.62870964092794e-05,1.4965777397155762,0.5193751752376556,0.008277717024434009,0.0011929646902862426,0.04378316125808387,0.005384625901987194,0.010182318277657032,0.00023135636001825333,0.0022362100426107645,0.025112999603152275,0.013073000125586987
1012,0.0025887777005776822,0.00018009073497421706,0.9572012424468994,0.703105241060257,0.02437635977492038,0.0015636111914917716,0.6408361746107536,0.12462614994644317,0.01817222870886326,0.0014080749824643135,0.0033293101005256176,0.12574000656604767,0.14254599809646606
1013,0.0008969063660432372,7.136629069939105e-05,1.3200913667678833,0.6137634813785553,3.327427141898651e-05,0.000218605848254957,0.03292824529029738,0.0024040344105646042,0.011518721468746662,0.001020544208586216,0.0007165099959820509,0.004689000081270933,0.026100000366568565
1014,0.0010213135366068378,6.829364989559516e-05,0.691302478313446,0.5829839333891869,0.00481560177767688,0.0008886553137865618,0.012799773702928893,0.0011039160409807803,0.010817681439220905,0.000990116037428379,0.000962910009548068,0.007805999834090471,0.008063999935984612
1015,0.0007122993750764474,9.079357473677812e-05,1.3048038482666016,0.6634126305580139,0.0020279228101783456,0.0018241668412656942,0.06640941029568925,0.005674976145010523,0.013799556531012058,0.0015896772965788841,0.00041380999027751386,0.008578999899327755,0.048850998282432556
1016,0.0006783331967024702,7.0226507760262e-05,0.9501767754554749,0.7064503282308578,0.0038574082474770676,0.0013200050679986382,0.03707132874499385,0.003114463545346627,0.010620822198688984,0.0007162727415561676,0.0005990099743939936,0.012625000439584255,0.021049000322818756
1017,0.0012104723778138394,9.86685336699767e-05,1.461287021636963,0.5926598310470581,0.005124589702638258,0.00139689807010926,0.08637157708970807,0.009177837321745028,0.01063367910683155,0.0006848173215985298,0.0011815100442618132,0.026398999616503716,0.047491997480392456
1018,0.0033672737387674305,0.0001616544884839781,1.7647918462753296,0.282148540019989,0.0076938790239124795,0.001456645447092187,0.18062285264464062,0.01655756828156102,0.012176846154034138,0.0008846926502883434,0.003665710100904107,0.03413400053977966,0.09313499927520752
1019,0.004065984029665798,0.00019441055466467867,1.5081195831298828,0.5041077136993408,0.012099269265433912,0.0016600488644110088,0.5807226307815123,0.08691550334051032,0.01777839846909046,0.0011611469089984894,0.004635110031813383,0.0668879970908165,0.28760001063346863
1020,0.006811890980205595,0.00024223690487057458,1.7165303230285645,0.3262624740600586,0.027817398135824904,0.0016546292175941089,0.7838926085710185,0.10198682768864359,0.01726052723824978,0.0008683269843459129,0.0076147099025547504,0.14956000447273254,0.23195300996303558
1021,0.0005797965453337043,5.527104074262083e-05,1.158709168434143,0.6600580215454102,0.002444356353060311,0.0007875807938367682,0.008887362758128695,0.0007347649451964469,0.011581210419535637,0.0018977802246809006,0.00043030999950133264,0.004000999964773655,0.005219999700784683
1022,0.0010509155580496932,8.592942602628071e-05,1.082871913909912,0.6625049561262131,0.0005976131103818767,0.001220040668882211,0.04400835519446414,0.0035610069115048597,0.01348059717565775,0.0014375979080796242,0.0009426099713891745,0.005255000200122595,0.03726699948310852
1023,0.0006140675020176828,7.74011880922307e-05,0.8307451605796814,0.6893592998385429,0.004053512140751218,0.001335702898164842,0.031974474759671016,0.002477292086669995,0.011795390397310257,0.0015261583030223846,0.0005467099836096168,0.00761700002476573,0.027003001421689987
1024,0.001130140748094661,7.168434179601372e-05,1.25931715965271,0.600593775510788,0.0036717388779453487,0.0010840255164240387,0.020011594339459034,0.0017986723589906942,0.010985659435391426,0.0010708454065024853,0.0011833100579679012,0.00901500042527914,0.012325000017881393
1025,0.000934665892718585,5.903302574473225e-05,1.54172682762146,0.4797959625720978,0.0053333694267708245,0.0009621201227540494,0.01829590000025135,0.0015546508040556184,0.01065540499985218,0.0007828250527381897,0.0008698099991306663,0.010979999788105488,0.008220000192523003
1026,0.000489789908035839,5.186135180640708e-05,1.1593760251998901,0.6671823263168335,0.0004430348432110462,0.0006870124518810345,0.011271189891264119,0.0007164269027565475,0.010776747949421406,0.001067653764039278,0.0003417900006752461,0.003711000084877014,0.004995000082999468
1027,0.000862731024311689,6.705820360349192e-05,0.7324974536895752,0.6115796864032745,0.0024112312575251343,0.0008610894150539002,0.012542012064608648,0.0009809545263278216,0.011246871203184128,0.0014255400747060776,0.0007478100014850497,0.0053889998234808445,0.007693000137805939
1028,0.0009139972540592617,8.618910651254333e-05,0.9582226872444153,0.7057384103536606,0.00029808096255037696,0.0010497033197026438,0.06934516300516079,0.006387691489679645,0.01066674292087555,0.0007182466797530651,0.0007584100239910185,0.009498000144958496,0.05759900063276291
1029,0.0021257632114171808,7.754029875169403e-05,0.28413233160972595,0.34141427278518677,0.006679185144818046,0.0012319406637380029,0.041260811253228606,0.0035205551413136464,0.010155610740184784,0.00019831163808703423,0.0023427100386470556,0.021069999784231186,0.02047000080347061
1030,1.0090317212122215e-06,1.1795861556920305e-08,1.9197053909301758,0.10515546798706055,0.648065799503694,8.861010222627197e-06,1.8584269242166027,0.00017796766911759576,0.019999997690320015,2.7939677238464355e-09,0.0049061099998652935,0.13242000341415405,1.0599600076675415
1031,0.0048962457203807165,0.00018933298352666415,1.4760918617248535,0.46511295437812805,0.011587757937852607,0.0015970972441685279,0.21815298047752946,0.028726789458438762,0.013128051534295082,0.0007771840319037437,0.005002410151064396,0.06221599876880646,0.07589100301265717
1032,0.0007083211618125313,5.9718646388314184e-05,0.751697301864624,0.6073090508580208,0.004402797721618152,0.0006968050579608139,0.005768942882496222,0.0006010490964072496,0.011812581680715084,0.002370127011090517,0.0005683099734596908,0.0048859999515116215,0.0026910000015050173
1033,0.0005256670488908682,5.627779738358722e-05,0.8068587779998779,0.6816982552409172,0.003754726304582882,0.0009293463140672405,0.015047091581568342,0.0011599355751977253,0.01068887859582901,0.0008587539196014404,0.0003574900038074702,0.005255000200122595,0.011584999971091747
1034,0.0003459658041562099,5.656430244111544e-05,1.0693703889846802,0.6968626827001572,0.0030531012773584165,0.0011541224200751026,0.016346841877710575,0.0012900640609708686,0.01177013199776411,0.0018328758887946606,0.0001302900054724887,0.0062409997917711735,0.009750999510288239
1035,0.0006073638432860967,6.609413650211619e-05,0.8800215125083923,0.6956975981593132,0.0002580057817840103,0.0008367629790343303,0.02817127940444139,0.0019105271001523018,0.010838639922440052,0.0008926829323172569,0.0006084099877625704,0.006940999999642372,0.01846900023519993
1036,0.0009523251996185614,6.697512569313671e-05,0.5637124180793762,0.5803444311022758,0.0026139275648941044,0.0011451499672108473,0.02539485966359116,0.0020025730765041248,0.010343989357352257,0.0004428066313266754,0.0008939100080169737,0.007234999909996986,0.017311999574303627
1037,0.0009089768807790323,6.98536781742702e-05,0.83979332447052,0.6733459904789925,0.003490488867160188,0.0012140552589251063,0.025825086410108743,0.0021974043580865552,0.01074230670928955,0.0008402206003665924,0.0009190100245177746,0.008363000117242336,0.01843399927020073
1038,0.0010591033578510138,6.995025253164874e-05,1.3394458293914795,0.610745757818222,0.0025421194381933937,0.0014043026669877455,0.0324412656169391,0.0029235783658436345,0.010488731786608696,0.0005892449989914894,0.0009296099888160825,0.00954199954867363,0.020072000101208687
1039,0.000962818858459567,7.052125083107562e-05,0.6475660800933838,0.6459117159247398,0.0033881530220158246,0.0012856814726576135,0.036606310225791965,0.0032922127530409726,0.010284420102834702,0.0003614267334342003,0.0009715100168250501,0.013011000119149685,0.02331800013780594
1040,0.00145451690407832,8.631952573465163e-05,1.351351022720337,0.575602650642395,0.006032049372913281,0.0013142514056816404,0.03498834321048081,0.0035039842897079607,0.011584782041609287,0.0012387065216898918,0.001507609966211021,0.014658000320196152,0.0213639996945858
1041,0.001691046745525439,0.00013985755578221535,1.3430590629577637,0.6175771355628967,0.004658662937341971,0.001591282500733883,0.1502790220672845,0.017931279860994617,0.013479779474437237,0.0014463821426033974,0.001723209978081286,0.030567999929189682,0.10065199434757233
1042,0.001371124385037891,0.00014372973182430135,1.1368986368179321,0.7084895074367523,0.003152698926884325,0.002004531844745223,0.151033101785937,0.018996572791186092,0.011559290811419487,0.0012766621075570583,0.001224610023200512,0.031038999557495117,0.11697900295257568
1043,0.003027777269414477,0.000214681604333375,1.3272045850753784,0.6387331783771515,0.011615916005263325,0.001599296689313581,0.38351214918238435,0.06622185763797747,0.01408624928444624,0.0012795524671673775,0.0033786098938435316,0.06149600073695183,0.18812499940395355
1044,0.0004603309781313335,5.212538129583947e-05,0.514335036277771,0.5620050765573978,0.004646341838711458,0.0008182186307325312,0.011449320599576443,0.0009021905816738564,0.010482700541615486,0.0006456384435296059,0.0003082799958065152,0.005166000220924616,0.008214999921619892
1045,0.0009871222413971757,7.723815555228599e-05,0.7964164018630981,0.664542630314827,0.0032036533222404044,0.0014053292267799163,0.033670740999041646,0.0028983672804332294,0.010869397781789303,0.0009227306582033634,0.0008974099764600396,0.006752000190317631,0.02741900086402893
1046,0.0007203822755507967,6.924051309049786e-05,1.1256799697875977,0.6774654537439346,0.004109776160747033,0.00123238396152139,0.024279832191155218,0.001992901245626108,0.011424731463193893,0.0013691303320229053,0.0006061100284568965,0.00761700002476573,0.018275000154972076
1047,0.0008954496048385899,6.59824281621054e-05,0.5227353572845459,0.5635663419961929,0.002555599979950108,0.0012461641944363736,0.025658932064040844,0.002021444141523927,0.01046865712851286,0.0005969186313450336,0.0008555100066587329,0.009379000402987003,0.016555000096559525
1048,0.0012352962578603163,8.251211769891471e-05,1.6843912601470947,0.35800403356552124,0.003752556418575982,0.001366185904039764,0.03651702180532105,0.0028488389405677134,0.01199082937091589,0.0013092942535877228,0.001237310003489256,0.010770999826490879,0.022748999297618866
1049,0.0004215805365981112,5.053722840637798e-05,0.9824061393737793,0.6923829913139343,0.0016452199045934133,0.0007319510160873041,0.007545548102970026,0.0006192681317585495,0.011499004438519478,0.0019734338857233524,0.00026945999707095325,0.002346999943256378,0.004719000309705734
1050,0.0009816651796424438,8.777597466475044e-05,1.1257058382034302,0.671593114733696,0.004125255567250484,0.0014573492353632401,0.039515310511719096,0.0034592068823192483,0.012615134939551353,0.0015753176994621754,0.00079521001316607,0.005166000220924616,0.040734000504016876
1051,0.0010693496459923439,6.90153368398329e-05,1.2307407855987549,0.6206181049346924,0.0019596440820530085,0.0010430921729429113,0.019856380236296056,0.0016238111130578835,0.010530323721468449,0.000682351179420948,0.000954009999986738,0.00585100008174777,0.013403000310063362
1052,0.0010610348684567843,7.173954469027067e-05,0.742999792098999,0.6335790231823921,0.0012269938670302512,0.0013246447237139723,0.02544945642446791,0.00204175815972033,0.010692737996578217,0.0008090846240520477,0.0009672099840827286,0.006314000114798546,0.01923000067472458
1053,0.0016893589210808075,0.0001503597857172534,1.4763782024383545,0.5750899016857147,0.007505177462254709,0.0014539491469931767,0.16181541797508112,0.020365296551299525,0.01136800367385149,0.0011424580588936806,0.001887909951619804,0.03514900058507919,0.09797300398349762
1054,0.0009508577676238742,6.998950501259355e-05,1.3337013721466064,0.5924578309059143,0.00403887616987854,0.0011309648520102542,0.0211257402390215,0.0018626591496670748,0.011560704559087753,0.0014498597010970116,0.00101730995811522,0.007805999834090471,0.015744000673294067
1055,0.0005554925757470102,5.929128961878219e-05,0.8731709122657776,0.7024555280804634,0.0010748048854123465,0.0012021993880828225,0.026314599926850795,0.0019296462600824158,0.010353414341807365,0.00046590808779001236,0.00037957000313326716,0.009213999845087528,0.014752999879419804
1056,0.0009479973371967988,0.00010024310706478848,1.4104162454605103,0.6108319461345673,0.00364543583409457,0.0015692333826328256,0.09551006338881537,0.009407928552088093,0.01493331603705883,0.0016492768190801144,0.0008927099988795817,0.023243999108672142,0.054933998733758926
1057,0.00028029394502131503,4.7742234551115405e-05,0.83296138048172,0.6995423063635826,6.577456944582477e-05,0.0003230249404460476,0.014901007306676367,0.0007122939620009096,0.01048521138727665,0.0005809003487229347,0.0001479399943491444,0.0029299999587237835,0.010638000443577766
1058,0.0008518781584155456,7.679696142105178e-05,1.1370857954025269,0.6611847877502441,8.716448434719376e-05,0.0005673250145053996,0.03779740271790605,0.00289154490077256,0.012089230120182037,0.001210701186209917,0.0006611099815927446,0.006835999898612499,0.025823000818490982
1059,0.0007780208056344042,6.463292188944029e-05,0.649289608001709,0.6394749283790588,0.0026478944951226283,0.0012180796422528028,0.029458507781141365,0.0024364341812058224,0.010322205722332,0.0004085521213710308,0.0007659100228920579,0.0091540003195405,0.018482999876141548
1060,0.0009525458495611372,7.218724973649074e-05,0.9030282497406006,0.7027310281991959,0.0019297794573177385,0.0016073327590184665,0.03768879801135061,0.003314900381965729,0.010441439226269722,0.0005359970964491367,0.000949610024690628,0.010029999539256096,0.025968000292778015
1061,0.0014204595319168862,9.138009989029987e-05,0.5604088306427002,0.5464740172028542,0.0037022172071007197,0.0014566468108473272,0.034835332746550825,0.002929230533522984,0.011776527389883995,0.001320933923125267,0.0015241099754348397,0.013113999739289284,0.022671999409794807
1062,0.000886657339932106,8.262226169482295e-05,1.1238125562667847,0.708340510725975,0.002423816782959635,0.001791128529354976,0.05887123994124649,0.00556255366030076,0.010471305809915066,0.0005598459392786026,0.0006956100114621222,0.015531999990344048,0.03853100165724754
1063,0.0006795292517586333,5.7225624549916173e-05,1.2902090549468994,0.6011072099208832,0.0007233953541224116,0.0008106670150747172,0.010704550461046729,0.0007644661916079857,0.010956523939967155,0.0012958650477230549,0.00047590999747626483,0.002208000048995018,0.0076489998027682304
1064,0.002304789787665372,0.00019284507558881285,1.158036708831787,0.7149189412593842,0.009251258762171631,0.0015805543881144317,0.23746575766842665,0.039492878937572085,0.010977357625961304,0.000912579707801342,0.002378310076892376,0.050638001412153244,0.14870300889015198
1065,0.0008941282222507645,5.9963555222582654e-05,1.653449535369873,0.3972487449645996,0.0037543676614039683,0.000995380962258029,0.01730067695938642,0.0013185564498004645,0.01113795768469572,0.0012203124351799488,0.0007935100002214313,0.0055740000680089,0.011675000190734863
1066,0.0009763358308377781,6.451067385888459e-05,0.5017372369766235,0.5323660150170326,0.0036069815977356422,0.0010387792372311346,0.021024591239814715,0.0016329192786391378,0.010406885296106339,0.0005311514250934124,0.0008853100007399917,0.007215000223368406,0.01599999889731407
1067,0.0010324160370644858,8.330096763336842e-05,1.2006072998046875,0.6385502219200134,0.001957201380007444,0.0017173338163391824,0.0309918353659783,0.0026353634272028945,0.011597448959946632,0.0013861632905900478,0.0010367099894210696,0.008836999535560608,0.021455999463796616
1068,0.00197173236507494,0.00011180967243640087,1.7984371185302734,0.24621552228927612,0.0033676841447156363,0.0016096784071158439,0.07866460590351186,0.005739249402208713,0.011705591343343258,0.000985883641988039,0.002097310032695532,0.018967999145388603,0.049389999359846115
1069,0.0018086111319558025,0.00010371039253859204,0.6607698202133179,0.5897280648350716,0.005309901325060545,0.0014685309636533628,0.05867571174981243,0.006076208480309358,0.01122781727463007,0.0010127858258783817,0.0018321099923923612,0.020927000790834427,0.03646500036120415
1070,0.0007267169976400822,7.481792598964415e-05,1.0762830972671509,0.696434810757637,5.928742253222802e-05,0.00040196804780338955,0.045938655240564216,0.0034781608508866815,0.010967040434479713,0.0008943099528551102,0.0006285100243985653,0.00585100008174777,0.034765999764204025
1071,0.0009228503532735262,7.818530816939672e-05,1.0987738370895386,0.6918395906686783,0.00046207216374626465,0.0010994515899090387,0.040387874805135976,0.0033846585967139894,0.011004902422428131,0.0009645125828683376,0.0008263100171461701,0.008469999767839909,0.030079999938607216
1072,0.0012729208976589744,6.812605625491452e-05,1.7230353355407715,0.34359878301620483,0.0032008054322613493,0.0012947093398008838,0.041397568232029086,0.003269545583810953,0.010371843352913857,0.0004463144578039646,0.0012031099759042263,0.012090999633073807,0.02161400020122528
1073,0.0043674916784889805,0.000187922239795977,1.7251627445220947,0.3142697811126709,0.015533310848437957,0.0014705246291573174,0.27869927043015486,0.029098217695859546,0.014300879091024399,0.0009084781631827354,0.004738110117614269,0.07550399750471115,0.08609999716281891
1074,0.002146801439119124,0.0002151823584166507,0.9849444627761841,0.7110142707824707,0.018800997389991907,0.0015098394576182738,0.4120614738529161,0.08272270365537054,0.014411745592951775,0.001847695093601942,0.0024106099735945463,0.10400000214576721,0.17666999995708466
1075,0.0026799831112176054,0.00021105542094954554,1.3205524682998657,0.6406560242176056,0.011767218652167219,0.0015705715955957522,0.295249569711541,0.04998575309530846,0.012658217921853065,0.0012983833439648151,0.002954009920358658,0.054917000234127045,0.165803000330925
1076,0.0007038595688312788,6.618487861613731e-05,1.199061632156372,0.6778370887041092,0.002763408647111476,0.001395495449271111,0.027927529813594296,0.00230083858688253,0.010811044834554195,0.0009090481325984001,0.0005961100105196238,0.0061980001628398895,0.020614000037312508
1077,0.0006709530081368376,6.461725601612502e-05,0.7762037515640259,0.6612685173749924,0.0021603679760298262,0.0012772321745917236,0.021045585180434406,0.001634616189944458,0.010872380807995796,0.0010347352363169193,0.0006058100261725485,0.006314000114798546,0.015771999955177307
1078,0.001243112848590898,7.452086009934408e-05,0.8778381943702698,0.6507532596588135,0.0007673155559580933,0.0011846476745422307,0.033875225321831764,0.003022306269002576,0.01048229169100523,0.0005713417194783688,0.0011323100188747048,0.008527999743819237,0.02267799898982048
1079,0.0010370638189267883,7.214726226001026e-05,1.1776697635650635,0.6404895931482315,0.004436040928313958,0.001191197425127311,0.028607130964722383,0.002650399622943996,0.010866706259548664,0.0008952580392360687,0.0009444099850952625,0.01095999963581562,0.016603000462055206
1080,0.0007631880126274634,9.730749269785477e-05,1.109588623046875,0.7029151618480682,0.004313378807760231,0.0014552648789003366,0.06512605879804219,0.005832781479484531,0.013151830993592739,0.0016438160091638565,0.000697910028975457,0.013810000382363796,0.04786999896168709
1081,0.001339863794221083,7.54391932270425e-05,0.7641302347183228,0.6658891588449478,0.005021492793742856,0.0012833160573021566,0.04037529409947175,0.004260626610417685,0.010298671200871468,0.0003696177154779434,0.0012747100554406643,0.016062000766396523,0.022549999877810478
1082,0.0016275363064623758,0.00016448436695009683,0.945049524307251,0.7059707939624786,0.012030257951546866,0.0014322026202388668,0.16363236752844867,0.023205788589537354,0.012421024963259697,0.0015798374079167843,0.0017954099457710981,0.04820999875664711,0.09626000374555588
1083,0.0006945010350719567,5.6809470141250804e-05,1.273796558380127,0.6040213704109192,0.0038303281222467813,0.0007862030226579427,0.010824916209705196,0.0009022358743595573,0.010962298139929771,0.0011678640730679035,0.0006460099830292165,0.005166000220924616,0.00761700002476573
1084,0.00042469511793028397,6.710308262571451e-05,1.0937247276306152,0.7086983174085617,0.0009738840896339149,0.0013351114261753417,0.02600758925775757,0.001827340042249782,0.011534123681485653,0.0015449374914169312,0.00027086999034509063,0.006041999906301498,0.016548998653888702
1085,0.0007346077209270116,7.274649042722926e-05,1.0236804485321045,0.6992037743330002,5.903850209755855e-05,0.00042227700464675643,0.0476163074239101,0.0037025305843323246,0.010598990134894848,0.0006524557247757912,0.0006335100042633712,0.007577999960631132,0.03590399771928787
1086,0.0026305890331328524,0.000162751581394633,1.6312227249145508,0.4379655122756958,0.01204847003625343,0.0014240116298171413,0.17198657743648743,0.020851607236044803,0.011191490106284618,0.0009246962144970894,0.0027334101032465696,0.060283999890089035,0.05030599981546402
1087,0.0006444108664504792,6.090066849621847e-05,1.2176343202590942,0.658934935927391,0.00234648656380936,0.0011779685637937887,0.017346059447963382,0.0013899257739359173,0.01115657389163971,0.001360524445772171,0.00043171001016162336,0.003711000084877014,0.011661999858915806
1088,0.0005898113028472414,5.58305119697738e-05,1.3275290727615356,0.6180547773838043,0.0036249346724914863,0.00096048795670055,0.015767366096500583,0.0012560057251731717,0.011003497056663036,0.0011217808350920677,0.00044351001270115376,0.005255000200122595,0.011273999698460102
1089,0.0009823794999727605,6.931915673185051e-05,0.9707140326499939,0.6770580410957336,0.002030694561139458,0.0013311835587308048,0.02692491392384631,0.0023001582920941406,0.010520871728658676,0.0006294110789895058,0.0009653100278228521,0.006279999855905771,0.01919800043106079
1090,0.000928445701296568,8.66643864276571e-05,1.0389366149902344,0.7236098647117615,0.008297266902663959,0.0013031903340587673,0.06646771298911945,0.007321094526110326,0.010510130785405636,0.0005978001281619072,0.0009594099828973413,0.029178999364376068,0.031769998371601105
1091,0.0008331138698945005,6.366566875034354e-05,0.6934841871261597,0.6322632133960724,0.0006941084415525619,0.0009860890160914941,0.023797965269996748,0.0016965502919030397,0.01033270638436079,0.000417336355894804,0.0006821100250817835,0.006051999982446432,0.017284000292420387
1092,0.0004666052318353482,6.191785994932961e-05,1.4460643529891968,0.5932962000370026,0.00319744396530557,0.0012716968178276915,0.02568053532324449,0.001986167778272308,0.011166609823703766,0.0012087873183190823,0.00040096999146044254,0.006835999898612499,0.020086999982595444
1093,0.0011033429965511485,0.00011350847705801984,0.8951820731163025,0.690202459692955,0.003509206547278097,0.0017618221299868383,0.07799137386688235,0.00750735044498458,0.01298542134463787,0.0015587140806019306,0.001094509963877499,0.0199740007519722,0.05952499806880951
1094,0.0009478485057028122,6.403991832387078e-05,1.3779826164245605,0.577647477388382,0.0016787031950183508,0.0011407470369756674,0.019816121079636134,0.0015545000892450977,0.010654178448021412,0.0008335653692483902,0.0007901099743321538,0.005255000200122595,0.01347300037741661
1095,0.0008777711638827228,0.00012137517779837282,0.6637393832206726,0.6525556966662407,0.0003886635920878668,0.001179321417545242,0.12715739616333685,0.013517844615264653,0.014283504337072372,0.0018978198058903217,0.0007835099822841585,0.01359499990940094,0.1312990039587021
1096,0.0006493124748561358,9.072710622413336e-05,0.9001328349113464,0.7063079550862312,0.007646961321245557,0.0013314018129263155,0.07026521266381046,0.00685396322827346,0.010945843532681465,0.0010108370333909988,0.0005019099917262793,0.03649299964308739,0.025377999991178513
1097,0.0006882113403427431,5.731571436242035e-05,1.040113925933838,0.6186734139919281,0.005022358470402427,0.0006116788099353662,0.004383051380685121,0.0005060016268630594,0.011509512551128864,0.0020092325285077095,0.0005695099825970829,0.0048859999515116215,0.002546000061556697
1098,0.0005295029329763059,5.441609677730243e-05,0.705604076385498,0.6408237367868423,0.0026834251129869402,0.0006827276907867502,0.0075055070843180315,0.0006009830893246373,0.01109120063483715,0.001501910388469696,0.00042610999662429094,0.0029299999587237835,0.005504000000655651
1099,0.0009673800651950244,6.605525084301805e-05,1.1881747245788574,0.6298169493675232,0.00464061894486306,0.0009371535217985801,0.01564034797757528,0.0014065354760821863,0.01073895487934351,0.000893657561391592,0.0009221099899150431,0.005255000200122595,0.013243000954389572
1100,0.0007617736109255548,6.003761897396896e-05,1.280411958694458,0.6022175252437592,0.004365950254214965,0.0008721944544252814,0.011971770384785137,0.0010389612205273678,0.011065710335969925,0.0012711542658507824,0.0006716100033372641,0.0061980001628398895,0.007170000113546848
1101,0.0008112053602108005,7.588984647782115e-05,1.3467506170272827,0.6102153062820435,0.001733211441294033,0.001606348519900313,0.026599076414705956,0.0021514950022757384,0.011974534951150417,0.0016322433948516846,0.0007145099807530642,0.00661499984562397,0.017336999997496605
1102,0.0011405569764860093,6.658392674771367e-05,1.532958745956421,0.4536765217781067,0.005548498003658083,0.0010022755567462203,0.013760703655181417,0.0012811610506673543,0.012024611234664917,0.0018988288938999176,0.001165210036560893,0.00774300005286932,0.008393999189138412
1103,0.001380129242300308,8.818264307337213e-05,1.2390072345733643,0.5800561606884003,0.0024535629823628268,0.0015616142997217494,0.02446875726743716,0.0022357509708477025,0.011960329487919807,0.0016433983109891415,0.0013676099479198456,0.008363000117242336,0.016999000683426857
1104,0.0010031847473172045,8.021847639251084e-05,0.914200484752655,0.6833218038082123,0.00015826423468269133,0.000786684801588911,0.044001615163905716,0.0037213627015005475,0.011002756655216217,0.0009091254323720932,0.0009194100275635719,0.009171999990940094,0.030406000092625618
1105,0.0010049635198519443,6.873770253120577e-05,0.9131072759628296,0.6748863309621811,0.005690382979296482,0.001105384507479326,0.024985266037928177,0.00237865816777243,0.010425048880279064,0.0005354811437427998,0.0010047099785879254,0.011347999796271324,0.014769000001251698
1106,0.0007364829624430365,6.150558966370941e-05,0.795193076133728,0.6407694071531296,0.002735489699450906,0.0007907538458022218,0.010897973989366146,0.000848770056060647,0.010940471664071083,0.0011978233233094215,0.0005438100197352469,0.0046190000139176846,0.006519000045955181
1107,0.001075033847404697,7.220564542651073e-05,0.9596743583679199,0.622187077999115,0.003039998993280943,0.0009756091094363299,0.01386146033848886,0.0011950964295572583,0.011298191733658314,0.0014602439478039742,0.0010171099565923214,0.006051999982446432,0.009895000606775284
1108,0.00158388614180646,0.0001231340794522203,1.1116173267364502,0.6794583350419998,0.003364524200507633,0.0018764565444469319,0.09216704174506002,0.010009816833857987,0.012410313822329044,0.0013096584007143974,0.001697810017503798,0.017511999234557152,0.06564299762248993
1109,0.0008621978915544584,0.00014720610190863354,1.0801042318344116,0.7159432023763657,0.006909790862883741,0.0014509873929232629,0.1942852676089341,0.027506024242314825,0.01175132766366005,0.0015637963078916073,0.000524309987667948,0.03564999997615814,0.1205269992351532
1110,0.0008431155666263124,7.561574455980749e-05,0.8910926580429077,0.6887964010238647,0.0041313066937528255,0.0012830359833660306,0.03188364273062413,0.0027144185251623525,0.011197075247764587,0.001141637098044157,0.000718010007403791,0.015495000407099724,0.01795399934053421
1111,0.0008092406995281565,6.420656942269837e-05,0.8358308672904968,0.6691673770546913,0.0041708261872953935,0.0010673963146238786,0.02321494811492985,0.001970385477497944,0.010435115545988083,0.0005369116552174091,0.0006380099803209305,0.007579000201076269,0.01628199964761734
1112,0.0009909392255536727,7.115858652432698e-05,1.2009328603744507,0.6552366018295288,0.00345915287001005,0.0012505225430357884,0.031976695331412515,0.0028711282967468135,0.010582907125353813,0.000678494106978178,0.0009575100266374648,0.01057399995625019,0.019967999309301376
1113,0.0035827726141321545,0.0002184985204824704,1.2153034210205078,0.662108525633812,0.012082164300884109,0.0017090552518117348,0.4967573966577606,0.08951336083401051,0.01604483276605606,0.0012782257981598377,0.004021110013127327,0.06991899758577347,0.23509001731872559
1114,0.0007311637061558834,6.46272953479291e-05,1.3422850370407104,0.6095758974552155,4.158192498569868e-05,0.000264842199078188,0.02649541980019002,0.001755048182694903,0.011226927861571312,0.0009922771714627743,0.00044420998892746866,0.003700000001117587,0.01781100034713745
1115,0.0006603731539435479,5.970299112346251e-05,0.8925376534461975,0.6644901931285858,0.00013166016161200982,0.0004946092514788164,0.01851754335811947,0.001172904857322651,0.010664747096598148,0.0007436764426529408,0.00043951001134701073,0.005140000022947788,0.011745000258088112
1116,0.0008332003158111476,6.199518806720853e-05,1.0236655473709106,0.6425763368606567,0.003597495279107715,0.0008204141857345803,0.0132679858398825,0.0010911826710045041,0.01063179038465023,0.0007998421788215637,0.0008965100278146565,0.005628999788314104,0.009762000292539597
1117,0.0011667683866060973,7.089928071301048e-05,1.1343967914581299,0.6061615645885468,0.003662789979906516,0.0009593022930728316,0.017990935999881736,0.0016062455579785567,0.010691359639167786,0.0008268216624855995,0.0012266100384294987,0.006845000199973583,0.012524999678134918
1118,0.0007102657605806379,6.585608830705545e-05,0.5380496978759766,0.6003819555044174,0.002455289038198929,0.0014561901928459684,0.03189721954781527,0.0025174363471239143,0.010312399826943874,0.00040829507634043694,0.0007484100060537457,0.007720999885350466,0.024863000959157944
1119,0.0008839114274761977,7.559223622962248e-05,1.0094660520553589,0.6866894066333771,0.0010339554103434864,0.0013339390754371781,0.03188367773754817,0.0025914885561479136,0.011007852852344513,0.0010271472856402397,0.0006776099908165634,0.008243000134825706,0.02163499966263771
1120,0.0006553761762431851,6.363230419606546e-05,0.8992599248886108,0.7028867229819298,0.002678557844611886,0.0013060490195418181,0.027963743583419173,0.002230689031094123,0.010463177226483822,0.0005766856484115124,0.0006433100206777453,0.009530000388622284,0.016993001103401184
1121,0.0012577949648207394,9.363529901399445e-05,1.009535312652588,0.7116160243749619,0.005804991320230782,0.001398605926268765,0.07482067973126254,0.008628126349096883,0.010479330085217953,0.0005585905164480209,0.0011603099992498755,0.022940000519156456,0.04942899942398071
1122,0.0008592559782434252,7.420466745669795e-05,1.0147291421890259,0.7091557830572128,0.002257533060318978,0.0016507142046528799,0.042819573931825,0.0037889437216210194,0.010555298998951912,0.0006538904272019863,0.0007028100080788136,0.013414000160992146,0.02407499961555004
1123,0.0037482451002361105,0.0002594026455991214,1.119461178779602,0.7113880068063736,0.014583343398934231,0.0016729729216086219,0.2820912554353653,0.05360150636027633,0.010693246498703957,0.000667833723127842,0.0037104100920259953,0.08022399991750717,0.12474099546670914
1124,0.0020921755644881202,0.00023722724460565876,1.1365327835083008,0.7328252792358398,0.014577596259402442,0.0017120404048840644,0.41626196998501797,0.09057271245915938,0.014243082143366337,0.001991008408367634,0.002357509918510914,0.09152299910783768,0.19126099348068237
1125,0.0006682680455452101,5.768112670365556e-05,0.9350205659866333,0.6520410180091858,0.003254175116606799,0.0007156359544213608,0.008305930526710163,0.0006933135990561368,0.011073481291532516,0.0013419496826827526,0.0005693099810741842,0.0033420000690966845,0.006051000207662582
1126,0.0006927589293328196,6.161135925281374e-05,0.992031455039978,0.684827595949173,0.002975179181097221,0.0010086040948856932,0.01766900816993125,0.0013556526863410159,0.010778643190860748,0.0009283190593123436,0.0005158099811524153,0.005032000131905079,0.012362999841570854
1127,0.0006029814545547307,5.899936875745015e-05,0.9303848743438721,0.6953958868980408,0.0024267525869009167,0.001125964300626893,0.021111908844974075,0.0016156650632588344,0.01054882351309061,0.0006858012638986111,0.0003915299894288182,0.006134999915957451,0.013642000034451485
1128,0.0005136802668727027,6.722412036357323e-05,0.6982447504997253,0.6824512258172035,0.00035811306564137484,0.0009635360658646619,0.04068095065974564,0.00284114151845866,0.01040967833250761,0.0004962445236742496,0.00030516000697389245,0.008243000134825706,0.02668999880552292
1129,0.0011244904524876519,7.847376709049921e-05,0.9537744522094727,0.6669951826334,0.00044245126423526324,0.0010738645827436373,0.03466324280503936,0.0029397166853226443,0.010946864262223244,0.000940241850912571,0.0011485100258141756,0.009171999990940094,0.024000998586416245
1130,0.0011511361934003171,7.700206783500091e-05,0.8460221290588379,0.6832939013838768,0.002833320997714669,0.0015100094713447804,0.04017732499538864,0.003770943259179111,0.010470842011272907,0.0005620997399091721,0.0010949099669232965,0.011242999695241451,0.02563299983739853
1131,0.0009399695288987599,0.0001153609262291709,1.1755787134170532,0.6948891282081604,0.003095848062404495,0.0018728037526335095,0.15123455123335713,0.017542638283060838,0.015938499942421913,0.001852331217378378,0.0008985099848359823,0.018602000549435616,0.11142000555992126
1132,0.0015170894909339338,0.00013334769491692665,0.7433271408081055,0.6854657679796219,0.005755918948158896,0.0015111217766723703,0.13166972081346368,0.016677379647607127,0.011024260893464088,0.0010052393190562725,0.001637210021726787,0.023029999807476997,0.11425399780273438
1133,0.002184454840842146,0.00011362561362862514,1.7202870845794678,0.3328566551208496,0.00564551105703614,0.0013995812774762377,0.08744990618612161,0.00762479257014799,0.011005927808582783,0.0008117184042930603,0.0022421099711209536,0.022616000846028328,0.040890999138355255
1134,0.0007748180577346618,6.571055585250635e-05,1.1977347135543823,0.6423778384923935,0.003942812473550094,0.001056010254149394,0.014600514254079872,0.001289460995260107,0.012131382711231709,0.002028123941272497,0.0007419100147671998,0.005140000022947788,0.009817000478506088
1135,0.0009271993094746714,6.069388969843332e-05,1.4089021682739258,0.5121053755283356,0.003392122779300001,0.0007584689920590302,0.010039913363550342,0.0008592178198486783,0.011105621233582497,0.001385403797030449,0.0009208099800162017,0.005861999932676554,0.005408999975770712
1136,0.0010465204856323085,8.113873961440452e-05,0.9488993883132935,0.6645665764808655,0.00023871599904783116,0.0009183814545120045,0.03279535957846514,0.002642673447794848,0.011908099055290222,0.0012562568299472332,0.0009786100126802921,0.007511999923735857,0.02276800014078617
1137,0.0006577410003229759,6.135176432069361e-05,0.984696090221405,0.6927327811717987,0.00402182165041629,0.0010629286829774477,0.021181580917169342,0.0017310388198272277,0.010631395503878593,0.0007514813914895058,0.0005436100182123482,0.008603000082075596,0.013117000460624695
1138,0.0006917085491914671,6.337023422523538e-05,1.1648099422454834,0.6952526718378067,0.0028880988834803344,0.0012963732802872175,0.03151593161555189,0.002607623773020082,0.010441618971526623,0.0005371426232159138,0.0004790099919773638,0.009336000308394432,0.018590999767184258
1139,0.0007789824129566619,6.702601756277586e-05,1.3279157876968384,0.6401188969612122,0.0015694840706835425,0.0014996415619699804,0.03751649065289383,0.003163858957268617,0.01038393285125494,0.00047068018466234207,0.000572210003156215,0.010564999654889107,0.020608998835086823
1140,0.0013260023343977718,7.440125184239002e-05,1.2042803764343262,0.6301979720592499,0.005603616417926964,0.0011816361292282134,0.030885714815397276,0.0031716165241542013,0.010524568147957325,0.0006088921800255775,0.0014311099657788873,0.016997000202536583,0.014318998903036118
1141,0.0008582461616757542,8.53659227408958e-05,0.9460492134094238,0.7075319588184357,0.005537196650420659,0.001355467455219468,0.05838746668985675,0.005598194810269783,0.010752209462225437,0.0008156336843967438,0.0008947100141085684,0.021359000355005264,0.035197000950574875
1142,0.0007087922199544321,6.733243096205882e-05,1.2372757196426392,0.6580624431371689,0.0002967624924192593,0.0008950315100468406,0.028949095139478357,0.002091450499878314,0.010900691151618958,0.0009479480795562267,0.0005724100046791136,0.0042860000394284725,0.023287000134587288
1143,0.0006459338660726742,6.50770560010589e-05,0.8272877931594849,0.7039032429456711,0.00012737478547533923,0.0006069214357329689,0.03682447794120725,0.0026502471134963734,0.010317211970686913,0.0003858269192278385,0.0005770099814981222,0.008985999971628189,0.027823999524116516
1144,0.0009757458864307516,7.910775596322428e-05,1.284195899963379,0.6415696442127228,0.001008963589225617,0.0013397678608065202,0.035866710974535164,0.003007354204477678,0.011134280823171139,0.001067460048943758,0.0009270100272260606,0.00661499984562397,0.024101998656988144
1145,0.0007744731684536732,6.756223655387974e-05,1.3128098249435425,0.6252855956554413,5.606053352009186e-05,0.0003643493659166245,0.032844655441189675,0.002342452780787426,0.010996537283062935,0.0008867490105330944,0.0006381099810823798,0.007381000090390444,0.0229909997433424
1146,0.000895789353189048,7.336416674310069e-05,1.0087908506393433,0.666883796453476,0.0018356994369437148,0.001535152585064978,0.023913388997151747,0.0019646826653819376,0.011268071830272675,0.0013376567512750626,0.0009091100073419511,0.008045000024139881,0.014731000177562237
1147,0.0031346056968598714,0.00014033454380275824,1.1333190202713013,0.6191510856151581,0.006756276023721382,0.001603553108602625,0.10564866919791704,0.014647971940285609,0.01116415485739708,0.000819129403680563,0.003345909994095564,0.03407900035381317,0.059014998376369476
1148,0.0012280896197720997,9.245494223173345e-05,0.8373481035232544,0.660065546631813,3.9254265204034e-05,0.0002846064030156376,0.06638535278609457,0.006034827875319438,0.012672469019889832,0.0012309001758694649,0.0008969099726527929,0.006051999982446432,0.056849002838134766
1149,0.0004824013325134736,6.071830853420529e-05,1.2937629222869873,0.6659540086984634,0.00201540705223832,0.001477012689264959,0.02622444452209757,0.0020547239275231673,0.01089456770569086,0.0010068146511912346,0.0002783499949146062,0.00661499984562397,0.016603000462055206
1150,0.0011863687642139392,6.891539041923786e-05,1.5538547039031982,0.4411817193031311,0.0027224319155927453,0.0010774565208102604,0.02059356577362616,0.0016796652254521104,0.01109094638377428,0.001160535030066967,0.001203609979711473,0.008255000226199627,0.011025000363588333
1151,0.0013306562434119145,7.18126366395889e-05,1.3488856554031372,0.5795255303382874,0.005222877176886557,0.0011889946972404152,0.0323621719131183,0.0032145676272114718,0.010482470504939556,0.0005723722279071808,0.001460909959860146,0.01231900043785572,0.023603999987244606
1152,0.0028461777432637887,0.00011829994099538284,1.4215278625488281,0.5032566487789154,0.007557450161002838,0.0014389364980314941,0.07708780142576394,0.009005608535465545,0.010996943339705467,0.0007837601006031036,0.0029882099479436874,0.0307219997048378,0.03168800100684166
1153,0.0018358254113363208,0.00014577742565500661,1.2566111087799072,0.6909262984991074,0.01053362280040873,0.001453321673305908,0.16049805993636962,0.023913097120355803,0.010671181604266167,0.0007120678201317787,0.0017917100340127945,0.04359700158238411,0.08660000562667847
1154,0.0016461305733560703,9.130053101328618e-05,1.3042196035385132,0.6364684402942657,0.005314888357680093,0.0013850348648155421,0.06683916905438583,0.007642187991477912,0.010474255308508873,0.0005499268881976604,0.0015260099899023771,0.019005000591278076,0.04150800034403801
1155,0.0020576236182306236,0.0001312703610239018,1.4965875148773193,0.5179353058338165,0.009374171357070667,0.0014384168065982098,0.1903200879093592,0.022945167360424665,0.01593318209052086,0.0014279987663030624,0.0025891100522130728,0.04943700134754181,0.08186999708414078
1156,0.000650025070587868,5.798529244464341e-05,1.0656747817993164,0.6878048777580261,0.0017935701860029212,0.0010636173396093298,0.016065503867080208,0.0011825377351184687,0.010579315945506096,0.0008022789843380451,0.00048091000644490123,0.0017320000333711505,0.012854000553488731
1157,0.0008602480924309474,6.653002405785085e-05,1.0526318550109863,0.6824664622545242,0.002284149860688167,0.0011787045277646341,0.022954753122403054,0.0018688758874710887,0.010686920955777168,0.0008100797422230244,0.0008324100053869188,0.005532999988645315,0.017955999821424484
1158,0.0008969565904969673,7.382381873301524e-05,1.079284429550171,0.6796952337026596,0.004364706484273687,0.001269322628360867,0.030239549933105906,0.0026404339192147123,0.011099623516201973,0.001097802072763443,0.000752009975258261,0.007720999885350466,0.024668000638484955
1159,0.0010452779672252379,9.661868724778302e-05,0.5082033276557922,0.5440014936029911,7.908804979347875e-05,0.0005390050256659782,0.07391047407505863,0.005957349376468225,0.013571346178650856,0.0014227298088371754,0.0009251100127585232,0.010800999589264393,0.05693500116467476
1160,0.0009403979260746558,7.778652009084332e-05,1.257178783416748,0.6659709960222244,0.0037687835921837724,0.0013760926815673438,0.04747757393023284,0.00443022641565928,0.010580028407275677,0.0006419830024242401,0.0008393099997192621,0.014685999602079391,0.03199999779462814
1161,0.0007571486400371442,6.043713694941648e-05,0.972914457321167,0.665432021021843,0.003403596559794927,0.0008164970353203471,0.0133688809692114,0.00106772166937437,0.010553332045674324,0.0007043681107461452,0.0006542099872604012,0.004794000182300806,0.009453000500798225
1162,0.0006497178952055309,5.873279591446127e-05,1.1689776182174683,0.6736503690481186,0.0021859711809355956,0.0010248773891828222,0.016794041975417624,0.001286743597205037,0.010782415978610516,0.0009541749022901058,0.0006690099835395813,0.0061980001628398895,0.011082999408245087
1163,0.0007410732309207176,6.349007529040518e-05,0.8267474174499512,0.6728501617908478,0.003722593407869193,0.0010507958990322289,0.019931163505550506,0.00160595479422025,0.010656747035682201,0.0007954374887049198,0.0006903099711053073,0.008578999899327755,0.010924000293016434
1164,0.0010795877829801112,0.00010222416573428712,1.5243644714355469,0.529248058795929,0.0035277476474044806,0.001610603592068173,0.07378894961981369,0.006873363916994273,0.012062231078743935,0.001331358216702938,0.0009272100287489593,0.01750200055539608,0.04833199828863144
1165,0.0013540544934505985,7.173733330317553e-05,1.391932487487793,0.5636648237705231,0.004966401454504877,0.0011865997977848022,0.03669424567225645,0.0037207625683216006,0.010331356897950172,0.0003997734747827053,0.0013869099784642458,0.017294999212026596,0.01724500022828579
1166,0.0012730683544604215,8.008410219173957e-05,1.5863025188446045,0.4854537546634674,0.005700538461527705,0.001296298276915239,0.057914043101047856,0.005577389408533806,0.010383110493421555,0.0004526060074567795,0.0013742099981755018,0.01960800029337406,0.0333469994366169
1167,0.002752028453297921,0.00013868268222880426,1.015730857849121,0.625980332493782,0.008710689020474463,0.001526674253925931,0.12025170368409897,0.0159196848930419,0.013340908102691174,0.001141898799687624,0.0029601100832223892,0.02793099917471409,0.10311400145292282
1168,0.0006898806531023752,6.300205648941736e-05,0.8657385110855103,0.6786356270313263,0.003215702177913084,0.0009825564308747993,0.014233379663212751,0.0011635598320570498,0.011250432580709457,0.0014556464739143848,0.000607409980148077,0.0034149999264627695,0.011963999830186367
1169,0.0007643834434565665,6.196908600421378e-05,1.2040560245513916,0.6477596163749695,0.002100909019870576,0.0010048387225945253,0.01527865522096534,0.001205122198125171,0.010917780920863152,0.0011000372469425201,0.0007114100153557956,0.004031000193208456,0.010173000395298004
1170,0.0012573282713242752,8.36165769323347e-05,1.2442975044250488,0.6315504908561707,0.002733409098059728,0.001596715409536068,0.035052229210320224,0.0032320093525846916,0.0110695231705904,0.0010269084013998508,0.0012076100101694465,0.006738999858498573,0.027552001178264618
1171,0.0011672456801107944,8.435052703309356e-05,1.3733346462249756,0.587533175945282,0.0011733916339076464,0.0014553005884520617,0.038594459516987534,0.003334858552461118,0.011430616490542889,0.0011633103713393211,0.0011786100221797824,0.007569999899715185,0.027831001207232475
1172,0.0008944036358156349,8.41891401257756e-05,1.1016058921813965,0.684356302022934,6.485408436171751e-05,0.000459993682061939,0.05205617672430549,0.004198823695995512,0.012210994958877563,0.001253209076821804,0.0007181100081652403,0.008469999767839909,0.0359020009636879
1173,0.0008852779730629276,9.870437368406272e-05,1.0356197357177734,0.7035835087299347,0.0007934489078248033,0.0013800175600834417,0.07028008456487067,0.006362718210820392,0.011881604790687561,0.0013261358253657818,0.0006912099779583514,0.012741000391542912,0.04674400016665459
1174,0.0015273430601114627,8.026245331527572e-05,1.0895620584487915,0.6714312881231308,0.005568683985340409,0.0013194679197513133,0.04696922224063303,0.005370213119691953,0.010415678843855858,0.0004893271252512932,0.0018260099459439516,0.020927000790834427,0.02851099893450737
1175,0.0009119703656984233,7.445783909426916e-05,0.6449033617973328,0.6441883370280266,0.0060547989064246265,0.0012553747744020495,0.04015852621961084,0.003628579916153129,0.010525853373110294,0.0006235199980437756,0.0009443099843338132,0.022938000038266182,0.014014000073075294
1176,0.0008050224130469618,7.262025159029408e-05,0.5599725246429443,0.6279441937804222,0.00297325086587542,0.0014798044721117992,0.04255860965022097,0.003685948015596043,0.01024410966783762,0.00031756283715367317,0.0007273100200109184,0.0150950001552701,0.0262410007417202
1177,0.0005417390717070555,5.8727389084270155e-05,0.830194890499115,0.6943089067935944,0.00012147648212872461,0.0005180412342839274,0.025871736801137545,0.001623732087750733,0.010263285599648952,0.0003306623548269272,0.00034118001349270344,0.005042000208050013,0.01706000044941902
1178,0.0013560853537783674,6.909841469443327e-05,1.6358975172042847,0.39439529180526733,0.0035449112733492343,0.0011799765517637464,0.0302064244331185,0.0025132997414304553,0.010667666792869568,0.0007293908856809139,0.0013442100025713444,0.007946000434458256,0.01999399997293949
1179,0.0009982776906123521,9.809827950746488e-05,0.9999400973320007,0.6852288693189621,0.0025804700225045118,0.0019687394129276467,0.0523158797090599,0.004390921580575347,0.01378571055829525,0.0016352166421711445,0.0010433100396767259,0.010695000179111958,0.03901899978518486
1180,0.0014876592650936203,6.53017640731031e-05,1.5543718338012695,0.44731003046035767,0.006184836051192569,0.00100038686364239,0.02520696798852922,0.0024183326672637187,0.010270616970956326,0.00035284459590911865,0.001627109944820404,0.011989000253379345,0.016030000522732735
1181,0.002148454400920969,0.00011728881369144355,1.5464742183685303,0.5231621265411377,0.009974904769453091,0.0013825443070682253,0.10833325356071737,0.013396135095964858,0.010487208142876625,0.0005326932296156883,0.002348710084334016,0.03687899932265282,0.056777000427246094
1182,0.00478052184923994,0.00016383099096167796,1.771233081817627,0.2663953900337219,0.014415024468554668,0.0014493929224733372,0.4111042637477378,0.040566769539640835,0.017811693251132965,0.0009229127317667007,0.0052921101450920105,0.07344900071620941,0.14607499539852142
1183,0.0007087972784296654,7.23815856961661e-05,0.9771789312362671,0.7014453411102295,0.0027887114247780345,0.0014779731802650811,0.031365293176297875,0.002582469870146077,0.011094363406300545,0.001112407073378563,0.00047490998986177146,0.006835999898612499,0.020895998924970627
1184,0.0009266115857958364,7.344084290401387e-05,0.8340648412704468,0.6590322479605675,0.00016452984841118756,0.0007417400914585299,0.02731211625733571,0.002020747987053711,0.011428908444941044,0.0011424957774579525,0.0007647100137546659,0.00585100008174777,0.019433001056313515
1185,0.0006187423845706491,5.728882024278603e-05,0.7145863175392151,0.6280799582600594,0.003139844844021863,0.0008064940049765513,0.011860740913593818,0.0008961932175581104,0.010793394409120083,0.0010248390026390553,0.0005766099784523249,0.006314000114798546,0.0067980000749230385
1186,0.0006449081023350373,6.88057477295666e-05,1.2669153213500977,0.662002444267273,0.002176897268839185,0.0016109515527374517,0.033647698675721434,0.002749330424981466,0.010866304859519005,0.0009374632500112057,0.0005512100178748369,0.0075079998932778835,0.024663999676704407
1187,0.0008732493429077788,9.404817143599821e-05,1.0909919738769531,0.696526050567627,0.0033667672706547687,0.0015783738316370666,0.04864059111444773,0.004151018720147042,0.012695813551545143,0.0015646512620151043,0.0007767099887132645,0.012741000391542912,0.033796001225709915
1188,0.0012970422996893963,6.824423556332023e-05,1.6755908727645874,0.3572111129760742,0.006301687094257986,0.0011055849594026187,0.025847631272905146,0.002158209344176836,0.011058451607823372,0.0010184608399868011,0.0013388099614530802,0.008603000082075596,0.018112000077962875
1189,0.0012366505907031122,9.175899903358562e-05,1.597938060760498,0.43827879428863525,0.0027986081271502523,0.0017402754090467998,0.05386392165977424,0.004251325569121483,0.014067395590245724,0.0014466792345046997,0.0012341099791228771,0.009336000308394432,0.0385420024394989
1190,0.0008877005852289593,6.410643281241267e-05,0.651534914970398,0.5808921903371811,0.004404318304676279,0.0007831434258133976,0.009754689874057813,0.0008282880074609502,0.010753278620541096,0.0009869341738522053,0.0008831099839881063,0.0061160000041127205,0.006312000099569559
1191,0.001198617227088957,7.598646574511565e-05,1.0677027702331543,0.6084421724081039,0.0032685790844820674,0.0009953400632714566,0.015982216295470152,0.00144155346839475,0.01124427281320095,0.0013505835086107254,0.0011466100113466382,0.006384999956935644,0.009939000010490417
1192,0.0012017356653018245,9.176288026676899e-05,1.189769983291626,0.6625427305698395,0.0014928854635149486,0.001647206957576951,0.048482741312141295,0.004476677996995068,0.011301754973828793,0.001115649938583374,0.0010966099798679352,0.008541000075638294,0.037046998739242554
1193,0.0004458225730555967,6.609510423633114e-05,1.1254786252975464,0.6959504038095474,4.4826028798765145e-05,0.00034772558791373366,0.027688723998975626,0.0016188930107158377,0.01248946599662304,0.001397605985403061,0.00032054001349024475,0.005032000131905079,0.021292001008987427
1194,0.0005524987075269794,5.942046056125718e-05,0.7484516501426697,0.6690430119633675,0.0027957074147861105,0.0010073719635850806,0.01770786018519588,0.0013132101727252477,0.010728482156991959,0.0009060814045369625,0.0003632600128185004,0.006134999915957451,0.011001999489963055
1195,0.0005710868823210861,5.806999209196262e-05,1.4293708801269531,0.595259815454483,0.002621790205134228,0.0011109155173070267,0.01873007413818836,0.0014391318332753426,0.011155210435390472,0.0012290235608816147,0.00047490998986177146,0.007085000164806843,0.00926200021058321
1196,0.0005678932921284697,5.414834410836708e-05,1.0084679126739502,0.6660275310277939,0.0064534974267273304,0.0008114223808882107,0.008370831363432103,0.0008326470582595727,0.011105976998806,0.0014031524769961834,0.0004312100063543767,0.007946000434458256,0.003889999818056822
1197,0.0014222214178553668,7.9048914234761e-05,1.3739378452301025,0.5810404121875763,0.001954812160241231,0.001640227354048214,0.04381871296781267,0.0041768841405903125,0.01050387229770422,0.000571767333894968,0.001494009979069233,0.01231900043785572,0.03247799724340439
1198,0.0006933201139815093,7.393948969127681e-05,0.728521466255188,0.6581305861473083,0.001543560054288243,0.0015476243644514914,0.01911006478451591,0.0014964655187057665,0.01242070272564888,0.002269390504807234,0.0005345100071281195,0.004000999964773655,0.014263000339269638
1199,0.0019815038684951806,0.00010595500696673884,1.5014326572418213,0.4808613955974579,0.0027796812584754233,0.0018446293736983056,0.061328893432189904,0.005889596323797441,0.011273500509560108,0.0009249579161405563,0.0019446100341156125,0.017210999503731728,0.03477900102734566
1200,0.0005796125993352407,5.6086330187596345e-05,1.175731897354126,0.6492966413497925,0.0018516791108368613,0.0007186292614486216,0.006552714863555158,0.0005683034290299388,0.012449756264686584,0.0027415980584919453,0.0004916099715046585,0.0021989999804645777,0.0039049999322742224
1201,0.0007922445539907206,6.032452778085461e-05,1.352712631225586,0.5784648358821869,0.003392485928594526,0.0008862334555709986,0.012985598512922957,0.0010737351107255426,0.0111288633197546,0.0012797596864402294,0.0006537099834531546,0.00406600022688508,0.008983000181615353
1202,0.0006030860672743168,5.7786450794105866e-05,1.0445747375488281,0.6783766001462936,0.0049365686233339,0.0009061651849280351,0.012281418710343054,0.0010614318247965434,0.011084971949458122,0.0012925155460834503,0.00047701000585220754,0.005828999914228916,0.008963000029325485
1203,0.0010000642326135633,6.533020541565725e-05,1.4944000244140625,0.49864432215690613,0.0035087037717751205,0.0010647749568006612,0.020151105544867577,0.0016652937125857144,0.01099326740950346,0.0010720384307205677,0.0009931100066751242,0.00661499984562397,0.01369599997997284
1204,0.0005037114419586885,5.612150789258724e-05,0.6846036911010742,0.6510931774973869,0.0036872602909289553,0.0008866788107062119,0.013990538983721146,0.0010489692281317343,0.010622966103255749,0.0008093193173408508,0.0003858199925161898,0.005907000042498112,0.008142000064253807
1205,0.000505549266903095,6.876369914646813e-05,1.1112643480300903,0.7049923688173294,0.0016412975120397146,0.0015879056242950572,0.03563831772131514,0.002785997888633502,0.010967323556542397,0.001020852942019701,0.00019545000395737588,0.006829000078141689,0.025290001183748245
1206,0.0005382570100258589,6.314151170119851e-05,0.8702173233032227,0.7050172090530396,0.001398668389741329,0.001381658878265793,0.0303471069525435,0.002261733595935858,0.010497672483325005,0.0006156023591756821,0.0004136099887546152,0.0078039998188614845,0.020907999947667122
1207,0.0013565991301854017,8.095570115959714e-05,0.5723868608474731,0.5504115521907806,0.000281014082662159,0.0009234676693579898,0.0432237100390844,0.003464462544558459,0.010743310675024986,0.0007319143041968346,0.0012436100514605641,0.008898000232875347,0.0344730019569397
1208,0.004160864186440487,0.0002703313215441771,0.8967819213867188,0.6897919028997421,0.023499955891523337,0.0017502079657059112,0.4405670106194986,0.09169656703351636,0.013864289037883282,0.0011669252999126911,0.004396010190248489,0.12574000656604767,0.16464899480342865
1209,0.0005403048126064472,5.591179946726023e-05,0.9784263372421265,0.6760018467903137,0.0023950399042349064,0.0007519894701590414,0.009805857905767547,0.0007383575521557805,0.010999944061040878,0.0013161515817046165,0.00032540998654440045,0.0030849999748170376,0.006194000132381916
1210,0.0007843657359935722,6.295204555608946e-05,0.712893009185791,0.6252775341272354,0.0010079786823480692,0.0009221053294077958,0.011042398148969892,0.0007979004753311397,0.010877258144319057,0.0012865327298641205,0.0006099099991843104,0.0026700000744313,0.007594999857246876
1211,0.0004288615058621407,5.38631735129836e-05,0.6553431153297424,0.6422792002558708,0.004525616982218316,0.0008314291327053849,0.007174345218561026,0.0007006522236203249,0.01312599703669548,0.0031844405457377434,0.0003030200023204088,0.0033629999961704016,0.005828999914228916
1212,0.0006671364918648354,5.809064070199288e-05,0.694751501083374,0.639617070555687,0.0019074250552088474,0.0009130204279213701,0.016837614809298417,0.0012114885089362978,0.010299362242221832,0.00039851944893598557,0.0005651100073009729,0.006246000062674284,0.0089910002425313
1213,0.0006692934859104333,6.459306947770456e-05,1.1099063158035278,0.688490703701973,0.0032319614446673483,0.0011244172465350514,0.01938220160922069,0.0015594396032760794,0.011360174976289272,0.001445526722818613,0.0005386099801398814,0.006845000199973583,0.014050999656319618
1214,0.0007253853192242029,6.040592169969343e-05,1.0662158727645874,0.6797539591789246,0.003502431882204208,0.0010205209185007523,0.02106099752768421,0.0017389070801674244,0.010423657484352589,0.000529878307133913,0.0005272100097499788,0.007511999923735857,0.014217999763786793
1215,0.0018051225079864573,9.649156971184745e-05,1.7150640487670898,0.31601065397262573,0.004524583561129148,0.0013868185181088709,0.05120586545189117,0.0038689210960212266,0.012439975515007973,0.001144329085946083,0.0020052099134773016,0.015258999541401863,0.03024899959564209
1216,0.0006721305154425494,8.691149082412387e-05,1.3494385480880737,0.6379828751087189,0.007291482821265875,0.0013103323266125417,0.07721075314052286,0.007393772384796264,0.01569700799882412,0.0018433993682265282,0.0006590100238099694,0.021306000649929047,0.04127500206232071
1217,0.0007141259026194686,6.088217371892472e-05,0.6904000043869019,0.622753456234932,0.0026375329340268456,0.0008904482287580486,0.012249750845684675,0.0009496503826256402,0.011105474084615707,0.0013668523170053959,0.0005307099781930447,0.006041999906301498,0.0067610000260174274
1218,0.0009124320842738069,6.23868708763297e-05,1.4382643699645996,0.5270698368549347,0.0026096834392534845,0.000958711563287344,0.014356981030594443,0.00116449317917665,0.011198190972208977,0.0014184978790581226,0.0009239100036211312,0.006310999859124422,0.006843999959528446
1219,0.0007070717122754522,6.353707209961562e-05,1.155382752418518,0.6998968571424484,0.002473402590164452,0.0013256137229030243,0.03288087268384653,0.002800273498412954,0.010271393693983555,0.0003522164188325405,0.0004552100144792348,0.00761700002476573,0.021602999418973923
1220,0.0017742326331956868,0.00011123486469443323,1.0502307415008545,0.7145455926656723,0.0023920794307301456,0.002027216380035668,0.10451465671045675,0.013246955987710668,0.010410754010081291,0.0004795943386852741,0.0015929100336506963,0.020137999206781387,0.0723010003566742
1221,0.002777338330672212,0.0001264956789911718,1.7065504789352417,0.33555155992507935,0.010607579325436748,0.0013645019229591151,0.10367530133354975,0.010071986025854032,0.01089483592659235,0.0007340181618928909,0.0028578098863363266,0.04192100092768669,0.034644998610019684
1222,0.0012317194484830708,7.249984956136392e-05,0.8912392854690552,0.6257511377334595,0.004765172770357683,0.0010393070865571924,0.020472749891476082,0.001918967478338229,0.01058463379740715,0.0007093315944075584,0.0011856099590659142,0.009855000302195549,0.01352699939161539
1223,0.001389164259006779,7.172612109734497e-05,1.3619353771209717,0.5285135507583618,0.0042303555217786774,0.0010415192615353494,0.023669463989446533,0.0022252243622773657,0.01070015411823988,0.0007845484651625156,0.0012573100393638015,0.01015899982303381,0.012927999719977379
1224,0.0012405243115886518,8.410744868933291e-05,0.7999781966209412,0.6902278289198875,0.002645505791277248,0.0018700147850425181,0.05427096238832761,0.005357991220758564,0.010436308570206165,0.0005208156071603298,0.0011342100333422422,0.023107999935746193,0.027229998260736465
1225,0.0017104661382719424,0.0001308309878367696,1.3131290674209595,0.6332183182239532,0.003465297796678321,0.0018211398796676489,0.10350182568390207,0.011606157383779007,0.011893399059772491,0.0012190132401883602,0.001488410052843392,0.025647999718785286,0.05509999766945839
1226,0.0020447786199291346,0.00011017972954552053,1.4837579727172852,0.564385861158371,0.004785573874788073,0.0014834282746377006,0.10286095274586728,0.01218686649155333,0.01043738704174757,0.0004918756894767284,0.0017963099526241422,0.030074000358581543,0.04042799770832062
1227,0.00259141391848423,0.00015260205749439916,1.1024714708328247,0.6482841223478317,0.007647376936686386,0.001534766461510303,0.13643889091237085,0.018442754715612686,0.012781187891960144,0.0011909091845154762,0.0029264099430292845,0.035335998982191086,0.0910240039229393
1228,0.004045384627373568,0.00016495143893297806,1.8338072299957275,0.20257467031478882,0.011826803836034834,0.0013995451755307543,0.19978307172661408,0.0159554560559292,0.013205595314502716,0.0008397139608860016,0.004124110098928213,0.056768998503685,0.059355996549129486
1229,0.002669484259172775,0.00015027244708753183,1.7331933975219727,0.32617056369781494,0.01313928216158351,0.001387622322002965,0.180998680704273,0.01923732350673947,0.013429585844278336,0.0011183437891304493,0.002809409983456135,0.0668879970908165,0.0443590022623539
1230,0.00034666982282784186,5.059335860220431e-05,0.8942208290100098,0.6825766563415527,0.002596253958932798,0.0007876744957439998,0.007765917044741253,0.00066633560923235,0.012521378695964813,0.0027336073108017445,0.00017554000078234822,0.0029299999587237835,0.005260000005364418
1231,0.0007970979077107057,6.887826637712042e-05,1.2947276830673218,0.6110610663890839,0.002844078528541194,0.0012066830016885409,0.014250834727293004,0.001221539968942401,0.013850091025233269,0.002802272792905569,0.0007652100175619125,0.003751999931409955,0.010420000180602074
1232,0.0018576353885463317,0.00012813030589881892,1.4142612218856812,0.5681365430355072,0.0031785826261630625,0.001898241780616497,0.11000966215818611,0.01177357477824588,0.012949355877935886,0.0012223687954246998,0.001849210006184876,0.02115900069475174,0.07883000373840332
1233,0.001155574695566325,7.662415287902602e-05,0.6180603504180908,0.6184888854622841,0.00033387444088719774,0.0009588095377081284,0.04154574756264877,0.003423359051870807,0.01053558848798275,0.0006002150475978851,0.0009796100202947855,0.012230000458657742,0.025919999927282333
1234,0.0010190978943035143,7.383862221151002e-05,1.5235638618469238,0.5246081352233887,0.0043092368770108426,0.0012673023061166298,0.04437526706176412,0.004008469129446426,0.010567677207291126,0.0006348039023578167,0.0009279099758714437,0.01259899977594614,0.027493000030517578
1235,0.0008310952364186011,6.40362754182074e-05,0.7216688394546509,0.6221611574292183,0.0018645461585590378,0.0009620175270237671,0.016552827511684083,0.0012213353714759009,0.010642371140420437,0.0008309739641845226,0.0007848099921829998,0.004821000155061483,0.01242700032889843
1236,0.0009182117345765668,8.034123721206601e-05,1.3563499450683594,0.5981625616550446,0.0007687638811226479,0.001277930609331889,0.03326462790487159,0.0026782846279586343,0.011818421073257923,0.0013621160760521889,0.0009461099980399013,0.007559000048786402,0.02290000021457672
1237,0.0010624600027906487,8.481472693128405e-05,1.3381893634796143,0.6035108864307404,0.00014213667318552307,0.0007164056128979192,0.052171673042082756,0.004254624596496906,0.012730279937386513,0.0012071728706359863,0.0009364099823869765,0.008473999798297882,0.03896100074052811
1238,0.0011130941894560594,7.099368038474539e-05,1.4419070482254028,0.5495808124542236,0.005852036727134117,0.0011822597099231643,0.02948228227655099,0.002767639395953262,0.010901244357228279,0.0009262384846806526,0.001223710016347468,0.01648700051009655,0.013628000393509865
1239,0.0015752156270239744,0.00016068741432673163,0.8053813576698303,0.6893968060612679,0.0069828623277375474,0.0015099695776719878,0.20343974260462913,0.028264840818384998,0.014028515666723251,0.001739992294460535,0.0018346100114285946,0.04240500181913376,0.12756100296974182
1240,0.002541725917814878,0.00018470728313611968,1.067420482635498,0.6985720545053482,0.00868316921723998,0.0015700758645677713,0.20362754238417846,0.0325279129885548,0.012180345132946968,0.001184013206511736,0.002662810031324625,0.048420000821352005,0.1403599977493286
1241,0.000724976461160706,6.57592076940516e-05,1.0176327228546143,0.6938339024782181,0.0006998451157019027,0.0010837640710983877,0.02337992311310488,0.0017071938846617805,0.010816678404808044,0.0009529804810881615,0.0005035100039094687,0.0061980001628398895,0.01584799960255623
1242,0.0008622130382024875,5.174144174678895e-05,1.7225124835968018,0.3248828649520874,0.004226968530888582,0.0008046738225199329,0.011672584960500195,0.0008926116514993429,0.010966210626065731,0.0011508013121783733,0.0008124100277200341,0.006738999858498573,0.006076999939978123
1243,0.00417709091710261,0.00018714792168615917,1.7442662715911865,0.3069345951080322,0.014270908074509779,0.0014347188737907739,0.1938239845804467,0.019778038846055473,0.011329663917422295,0.0007733949460089207,0.004179609939455986,0.06289699673652649,0.04972999915480614
1244,0.0006969358673552091,6.130853976545557e-05,1.1944104433059692,0.6611741036176682,0.00506680657458509,0.0010453536437093533,0.021658714763251558,0.001846439848596679,0.010584982112050056,0.0007177912630140781,0.0005857099895365536,0.010979999788105488,0.010861000046133995
1245,0.0014259904944646494,7.427759316128678e-05,1.705967903137207,0.3359035849571228,0.008081942648162827,0.0011819782757485648,0.03634303801861581,0.003098617958612007,0.010778358206152916,0.0007910383865237236,0.0013862099731341004,0.014918000437319279,0.020208999514579773
1246,0.0009829006075197497,6.134087394025329e-05,1.5813840627670288,0.4549269378185272,0.0038669621288383482,0.0009524961682884786,0.017688379812896976,0.0014111843875711308,0.010756973177194595,0.000908170361071825,0.0009368099854327738,0.005752999801188707,0.01235399954020977
1247,0.000487461275678697,5.727264408436259e-05,0.801750898361206,0.6881800666451454,0.003181297221297471,0.0010507881220119912,0.019708568657124132,0.001478301579478385,0.010563184507191181,0.0007127081044018269,0.0003986200026702136,0.006314000114798546,0.014395000413060188
1248,0.0010328825981086919,7.484652452553845e-05,0.603747546672821,0.6147321462631226,0.003450248533415914,0.001367027398234352,0.0389366314583771,0.0033788441811097372,0.010470818728208542,0.0005651717074215412,0.0009983100462704897,0.009309000335633755,0.027719000354409218
1249,0.00118732524566966,7.843462527469937e-05,1.2484605312347412,0.6627639681100845,0.004336428278083895,0.0013218488310132446,0.04746059614402987,0.004780741474849422,0.010466232895851135,0.0005539753474295139,0.0012458099517971277,0.01259899977594614,0.03310000151395798
1250,0.0015591598548751427,0.00017255771501272323,0.974886417388916,0.7213734537363052,0.008298382959046734,0.0015111439471448742,0.22717441700795435,0.03513258003819457,0.011367258615791798,0.0012340722605586052,0.001559410011395812,0.05406799912452698,0.13932199776172638
1251,0.004995553367555346,0.00028761716160242154,1.1243643760681152,0.6638461947441101,0.01970267286172939,0.0018131559282053827,0.3228947906590162,0.06496309717134408,0.012024719268083572,0.000896697398275137,0.006289009936153889,0.10400000214576721,0.15667200088500977
1252,0.0005008418302589805,5.28265470202649e-05,0.9303262829780579,0.6774402409791946,0.0018940562134450588,0.0006378164231834245,0.007934798350932047,0.0005881238466619409,0.010919051244854927,0.0012275190092623234,0.00027114999829791486,0.0023980000987648964,0.004793999716639519
1253,0.0010201664697901069,5.7017190378893395e-05,1.5387381315231323,0.4415440261363983,0.0050789626898659615,0.0007225571622506747,0.010665401967009635,0.000916695611088392,0.01046857237815857,0.0006210948340594769,0.0009547100053168833,0.005255000200122595,0.008557000197470188
1254,0.00101189797845475,6.652967939966826e-05,0.8442944884300232,0.6543210595846176,0.004598000837319405,0.001025857749352063,0.021534079226088514,0.0019539139205530746,0.010347805917263031,0.000440351665019989,0.000989509979262948,0.011377999559044838,0.012599000707268715
1255,0.00039134265929562784,5.22228643867321e-05,1.1618914604187012,0.6947409510612488,0.003482027595507283,0.0010080274473825306,0.01786351641020684,0.0013514325784054378,0.01067952811717987,0.0008297148160636425,0.000295150006422773,0.0061980001628398895,0.013004999607801437
1256,0.00048416778520526406,5.508767576115097e-05,1.0605469942092896,0.6866103559732437,0.004051347508538787,0.0009326431311754378,0.012273906780158893,0.0010118350739754907,0.011335272341966629,0.001553978305310011,0.0003872500092256814,0.006314000114798546,0.007606999948620796
1257,0.0008838284538140824,7.05627975547786e-05,0.5346842408180237,0.5655969753861427,0.0025990961145963567,0.0013798637314614893,0.027391721568369665,0.002180504862627783,0.01075537409633398,0.0008693193085491657,0.0007999099907465279,0.007215000223368406,0.019675999879837036
1258,0.0005480685202404408,6.322311907612849e-05,0.8145461082458496,0.7017410174012184,0.0037721099153828676,0.001212070054855905,0.030515211347707173,0.002466329186049771,0.010375461541116238,0.00047949887812137604,0.000530209974385798,0.008834999985992908,0.020931001752614975
1259,0.002064322816183719,8.885010191512794e-05,1.1647374629974365,0.714608371257782,0.009516578095549596,0.001358955527435187,0.0672544644795652,0.010282010658253852,0.010190474800765514,0.0002420828677713871,0.0024671100545674562,0.03648899868130684,0.028477000072598457
1260,0.0037207198745831463,0.00019616399031192043,1.7365421056747437,0.3182249069213867,0.012603396225974579,0.0014724073040648352,0.26120950059165293,0.029494487790283214,0.012506591156125069,0.0009522829204797745,0.003834610106423497,0.08062800019979477,0.07064099609851837
1261,0.0006194792418870049,5.6404166537971914e-05,0.43251413106918335,0.5098857395350933,0.0011980435746584844,0.0009448654604722411,0.010059998779888675,0.000746762899951417,0.011016542091965675,0.0015385118313133717,0.0005253099952824414,0.0031840000301599503,0.005850000306963921
1262,0.000759954117850921,6.0891609211209186e-05,1.3003153800964355,0.6096438765525818,2.3962643208304617e-05,0.00014186191587775045,0.020545128157669866,0.001343727173707161,0.011037631891667843,0.0008901986293494701,0.0006340100080706179,0.0035600000992417336,0.014242999255657196
1263,0.0008314904462215943,6.105764992512028e-05,1.6398537158966064,0.40821439027786255,0.003173407756441426,0.0010852850864044377,0.02009247107988311,0.0015262544492429305,0.011274403892457485,0.0012946957722306252,0.0008933100034482777,0.006051999982446432,0.014900000765919685
1264,0.0009644746966242427,7.320495050782522e-05,0.6431582570075989,0.6264801993966103,0.0024334469655264658,0.0013688433888715992,0.028674953528309604,0.002305139698746902,0.010729065164923668,0.0008296300657093525,0.0008016100036911666,0.007234999909996986,0.0211970005184412
1265,0.00041810691071872495,4.890665349187407e-05,1.3895193338394165,0.6008717119693756,0.0020151072357289593,0.0007957327759945839,0.008346016234527678,0.0006854317036004967,0.012121628038585186,0.002315826714038849,0.00027814999339170754,0.002761000068858266,0.005266000051051378
1266,0.0008675955162166037,7.640478724873546e-05,1.4471259117126465,0.5744777321815491,0.00039401510107630564,0.0010284471694271742,0.04263636518209517,0.003370165780273899,0.01108842808753252,0.0009721764363348484,0.0008043100242502987,0.0098860003054142,0.02625500038266182
1267,0.00038527184185198257,5.9533413459860574e-05,1.339998483657837,0.643581360578537,0.0006388258627526985,0.001121982623770675,0.023809458346645263,0.0016334940609091589,0.011342913843691349,0.001317479182034731,0.0001996100036194548,0.006314000114798546,0.014236999675631523
1268,0.0011142802878456079,7.068114481115651e-05,0.9243789315223694,0.6455510556697845,0.0026194552487196,0.0010063141363513745,0.021208284556840665,0.001792367138774469,0.010533188469707966,0.000648032408207655,0.001078209956176579,0.007290999870747328,0.01684200018644333
1269,0.0006499351505685358,7.248503950151199e-05,1.2515802383422852,0.6689026206731796,3.555837814501479e-05,0.00022791650934095143,0.04314754808854173,0.003055632974847445,0.01131538674235344,0.0010377541184425354,0.00037910998798906803,0.008473999798297882,0.029691999778151512
1270,0.0019017225144835601,0.00011059237345031523,1.0102050304412842,0.6198820471763611,0.0038814204377643456,0.0016608712239945557,0.06800186795066585,0.006937270580648483,0.013635151088237762,0.0012509669177234173,0.0020221099257469177,0.016956999897956848,0.04667799919843674
1271,0.0017476291644175279,8.515339070660252e-05,1.319071650505066,0.6373826265335083,0.0051331887042911145,0.0013684486278300312,0.06317201235077267,0.007593275808201766,0.010304762050509453,0.0003680461086332798,0.001874909969046712,0.02459299936890602,0.029217999428510666
1272,0.0004526571118874659,5.213597033657571e-05,1.3292372226715088,0.6346114575862885,0.00371486427542222,0.0009467301211178514,0.015769214250967674,0.0011793455176809676,0.010672411881387234,0.0008445056155323982,0.00045871001202613115,0.005752999801188707,0.011955000460147858
1273,0.0010219102741268133,7.156953653130691e-05,1.0964001417160034,0.6650360822677612,0.004323943330235722,0.0011747283384010094,0.0290646407153539,0.0026685172161800257,0.010671868920326233,0.0007621850818395615,0.0009593099821358919,0.006845000199973583,0.023235999047756195
1274,0.0007493855501130055,6.145359176547614e-05,0.9062504768371582,0.6710665225982666,0.0034588851210186613,0.0009044794000814616,0.01609375589012471,0.0012875446491893584,0.010550513863563538,0.0006920499727129936,0.0006885100156068802,0.007381000090390444,0.00950899999588728
1275,0.0005731595181277787,6.717651139941734e-05,0.9905516505241394,0.721285417675972,0.0035071304152196,0.001326727597049979,0.038226984706465246,0.0031647555586723254,0.010486419312655926,0.0005948166362941265,0.0004987100255675614,0.008603000082075596,0.028092999011278152
1276,0.0009657711960521593,6.738263162659884e-05,1.0302760601043701,0.6931934654712677,0.0038239326357145326,0.0011683300553671347,0.031313704808370674,0.0029271688483225936,0.010327327065169811,0.0004098685458302498,0.000986509956419468,0.010677999816834927,0.02085299976170063
1277,0.0006660203824214166,5.781652800199865e-05,0.6342954039573669,0.6049713790416718,0.006507627412611554,0.0009320754712208107,0.015464620969852533,0.001352865486842934,0.01032867282629013,0.00042974483221769333,0.0007401100010611117,0.01269499957561493,0.008018000051379204
1278,0.0017208255551449836,8.895768119322875e-05,1.1555410623550415,0.6404626369476318,0.004237565671524313,0.0014107334293065306,0.05108492059969395,0.0056242632970299085,0.010614844039082527,0.00065242825075984,0.0018693100428208709,0.014798999764025211,0.03482599928975105
1279,0.00139641276190161,9.405023936965803e-05,1.2463157176971436,0.6586822867393494,0.00425582708766755,0.001476890976703031,0.06841373919621412,0.007370309684453364,0.010679909028112888,0.0007117469795048237,0.001253910013474524,0.01807199977338314,0.04509600251913071
1280,0.0023574836139245905,0.00010722695489106485,1.5008976459503174,0.5254451036453247,0.004744238728120405,0.001499165545104215,0.09402074458803387,0.01084136311386509,0.010372118093073368,0.000427421648055315,0.0024317100178450346,0.025647999718785286,0.04730299860239029
1281,0.003441614616956167,0.0002026874124341669,1.357284426689148,0.6081752479076385,0.015352190104581775,0.0016051157634834586,0.4138865760219981,0.06856468576547611,0.01572582498192787,0.0012403614819049835,0.004042109940201044,0.09152299910783768,0.14284099638462067
1282,0.0008954476385083975,6.723191461294311e-05,1.107167363166809,0.6658158451318741,0.0029409119192476806,0.001055026427017464,0.019791387631899495,0.0016569972102710752,0.0108274444937706,0.0009614317677915096,0.0007543099927715957,0.00661499984562397,0.012174000032246113
1283,0.0011915931720029075,8.201565026553516e-05,0.41696032881736755,0.4807328097522259,0.00036159152319392886,0.000999788103976132,0.042717510617734815,0.003020042096410099,0.010863122530281544,0.0008373758755624294,0.000960809993557632,0.007805999834090471,0.033674001693725586
1284,0.0008696798873860384,8.84097423270282e-05,1.0663939714431763,0.6924816817045212,0.00019407734145917977,0.0008776599645815075,0.06070586647849125,0.00508370876205597,0.013245691545307636,0.0014131534844636917,0.0008859100053086877,0.008012999780476093,0.051788996905088425
1285,0.0011350664471516522,6.566508052448217e-05,1.684190034866333,0.3803313374519348,0.0027467185669182567,0.0012495742595551803,0.03479828084631799,0.0027605154653471825,0.010432921350002289,0.000512030441313982,0.001089510042220354,0.009379000402987003,0.021268000826239586
1286,0.0006487527192503622,5.442797499907655e-05,0.43125119805336,0.47541891410946846,0.003209606901353993,0.0005499971918255027,0.003880044173023957,0.00041395105927064446,0.013194907456636429,0.003263522870838642,0.0004982100217603147,0.003092000028118491,0.002130999928340316
1287,0.0010811060876304145,7.877948207935209e-05,1.057838797569275,0.6918289363384247,5.9039409609782326e-05,0.00039740189203241427,0.05738140542843743,0.005378097734582598,0.010590359568595886,0.0006207372061908245,0.00094191002426669,0.01259899977594614,0.03848099708557129
1288,0.00043131585935975137,5.039128355687527e-05,1.243467092514038,0.6776446849107742,0.0013778407293768792,0.0009899543440498207,0.012163430178610487,0.0008824071714171938,0.010738576762378216,0.0010520047508180141,0.00022656000510323793,0.004170000087469816,0.006344000343233347
1289,0.0005367798086654945,6.501724623187303e-05,1.3309557437896729,0.6464123427867889,0.0034132629482254966,0.0012684143901467637,0.026677086748795025,0.002061299822408458,0.011211587116122246,0.0012245504185557365,0.00039788000867702067,0.0061160000041127205,0.01852400042116642
1290,0.0007834753296038858,6.224985739541352e-05,0.8982415199279785,0.6705837696790695,0.003623846298665938,0.0009729895850096571,0.01897923522779421,0.0015303151976083368,0.010496157221496105,0.000618180725723505,0.0007576100178994238,0.006335000041872263,0.013563999906182289
1291,0.0010938567644691636,8.993591405871129e-05,0.35011523962020874,0.40942396223545074,0.00020199007854739017,0.000935287774899957,0.050370674102099555,0.003272833488452198,0.011574393138289452,0.0011659562587738037,0.0010811099782586098,0.008243000134825706,0.040699999779462814
1292,0.002089800541707955,0.00011457847221590088,1.1430044174194336,0.6804535090923309,0.007845888187024851,0.001449142773019664,0.09642158174054298,0.013299074821649035,0.010719073005020618,0.0007023480720818043,0.002186009893193841,0.029124999418854713,0.06174499914050102
1293,0.0010842145770933727,8.174737472298134e-05,0.3828125298023224,0.4391229376196861,0.0019754703210442485,0.001735558783322243,0.03274587703822751,0.0020581928875069155,0.016638467088341713,0.002112214919179678,0.0010233100038021803,0.006006000097841024,0.026589998975396156
1294,0.0006402548157891201,5.544226695463868e-05,1.2423286437988281,0.6356033682823181,0.0015291074004919892,0.0007997310691951055,0.010880664669814933,0.0008030625709918972,0.010899212211370468,0.0011843475513160229,0.00045341000077314675,0.002761000068858266,0.0076049999333918095
1295,0.0004142682744182937,5.270736720730773e-05,0.6226828098297119,0.6247450113296509,0.0027997683324175802,0.0008031922012161302,0.011142221762885434,0.0008136847021722815,0.010866762138903141,0.0011310544796288013,0.0001732600067043677,0.003711000084877014,0.006821999792009592
1296,0.0011512638543124199,8.465957548025151e-05,1.286110758781433,0.6286203265190125,0.0003183557950647089,0.0010358243234533282,0.04950435179284757,0.004399036789788563,0.011201480403542519,0.0009942366741597652,0.0010595100466161966,0.006835999898612499,0.04203199967741966
1297,0.0010084037518121101,5.819107098306673e-05,1.591074824333191,0.45480984449386597,0.0026511206293713106,0.0010000916638226863,0.023023541436655248,0.0018143195565983403,0.010310236364603043,0.0004035336896777153,0.0010219099931418896,0.0074800001457333565,0.013469000346958637
1298,0.0012313165062435394,7.560051055842095e-05,1.155888319015503,0.6930228918790817,0.003369637030956612,0.0013375538982193548,0.04451637112694331,0.004621116547405251,0.010269216261804104,0.00033724261447787285,0.0011434099869802594,0.01375299971550703,0.02513200044631958
1299,0.0010710787322389212,7.304404428740553e-05,1.425592303276062,0.5849393606185913,0.0031195879405965664,0.0014442316625480588,0.038720561503768826,0.0035197036155764916,0.010651610791683197,0.0007216851226985455,0.0011087099555879831,0.011926000006496906,0.024879001080989838
1300,0.001509322291349796,9.816356075097665e-05,0.840696394443512,0.6371779292821884,0.003970456799817539,0.0015421396774330867,0.041149415464038205,0.003921408094141106,0.011955011636018753,0.0013060681521892548,0.0015232099685817957,0.01670300029218197,0.023002000525593758
1301,0.00045474982545949,6.356423788939666e-05,0.7582635283470154,0.6716655716300011,0.0016320080683024922,0.00149996222166352,0.01532511367620191,0.0012295851162731361,0.012565631419420242,0.002693766262382269,0.00027538000722415745,0.0031840000301599503,0.010470999404788017
1302,0.0007108329320964508,6.633578715625261e-05,1.5266377925872803,0.52029749751091,0.002191601865972165,0.0015458277659346018,0.027877501575366163,0.0021906447261242357,0.011170689016580582,0.0011812620796263218,0.0005061100237071514,0.006940999999642372,0.01678900048136711
1303,0.0009555023553223793,9.276559941005097e-05,0.8284087181091309,0.670624166727066,0.002510985296391766,0.00186299060179765,0.03768816696061909,0.0030392581874706566,0.013267060741782188,0.001758691854774952,0.0008346100221388042,0.007782999891787767,0.02897300198674202
1304,0.001318418508866803,8.344217125798596e-05,0.738133430480957,0.6805334538221359,0.0022970996129853243,0.001832253676666558,0.0516369522161575,0.0049987392003871325,0.010414564982056618,0.0004896977916359901,0.0013106099795550108,0.010184000246226788,0.03731900081038475
1305,0.0012100431714241913,7.943305510625328e-05,1.340773344039917,0.5800490379333496,0.004110545590511977,0.0012965620541384928,0.02850250946753143,0.002591861571307419,0.01153024286031723,0.0013147182762622833,0.0012578100431710482,0.014147000387310982,0.010963000357151031
1306,0.0009292187239640246,6.646302761732721e-05,0.5537438988685608,0.5836409330368042,0.0004459146075236603,0.0010062347056686884,0.030521661631047206,0.002211592419421012,0.010370197705924511,0.00044860970228910446,0.0007297099800780416,0.005818000063300133,0.02251799963414669
1307,0.0005299920926775336,5.444353113983724e-05,0.854701042175293,0.6779018044471741,0.005760129446253681,0.0008530381635978241,0.011703865823248913,0.0010153511190141955,0.010595832951366901,0.0007799491286277771,0.0004127100110054016,0.007381000090390444,0.006256000138819218
1308,0.0009164068915004781,8.131574690740543e-05,1.0696117877960205,0.6786860227584839,0.0004190805694923892,0.0011145323122694084,0.03556008625649698,0.002830533733036159,0.012225249782204628,0.001389501616358757,0.0008605099865235388,0.009498000144958496,0.023924998939037323
1309,0.0007778098383775569,6.085815484523923e-05,0.8351732492446899,0.6737756580114365,0.00441003303812502,0.001014153509950139,0.020890945244655953,0.001785745679688644,0.01028087455779314,0.00036169541999697685,0.0007434100261889398,0.009518000297248363,0.013604000210762024
1310,0.0010446475119712105,7.517299130451642e-05,0.6479488611221313,0.6722413823008537,0.0050126681080793845,0.0012861299299606257,0.04555098895593731,0.004574676477776814,0.01021383237093687,0.0002765422686934471,0.0011751099955290556,0.019276000559329987,0.026119999587535858
1311,0.0010185464126510901,0.00011113093463227227,0.8144241571426392,0.6792562156915665,0.001287137260712709,0.0016239423250354963,0.0950432171076079,0.009271898752690876,0.013562065549194813,0.0016038254834711552,0.0009938100120052695,0.02249700017273426,0.06198500096797943
1312,0.004998019442394994,0.00021802385143655833,1.4269218444824219,0.530239462852478,0.023184839609813483,0.0017294579251235492,0.5739373356212435,0.09147035550536012,0.017550921067595482,0.0010832585394382477,0.00614521000534296,0.12991000711917877,0.15304699540138245
1313,0.000735794333991432,7.760754171969909e-05,1.4991974830627441,0.5355963408946991,0.0017550515410647348,0.001621296235412976,0.03621313663116962,0.002791247370249803,0.011852333322167397,0.0014422927051782608,0.0005651100073009729,0.006845000199973583,0.02588599920272827
1314,0.0007024972685699781,7.212972948368894e-05,0.8525340557098389,0.7085850536823273,0.0022059140692767933,0.0016916360798271916,0.03763318201556574,0.00313088240032032,0.010605095885694027,0.000703686848282814,0.000592309981584549,0.008218999952077866,0.025240998715162277
1315,0.0011370828079033933,9.196324105121981e-05,0.8170809149742126,0.6798328533768654,0.00012367096560035335,0.0006851018986648453,0.07365377489909775,0.007125641169517916,0.010871701873838902,0.0008330349810421467,0.000947510008700192,0.011725000105798244,0.053971998393535614
1316,0.0009215826344889998,6.432007805007127e-05,1.282226800918579,0.5921713411808014,0.00420647945149808,0.0009193495921004289,0.013648153559292178,0.001218410015498288,0.0111027080565691,0.0013063177466392517,0.0008832099847495556,0.005828999914228916,0.009928000159561634
1317,0.0010914208321841398,6.038637187885361e-05,0.3914831578731537,0.39023004844784737,0.004739175702993256,0.0006455426918047865,0.006909089132369627,0.0006003190139889023,0.010756542906165123,0.001032710075378418,0.0010387100046500564,0.006845000199973583,0.004115999676287174
1318,0.0010746196271301314,6.579891673314507e-05,1.3609563112258911,0.5414251685142517,0.005492233019038092,0.0009259313251017147,0.013548330020723372,0.0012490531501769472,0.01089568343013525,0.0010747057385742664,0.0011014100164175034,0.0078050000593066216,0.008485999889671803
1319,0.0009854653905332668,8.793487337287968e-05,1.5533546209335327,0.4959621727466583,0.00013486774150463395,0.0007129773094814334,0.06691582860221905,0.005401683794507565,0.013112863525748253,0.001278840471059084,0.0009809100301936269,0.00901500042527914,0.051649000495672226
1320,0.0016421167599537107,0.00016429747959307412,1.390750527381897,0.6098827719688416,0.006738562587992755,0.001513476664677038,0.21731572241055813,0.030321005838193513,0.013296791352331638,0.001572231762111187,0.0016251100460067391,0.04121199995279312,0.1083039939403534
1321,0.0028145286261698644,0.00021793144851111538,1.3951598405838013,0.6812025904655457,0.008597976760711473,0.0015934157417452268,0.25624816817561913,0.04355762627086099,0.010336940176784992,0.0004076007753610611,0.002870110096409917,0.044721998274326324,0.14057500660419464
1322,0.000763136061589661,6.463343634876439e-05,0.712859570980072,0.637854315340519,0.004322111180131845,0.001080060456568198,0.02108484039195676,0.0017038541561074719,0.010733531787991524,0.0008567404001951218,0.0006264100084081292,0.005828999914228916,0.016920000314712524
1323,0.0008487398531812983,6.83851604881967e-05,0.844491720199585,0.682977020740509,0.0028451248184654574,0.0013014766847197308,0.027741200290788814,0.002330772861776201,0.010541224852204323,0.000671890564262867,0.0007837099838070571,0.006647000089287758,0.022825999185442924
1324,0.0010118518721081815,6.737935487958249e-05,1.4363330602645874,0.5982713997364044,0.0007085665708677842,0.0011193774132478612,0.04112054406783269,0.003650432100008219,0.010227436199784279,0.0002859835512936115,0.0012126100482419133,0.012613999657332897,0.02421800047159195
1325,0.0007009944331512853,5.821850555760242e-05,1.0754330158233643,0.6646181344985962,0.0034327761559265106,0.0008261810786810066,0.013385088479100162,0.001057941991585645,0.01056232862174511,0.0007344973273575306,0.000634910014923662,0.003711000084877014,0.009576000273227692
1326,0.0005894898629696368,5.696949250515144e-05,0.9877352118492126,0.6864284127950668,6.047457413988136e-05,0.0003124733218814894,0.021152965711308355,0.0013219179876262938,0.010400189086794853,0.0004750136286020279,0.0003493799886200577,0.0046190000139176846,0.013123000040650368
1327,0.002010694810683759,0.00010261932281230431,1.4418050050735474,0.48709189891815186,0.00525353167375534,0.0014186469564976304,0.05261929606383065,0.005069372060359692,0.012428046204149723,0.001145227812230587,0.0021048099733889103,0.017250999808311462,0.029583999887108803
1328,0.0022295905590071015,0.00011874328544919481,0.518609881401062,0.5024017691612244,0.006264407585753715,0.0015058880647119675,0.07101478192611708,0.007040918747329261,0.01217235904186964,0.0011983606964349747,0.0025346099864691496,0.021268999204039574,0.05069400370121002
1329,0.0014325500688739195,0.00016888310087517582,1.2395961284637451,0.6755103915929794,0.005576589113945013,0.0015154109785817257,0.20254047276432624,0.028394548773818334,0.012628902681171894,0.0016648462042212486,0.0015731099992990494,0.02556299977004528,0.14498598873615265
1330,0.0006601476981331384,5.891174771436523e-05,1.0435364246368408,0.6562989205121994,0.003069224093632746,0.0008183421185418351,0.011261281637905391,0.0008980987327945828,0.01099078543484211,0.0012427880428731441,0.0005016099894419312,0.005166000220924616,0.006684000138193369
1331,0.002072809138735916,0.00017866779696317002,1.4795069694519043,0.5733717679977417,0.011369395550738341,0.001447356432993768,0.20813966203628437,0.02948218982238847,0.011798350140452385,0.0012656208127737045,0.002056010067462921,0.05406799912452698,0.1039699986577034
1332,0.0025245945418926677,0.00015190480410941058,1.4138059616088867,0.5753066539764404,0.00818531491513307,0.0014779724003361268,0.14354287718416625,0.019157626004167684,0.011625818908214569,0.0010245679877698421,0.002753509907051921,0.03419800102710724,0.0773869976401329
1333,0.0005225022320469218,7.394939729970929e-05,0.9754070043563843,0.709071159362793,0.002777775954219723,0.0015943015279217564,0.026761855536487567,0.0020914621373276307,0.012212442234158516,0.0018532811664044857,0.0003724900016095489,0.006010999903082848,0.020880000665783882
1334,0.0007464367141140918,6.409399076090386e-05,1.176048994064331,0.6870812326669693,0.0030540869765901353,0.001230452504183144,0.03067656657547422,0.0025788281626235084,0.010412325151264668,0.0005194027908146381,0.0007081099902279675,0.007263000123202801,0.022729000076651573
1335,0.002911025444005619,0.00015966932685571597,1.6487019062042236,0.4065389633178711,0.007938266515046916,0.0014814906136135595,0.24744860492377738,0.028824415038487858,0.014485323801636696,0.0011302889324724674,0.0030279099009931087,0.05406799912452698,0.09340500086545944
1336,0.0006843105549193187,8.320583503686039e-05,0.9145406484603882,0.6922407895326614,0.00016835493560126682,0.0008641833847017623,0.04753556305118662,0.003450403177580188,0.01311297807842493,0.0014889035373926163,0.0004913100274279714,0.0029299999587237835,0.04359599947929382
1337,0.000850048289499321,6.106344384109217e-05,1.1511743068695068,0.6209446787834167,0.002993526975455543,0.0007489515775438553,0.011968970933080112,0.000945849519009884,0.010571428574621677,0.0007419958710670471,0.0008158099954016507,0.005628999788314104,0.00802099984139204
1338,0.0011068149387473282,6.940632581058114e-05,0.9431284070014954,0.6137048900127411,0.0045550063723377105,0.0008559794837835063,0.014616345183965474,0.0013114765768946013,0.01049947552382946,0.0006498564034700394,0.0011235099518671632,0.006688999943435192,0.0098860003054142
1339,0.0012548761476065026,9.066609527470175e-05,1.1314167976379395,0.6747097969055176,0.0014778668100975346,0.001622968469567269,0.05862062334345883,0.005747090593373246,0.010869896970689297,0.0008465428836643696,0.0011014100164175034,0.0078039998188614845,0.04743099957704544
1340,0.0016739463370298506,8.975637274885183e-05,1.639091968536377,0.3805517554283142,0.00013411126163681477,0.0007294560856426722,0.0739612106101713,0.005608825107917721,0.01399106252938509,0.0010522427037358284,0.0017934100469574332,0.010800999589264393,0.058205001056194305
1341,0.0009220259353802741,6.763175513012772e-05,1.2551734447479248,0.6536789238452911,0.0025167788219161214,0.0012698316128357467,0.028551025989393033,0.0024022796213945905,0.010611923411488533,0.0007139970548450947,0.000891609990503639,0.011572999879717827,0.014910999685525894
1342,0.0003924590478376346,4.9556127528132746e-05,0.683904767036438,0.6465213522315025,0.0003907763243885258,0.00065187583838774,0.011606112480469164,0.0006641646282642575,0.010636905208230019,0.0008637034334242344,0.00024819999816827476,0.0020179999992251396,0.008317000232636929
1343,0.001384039002440399,9.651665118271273e-05,1.6069469451904297,0.4734368324279785,0.006650225916460256,0.0013339528542274481,0.08428534012855306,0.008718157945039835,0.01047852449119091,0.0005505247972905636,0.0013525099493563175,0.030713999643921852,0.037345997989177704
1344,0.000537470690193512,5.882293623763092e-05,0.9825522899627686,0.690536767244339,0.000693051069109144,0.0009841249342918657,0.0160425143390268,0.0011061645511767715,0.010991324670612812,0.0012947325594723225,0.0003131199919153005,0.0031840000301599503,0.010467000305652618
1345,0.0004940657105278373,5.860306682609824e-05,0.5921967029571533,0.6217398792505264,0.0022236303229159946,0.0012308289263410774,0.018053871175620163,0.0013733608103625936,0.010907505638897419,0.0011337068863213062,0.0002865100104827434,0.004474999848753214,0.012589999474585056
1346,0.001118350111779389,5.9326462183517865e-05,1.66866934299469,0.3460518717765808,0.004662009359696753,0.0008834231524185825,0.01197959720735732,0.0010149685250837245,0.011690312996506691,0.0017394013702869415,0.0011024100240319967,0.0061980001628398895,0.007029999978840351
1347,0.0011516342774688995,7.181939533828824e-05,0.8334562182426453,0.5715712606906891,0.005950432466197449,0.0008278311049985409,0.008923834551910816,0.0008955665032667837,0.01119872648268938,0.001453351229429245,0.0011323100188747048,0.007511999923735857,0.006175999529659748
1348,0.0011907822899953125,9.196384767792202e-05,1.1397854089736938,0.71833935379982,0.006270604339204949,0.001370615672704223,0.07736787217138855,0.009139254285905458,0.010315965861082077,0.00038753123953938484,0.0010109100257977843,0.030567999929189682,0.03480599820613861
1349,0.0005170618091350046,5.559245937156865e-05,0.5411458015441895,0.5761818811297417,0.002847668751037062,0.0008924974912296756,0.01447240872304835,0.0010292504342346636,0.01059204712510109,0.0007514217868447304,0.0004263099981471896,0.005140000022947788,0.010243999771773815
1350,0.0005730169982325887,5.699764595975724e-05,0.8599031567573547,0.6832765191793442,0.003855291192262344,0.0009555499394693909,0.01742073425471625,0.0013427903139146442,0.01050704624503851,0.0006288764998316765,0.0003708000003825873,0.0061980001628398895,0.01143800001591444
1351,0.00072067340380644,6.124300246575416e-05,1.568354845046997,0.4895671010017395,0.0010508520975952471,0.0012273287138097552,0.02536965246770156,0.0018847620368375156,0.010781345888972282,0.0009196135215461254,0.0006271100137382746,0.006951000075787306,0.014449000358581543
1352,0.0006410380548915168,8.565901724057201e-05,1.1812055110931396,0.6983306258916855,0.00033931974414327514,0.0010409837146775013,0.06930716148222298,0.005951093694539139,0.011002209037542343,0.0009690127335488796,0.00040590998833067715,0.015652000904083252,0.04709099978208542
1353,0.0018283113352330275,0.00011593262890658015,0.40383076667785645,0.44262128323316574,0.00535283445964244,0.0015045958445804666,0.07016990282440771,0.006036507784183104,0.01242776121944189,0.001326350960880518,0.0019943099468946457,0.02490299940109253,0.04949900135397911
1354,0.0018004205228090325,0.00010090374781831374,1.8184254169464111,0.22664684057235718,0.0041826485852077605,0.0014066433418416218,0.07649684222973549,0.005536763777003552,0.011026385240256786,0.0008161831647157669,0.001892709988169372,0.020431000739336014,0.04346199706196785
1355,0.0011408362699654774,6.795512607696622e-05,1.080785870552063,0.6425284743309021,0.0012704299948816502,0.0012017133881387114,0.024768688825436248,0.0021474072846321933,0.01037534512579441,0.0004832819104194641,0.001080609974451363,0.00585100008174777,0.01576000079512596
1356,0.0006391289411748582,5.733507789015775e-05,0.8067328929901123,0.6854474171996117,0.0017157901430738525,0.00111075513637936,0.021156960800694968,0.0016024422266612479,0.010267088189721107,0.0003507118672132492,0.0006091099930927157,0.007290999870747328,0.014027000404894352
1357,0.0009029762282218203,9.107598864727042e-05,1.003589153289795,0.6973999589681625,0.001651149175858843,0.001701139742527307,0.05269920004029878,0.004530608661402043,0.011397391557693481,0.0011904751881957054,0.0007788100047037005,0.012357999570667744,0.03567799925804138
1358,0.001001462450613473,8.425484089224394e-05,0.907742977142334,0.6975557953119278,0.0009690937554942189,0.001416224543378538,0.05452746406053241,0.004878386731542762,0.010780496522784233,0.0007965303957462311,0.0009141099872067571,0.01750200055539608,0.02963000163435936
1359,0.0005532736014270519,5.410451242801882e-05,0.6800748705863953,0.6182889267802238,0.00110676086204581,0.0006279193288459726,0.008082523892132926,0.0005619635839803419,0.010775596834719181,0.0010852748528122902,0.0004021500062663108,0.0024399999529123306,0.004904000088572502
1360,0.0009014111266160278,6.773103183548625e-05,0.9265508055686951,0.6502367705106735,0.0023604608791791713,0.0010237035231734654,0.015476430478499292,0.0012683760566286955,0.011072156019508839,0.0012588966637849808,0.0006987099768593907,0.003727999981492758,0.012107999995350838
1361,0.0009923045295059147,8.003388103884114e-05,1.6302565336227417,0.4203512668609619,3.1702665016763725e-05,0.00020158712000103494,0.05452152239867145,0.0037458684017393426,0.012883881106972694,0.0011361679062247276,0.0008129099733196199,0.005628999788314104,0.04312899708747864
1362,0.0010149863222385558,6.0612347735841676e-05,1.6911693811416626,0.3636588454246521,0.0027186055491551357,0.0010858284020606396,0.022302736548151993,0.001652570548933958,0.01068810559809208,0.0008262200281023979,0.0009115100256167352,0.006835999898612499,0.013482999987900257
1363,0.001012317476044717,7.284718760944357e-05,1.0762202739715576,0.6846852600574493,0.004745984055870576,0.001226452944538884,0.03350237186556943,0.003118016846776678,0.010587949305772781,0.0006729345768690109,0.0011379099451005459,0.008346999995410442,0.025522001087665558
1364,0.0008319374512932279,8.016761756124538e-05,1.367875576019287,0.6081421375274658,5.6581702399243064e-05,0.0003829558852681493,0.05339603656140656,0.004240752882354752,0.011204707436263561,0.000985854770988226,0.0006386099848896265,0.006279999855905771,0.04084400087594986
1365,0.0032782435278300446,0.0012819948707139279,1.5068697929382324,0.9342147726565599,0.017814246990092392,0.013008500848802984,0.3858881344784927,0.22489585756233946,0.015321869403123856,0.0025948663242161274,0.003942309878766537,0.09533199667930603,0.16185100376605988
1366,0.001117933316872598,6.549074156151041e-05,1.21104097366333,0.614869624376297,0.003666686961469511,0.0009418861056154633,0.020121932652030074,0.0018223934831652182,0.010333891957998276,0.00043016113340854645,0.0010974099859595299,0.00661499984562397,0.012546000070869923
1367,0.0002951669580177938,5.476684497053081e-05,0.8561840653419495,0.710728108882904,0.002696346133494384,0.0011182149236479795,0.020612352667816563,0.0015020525043233299,0.010650185868144035,0.0008409298025071621,0.00018399000691715628,0.008578999899327755,0.010623999871313572
1368,0.001239396371434504,0.000134053938728028,0.7187677621841431,0.6764617785811424,0.0064320246781213695,0.0014418696723919378,0.1365579997520032,0.01674971502313604,0.011279699392616749,0.0012044953182339668,0.001161310006864369,0.02144799940288067,0.11797299981117249
1369,0.0019664668441878633,0.000126832295631857,1.6252648830413818,0.42150115966796875,0.006925813472573495,0.0014072738657396563,0.11737714320679503,0.011943922944376031,0.012784551829099655,0.0011881864629685879,0.0019963099621236324,0.03547900170087814,0.05960100144147873
1370,0.0007530427134728052,6.0827408509635955e-05,1.4766143560409546,0.53972989320755,5.520666594736571e-05,0.00036728486347705717,0.02830068897781335,0.0019205277049352387,0.010587163269519806,0.0006430777721107006,0.0006460099830292165,0.00482999999076128,0.020674001425504684
1371,0.0011005789654119588,6.72896419880518e-05,1.113096833229065,0.6347461044788361,0.0016661030538930276,0.0010974236737072258,0.02109489579452102,0.0017408671872059123,0.010416205041110516,0.0005324296653270721,0.001074710045941174,0.005907000042498112,0.012350000441074371
1372,0.0012013636364634338,7.636844910607725e-05,0.7063801884651184,0.6515699476003647,0.0006461342485040724,0.0011850921199256746,0.04326899664609217,0.0038370446011197178,0.010394211858510971,0.0004886128008365631,0.0010822099866345525,0.008863000199198723,0.03388199955224991
1373,0.0014544434439949117,9.670808448842703e-05,1.7654318809509277,0.2947601079940796,0.0036826418715629194,0.0014914234323413543,0.07260424828488823,0.005757188012731992,0.010825742036104202,0.0007757823914289474,0.0013146100100129843,0.01960800029337406,0.042816001921892166
1374,0.0011491762919577308,8.137206555872416e-05,1.2421817779541016,0.604773074388504,0.003011888710360117,0.0013691726160420174,0.023140162912242135,0.002089994720300921,0.012173568829894066,0.0016936976462602615,0.001240310026332736,0.007234999909996986,0.01823499985039234
1375,0.0010206398218529488,6.655837600368493e-05,1.1340690851211548,0.6323346793651581,0.006121368791955029,0.0009412848659214228,0.016086318425468742,0.0015228640578939228,0.010462867096066475,0.0005970792844891548,0.00100250996183604,0.008646000176668167,0.010286999866366386
1376,0.0026632383275633966,0.00013047376701976962,1.7804741859436035,0.26076841354370117,0.008673231200911883,0.001361748182342597,0.09914896393066763,0.007964419411161973,0.01161472499370575,0.0009182444773614407,0.0028132100123912096,0.030594000592827797,0.04675300046801567
1377,0.0008886591913335254,6.357165290119123e-05,0.966911792755127,0.6674445420503616,0.0065991326226853735,0.001011408764391505,0.017928387532487287,0.0017015068727742923,0.010498762130737305,0.0006134174764156342,0.0007831099792383611,0.00901500042527914,0.012648999691009521
1378,0.0004653144547614422,6.374927207220026e-05,1.2321118116378784,0.6807556748390198,0.004575205889848366,0.0011956532165066027,0.0337053063189559,0.0027871750555621706,0.01057499647140503,0.0006683710962533951,0.00043901000753976405,0.015783999115228653,0.017813000828027725
1379,0.0013455809384908344,7.448121103279751e-05,0.7047933340072632,0.5369917973876,0.005328283149235857,0.000870294772217256,0.011984264177060283,0.0010811853995099938,0.01075824350118637,0.0009493785910308361,0.0013132099993526936,0.0075079998932778835,0.009309000335633755
1380,0.0007240735708961697,6.673108919965205e-05,1.3609036207199097,0.6295353174209595,0.002786616349554836,0.0012861992452427161,0.027891355285650062,0.0022517555024671922,0.011001961305737495,0.001064926851540804,0.0006519100279547274,0.008473999798297882,0.022020000964403152
1381,0.0011429231131121007,6.948538214113405e-05,1.6764450073242188,0.3699184060096741,0.004970048056845189,0.0011285661500292626,0.027776349007725822,0.0022205233957916046,0.011119375936686993,0.0010269340127706528,0.001160710002295673,0.010800999589264393,0.0177180003374815
1382,0.0009810504717285777,6.228133941428056e-05,1.40312922000885,0.5683522820472717,0.004092734556511019,0.0010167612422046068,0.025074402871043743,0.002224806165781185,0.010308780707418919,0.00039817020297050476,0.0008093100041151047,0.011377999559044838,0.01321600005030632
1383,0.000624205261411951,6.231302354347206e-05,1.024570345878601,0.674950122833252,0.0011758497713869754,0.0011830058659747875,0.014093237718366949,0.001117804188547844,0.011564500629901886,0.0019122092053294182,0.0005154099781066179,0.0031840000301599503,0.00942699983716011
1384,0.000845349935425149,5.88961373350728e-05,0.4956723153591156,0.4736001640558243,0.0037565715910693864,0.0006214747874248088,0.006880568319193293,0.0005684690502973564,0.010826744139194489,0.0011043804697692394,0.0007822099723853171,0.005255000200122595,0.004839000292122364
1385,0.0006318349251096945,5.482993944395476e-05,1.2796342372894287,0.6268415749073029,0.0035494953118974486,0.0008268663421527802,0.01267606415115456,0.0010018994541552122,0.010663919150829315,0.0008333981968462467,0.0003968699893448502,0.005923999939113855,0.007191000040620565
1386,0.0011526019851777925,5.99659293600397e-05,1.5591216087341309,0.42756354808807373,0.003982325520089748,0.0007960040220701737,0.013120357570709092,0.0010907852114581292,0.010777116753160954,0.0009743222035467625,0.0011556099634617567,0.00661499984562397,0.007067999802529812
1387,0.00045800711110351345,5.564835342515369e-05,1.011185646057129,0.7026000320911407,0.0021735500607257584,0.0010123390961410455,0.013969709592380952,0.0010866544607802398,0.011155772022902966,0.001414729282259941,0.0003584299993235618,0.004474999848753214,0.010299000889062881
1388,0.0011686453707397783,7.506920862987497e-05,1.290557861328125,0.6202237606048584,0.00041206336839217733,0.0010445536179735759,0.038129943766224264,0.003411571488674117,0.01059349998831749,0.0006431150250136852,0.00105901004280895,0.008603000082075596,0.027055000886321068
1389,0.0017057541148319643,7.563202282059032e-05,1.2303459644317627,0.6468086242675781,0.007585727776185892,0.0012291109702301634,0.03965821111480522,0.004959500765814192,0.010230915620923042,0.00029020197689533234,0.0018457099795341492,0.016997000202536583,0.02345999889075756
1390,0.0009019680113830484,6.354797364240163e-05,1.2495002746582031,0.6499679386615753,0.0029139178284677265,0.001086192854028968,0.024769844639194197,0.002096120194723423,0.01033596321940422,0.0004320363514125347,0.000899009988643229,0.005828999914228916,0.019071999937295914
1391,0.0012732116345373437,7.866451793071361e-05,1.035699725151062,0.6394414305686951,0.002314001682285549,0.0013459032000895169,0.025566482141243404,0.0022874171340118467,0.010814889334142208,0.0009307693690061569,0.0012909099459648132,0.00698000006377697,0.01846900023519993
1392,0.0008846187179096244,6.763349813272094e-05,0.9077737927436829,0.6945040225982666,0.0005100970444971008,0.0010059225580614987,0.03193654700022583,0.002547398163708499,0.010447961278259754,0.0005215145647525787,0.0006801100098527968,0.007381000090390444,0.022324999794363976
1393,0.0008437253641760879,6.264402716501947e-05,1.3532270193099976,0.6048067808151245,0.004321622421565909,0.0010623556031322734,0.023748814869461055,0.002020771223156111,0.010478727519512177,0.0005908282473683357,0.0007932099979370832,0.00889699999243021,0.017030999064445496
1394,0.0005112770644900981,6.331807494217622e-05,0.7274764776229858,0.6589171066880226,0.00028183646739714794,0.0009359133721126465,0.014799529625668429,0.0009877758324163925,0.012553973123431206,0.0024181120097637177,0.0003842200094368309,0.0029299999587237835,0.011262999847531319
1395,0.0008388772666528351,6.560527968875511e-05,1.2293787002563477,0.6679126024246216,0.0021820385507166995,0.0013655127361683179,0.030806329109503837,0.0026325838696252025,0.010420100763440132,0.0005200318992137909,0.0007095100008882582,0.005752999801188707,0.022943999618291855
1396,0.0012341879771502822,7.05085052850093e-05,0.5299004316329956,0.5345029756426811,0.0005256884042598544,0.0010027291794470479,0.029238639777270623,0.0022128476728121554,0.010358810424804688,0.0004489775747060776,0.0010926099494099617,0.00761700002476573,0.01975500024855137
1397,0.0009795414658753283,6.686771098194484e-05,1.2300742864608765,0.6444873511791229,0.004993025464576181,0.00113914658204488,0.026440030594845718,0.002441643181952037,0.010522160679101944,0.0006241262890398502,0.0008518099784851074,0.008511999621987343,0.01779700070619583
1398,0.0014826711138873868,8.805164008276426e-05,1.2288730144500732,0.6227906346321106,0.004191185321775688,0.0013912982191477804,0.04343695215672624,0.004384453838191811,0.011071399785578251,0.0009686308912932873,0.0013306100154295564,0.012439999729394913,0.02952900156378746
1399,0.0005367476894107809,5.9463300353107345e-05,0.6982591152191162,0.668387733399868,0.0008979010380950961,0.0011461106726440992,0.024783759429220724,0.001740356887040384,0.010434340685606003,0.0005522291176021099,0.00032247998751699924,0.006951000075787306,0.01690400019288063
1400,0.0007051865708775363,6.644974460871296e-05,0.9802122712135315,0.7032736539840698,0.0013154875505981788,0.0013461410412458146,0.02983915497225454,0.0023240674552777764,0.010575159452855587,0.0006883945316076279,0.0005248099914751947,0.009498000144958496,0.01703999936580658
1401,0.0007971582974271813,8.279172959117272e-05,0.6281410455703735,0.6153130382299423,0.002986004814954791,0.001551343202634729,0.030928964921429946,0.0024382747926266976,0.012220230884850025,0.001673718448728323,0.0005619099829345942,0.010041000321507454,0.019245998933911324
1402,0.0010520671651923497,7.342122312847647e-05,0.8521264791488647,0.6723622679710388,0.003616818547856285,0.001235217492342983,0.030621529771866975,0.002735442762028065,0.010675309225916862,0.0007633240893483162,0.0010958099737763405,0.011525999754667282,0.017129000276327133
1403,0.0013807552130785969,7.059712662370093e-05,0.5689502954483032,0.5616499707102776,0.00792622594570022,0.0011203648937340438,0.027857743251768846,0.00293346874511859,0.01022722851485014,0.00029412703588604927,0.001594610046595335,0.020137999206781387,0.015039000660181046
1404,0.0034794613162293007,0.0001510601622211399,1.4181709289550781,0.5309171080589294,0.007576014277529327,0.0016238404242410747,0.40628159046273626,0.054613176707961814,0.018256621435284615,0.0011076955124735832,0.0037318100221455097,0.056768998503685,0.19510099291801453
1405,0.0010086584365415498,7.132148653839622e-05,0.4984593987464905,0.5104169808328152,0.0028475733906913442,0.0011592663937836038,0.019663734654051135,0.0015391886774739454,0.01118665374815464,0.001250925473868847,0.0009785100119188428,0.00661499984562397,0.014119000174105167
1406,0.001132109203264932,7.037465690821641e-05,0.870761513710022,0.6326825022697449,0.005425203184378791,0.00102912649537903,0.019394308870192795,0.0018060222728377585,0.010550560429692268,0.000669694971293211,0.001189409988000989,0.00749000022187829,0.013475000858306885
1407,0.0005304703466799231,6.164738391803895e-05,0.8154790997505188,0.6831158995628357,0.0015039105760922202,0.0014257939320528874,0.028444017441976877,0.0021304809908358324,0.010535831563174725,0.0006527658551931381,0.0004420100012794137,0.008603000082075596,0.01855500042438507
1408,0.0023677872626720973,9.71205261005401e-05,1.7340660095214844,0.3122841715812683,0.007215031312292088,0.0013058917966616472,0.0689425380523286,0.005944800958115778,0.010588500648736954,0.0005761091597378254,0.002396410098299384,0.01993199996650219,0.0429299995303154
1409,0.0012556934499184237,6.953517891502908e-05,1.1865272521972656,0.6326278150081635,0.0006845856022078508,0.00103273403997198,0.03006639408694028,0.0027449246445677214,0.010323354974389076,0.0004117651842534542,0.0011444099945947528,0.009703000076115131,0.018239999189972878
1410,0.001126925332404437,0.00014192328863897813,0.9538143873214722,0.7127291709184647,0.005042581558630759,0.0015062537531559774,0.17153802157686096,0.022070547057523537,0.014383024536073208,0.0018986971117556095,0.0011063100537285209,0.028819000348448753,0.11498799920082092
1411,0.0025719800256602593,0.00016087232516135124,1.1238930225372314,0.7231422811746597,0.014094634296652675,0.0014645507591037237,0.1502901599850282,0.025968494350004548,0.010458896867930889,0.0005261208862066269,0.002805009949952364,0.07080300152301788,0.05541199818253517
1412,0.0008931892140739375,6.392423484717966e-05,0.5403895378112793,0.5409019961953163,0.0010719057791038081,0.0010297231812620197,0.016248888371748163,0.0011269026742737765,0.01053702738136053,0.0007263952866196632,0.000870610005222261,0.004290000069886446,0.013935999944806099
1413,0.0004340896599875076,5.757914309651382e-05,0.9539912343025208,0.6938929855823517,0.003982821821442536,0.00099355169705137,0.013416737507042016,0.0010860765777492582,0.01169365830719471,0.001829033251851797,0.0003603200020734221,0.0046190000139176846,0.010088000446557999
1414,0.0006192956252915222,5.650506238713066e-05,0.7383772134780884,0.6367708295583725,0.004428113832955875,0.0008001355359888041,0.010620103980884431,0.0008743617031442006,0.01073075644671917,0.0009453869424760342,0.0005400099908001721,0.006845000199973583,0.006659999955445528
1415,0.0010770074183234736,6.588933124302126e-05,1.245356798171997,0.5814245641231537,0.002762465200921535,0.0008990898080557849,0.016864937625553977,0.0014233177925715183,0.010672394186258316,0.0008298750035464764,0.0011210100492462516,0.007466000039130449,0.009352999739348888
1416,0.0004914557846767681,5.898295602513293e-05,1.1139863729476929,0.7026050239801407,0.0029606797919612283,0.0012184618368972682,0.026674399496892747,0.0021202313029233828,0.010496808215975761,0.0006091659888625145,0.0003497599973343313,0.008473999798297882,0.0172870010137558
1417,0.001724279996685637,0.00012473292718188488,0.8745708465576172,0.6774465590715408,0.0007110319784831984,0.0014252803366975838,0.10674848932563118,0.012408109576647085,0.011409505270421505,0.0010867021046578884,0.0017819099593907595,0.013414000160992146,0.08117300271987915
1418,0.0009634961914327573,6.52115986989393e-05,1.056220531463623,0.6454133689403534,0.004026085147743269,0.0009150974560503426,0.015954217006616277,0.0013775086455120565,0.01054417248815298,0.0006936043500900269,0.0008692099945619702,0.0061980001628398895,0.010980000719428062
1419,0.0011075054083381855,7.774329890459315e-05,0.38365113735198975,0.4438665956258774,4.148442861889812e-05,0.0002989053758324019,0.044602049513572474,0.0028822317136836563,0.01076052151620388,0.0007471996359527111,0.00100250996183604,0.006829999852925539,0.0438539981842041
1420,0.0008130770314494288,6.907905685812503e-05,0.6900038719177246,0.6652597412467003,0.002738469244770505,0.001417300868908834,0.03787675082375663,0.003210965889727708,0.01032048836350441,0.00040903594344854355,0.0006330100004561245,0.009197999723255634,0.025437001138925552
1421,0.0012495114662427372,7.32304250117004e-05,1.3108341693878174,0.5831314325332642,4.786262245419618e-05,0.0003271391359045425,0.03477849521859315,0.0029161400482412073,0.010953153483569622,0.0007978430949151516,0.0011598099954426289,0.007584999781101942,0.021924998611211777
1422,0.0011122115500746214,8.015501758910806e-05,1.4819254875183105,0.5221870541572571,0.0030213149464315037,0.0014136957365132453,0.033834234922501066,0.0028647220184280092,0.011557319201529026,0.0012467289343476295,0.0009387099999003112,0.007946000434458256,0.024011000990867615
1423,0.0011560404289506425,7.095688789324716e-05,1.3574246168136597,0.5629340410232544,0.004894598292580781,0.0011525159268462126,0.024772129229742684,0.0023142895531999656,0.01101171039044857,0.001026115845888853,0.001157209975644946,0.011099000461399555,0.015768000856041908
1424,0.0029097791990647963,0.00017085837214412137,1.077127456665039,0.7213429659605026,0.012649213900741283,0.0015437541098270568,0.16010563561435606,0.02837952327841882,0.010507207363843918,0.0005450244061648846,0.0031903099734336138,0.05140699818730354,0.08746100217103958
1425,0.0026495143438445778,0.0001962488310647229,0.7591419219970703,0.6769440472126007,0.011010684720373287,0.0016203682563282213,0.3174326211936228,0.05449162311368935,0.014209943823516369,0.0014271247200667858,0.0029504098929464817,0.0685420036315918,0.13437800109386444
1426,0.005655359811731124,0.0002622996893892333,1.600334882736206,0.4447906017303467,0.0250003929330269,0.0017275662872144725,0.5940970350009344,0.09171167171121633,0.015217667445540428,0.000922247301787138,0.006537910085171461,0.11422999948263168,0.1902720034122467
1427,0.000743764020192437,6.42082490068922e-05,1.113213062286377,0.6649924069643021,0.00027428038584517857,0.0007752435136975389,0.02098727428867733,0.001495253521744894,0.01099684089422226,0.0010197218507528305,0.0006867100019007921,0.0037589999847114086,0.01523900032043457
1428,0.00068537942479789,5.9131193165011845e-05,1.0447659492492676,0.6817961037158966,0.0031855492110349367,0.0009820124016046042,0.018657216180604588,0.0014875129092544181,0.010456784628331661,0.000593346543610096,0.000537609972525388,0.005255000200122595,0.01268400065600872
1429,0.0008118718546627723,7.769509835155077e-05,1.272925615310669,0.6474514901638031,0.0009764473226931432,0.0013775579745157137,0.036007870502352476,0.002899480030597222,0.011309429071843624,0.0011867042630910873,0.0006674099713563919,0.006310999859124422,0.027760999277234077
1430,0.0008073787458417847,6.464543785636315e-05,0.8029450178146362,0.6745741739869118,0.0033226665487717786,0.0010945446730506727,0.025475819788787907,0.0021060104249730795,0.010377862490713596,0.0004780944436788559,0.0007079099887050688,0.0078039998188614845,0.018766000866889954
1431,0.0009941103973586558,6.922159048522566e-05,0.6327824592590332,0.6062992662191391,0.00024703791581276875,0.0008405130997165661,0.028456621676069896,0.002090243333641932,0.010503328405320644,0.00059489905834198,0.0009214099845848978,0.0074800001457333565,0.021865999326109886
1432,0.0007700390620555384,8.650516603967969e-05,1.0568751096725464,0.6898346245288849,0.0037894367050253295,0.0015078329136777755,0.04485249079909038,0.0036397718837900134,0.014422442764043808,0.0018049925565719604,0.0007437100284732878,0.008243000134825706,0.03462500125169754
1433,0.0010599863297311178,8.760967554487568e-05,1.18558931350708,0.6607778072357178,0.0035273932564979446,0.0014937373081477326,0.03741545024971135,0.003348597492510836,0.012182151898741722,0.0014610025100409985,0.0010580100351944566,0.011838000267744064,0.021227000281214714
1434,0.0037858810246072508,0.0002326494104691486,1.5165044069290161,0.5249027013778687,0.017045353273227645,0.0015966882768085272,0.3760587446881726,0.0614061370368795,0.013318442739546299,0.0010844049975275993,0.004271409939974546,0.09187500178813934,0.14466500282287598
1435,0.0027818826026796035,0.00027437454703084746,1.228451132774353,0.649634838104248,0.01583281505850342,0.0018388257802862303,0.5205885238503094,0.11748701601827646,0.01432020217180252,0.001561314333230257,0.002765410114079714,0.10158000141382217,0.1661369949579239
1436,0.0008380363073492323,8.807264629662464e-05,0.9272938370704651,0.6893862187862396,0.00012551586286975382,0.0007228522134031746,0.06121523377059744,0.004972123642286188,0.013695311732590199,0.001410807017236948,0.0007253100047819316,0.006951000075787306,0.05728499963879585
1437,0.0008816070780395219,6.68362470570587e-05,0.7653722167015076,0.6732826083898544,0.0012846918846618348,0.0013440657728696547,0.032061446643131784,0.0025819873955410556,0.010295351967215538,0.0003726016730070114,0.0008878100197762251,0.007805999834090471,0.023322001099586487
1438,0.0008374218866716777,6.43812373219226e-05,0.7149121165275574,0.6321117430925369,0.005592816831952201,0.0010817396284568221,0.022237145546396834,0.0019107950616186822,0.010475782677531242,0.0006019137799739838,0.0008070099866017699,0.007946000434458256,0.016662999987602234
1439,0.0009997469526723903,7.023073454918977e-05,0.7578990459442139,0.6791208758950233,0.0013045583090136655,0.001364332212096205,0.03501320702196655,0.0029719225088690703,0.010264195501804352,0.00033865543082356453,0.0008183100144378841,0.009530000388622284,0.02049900032579899
1440,0.0010120501998642372,7.8837646848668e-05,0.6974194049835205,0.6622913554310799,0.0030424165151544495,0.001539190596465924,0.044765753799751104,0.0040307576323098775,0.01052136905491352,0.0006135399453341961,0.0009156099986284971,0.015336000360548496,0.026243001222610474
1441,0.00170493213328863,0.00010692738673368906,1.4689931869506836,0.5809694528579712,0.0063414648353222495,0.0014220928685364353,0.0979929527731898,0.011582695529456087,0.010517396032810211,0.0005712755955755711,0.0018115099519491196,0.02793099917471409,0.0533519983291626
1442,0.0005188885199638009,5.378684237063302e-05,0.8318813443183899,0.6702160462737083,0.0029762197821988647,0.0007454013189282934,0.009177667406651957,0.000716013076851125,0.010855136439204216,0.0011555226519703865,0.00040730999899096787,0.004511999897658825,0.004643999971449375
1443,0.0020108968216036964,0.00012295010071489143,0.9093934893608093,0.7273048833012581,0.01011849650168638,0.0014377982467789216,0.11294589531790915,0.017411712202720427,0.010412950068712234,0.00047921063378453255,0.0024192100390791893,0.038203999400138855,0.07684300094842911
1444,0.0009093701851557182,6.51871824004949e-05,0.7211654186248779,0.615125298500061,0.0024116893065836823,0.0008843820798805044,0.01440389045372919,0.0011214364962336479,0.010713590309023857,0.0008913250640034676,0.0007823099731467664,0.004844999872148037,0.008409000001847744
1445,0.000504503761357453,5.42921860857989e-05,0.9744086265563965,0.6876697540283203,0.004659834423470966,0.0008804258290868051,0.013069704658893434,0.0010602749870759279,0.010667530819773674,0.0008436753414571285,0.0003989000106230378,0.005628999788314104,0.009734000079333782
1446,0.0008967788479588856,7.740070338477467e-05,0.8868155479431152,0.6634379625320435,3.878817450682951e-05,0.0002706696749416676,0.038373925762555175,0.0027799085838396305,0.01316122803837061,0.0012319483794271946,0.0007392099942080677,0.006314000114798546,0.03082600049674511
1447,0.000800336509368785,6.628916685087473e-05,1.111350417137146,0.683584600687027,9.35006661197562e-05,0.0005308408563924794,0.03482975858492186,0.0026972911404807634,0.010456175543367863,0.0005213851109147072,0.0006170099950395525,0.007584999781101942,0.021915998309850693
1448,0.0010949309935843964,7.275703502188948e-05,0.858360767364502,0.6604662984609604,0.002029340520072246,0.0013904895515700864,0.02595126800023239,0.0021663206334907557,0.010565136559307575,0.0007157577201724052,0.0009850099449977279,0.008511999621987343,0.016954999417066574
1449,0.0012554329028731407,9.856978332508282e-05,1.6348159313201904,0.44565659761428833,0.006720320035119603,0.0013336484054334908,0.08818033553286804,0.008834724032050705,0.010674450546503067,0.0007174317725002766,0.0013449100079014897,0.02459299936890602,0.04736600071191788
1450,0.0004940535052506411,5.671450795041678e-05,0.98500657081604,0.6827813386917114,0.001328768504439686,0.0011739737929529121,0.011825920866186385,0.000966367454280902,0.011691773310303688,0.002149844542145729,0.00023900999804027379,0.001979999942705035,0.008415000513195992
1451,0.0007256338519164204,5.787932970664051e-05,0.48432374000549316,0.5157751515507698,0.0038125297025302625,0.0007431854920754608,0.009579388476480398,0.0007483943069587834,0.010771038010716438,0.0009955908171832561,0.0006616099853999913,0.005047000013291836,0.006428999826312065
1452,0.0007130873600272402,5.467762536053738e-05,1.571136713027954,0.4613611400127411,0.005235355997539971,0.0008740545223485767,0.011103447410915897,0.0009700205616027914,0.011467762291431427,0.0016563213430345058,0.0005984100280329585,0.00749000022187829,0.004230999853461981
1453,0.000674813584862593,5.7865546545070366e-05,0.3244166970252991,0.40239012241363525,0.003641923300882824,0.0009323660938421185,0.017234263806021666,0.0011979803938365653,0.010450560599565506,0.0005934359505772591,0.0005383099778555334,0.008836999535560608,0.008825000375509262
1454,0.0007992844757158675,6.369673433906831e-05,1.0213247537612915,0.701514258980751,0.0014317339766981361,0.0013323407031043623,0.028386970048606342,0.0023632129450613295,0.01036091148853302,0.0004606819711625576,0.0006522099720314145,0.0081599997356534,0.01923000067472458
1455,0.00038900555825704215,6.153290054197123e-05,0.9975639581680298,0.7110998183488846,0.00507695276360642,0.0011697335013996875,0.028604406326249204,0.002275732882636737,0.010688623413443565,0.0008118553087115288,0.0003303299890831113,0.010143999941647053,0.020076999440789223
1456,0.0014530715403987839,0.00010459488910315303,1.1497951745986938,0.6748382300138474,0.00137663025585402,0.001655587909880615,0.08015439237257742,0.008487028928893553,0.011083858087658882,0.0009390590712428093,0.0012937099672853947,0.013414000160992146,0.058058999478816986
1457,0.0016727686428648632,8.002361659407726e-05,1.7818384170532227,0.27664685249328613,0.004053676815801022,0.0013223051469851202,0.059134013172295385,0.004674778907983429,0.010271415114402771,0.000332630705088377,0.0016143099637702107,0.019999999552965164,0.031247999519109726
1458,0.000448737455503696,5.117883577859968e-05,0.9400282502174377,0.6810300797224045,0.0029280162104693987,0.0006754807663164391,0.007154109890663229,0.0005939784252458279,0.011244081892073154,0.001634062733501196,0.00023098000383470207,0.0025480000767856836,0.004708999767899513
1459,0.0009713777109292517,6.248998772224963e-05,1.3361095190048218,0.5209038555622101,0.0044198514868544,0.0006660300078142741,0.007277897738243182,0.0006768708663961306,0.010870799422264099,0.0011337953619658947,0.0009085100027732551,0.004000999964773655,0.005238000303506851
1460,0.0005215920130942714,5.725804960390372e-05,1.2114646434783936,0.6710251420736313,0.0034278573113043272,0.0010204277509888327,0.01742689431383758,0.00134015289944691,0.011021318845450878,0.001135603990405798,0.0004113100003451109,0.005907000042498112,0.0117790000513196
1461,0.0009766783872072052,7.303028634748817e-05,0.8560906648635864,0.6880931481719017,0.003762844088345858,0.0013054043141555722,0.0367209164375197,0.003315393630727404,0.010481038130819798,0.0005721207708120346,0.00080850999802351,0.008541000075638294,0.02672700025141239
1462,0.0004329014266985426,5.565607035653189e-05,0.5966531038284302,0.6215445250272751,0.004878296406971582,0.0010454120305189774,0.021406588070969016,0.0016806969597457835,0.010301660746335983,0.00039480021223425865,0.0003961200127378106,0.011572999879717827,0.013418999500572681
1463,0.0005772098105789774,5.563655455984907e-05,0.8087224364280701,0.6321370825171471,0.002079725604534227,0.00056711777340555,0.005407623881743636,0.00047565724291169726,0.011831488460302353,0.002332204021513462,0.0003850999928545207,0.0017320000333711505,0.003576999995857477
1464,0.0006184594986358765,5.54725109244779e-05,0.7283012866973877,0.615028865635395,0.0026890318564967678,0.0006000807349470672,0.007118916397632806,0.0005542113305061084,0.010784164071083069,0.001047666184604168,0.0004491099971346557,0.0029299999587237835,0.005250000394880772
1465,0.000861751658205577,6.589051390655819e-05,0.6973302960395813,0.6478518173098564,0.0001658460395204975,0.0006738801803099437,0.02784362345225709,0.0020163920689776,0.010359624400734901,0.0004414329305291176,0.0007522099767811596,0.009089999832212925,0.01553799957036972
1466,0.000769612217723994,7.499731821742576e-05,1.099416732788086,0.6737755388021469,0.00011646412016091334,0.0007325626507944799,0.03764669596963713,0.002668552460577369,0.014468472450971603,0.00145699642598629,0.0006601099739782512,0.006436000112444162,0.02604999952018261
1467,0.0014280571196510004,0.00013094779702093565,0.5198997259140015,0.5720138475298882,0.001105599155277451,0.0016071510457562365,0.11036590721601848,0.011081445908928692,0.012533161789178848,0.001486925408244133,0.0014305099612101912,0.014179999940097332,0.09026899933815002
1468,0.00048033666056222253,6.757280119705885e-05,0.739798903465271,0.6698436513543129,0.00020660109451007917,0.0008844654500574045,0.021596470103074854,0.001307463731385879,0.012021617963910103,0.0017203986644744873,0.00014648000069428235,0.003788999980315566,0.013402000069618225
1469,0.0008510629439758059,6.535061475746145e-05,0.95423424243927,0.6744968891143799,0.0026421211310323433,0.001011602623361873,0.01752657947200896,0.0014216241864843226,0.010866493918001652,0.00103685911744833,0.0008291099802590907,0.0048859999515116215,0.014538999646902084
1470,0.0006020453834139505,5.884743606805005e-05,0.8542592525482178,0.6862393543124199,0.0016867085733814251,0.001188215349788612,0.017554417965023366,0.0013174571086645263,0.010744476690888405,0.0009255390614271164,0.00039649000973440707,0.006835999898612499,0.008926000446081161
1471,0.0009060146090030293,6.496832377362504e-05,0.9282354116439819,0.6546273231506348,0.004925805124987693,0.000905230152789743,0.01454594360575791,0.001292726045364013,0.010611729696393013,0.0007770229130983353,0.0009633100125938654,0.007569999899715185,0.010714000090956688
1472,0.0009230185682769219,7.1541418722244e-05,0.7531920671463013,0.6538964807987213,0.00032737977187251446,0.0009427444179083415,0.032537133458394936,0.002473628092726136,0.010646110400557518,0.0007210955955088139,0.0008590099751017988,0.007946000434458256,0.023132000118494034
1473,0.0011660089635957187,9.412000075204269e-05,0.8415764570236206,0.6581142768263817,0.0016808435290441022,0.0017352220708972855,0.038341918066262394,0.0032293020231518414,0.012541618198156357,0.0015345043502748013,0.000984210055321455,0.009213999845087528,0.02741299942135811
1474,0.0010316942184287802,8.581666534585145e-05,0.757788896560669,0.6374944299459457,7.542773240193552e-05,0.0005233157755792621,0.06911503763894847,0.005704852839878427,0.015162667259573936,0.001371497754007578,0.0011414099717512727,0.007805999834090471,0.06041800230741501
1475,0.0006154110053078453,6.978156599978658e-05,1.0682895183563232,0.6965141296386719,0.004253185484694265,0.0012881904771657531,0.030384481503397096,0.0024528902145880896,0.011313067749142647,0.0012279748916625977,0.00046491000102832913,0.010564999654889107,0.019889000803232193
1476,0.0009226213869450319,8.443006349372956e-05,1.4134501218795776,0.5782074630260468,0.003539699608181366,0.0015142584279771612,0.03555845622832143,0.0029776259983182313,0.012978746555745602,0.0016963905654847622,0.0008256100118160248,0.006694000214338303,0.027660001069307327
1477,0.0008941051522375988,6.462888335383578e-05,0.678971529006958,0.6082070842385292,0.0037662871565270336,0.0009309817696934069,0.01603963910973255,0.0012598355338115305,0.010520735755562782,0.0006545227952301502,0.0009433099767193198,0.006310999859124422,0.011415000073611736
1478,0.0024644921973789777,0.0001040684380215894,1.3717159032821655,0.6276369094848633,0.006530790088145276,0.0014483885062063005,0.08987260869219899,0.012417942660848051,0.010277505964040756,0.00033280905336141586,0.0027416099328547716,0.029888000339269638,0.0473020002245903
1479,0.0021916993227661724,0.0001345810534579947,1.4851109981536865,0.5612758994102478,0.009140584714830667,0.001418601426364264,0.12031464958841902,0.015283474188405526,0.010973881930112839,0.0008553438819944859,0.0023125100415199995,0.041057001799345016,0.059581998735666275
1480,0.0006454620603147674,5.792441856526041e-05,0.6981613636016846,0.6238237023353577,0.0019850794394373236,0.0007753914104396771,0.01115603297971131,0.0008092786359428037,0.010800741612911224,0.001049106940627098,0.0005939099937677383,0.0034149999264627695,0.008701000362634659
1481,0.0007733689407171622,6.328959689444295e-05,0.6730843782424927,0.6116511598229408,0.0032890468142750696,0.0009501982964294198,0.014998128601362296,0.0011612597302403504,0.01088810060173273,0.0010736002586781979,0.000740510004106909,0.004135999828577042,0.013414999470114708
1482,0.0008247181302126074,6.156889612014826e-05,1.2071704864501953,0.6227819323539734,0.0044064296185426805,0.0008802593945943765,0.012508123718914988,0.001115130923039307,0.011100316420197487,0.0012951656244695187,0.0008937100064940751,0.005628999788314104,0.010347999632358551
1483,0.001117903858605289,7.206576794664243e-05,1.6940979957580566,0.3445062041282654,0.00311444585480075,0.0013031543276924551,0.022100359231207303,0.0017186178973500991,0.01294918917119503,0.0018596784211695194,0.0011323100188747048,0.006384999956935644,0.015475000254809856
1484,0.0007271743409610392,6.77062939304845e-05,1.300554871559143,0.6427549719810486,0.003325120834794028,0.0012239798943924126,0.028009912942394063,0.0022816286350044405,0.011033200658857822,0.0010644071735441685,0.0005485099973157048,0.00786499958485365,0.020259998738765717
1485,0.0005977729052832211,6.52285439220577e-05,1.3919787406921387,0.6228581666946411,0.0024471759690364667,0.0014443210158170286,0.03020911924120234,0.0024121618439116085,0.01081458106637001,0.0009044846519827843,0.0005580100114457309,0.009868999943137169,0.018766000866889954
1486,0.0012179486724055383,8.385182550743034e-05,0.7409774661064148,0.6728516519069672,0.0002193427794943441,0.0009179988359660129,0.06275125879859111,0.006037953094790511,0.010421753861010075,0.0004824432544410229,0.0009517099824734032,0.017155999317765236,0.04295600205659866
1487,0.0035889834571614693,0.00019744602476209623,1.587220549583435,0.4652392566204071,0.01506386568674137,0.0015691334790709967,0.4148051166157346,0.060914860963883766,0.015354607254266739,0.0011473181657493114,0.004181109834462404,0.08659099787473679,0.1582389920949936
1488,0.0017274132250810921,9.721676011390423e-05,1.6010751724243164,0.4682868421077728,0.003395823134060464,0.0015862439226161456,0.08232665248740627,0.008242549690002252,0.010400534607470036,0.00046093715354800224,0.00180871004704386,0.01982099935412407,0.04819200187921524
1489,0.000507967374190434,5.346668952606464e-05,1.3603757619857788,0.6204073131084442,0.0033760806976018518,0.000964641481588194,0.013997706737870437,0.0011078394815900198,0.011323641054332256,0.0014637266285717487,0.00043821000144816935,0.0048340000212192535,0.009936000220477581
1490,0.0006826925723228496,5.68652777833153e-05,1.2275354862213135,0.6268635988235474,0.004955624599716887,0.0008003392488858292,0.01114780784354296,0.0009740640353229808,0.010629134252667427,0.0008086417801678181,0.0006346100126393139,0.006845000199973583,0.0066099995747208595
1491,0.0008526758975882988,7.775828830071223e-05,0.991589367389679,0.7362949252128601,0.005697503677632712,0.001292510377448337,0.05526001741131207,0.005901319753299047,0.01023394800722599,0.00029870541766285896,0.0009124099742621183,0.020781999453902245,0.033399999141693115
1492,0.0010838938057676408,8.269044280626362e-05,0.9518922567367554,0.7315944731235504,0.007287088992822633,0.0013147324988265299,0.06252454623266834,0.00733674589534055,0.010266022756695747,0.000331072136759758,0.001269610016606748,0.028054000809788704,0.029330000281333923
1493,0.0005189019085064763,5.2586786916215784e-05,0.8323394060134888,0.6576365530490875,0.002591631590320563,0.0005764814968169571,0.004381771467360545,0.0004431987162710656,0.012578065507113934,0.0030389325693249702,0.00033477001124992967,0.0021989999804645777,0.0025339999701827765
1494,0.0009123644644542368,7.36366900479453e-05,0.8165796995162964,0.6597974598407745,7.196344257014511e-05,0.00047724312434471424,0.03359594336270418,0.0025328267138941783,0.010991930961608887,0.0008936165831983089,0.0006711099995300174,0.006845000199973583,0.02661300078034401
1495,0.0006905130432018263,7.33703749020235e-05,0.6035722494125366,0.632831797003746,0.0018493425602134756,0.0016805150724500128,0.042817904963821964,0.0033555010427760157,0.01047285832464695,0.0005694292485713959,0.0004987100255675614,0.013810000382363796,0.023538000881671906
1496,0.0004090816217173947,4.9415519191322584e-05,1.498104214668274,0.5465668439865112,0.0033051307330929543,0.0009132980196083597,0.010503987553090231,0.0008751306822902399,0.01264633983373642,0.0023438730277121067,0.00022832000104244798,0.0036140000447630882,0.006616999860852957
1497,0.000872003803444059,0.00010540198168840117,1.0278208255767822,0.6904015243053436,0.00011447925317514628,0.000682171783787468,0.08294472864854274,0.008375308653302875,0.01369019877165556,0.001662698108702898,0.0007716100080870092,0.006996000185608864,0.07312300056219101
1498,0.000690167411321099,7.698908309751278e-05,0.6617043018341064,0.6435442119836807,0.00277789947717486,0.0014895271486730067,0.02631998889793566,0.00208073185238245,0.01169204618781805,0.0015981695614755154,0.00045841000974178314,0.007466000039130449,0.017278999090194702
1499,0.001330700804805773,7.503903426151403e-05,1.1340065002441406,0.5937612652778625,0.00016117770015406968,0.0006620773362886486,0.025507937179582843,0.002189972208329602,0.010658098384737968,0.000722239725291729,0.001356509979814291,0.007782999891787767,0.015622000209987164
1500,0.0016430175931907908,7.666484748233891e-05,1.6983799934387207,0.33690035343170166,0.00480097285375831,0.0011919407323722367,0.037323645225984206,0.0030069452741404816,0.01076791062951088,0.0007509179413318634,0.0015843099681660533,0.012090999633073807,0.022267000749707222
1501,0.0007374142809999429,6.362558736997892e-05,0.8697001934051514,0.6726939678192139,0.003214535491155662,0.0010252454232869428,0.018669454764947895,0.0014802774424903693,0.010767190717160702,0.0008920235559344292,0.0006081099854782224,0.005532999988645315,0.01348899956792593
1502,0.003186777105106033,0.00015561885713462234,1.7078282833099365,0.3404231071472168,0.013109842095037412,0.0014091086923211631,0.2033333354375566,0.02134739749709666,0.014252952300012112,0.0010344693437218666,0.0035602101124823093,0.05881499871611595,0.0770450010895729
1503,0.0010129095133732246,6.532383550177887e-05,1.2182347774505615,0.5729888081550598,0.004287174432389685,0.0008466956042649839,0.012055182171223021,0.0010820151464762005,0.010944644920527935,0.001122704241424799,0.0009922099998220801,0.006845000199973583,0.008329000324010849
1504,0.0007027375735329098,5.84753508795974e-05,1.2711842060089111,0.642161101102829,0.004542158921495457,0.0009757244062347341,0.01694109354657247,0.001392224761218551,0.010653989389538765,0.0007959860377013683,0.0007029100088402629,0.009328999556601048,0.00914200022816658
1505,0.0009355488621776447,6.792608650111156e-05,0.9876092076301575,0.6973560601472855,0.0028024840157134918,0.0012670904797389662,0.03043006160997201,0.002658906915084816,0.010402088984847069,0.000505590345710516,0.0008713100105524063,0.010184000246226788,0.018648000434041023
1506,0.0007852907800345687,7.030596137778201e-05,1.1723564863204956,0.6614146381616592,2.7324098915427408e-05,0.00017218684743956392,0.03109389058397435,0.002166336126437452,0.01207046303898096,0.0011552469804883003,0.0005658100126311183,0.0050119999796152115,0.022363999858498573
1507,0.0009483325538161794,7.983354240527111e-05,1.0530980825424194,0.6659193933010101,0.0004616434102931385,0.0010841505119839113,0.0356442854514817,0.002873629443537303,0.01140088215470314,0.0011433940380811691,0.0009188100229948759,0.007782999891787767,0.023869000375270844
1508,0.0015716999812252304,0.0001161195956864131,1.4096274375915527,0.6097314953804016,0.006648276656401467,0.0014218215365319376,0.1001727755526059,0.011701057400081136,0.011093903332948685,0.0009693466126918793,0.001771109993569553,0.03199699893593788,0.06250099837779999
1509,0.0014040859818884523,0.00010750607595973801,0.8776941895484924,0.6666796207427979,0.002144710533451013,0.0019465651460231696,0.060542936859108484,0.005647044733919377,0.012329769320786,0.0013102530501782894,0.001342609990388155,0.013337000273168087,0.044843997806310654
1510,0.0005925559956822114,6.381667722384321e-05,1.0258067846298218,0.6873525232076645,0.0026788328370253092,0.0011533817972578203,0.012508346888593402,0.0010475655941632753,0.015210515819489956,0.0031394576653838158,0.0004567099967971444,0.0029299999587237835,0.01002500019967556
1511,0.000489265863990552,5.5766978409933836e-05,0.8119692802429199,0.6808886379003525,0.005354442111964922,0.000965245448337555,0.015806340010058883,0.001299575068768136,0.010560437105596066,0.0007006111554801464,0.00042721000500023365,0.006845000199973583,0.011889000423252583
1512,0.0007302362729172938,6.448479428346291e-05,1.1702913045883179,0.6812284141778946,0.003167731738254966,0.0012037536594915656,0.02645196463648201,0.0021831317673878647,0.010664891451597214,0.0007810522802174091,0.0006673100288026035,0.007381000090390444,0.018763000145554543
1513,0.0012167884865661406,7.308624683273804e-05,1.0587542057037354,0.6439337730407715,0.00241305470287119,0.0010951674235324094,0.02366815162776614,0.0021239369155249006,0.010546918027102947,0.0006713164038956165,0.0011898099910467863,0.008469999767839909,0.013957999646663666
1514,0.001928019523357108,0.00011650090841542021,1.412933349609375,0.5530175268650055,0.002774537344331905,0.001945236337336649,0.07140020286703695,0.007193281019355874,0.011840317398309708,0.001073196530342102,0.002057109959423542,0.01566999964416027,0.04797700047492981
1515,0.0011185508917120619,8.018209360274062e-05,0.9282110929489136,0.6873883157968521,0.005136230241206276,0.0013188827554714436,0.04199039799803658,0.004098532502690825,0.010768510401248932,0.0008072243072092533,0.0011459100060164928,0.01683500036597252,0.023791000247001648
1516,0.0009901491016172004,6.558963286519196e-05,1.1968132257461548,0.5756934881210327,0.003622481816404631,0.0007601967446042655,0.010622281789364706,0.0009093572583220291,0.010880978778004646,0.001099166925996542,0.000996610033325851,0.006051999982446432,0.006983000319451094
1517,0.0005431705778977713,5.567580703320633e-05,0.6154283881187439,0.613226868212223,0.0037413231963187624,0.0009245479796922015,0.016922057223830247,0.001275792985134189,0.01036304235458374,0.000467758160084486,0.0004685099993366748,0.007805999834090471,0.010627999901771545
1518,0.0007499440238098886,7.908644034273528e-05,1.0369783639907837,0.7056078016757965,0.0012782674857008743,0.0015084233197591886,0.04349245332811365,0.0035820518598654386,0.010975178331136703,0.000971267931163311,0.0005996099789626896,0.012670000083744526,0.026621999219059944
1519,0.0005990143273819894,5.5508894629180535e-05,1.3491013050079346,0.6122086644172668,0.0016687540035351756,0.0009961098183048638,0.013568203373419798,0.0010210095479380671,0.011074205860495567,0.0013292105868458748,0.000444909994257614,0.0034149999264627695,0.009959000162780285
1520,0.0003585598148965642,4.7931265285650976e-05,0.9001412391662598,0.6909981817007065,0.002409856309302394,0.0006953031409917802,0.010256413159765769,0.0007297772246706051,0.010444767773151398,0.0005890429019927979,0.0002398999931756407,0.0033629999961704016,0.006783999968320131
1521,0.0008704828278234494,6.326003253204367e-05,1.1383956670761108,0.6126514971256256,0.004138286686333796,0.0008032970087021114,0.010963661440528925,0.0009490310114987476,0.01078959833830595,0.0010029789991676807,0.0007962100207805634,0.005166000220924616,0.007613000459969044
1522,0.0004995004906820736,6.230042623476509e-05,0.8067464232444763,0.6866223067045212,0.0016622622751229074,0.0013839251134606981,0.016608985767580034,0.0012975560262960739,0.011479430831968784,0.0017956076189875603,0.0003778600075747818,0.006895000115036964,0.008295999839901924
1523,0.0016498652408589443,7.775984879578577e-05,0.8447765707969666,0.5322198867797852,0.007956429374961204,0.0010051959631410807,0.014617556868383511,0.0015556595762650305,0.010619381442666054,0.0007994291372597218,0.0016667100135236979,0.012006999924778938,0.008417000062763691
1524,0.001962766397194258,0.00010259952498321444,1.517777442932129,0.5289417505264282,0.005837437430444852,0.0013942771206179932,0.08546911104555723,0.009584156533862562,0.010542135685682297,0.0005761231295764446,0.001974009908735752,0.020431000739336014,0.05222200229763985
1525,0.001114678586489665,8.265006653029676e-05,0.8701367378234863,0.6499162912368774,0.0009147517186112173,0.0013209972485202506,0.026266451624817697,0.0021298451100581987,0.011732080951333046,0.0014244280755519867,0.0011150100035592914,0.00774300005286932,0.01673699915409088
1526,0.0014876608984821051,0.0002031542174396869,0.9419915676116943,0.7255081608891487,0.014001941509153857,0.0014788614367682732,0.3419378211222519,0.06547137724532959,0.012159667909145355,0.0017221421003341675,0.0016792099922895432,0.07134299725294113,0.15991801023483276
1527,0.00048129984720035,6.244114828547986e-05,1.0980052947998047,0.6874028593301773,0.0023756866953554274,0.0012929553398252534,0.021623435634472415,0.0016674311569351112,0.011464078910648823,0.0014573941007256508,0.000299000006634742,0.006384999956935644,0.01436999998986721
1528,0.0006778581925265512,7.012922112448585e-05,0.8179932832717896,0.6958079040050507,0.002062916907064431,0.0017134135518907289,0.03406864271117264,0.002687614323770411,0.010672096163034439,0.0007994091138243675,0.0005636099958792329,0.007215000223368406,0.02436000108718872
1529,0.0011890335814268452,8.243717979104716e-05,1.5967649221420288,0.44132059812545776,0.0014808319024092105,0.001581083161010481,0.04121591812277363,0.003366403531532825,0.011169424280524254,0.0010537803173065186,0.0010959099745377898,0.010184000246226788,0.025853998959064484
1530,0.0010670157353756004,8.89096493489885e-05,0.764610767364502,0.6871519684791565,0.006249060835095969,0.0013794978148978783,0.0696597154554546,0.007262334074103441,0.010474832728505135,0.0005656024441123009,0.0010610100580379367,0.0248819999396801,0.041106998920440674
1531,0.0007026978384699909,5.7589063099514905e-05,1.2901066541671753,0.5971019268035889,0.003125062746650515,0.0007415563408431376,0.009307600580828353,0.0007681543260160883,0.011045394465327263,0.0013480698689818382,0.0006969100213609636,0.00343300006352365,0.0063360002823174
1532,0.0007725826248241686,6.669907486148158e-05,0.8709624409675598,0.6707964539527893,0.0006157699042395856,0.0010122707917523746,0.018818944463745563,0.001348322034273458,0.011022621765732765,0.001201534178107977,0.0006324099958874285,0.0025480000767856836,0.015650000423192978
1533,0.0005203664749548051,5.646909491215579e-05,1.2703654766082764,0.6622214019298553,0.001546335180383485,0.0012594750868467743,0.01800454128490688,0.0013281436601387062,0.010838855057954788,0.0010954616591334343,0.0003089499950874597,0.0035600000992417336,0.014086000621318817
1534,0.0008445595138583488,8.261266533336254e-05,1.0080852508544922,0.6951115280389786,0.00015270848302985677,0.0007722009054752294,0.04838043100731826,0.0038734368342885767,0.011815297417342663,0.0012091957032680511,0.0005281100166030228,0.004989999812096357,0.044026002287864685
1535,0.0008483443619445955,6.906973634009794e-05,1.4276671409606934,0.5662079453468323,0.003361496396217258,0.0012089260852543304,0.021744129397657627,0.0018084847435513376,0.01167377457022667,0.00150391086935997,0.000655309995636344,0.006738999858498573,0.013577999547123909
1536,0.0006155492005553459,7.971593677302374e-05,1.0764561891555786,0.7041404992341995,0.0008541371559614361,0.0013651639040288877,0.03869805711849834,0.0028481618088627703,0.01239815168082714,0.0015427418984472752,0.0004249099874868989,0.00786499958485365,0.026966001838445663
1537,0.0010806325746784372,6.799315344434395e-05,1.3540239334106445,0.5877389311790466,0.0009398198939680019,0.0011509597709938434,0.0293161824045812,0.002497227874488559,0.010529955849051476,0.0006250208243727684,0.0009437099797651172,0.005828999914228916,0.02050499990582466
1538,0.0010665519069300736,7.52417863042552e-05,1.298740267753601,0.6155762672424316,0.000723431493755561,0.0011899377162308336,0.03261173998280649,0.0027425323853008856,0.01094981748610735,0.0009679794311523438,0.000905509979929775,0.006314000114798546,0.022772999480366707
1539,0.0007633795078767539,6.146867416283815e-05,1.1579898595809937,0.667252853512764,0.003599984576443312,0.0009743127972192528,0.017744410849869153,0.0014655684888243807,0.010682476684451103,0.0008184113539755344,0.0007675099768675864,0.007579000201076269,0.012392999604344368
1540,0.0015310393502165611,9.145396602087638e-05,1.0111424922943115,0.7383629977703094,0.005987322436735611,0.0013860765231183294,0.07403589719725724,0.009688086400825219,0.010251298546791077,0.0003140070475637913,0.0017032099422067404,0.029124999418854713,0.04469100013375282
1541,0.0008018995475073141,6.718970838377807e-05,1.2463780641555786,0.6578478217124939,0.001340944027375412,0.0014036967218794473,0.031564889839550025,0.002588478109631219,0.010567264631390572,0.0006745019927620888,0.0007657100213691592,0.007348999846726656,0.02276100032031536
1542,0.0013276186342276715,7.26406916421419e-05,0.3926343321800232,0.45785630494356155,0.0003377680558707616,0.0009461708516340867,0.0399667318795177,0.00287269215051552,0.010261880233883858,0.0003258301876485348,0.0012153099523857236,0.013407999649643898,0.023823000490665436
1543,0.001179667733778692,6.993117128499689e-05,0.8073452711105347,0.6612709164619446,0.004077119772985042,0.0011662367902493052,0.03020220443212928,0.0029087962677948435,0.010289017111063004,0.0003599487245082855,0.0012156099546700716,0.012613999657332897,0.01845800131559372
1544,0.0011048073681531908,0.00013701369724546884,0.9590680003166199,0.7131462097167969,0.003003151277785795,0.0019619554658158456,0.1294835758523686,0.01482193741192294,0.012705376371741295,0.0016750874929130077,0.0010369099909439683,0.01573999971151352,0.11603999882936478
1545,0.0009421863962191868,6.709555121666951e-05,1.1100225448608398,0.6933501362800598,0.00034120451890700537,0.0008650484218804782,0.03392516658395693,0.0028926415950063598,0.010274842381477356,0.00034402450546622276,0.0009513099794276059,0.007290999870747328,0.02315099909901619
1546,0.0008067837019232326,7.993790079166422e-05,0.9363803863525391,0.6900730431079865,0.0013860128713433807,0.001532908247923989,0.03247348131507693,0.002595337617309167,0.0114540234208107,0.0013184226118028164,0.0005207100184634328,0.0065299998968839645,0.020879998803138733
1547,0.0011561825974986913,7.86696022338308e-05,0.7985070943832397,0.6723406165838242,0.0033362837303288137,0.0014115359312882785,0.040579551467354216,0.003819325471740319,0.010543427430093288,0.000619218684732914,0.0010079100029543042,0.01095999963581562,0.026360999792814255
1548,0.0005768828870583305,6.753157101650926e-05,0.812892496585846,0.6947984620928764,0.0004928772486210555,0.0010462007748882273,0.033130639313809496,0.0023296123598147613,0.010728869587182999,0.0008200551383197308,0.0006010099896229804,0.006647000089287758,0.02974500134587288
1549,0.0005484917182162427,5.978064337030777e-05,0.8911422491073608,0.6904723793268204,0.0027057041143782948,0.0011779284804404714,0.02397917157274988,0.0018587824511778414,0.01055980660021305,0.0006934814155101776,0.0003797599929384887,0.007594000082463026,0.01676199957728386
1550,0.0011657484660925065,9.152234703768377e-05,0.6060000658035278,0.6284870356321335,0.002758983914147093,0.0018255841880053122,0.06247338909379571,0.00580704795032911,0.010597841814160347,0.0006636949256062508,0.0011732099810615182,0.017861999571323395,0.04046599939465523
1551,0.003525950885008783,0.00014016973796931206,1.7013903856277466,0.3220760226249695,0.008445724960319357,0.001462219509351681,0.1888746666384146,0.01764704840674501,0.014903012663125992,0.0009359237737953663,0.0037752098869532347,0.04365900158882141,0.07917600125074387
1552,0.0008443031568157028,6.665648025704996e-05,0.6266367435455322,0.6278765350580215,0.00168044956186368,0.0014176038428919929,0.029410265509163043,0.002271636980041814,0.010426227003335953,0.0005395240150392056,0.0007023100042715669,0.006835999898612499,0.019253000617027283
1553,0.0017826015793209595,6.90860719984043e-05,1.6772750616073608,0.36534982919692993,0.003862599947233758,0.0011437177175979362,0.038906386338897474,0.003337884818213243,0.010248842649161816,0.0003153369762003422,0.00185161002445966,0.0147299999371171,0.018647000193595886
1554,0.0009761064549510893,7.220348826988038e-05,1.465043067932129,0.5590216517448425,0.0018036594319381781,0.001592849912412277,0.039297097172738486,0.0034059409982126233,0.010569177567958832,0.0006505283527076244,0.0008719100151211023,0.011099000461399555,0.023910000920295715
1555,0.0007791594781229148,6.444184964868565e-05,0.9005703330039978,0.6901691555976868,0.0027319269226940674,0.001103768059850901,0.021147369209735763,0.0016957630906152838,0.010671766474843025,0.0008336831815540791,0.0007872100104577839,0.007290999870747328,0.015108000487089157
1556,0.0007050201234781733,6.520088133626565e-05,0.6360412240028381,0.6337580978870392,0.001311002562055819,0.0013718343138658415,0.02950648091740209,0.00217164441327068,0.01044833566993475,0.000573242548853159,0.0003993700083810836,0.008553000167012215,0.017496999353170395
1557,0.0005981392494234919,6.123831871040315e-05,1.0207085609436035,0.7075234800577164,0.002665644506012306,0.0011763029561578137,0.024595912634219202,0.0019327641308753297,0.010550997219979763,0.0006806552410125732,0.00044130999594926834,0.005752999801188707,0.018094999715685844
1558,0.0006924057112819286,6.762347731948277e-05,0.7081041932106018,0.6559865474700928,0.003261642199587835,0.0011476164253383509,0.02095465328615661,0.001646497714349304,0.011182056739926338,0.0012576482258737087,0.0006473099929280579,0.006895000115036964,0.014008000493049622
1559,0.0008295968821851674,6.406694000949303e-05,1.0510555505752563,0.669602707028389,0.0036915744199023486,0.0010847221374956943,0.02147221043582334,0.0018025100085330877,0.010667709633708,0.0007952982559800148,0.0007359100272879004,0.007805999834090471,0.01612200029194355
1560,0.0011947825362682142,6.635914696330512e-05,1.358311653137207,0.5603570342063904,0.004859665837796977,0.0010172323981159363,0.02182729245603299,0.0020149695837325243,0.01051804143935442,0.0006315861828625202,0.0013070099521428347,0.00786499958485365,0.015534000471234322
1561,0.001369549097940755,8.473448894483291e-05,0.5447039604187012,0.5881669670343399,0.005845592498080534,0.0013635897947172166,0.05384260578935018,0.005373778966583743,0.010423987172544003,0.0005143657326698303,0.001418009982444346,0.0222609993070364,0.03525499999523163
1562,0.0012898308514785273,0.00014357567692684146,0.6881871223449707,0.6607649773359299,0.007383565054047683,0.0014576900350181904,0.14534124001992962,0.01838624256162978,0.011849187314510345,0.0014733094722032547,0.0012046099873259664,0.03820599988102913,0.08568000048398972
1563,0.0011369922974804351,7.364149657981638e-05,1.4129037857055664,0.5756824314594269,0.00022443418134177506,0.0008567116300095787,0.045275614968273585,0.0039208138025469755,0.010574102401733398,0.0006117904558777809,0.0010863100178539753,0.009735999628901482,0.030858000740408897
1564,0.0012017033390781732,7.222808906155764e-05,1.0645105838775635,0.6097291707992554,0.0072923715128761345,0.0010034625926309106,0.013625036163442012,0.0014342759587017044,0.011028381995856762,0.0012514926493167877,0.0011728099780157208,0.011944999918341637,0.006871999707072973
1565,0.0007229245125365168,6.900177541486335e-05,1.0769360065460205,0.7101334631443024,0.0016343795463493282,0.0015405165590260247,0.034694236507613274,0.0028416791491420387,0.010630233213305473,0.0007158243097364902,0.0006989099783822894,0.00954199954867363,0.02146099880337715
1566,0.0006120653046595037,5.787503849526756e-05,1.2542837858200073,0.6553065925836563,0.0023408614290603884,0.001093665984208797,0.020676039711975885,0.0016045735802738444,0.010660919360816479,0.0007858411408960819,0.0005222099716775119,0.0061980001628398895,0.013591000810265541
1567,0.0007947078803762659,7.389616568327645e-05,1.306626319885254,0.6463861167430878,0.00014700825047485097,0.0007438360842843509,0.04728141714673614,0.003817176247554177,0.010707232169806957,0.0007255640812218189,0.0006449099746532738,0.006996000185608864,0.035055000334978104
1568,0.0008314055469783518,8.312653634978142e-05,0.8889080286026001,0.6935926005244255,0.003914472998407357,0.0014801979351441908,0.030409679416828796,0.002552440561893278,0.012629169039428234,0.0017867772839963436,0.0006495100096799433,0.007805999834090471,0.024521000683307648
1569,0.0008150187904418757,6.466928286780156e-05,1.088704228401184,0.6900775730609894,0.0003805737698948258,0.0008873488732722559,0.02820224275882126,0.002186450357345073,0.01045655645430088,0.0005452730692923069,0.0006674099713563919,0.007946000434458256,0.018817998468875885
1570,0.0009650175626749607,8.32451238034804e-05,1.1706100702285767,0.6974310129880905,0.0010107248646523729,0.001417779371042075,0.06534697404980795,0.006265276490350059,0.010478677228093147,0.0005518663674592972,0.0007734100217930973,0.011106000281870365,0.0470300018787384
1571,0.0017957268420978772,0.00010814125643215651,0.9928643107414246,0.6263777613639832,0.00107826930290077,0.0015580023330732714,0.06620548980237709,0.0066709455057775875,0.012686756439507008,0.0011475738137960434,0.001843609963543713,0.013269999995827675,0.04974199831485748
1572,0.0006574778212661299,7.668650818294518e-05,1.0827091932296753,0.7236090451478958,0.0011899347240048295,0.001477049123923413,0.05548985386543208,0.0047884204023088996,0.010449904017150402,0.0005320701748132706,0.0004133099864702672,0.015049000270664692,0.031063999980688095
1573,0.001258375812007946,8.073665068801235e-05,1.4488972425460815,0.5277819633483887,0.0006708148951703523,0.0012338015660629522,0.037759656609125336,0.003177744037990992,0.011213799938559532,0.00103353476151824,0.0010024099610745907,0.006940999999642372,0.026705000549554825
1574,0.0006563980498571513,6.182380068326938e-05,0.5160463452339172,0.550447978079319,0.003907482222282056,0.0009720418178367713,0.014076288650026351,0.0010906051339393446,0.011190054938197136,0.0014034584164619446,0.0005015099886804819,0.005923999939113855,0.009806999936699867
1575,0.0010066039696786711,7.485828643293224e-05,1.4750654697418213,0.5393709242343903,0.0021846515217723373,0.001622267457688923,0.03037258233698629,0.002531794849468477,0.011321047320961952,0.0012000557035207748,0.0006988099776208401,0.00661499984562397,0.01952499896287918
1576,0.0008032892232661321,6.280676565370303e-05,1.1923190355300903,0.5928290486335754,0.0024489002204640883,0.0006473084790295722,0.006351823284492405,0.0005698176730023685,0.01197435799986124,0.0022259848192334175,0.0006641100044362247,0.0025480000767856836,0.004124999977648258
1577,0.0010408356163474858,7.061179310184043e-05,0.7552530169487,0.6466573998332024,0.002440821661585113,0.0013330928738272347,0.02837209137025299,0.002429460812986355,0.010460035875439644,0.0005655963905155659,0.0009381099953316152,0.00737700005993247,0.018844999372959137
1578,0.0009585027659031991,6.772823850425809e-05,0.614155650138855,0.6088948398828506,0.003443428894397602,0.001106908168576191,0.021822865287579478,0.0017596668810446348,0.010623800568282604,0.0007488545961678028,0.0008881100220605731,0.008511999621987343,0.012703999876976013
1579,0.0010647857021715453,7.099747846121373e-05,1.1369343996047974,0.6609421521425247,0.0003145598679421601,0.0008829987114289063,0.03440174270475691,0.002995079089710858,0.010522167198359966,0.0005854531191289425,0.0010409100214019418,0.009192000143229961,0.023481998592615128
1580,0.0009568141073380637,6.805111817737106e-05,0.4414849877357483,0.4987250752747059,0.001753949658489644,0.001420060316786459,0.024912517558253394,0.001841330437192517,0.010646464303135872,0.0007859207689762115,0.0008619099971838295,0.006845000199973583,0.018073000013828278
1581,0.0008199468391543754,5.8923582475722065e-05,1.2744156122207642,0.6092194616794586,0.004240472260119228,0.0008820777493502856,0.015737725709259964,0.0013315862573871498,0.010392546653747559,0.0005073524080216885,0.0007751099765300751,0.007720999885350466,0.010502000339329243
1582,0.0020820526008929778,0.00013641874089959972,1.5931071043014526,0.47365984320640564,0.009390504244983009,0.0013886184975215972,0.1223684424357075,0.013832600006721797,0.011359539814293385,0.0010302988812327385,0.0021453099325299263,0.03413400053977966,0.05934999883174896
1583,0.0021754923188744557,0.00018081969587724084,1.1921265125274658,0.6829489320516586,0.016706917864412398,0.0014791917284164863,0.3843345309730925,0.07104269271903807,0.015788322314620018,0.0017262878827750683,0.0023374101147055626,0.09187500178813934,0.122018001973629
1584,0.000766820758351575,6.952829568960384e-05,1.2079107761383057,0.6642167866230011,0.00346273434252553,0.0011888784058198276,0.021866763254382016,0.001822797118731392,0.011503340676426888,0.0014326861128211021,0.0006377099780365825,0.006314000114798546,0.0160910002887249
1585,0.0005514435900988425,8.333942237457817e-05,1.2487119436264038,0.6765025705099106,0.0027286893379369456,0.0017761529666853407,0.04119741365677248,0.0031582968001070064,0.013440445996820927,0.0018575303256511688,0.00029041001107543707,0.007381000090390444,0.02879999950528145
1586,0.0008772075476562264,6.432671990314423e-05,1.159520149230957,0.6496482938528061,0.004160640338183187,0.000997906064193539,0.019916211687561844,0.0017093397096367684,0.010542208328843117,0.0006779339164495468,0.000981210032477975,0.008892999961972237,0.013259999454021454
1587,0.0009953002889989727,7.654451897332314e-05,1.387627124786377,0.6216104924678802,0.005315188895709012,0.0012830367924690292,0.05039708911143483,0.004927865354138632,0.010519687086343765,0.0006037862040102482,0.0008680099854245782,0.012431000359356403,0.03707199916243553
1588,0.000883730933327462,6.397942564125811e-05,1.4492275714874268,0.5873063504695892,0.0010657734566434452,0.0012450611209045032,0.03363729137993364,0.0028306185486123327,0.010329955257475376,0.0004159840755164623,0.0008994099916890264,0.006829999852925539,0.02485099993646145
1589,0.0006804584012275425,8.91534901591738e-05,0.6921969056129456,0.6620817556977272,0.0023772509486288222,0.001876516099910457,0.035794049544041535,0.002690077416241634,0.012565955519676208,0.00184143939986825,0.0006561100017279387,0.007805999834090471,0.026562999933958054
1590,0.0008950377529533385,7.825353913297131e-05,1.462882161140442,0.5582316517829895,0.00017599847681982206,0.0008067503507372951,0.040905310140130324,0.0030467153313745027,0.01219641137868166,0.0012384350411593914,0.0007493100129067898,0.00661499984562397,0.028868000954389572
1591,0.0012477415834546452,7.87416478426928e-05,1.4927582740783691,0.5535411834716797,0.002050544244324319,0.001682925442204726,0.0492731427958058,0.004598564568399459,0.010413844138383865,0.0005021193064749241,0.0012502099853008986,0.0098860003054142,0.036247000098228455
1592,0.000895339496997107,7.578684054355137e-05,1.3345812559127808,0.6325080096721649,0.00017940862076425883,0.0008333878212957482,0.052313639571844636,0.004476435103205303,0.010627003386616707,0.000672562513500452,0.0006938099977560341,0.01401199959218502,0.030945999547839165
1593,0.0008195733133303185,6.77219000711344e-05,0.9001295566558838,0.6707528233528137,0.002390824339445372,0.0011552792654657455,0.01827237686623702,0.001485525012934301,0.011049817316234112,0.001241480465978384,0.0006809100159443915,0.0055740000680089,0.012811999768018723
1594,0.0006345476597578244,5.943942374678451e-05,1.277390718460083,0.6522144377231598,0.0011980494939806928,0.0012398763673368857,0.02520613079751855,0.0019510891136611096,0.010571393184363842,0.0007008654065430164,0.00048750999849289656,0.006314000114798546,0.015267999842762947
1595,0.0007641405160022507,5.907962933956464e-05,1.1795907020568848,0.6195911765098572,0.004942260344885478,0.0007986975926154083,0.010071169173115404,0.0009129472064819868,0.010841531679034233,0.0010601137764751911,0.0007126100244931877,0.007495000027120113,0.005212999880313873
1596,0.000683666580347134,7.184762445406966e-05,0.8849549889564514,0.7055559828877449,0.0002832943052483101,0.0009503024298052597,0.04606993269125818,0.0035770059668987844,0.010663021355867386,0.0007249624468386173,0.0006887100171297789,0.008045000024139881,0.03563399985432625
1597,0.0036567886570048167,0.0001561841954876846,1.4886963367462158,0.5001245141029358,0.012803544140542267,0.0014678362588666392,0.12702429205182023,0.017330416119590374,0.010882781818509102,0.0006911857053637505,0.003825309919193387,0.05140699818730354,0.04131300002336502
1598,0.001256544395299347,0.00010266849517304199,1.2809596061706543,0.6337647438049316,0.0012185144633450494,0.0015960285252074942,0.07954638732090095,0.0075332286804222146,0.013367199338972569,0.0013411147519946098,0.0011931100161746144,0.016062000766396523,0.0504240021109581
1599,0.0027685364885655524,0.00016405916943703865,1.1658313274383545,0.6512835770845413,0.010676605692614555,0.0015429913279418513,0.167395874305603,0.02466018691995618,0.012955162674188614,0.0011899820528924465,0.00288570998236537,0.057962000370025635,0.06349799782037735
1600,0.000924480085053087,6.650677400361964e-05,1.0129646062850952,0.6748553514480591,0.001470398900243484,0.001268096897599845,0.02357138085404751,0.0019250855715763123,0.010449531488120556,0.0005785543471574783,0.0008769099949859083,0.004989999812096357,0.016439000144600868
1601,0.000622307330982648,5.997713182144559e-05,1.1430253982543945,0.688655436038971,0.0020670955217836793,0.0012065557300602622,0.018731889073000302,0.001463077503536343,0.010832223109900951,0.001043390017002821,0.00053140998352319,0.0061980001628398895,0.0122079998254776
1602,0.0005603585655330325,5.787980967091359e-05,0.8039808869361877,0.6770818755030632,0.0045439321817119125,0.0010138466962835572,0.016771427761891198,0.0013425326575772657,0.010821893811225891,0.0009869234636425972,0.0005990099743939936,0.006996000185608864,0.013218000531196594
1603,0.0011337275128884574,7.772855169566669e-05,0.9725379943847656,0.6651476621627808,0.0013097947207331016,0.0013680131728797764,0.026200679194749443,0.002255152139762585,0.01089555025100708,0.0010435753501951694,0.0010885100346058607,0.007234999909996986,0.016610000282526016
1604,0.0006499208786935553,7.111375481928139e-05,1.1187422275543213,0.6980929672718048,0.000927170805184207,0.0013385599724042067,0.03900326207402409,0.003070172475071079,0.010789969936013222,0.0008434401825070381,0.00046750999172218144,0.00749000022187829,0.025405999273061752
1605,0.0007930722146544579,8.444477552535382e-05,1.067657709121704,0.6874513328075409,0.002215115011702642,0.0018040857503958947,0.03508330107918964,0.0027620686044778596,0.013570141978561878,0.001838691532611847,0.0008826099801808596,0.008511999621987343,0.028374001383781433
1606,0.0036758915668143894,0.00022202331577285102,1.1895771026611328,0.6688713580369949,0.01858904966947602,0.0016601365541600317,0.4471335581379258,0.08207876482187293,0.01560208760201931,0.0012667058035731316,0.0046011097729206085,0.10400000214576721,0.1616159975528717
1607,0.00042777681368380305,5.0748054314225246e-05,0.859544038772583,0.6906368508934975,0.00026348208703458814,0.0006095588925458375,0.014212067792368676,0.0008144466468685751,0.010459566488862038,0.0006078979931771755,0.00016485000378452241,0.002761000068858266,0.009463000111281872
1608,0.0008837061910349231,6.488901192277586e-05,1.137453317642212,0.6120457649230957,0.002538610606991412,0.0007309724724577107,0.010433032577149694,0.0008462971079703152,0.010812202468514442,0.0010336018167436123,0.0007986099808476865,0.004135999828577042,0.006334000267088413
1609,0.0017210031673851069,0.00011291985664986656,0.9051421284675598,0.7337748408317566,0.00898524809686591,0.0014401758994502158,0.10469592219430572,0.015175743622128347,0.010296653024852276,0.0003702794201672077,0.001926110009662807,0.03820599988102913,0.047026000916957855
1610,0.0011132182426463,7.381842669359096e-05,0.8468735814094543,0.5821244716644287,0.0035782202444161644,0.0008560670619849361,0.009361129613954158,0.0008733488778915176,0.011875081807374954,0.0020920312963426113,0.0010810099774971604,0.00585100008174777,0.005309999920427799
1611,0.000792727033420863,7.920257278726641e-05,0.9444946050643921,0.7000154405832291,0.0001569511642570506,0.0007852371933894086,0.05645585439943466,0.004708102665021668,0.010778825730085373,0.000786543358117342,0.0005779099883511662,0.007511999923735857,0.04377099871635437
1612,0.00048340076883745446,6.384847194505322e-05,0.912065327167511,0.713058702647686,0.003296114362624379,0.0012495978974021047,0.03156506312466314,0.0025355582355924174,0.01045528706163168,0.0005567260086536407,0.00046050999662838876,0.01184799987822771,0.0208280012011528
1613,0.00108516137591115,7.405337215181081e-05,0.5479511022567749,0.5793847590684891,0.0017471514426333984,0.0015407279526531543,0.03385933809181276,0.0027354140536938777,0.010472136549651623,0.000562956091016531,0.0009218099876306951,0.006436000112444162,0.02588599920272827
1614,0.0007031605246466586,7.463507413584805e-05,1.2790054082870483,0.6655721366405487,0.0008259215192618527,0.0012884221999665618,0.04797576723806181,0.0039528432994755495,0.010629594326019287,0.000702418852597475,0.00038921000668779016,0.007805999834090471,0.032868001610040665
1615,0.0016089665742416465,0.00011058615527903819,0.5788141489028931,0.625113770365715,0.003159097128261479,0.0019686434136067473,0.09616677987005343,0.010569518731699167,0.010521961376070976,0.000587080605328083,0.0013995099579915404,0.023243999108672142,0.056547001004219055
1616,0.0007970742781974449,6.504915531809602e-05,0.7237070202827454,0.6476575136184692,0.003976265579686167,0.0011296069773352388,0.025881169340044655,0.0021243767271488974,0.010532191023230553,0.0006647477857768536,0.0006814100197516382,0.008363000117242336,0.01910100132226944
1617,0.0009871601757872894,6.540821375641554e-05,1.6661142110824585,0.370169997215271,0.002452598752303956,0.0011996596702010041,0.018570129031703114,0.0014446690049396398,0.011942061595618725,0.0017081997357308865,0.0008870100136846304,0.004689000081270933,0.01305100042372942
1618,0.0005663154806304133,5.633611103400993e-05,0.6905285716056824,0.6565176323056221,0.002247258848181088,0.0010596015879940257,0.019509778013208138,0.0014741852471343454,0.010385405272245407,0.0004848744720220566,0.00043030999950133264,0.00698000006377697,0.011781999841332436
1619,0.0008175533775917061,6.796089999891816e-05,1.1071789264678955,0.6922826170921326,0.0023116489419524448,0.0014491275546061131,0.028087835710258528,0.0023531477442740225,0.010625483468174934,0.0007354952394962311,0.0007921099895611405,0.00901500042527914,0.017539000138640404
1620,0.0005925986116242481,5.675622170418055e-05,1.3333954811096191,0.6265106797218323,0.002127631230904148,0.0010370581881084997,0.017785796286155457,0.0013240700856013022,0.010754868388175964,0.0009190468117594719,0.00043531000846996903,0.00380899989977479,0.013124000281095505
1621,0.0007998142712896322,6.071269139655436e-05,1.533876895904541,0.49007686972618103,0.003094887962296166,0.0010169878787335866,0.017013646694925402,0.0013629538667342816,0.011361934244632721,0.0013573379255831242,0.0006492100073955953,0.00661499984562397,0.009487999603152275
1622,0.000406870815275169,6.025858648278903e-05,0.7921997308731079,0.6936113461852074,0.002911994048885078,0.0012071450311447454,0.021618331787100264,0.0016253496310969628,0.010937899351119995,0.00109760370105505,0.00033000000985339284,0.007559000048786402,0.013642000034451485
1623,0.0010813542010241566,8.60720312386567e-05,0.6622329950332642,0.6317351534962654,0.0029807490792415586,0.0017151844571286854,0.04756256706051651,0.004094402015320207,0.010893870145082474,0.0009062583558261395,0.001002209959551692,0.008836999535560608,0.03704099729657173
1624,0.0006873119764653703,5.852831252205383e-05,0.641371488571167,0.5618924126029015,0.0021879437565283915,0.00045029136364911734,0.0030757044639782203,0.0003267778833246349,0.012638869695365429,0.0030383379198610783,0.00049591000424698,0.0020179999992251396,0.0016119999345391989
1625,0.000665457548251504,6.274731637712278e-05,0.7049656510353088,0.6659020110964775,0.00344210022042693,0.0011562024757532726,0.025386064260626142,0.002005215679004293,0.010529901832342148,0.0006572706624865532,0.0004905100213363767,0.00712599977850914,0.019354000687599182
1626,0.0009607443552461898,6.783226811164805e-05,0.5543752908706665,0.5888563692569733,0.0033292634697093034,0.0012101839379863402,0.028849945471418278,0.002335347838728267,0.010408219881355762,0.0005138497799634933,0.0009398100082762539,0.0107810003682971,0.018904998898506165
1627,0.0022055399018140243,0.00015904867647341717,1.3945553302764893,0.6045778691768646,0.006746317142361608,0.0015284338845415204,0.16339641769475838,0.021939763153856998,0.011655918322503567,0.0011271322146058083,0.0024417100939899683,0.04052799940109253,0.11149699985980988
1628,0.0016677694747342646,0.00014586011377868682,1.452275037765503,0.580939769744873,0.013626722976195509,0.0013703286783069285,0.21303258174265952,0.031023965588818522,0.014517110772430897,0.0016154753975570202,0.002015710109844804,0.0668879970908165,0.08624299615621567
1629,0.0007149987249585175,5.586920549953227e-05,1.4462209939956665,0.5401996076107025,0.003553283459004456,0.000846500112790175,0.012574021299118315,0.0010220001126986598,0.011036070995032787,0.0012353044003248215,0.0006724100094288588,0.005166000220924616,0.008833000436425209
1630,0.0006356993147972196,7.927883933935616e-05,0.9071049094200134,0.7041674181818962,0.0009063394583603211,0.0013867124036252092,0.04647313773971153,0.003567639928169195,0.011224482208490372,0.0011152452789247036,0.00043270998867228627,0.009996999986469746,0.03489300236105919
1631,0.0008123671791255405,6.169654057260987e-05,1.345948338508606,0.6019422709941864,0.0016597200395633328,0.0013133400098595592,0.022146669419487244,0.0017561093552430438,0.010624143294990063,0.0007681278511881828,0.000752609979826957,0.004379000049084425,0.015505000948905945
1632,0.0011252438372474382,0.00010110389793843515,1.0989575386047363,0.6814976930618286,0.0030679943340282153,0.0017670395891207181,0.05881227101688609,0.005405510557002179,0.012561790645122528,0.0014302637428045273,0.0012480099685490131,0.011347999796271324,0.04358300194144249
1633,0.0003411535732651837,5.133770827784096e-05,0.5638388395309448,0.6063828393816948,0.0025667497913182745,0.0008332420866854002,0.012736177988646668,0.0008828236408184864,0.010635511949658394,0.0008417153730988503,0.00020496000070124865,0.004251000005751848,0.008054999634623528
1634,0.0007937926602837776,7.146306451237777e-05,0.7441891431808472,0.6549107208848,0.0029362432685437613,0.0013501719785516226,0.025138803901740375,0.0020447164034387514,0.011116779409348965,0.0011793128214776516,0.0006184100056998432,0.007637999951839447,0.016394998878240585
1635,0.0012671388636964877,6.872933683013866e-05,1.4077550172805786,0.5404252707958221,0.003047165320906583,0.001150777869750551,0.02826043928740334,0.0025304670880818576,0.01047799177467823,0.0005668592639267445,0.0013401099713519216,0.008553000167012215,0.01807600073516369
1636,0.0010604985345133847,7.670394313215128e-05,1.1396511793136597,0.6988433450460434,0.0016309476220741296,0.001597026037290002,0.0499971540344471,0.004753307463376263,0.01042832713574171,0.0005092672072350979,0.0010560100199654698,0.013755000196397305,0.029621999710798264
1637,0.0018515093575958964,0.00011823556324890808,1.3838375806808472,0.5820833444595337,6.334857231760562e-05,0.0005088615112730472,0.11707544815376095,0.013219511200186641,0.011190492659807205,0.0009299702942371368,0.0015429100021719933,0.016800999641418457,0.07833699882030487
1638,0.0049760979864699,0.00023258811127514507,1.2377395629882812,0.6048813164234161,0.014862699014417445,0.001760915639907045,0.2836606422072944,0.04909361798673638,0.013062214478850365,0.0008514560759067535,0.005667009856551886,0.07550399750471115,0.10505199432373047
1639,0.00045328177269090343,5.224977523551281e-05,0.752056360244751,0.6677433252334595,0.002501285806020111,0.0007737337006673715,0.011501141528103219,0.0008226349494334043,0.01069569867104292,0.0008902633562684059,0.00019849000091198832,0.001979999942705035,0.008801000192761421
1640,0.0006858796554114058,6.583102034642943e-05,1.0779269933700562,0.676821768283844,0.002270360577977702,0.001151037829307256,0.013199422305626216,0.0011224959501268958,0.01287829503417015,0.002585676033049822,0.0005773099837824702,0.004511999897658825,0.007767000235617161
1641,0.001036522530899845,6.762041834336305e-05,1.2527083158493042,0.580474466085434,0.004167949031918622,0.0009211857369666079,0.014392196154420805,0.001283890535714271,0.011028680019080639,0.0011819284409284592,0.0010066099930554628,0.006246000062674284,0.00839499942958355
1642,0.0006575698678066436,5.859862187175118e-05,0.8748857975006104,0.6579868197441101,0.0031753700062260534,0.0007692060624783202,0.009096268231126917,0.0007537448735546529,0.011203847825527191,0.0015147640369832516,0.0004873099969699979,0.003003000048920512,0.006473000161349773
1643,0.0007304150892620285,6.253196942860011e-05,0.9513006210327148,0.6860880106687546,0.001486985645268837,0.001313821239608496,0.023097398151837423,0.0017510779435905843,0.010479580610990524,0.0006012599915266037,0.000643210019916296,0.00673400005325675,0.015165000222623348
1644,0.0012210188650674265,8.178761589140314e-05,1.1797034740447998,0.6488785743713379,0.0019494644650769328,0.001660246378312165,0.03803043494332799,0.0034945627110587706,0.010818169452250004,0.0008660620078444481,0.0011379099451005459,0.008363000117242336,0.028637999668717384
1645,0.0010754228405050164,6.821008908087741e-05,0.914833128452301,0.6889806240797043,0.00015812753872494284,0.000685783336925385,0.036902097590692094,0.0033485895436425397,0.010240653529763222,0.00030200788751244545,0.0008794100140221417,0.00940100010484457,0.025008000433444977
1646,0.0022151235240813914,0.0001203343263184106,1.467040777206421,0.5940635204315186,0.00677291303646501,0.0014654051308483221,0.11503302658583638,0.015204733049265437,0.010395297780632973,0.00044858967885375023,0.002298709936439991,0.034446001052856445,0.053943999111652374
1647,0.004115059016952425,0.00028104166800630597,1.3320999145507812,0.687749370932579,0.01563657049542479,0.0016738263950052297,0.28971623498488835,0.05455592290455129,0.010402526706457138,0.0004391246475279331,0.004411410074681044,0.08177900314331055,0.12129899859428406
1648,0.0007537358985729317,6.130229377414043e-05,0.917029619216919,0.691528856754303,0.00330774638651811,0.0010756998035293577,0.023431371330647443,0.001912909757652825,0.010361173190176487,0.00045640021562576294,0.000718910014256835,0.0075079998932778835,0.017638999968767166
1649,0.0011504538900420059,0.00011487002571252888,0.9206274151802063,0.7019693851470947,0.004044287685374654,0.001611406509280797,0.08598835863513035,0.008709594739040032,0.012796806171536446,0.001547650434076786,0.0013860099716112018,0.019361000508069992,0.05960199981927872
1650,0.0011628293771132096,0.00012175298050379538,1.2181382179260254,0.6797734797000885,0.005719333718309301,0.001435781809948734,0.10947681091744593,0.012290203470146033,0.012522641569375992,0.0015099523589015007,0.001148910028859973,0.02447899989783764,0.0733259990811348
1651,0.0006180606897269766,5.755529779377162e-05,0.7575350999832153,0.6640275865793228,0.0013030358933775563,0.0011418394502577612,0.01757330219526569,0.0012368306081848805,0.010505838319659233,0.0006788023747503757,0.0005493100034072995,0.004085000138729811,0.013540999963879585
1652,0.0010532281290529357,7.063252755593584e-05,0.6277151107788086,0.6119395345449448,0.0016543393189975555,0.0014075058286088624,0.025794976933469896,0.002002612833948276,0.010438121855258942,0.00056412722915411,0.001008410006761551,0.00661499984562397,0.018031001091003418
1653,0.000983673066846064,0.00011113803236520545,1.4278392791748047,0.6040278077125549,0.005992916089913854,0.0013847931460307956,0.10014085734345322,0.010494950628346399,0.012589014135301113,0.0015289047732949257,0.000983310048468411,0.024596000090241432,0.0688060000538826
1654,0.001017525338274754,6.954106667858518e-05,0.9475364685058594,0.664264127612114,0.004101968175923114,0.0010309356288056867,0.019601207209945185,0.0017009611621898058,0.010609114542603493,0.0007827458903193474,0.0009434099774807692,0.007569999899715185,0.014169000089168549
1655,0.0026311869743401856,0.00014490174229029934,1.6136295795440674,0.4228305220603943,0.007503916791440001,0.0014607869287713965,0.13558999952922113,0.0145044396693138,0.012194204144179821,0.0010086391121149063,0.0028393100947141647,0.030472999438643456,0.07994599640369415
1656,0.0008597231015792481,6.981946099083035e-05,0.5255274176597595,0.5466227233409882,0.0007375231869670067,0.0011102971397871787,0.019588540636132277,0.001338582611977751,0.011033390648663044,0.0012484719045460224,0.0006723100086674094,0.003727999981492758,0.014807000756263733
1657,0.0007177551927182227,5.953066497176089e-05,1.090933918952942,0.6699942499399185,0.0036846034362893656,0.0009189340207332905,0.015017782860729544,0.0012058918470633263,0.010584003292024136,0.0007648193277418613,0.0006436100229620934,0.006951000075787306,0.008818000555038452
1658,0.0011814720665485135,7.557090191335591e-05,1.3563647270202637,0.5492305755615234,0.0039404711567111355,0.0011430742910030127,0.020357045504588955,0.0018607419329478292,0.011931239627301693,0.0015967930667102337,0.0011669100495055318,0.007720999885350466,0.013307999819517136
1659,0.0010710134662494457,7.224664450008241e-05,0.8943719863891602,0.6388574987649918,0.003956659365809873,0.001005709503245373,0.016662430020922225,0.001487452455274027,0.011002723127603531,0.0011371783912181854,0.000940710015129298,0.008218999952077866,0.009084000252187252
1660,0.001711329306277716,0.00010233348369915432,1.5850207805633545,0.4682266414165497,0.0034622477287419512,0.0015794372517540151,0.07965331790810595,0.007656969043266688,0.010687259025871754,0.0006844270974397659,0.0017921100370585918,0.01669899933040142,0.06092100217938423
1661,0.0005877178128880743,5.8206397920874465e-05,1.3990237712860107,0.6102356910705566,0.0023942800549220907,0.0011517127776106088,0.020973850188964086,0.0016284560165394247,0.010928591713309288,0.0010597235523164272,0.0005130100180394948,0.005255000200122595,0.01600399985909462
1662,0.0011308544605178937,8.444767111991027e-05,0.9326386451721191,0.6594122052192688,0.00013265724398297635,0.0007327810252491993,0.03999602273754,0.0032858667079149785,0.012568652629852295,0.001236742828041315,0.00110191002022475,0.005903000012040138,0.033730000257492065
1663,0.0010156273117337261,6.523710677960415e-05,1.2135940790176392,0.6008639633655548,0.0032747432068435003,0.0007939530675415622,0.014727788891553007,0.0012257508050010878,0.010391123592853546,0.0005047479644417763,0.0011048100423067808,0.006314000114798546,0.010215999558568
1664,0.001567859907822724,0.00011515181539400402,1.5384067296981812,0.536090224981308,0.009163198613748038,0.001360739872050216,0.11015984118195041,0.012965822234694065,0.010772010311484337,0.0007846485823392868,0.0018018099945038557,0.036125000566244125,0.06508299708366394
1665,0.0010461356294627143,6.768744029819328e-05,1.2418413162231445,0.6350996196269989,0.0034750325858093636,0.0011095367849737587,0.02567346611114793,0.0022856187094257106,0.010541277006268501,0.0006582424975931644,0.0010600100504234433,0.008473999798297882,0.016527000814676285
1666,0.0009201519654336366,7.466904235925356e-05,0.729053795337677,0.6406702846288681,0.003457258184581459,0.0012389804810752528,0.026652991699880484,0.0021994642824323066,0.011189963668584824,0.0011718892492353916,0.0007628099992871284,0.007579000201076269,0.019183000549674034
1667,0.000459081499478155,5.237670797852463e-05,1.2620387077331543,0.6419496536254883,4.104887669853606e-05,0.00023603392196713883,0.013593593510392833,0.0007289427017439622,0.01106956135481596,0.0010027717798948288,0.00020758000027853996,0.0023880000226199627,0.009173000231385231
1668,0.0020190604268324817,0.00010179560186562321,1.5573201179504395,0.49995100498199463,0.004410819938462739,0.0014455725080160695,0.08749307618101664,0.009397579196905342,0.01042239647358656,0.00047717103734612465,0.0020673100370913744,0.02211499959230423,0.04834199696779251
1669,0.001101076330091409,6.773971733634921e-05,1.552018404006958,0.5078147947788239,0.002110906948690452,0.0015018665116175525,0.03609844060372422,0.0030508167691384244,0.01038341037929058,0.00047298334538936615,0.0010981099912896752,0.009328999556601048,0.022902999073266983
1670,0.0006677538984671032,6.364870629090648e-05,0.9638720154762268,0.6989635080099106,0.001965446934838227,0.0014098995476760604,0.023507859072771625,0.0018439584240473733,0.010725622065365314,0.0008800062350928783,0.0005517100216820836,0.0061980001628398895,0.01634399965405464
1671,0.0008847921073652592,6.07819183806275e-05,1.401536226272583,0.5758943259716034,0.002852747781058921,0.001053554036929271,0.02240649795577292,0.001835077762942271,0.010441603139042854,0.0005595963448286057,0.0007064099772833288,0.00661499984562397,0.012954000383615494
1672,0.001281119032726291,8.985367566175493e-05,1.5133235454559326,0.4912596046924591,0.0013918543405586417,0.001585778341732482,0.046163124569013704,0.0036663208152796674,0.013721517287194729,0.0014207540079951286,0.001273410045541823,0.007579000201076269,0.0338749997317791
1673,0.0032105884893206278,0.0002084450359092049,1.0542547702789307,0.6864464432001114,0.012331250308369207,0.001598864388592738,0.22483821024700035,0.03854163675415635,0.012518249452114105,0.0011193198151886463,0.0035944099072366953,0.054917000234127045,0.11001600325107574
1674,0.000788404364160872,6.341405023026903e-05,1.0203468799591064,0.6286506503820419,0.002737481713848538,0.0007227097994161966,0.007286232944816166,0.0006475988860733658,0.011818572878837585,0.0021933154202997684,0.0006312099867500365,0.0029299999587237835,0.005237000063061714
1675,0.001013032967574318,6.522495864964145e-05,1.3198175430297852,0.5798883438110352,0.0030727982454184354,0.00095669901553638,0.01869436140007417,0.001574506149509887,0.010590347461402416,0.0007234201766550541,0.000975609989836812,0.0065299998968839645,0.012088999152183533
1676,0.0023295671740935987,0.0001546179148514456,0.6325633525848389,0.6081225499510765,0.00815778877826886,0.0015390166143109054,0.1349399123657295,0.017490811222001502,0.012329860590398312,0.0012866933830082417,0.0026043099351227283,0.03295699879527092,0.10398499667644501
1677,0.0005844039496181807,5.7763476864592744e-05,1.342668056488037,0.6118818819522858,0.00266075252076886,0.0010013916486992522,0.011920577159226717,0.00098748827029137,0.012302982620894909,0.00228875782340765,0.0003495799901429564,0.0025480000767856836,0.009174000471830368
1678,0.0009599567000606127,6.478737866588892e-05,1.3886274099349976,0.5854217410087585,0.000397398075415315,0.0008904248824918159,0.027566538916079113,0.002152149757189043,0.010480744764208794,0.0005746246315538883,0.000864110013935715,0.00761700002476573,0.017684001475572586
1679,0.0020518470997320654,8.850117282934518e-05,1.6405507326126099,0.3807865381240845,0.0025174172292777353,0.0017204644414241946,0.05301678583731265,0.0046188619350924776,0.01058740634471178,0.0005980306304991245,0.0020381100475788116,0.013810000382363796,0.03477200120687485
1680,0.004437621715454908,0.0002004831655633495,1.5004241466522217,0.49078577756881714,0.011156721999201844,0.001616636431949003,0.23514499798999955,0.03262918730512436,0.012768000364303589,0.0008409982547163963,0.004878010135143995,0.060283999890089035,0.09533499926328659
1681,0.0005893280763777819,5.625421678580984e-05,0.933872401714325,0.6695653796195984,0.003541015413288551,0.0007523432253179795,0.008779181489759865,0.0007341397688053657,0.011020141653716564,0.001300368458032608,0.00035849001142196357,0.0034829999785870314,0.006467000115662813
1682,0.0010224411249105357,7.269654259641574e-05,1.0397992134094238,0.6591003090143204,9.282260477672046e-05,0.0005383909847290994,0.031593364677178354,0.0025413223161623467,0.010850898921489716,0.0008009076118469238,0.0008742099744267762,0.0055740000680089,0.02497199922800064
1683,0.001273820579963863,7.644245767339758e-05,0.9391108751296997,0.6513119488954544,0.0032911456115696774,0.0011457713489970245,0.024093324738204382,0.0022033380352097943,0.010724561288952827,0.0008186101913452148,0.0011118099791929126,0.007946000434458256,0.015692999586462975
1684,0.00037076294815149255,5.290082323796937e-05,0.920939028263092,0.708719938993454,0.0026888119083851255,0.00104834563508809,0.01982693739434991,0.0014878045817146423,0.010370159521698952,0.00047018053010106087,0.0002462299889884889,0.00661499984562397,0.011622000485658646
1685,0.0007638955689360545,6.225426495121508e-05,0.42499297857284546,0.47853152826428413,0.00401606537333208,0.0010588770108174651,0.02000064434784033,0.0014788861895781574,0.01061595231294632,0.0007591200992465019,0.0006729100132361054,0.007234999909996986,0.014094000682234764
1686,0.0012936729949799492,9.391493436717452e-05,1.397410273551941,0.570563942193985,0.006427019601974872,0.0013642626788307032,0.04540264218656938,0.004336430146226672,0.012276875786483288,0.0014160438440740108,0.0013263099826872349,0.016704000532627106,0.027573999017477036
1687,0.0015209855621164837,7.780421280875857e-05,1.6317200660705566,0.42934727668762207,0.003291924421592267,0.0013906748830246024,0.05160137405947872,0.004713074266201336,0.010312273167073727,0.0003851833753287792,0.0015749100130051374,0.01858000084757805,0.028220999985933304
1688,0.002157202499965589,0.00011065565677084222,1.7929788827896118,0.2575703263282776,0.0058820908344827914,0.0013805197496125918,0.10394392026426133,0.008454623890495547,0.010456869378685951,0.0005025775171816349,0.0021712100133299828,0.02634499967098236,0.0607369989156723
1689,0.0006399610405014889,5.833753012001141e-05,0.87136310338974,0.6818160563707352,0.003121703704513824,0.0010013222914314025,0.0200533790057397,0.0015386579234096202,0.010386195033788681,0.0005026641301810741,0.0005651100073009729,0.006895000115036964,0.012942000292241573
1690,0.001194611355865315,6.868700635852623e-05,0.6600353717803955,0.5587148070335388,0.005477030751861952,0.0009414634143995741,0.016516781720158767,0.0014619786254020037,0.010434458032250404,0.0005498207174241543,0.0011518100509420037,0.012090999633073807,0.009296000003814697
1691,0.001796561036510265,9.320725981243067e-05,1.1815869808197021,0.5877653658390045,4.129669521588358e-05,0.0002876970728502536,0.06115556202396074,0.006092022102880651,0.011527011170983315,0.0009320182725787163,0.0018725099507719278,0.014252999797463417,0.04080500081181526
1692,0.0008370417786642593,6.194798646056099e-05,1.1352237462997437,0.6445582658052444,0.0029310896011979335,0.00091274372165251,0.01638016512401371,0.001312091249485483,0.010583720169961452,0.0007356586866080761,0.0007684099837206304,0.006051999982446432,0.009944000281393528
1693,0.0012597174121238566,8.912329697105537e-05,1.3262625932693481,0.584930807352066,0.0023502768474298334,0.0017698884717962965,0.03519136166577306,0.003135913311230823,0.011807253584265709,0.001365862786769867,0.0013398099690675735,0.009171999990940094,0.022897999733686447
1694,0.0021663429733155388,0.00010056743513968294,1.602473258972168,0.450372576713562,0.00614225627058712,0.0013865200382310507,0.08053749377217793,0.008468463298103246,0.010489454492926598,0.000523317139595747,0.002388410037383437,0.023243999108672142,0.0435509979724884
1695,0.0009236785507857868,6.530742577889957e-05,0.9356232285499573,0.626427635550499,0.004029501411667059,0.000803693012724908,0.01038403169251357,0.0009298801716163714,0.010915471240878105,0.0011995802633464336,0.0008406100096181035,0.005166000220924616,0.007594000082463026
1696,0.00027448343497473186,4.9218259054965984e-05,1.201282262802124,0.6869180053472519,0.003128796392259833,0.0009160882424807493,0.013261610364541734,0.0009921827275435023,0.01098194532096386,0.0012346538715064526,0.00017241999739781022,0.006314000114798546,0.007792999967932701
1697,0.0012914229117606676,6.548286814879543e-05,1.5091911554336548,0.4727175831794739,0.00242458866815118,0.0010210367576967718,0.02358037600522625,0.0019282199654962699,0.010441400110721588,0.0005462863482534885,0.0013204100541770458,0.007511999923735857,0.015866000205278397
1698,0.0017137624188001406,8.379818687614515e-05,0.9775196313858032,0.6942647844552994,0.00507426109938261,0.0013632553242305361,0.054682519976038645,0.006781042556626503,0.01029445044696331,0.0003530229441821575,0.0016856100410223007,0.025112999603152275,0.022696999832987785
1699,0.0010582449403482306,6.763926637372427e-05,0.5129361748695374,0.5500183887779713,0.003687642890003684,0.0010999698725766578,0.02739675958799982,0.0022429945597698345,0.010336067527532578,0.0004236889071762562,0.0009672099840827286,0.0081599997356534,0.021074000746011734
1700,0.0005777864960990403,6.514803771182602e-05,0.838225245475769,0.7033168449997902,0.002464447550280774,0.0014422633670892902,0.032907472428866276,0.0026403772161364726,0.010447564534842968,0.0005629695951938629,0.00028577999910339713,0.013810000382363796,0.013294999487698078
1701,0.0012587813898544671,7.026732355333413e-05,1.5359890460968018,0.5157977938652039,0.005720222349175689,0.0011672538910094039,0.03835189654800392,0.003796856152124318,0.010265203192830086,0.0003302530385553837,0.0012413100339472294,0.02115900069475174,0.014810999855399132
1702,0.0028848947693657047,0.00011578510632695872,1.5455461740493774,0.5028946995735168,0.010483717813579908,0.0014037337205813844,0.09839838951075135,0.012730566087606428,0.010342278517782688,0.0003912542015314102,0.003083009971305728,0.03717700019478798,0.03377699851989746
1703,0.0007849989740133023,6.218181340777301e-05,0.8791800737380981,0.6599750369787216,0.0036100620571248424,0.0008333983630360103,0.011498243819558449,0.0009418006975990796,0.010786180384457111,0.0010260073468089104,0.0006540099857375026,0.005818000063300133,0.00587099976837635
1704,0.0008301107678109872,7.591534616800357e-05,0.9783146977424622,0.6854151487350464,0.002623182385406303,0.0015792917163022714,0.024541004761588967,0.00206560472129628,0.011841771192848682,0.001655852422118187,0.0007959100184962153,0.006310999859124422,0.01893400028347969
1705,0.0004306467554982237,5.94357818829867e-05,0.8257756233215332,0.6989632695913315,0.0007373778476497016,0.00106043558949798,0.024358782021463916,0.00163907149105833,0.010655764490365982,0.0007798336446285248,0.00020470000163186342,0.00661499984562397,0.015668001025915146
1706,0.0013077513384448086,0.00012059735179526443,1.3941482305526733,0.5992565453052521,0.008160521093450166,0.0013606828203154048,0.11530764904060642,0.012978408330686877,0.013633822090923786,0.0015782378613948822,0.0013939100317656994,0.0332150012254715,0.07595500349998474
1707,0.0018148283467669727,0.00013909456783259549,0.8319934606552124,0.7014853581786156,0.010212392492416109,0.0014336827801168179,0.1329508388972378,0.019110587595607686,0.010954281315207481,0.0009250817820429802,0.0017378099728375673,0.04911699891090393,0.061065997928380966
1708,0.0007774188034967105,6.268545780713128e-05,1.288823127746582,0.6223775744438171,6.381336016064604e-05,0.0003999467201338608,0.02749542789821214,0.0019443718182738882,0.010646634735167027,0.0006781704723834991,0.0005735100130550563,0.005140000022947788,0.018284998834133148
1709,0.0017732530430476336,9.676840968396146e-05,1.317681908607483,0.6272678375244141,0.0037277100729345186,0.001548041890468881,0.07173831254195269,0.008065206634037925,0.01055651530623436,0.0006028912030160427,0.0017814099555835128,0.021126000210642815,0.038210999220609665
1710,0.0003820271182874782,5.202628449890755e-05,0.9046041965484619,0.7026741951704025,0.0022394225221153232,0.0010570946664444254,0.018008292697794352,0.0013440382138245107,0.010410014539957047,0.0005439408123493195,0.00027627000235952437,0.0065299998968839645,0.011670999228954315
1711,0.0007755661996296333,7.167872382568221e-05,1.0199708938598633,0.7021826058626175,0.002182166729084295,0.0015846069357488375,0.03130961372035654,0.0025516308243898837,0.010823532938957214,0.000914351548999548,0.0007988099823705852,0.007381000090390444,0.021324001252651215
1712,0.001908967062989381,0.00011344129276695601,1.7033779621124268,0.347281813621521,0.004398181172983234,0.0014630474840540706,0.08544802276923215,0.0070696311146320676,0.012295305728912354,0.0010736235417425632,0.0020022098906338215,0.017191000282764435,0.058639999479055405
1713,0.0015561959663001608,0.00013443004467942113,0.7101655006408691,0.6552499607205391,0.004151566363957898,0.0016628574293049648,0.10841217281367169,0.012341020148026821,0.012001629918813705,0.0013585914857685566,0.0016258100513368845,0.030567999929189682,0.07046899944543839
1714,0.0007760351136656677,6.740048949456458e-05,0.9272431135177612,0.6769673675298691,4.804616681476262e-05,0.0002761353031887353,0.03225963743078308,0.002313273532451912,0.010722234845161438,0.000729614868760109,0.000531709985807538,0.003751999931409955,0.02655799873173237
1715,0.00107966661111322,7.130464917656483e-05,0.779468834400177,0.6232858300209045,0.0009893384255408198,0.001073352321377788,0.017896349947649066,0.0013454355991361251,0.010604308918118477,0.0008372603915631771,0.0009838100522756577,0.006310999859124422,0.01053600013256073
1716,0.0007229193532394179,6.21578808639551e-05,0.7995551824569702,0.6745745539665222,0.0039031771826579806,0.0010077153695750509,0.02033950180154765,0.0016277700422016785,0.010485134087502956,0.000611351802945137,0.0006765099824406207,0.007290999870747328,0.015008999966084957
1717,0.004211107461652929,0.0001830813810036985,1.6416823863983154,0.39592844247817993,0.01543049167412723,0.0015258146867237728,0.4014755698258959,0.050351425884779255,0.016786888241767883,0.001058545894920826,0.005020710173994303,0.0685420036315918,0.14574100077152252
1718,0.002501083960593426,0.00022639864181255606,1.0843632221221924,0.7188700437545776,0.013951752493537719,0.0015636383865651575,0.3014830004330711,0.053940001893664685,0.01107780635356903,0.0009827888570725918,0.002780510112643242,0.09076499938964844,0.1563969999551773
1719,0.0005725151574725884,5.732598120941927e-05,0.45437076687812805,0.5218492411077023,0.001467089000398697,0.001148660330673083,0.017089775163994875,0.001190211369002209,0.01056990958750248,0.0007667415775358677,0.00037044999771751463,0.0034630000591278076,0.012117000296711922
1720,0.001531639590953996,0.00011718420551512325,1.3935530185699463,0.6023115813732147,0.006887646818128114,0.0014010730032585506,0.09763813908750336,0.01114455717431588,0.011345327831804752,0.0011063222773373127,0.0014848100254312158,0.027536999434232712,0.048781998455524445
1721,0.0006393531854182522,6.567913855401545e-05,0.5050979852676392,0.5831198208034039,0.002437439268394343,0.0013884050057266365,0.029058211207242793,0.002205231951125028,0.010456790216267109,0.0005814325995743275,0.0005763099761679769,0.005628999788314104,0.021927999332547188
1722,0.0010329279615787592,7.726983447870162e-05,0.8929579257965088,0.6673717796802521,0.002286561225404612,0.0014166729412307154,0.021080141410432542,0.0017692960262259989,0.011411159299314022,0.0014865533448755741,0.0009232099982909858,0.006310999859124422,0.01370100025087595
1723,0.000613632110060238,6.450019659763498e-05,0.9764126539230347,0.6924915611743927,0.0006178608729319923,0.0010601765573622522,0.026229527039436634,0.001850755079594894,0.010856136679649353,0.0009314548224210739,0.0003884999896399677,0.007381000090390444,0.016341999173164368
1724,0.000992630891057031,7.497757719152217e-05,1.5613021850585938,0.49048617482185364,0.0034136021246693334,0.0014056866646719828,0.0435471169608305,0.0036755658584528804,0.010770987719297409,0.0008027916774153709,0.0009455099934712052,0.0137339998036623,0.025831999257206917
1725,0.0007911988135975187,6.508955369966077e-05,0.6386271715164185,0.5967819318175316,0.002662704728362948,0.000939832749159138,0.013683977421760762,0.0010521052088310109,0.011120680719614029,0.0013360371813178062,0.0007010099943727255,0.006845000199973583,0.007102999836206436
1726,0.0005718975792938422,5.983736433376425e-05,0.7569301128387451,0.680485375225544,0.0015224408090923267,0.0013380793113029915,0.02537663802443682,0.001917937740313999,0.010320562869310379,0.0004222714342176914,0.00035600000410340726,0.007381000090390444,0.016753999516367912
1727,0.001156833368620847,7.12620833181164e-05,1.3896212577819824,0.53392294049263,0.0038196127034739705,0.0011154476626156382,0.024098391108751043,0.002107862446632072,0.011006616055965424,0.0010500084608793259,0.0011295099975541234,0.008511999621987343,0.015924999490380287
1728,0.00035721711810249003,4.937474343281827e-05,1.1844744682312012,0.6860061138868332,0.003383814503577171,0.0008656709187309757,0.012889382588065457,0.0009758089320917093,0.010838417336344719,0.0010370505042374134,0.00021220000053290278,0.00406600022688508,0.009171999990940094
1729,0.0009421584656403605,6.690065923748014e-05,0.9063026309013367,0.6029602587223053,0.005064495616470309,0.0007983358661345641,0.007026596486338781,0.0007387081078720987,0.01217931043356657,0.002503426745533943,0.0009170100092887878,0.005532999988645315,0.004773000255227089
1730,0.0005684481868092061,6.346138594938428e-05,1.0107306241989136,0.6954585462808609,0.0020371327330637335,0.0013385469283926999,0.015909226677445206,0.0012932896510761032,0.011804197914898396,0.0020312638953328133,0.0004918099730275571,0.006006000097841024,0.01002500019967556
1731,0.0021789406036127603,0.00011574324950974963,0.9088740944862366,0.6883445978164673,0.0019692789193163046,0.001917652435201735,0.09763122476535696,0.01244621550660438,0.010547664947807789,0.0005845869891345501,0.0020944098941981792,0.023242000490427017,0.07023200392723083
1732,0.0011362347893799406,7.18771673948582e-05,0.8860312700271606,0.685567319393158,0.00019920016938022772,0.0007776319468077417,0.03899323185394762,0.0035300255384471853,0.01038826908916235,0.0004523675888776779,0.000975609989836812,0.0078039998188614845,0.029506999999284744
1733,0.0010087869106318451,6.570629887137303e-05,1.4243650436401367,0.5444183647632599,0.00274080044800809,0.0010273092471475087,0.020347855655235267,0.001660042478070188,0.010756555944681168,0.0008777715265750885,0.0010106100235134363,0.006647000089287758,0.014334999956190586
1734,0.0011595387811068226,7.142056221590002e-05,1.5043364763259888,0.5480836033821106,0.005293233194828219,0.0012247932890429706,0.04409430246386603,0.0042914480333910154,0.01030004397034645,0.0003756275400519371,0.0012430100468918681,0.020157000049948692,0.019892999902367592
1735,0.0006116739769508783,9.128307371094685e-05,1.0202322006225586,0.7095553427934647,0.008360259408445108,0.0013107110703650298,0.07233608047326602,0.007203335896082741,0.011134013533592224,0.0011402848176658154,0.000580810010433197,0.02459299936890602,0.0459899976849556
1736,0.002094738423033928,0.00012789097812896787,0.7191901206970215,0.668394610285759,0.0040629896008088666,0.0017271417226364448,0.11169606840144512,0.01438139184636536,0.010682854801416397,0.0007094303146004677,0.0021096100099384785,0.025817999616265297,0.08070900291204453
1737,0.0006876780742223934,6.623257074167202e-05,0.9670267701148987,0.7011150270700455,0.0015625530885504493,0.0014746329066641722,0.030226155990192963,0.002388231871588424,0.010600166395306587,0.0007311413064599037,0.0006722100079059601,0.006738999858498573,0.023093998432159424
1738,0.0006331074619569964,5.803998099606158e-05,1.158193826675415,0.6635860800743103,0.004305245457422182,0.0009597701321311209,0.016068357269235046,0.0013186121349820301,0.010740676894783974,0.0009037749841809273,0.0005062100244686007,0.007466000039130449,0.009889000095427036
1739,0.001064103172385998,8.051573762126308e-05,1.2852306365966797,0.6524957716464996,0.002711440763667689,0.0015867743831345445,0.04399502107944094,0.004065963196191402,0.010799077339470387,0.0008098278194665909,0.0009464100003242493,0.010119999758899212,0.03216199949383736
1740,0.002674705040118282,0.00016363461221552194,1.1851483583450317,0.6682572662830353,0.015986200143497872,0.0015145357589253505,0.3931112230933918,0.06579287211467444,0.01744120754301548,0.001448734663426876,0.003321110038086772,0.07080300152301788,0.2036379873752594
1741,0.0005353463355712992,5.992836464360261e-05,1.2169504165649414,0.6632800400257111,0.0021317548459858938,0.0012432585710809216,0.01823604008563973,0.0014404104917305535,0.011269036680459976,0.001473654992878437,0.0003667999990284443,0.0046190000139176846,0.012322000227868557
1742,0.0019482030896322917,0.000108632882727076,1.338951826095581,0.6440008282661438,0.0073159894627563725,0.0014086361253030236,0.09842442994803582,0.012894910830300275,0.01049557514488697,0.0005561984144151211,0.0018951100064441562,0.03763499855995178,0.04410799965262413
1743,0.0010359673071876178,6.718863535806215e-05,0.931179404258728,0.6566144078969955,0.00300393944410734,0.0009565180477388296,0.020006508492669467,0.0017177619194288837,0.01040656492114067,0.0005171587690711021,0.0009290099842473865,0.007234999909996986,0.011553000658750534
1744,0.0006662218757118868,6.394787794999267e-05,0.817467451095581,0.6737829223275185,0.001436062677134966,0.001341422614875705,0.02055429990548892,0.0015229544467080074,0.010859732516109943,0.0010775625705718994,0.0005279100150801241,0.00661499984562397,0.012246999889612198
1745,0.0006896701113356944,6.169319815735194e-05,0.5272551774978638,0.5699388906359673,0.0053780421161027285,0.0010458802287053848,0.01927697254595913,0.0015360428120844843,0.01057739183306694,0.0007210569456219673,0.0007058099727146327,0.00737700005993247,0.014572999440133572
1746,0.0009936749875924633,7.1153393473762e-05,0.8045473098754883,0.6766520738601685,0.005635416481034613,0.0011805057424260261,0.032285504199448437,0.003045372952100091,0.010464966297149658,0.0005661076866090298,0.0009967100340873003,0.013292999938130379,0.018851999193429947
1747,0.0014888259610828626,8.429620759423052e-05,0.6917852759361267,0.6220273077487946,0.005542987465143598,0.0013541597703310452,0.045406505741462044,0.0046615745772615215,0.010658134706318378,0.0007096873596310616,0.0015365099534392357,0.01648700051009655,0.029798001050949097
1748,0.0004361271782421315,5.8214115516348205e-05,1.2201765775680542,0.6814896613359451,0.0020893864230579523,0.0013006220184632244,0.017341517751223015,0.0013513459809147595,0.01155398041009903,0.0016853772103786469,0.00035335999564267695,0.005140000022947788,0.010966000147163868
1749,0.0002807809219206342,6.243794316393969e-05,0.792858898639679,0.690486490726471,0.0007379950286174438,0.0012292802816603336,0.02602499236032981,0.0017447524641206833,0.011019284836947918,0.0011558583937585354,0.00021410999761428684,0.00673400005325675,0.01749499887228012
1750,0.0005794058093632528,6.904102423640785e-05,0.9578219056129456,0.705893024802208,0.003648198630281933,0.0012649299878111841,0.02485103584454326,0.001939915718454097,0.0116812102496624,0.0015233135782182217,0.0005849099834449589,0.007946000434458256,0.019044999033212662
1751,0.0015796607021455167,8.563746287795857e-05,1.117323875427246,0.6198672205209732,0.00012720532752772732,0.0006940190005042654,0.04768684709164759,0.004648668776960831,0.011154488660395145,0.0008651320822536945,0.0015047099441289902,0.009213999845087528,0.029952000826597214
1752,0.0009154555427804894,5.895265375774014e-05,1.606308937072754,0.4281601905822754,0.0034504985655518725,0.0009381636380081145,0.016780858547078743,0.0013184770679558052,0.011077597737312317,0.0011778920888900757,0.0008379099890589714,0.005923999939113855,0.010507999919354916
1753,0.0008033024530441035,7.503981531317174e-05,0.7969558238983154,0.6831267774105072,0.00234045794748607,0.0016830881824644371,0.036242083904224356,0.002988624720855017,0.010752500966191292,0.0008466248400509357,0.0007656100206077099,0.01145000010728836,0.022931000217795372
1754,0.0008451620041535835,6.277815543826896e-05,1.0268012285232544,0.6542777568101883,0.0022600577639782784,0.0008213666580747333,0.014374003724985268,0.0010804872889986607,0.010486125946044922,0.0006177020259201527,0.0008804100216366351,0.006314000114798546,0.009266000241041183
1755,0.0009556298296669939,8.524659847056052e-05,0.8762999176979065,0.6695740073919296,0.0024898626158831854,0.0017120743279454304,0.03337514758937348,0.0028071781174349563,0.011936863884329796,0.0015033548697829247,0.0007897099712863564,0.00786499958485365,0.02319199964404106
1756,0.000991648861903986,9.417293111705304e-05,0.7950115203857422,0.6840784400701523,0.0028269167479102212,0.0018406655285472542,0.05245126987764144,0.004629563723514234,0.011386694386601448,0.001184320542961359,0.000985609949566424,0.011838000267744064,0.0385110005736351
1757,0.002997570784669573,0.00017338470820549637,1.4389855861663818,0.5571448504924774,0.009512107057915218,0.0015530901966657983,0.23787597514901374,0.03327127106643099,0.013927741907536983,0.0011392096057534218,0.003262910060584545,0.053442999720573425,0.11233200132846832
1758,0.00048711458160320616,5.8954267666288987e-05,0.5708405375480652,0.587214469909668,0.0016148901881661481,0.0011848235739778008,0.011565222225936598,0.0009492202407130066,0.011838972568511963,0.0024272026494145393,0.0002070500049740076,0.0020179999992251396,0.008143000304698944
1759,0.000492395582411135,5.7321193881313255e-05,1.2240737676620483,0.6593428701162338,0.003638745737847266,0.0010459604328249407,0.015381357694391235,0.0012217135926312402,0.011679220013320446,0.001704817172139883,0.0003625499957706779,0.0042860000394284725,0.012870999984443188
1760,0.0007797405686669875,6.029296256679058e-05,1.2069039344787598,0.6690423786640167,0.0034313442177581087,0.0010379385745867917,0.024085376784156436,0.0020333685742039316,0.010290173813700676,0.0003738449886441231,0.0007312099914997816,0.008255000226199627,0.016327999532222748
1761,0.0005854430637657554,7.865432107152939e-05,0.7806671261787415,0.6834883540868759,0.0001407461572668691,0.0007819586588545646,0.03860348646893716,0.0025311341612634063,0.011806517839431763,0.0013396497815847397,0.00035693999961949885,0.005818000063300133,0.03156200051307678
1762,0.000478718460706245,5.885182653054329e-05,1.0222070217132568,0.6976093500852585,0.005961218951623377,0.0011034755077955582,0.02135565196706669,0.0017609379427966105,0.010834908112883568,0.0009890678338706493,0.00024672001018188894,0.0078039998188614845,0.016690999269485474
1763,0.000894500369794305,6.384650281544949e-05,0.7338595986366272,0.6217818334698677,0.0040429824012439535,0.000897626632007221,0.01617762028358275,0.0013423038061143961,0.01040078978985548,0.0005261562764644623,0.0008140099816955626,0.009336000308394432,0.007523000240325928
1764,0.001072685175196529,8.002935187728947e-05,0.9599215984344482,0.6740529835224152,0.003109974610924444,0.0013931797297751665,0.03224035715092963,0.002847424541559559,0.011027284897863865,0.0010426086373627186,0.001115510007366538,0.009332000277936459,0.023159001022577286
1765,0.0005900062590836168,5.575852320442037e-05,0.8970038890838623,0.6776379644870758,0.002513498140483211,0.0007658318908448594,0.011206021990263652,0.0008243586242891263,0.01054854691028595,0.0007342109456658363,0.0005510100163519382,0.003386999946087599,0.008673000149428844
1766,0.0007334431534800872,8.19397899987183e-05,0.9573338031768799,0.6898137629032135,0.000971147367319998,0.0014297881280952059,0.03778392800647452,0.002730876423654053,0.013909506611526012,0.0017670365050435066,0.0007072099833749235,0.007234999909996986,0.02961299940943718
1767,0.0010071014366195878,6.851594347537118e-05,1.2849602699279785,0.5962134897708893,0.0034093189849096657,0.0010131506212137172,0.017704545551067645,0.0015364115492855612,0.011164274998009205,0.0012706154957413673,0.0009001099970191717,0.0055740000680089,0.012948999181389809
1768,0.0009204035616192165,6.275353410467246e-05,1.1792341470718384,0.6183919906616211,0.005111917447665438,0.0009017575021086468,0.01515745865782496,0.0013385905051090117,0.010448373854160309,0.0005664816126227379,0.0008583100279793143,0.00737700005993247,0.01003200002014637
1769,0.0009253569880866647,8.223530910099193e-05,1.3242347240447998,0.6257479786872864,0.0005210877204993937,0.001224823267465845,0.04913275120247295,0.0037972682914826222,0.01482496876269579,0.0015050498768687248,0.0008759099873714149,0.008293000049889088,0.03749299794435501
1770,0.0009412480720651339,9.731727196544217e-05,0.8271828293800354,0.6895932555198669,0.0034177048917097106,0.001628465777461536,0.05099367510247804,0.00436681236956165,0.012548200786113739,0.001545875333249569,0.0009421100257895887,0.013113999739289284,0.03837599977850914
1771,0.0005978185219324296,6.916982792751967e-05,1.252152919769287,0.6739520579576492,0.003610997610819554,0.0013461452977164157,0.03933889605085262,0.0032913188808805748,0.010648639872670174,0.0007469975389540195,0.0004084100073669106,0.015734000131487846,0.020036999136209488
1772,0.005562505977011331,0.00015979633528860528,1.893750548362732,0.13092964887619019,0.012595248278073574,0.0014057136170067194,0.3721927245453613,0.025936163290265074,0.017528224736452103,0.0007930081337690353,0.0059590102173388,0.07982999831438065,0.09891500324010849
1773,0.0068719124470652,0.0003092516006427677,1.6681441068649292,0.38224297761917114,0.021760901480223326,0.0017509586916274762,0.4746808751140403,0.0664865988070896,0.0121607119217515,0.0007456401363015175,0.007857509888708591,0.10181000083684921,0.18804699182510376
1774,0.0006207446140602063,6.250430722507861e-05,1.35509192943573,0.6079878211021423,2.9562377919267175e-05,0.00018248199087337162,0.025487514510516947,0.0015577085287994744,0.011192657053470612,0.00098439771682024,0.00036766999983228743,0.005903000012040138,0.016304001212120056
1775,0.0005578613086829656,6.86730029390533e-05,0.47886037826538086,0.5774801336228848,0.003179954472718872,0.0013960194577585456,0.03943628582609373,0.003198082030526607,0.01025179773569107,0.00033258600160479546,0.0005956100067123771,0.012768000364303589,0.026027001440525055
1776,0.0009042079279657961,7.660195222289427e-05,1.2018799781799316,0.679380014538765,0.004606297807336604,0.0012825601186890138,0.04247890872626013,0.0039715377347330424,0.010832911357283592,0.0008664359338581562,0.0008320100023411214,0.015157000161707401,0.022890999913215637
1777,0.0007641262532323669,6.813725551550075e-05,0.8969197273254395,0.6741336286067963,0.00014567992068953181,0.0006718705890934277,0.030440922100989233,0.0021815371894468756,0.010647852905094624,0.0007019680924713612,0.0006721100071445107,0.007381000090390444,0.021717000752687454
1778,0.0008473101556887365,7.675392296552957e-05,0.9426887631416321,0.7245357781648636,0.004433740172706748,0.0013276295054322402,0.0529941469001266,0.0052066584373957545,0.010301350615918636,0.00037393299862742424,0.0009282099781557918,0.01697699911892414,0.03274000063538551
1779,0.0017289938384074425,0.0001010803110979879,1.3265777826309204,0.61928990483284,0.004577429277564413,0.00147410384913016,0.07662509787331152,0.008588537623958246,0.010788991115987301,0.0007547913119196892,0.0017255099955946207,0.021128999069333076,0.046553999185562134
1780,0.0022492595628235707,0.00014012426093732637,1.5488206148147583,0.47695988416671753,0.006651982199876353,0.001451098735055578,0.1234311973814179,0.013392893134487938,0.012067766860127449,0.0011152960360050201,0.002255809959024191,0.030567999929189682,0.0661970004439354
1781,0.0005775099702655293,7.694395079816275e-05,0.9479948282241821,0.7092180699110031,0.003139234710292092,0.001551363366943837,0.03603516008084637,0.0028973190149060024,0.011500287801027298,0.0013674786314368248,0.0005628099897876382,0.006310999859124422,0.027636999264359474
1782,0.0004936793564503729,8.146036314241135e-05,0.9614787101745605,0.7117219716310501,0.003172514167315575,0.0015925855831409861,0.049225963280422044,0.00403821500197234,0.011357363313436508,0.001252682413905859,0.00042301000212319195,0.008646000176668167,0.043320998549461365
1783,0.0007889143880637188,6.580240177822582e-05,0.6945067048072815,0.6496217399835587,8.797423273253959e-05,0.0004689468708341368,0.03373333227477566,0.0023899778081652202,0.01051412895321846,0.0005785566754639149,0.0006276100175455213,0.009309000335633755,0.02266000024974346
1784,0.0014931297132280584,8.238901643414418e-05,1.0454448461532593,0.65116947889328,0.002298204566863223,0.0015718081273200847,0.038126919134031066,0.0038049658902425017,0.010580797679722309,0.0006624134257435799,0.0014283099444583058,0.011377999559044838,0.023384999483823776
1785,0.0009853777524514462,8.514859525085377e-05,0.7824088335037231,0.6820521131157875,0.004867713408215542,0.0013577698857747446,0.05041771904161566,0.004685831387487609,0.010899302549660206,0.0009080665186047554,0.0009230099967680871,0.018384000286459923,0.032774001359939575
1786,0.001564476621356663,0.00013859595509748974,1.0563490390777588,0.7012262642383575,0.006895039196175944,0.001457655880185477,0.13454627523587245,0.01740622356964089,0.01145223993808031,0.0011972165666520596,0.0018370100297033787,0.022938000038266182,0.08526299893856049
1787,0.0007503286535444596,6.183206361094144e-05,1.1185988187789917,0.6849332600831985,0.002319704896740929,0.0011419563059224408,0.021901405339795097,0.0017468492566185788,0.01057191751897335,0.0007049418054521084,0.000662109989207238,0.007569999899715185,0.01400499977171421
1788,0.0011177265116932265,0.0001383453696527921,1.3157225847244263,0.6606007516384125,0.004408776709900124,0.0015492683610859586,0.16386654402426507,0.02075628956994867,0.012756315991282463,0.0016221031546592712,0.0010160099482163787,0.03199699893593788,0.09821099787950516
1789,0.0006173563603080855,7.03297860617567e-05,0.9613227844238281,0.6980652958154678,0.00011347705000735337,0.0006144359440440247,0.0319022630873819,0.0021242063835002958,0.011363811790943146,0.0011286674998700619,0.0004397100128699094,0.004025000147521496,0.025123000144958496
1790,0.0009434508627581529,8.086800124639621e-05,1.0198949575424194,0.6587043851613998,0.002894196825431895,0.0014888843246913686,0.02064351148128435,0.001767879978731398,0.01333700306713581,0.0022627627477049828,0.0009050099761225283,0.005140000022947788,0.01593099907040596
1791,0.0011156244274497802,8.426348752941582e-05,1.065355896949768,0.6508520394563675,0.00011499777809597252,0.0007084165250479096,0.042938248874191,0.003501660926174769,0.01269870437681675,0.0012426595203578472,0.00099070998840034,0.00786499958485365,0.030595999211072922
1792,0.001983365975789048,9.936522930103218e-05,1.006324052810669,0.6964159458875656,0.003842843182498551,0.0016397559834282504,0.07803902080547404,0.009975526218385378,0.010361387394368649,0.00042680976912379265,0.0018083100439980626,0.027387000620365143,0.04038500040769577
1793,0.0006906620366156257,5.694993978363447e-05,0.5743789076805115,0.5553007572889328,0.005905172722652124,0.0007868683016327279,0.009403328797186729,0.0008445929783728531,0.01061155553907156,0.0008026198484003544,0.0006567100062966347,0.007579000201076269,0.005716999992728233
1794,0.0008074146485964506,7.199115400384162e-05,1.272699236869812,0.651069849729538,0.003393359508412522,0.001286482912110283,0.024674461132245456,0.0020883936454137563,0.011649536900222301,0.0014792741276323795,0.000676909985486418,0.00824700016528368,0.016033999621868134
1795,0.002802636331853285,0.00015137075738576354,1.5852270126342773,0.49202871322631836,0.01078143817380849,0.0014558620259057884,0.15488563609440506,0.02021400974875598,0.010544993914663792,0.0005661696195602417,0.0029980100225657225,0.044721998274326324,0.06250499933958054
1796,0.0009025524913110365,6.446576911345325e-05,0.6914897561073303,0.6121232286095619,0.0033893082945059575,0.000836730248476485,0.013081160967837206,0.0010288290142066248,0.010568981990218163,0.0007437891326844692,0.0009920099982991815,0.007325999904423952,0.00951400026679039
1797,0.0003927696367176542,6.545877429834997e-05,0.7022300958633423,0.6835130825638771,0.0015237083913038074,0.0015137667376308387,0.03847801924533144,0.0029068925732286983,0.010400823317468166,0.0005116956308484077,0.00032053000177256763,0.012613999657332897,0.023465000092983246
1798,0.0013272010775433021,0.00011238210440541385,0.8080283999443054,0.6923638731241226,0.004433299635066521,0.0015549435677647213,0.09259423910392205,0.010011253059774898,0.011160588823258877,0.0010358784347772598,0.0012727100402116776,0.018283000215888023,0.058688998222351074
1799,0.0005490222301515643,8.196306604034813e-05,0.9758310317993164,0.7212008535861969,0.0024578864709310887,0.001791928349355537,0.057005353320522825,0.004844047962614055,0.010798315517604351,0.0008752811700105667,0.00033275000168941915,0.015405000187456608,0.03545000031590462
1800,0.0011989837979130087,7.095558740033404e-05,0.9879194498062134,0.6168610602617264,0.0033889492062841695,0.000950184149720496,0.01878498547077058,0.0016453743793024452,0.010543796233832836,0.0006692539900541306,0.0011786100221797824,0.006845000199973583,0.012547999620437622
1801,0.0012009646910086694,7.972660160088978e-05,1.2976242303848267,0.6023238301277161,0.004659680936905799,0.0012804824708859599,0.034733751723810435,0.0032748871124656277,0.011221152730286121,0.0010750722140073776,0.0012745100539177656,0.011106000281870365,0.024856001138687134
1802,0.00114266463670854,0.00010195367091495348,0.6462273001670837,0.647114485502243,0.0008973520832074298,0.00147582308278138,0.0831120330761218,0.007876766942055302,0.010884610936045647,0.0008904850110411644,0.0011575099779292941,0.011572999879717827,0.06683699786663055
1803,0.0009937475426411808,7.433145836495419e-05,0.8895687460899353,0.6505236923694611,4.9511594953958116e-05,0.0003505428734028453,0.04813674931800809,0.0035717179038630732,0.016870498657226562,0.0012816796079277992,0.0009841100545600057,0.00673400005325675,0.04065300151705742
1804,0.0007161033417161502,7.046026094831845e-05,1.1769108772277832,0.6709692031145096,0.0034889524087563435,0.001269734873817705,0.02378312200037726,0.0019561458107650587,0.011783658526837826,0.0015763039700686932,0.0006644100067205727,0.007637999951839447,0.016033999621868134
1805,0.0008781239694573879,7.099346011429865e-05,1.3864623308181763,0.5948826372623444,0.0023637312602013626,0.0014429265870914499,0.02912540030081424,0.0024042604178347114,0.01097184605896473,0.001023526769131422,0.0008533099899068475,0.007381000090390444,0.018919000402092934
1806,0.000993383184326226,6.585963847476745e-05,0.6760632395744324,0.5290796086192131,0.003994863473620165,0.0006665493250279906,0.006083652915321606,0.0005788598406790968,0.011480278335511684,0.0019262870773673058,0.0009371099877171218,0.005166000220924616,0.0040799998678267
1807,0.0007652265261192466,6.400700928057158e-05,1.0648061037063599,0.7016573846340179,0.0022489471810248785,0.0013006191290152013,0.02492114205288958,0.0020281692904264813,0.010521380230784416,0.0006545409560203552,0.0007286099717020988,0.006895000115036964,0.01674499921500683
1808,0.0006427086640009657,6.272098390037263e-05,1.391835331916809,0.6037003397941589,0.002993939493170571,0.001192991950937404,0.02120886088843177,0.0016848557348717041,0.011326548643410206,0.001339504960924387,0.0006204100209288299,0.007215000223368406,0.014522000215947628
1809,0.0007633103629124891,8.249795880667203e-05,1.1989589929580688,0.689907118678093,0.000819448692585889,0.0013220800300074952,0.052361018798375715,0.004349372480450496,0.011166940443217754,0.0010510976426303387,0.0006309099844656885,0.013534000143408775,0.02934899926185608
1810,0.0003705712620064815,5.1284079244554135e-05,1.1548446416854858,0.69254569709301,0.0020978064811280734,0.001008488749699106,0.015351895126331146,0.0011490003820909993,0.01068972609937191,0.0008882167749106884,0.00020593000226654112,0.004170000087469816,0.009588999673724174
1811,0.0007048076698277757,7.788786864854682e-05,1.1413123607635498,0.6900629103183746,0.0024346415634789293,0.0017468916593565164,0.039047309947130945,0.0031894265685889177,0.011360378935933113,0.0012201019562780857,0.0006476099952124059,0.006835999898612499,0.030889999121427536
1812,0.0007810313844689426,6.701287562747458e-05,0.9125474691390991,0.682029977440834,8.767328495230986e-05,0.0005329768442300652,0.028540534231105346,0.0020797732769876898,0.010744867846369743,0.0007772915996611118,0.0006527099758386612,0.007569999899715185,0.020433999598026276
1813,0.0012182395604583233,7.476478541602579e-05,0.7963370084762573,0.5910591781139374,0.0029144473706213835,0.0009692651990828569,0.015488720913837248,0.0013775533883845746,0.01106081623584032,0.001204182393848896,0.0011887099826708436,0.008255000226199627,0.009049000218510628
1814,0.0007652261060260182,6.118943914405311e-05,0.9243348836898804,0.6756130903959274,0.002820158476275941,0.0009176596097601508,0.01682124791232389,0.001312562768462069,0.010462597943842411,0.0006021992303431034,0.0007250100024975836,0.005818000063300133,0.01075700018554926
1815,0.0009719591448443855,7.204339473302875e-05,0.724693775177002,0.653118796646595,0.0020444441301745836,0.0016305027848893567,0.03124034417258115,0.0025581870895255952,0.010504314675927162,0.0006180456839501858,0.0007372099789790809,0.0078050000593066216,0.020323000848293304
1816,0.001759659190670308,8.76941548923544e-05,1.307776927947998,0.6000874638557434,0.00395473967478151,0.0014245298145017233,0.05285200195414698,0.005684711650436491,0.010576292872428894,0.0006219213828444481,0.001870510051958263,0.01842300035059452,0.02979400008916855
1817,0.0024287090981620096,9.979898015055242e-05,1.6690263748168945,0.3892021179199219,0.00551442681906629,0.0013705575283404184,0.08347874356453637,0.008244910894268001,0.010342402383685112,0.00039167096838355064,0.0024943100288510323,0.021389000117778778,0.042344000190496445
1818,0.0009185767603243673,6.237723097930737e-05,1.3660390377044678,0.5359634459018707,0.0061276897995357,0.0008220851928595284,0.008285864405057528,0.0008521141189695713,0.011675836518406868,0.0019208216108381748,0.000865010020788759,0.006845000199973583,0.0042570000514388084
1819,0.0007701549002466229,6.395945070861235e-05,0.9853025078773499,0.6853168904781342,0.0034825896395787185,0.001105045316555048,0.024912339765029712,0.0020558224199860187,0.01046364102512598,0.0005847299471497536,0.0006797100068069994,0.00786499958485365,0.01751299947500229
1820,0.0004536078732240877,5.2022680449059685e-05,1.0889716148376465,0.6934085488319397,4.070973689766001e-05,0.000250330720916773,0.014396767617127949,0.0007823217219040763,0.010741211473941803,0.0007914085872471333,0.00025271999766118824,0.0031840000301599503,0.009430000558495522
1821,0.0008815407747481283,8.135841301168482e-05,1.3974707126617432,0.6134893894195557,0.0032538267728191668,0.0014769088216504437,0.049898427307124564,0.004461081966654436,0.010959136299788952,0.000925455242395401,0.0009156099986284971,0.01057399995625019,0.03802400082349777
1822,0.0007895712371436426,6.413700939625604e-05,0.5997246503829956,0.5879174172878265,0.002644563398751631,0.000966925024865209,0.01459536528268634,0.0011250278831393297,0.010932264849543571,0.0011632833629846573,0.0006903099711053073,0.005907000042498112,0.00899800006300211
1823,0.0008569439243523208,8.784247258840133e-05,1.3386629819869995,0.6305437088012695,0.002826021432964995,0.0017627748111967109,0.049887156281744255,0.004269078418069797,0.011755181476473808,0.0013084923848509789,0.0006483100005425513,0.015258999541401863,0.0254100002348423
1824,0.00040488817268070936,4.821283955835923e-05,1.2486070394515991,0.6514254063367844,0.00279518410213779,0.0006756147308581936,0.005739933240552635,0.0005230489801618583,0.014605383388698101,0.0033450722694396973,0.00031180999940261245,0.001979999942705035,0.003886000020429492
1825,0.0006777584690340989,6.0817899944205593e-05,1.1337908506393433,0.6814054101705551,0.004063509339671772,0.0010129522554951154,0.017553117017154573,0.0014396209713942783,0.01087111420929432,0.0010204124264419079,0.0006309099844656885,0.00661499984562397,0.011799000203609467
1826,0.0009333322407671315,6.445742784881234e-05,1.1016342639923096,0.6492506414651871,0.0031189971535215627,0.0009754038829575598,0.019937685880275988,0.0017085362058657638,0.010482070967555046,0.0006058039143681526,0.0007818100275471807,0.007466000039130449,0.011216999962925911
1827,0.0009699719732908604,8.387783391181525e-05,0.8401155471801758,0.6732694432139397,0.0005723284944001774,0.0012422874976844227,0.030325739792685436,0.0023840305064928725,0.011869698762893677,0.0014636041596531868,0.0006154099828563631,0.004689000081270933,0.022046001628041267
1828,0.0005897365111622127,5.5382375279746114e-05,0.5374779105186462,0.5664940476417542,0.002649284538401424,0.0008074127412987276,0.014094703935757274,0.0009905474701416839,0.010438879020512104,0.0005825296975672245,0.0004866099916398525,0.006335000041872263,0.008907999843358994
1829,0.0010530974639148625,8.027262122364028e-05,0.9869089722633362,0.672217845916748,0.0022897568740933233,0.0014939660891779313,0.024507050632543447,0.0021071026670920565,0.01138682197779417,0.001380021683871746,0.0009764099959284067,0.007234999909996986,0.015456999652087688
1830,0.000939161267630002,6.504399092452585e-05,1.2789990901947021,0.6144460439682007,0.004594450650470637,0.0010380515704219652,0.019824738832393423,0.0017387274065889437,0.010736828669905663,0.0008563948795199394,0.0009083100012503564,0.0061980001628398895,0.014698999933898449
1831,0.00230582248853375,0.0001865068563227754,1.3854458332061768,0.6104253530502319,0.01286991000461123,0.0014926338399658696,0.38317367113627576,0.06324786015585906,0.015765348449349403,0.0015890682116150856,0.002494809916242957,0.06899700313806534,0.14834699034690857
1832,0.0006797993917099484,5.955198465603794e-05,0.9868345260620117,0.6725078970193863,0.006333240305786612,0.0009426532931380775,0.013278573490958227,0.0011907874944589178,0.010776619426906109,0.000980631448328495,0.0005296100280247629,0.00698000006377697,0.00866399984806776
1833,0.000709669431873317,8.342587256998158e-05,0.7894133925437927,0.6706994026899338,0.0011563692202512677,0.0015327082489253031,0.03450329034209273,0.002516274557749422,0.012702694162726402,0.0017208135686814785,0.0005922099808230996,0.007381000090390444,0.026712000370025635
1834,0.0010682799881432839,6.221844599294142e-05,1.6189717054367065,0.406269907951355,0.003509401127246726,0.0009623620559712695,0.017775112765459067,0.0013846436862591377,0.010975300334393978,0.0010764766484498978,0.0012221100041642785,0.009158999659121037,0.009402000345289707
1835,0.0015963998904176848,0.00011092865142498627,1.305313229560852,0.6598059833049774,0.00588434197902156,0.001438479859267209,0.09863026728211452,0.012024535500551409,0.010737495496869087,0.000749106053262949,0.0015286100097000599,0.027758000418543816,0.05350600183010101
1836,0.004628241394182752,0.00029847674077425595,1.0652217864990234,0.6925701797008514,0.021361696444243766,0.001868262976263635,0.45510686876535195,0.09761146487294978,0.012734934687614441,0.0010843225754797459,0.005262109916657209,0.11650999635457993,0.20766399800777435
1837,0.0009117270809716196,7.123295490338728e-05,1.0538344383239746,0.704679474234581,0.002443397082504464,0.001490693260030329,0.03544843161130787,0.003076341189082746,0.010408511385321617,0.000509271863847971,0.00080261001130566,0.006647000089287758,0.02894599922001362
1838,0.0011490009224439167,6.951197628502978e-05,0.9220985174179077,0.6416366100311279,0.0007861940396804979,0.001005856949280651,0.0246404846821325,0.0020002517677770327,0.010330960154533386,0.0004282514564692974,0.0011786100221797824,0.007085000164806843,0.01703299954533577
1839,0.00044990271126921097,8.802239809316807e-05,1.1276953220367432,0.7105016559362411,0.0028723487630020073,0.001692196761964092,0.05580248723888039,0.004647381616140849,0.01198372058570385,0.0015578297898173332,0.00043961001210846007,0.010979999788105488,0.043442003428936005
1840,0.0009345632759503479,7.893430204594448e-05,0.722162663936615,0.671061560511589,0.00219299434523742,0.001744020772664884,0.04154553088962964,0.0035745643553779932,0.010622910223901272,0.0007055345922708511,0.00079521001316607,0.01750200055539608,0.023183001205325127
1841,0.0025145166819006224,0.0001510414414871541,1.3211417198181152,0.6178618669509888,0.003598589567582367,0.001962584349713345,0.13381719783928178,0.01697617912397386,0.011498666368424892,0.0009893104434013367,0.00253331009298563,0.029888000339269638,0.07483799755573273
1842,0.0014323864986931526,8.444688172095987e-05,0.3315523862838745,0.3919079266488552,0.0019135995194111293,0.0017331894100549975,0.042164916381393615,0.003127451900505167,0.010649035684764385,0.0007160338573157787,0.0014889100566506386,0.014635000377893448,0.027475999668240547
1843,0.0036221238740869405,0.00015245042398686487,1.6098194122314453,0.3999292850494385,0.009160241213417632,0.0015144099248142946,0.28766765568379116,0.031998154601215995,0.016553275287151337,0.0010621435940265656,0.003973709885030985,0.05406799912452698,0.11542099714279175
1844,0.0006198245204277818,7.034074896863625e-05,0.8115960955619812,0.6861921176314354,0.00014274700442331857,0.0007569872641018277,0.02900296497163288,0.0018994280269103454,0.01162692904472351,0.001287002582103014,0.000428210012614727,0.0055740000680089,0.021161999553442
1845,0.0008089431026056155,6.78543691358424e-05,0.9648929238319397,0.6782370954751968,0.002997779783613701,0.0011640511158141045,0.021464956274243465,0.0017606052028271823,0.011025611311197281,0.0011391150765120983,0.0007371099782176316,0.006845000199973583,0.014814000576734543
1846,0.0011599691772256266,7.328992810384468e-05,1.2946441173553467,0.6129387617111206,0.003960484150039634,0.0011821141522418046,0.029059567188600196,0.0027101821672641645,0.010765552520751953,0.0008171801455318928,0.001147410017438233,0.011525999754667282,0.01836399920284748
1847,0.0011472310638531867,9.645861969092662e-05,0.7897376418113708,0.656222514808178,0.0016780268967672679,0.001733454379797688,0.04547897709153225,0.0038414520727775674,0.01198988500982523,0.0013673859648406506,0.0010433100396767259,0.012792999856173992,0.03169599920511246
1848,0.0006143008265951529,5.846360676791182e-05,0.7740116119384766,0.6553416475653648,0.0033961139673006828,0.0008941202086583152,0.012147574856243666,0.0009675198335480717,0.011111249215900898,0.0013716835528612137,0.00040237000212073326,0.003932000137865543,0.007890000008046627
1849,0.0009315738743761155,6.24204932999239e-05,1.6115611791610718,0.44913309812545776,0.00017789912300924745,0.0006970949373942991,0.03405595510800183,0.002450794540870032,0.010437630116939545,0.0004932582378387451,0.0007662100251764059,0.007348999846726656,0.02236500009894371
1850,0.0010964943524277967,7.707058978546064e-05,1.0031750202178955,0.709050178527832,0.0037894741509959654,0.001377338388619484,0.048608478412037345,0.004954793307310128,0.010302326641976833,0.00038120150566101074,0.0010390100069344044,0.01807199977338314,0.031780000776052475
1851,0.0009722088948108382,8.769761236997355e-05,0.9099663496017456,0.7271880507469177,0.004004463206890955,0.0014670350003594314,0.07017799287035353,0.007303920072239664,0.010373094119131565,0.0004487554542720318,0.0010092100128531456,0.021268999204039574,0.047449998557567596
1852,0.001251108018178247,0.00012304434942054534,1.0078870058059692,0.719584196805954,0.0046050386564529065,0.0015298513414909406,0.12443324601621615,0.015124622134070419,0.011119870468974113,0.0010640057735145092,0.0014113100478425622,0.032517001032829285,0.07626999914646149
1853,0.0016944572218014682,8.427098322776505e-05,0.3611399829387665,0.4413085877895355,0.005881532218971166,0.0013480709026854041,0.053982673089278926,0.004846860507570008,0.0102821234613657,0.00035167252644896507,0.0018892099615186453,0.02472900040447712,0.03045700117945671
1854,0.0025109866748705073,0.00015485407789059356,1.582973599433899,0.457322895526886,0.005807069497935641,0.0015206607596128532,0.16572392352516221,0.018931738888705474,0.01250318344682455,0.001103674527257681,0.002535609994083643,0.04062600061297417,0.0718189999461174
1855,0.0009467938251686117,0.00017461278119593242,1.143439531326294,0.711064949631691,0.013455661646565994,0.0013876263381624489,0.3138624695123328,0.06190042563404985,0.013541602529585361,0.002269893418997526,0.0009321100078523159,0.07462800294160843,0.13732199370861053
1856,0.005157084542985716,0.00033093888516066896,1.2354681491851807,0.6649840772151947,0.02504291383727274,0.001954109593551528,0.6232630156529797,0.13627130327359682,0.013196583837270737,0.0011350931599736214,0.005823309998959303,0.13242000341415405,0.2360059916973114
1857,0.0009109861134701325,6.243538719047728e-05,0.567811131477356,0.5401633977890015,0.004343442455666208,0.0007965395185155415,0.011646351276703994,0.0009284528203335569,0.010576804168522358,0.0007480611093342304,0.0008771099965088069,0.006051999982446432,0.008661000058054924
1858,0.0010043050012008136,8.655241217743519e-05,1.220196008682251,0.6540318727493286,0.00015903712218214277,0.0008343324355581077,0.05344870922196713,0.00454169786934068,0.011975483037531376,0.0012002033181488514,0.000956110015977174,0.008425000123679638,0.03672900050878525
1859,0.0012405740271819337,9.553132523498439e-05,1.598351240158081,0.45428964495658875,0.001544396647107559,0.0016230151063119662,0.059602634335624814,0.005008996967168167,0.011373410932719707,0.0010637142695486546,0.0009789100149646401,0.010979999788105488,0.039590999484062195
1860,0.00348857701803302,0.00018529070718200768,1.6331124305725098,0.4484039545059204,0.01099969803588792,0.0015171864393573936,0.19296729896981082,0.02481951650014272,0.010585291311144829,0.0005551772192120552,0.003642010036855936,0.060283999890089035,0.07260200381278992
1861,0.0007912339968582162,6.263960595483315e-05,0.9147763252258301,0.6393887251615524,0.0030206067907287003,0.0007051931455501227,0.009004783114944697,0.0007434222647714544,0.010935849510133266,0.0012198351323604584,0.0007202100241556764,0.0042860000394284725,0.006059000268578529
1862,0.0007371851856423992,8.456174390263847e-05,0.8997381329536438,0.6883196830749512,6.468213402133863e-05,0.00047539465126131156,0.056853588416274733,0.004294606192001622,0.013963344506919384,0.0014520175755023956,0.0005638099974021316,0.0053889998234808445,0.05017800256609917
1863,0.0005173056990341596,6.39941899364275e-05,0.9984685182571411,0.7074015736579895,0.001723240950077524,0.0015377782358462688,0.02983482249341741,0.002361524729993821,0.010686559602618217,0.0008093137294054031,0.0002816100022755563,0.00661499984562397,0.020323999226093292
1864,0.001367929060107304,7.381846669544674e-05,0.44352465867996216,0.4869828224182129,0.001955106225718829,0.0014342882324574467,0.03096951270622469,0.002418749583172534,0.010370776057243347,0.00046675698831677437,0.0013664100551977754,0.010452999733388424,0.020415998995304108
1865,0.0006295535658244273,5.766181378505451e-05,0.8416232466697693,0.6272915005683899,0.0027504984322833845,0.0004857055709990854,0.0031873999786853923,0.00035505095129736313,0.014325940050184727,0.0035551078617572784,0.000503910006955266,0.0023880000226199627,0.0017610000213608146
1866,0.0008811561204853048,6.953985634077826e-05,1.3372342586517334,0.6195606589317322,0.0004829241216919303,0.0010429548646425774,0.038733657893114025,0.0031566442104919747,0.010565126314759254,0.0006441273726522923,0.0006126100197434425,0.006314000114798546,0.027024000883102417
1867,0.0008135650518096946,7.771780172381162e-05,1.3365589380264282,0.6127875745296478,0.0028212703087054105,0.001625727156875728,0.03064004381376531,0.0025303119441664173,0.011936670169234276,0.001561908982694149,0.0007748099742457271,0.007381000090390444,0.02303599938750267
1868,0.0009756285830520274,9.104566145595256e-05,1.0058757066726685,0.6863288730382919,0.0006332753570202574,0.001292148179586302,0.05806824030235383,0.004869850877244383,0.013707670383155346,0.0014612795785069466,0.0008941100095398724,0.01145000010728836,0.048590999096632004
1869,0.005926370011270848,0.00024309474401197542,1.4762436151504517,0.502157986164093,0.01811367008908354,0.00183874322259173,0.6931315432977656,0.10810163063183137,0.017375340685248375,0.0009316913783550262,0.00695810979232192,0.09187500178813934,0.28572899103164673
1870,0.0006051897786471271,5.717927661670407e-05,0.9164215922355652,0.6785582154989243,0.0031346693683241256,0.0008536963307916321,0.013486788958384881,0.0010260417323819018,0.010602787137031555,0.000783007126301527,0.0005072099738754332,0.007234999909996986,0.007030999753624201
1871,0.0009505101784983343,6.678636145364202e-05,1.330467939376831,0.6114290654659271,0.0009977681494911358,0.0011827283847534382,0.027551152490201583,0.0022081035356394055,0.010520282201468945,0.0006301403045654297,0.0008810100262053311,0.007946000434458256,0.01654900051653385
1872,0.00160581279442274,0.00011737018615620644,1.0049636363983154,0.6734550148248672,0.004120371283847612,0.0016399668050650516,0.1204889666988671,0.01336274715643563,0.01556653343141079,0.0014787628315389156,0.0016524100210517645,0.015652000904083252,0.11667899787425995
1873,0.0018948996767336726,0.00015254275632525923,0.6345676779747009,0.6463228911161423,0.008532780882990285,0.0014791682303391305,0.14946223072196468,0.020636696928170814,0.011226130649447441,0.0010733949020504951,0.0019442100310698152,0.04911699891090393,0.08209699392318726
1874,0.0007096164491131904,6.314827636769881e-05,0.6117554903030396,0.594514325261116,0.004320611863154941,0.000996126880154205,0.013316128147435357,0.0010980124194598633,0.011452724225819111,0.0016537504270672798,0.0006112100090831518,0.006310999859124422,0.007805999834090471
1875,0.0006690021788304036,5.6621499494636325e-05,0.4494798183441162,0.5008327923715115,0.0015589167851257574,0.0007965782956658937,0.012775939907821322,0.0008376449182533338,0.010538929142057896,0.0007359981536865234,0.0005772099830210209,0.00482999999076128,0.007136000320315361
1876,0.0006860491164501387,6.024676868473974e-05,1.320394515991211,0.6079708933830261,0.0030617638370152417,0.0009996454496400847,0.015228997259305684,0.0012453356590317183,0.011545957997441292,0.0015573031269013882,0.0005127100157551467,0.005255000200122595,0.009843999519944191
1877,0.0007264070777146618,7.067095523630336e-05,1.2259364128112793,0.6662163734436035,0.003034256746214514,0.001413553922241289,0.033460179388809054,0.002780617710126429,0.010917462408542633,0.0009651826694607735,0.0006410100031644106,0.006951000075787306,0.028617000207304955
1878,0.0008569782674725728,6.441220935473084e-05,1.370022177696228,0.6246906220912933,0.0005472110871841691,0.0010231625572017173,0.03237664568198077,0.0026234047051038704,0.01043649297207594,0.0005198069848120213,0.0006403099978342652,0.007805999834090471,0.01966799981892109
1879,0.001216596788134432,8.187905022850601e-05,0.8477768898010254,0.6831532344222069,0.0017960452890422585,0.0016768523632068309,0.04432640127390363,0.004056846188133702,0.010581105016171932,0.0006435299292206764,0.0011814100435003638,0.007290999870747328,0.03441299870610237
1880,0.0006952639868992159,6.304327091967129e-05,1.3749011754989624,0.6050388216972351,0.0025857253753723327,0.0011985605836394944,0.022475241089189326,0.0017569560929351618,0.010918449610471725,0.0010343575850129128,0.0005718100001104176,0.008603000082075596,0.013136000372469425
1881,0.0016088570501375749,8.947006476783587e-05,1.3693480491638184,0.5942191481590271,0.005378301936442048,0.0013518524174723364,0.06096377475685564,0.0066436341262400694,0.01061036717146635,0.0006442051380872726,0.0017166100442409515,0.019934000447392464,0.032457999885082245
1882,0.001093291235504037,7.177173373620806e-05,0.8547879457473755,0.6243943423032761,0.002926092761247731,0.0009172892521759454,0.014955079066362105,0.0012590172532614434,0.010812366381287575,0.0009962930344045162,0.001120810047723353,0.005752999801188707,0.011598000302910805
1883,0.0006271540750216603,5.781526496163815e-05,0.8155503869056702,0.6786699965596199,0.0038711315909466886,0.0009416136402009472,0.017408391997525596,0.001342671776240069,0.010477429255843163,0.0006067361682653427,0.0004865099908784032,0.00661499984562397,0.01157000008970499
1884,0.0009600151984136749,0.00010977555842474497,1.2550773620605469,0.6732797622680664,0.005169704155459886,0.0014411710746034994,0.08974346021090386,0.009265229557279799,0.0122141744941473,0.0014813491143286228,0.0009240100043825805,0.020157000049948692,0.060527000576257706
1885,0.0006974652085055853,8.742495318438196e-05,0.8000680208206177,0.6908577680587769,0.0014032321798826345,0.0016232378366189191,0.05163316794945616,0.004146581648117761,0.011529410257935524,0.0012942282482981682,0.0005720100016333163,0.006845000199973583,0.037321001291275024
1886,0.0015636128417955914,9.93122884546992e-05,0.2818976044654846,0.36610528640449047,0.000304210252943793,0.0010789091301385612,0.08266232480753641,0.006312514466632953,0.010513645596802235,0.0005666748620569706,0.0014386100228875875,0.015819000080227852,0.052776999771595
1887,0.0028965365629807045,0.0001844014930664833,1.3433645963668823,0.6203635931015015,0.009897931265324409,0.0015551841598644752,0.19736741351270376,0.030074240491977156,0.011515405960381031,0.0010019950568675995,0.0029036100022494793,0.05140699818730354,0.09862799942493439
1888,0.001500113418787914,8.690667102390645e-05,1.1088286638259888,0.7181548625230789,0.005708580624118418,0.0013647291494230974,0.0655983779534024,0.008210968421859602,0.010230648331344128,0.0002909936010837555,0.0015293100150302052,0.0252470001578331,0.028181999921798706
1889,0.0004890166697188008,5.2660353159437784e-05,1.1145998239517212,0.6700439006090164,0.003469584596655103,0.0007639317945451426,0.008033086270150562,0.0006953924303991325,0.011556386947631836,0.001910526305437088,0.00036502000875771046,0.0034829999785870314,0.006075999699532986
1890,0.0007466871305474387,5.752833879825296e-05,1.4643830060958862,0.5381917953491211,0.00358550563449798,0.0009247221615993253,0.016734625737179865,0.0013258199869641309,0.010746480897068977,0.0008829161524772644,0.0007979099755175412,0.006845999974757433,0.012188000604510307
1891,0.0010403294817375624,7.09323798127597e-05,0.8730138540267944,0.7004957646131516,0.005381113522651061,0.0012020730334124925,0.03595241580365487,0.0036224109922510447,0.010307383723556995,0.00038323504850268364,0.0011036100331693888,0.013755000196397305,0.023124001920223236
1892,0.0008212649886110926,6.398914623021107e-05,0.9373134970664978,0.6806758493185043,0.0016956101583541845,0.00114478254090983,0.019240127252723165,0.0014805311818350594,0.010587998665869236,0.0007596965879201889,0.0006682099774479866,0.0061980001628398895,0.012117999605834484
1893,0.0005895578265820127,5.876864399591449e-05,0.9165819883346558,0.6850621253252029,0.0012155299740466354,0.0010400915219686206,0.012340169093078402,0.0009020573991170696,0.010955960489809513,0.0013834829442203045,0.0004955100012011826,0.0030849999748170376,0.009107000194489956
1894,0.0008626183098125716,6.527339753954346e-05,1.134035587310791,0.6249868720769882,0.0036967986270623,0.0008940270547284424,0.011715739144321804,0.001038855644437748,0.011526554822921753,0.0016988515853881836,0.0008893099729903042,0.005140000022947788,0.008444000035524368
1895,0.0009476570366167688,7.412929830507122e-05,1.3620606660842896,0.5912257432937622,8.34970997295267e-05,0.0005533838247538509,0.03193759896729583,0.0023801761623074846,0.012013270519673824,0.0011779260821640491,0.0007689099875278771,0.007234999909996986,0.018827999010682106
1896,0.0014946920527373765,7.171980506868493e-05,1.2892788648605347,0.5806704759597778,0.00580531638484065,0.001065974156784217,0.026580297141594596,0.0028094851050068197,0.010285967960953712,0.00036837393417954445,0.0015785100404173136,0.010184000246226788,0.019266000017523766
1897,0.0018778252573509377,0.00010503618771323978,1.6258631944656372,0.38825511932373047,0.0011041779837648279,0.0015194863269674952,0.06600663427151947,0.005317369589983169,0.01252271793782711,0.0010579419322311878,0.0019756099209189415,0.015417000278830528,0.04205700010061264
1898,0.0014040405046101,8.692882510995411e-05,1.2212227582931519,0.6283872127532959,0.004278951896794129,0.0013923964073112376,0.04113646204210896,0.004087421392777301,0.011211064644157887,0.0010350816883146763,0.0014173099771142006,0.014334999956190586,0.024077000096440315
1899,0.000834051074177559,7.489668710163451e-05,0.9721904397010803,0.7035718709230423,0.005439867381310097,0.0012883878732527086,0.044387729510328586,0.004142052411617095,0.010561726987361908,0.00066338200122118,0.0007877100142650306,0.017454000189900398,0.025272998958826065
1900,0.0049378425219039745,0.0002626167939915958,1.3608492612838745,0.5949682593345642,0.015978768523854367,0.001764627696760954,0.28974733056649,0.05161951107366064,0.011633489280939102,0.0008140364661812782,0.0050254100933671,0.08476600050926208,0.10076399892568588
1901,0.0005338023902667636,5.503858286821849e-05,0.7074506282806396,0.6570552289485931,0.0022879851495802763,0.0009390557150988395,0.016344544676196157,0.001184115878285174,0.010427647270262241,0.0005615749396383762,0.0003748800081666559,0.0050119999796152115,0.010489000007510185
1902,0.0012305569537175822,6.540679683945505e-05,1.4336929321289062,0.5285622775554657,0.0024623797880852414,0.0009999972189485803,0.02242530746372149,0.0018785268322196198,0.010352899320423603,0.00045622093603014946,0.001092709950171411,0.00661499984562397,0.014073999598622322
1903,0.001028553342825954,6.742296742328366e-05,1.2876057624816895,0.6252872347831726,0.0020182414691777375,0.0013072372851573423,0.025978521997172162,0.002226739708273867,0.01054958812892437,0.0006680185906589031,0.0010209099855273962,0.007381000090390444,0.01741800084710121
1904,0.0004655571935538262,5.7741568287799456e-05,0.8042867183685303,0.6914074495434761,0.0033034237788521804,0.001114647822802344,0.023782162371684127,0.0018058790500678264,0.010412177070975304,0.000528853852301836,0.0003457000129856169,0.008243000134825706,0.014442000538110733
1905,0.0010409310440148976,8.414888037625994e-05,0.6727822422981262,0.6215449050068855,0.0019073517570674396,0.0017385879827198183,0.03451519718171639,0.0028078839870930815,0.011182757094502449,0.001154131256043911,0.0009396100067533553,0.00901500042527914,0.022721998393535614
1906,0.002244282673556656,0.00011985800604924143,1.2124284505844116,0.6958181858062744,0.005354642000106728,0.0015457773137259989,0.11296183170965522,0.016003246096701257,0.010397559031844139,0.0004536616615951061,0.0024047100450843573,0.030594000592827797,0.06008099764585495
1907,0.0005895950480710277,5.740129259961094e-05,0.8783798217773438,0.6680010408163071,0.002064558549804856,0.0007678116659203391,0.008412818893479477,0.0007014427395956868,0.011585943400859833,0.0020023463293910027,0.0004619100072886795,0.0025480000767856836,0.0060189999639987946
1908,0.0010352907462111152,7.069937948024694e-05,0.8481384515762329,0.6722753122448921,0.0028174736142936798,0.0012352513779298707,0.02575772528233104,0.002220186941694055,0.010547511279582977,0.0006646937690675259,0.0008600099827162921,0.005923999939113855,0.02164199948310852
1909,0.0017089409272688203,7.611843326249166e-05,1.5771301984786987,0.4789719581604004,0.005454247824704165,0.0012614508449316146,0.05217727268863504,0.0054148166214329704,0.01023092120885849,0.00029247161000967026,0.0018694100435823202,0.017155999317765236,0.030919000506401062
1910,0.0010901244057992142,6.615011477808532e-05,1.1714097261428833,0.6055928468704224,0.005864753324795919,0.0009075678811801702,0.015340765947251924,0.0014654938166118953,0.010386616922914982,0.0005145273171365261,0.0011651100357994437,0.007234999909996986,0.010912000201642513
1911,0.0009089354639524547,7.597653208035347e-05,1.0766606330871582,0.6698886603116989,0.00036471012693524706,0.0010718667130531032,0.027859089096250556,0.0022283694744457006,0.011325770989060402,0.001265448983758688,0.0008285099756903946,0.006895000115036964,0.018094999715685844
1912,0.0007425241979512115,6.468634134181809e-05,1.1717150211334229,0.6754429042339325,0.002850254076211067,0.0011721714449076952,0.02418548585621534,0.0019913615640569215,0.010760107077658176,0.0008733179420232773,0.0004957100027240813,0.00786499958485365,0.015149999409914017
1913,0.001289400404516782,7.260798081863706e-05,0.8528531193733215,0.6561377346515656,0.005513488434402884,0.0011582379455974366,0.02849667362922761,0.0029039443334853265,0.010385003872215748,0.0004795161075890064,0.0013543099630624056,0.012524000369012356,0.017851000651717186
1914,0.001023271622908839,7.823230698332539e-05,1.2401838302612305,0.6342032253742218,5.865252388183225e-05,0.0004076327380160454,0.0441552610970032,0.0036056972821081473,0.011225386522710323,0.0009685312397778034,0.0010843100026249886,0.006384999956935644,0.03315600007772446
1915,0.0006229273631874321,6.079035224332947e-05,1.2040841579437256,0.6688059270381927,0.0005027039567477659,0.0009273788839930257,0.023366886299396688,0.0016671961332494316,0.010710552334785461,0.0008264956995844841,0.00036403999547474086,0.003918999806046486,0.01582000032067299
1916,0.00044060764532040603,5.408965959839915e-05,0.940201461315155,0.7055525332689285,0.00206599846897411,0.0009787884912359672,0.015053717991907415,0.0011075180643463382,0.010740559548139572,0.0009506549686193466,0.0002844200062099844,0.004000999964773655,0.01131999958306551
1917,0.0008009122884496039,6.143371070291162e-05,1.180025577545166,0.6670915633440018,0.0008172625941572408,0.0010209368246892087,0.02312904370094596,0.0017797705941301704,0.010397136211395264,0.0005210442468523979,0.0007880100165493786,0.005752999801188707,0.01610100083053112
1918,0.0005746078027422534,5.674128631959311e-05,0.7224857807159424,0.6421454846858978,0.0036285065148730197,0.0009049551869828505,0.01499891905342011,0.0011323706654265487,0.010541043244302273,0.0007020141929388046,0.00041320998570881784,0.006845000199973583,0.009639999829232693
1919,0.0008539646169326528,8.571331246111998e-05,0.45356541872024536,0.5133554860949516,0.001771418012167647,0.0017705343156640381,0.029422401445878973,0.0021133617659807487,0.011955399066209793,0.0018003005534410477,0.0006039100117050111,0.00661499984562397,0.0205020010471344
1920,0.00192874045735641,0.00011557992246418109,1.2781002521514893,0.6065329909324646,0.0005139950749780523,0.001250186765359487,0.0913283520772956,0.009935540428263577,0.011623764410614967,0.0010189232416450977,0.0018548100488260388,0.016956999897956848,0.061139002442359924
1921,0.000561998448936914,5.581049170670763e-05,0.6308268904685974,0.6219113916158676,0.004065254185359407,0.0008845249713990259,0.015752017909182785,0.0011792874025248028,0.010448956862092018,0.0005816272459924221,0.0005576100083999336,0.007805999834090471,0.00980400014668703
1922,0.0006217302377816334,6.193168472368318e-05,0.8925411105155945,0.6974232867360115,0.003963799052227488,0.001084171551982804,0.022189988337336618,0.0017534286351730266,0.010673966258764267,0.0008072028867900372,0.0006240099901333451,0.009336000308394432,0.013633999973535538
1923,0.0015753609134714977,6.501506642304564e-05,1.549030065536499,0.39403480291366577,0.006199970616765764,0.0007845776741769003,0.014078858307488857,0.0012732337696701136,0.010407115332782269,0.0005257735028862953,0.0016229100292548537,0.010770999826490879,0.006577000021934509
1924,0.003245303097462502,0.00017591659142727773,1.5578978061676025,0.47976842522621155,0.009610313192193597,0.0015331269510472098,0.22349047517891882,0.028776990948889025,0.01329157967120409,0.0010080430656671524,0.0036302099470049143,0.03951999917626381,0.11075100302696228
1925,0.0007926648036153892,0.00011298515813156938,0.9239893555641174,0.7412389442324638,0.007658888797187715,0.0013657477889532444,0.12249782788796028,0.015208821976930818,0.01039934903383255,0.000501023605465889,0.0006795100052841008,0.05406799912452698,0.04022800177335739
1926,0.003639468939181753,0.00016948719650446446,1.145063877105713,0.6284845322370529,0.01274318579477503,0.0016532801304670764,0.34609317430996644,0.05379823221591651,0.017107345163822174,0.0012035062536597252,0.00409020995721221,0.0668879970908165,0.16328300535678864
1927,0.0006313418767661646,6.174004680521277e-05,0.7272428274154663,0.6575012356042862,0.002106335631730214,0.0011989589783870784,0.021947991436094744,0.0016712261117434873,0.010554310865700245,0.0006938357837498188,0.0005229099770076573,0.006006000097841024,0.014908000826835632
1928,0.0008745523525511712,6.420334285346392e-05,1.1052932739257812,0.6529299467802048,0.0030534767443098987,0.0009479312822077142,0.016541826623198936,0.0013566780646036072,0.010676909238100052,0.0008217296563088894,0.0007085099932737648,0.006436000112444162,0.00963599979877472
1929,0.0011757342295372745,6.635925791049699e-05,1.6509443521499634,0.3840876817703247,0.004867964608336494,0.001072842221301167,0.022647594098917596,0.001850053949011261,0.011035555973649025,0.0010670693591237068,0.0012656099861487746,0.008205000311136246,0.015122000128030777
1930,0.0012205182433179518,9.11843692929131e-05,1.140787959098816,0.7066369354724884,0.0036169773959579326,0.0015374188406506262,0.07649358767368174,0.008360667802162623,0.010410825721919537,0.0004857350140810013,0.0011310100089758635,0.021090000867843628,0.04191400110721588
1931,0.0007419036365548436,8.592294677296552e-05,1.2419182062149048,0.6773779690265656,0.004621581651819522,0.0013769884117168503,0.05542343911372152,0.004970567031116421,0.011392775923013687,0.0012026727199554443,0.0006670100265182555,0.013794000260531902,0.04227899760007858
1932,0.0009911067932262263,5.991399428044523e-05,1.4779435396194458,0.5318015217781067,0.0024600112314117116,0.0010063770080752973,0.02497243079668554,0.0020885999523488075,0.010228367522358894,0.0002987002953886986,0.0009460099972784519,0.00901500042527914,0.013110000640153885
1933,0.0013924091869192954,9.224682995650233e-05,1.2311797142028809,0.6558685302734375,0.0027777896787212716,0.0017383011359632934,0.062152104573199446,0.006394712285655579,0.010712197981774807,0.0007192138582468033,0.0013809100491926074,0.01648700051009655,0.03642899915575981
1934,0.0007028429016087409,6.264721552664063e-05,1.4049348831176758,0.5639338791370392,0.003037224886057926,0.0010822628467422697,0.015903742776061422,0.0012941191671473218,0.012066343799233437,0.0018627685494720936,0.0006389099871739745,0.0055740000680089,0.010848000645637512
1935,0.000922213238389008,7.03777236331007e-05,1.0487511157989502,0.6904321163892746,0.0004968542179332431,0.0010251568481915452,0.0366293073826265,0.0030794164305944435,0.010501465760171413,0.0005913879722356796,0.0007891100249253213,0.006829999852925539,0.026652999222278595
1936,0.0004948637756857349,6.037460189952854e-05,0.9389894008636475,0.7093205004930496,0.004528663966462212,0.0011126946900585927,0.02305362398593166,0.0018203490997786061,0.01083432324230671,0.0009378162212669849,0.0003097600128967315,0.00786499958485365,0.015520000830292702
1937,0.0009662346916976315,6.871970378876508e-05,1.190386414527893,0.6706418991088867,0.001382248533265727,0.001393703894890777,0.035721633368447164,0.003150513957133498,0.010427390225231647,0.0005152793601155281,0.000809110002592206,0.008553000167012215,0.021654000505805016
1938,0.0012660701271742388,6.924597001995358e-05,0.48842424154281616,0.4855966120958328,0.004352068444627297,0.000931964746615883,0.01739399579134787,0.0013823182350931641,0.010466117411851883,0.0005926424637436867,0.001220209989696741,0.007782999891787767,0.01088900025933981
1939,0.0016312601312903356,7.795073745674912e-05,0.899738073348999,0.6118150502443314,0.005918745572547635,0.0011399262272568365,0.028000403971497348,0.0030226262050095497,0.010388500988483429,0.0004685642197728157,0.0016296099638566375,0.011106000281870365,0.018199998885393143
1940,0.0006695092009679827,6.225947151906907e-05,1.1700667142868042,0.67912857234478,0.001640306669470386,0.0013473914665240846,0.02336913129523317,0.001794735128587863,0.010646146722137928,0.0008142264559864998,0.0004758099967148155,0.004025000147521496,0.01635799929499626
1941,0.004385246387674991,0.00028578290379431374,1.0748505592346191,0.6857295483350754,0.019669850960503433,0.0017652543767686033,0.3330880916474128,0.06717922682002964,0.01182791031897068,0.0009679114446043968,0.005186109803617001,0.10181000083684921,0.14843100309371948
1942,0.001953906630635381,8.247404602783044e-05,1.666448950767517,0.3728262186050415,0.003247414984426256,0.0014252738549686696,0.055552063220469884,0.004865206497676196,0.010321466252207756,0.0003829747438430786,0.001903009950183332,0.019934000447392464,0.025949999690055847
1943,0.0004921420923378796,5.972954451384177e-05,1.332997441291809,0.6449823975563049,0.00033812593515566866,0.000852707442688898,0.026303875835523603,0.0017293173524285301,0.010821659117937088,0.0008852016180753708,0.0003536099975463003,0.0048859999515116215,0.01992199942469597
1944,0.0008848931454615237,8.694949267998807e-05,1.1082875728607178,0.6789999306201935,0.001786416366390536,0.0017203629472946893,0.03467970714029838,0.0028262037225817715,0.012286328710615635,0.0016124369576573372,0.0008334100130014122,0.006738999858498573,0.025984998792409897
1945,0.0011942421881578095,7.981967190645004e-05,0.7113194465637207,0.6296568140387535,0.002426302332782958,0.0015781481089299939,0.03203305110921066,0.002716361047909144,0.010819235816597939,0.000891516450792551,0.00111521000508219,0.00940100010484457,0.023756999522447586
1946,0.0008677693801335579,6.60525811919806e-05,1.4681968688964844,0.5153488516807556,4.9050593230975634e-05,0.00035150888597756095,0.021477032184882058,0.0013799506343391502,0.012142570689320564,0.0012222826480865479,0.0008457099902443588,0.00380899989977479,0.01598300039768219
1947,0.0006914393705195757,5.933489965760094e-05,1.0059001445770264,0.6797400414943695,0.005164178570915354,0.0009429799492048068,0.013637619354338649,0.001182107754489201,0.0107444878667593,0.0009309523738920689,0.0005242099869064987,0.00698000006377697,0.009363999590277672
1948,0.0015153839399530242,0.0001279489988170215,1.0640058517456055,0.6930141150951385,0.0033139043248175412,0.001819304878924637,0.10394527552020798,0.011674823807906708,0.012364315800368786,0.0013631731271743774,0.0014492099871858954,0.024483000859618187,0.06270500272512436
1949,0.0026943870110140307,0.0001786718765508814,1.3030637502670288,0.6423427760601044,0.011499853567494181,0.001567949153125913,0.4146682798760344,0.06934719138551645,0.01647956483066082,0.0014256569556891918,0.0029719099402427673,0.06289699673652649,0.21868300437927246
1950,0.0008975979380074991,6.0746413666794155e-05,1.365787148475647,0.5679585337638855,0.0034496500452366723,0.0008777413472340798,0.01630605631903617,0.001348932117124461,0.010576610453426838,0.0007203076966106892,0.0009159100009128451,0.007381000090390444,0.009322000667452812
1951,0.0012406278312331505,7.668687578204244e-05,1.247453212738037,0.6331629753112793,0.005132890003589199,0.0012529842786840543,0.03648976795108905,0.0035622106457574125,0.01073573436588049,0.0007833167910575867,0.001153009943664074,0.015096999704837799,0.01990099996328354
1952,0.0014071448148728649,8.48066539761356e-05,1.4436006546020508,0.6016094386577606,0.00522517721787036,0.001354252402622454,0.06708419630715433,0.0073722288861488225,0.010300343856215477,0.00036670034751296043,0.0014122100546956062,0.019005000591278076,0.041860997676849365
1953,0.004148265227846536,0.00015125100985894594,1.9186184406280518,0.10406529903411865,0.014614383431116004,0.0013260186562835752,0.17815239652089043,0.011470046077091942,0.013135915622115135,0.0007970188744366169,0.00428240979090333,0.0685420036315918,0.0315530002117157
1954,0.002931582029248274,0.0001629968153663583,1.5008436441421509,0.5521869361400604,0.0069620203842020644,0.0015590662704062183,0.1740436186565252,0.02358314403785071,0.01064656674861908,0.0006322450935840607,0.003187410067766905,0.04931899905204773,0.07316599786281586
1955,0.0007243208588806378,6.802737661396177e-05,1.2635011672973633,0.6319960057735443,5.890537878251842e-05,0.0004411264742353122,0.0224886631454632,0.0014975091057586234,0.012401677668094635,0.0013880017213523388,0.0005366100231185555,0.0029299999587237835,0.01762400008738041
1956,0.0008956998555924956,6.879970627563702e-05,0.951092004776001,0.6549294292926788,0.004177767446846621,0.0009801089108430383,0.014703056694954164,0.0012712448443897746,0.01113910786807537,0.0013460670597851276,0.0008741099736653268,0.006006000097841024,0.010463999584317207
1957,0.0007041362885975486,7.093703221823999e-05,1.2249369621276855,0.6652494817972183,0.002054794806249142,0.0016411355797812425,0.031103630484233043,0.0025185567638792063,0.011129201389849186,0.001141189131885767,0.0005633099935948849,0.008553000167012215,0.021393999457359314
1958,0.0008023663229352152,6.840135094287458e-05,1.052950382232666,0.6858144700527191,0.0032890450086577165,0.0011278519775275349,0.021122319227244803,0.0017226461154268534,0.011104676872491837,0.001157157588750124,0.0007162099936977029,0.006951000075787306,0.014654000289738178
1959,0.0008984518084982485,6.898003527068113e-05,1.0303735733032227,0.6881948858499527,0.00017948339144772463,0.0007155963675350074,0.03250602344816579,0.0025937017200948816,0.010528778657317162,0.0005878000520169735,0.000718910014256835,0.007511999923735857,0.022052999585866928
1960,0.001098627939142648,6.85891859724271e-05,0.9708477258682251,0.6405511200428009,0.006595862057952737,0.001001953144788171,0.017665308039610965,0.0017602296943748253,0.010394895449280739,0.0004980405792593956,0.0012220100034028292,0.00901500042527914,0.013775999657809734
1961,0.0012380900068795096,9.338796079232515e-05,1.4557700157165527,0.5570824444293976,0.004233970683641698,0.0014486525616051963,0.05583299211625523,0.005179950720790978,0.011475001461803913,0.0011294065043330193,0.001217809971421957,0.012768000364303589,0.041405998170375824
1962,0.0010217290848181623,6.508582510754462e-05,1.383034110069275,0.5591005086898804,0.0028276633190892175,0.0009955077657714225,0.020045608238723655,0.0016482951230002534,0.010713555850088596,0.0008292417041957378,0.0009030100191012025,0.004821000155061483,0.015994999557733536
1963,0.0007078752872532308,5.9605926339170365e-05,1.0057014226913452,0.6823874115943909,0.002347700335652599,0.0009389903777076643,0.01760907726147675,0.0013271010285952605,0.010477427393198013,0.0006202035583555698,0.0006063099717721343,0.006314000114798546,0.010499999858438969
1964,0.001554799781409687,0.00011498615904056173,1.3934811353683472,0.5854627192020416,0.005305221858592639,0.0014679124448390103,0.10515145827136961,0.01118090797063883,0.013855883851647377,0.0013616844080388546,0.0015973099507391453,0.0248819999396801,0.06952600181102753
1965,0.0019114922746696988,0.00012890788466677272,1.2735340595245361,0.6574503183364868,0.005945893536829714,0.001511723833702047,0.11971412202446202,0.015540036477331882,0.010896427556872368,0.0008392236195504665,0.0020286100916564465,0.0307219997048378,0.07200499624013901
1966,0.0007617619014781156,6.610729293484281e-05,0.7746033668518066,0.6654477417469025,0.0034347818733252286,0.0011078926746432448,0.020708175827201542,0.0016502707780661086,0.010794178582727909,0.0009478442370891571,0.0006879100110381842,0.004379000049084425,0.016814999282360077
1967,0.0010348316188661685,6.36943701674691e-05,1.3590080738067627,0.5774580836296082,0.004305668542853455,0.0009572266382514895,0.019643973586684144,0.0017348540530675444,0.010409260168671608,0.000521085225045681,0.0010999100049957633,0.007805999834090471,0.01399100013077259
1968,0.00044988295272947254,5.671804477984339e-05,0.6954363584518433,0.6739938110113144,0.0006873889540326594,0.0010324514181764524,0.02198754771906569,0.001429550291250286,0.010469550266861916,0.0005879108794033527,0.0002491000050213188,0.005166000220924616,0.015190999954938889
1969,0.0006954434021704933,5.9835493572766045e-05,1.2867671251296997,0.6460447907447815,0.0009865891465027437,0.0010988900526307907,0.022934227868501234,0.0017146637564988843,0.010488384403288364,0.00060649449005723,0.0006872100057080388,0.006314000114798546,0.014379000291228294
1970,0.0010639437058261503,7.122556117034463e-05,1.202825665473938,0.6462229341268539,0.0036516771217674237,0.0011686676191472827,0.02648310268414728,0.0023582089554172233,0.010665804147720337,0.0007651364430785179,0.0010425100335851312,0.009197999723255634,0.01553799957036972
1971,0.0008951684634561096,7.384909558260017e-05,0.819395124912262,0.6683941930532455,0.00269458522602133,0.001347157322839146,0.024811918939769872,0.0020325318333672612,0.011104990728199482,0.001184606458991766,0.0007563100080005825,0.008012999780476093,0.014782000333070755
1972,0.0009814000699390976,8.915996179343868e-05,0.9263116121292114,0.6903948485851288,5.069249382370007e-05,0.00038403501499884805,0.06892278422156069,0.006157242771902445,0.011180372908711433,0.0010248762555420399,0.0008077099919319153,0.012223999947309494,0.05730399861931801
1973,0.0006133199099204723,6.619799997718975e-05,0.7810603976249695,0.6671990230679512,0.003508942629315027,0.0011049141582980683,0.015504106195785008,0.0012523717763955316,0.011891080066561699,0.0018737269565463066,0.0005485099973157048,0.005628999788314104,0.01218700036406517
1974,0.0006298069501992519,5.785797479002406e-05,0.7053914666175842,0.6450817584991455,0.0038774101795167183,0.0008979443648697428,0.015410707601451365,0.00117651222292836,0.010460150428116322,0.00060296431183815,0.0005535099771805108,0.007215000223368406,0.009089000523090363
1975,0.0028876565612293804,0.0001115218259052659,1.687564730644226,0.31724435091018677,0.00615873692735022,0.0014319011253656746,0.09723813024090289,0.007729144797229637,0.014781954698264599,0.0009600156918168068,0.003094610059633851,0.028819000348448753,0.05021299794316292
1976,0.0005097557989531972,5.375392098308057e-05,0.7236377596855164,0.6471649557352066,0.00196805766317701,0.0007596134634317855,0.010303756829285927,0.0007435535309238362,0.010883932001888752,0.0011951755732297897,0.00026249000802636147,0.0025480000767856836,0.007515000179409981
1977,0.0008155397633662154,6.960230942974337e-05,0.5631553530693054,0.5617386251688004,0.0002569438336655761,0.0008469281428093128,0.020433170333356496,0.0013045516598547968,0.011071592569351196,0.0011535254307091236,0.0006841099821031094,0.003602999961003661,0.015217999927699566
1978,0.0009093482195124295,6.640731685043878e-05,0.8654905557632446,0.6765073835849762,0.001983824424680304,0.0013024518233919857,0.025874023591943015,0.0021101116190479184,0.010418560355901718,0.0005358136259019375,0.0008356099715456367,0.006835999898612499,0.018727999180555344
1979,0.000889160359985947,6.469269315971445e-05,1.2633146047592163,0.6195876598358154,0.0032831964049936943,0.0010119583468911684,0.017903965726782333,0.0014931402585637039,0.010866163298487663,0.0010030572302639484,0.0009114100248552859,0.006835999898612499,0.010123999789357185
1980,0.0006708793443497343,7.062998718808996e-05,1.199501872062683,0.6923866868019104,0.00023716900725520996,0.0008837294917044356,0.04230592410826641,0.0032553586142745512,0.010668328031897545,0.0007179910317063332,0.0005667100194841623,0.00749000022187829,0.02986299991607666
1981,0.0009759012413759816,8.14923884795536e-05,1.3725299835205078,0.6055984199047089,4.674538806801765e-05,0.0003091568338014559,0.06002261993556982,0.005044094016274335,0.01104302890598774,0.0009136372245848179,0.0007856099982745945,0.008553000167012215,0.0397849977016449
1982,0.00105418259159241,7.498653827576313e-05,1.0206243991851807,0.6785888820886612,0.004673099376833736,0.0012469816301377977,0.03552661247131289,0.0033768965546580217,0.010699836537241936,0.0007664887234568596,0.000920009973924607,0.01321799959987402,0.02181900106370449
1983,0.001520933793665026,9.79296259227125e-05,1.5331923961639404,0.5158536732196808,0.006408269397791211,0.0013640837604540035,0.07398665286260717,0.007552451067848388,0.010795356705784798,0.0007636211812496185,0.0016456099692732096,0.018211999908089638,0.04995900020003319
1984,0.0007736500527390749,6.357561716841865e-05,0.5560306906700134,0.5544275268912315,0.0029041362436420825,0.0009183988694613735,0.011947589237199097,0.0009448350849995688,0.011519493535161018,0.001706643495708704,0.0006242099916562438,0.004689000081270933,0.00783700030297041
1985,0.0005122303006197861,5.232276048895758e-05,1.270822286605835,0.6394602954387665,0.0030032567943392,0.0008278167991118751,0.012570494424981121,0.0009498280937810938,0.010764050297439098,0.0009623197838664055,0.0003756200021598488,0.005166000220924616,0.008092000149190426
1986,0.0028058368838025554,0.00025001096593654337,0.9052910804748535,0.7042073979973793,0.019523443988628913,0.001616100057647429,0.3796549229458357,0.07609188346213139,0.01251219492405653,0.0014292881824076176,0.0029865100514143705,0.10347999632358551,0.13585200905799866
1987,0.0008175497870420727,6.256580664116304e-05,0.7257840633392334,0.6467575281858444,0.003804407066423812,0.0009954570296517185,0.01883591595301415,0.001541005280989674,0.010532976128160954,0.0006650001741945744,0.0006611099815927446,0.006835999898612499,0.012019000016152859
1988,0.0011591753608726134,7.097099571177264e-05,1.146438717842102,0.5927383899688721,0.004354377018565955,0.0009495650460452558,0.01486267861615488,0.0013915754614421154,0.011029206216335297,0.001193302683532238,0.0011855099583044648,0.009213999845087528,0.00635599996894598
1989,0.001455258899150682,8.445082093768786e-05,1.5008354187011719,0.5032314956188202,0.004543470718271231,0.0013144672522618077,0.04502681536326263,0.004189883060257492,0.010943863540887833,0.0008689644746482372,0.0014100100379437208,0.01682800054550171,0.023617999628186226
1990,0.0007911419155857477,6.165117810849998e-05,0.7276402711868286,0.6305603608489037,0.004910110875435463,0.0009569648819315866,0.017212266258402983,0.0014391080319676591,0.01040090061724186,0.0005282200872898102,0.0007923099910840392,0.006996000185608864,0.012368999421596527
1991,0.001063359199537295,6.768535455071089e-05,1.0566937923431396,0.6108823865652084,0.0056231570254401415,0.0009011034835557808,0.01278253450936111,0.0012046908154965145,0.01080252230167389,0.0010107015259563923,0.000976509996689856,0.00737700005993247,0.008452000096440315
1992,0.001830154061268401,0.00014306157774093972,1.1273314952850342,0.6995216757059097,0.0033639922911919314,0.0019195274386326622,0.14002681380580276,0.018256002811667976,0.011254578828811646,0.0010412968695163727,0.0016814100090414286,0.02793099917471409,0.09583699703216553
1993,0.0030676591836673924,0.00016715400930918654,1.5866203308105469,0.45978760719299316,0.004043952444649097,0.0018142624676748757,0.16163815949610397,0.018361284930217506,0.011424507014453411,0.0008894349448382854,0.003097010077908635,0.03564999997615814,0.08353099972009659
1994,0.0006033476784842995,6.913276586581474e-05,0.6521060466766357,0.630181223154068,4.045842144527142e-05,0.00028440255465120106,0.026905934147043255,0.0015401892148921605,0.011672665365040302,0.0011740410700440407,0.00032891001319512725,0.004000999964773655,0.02122100070118904
1995,0.0005177094062689181,5.690979841155042e-05,0.5246154069900513,0.5835930183529854,0.0033786504842470873,0.0010302136705721329,0.021334653237600046,0.0015783498959582604,0.010307647287845612,0.00040214136242866516,0.0004039799969177693,0.006051999982446432,0.01674399897456169
1996,0.0006714574539761447,8.994245517504991e-05,0.9086729288101196,0.7024166956543922,0.0022186236648088706,0.0018797788156058454,0.06079986922014979,0.004890826753923709,0.015100961551070213,0.001818823628127575,0.000588210008572787,0.006845000199973583,0.05007000267505646
1997,0.0037790929277664006,0.00022475263345830203,0.9741889238357544,0.6907544285058975,0.03157661472235881,0.0017652516914644489,0.6812787137335795,0.1404616806494665,0.01767023839056492,0.001362919807434082,0.004780210088938475,0.17507000267505646,0.10965700447559357
1998,0.0025553404435150135,0.00015319980083664756,0.9786877036094666,0.6791243106126785,0.007324661828290179,0.0015549996455467537,0.1373108479955009,0.020114219530471072,0.011683909222483635,0.0010686679743230343,0.0026377099566161633,0.03407200053334236,0.08472400158643723
1999,0.0005116687636231355,6.7567459170123e-05,1.224648356437683,0.6903694719076157,0.002786672952509226,0.0014798270328906604,0.02682070898706619,0.002140972821221559,0.011757316999137402,0.00159388966858387,0.0004069099959451705,0.007085000164806843,0.01812399923801422
2000,0.0009506495120304267,8.998752376042021e-05,0.9185352325439453,0.6873013973236084,0.0029220122326556177,0.0016935567630057002,0.03757890650123592,0.003159388784381264,0.012761695310473442,0.0016655772924423218,0.000829809985589236,0.007381000090390444,0.030365999788045883
2001,0.0009108745952522313,7.250644432093932e-05,1.224664330482483,0.6741360276937485,0.0037018229347859505,0.001358241167003735,0.041206947621984916,0.003826497458459765,0.010444817133247852,0.0005308971740305424,0.0009315100032836199,0.009735999628901482,0.03083300031721592
2002,0.00124073612747415,7.43270122571094e-05,0.9309783577919006,0.6613318026065826,0.00014280116499139922,0.0006767282809061369,0.03816351339801695,0.003507618025210116,0.010500570759177208,0.0005576787516474724,0.0010813099797815084,0.011242999695241451,0.023152999579906464
2003,0.002529041808669222,0.000106919852803014,1.8461124897003174,0.19062983989715576,0.004716809726412177,0.0013800860682564955,0.07705811994958016,0.005213460634205129,0.010772844776511192,0.0006474386900663376,0.0026138098910450935,0.020167000591754913,0.03965099900960922
2004,0.0009519958884118995,7.181501077606377e-05,1.3694508075714111,0.5848526060581207,7.253873103337113e-05,0.0005071187646834226,0.03368796374380935,0.0025270504652473193,0.011282244697213173,0.0009954813867807388,0.0008938100072555244,0.00661499984562397,0.022828001528978348
2005,0.0014759646833493942,9.226423250837962e-05,0.8374788761138916,0.6322100758552551,0.000540730030614327,0.0012087814301138997,0.04286836708538718,0.0039046204593687593,0.011386271566152573,0.0010526133701205254,0.0012978099985048175,0.007805999834090471,0.03508700057864189
2006,0.001035640342285903,6.88708002314756e-05,0.9296048283576965,0.7008596062660217,0.006278051292469861,0.001150698301113634,0.0323787519814259,0.003366521808189275,0.01026278268545866,0.00033510103821754456,0.0008930100011639297,0.015405000187456608,0.017943000420928
2007,0.0010705937422382742,7.339134592539978e-05,0.9041813611984253,0.6546352505683899,0.0027712127499572928,0.001179082251624748,0.022474204684389425,0.0019213774282773287,0.010853405110538006,0.000980617944151163,0.0010131100425496697,0.006051999982446432,0.01740100048482418
2008,0.0009383310356352218,7.742839009719006e-05,0.6538913249969482,0.603513702750206,0.00043999417025942773,0.001059848944018488,0.02761444761004425,0.001980312665838025,0.011339729651808739,0.0012315651401877403,0.0008050099713727832,0.00661499984562397,0.01919800043106079
2009,0.006026197536360017,0.0002821103256836193,0.5640173554420471,0.547824040055275,0.01996773713361642,0.0018967340164685789,0.4021637295334587,0.07118643795627635,0.013807886280119419,0.0008930121548473835,0.007315909955650568,0.11422999948263168,0.2165440022945404
2010,0.0033639719768784565,0.00018848305310399356,1.1147996187210083,0.6536666750907898,0.008805323216125115,0.0016347539619299893,0.18034084409862225,0.02822808996109058,0.012149429880082607,0.001003506127744913,0.0037873100955039263,0.050944000482559204,0.07672899961471558
2011,0.0005223292944718394,5.899378473474902e-05,0.7713571786880493,0.6691698580980301,0.0015243860940185744,0.0012352838198554778,0.011832177739113868,0.000989641658176053,0.01213227491825819,0.002471317071467638,0.00031972999568097293,0.003003000048920512,0.007915999740362167
2012,0.0006021402473466383,5.849599482076579e-05,0.9883115291595459,0.6879471689462662,0.0029047277928919164,0.0008567933724801069,0.010015421721649582,0.0008234814898525084,0.011448637582361698,0.001727463211864233,0.0005201100138947368,0.0050119999796152115,0.005348999984562397
2013,0.001157534071009983,7.937086335492471e-05,1.0621535778045654,0.6621121168136597,0.0003293243940220428,0.000992609741015185,0.03572442796387781,0.0030970524708764553,0.011029950343072414,0.0009268224239349365,0.0011021100217476487,0.006835999898612499,0.023698998615145683
2014,0.0006475564416678286,6.56788199343735e-05,1.3289676904678345,0.6286584734916687,0.003886979458823429,0.0012170245063963078,0.026884643089636447,0.0021950996959316064,0.011107398197054863,0.001123261172324419,0.0005483099957928061,0.007348999846726656,0.020041000097990036
2015,0.0012687586354008487,9.387983150835365e-05,1.5119613409042358,0.5100127756595612,0.002210162712788827,0.0018059419316796325,0.053743115358663426,0.004752673646678748,0.011383388191461563,0.0010724999010562897,0.0012630099663510919,0.013414000160992146,0.03521199896931648
2016,0.0012177755099803133,6.735941742320604e-05,1.3144932985305786,0.5945393443107605,0.003128954419472848,0.0009816907345972414,0.023216649570769448,0.0020967825341146537,0.010335092432796955,0.00042795436456799507,0.0011337100295349956,0.00698000006377697,0.015922999009490013
2017,0.002676185553648757,0.00019728836545480173,1.199432611465454,0.6793227940797806,0.014606791643093598,0.0015598149071600108,0.36782849220802566,0.06572764797761255,0.01509871520102024,0.0015034163370728493,0.0030735100153833628,0.08918599784374237,0.16059400141239166
2018,0.0004498325723806717,5.1289454390803456e-05,1.1825730800628662,0.6669601052999496,0.004815667869744588,0.0008385650882779551,0.010589612088387951,0.0009143268371030961,0.010999822989106178,0.001230025663971901,0.00024652000865899026,0.0034890000242739916,0.008317999541759491
2019,0.0008362646344976615,6.274437188002281e-05,0.7214702367782593,0.6205389574170113,0.004580340155795269,0.0008942939821660037,0.014032398833546964,0.0011702917946682214,0.010600415989756584,0.0007760822772979736,0.0006953100091777742,0.0061160000041127205,0.00963599979877472
2020,0.0031348552275629895,0.0002401760353938501,1.1966657638549805,0.6821651756763458,0.01678821621314655,0.0016104657279456319,0.4031344522292769,0.07529119754863178,0.013840895146131516,0.0013691210187971592,0.003670909907668829,0.08476600050926208,0.20418599247932434
2021,0.0009371845552468988,6.52506535294609e-05,0.6404345035552979,0.5840561166405678,0.004301073557383514,0.0008891060715739095,0.014735018877126313,0.0012039928375425848,0.0106099434196949,0.0007715681567788124,0.0008725100196897984,0.006845000199973583,0.010840000584721565
2022,0.0009228696052442897,6.98865971081688e-05,0.6510457992553711,0.5986314341425896,0.003798697110695079,0.001044131967835191,0.017771161148023202,0.0014308897585002586,0.01112450286746025,0.0012597953900694847,0.0009260100196115673,0.007290999870747328,0.012956999242305756
2023,0.0010564391339452628,7.55859675232208e-05,1.3234204053878784,0.6155357360839844,5.587151856462368e-05,0.00036675327626101004,0.04855303186728957,0.0041763366516424615,0.010735144838690758,0.0007121008820831776,0.0008877100190147758,0.008200000040233135,0.0311529990285635
2024,0.0004903890798006934,5.7021528676299524e-05,0.9984752535820007,0.6971525847911835,6.902856343333294e-05,0.0003663403206819895,0.019249345177804626,0.0011144186825782307,0.010717960074543953,0.0007750657387077808,0.0002682000049389899,0.001623000018298626,0.015317999757826328
2025,0.0008728927454042293,6.668129250712076e-05,0.9204808473587036,0.6642006486654282,0.005701605712832144,0.0010667192868065493,0.019390800978047292,0.0017373988009687681,0.010811773128807545,0.0009422088041901588,0.0008489100146107376,0.007586000021547079,0.014421000145375729
2026,0.0013375326371463587,9.356252669639629e-05,0.7001653909683228,0.6012873947620392,0.00026493325340939847,0.0010113745150409192,0.047431345538286235,0.00392963346928854,0.012124115601181984,0.0012075179256498814,0.0012785099679604173,0.011524000205099583,0.03261600062251091
2027,0.0018119145102494115,0.00010914855002958817,1.4909427165985107,0.4980081021785736,0.0028355368015954433,0.0018819142403335189,0.0638710492205379,0.006042747796090341,0.011727364733815193,0.0010724058374762535,0.0017818099586293101,0.018574999645352364,0.03804900124669075
2028,0.0004350339011544407,5.030900258815615e-05,0.9934852123260498,0.6882234811782837,0.0021515208150968113,0.0006388815563105407,0.006275315352920553,0.0005340589695385376,0.011696511879563332,0.0021110447123646736,0.0002859800006262958,0.001979999942705035,0.004017000086605549
2029,0.0013443803550977397,9.247552928584785e-05,0.9627634286880493,0.6302255690097809,0.003759546575008417,0.0015639001748144446,0.030059124151875238,0.002656287834439868,0.014468778856098652,0.0019109798595309258,0.0014209100045263767,0.008527999743819237,0.024000998586416245
2030,0.005310300698458704,0.00027389370304175837,0.9683960676193237,0.6531489938497543,0.012586217686658336,0.0018721014826766635,0.33371840585770185,0.06223639065259909,0.013150707818567753,0.0008582635782659054,0.006325209978967905,0.07982999831438065,0.20552000403404236
2031,0.0011277366855236642,0.00011298876933930912,0.8332362174987793,0.6917233616113663,0.004333505876208329,0.0015413884984725337,0.080529778903742,0.008013509843306392,0.012637872248888016,0.0015039937570691109,0.0012176099698990583,0.017176000401377678,0.06580699980258942
2032,0.000697932878556862,7.328748441868887e-05,0.5227586627006531,0.5590972565114498,0.00018574028880268513,0.0008109008134574179,0.026146365468338463,0.0015763984201722422,0.011611715890467167,0.001323224976658821,0.0005825100233778358,0.006006000097841024,0.017983000725507736
2033,0.0009195212566247448,6.95328695239404e-05,0.804090678691864,0.6165458261966705,0.003903119328497505,0.0009838682538471065,0.011773560808170956,0.0010631523288961043,0.012236961163580418,0.0021860962733626366,0.0007499100174754858,0.006738999858498573,0.006454000249505043
2034,0.0011605570914517637,6.369721503606972e-05,1.5268688201904297,0.5077741146087646,0.004137721038638153,0.0010545884268552855,0.028280211533255356,0.0025473618731544946,0.010273064486682415,0.0003466731868684292,0.001176410005427897,0.009996999986469746,0.01868399977684021
2035,0.001114690825261042,0.00010559295433473109,1.1214385032653809,0.7036803811788559,0.004091541665997144,0.0015339104638780988,0.0834444711959104,0.008615638879361842,0.011240269057452679,0.0010973955504596233,0.0009270100272260606,0.014374000020325184,0.06462900340557098
2036,0.002788821654938471,0.0001795510957390996,0.9983153343200684,0.6758302003145218,0.011103928970613335,0.0015511587711084275,0.173667215533358,0.0266868538344439,0.012602388858795166,0.0012028757482767105,0.0029060100205242634,0.04736600071191788,0.10776299983263016
2037,0.0009231741437732261,6.890423919867498e-05,0.5103178024291992,0.51735769957304,0.0001742378531614276,0.0007020179078844214,0.01853210642658121,0.0011445835763081013,0.011115978471934795,0.0011606928892433643,0.0007239099941216409,0.004989999812096357,0.013499999418854713
2038,0.0009238459024064091,6.840738327844456e-05,1.4739810228347778,0.5450921058654785,3.800136312842279e-05,0.00023857834380492532,0.04405962769015088,0.003390485836376217,0.010590523481369019,0.0006159432232379913,0.0008072099881246686,0.00749000022187829,0.029397999867796898
2039,0.0010921940316092477,6.664559205236714e-05,1.2375768423080444,0.6566778123378754,0.00013673441838971608,0.0006021979879120159,0.03671811444142509,0.0033185545446910783,0.010236420668661594,0.0002971538342535496,0.0010015099542215466,0.008603000082075596,0.024922000244259834
2040,0.0010408664722409346,0.00010837928745919596,0.8675851821899414,0.7069851458072662,0.004548731683622091,0.001501499741112231,0.08371810243244768,0.008617199522991087,0.011441564187407494,0.0012220614589750767,0.000982110039331019,0.02297399938106537,0.05247600004076958
2041,0.0011297480881773052,5.671951746946051e-05,1.699733018875122,0.34107816219329834,0.0032671044356451366,0.0008405504699541468,0.017352959960899254,0.001254473407518053,0.010526333004236221,0.0006809164769947529,0.0011612100061029196,0.0061980001628398895,0.011786999180912971
2042,0.0041047795034035795,0.00017695442467809347,1.6584298610687256,0.3804124593734741,0.013857507688171776,0.0015150422132946834,0.35588506623946775,0.04162907616535158,0.016395069658756256,0.0010290159843862057,0.004511610139161348,0.07835099846124649,0.1324779987335205
2043,0.0028704051533142614,0.00013426317392645844,1.2097575664520264,0.6111464202404022,0.004837583637252251,0.0016415433904546576,0.1048942434849309,0.013864834699563185,0.010902991518378258,0.0007485290989279747,0.0028297100216150284,0.025817999616265297,0.055692002177238464
2044,0.004315678704680106,0.0001631652508468505,1.7987807989120483,0.23859751224517822,0.011226372381575256,0.0014298416048852394,0.18960125617501897,0.01578459445288942,0.013090956956148148,0.0007786387577652931,0.004469410050660372,0.05881499871611595,0.06336599588394165
2045,0.0008116040327550948,6.120112764153247e-05,1.3648604154586792,0.5666069388389587,0.0041123783610050105,0.000887137063853943,0.011735056570848125,0.001033942202752344,0.011496677994728088,0.001656286884099245,0.0006924099870957434,0.005140000022947788,0.006897000130265951
2046,0.001036990378431123,6.419042585664475e-05,1.4139738082885742,0.544002890586853,0.00298239408368414,0.000996175138620225,0.018685383595090685,0.0015620363335873272,0.010764987207949162,0.0009175119921565056,0.0009722100221551955,0.00661499984562397,0.009699000045657158
2047,0.0007469495226263395,7.608173974637432e-05,1.120831847190857,0.6893535703420639,0.0008688113877201045,0.0013178851182459076,0.039016304146472454,0.003058078530503036,0.011123153381049633,0.0010607088916003704,0.0006126100197434425,0.00712599977850914,0.0300539992749691
2048,0.0009724870039155938,7.042489965035625e-05,1.3052449226379395,0.6227639019489288,0.0029853786855304014,0.0012881645668633124,0.02639044303094675,0.0022699398018144173,0.01090470515191555,0.000984828919172287,0.0010059099877253175,0.008527999743819237,0.017613999545574188
2049,0.00047999977683627353,6.512040609528628e-05,1.0577614307403564,0.7112635970115662,0.0026080392619203404,0.0013945337718562398,0.033911275770684535,0.002723693775310832,0.010561487637460232,0.0006791125051677227,0.00032715999986976385,0.009309000335633755,0.025283001363277435
2050,0.0007302499031150227,6.001039248849265e-05,1.1817587614059448,0.6233590245246887,0.004021269714318878,0.0008206868763106882,0.010183395442179737,0.0008966627088878975,0.011219868436455727,0.0014999429695308208,0.0006067099748179317,0.003727999981492758,0.00750399986281991
2051,0.0005445122949093057,7.385817788895852e-05,1.0571162700653076,0.6966862082481384,4.829893444433614e-05,0.0003318446742977378,0.04018722958918777,0.002571889855548952,0.013514039106667042,0.0014107408933341503,0.000335429998813197,0.00406600022688508,0.0346590019762516
2052,0.0011290809413767602,7.005542216716209e-05,0.6997098922729492,0.5870331898331642,0.0012938583703017334,0.0010505546785960344,0.016188512268985294,0.0012001835756841163,0.0105948681011796,0.0008108294568955898,0.0009350099717266858,0.005903000012040138,0.009011000394821167
2053,0.0005946859809976246,6.946764419861603e-05,1.11672043800354,0.7025756388902664,0.004688432419870424,0.0012483523319762025,0.03225546702701733,0.0026162904452967876,0.011052959598600864,0.0010700291022658348,0.00039909000042825937,0.012994999997317791,0.016920998692512512
2054,0.001017490147076385,7.315679281052388e-05,1.0733383893966675,0.6531151682138443,0.003277440965652161,0.0011107213565437924,0.01662804416544247,0.0014853859657925307,0.011519040912389755,0.0015893490053713322,0.0010820099851116538,0.006835999898612499,0.010390999726951122
2055,0.0005408761002778594,7.02946643163929e-05,1.3281877040863037,0.6418050229549408,0.001800723985085978,0.0016656519898610844,0.023605697325521615,0.00179726132059819,0.013437644578516483,0.0023689065128564835,0.00042751000728458166,0.0048859999515116215,0.017753999680280685
2056,0.0006712271084417838,6.13760723030626e-05,0.925592303276062,0.714049682021141,0.001959049252969598,0.0013848742514744284,0.030413769789864823,0.0025281156350954563,0.010255008935928345,0.00032587209716439247,0.0006002099835313857,0.007191000040620565,0.023662999272346497
2057,0.0010006688801031426,7.856554186116347e-05,0.8564037680625916,0.6593647450208664,0.003528516585059158,0.001269981003692814,0.022239446822079775,0.0019147635715375567,0.011837564408779144,0.0016154423356056213,0.0009928100043907762,0.00953499972820282,0.012569999322295189
2058,0.0010908463820785952,6.834379225004899e-05,1.2096316814422607,0.6536862701177597,0.005493879521830013,0.0011523945967314795,0.030524351047933752,0.0030235545705028528,0.010413648560643196,0.0005018436349928379,0.0012287100544199347,0.01308399997651577,0.019872000440955162
2059,0.0015820455679965639,0.00012689692579853596,1.2987149953842163,0.6432183682918549,0.0071011175847025855,0.0014313957817219001,0.11194273464773545,0.013529663951850186,0.011547645553946495,0.001168740913271904,0.0017542099812999368,0.032519999891519547,0.07087400555610657
2060,0.0006464376003124698,6.033785855839467e-05,1.2181367874145508,0.6538842469453812,0.0024700726790042333,0.001052927325401164,0.015747210617277334,0.0012460021641936487,0.011134319007396698,0.0012955754064023495,0.0004722099984064698,0.0052720000967383385,0.009119000285863876
2061,0.0007217558809827478,6.468331289450295e-05,1.4644566774368286,0.5568053722381592,0.0004711972564108257,0.001004689222040125,0.02784181981384188,0.0020497948421232346,0.010881892405450344,0.0009319954551756382,0.0006699099903926253,0.006829000078141689,0.018048999831080437
2062,0.001091627564441114,6.56602178183785e-05,1.429325819015503,0.559276670217514,0.003345814049880956,0.001103179997327511,0.027439529801721898,0.002397489457609623,0.010368349961936474,0.00045821908861398697,0.001127609983086586,0.007720999885350466,0.018764998763799667
2063,0.0011163969998998736,7.10162101050612e-05,0.9318525195121765,0.6162038147449493,0.006702796539290644,0.0009665004482918129,0.01412197084009214,0.0013966703612969438,0.010823925957083702,0.0009881476871669292,0.001122010056860745,0.010979999788105488,0.007550000213086605
2064,0.001175148303824228,7.227222464753187e-05,1.2932894229888916,0.6321150064468384,0.005919476702870265,0.0012200067994188818,0.03667051320695014,0.003799034945702707,0.010418452322483063,0.0005026315338909626,0.001125809969380498,0.01750200055539608,0.01571200042963028
2065,0.0007920997369782175,6.815087072127162e-05,0.879880428314209,0.6547378301620483,0.00345590899666413,0.0010631351489322988,0.01275052994172787,0.0011289201415191751,0.012154738418757915,0.0022920635528862476,0.0006939099985174835,0.003092000028118491,0.010393000207841396
2066,0.0007652466908654231,6.309301262192208e-05,1.0767782926559448,0.6768370121717453,0.002691912031133295,0.001057562512853064,0.016657509486603175,0.0013376726058936103,0.011033098213374615,0.0012148343957960606,0.0006035100086592138,0.006895000115036964,0.00801400002092123
2067,0.0007889906169034738,6.256837206527718e-05,0.6999965310096741,0.6408713161945343,0.0040171789192697625,0.0010544909463793808,0.022225923373694206,0.001821330891787985,0.010325366631150246,0.0004250607453286648,0.0006638100021518767,0.008791999891400337,0.013926999643445015
2068,0.000813941648189117,6.358980817186842e-05,1.0549969673156738,0.6951444894075394,0.005239398543278212,0.0011232314453346803,0.02651309839387483,0.00241730350496059,0.010339142754673958,0.00043677398934960365,0.00094931002240628,0.012202000245451927,0.017136000096797943
2069,0.0005882252293935388,5.542142338840425e-05,1.0171442031860352,0.6548509895801544,0.001935483250239068,0.0006454082382952579,0.006802944292807568,0.0005580832614541288,0.011546633206307888,0.001910530962049961,0.00042691000271588564,0.0023980000987648964,0.004482999909669161
2070,0.0004652150961398886,5.3246523329334984e-05,0.9896819591522217,0.6882997155189514,0.0031660974826553867,0.000821733245017335,0.011949540692025437,0.0009148582253618517,0.010751418769359589,0.0009548570960760117,0.0003523399936966598,0.00585100008174777,0.006300000008195639
2071,0.0009940574614257485,6.982489522766399e-05,1.2669965028762817,0.6347845792770386,0.0011909921508562477,0.0013450958506073618,0.031915970481728055,0.002714524808497912,0.010568256489932537,0.0006555318832397461,0.0008751099812798202,0.007381000090390444,0.0212980005890131
2072,0.001868446040829806,8.129069460127995e-05,1.3640027046203613,0.5544140338897705,0.006060219382575503,0.0012792012581825944,0.04533446097025259,0.0050441753204644585,0.010500451549887657,0.0005556349642574787,0.002003009896725416,0.02080800011754036,0.02154099941253662
2073,0.0007045662701918365,6.14982803173815e-05,1.0196739435195923,0.6676016300916672,0.0027302042295450635,0.0008791111270996527,0.012521300982057572,0.000996491573277419,0.01092304103076458,0.0011752289719879627,0.0006076099816709757,0.004379000049084425,0.00900499988347292
2074,0.0007275696598328019,5.976451847241709e-05,0.8289521932601929,0.6470674946904182,0.004816238942986288,0.0008930582970350406,0.012828999891898361,0.0010765477417621142,0.010695233009755611,0.0009036632254719734,0.0005463099805638194,0.006314000114798546,0.008070000447332859
2075,0.0009380570296309424,7.053178215433135e-05,0.6588416695594788,0.6552090644836426,0.0050034029472538115,0.001234096024441992,0.036629488361580226,0.003464503961637992,0.010215101763606071,0.00028731394559144974,0.0009177100146189332,0.020733999088406563,0.016279000788927078
2076,0.0011086971157151036,7.38195860630731e-05,1.620058536529541,0.4353896379470825,3.337591713305412e-05,0.0002175210272752307,0.053109858249726714,0.00392705051205141,0.010512195527553558,0.0005569192580878735,0.0008119100239127874,0.008469999767839909,0.034933000802993774
2077,0.0020127721861039794,0.00010241170852972258,1.6402709484100342,0.386888325214386,0.006549431348601607,0.0013431696098218098,0.06311190564918082,0.005730184220746587,0.011344623751938343,0.000941114965826273,0.002037310041487217,0.02459299936890602,0.029258999973535538
2078,0.0007766300753550159,5.921642275501406e-05,0.5848230123519897,0.5719898119568825,0.0017266594801838412,0.0007837887947131558,0.01351713116875758,0.0009474812785234075,0.010464917868375778,0.0006205388344824314,0.0006218099733814597,0.003602999961003661,0.010020999237895012
2079,0.0005318031717000465,6.284058966340772e-05,0.6432003974914551,0.6216951832175255,0.002403213635066752,0.001138552020486368,0.01259599161172839,0.001041150955438071,0.012429323978722095,0.002578222192823887,0.00043260998791083694,0.004844999872148037,0.007404000498354435
2080,0.000596951089698637,6.529191002425759e-05,0.677635908126831,0.6478815153241158,0.0034984386613406064,0.0011261931314021745,0.01596849541863621,0.0012757584274916975,0.011880021542310715,0.0018978933803737164,0.0003483300097286701,0.005818000063300133,0.008826999925076962
2081,0.0008655289698336704,7.230729867410088e-05,1.3207889795303345,0.6335849761962891,0.00010357944294068618,0.0005844389592710957,0.03976243750880438,0.0030970160820280902,0.011002065613865852,0.0009075794368982315,0.0006526099750772119,0.006314000114798546,0.02789200097322464
2082,0.001111939264347122,6.976803627225766e-05,1.4435850381851196,0.5299929976463318,0.004984228916963978,0.0011122607883364492,0.02296549226416797,0.0020999783134037983,0.011207202449440956,0.0011645224876701832,0.0010157099459320307,0.00774300005286932,0.015358999371528625
2083,0.0010243895632463024,8.200350728974643e-05,0.833960235118866,0.6735118255019188,7.71598842068045e-05,0.0005337440542068141,0.052710759145478174,0.004549098304044104,0.011038808152079582,0.0009143231436610222,0.0008401100058108568,0.010754000395536423,0.04035300016403198
2084,0.0015997538481735542,0.00011060212076181375,0.6057360172271729,0.580044262111187,0.002937400866783095,0.0019493100072026344,0.052716040431394155,0.004685431295004056,0.011960236355662346,0.0012996136210858822,0.0017149100312963128,0.013365999795496464,0.036122001707553864
2085,0.0007300751351589412,7.710903851903969e-05,0.695469856262207,0.6705326288938522,0.004811537537594146,0.0013391674899742006,0.05065827556280155,0.004471551400663333,0.010577820241451263,0.000663410872220993,0.0006992099806666374,0.01627499982714653,0.029552999883890152
2086,0.0030039328477150995,0.00027396727715647525,1.4712951183319092,0.6172352433204651,0.01174552353186769,0.0018289374144559098,0.4759304165778282,0.0982435406750985,0.013318411074578762,0.0015559913590550423,0.00353171001188457,0.06402800232172012,0.2171960026025772
2087,0.0007085300069190654,7.211248090584384e-05,0.8869431614875793,0.688486710190773,0.003710425154261554,0.0012625623029159055,0.023001874994218758,0.0018600118007530385,0.012102668173611164,0.0017013936303555965,0.000628710025921464,0.00661499984562397,0.016635999083518982
2088,0.0012409302670369628,7.663370665770262e-05,1.0105634927749634,0.6601633578538895,0.0015937230126529714,0.0014649322111868353,0.030095210544919544,0.0026961288297300667,0.010640587657690048,0.0007615573704242706,0.001035609981045127,0.007215000223368406,0.02063700184226036
2089,0.0013541310604151561,9.03036223659832e-05,1.6398701667785645,0.4026064872741699,6.084367674098829e-05,0.00043541940494025823,0.08832102784695382,0.0070490546093048,0.014301196672022343,0.0011667353101074696,0.0013638100354000926,0.014208000153303146,0.055233001708984375
2090,0.0021754672387244516,0.00013231106356927005,0.8675727844238281,0.6832613497972488,0.00591111796254112,0.001536706228534755,0.1119828868148627,0.015047080271523593,0.011081689037382603,0.0009316867217421532,0.0023151100613176823,0.029178999364376068,0.06653600186109543
2091,0.003688027553427188,0.00011743871095932579,1.7744672298431396,0.2707139253616333,0.008403019611356007,0.0013603705522305673,0.10078508644785883,0.008571473020527978,0.010294429957866669,0.00033123185858130455,0.0037468099035322666,0.04192100092768669,0.030747998505830765
2092,0.0008338267448270743,7.854750767737691e-05,1.2110579013824463,0.6620622277259827,0.000176911281120962,0.000843597529927333,0.04854218465773141,0.0036852822946650925,0.014485345222055912,0.0013979459181427956,0.0007738100248388946,0.006335000041872263,0.03853899985551834
2093,0.0010277755435015024,7.329133703911874e-05,1.4030299186706543,0.5849189460277557,0.0022735697808268355,0.0015169676809063891,0.031150674166034238,0.0026633167609391873,0.01088117714971304,0.0009267544373869896,0.0008779100026004016,0.008553000167012215,0.019085999578237534
2094,0.0012901913197184472,0.00011190331755622774,1.4337154626846313,0.5701682269573212,0.004136190315864261,0.0015289114641846519,0.0946689617020841,0.00945399775444216,0.013254956342279911,0.0014156973920762539,0.0013888099929317832,0.019005000591278076,0.0626859962940216
2095,0.0007119647256593004,7.008069041269667e-05,1.0755834579467773,0.6905206143856049,0.00016186792695953599,0.000731235200421304,0.03573505922944925,0.0026513718889023367,0.010948271490633488,0.0009193979203701019,0.0005022099940106273,0.006951000075787306,0.026151999831199646
2096,0.0007988528225169691,8.193313070373838e-05,0.8851470351219177,0.7013025507330894,0.001506833614816201,0.0016310640367249813,0.042658454908694285,0.0035151650667319435,0.011112443171441555,0.0010866252705454826,0.0006806100136600435,0.007414000108838081,0.030709998682141304
2097,0.0031778533101610345,0.00016781043209664363,1.0934479236602783,0.6407279968261719,0.010441527076536953,0.001566012907074853,0.1419786526851146,0.02131497829899015,0.012253094464540482,0.0010533751919865608,0.0032940099481493235,0.052639998495578766,0.05179700255393982
2098,0.0013681829096313582,9.215827831099584e-05,1.3827760219573975,0.6238073110580444,0.005616419067397324,0.0013794120455103039,0.07286074946949611,0.00801430489046008,0.010522235184907913,0.0005826335400342941,0.0013986099511384964,0.025817999616265297,0.03503499925136566
2099,0.0006244071299882144,5.9562797407238855e-05,1.02072012424469,0.6905508935451508,0.0027694516006555943,0.001006221333780977,0.019382308013742147,0.0014806566379766892,0.010481234639883041,0.0005961456336081028,0.0005138100241310894,0.006895000115036964,0.01106099970638752
2100,0.00047287491359803807,6.34945470072964e-05,0.9175858497619629,0.7071412205696106,0.003268114372713721,0.0012229889508994652,0.02621180009587829,0.0019977220737330097,0.010945608839392662,0.001039145514369011,0.00021763000404462218,0.007720999885350466,0.019182998687028885
2101,0.0009498836910117433,8.696757631605501e-05,1.4516247510910034,0.571526437997818,0.0002058247247662472,0.0009046257800121924,0.05844856054208567,0.004747733638091552,0.012140562757849693,0.0012313295155763626,0.0007168099982663989,0.008469999767839909,0.04180300235748291
2102,0.0011526291939364798,9.993894768108545e-05,0.8858345150947571,0.7001152113080025,0.0003387457444045021,0.001075214480764789,0.08222448346969438,0.008274961261951895,0.011076443828642368,0.000971292145550251,0.0011204100446775556,0.010800999589264393,0.06910499930381775
2103,0.0006442195063397026,6.088343036881233e-05,1.2531497478485107,0.6407695710659027,0.0036763981165806904,0.0010218826256059264,0.01355242140062415,0.0011647161239295347,0.011811571195721626,0.0019698170945048332,0.0005478099919855595,0.004989999812096357,0.009943999350070953
2104,0.0007508663948593398,6.0228538519037204e-05,1.2232552766799927,0.6385517418384552,0.0037313790885252517,0.0009402288150830154,0.01681833929223708,0.001382902856562054,0.010730758309364319,0.0008952468633651733,0.0007197100203484297,0.0052720000967383385,0.012614999897778034
2105,0.0006558883543142848,5.632256979798384e-05,1.2030129432678223,0.6327560544013977,0.00400047076656251,0.000788711942177148,0.010357307448653659,0.0008761432515944989,0.010965962894260883,0.0011853491887450218,0.0005762099754065275,0.006314000114798546,0.005745000205934048
2106,0.000981573568599669,7.426147529404609e-05,1.0791243314743042,0.6524714976549149,0.0034230545059330242,0.0012156349112283729,0.020506320512616846,0.0018018294334392615,0.011836433783173561,0.0016591837629675865,0.000872710021212697,0.007381000090390444,0.01515199989080429
2107,0.000992017485454417,7.504873128718318e-05,0.9958705306053162,0.6784874051809311,0.002715434435344744,0.001305008034088353,0.022102161000883427,0.0019131183073389131,0.011355653405189514,0.0014039180241525173,0.0008447099826298654,0.006310999859124422,0.014535999856889248
2108,0.0016252470266760475,0.00011861748801313523,0.7652023434638977,0.6474929973483086,0.005695555385038686,0.0015072749426687099,0.10098206977271036,0.011084692232217572,0.014243800193071365,0.0014812466688454151,0.0016532100271433592,0.026398999616503716,0.05875900015234947
2109,0.001312135159498903,8.373782507474048e-05,1.219066858291626,0.6372043788433075,0.007549339303455534,0.0012855878618136516,0.03905617480366922,0.004117433714316086,0.011166010051965714,0.0010741520673036575,0.0014282099436968565,0.01676899939775467,0.02398799918591976
2110,0.0015929716330614404,0.00010483053674106304,0.3867775797843933,0.43515048176050186,0.0021235808763212945,0.0019529104777699696,0.048880315648206475,0.0036746992927266763,0.011423864401876926,0.0011836718767881393,0.0016168099828064442,0.012741000391542912,0.04029200226068497
2111,0.0011929218564313844,8.816801207171495e-05,1.1994483470916748,0.6435839682817459,8.317666569517546e-05,0.0005635702229052559,0.05574545983332315,0.004967776723582177,0.011933579109609127,0.0011243061162531376,0.0010024099610745907,0.006436000112444162,0.044621001929044724
2112,0.0007394330678557277,6.735003631612088e-05,1.1847164630889893,0.6748095750808716,0.002586849871023811,0.001388959745743021,0.03017380731278626,0.002539969132873545,0.010692122392356396,0.0008006659336388111,0.0005837099743075669,0.008603000082075596,0.021340999752283096
2113,0.0012269157326202551,9.346252967520343e-05,1.0477665662765503,0.6723260879516602,0.0023831479910179296,0.0018739377362785574,0.04818746120948329,0.004492820501385473,0.0114802410826087,0.001163823064416647,0.0011878099758177996,0.011838000267744064,0.032182998955249786
2114,0.0010226201948987162,0.00013712239439225778,1.1012054681777954,0.7034521996974945,0.010769763779081365,0.0013684222114867476,0.16140829728483855,0.021483370042783126,0.01416125800460577,0.0019693118520081043,0.0013037100434303284,0.04687900096178055,0.09053599834442139
2115,0.0006516479063970349,5.7687435796917276e-05,0.6521496772766113,0.6261626109480858,0.004273714363100512,0.0008931523876921903,0.014264673230771944,0.0011385472988123648,0.010489036329090595,0.000626660417765379,0.0005892100161872804,0.006279999855905771,0.010119999758899212
2116,0.0016328110264536052,7.165860974167452e-05,1.5628654956817627,0.43910300731658936,0.003607462808077665,0.0011261643499323375,0.03345949056072318,0.00299873404826392,0.010430457070469856,0.0004973434843122959,0.001677409978583455,0.015776999294757843,0.014161000028252602
2117,0.0016412948089280144,9.058905513354646e-05,0.8234418630599976,0.6535080671310425,0.004511096246095296,0.0014323021063575205,0.053588987424498066,0.005802578424856049,0.010656704194843769,0.0006880918517708778,0.001578910043463111,0.021438999101519585,0.03147600218653679
2118,0.0010358780213101549,6.537704749919645e-05,0.6903741955757141,0.5411175563931465,0.004671362900905575,0.0007375552390989572,0.009215623975282321,0.0007926704713390482,0.010573947802186012,0.0007592886686325073,0.0009278099751099944,0.006314000114798546,0.005646999925374985
2119,0.0011171376027719014,8.563532722590569e-05,0.5357339382171631,0.5676163509488106,0.0004840986826626127,0.0011943586035229018,0.05161614926505889,0.004068822792398657,0.01079245563596487,0.0008090604096651077,0.00116990995593369,0.009336000308394432,0.041902001947164536
2120,0.0009838739732827848,6.000420331214311e-05,1.5456371307373047,0.4707786440849304,0.0038949170146353996,0.0009483494496031507,0.020339457137753873,0.0016378547450004236,0.01050441525876522,0.0006119236350059509,0.0010940099600702524,0.0091540003195405,0.01078800018876791
2121,0.0006027054435658556,7.233873780494498e-05,1.003021240234375,0.6948805749416351,5.3331527659673416e-05,0.0003844135172531885,0.03392237306803669,0.0022230393947211685,0.011895116418600082,0.0012508979998528957,0.00044020998757332563,0.005140000022947788,0.024785999208688736
2122,0.0006709080722646438,6.661840993784973e-05,1.4612247943878174,0.5631618201732635,0.0025254387262805176,0.0013433489546132707,0.017757454385097807,0.0014538858134836245,0.012680437415838242,0.0021870448254048824,0.000581410015001893,0.006982999853789806,0.009039999917149544
2123,0.0007402535078957197,8.242479809795122e-05,0.6536152362823486,0.6613985300064087,0.002903355136804114,0.0016776822044078294,0.04751034792916213,0.0038636196697920504,0.010847505182027817,0.0009338888339698315,0.0005076099769212306,0.00823500007390976,0.035711999982595444
2124,0.0010423463424438762,6.364245338711467e-05,1.4006026983261108,0.5297322869300842,0.003140027562501737,0.0008008915836153275,0.014245785610847014,0.0011520407963959527,0.010587707161903381,0.0007354710251092911,0.0011124099837616086,0.006335000041872263,0.009875999763607979
2125,0.0014237064359726944,9.898635882586357e-05,1.4623191356658936,0.5799937844276428,0.00460830355142304,0.0014233649206258083,0.08065002910013987,0.00858830635727214,0.010720398277044296,0.0007292092777788639,0.0015084099723026156,0.02447899989783764,0.044321998953819275
2126,0.0007633384392033148,6.306244507696109e-05,1.2785029411315918,0.6272491812705994,0.0007313897256617168,0.0010602556164018727,0.018611028913729635,0.001388994684541017,0.010915471240878105,0.0011516893282532692,0.0007082099909894168,0.004511999897658825,0.012755000032484531
2127,0.000635686751439184,6.657023293296475e-05,1.5387141704559326,0.5087899565696716,0.004003847711585262,0.0012110513683191008,0.022524278100911316,0.001750038092910208,0.013201301917433739,0.0019500954076647758,0.0005528099718503654,0.006895000115036964,0.014268999919295311
2128,0.0011459255898810209,7.30754869451626e-05,1.042350172996521,0.6130807399749756,0.0051367152495598025,0.001002308956417191,0.014540849800832702,0.0014268543100855137,0.011634877882897854,0.0016389158554375172,0.0011793100275099277,0.007263000123202801,0.009397000074386597
2129,0.0007011884149457323,7.450149233998875e-05,0.8585059642791748,0.7031562253832817,0.004025534836477061,0.0013431973034951613,0.044178004366770926,0.0038045153557078326,0.010668802075088024,0.0007478338666260242,0.0005417100037448108,0.018211999908089638,0.020544998347759247
2130,0.0005320849769389699,5.6456475476816315e-05,1.0888850688934326,0.6776587516069412,0.001830272621628059,0.0009519784245415469,0.012524618093608256,0.0009475877146767819,0.011187865398824215,0.0014867051504552364,0.0004740100121125579,0.004025000147521496,0.008700000122189522
2131,0.0016788718513330364,0.00010526341747949463,1.458303451538086,0.5289186239242554,0.005002290631704205,0.0014512163304920985,0.06849592723773175,0.006661519115740248,0.012899796478450298,0.0012352494522929192,0.0018349100137129426,0.015956999734044075,0.04862799867987633
2132,0.0011873865180208256,7.090246339754079e-05,0.9788086414337158,0.6651821285486221,0.002477240121884326,0.0011867128261349,0.026812670883563372,0.002416430839103395,0.010369397699832916,0.00046917377039790154,0.0012355099897831678,0.00937699992209673,0.01692499965429306
2133,0.002221647526905304,0.00013678384809932722,1.206608533859253,0.6597174257040024,0.006561779136692133,0.0015139260716322102,0.11699683780152251,0.015518982121394367,0.0112226577475667,0.0009721154347062111,0.0022216099314391613,0.03407900035381317,0.06519299745559692
2134,0.002729475897775649,0.0002279714650960424,0.8973550200462341,0.7033058106899261,0.019775346446285594,0.001666115113392784,0.7919747557422121,0.18069125577523032,0.01687973365187645,0.0017863991670310497,0.0031452099792659283,0.12991000711917877,0.30873000621795654
2135,0.0011615284709841232,7.291726489367983e-05,1.4448816776275635,0.515977531671524,0.0030483532616867107,0.00123673794913041,0.025053722124844788,0.002139127745105664,0.011135264299809933,0.001115893479436636,0.0011762100039049983,0.00823500007390976,0.015964999794960022
2136,0.0012751051435556566,7.343714101761705e-05,0.9686882495880127,0.6271316707134247,0.007604098356361909,0.0010681816935546062,0.01914651910554511,0.002036889202818729,0.01065797358751297,0.000791188795119524,0.0014378100167959929,0.01269499957561493,0.010339999571442604
2137,0.0010698458187992524,7.008114114097526e-05,1.4678796529769897,0.5275784730911255,0.0013851974350318332,0.0013786359401075136,0.03002644355414992,0.0025066399116203085,0.010747743770480156,0.0008353251032531261,0.0008486100123263896,0.006829999852925539,0.019224999472498894
2138,0.0018145424303963494,0.00016148870271693368,1.1441234350204468,0.702867865562439,0.011068562575582898,0.0014427879822762803,0.175722313692642,0.02634118100239373,0.01098644733428955,0.0009700986556708813,0.001889109960757196,0.057962000370025635,0.07996900379657745
2139,0.00032626504481537164,5.816489901141564e-05,0.9409192204475403,0.7158129662275314,0.0016647590523931025,0.0014528794105516415,0.03036406316300242,0.002324116771864823,0.010338605381548405,0.00043354928493499756,0.00029612999060191214,0.00673400005325675,0.021807000041007996
2140,0.0008683321758679943,7.128066089195749e-05,1.0943410396575928,0.702411413192749,0.004318252441773472,0.0012882666130588443,0.04209179853554918,0.003968859440374759,0.010474036447703838,0.0005558319389820099,0.0008565100142732263,0.015652000904083252,0.026142999529838562
2141,0.0009286761130412341,6.54641024958801e-05,1.2757573127746582,0.6078320741653442,0.0028399206009013245,0.000995144641436664,0.017682442808014773,0.0014709935155280806,0.01088421605527401,0.001010275911539793,0.0007281100261025131,0.0065299998968839645,0.010577999986708164
2142,0.003127115270856686,0.0002182747113299941,1.381316900253296,0.6258868277072906,0.0171453029964878,0.00159454119838014,0.4447526003229741,0.08035077371566118,0.014708399772644043,0.00136520154774189,0.0037563100922852755,0.07908400148153305,0.17816999554634094
2143,0.0014241160454405751,8.132808394293429e-05,1.0669593811035156,0.6083569079637527,8.068505837071561e-05,0.0005294723514258467,0.035667295019674625,0.0031469221146076948,0.011411328800022602,0.0009682807140052319,0.0013274099910631776,0.007720999885350466,0.024602999910712242
2144,0.0009632946866567553,6.87108182869737e-05,1.0609408617019653,0.6741676181554794,0.0001224106205125226,0.000642538074173661,0.03736908873161101,0.003109955906012169,0.010461919009685516,0.0005139503628015518,0.0007965100230649114,0.011106000281870365,0.021508000791072845
2145,0.0006620937887739178,5.874479845609064e-05,1.161324381828308,0.6743869036436081,0.0015666321381222193,0.0012559194707876106,0.02313957220865807,0.001765225988177582,0.010308715514838696,0.00040868716314435005,0.00041901000076904893,0.006384999956935644,0.015102000907063484
2146,0.0009619085674190971,8.34720631934545e-05,0.49119651317596436,0.5454985350370407,0.001223597600243059,0.0015077768248521425,0.046363167656223926,0.003473586044094489,0.010816143825650215,0.0008609895594418049,0.0007928099948912859,0.009309000335633755,0.03535100072622299
2147,0.0011889160914137773,9.210345080803604e-05,1.060577154159546,0.7023852616548538,0.000866108380415525,0.0014011103820562344,0.07151441681619751,0.0072477792143503805,0.01073344424366951,0.0007515526376664639,0.0009675099863670766,0.016852999106049538,0.03814399987459183
2148,0.0032454670091204008,0.00015856822501163128,1.4637165069580078,0.5132163465023041,0.009369149987959272,0.001535811781861943,0.22270613776195106,0.028306446102295713,0.014965871348977089,0.00111807556822896,0.0035785099025815725,0.03893499821424484,0.13120299577713013
2149,0.00048086961945482937,5.298052005323092e-05,0.8472504019737244,0.6893973797559738,0.002697577972463054,0.0008336723512010547,0.014388929455753539,0.0010440244727180949,0.010384821332991123,0.0004998608492314816,0.00027657998725771904,0.004480000119656324,0.0097889993339777
2150,0.0006408913225183302,6.0777820062016426e-05,0.8451931476593018,0.6743830814957619,0.003354811663414181,0.0009491890291227012,0.01459084289898636,0.0011566223543714041,0.011065478436648846,0.0012391945347189903,0.0005816100165247917,0.00661499984562397,0.008311999961733818
2151,0.0009729542567619537,6.504350800757333e-05,1.1267526149749756,0.6344845443964005,0.004602048920789909,0.0009726499601170105,0.018016475366664023,0.001607243318712124,0.01043346431106329,0.0005682348273694515,0.001004909980110824,0.007579000201076269,0.014549999497830868
2152,0.0006819160871511951,6.718129236355668e-05,0.9662054181098938,0.6941613554954529,0.001270641336618594,0.001334723503771986,0.02463128796384979,0.001865853404617852,0.010913708247244358,0.001045416109263897,0.0005943099968135357,0.006940999999642372,0.01576700061559677
2153,0.0016112913020603545,0.00010961263690047521,1.3416402339935303,0.6007308959960938,0.005529529495604575,0.0014399053269531364,0.08028787674380969,0.008541992199526817,0.012770346365869045,0.001292781438678503,0.0015974099515005946,0.021800000220537186,0.04639999940991402
2154,0.0014455130617579434,8.524898761729351e-05,0.8992323875427246,0.5979219973087311,0.00014805352069497971,0.0008369604184909558,0.039669196371698835,0.0032445979772685735,0.014058471657335758,0.0012698597274720669,0.00145880994386971,0.008012999780476093,0.03085399977862835
2155,0.001960840740853702,8.911737656688715e-05,0.9261164665222168,0.6639679670333862,0.006196632531055177,0.00141811539656043,0.05822542114493293,0.007237292039711574,0.010418442077934742,0.00047996779903769493,0.0020765101071447134,0.02096400037407875,0.041888996958732605
2156,0.0006072391532538263,5.7441996600972464e-05,1.029137372970581,0.6782559454441071,0.0044287045912157486,0.0009555733720830119,0.014975577114496843,0.0012342299074274317,0.01078842394053936,0.0009488244540989399,0.0005992099759168923,0.0061160000041127205,0.011130999773740768
2157,0.0008354354669918847,6.140478327431632e-05,1.4328492879867554,0.5614833831787109,0.0030462086123812385,0.000942427661331977,0.015062856811402806,0.0012129094526407641,0.011073648929595947,0.001230686902999878,0.0008846099954098463,0.006895000115036964,0.008208000101149082
2158,0.001196347907610098,7.877824984800193e-05,0.6950660347938538,0.6388445794582367,0.0006109816215078875,0.001223010824802737,0.04368633114494536,0.003758998306980281,0.010518921539187431,0.0005990481004118919,0.001094509963877499,0.012670000083744526,0.031505998224020004
2159,0.0006662953938824821,6.435303725628384e-05,1.235219955444336,0.6463157832622528,0.0035459778867615007,0.0011328404156749103,0.014326711857534718,0.001249144359627247,0.012836023233830929,0.0024290261790156364,0.0005367100238800049,0.005140000022947788,0.010149000212550163
2160,0.0014441900155120946,9.287119671315272e-05,1.0362718105316162,0.6453255861997604,0.0020722766564518873,0.0017613713083868548,0.035216070087529056,0.00328284148103148,0.011385075747966766,0.0011900425888597965,0.0013999099610373378,0.00901500042527914,0.024945000186562538
2161,0.0008837784792851195,7.231431992005055e-05,1.1731489896774292,0.6497708410024643,0.00326832788072651,0.0012553804893487709,0.02569633707731458,0.0021852649023331745,0.011330457404255867,0.001242258120328188,0.0009498100262135267,0.006738999858498573,0.01939000003039837
2162,0.001148272605411944,7.461108566045413e-05,0.9281371831893921,0.6577863395214081,0.0030914086097388886,0.0012082463216857501,0.026109502194456544,0.0023340625017927667,0.010754605755209923,0.0008429414592683315,0.0010530099971219897,0.01015899982303381,0.014588000252842903
2163,0.002363681950434462,0.0001230084471520788,1.6443519592285156,0.407634437084198,0.0024838133202490843,0.002001819869515054,0.10584394326769989,0.010193783423198995,0.0107199652120471,0.0006626942194998264,0.0022015098948031664,0.018099000677466393,0.05873100087046623
2164,0.0006490309333366082,7.725491956907845e-05,0.9144333004951477,0.7118805944919586,0.0022021123849384045,0.0017579843951737524,0.04686044494228126,0.0038672793191737997,0.010809477418661118,0.000877519603818655,0.00036179000744596124,0.010143999941647053,0.03240299969911575
2165,0.002193568684543373,0.0001401583182371899,1.276738166809082,0.6243506371974945,0.00955891126527733,0.001471979027800975,0.1508375721251924,0.019702881221197233,0.013830047100782394,0.0012794588692486286,0.0023908100556582212,0.04125000163912773,0.06341399997472763
2166,0.0009470932600227724,6.680664861906762e-05,1.1054309606552124,0.6530764251947403,3.5629817877124716e-05,0.0002195476003118633,0.027348650525230455,0.0020987325661996747,0.010572649538516998,0.0006066788919270039,0.0008345100213773549,0.005907000042498112,0.01763400062918663
2167,0.0008953473613939009,6.580322629999791e-05,0.5133432149887085,0.548061553388834,0.003448184566505772,0.001097084415940571,0.02310212827166147,0.0017816194382442585,0.010602950118482113,0.0007248194888234138,0.0008669099770486355,0.008578999899327755,0.014028999954462051
2168,0.0008237109176052589,7.558803753598991e-05,1.4424810409545898,0.5654687285423279,0.0011542419846189828,0.001407963758738302,0.02684205993016089,0.002070323196725593,0.012569011189043522,0.0017715906724333763,0.0006942100008018315,0.00673400005325675,0.017981000244617462
2169,0.003049310643772056,0.0002169447972963643,0.9726283550262451,0.6952706128358841,0.013501086183292313,0.001632816450230729,0.44345809057048236,0.0820828462508287,0.015437547117471695,0.0014582136645913124,0.0034443100448697805,0.09057500213384628,0.22265499830245972
2170,0.0007991353008869387,6.889740999534085e-05,1.5815905332565308,0.45470327138900757,0.00021829683140908514,0.0008244785534068519,0.027559759962879838,0.0017994981790933548,0.012931160628795624,0.0014216438867151737,0.0007238099933601916,0.004989999812096357,0.02002600021660328
2171,0.0005135962378317545,5.298703104968927e-05,0.5587068796157837,0.5821966752409935,0.003684051261416067,0.0007879916105090149,0.011689527192717463,0.0008725920808069663,0.010544652119278908,0.0007288604974746704,0.00035690999357029796,0.006845000199973583,0.006037000101059675
2172,0.0007855481938095668,5.9744355046640555e-05,1.340937852859497,0.5947417318820953,0.0029761364553651712,0.0009291875660391868,0.016533610253959892,0.0013203869876114186,0.010793417692184448,0.0009386041201651096,0.0006075099809095263,0.00661499984562397,0.008611000142991543
2173,0.0010498090111192445,9.549105906617167e-05,0.7175719738006592,0.6498555913567543,0.0011235383283930828,0.001543119125434427,0.04662649239992006,0.003665041241087477,0.013298146426677704,0.001561376266181469,0.0008853100007399917,0.008293000049889088,0.03734400123357773
2174,0.0010979472234148224,8.165867850962389e-05,1.1377993822097778,0.6831260174512863,0.002992327545750451,0.0015916724259408886,0.04402360258428357,0.004070607515617972,0.010813411325216293,0.0008314670994877815,0.0009583099745213985,0.009309000335633755,0.03369100019335747
2175,0.0032833081560734757,0.00018733894468878575,1.5473518371582031,0.4833866357803345,0.011671027919194445,0.0014970768105645035,0.1880551094372134,0.02449726321842384,0.01216433197259903,0.0010036937892436981,0.0036341100931167603,0.05190400034189224,0.10133899748325348
2176,0.0004443526022821006,5.039043796034148e-05,1.2691805362701416,0.6436406970024109,0.00265512457121309,0.0007742328950089707,0.0086988855196966,0.000708456136140085,0.011606100015342236,0.001901235431432724,0.00025775001267902553,0.002346999943256378,0.00636899983510375
2177,0.0005354697852538944,5.984889122318828e-05,0.6506340503692627,0.649129644036293,0.0028165766513617773,0.0011105996949358232,0.020037185972481605,0.0014846726560488084,0.010790647007524967,0.0009619561024010181,0.0004704100138042122,0.006041999906301498,0.01574300043284893
2178,0.0006908505043484067,5.9355563570699416e-05,0.6915819644927979,0.6411250084638596,0.0034511350927533555,0.0009385174803443086,0.01686692832004023,0.0012786389158846202,0.010501399636268616,0.0006440244615077972,0.0005552099901251495,0.005166000220924616,0.012811999768018723
2179,0.0007364105938413456,6.348446545061169e-05,0.9640052914619446,0.6709882766008377,0.002794904837533704,0.0009892884375096557,0.016671016997577948,0.0013098388544998387,0.010957782156765461,0.0010905954986810684,0.0006986099760979414,0.006314000114798546,0.01128700003027916
2180,0.002560867945850107,0.0003345416716492432,0.9408279657363892,0.7503522038459778,0.006344428140526739,0.002425066962690189,0.33728874145840393,0.08787685905124887,0.012975187972187996,0.0019573625177145004,0.002717209979891777,0.05044100061058998,0.22060899436473846
2181,0.000733295800237047,6.204017683358453e-05,0.8127932548522949,0.6859907507896423,0.0015257013619722505,0.001326080165087162,0.02680569470321937,0.00214381330667447,0.010284016840159893,0.0003646658733487129,0.0006495100096799433,0.00786499958485365,0.01724100112915039
2182,0.0010925220574962344,8.356554564578709e-05,1.147916316986084,0.6640942990779877,0.0014011737883056932,0.0015226810028912123,0.041923543282611726,0.0037271814775239123,0.011107749305665493,0.0010010995902121067,0.0011955100344493985,0.011625999584794044,0.031679000705480576
2183,0.0005103387698866141,5.458133628510222e-05,0.7382310628890991,0.6311006546020508,0.0036521101614096865,0.0007569358546057686,0.006495124791272961,0.0006369509937331017,0.012391515076160431,0.0028231684118509293,0.00028981000650674105,0.0029299999587237835,0.00508899986743927
2184,0.0009727203352811832,6.648975894488825e-05,0.30034294724464417,0.3653980977833271,0.00012828869599790962,0.0006372600785539795,0.032375908065203726,0.001808087594554775,0.01039687730371952,0.00046526361256837845,0.0008201100281439722,0.008255000226199627,0.022460000589489937
2185,0.0009002899862244107,7.394006661794883e-05,0.9058530330657959,0.6825703680515289,0.0007396198207416499,0.0011995010378358197,0.03695505069456916,0.0030819183389309314,0.010672122240066528,0.0007408065721392632,0.0007059099734760821,0.010347999632358551,0.022797999903559685
2186,0.0030252285489048452,0.00018550471560540563,1.2716552019119263,0.6460636258125305,0.009891896201854967,0.0015585036713600016,0.18238237677377195,0.02857042250786611,0.011344937607645988,0.0009283190593123436,0.0032340099569410086,0.048420000821352005,0.08504699915647507
2187,0.0007799828889792364,5.721124967519566e-05,1.5333209037780762,0.4964728355407715,0.003064671396414187,0.0009490052873893273,0.017487904383816793,0.001331440053791249,0.010753978975117207,0.0009185508824884892,0.0007197100203484297,0.005752999801188707,0.012117000296711922
2188,0.0010922024259247389,7.99997694581313e-05,1.2036367654800415,0.6432345807552338,0.0001702459218340502,0.0007647501447074486,0.039189948788937674,0.0032876243978202,0.011564691551029682,0.0011090366169810295,0.0009826100431382656,0.006829000078141689,0.030949998646974564
2189,0.0008968536826289257,6.377527038427022e-05,1.261954665184021,0.6213986575603485,0.0027401836141807455,0.0009744574324691287,0.018523064179752267,0.0015399813910470274,0.010684574954211712,0.0008110655471682549,0.0007717100088484585,0.00737700005993247,0.011502999812364578
2190,0.0030432901671853235,0.00018756459289798492,0.7847228050231934,0.6619098484516144,0.013449000333312158,0.0015804639309859262,0.3148645485437721,0.049956383520308595,0.015965789556503296,0.0014346502721309662,0.0039314101450145245,0.07344900071620941,0.1445470005273819
2191,0.0003984871085659775,5.889986877449983e-05,0.9140877723693848,0.6966941654682159,0.0028371530651161735,0.0011341864031963868,0.013234471558298027,0.0010761284744395068,0.014005666598677635,0.0029254606924951077,0.00015765000716783106,0.003476999932900071,0.009233999997377396
2192,0.0005226037842610992,5.655244864411586e-05,0.6574683785438538,0.6332361996173859,0.004025674064749078,0.0008900705626731643,0.012603399685475398,0.0009885793454940733,0.010914953425526619,0.0011290060356259346,0.0003165800007991493,0.004645999986678362,0.008733000606298447
2193,0.0010060382616858211,7.892581283835064e-05,1.277881145477295,0.6662805527448654,0.0017902265407413586,0.0016746789225763968,0.05672881738596678,0.005484543003806939,0.010420827195048332,0.0005039633251726627,0.0008954100194387138,0.014918000437319279,0.036685001105070114
2194,0.0007086058597666488,6.041508082617542e-05,0.5977455377578735,0.5855800956487656,0.004027214737010139,0.0008075850533652282,0.010044367806845332,0.0008165888453300577,0.010971072129905224,0.0012650713324546814,0.000600609986577183,0.005818000063300133,0.004763999953866005
2195,0.0005813136163803927,6.057416260140183e-05,0.8186818361282349,0.6895015463232994,0.001765464843321763,0.0012953182165671457,0.022113363173437588,0.001633041591426453,0.010638010688126087,0.000792347826063633,0.0003872299857903272,0.007381000090390444,0.013219999149441719
2196,0.000970308568081769,7.554477930270389e-05,0.848046064376831,0.6835075169801712,0.0017904476837001613,0.0016051287023703736,0.03229804641166134,0.002714920376645122,0.010747202672064304,0.0008360431529581547,0.000788410019595176,0.008255000226199627,0.02442299947142601
2197,0.001796605419406485,8.57049987949489e-05,0.727782666683197,0.5731116533279419,0.002257665673421697,0.0014997194162012107,0.03392039912216605,0.003184402500360813,0.010550449602305889,0.0006429515779018402,0.0018049100181087852,0.011625999584794044,0.02314699999988079
2198,0.001448491963536177,9.400021074764363e-05,0.8967092037200928,0.673566073179245,0.0037969165920720286,0.0015577459745135488,0.05600514860200761,0.005871998665249168,0.010912202298641205,0.0008546411991119385,0.0015692099696025252,0.018007000908255577,0.03459300100803375
2199,0.00042030631211931836,5.975848876966808e-05,0.7611515522003174,0.6808777302503586,0.0027178653909922445,0.0011636604261242847,0.021997695486280232,0.0016435452902620468,0.010885887779295444,0.0010258653201162815,0.0003630499995779246,0.006310999859124422,0.015015000477433205
2200,0.0012212508156693724,9.98895649269335e-05,1.420276403427124,0.6063334941864014,0.003456148054865422,0.001679264765518316,0.0783116913630152,0.007935873668449799,0.01083009596914053,0.0008206581696867943,0.0009572100243531168,0.026398999616503716,0.033503998070955276
2201,0.0018918873993285148,0.00010816398441842968,1.3913161754608154,0.6179319024085999,0.009767818746553707,0.0013582304598775503,0.09288902637017897,0.01227711981858038,0.010489053092896938,0.0005533038638532162,0.002050909912213683,0.03413400053977966,0.04621100053191185
2202,0.0008673493083095554,6.659904652799579e-05,1.2878472805023193,0.6207114160060883,0.0007167208151949854,0.0011510059737040044,0.026777352417641308,0.0021422618231490328,0.010692908428609371,0.0007953410968184471,0.0006882100133225322,0.006829000078141689,0.016524000093340874
2203,0.00041097896978557996,6.515652908125642e-05,0.859199047088623,0.7110034376382828,0.0014411756544259085,0.0014846034623796167,0.03223932175960777,0.0023484486846694474,0.010780015960335732,0.0009059160947799683,0.0002281299966853112,0.00901500042527914,0.020535999909043312
2204,0.0008960490451746664,6.882267404931274e-05,1.3324916362762451,0.6596360802650452,0.0031013510103733086,0.0013594699232493193,0.04126622527426634,0.003906482733597245,0.01022681687027216,0.0002925633452832699,0.0008533099899068475,0.011926000006496906,0.02249399945139885
2205,0.0008208917636098843,7.777919271688812e-05,0.9521388411521912,0.6980979889631271,0.0014541344731828518,0.0015735450058674682,0.03788145045607533,0.003069752806144875,0.010960511863231659,0.0010186070576310158,0.0008251100080087781,0.006845000199973583,0.02909199893474579
2206,0.0005510970720373432,5.5678644341229763e-05,1.2258343696594238,0.6735539883375168,0.0025882135517050395,0.0010710223346856434,0.0210385097988081,0.0016345936285213428,0.010463541373610497,0.0005817231722176075,0.00037712001358158886,0.007946000434458256,0.01153900008648634
2207,0.0016541685866491556,0.00010386163141543091,0.6445733308792114,0.6217752248048782,0.00018091394263919708,0.0009241065105574799,0.0895286905619171,0.009609072306912707,0.010752103291451931,0.0007442221976816654,0.0014965099981054664,0.01648700051009655,0.0619719997048378
2208,0.0009353434460360307,7.646733213626932e-05,1.3893201351165771,0.6015265583992004,0.00342066877241264,0.0013881585407759301,0.04191417716391804,0.003767821851453402,0.010786153376102448,0.0008164159953594208,0.0008010099991224706,0.01648700051009655,0.019492000341415405
2209,0.0006542585500093383,6.946131941570525e-05,0.772117018699646,0.6872794181108475,0.00025186668757986203,0.000902115720087281,0.04289750010240295,0.003167565877723398,0.01033303514122963,0.0004146182909607887,0.0002944899897556752,0.006006000097841024,0.03044399991631508
2210,0.0007805495957834851,6.483297764226588e-05,0.5098783373832703,0.5763583742082119,0.0010248823164617001,0.001209830405366927,0.028319688706612587,0.002007354100293837,0.010337111540138721,0.0004332554526627064,0.0006333100027404726,0.006835999898612499,0.019314000383019447
2211,0.0006191630471543673,6.775566630829426e-05,1.1048951148986816,0.6912595629692078,0.003124971821489798,0.001250534651114576,0.025472854994665502,0.002040880486611274,0.011319365352392197,0.0012779436074197292,0.0003964299976360053,0.00698000006377697,0.01523900032043457
2212,0.0007121957576906104,7.340449002452053e-05,1.0584946870803833,0.6962351351976395,0.0019085143880326796,0.0015782475830569578,0.023053124081051632,0.001842254461514715,0.01160881295800209,0.0016396953724324703,0.000587310001719743,0.00661499984562397,0.014411999844014645
2213,0.0008658426304624441,6.330834038923582e-05,0.8647308349609375,0.6541559547185898,0.0045866660003510504,0.0009353972881281259,0.016193734314239778,0.0013814016716741243,0.010516554117202759,0.0006601796485483646,0.0007271100184880197,0.00749000022187829,0.009627999737858772
2214,0.001972613667964774,9.899622627630028e-05,0.8464301824569702,0.6265087276697159,0.00645316440883082,0.0013918967242164287,0.05324210020392921,0.006158016901606292,0.011077230796217918,0.0009134747087955475,0.0019345099572092295,0.022938000038266182,0.028889000415802002
2215,0.000914932521112772,6.668298832639103e-05,0.8491477370262146,0.6772874444723129,0.001893756775520302,0.001281352266946267,0.025259912722959715,0.0020731774885180392,0.01037412416189909,0.0004779323935508728,0.0008973099756985903,0.006951000075787306,0.017319999635219574
2216,0.0008675893244456067,6.636678846957868e-05,0.7139729857444763,0.6459108367562294,0.005253424963919352,0.0011488919298387624,0.02823158950135229,0.0025141798273621598,0.010441213846206665,0.0005350997671484947,0.0007675099768675864,0.006845000199973583,0.02305999957025051
2217,0.000978391361383097,7.175491635856595e-05,1.520174503326416,0.4978640675544739,0.0032802057737697054,0.0012809871076394964,0.028957209370750654,0.0023628881427815666,0.01134845893830061,0.0012006736360490322,0.0008619099971838295,0.008541000075638294,0.01872199960052967
2218,0.0016581208283780358,0.00010500243393135372,1.362662434577942,0.6059573590755463,0.00855467062519187,0.0013636524475675333,0.07497046563928471,0.008817636437268558,0.011132972314953804,0.0009590503759682178,0.001689509954303503,0.030567999929189682,0.040428999811410904
2219,0.0006359415569580157,6.325627249744917e-05,1.1789253950119019,0.6828894466161728,0.002882103974446589,0.0012672628520038409,0.02753510953157166,0.002186725436987681,0.010641798377037048,0.0007681264542043209,0.0004566099960356951,0.010228999890387058,0.015557999722659588
2220,0.0022128919692604096,0.00014636240882007104,1.4324750900268555,0.6042907536029816,0.009062240314686908,0.001440801921528166,0.1544788399525443,0.021458458146459053,0.010731987655162811,0.0007355483248829842,0.0020751100964844227,0.05770900100469589,0.039420999586582184
2221,0.0006514211380315284,6.239570311591675e-05,1.1682066917419434,0.6720595508813858,0.0010486449078895156,0.0011781163133858877,0.018082547196940135,0.0013697840422305357,0.01113627478480339,0.0013674679212272167,0.0004967100103385746,0.004484999924898148,0.01153900008648634
2222,0.0003760667446479293,5.3915091829085434e-05,1.3328956365585327,0.6481076776981354,0.0021776299706594195,0.0011456102316821182,0.016895397781842514,0.0012714169852090715,0.011281877756118774,0.0014153039082884789,0.00021768000442534685,0.0025160000659525394,0.014111999422311783
2223,0.0004862531958720971,4.9925753292664744e-05,1.5342642068862915,0.5048581957817078,0.002728926031147299,0.0008439427463186145,0.009474343983951803,0.000779687400298287,0.01213867124170065,0.002271746750921011,0.00027690999559126794,0.0036140000447630882,0.004997000098228455
2224,0.0007109847487096132,6.0730754107360266e-05,0.8675510883331299,0.6758089661598206,0.002821261015810679,0.0009371859688041894,0.01580608836891845,0.0012300934910877484,0.0106070376932621,0.000786392018198967,0.0006228099809959531,0.0048859999515116215,0.011376999318599701
2225,0.0007509900680228289,7.775014969792828e-05,1.3553988933563232,0.6072113215923309,0.00024742812727245484,0.000974809104779967,0.04203981564206054,0.00300788243481577,0.013762828893959522,0.001476865727454424,0.0006531099788844585,0.005903000012040138,0.03390200063586235
2226,0.0009726023277545418,8.703584857955326e-05,1.4312350749969482,0.5686401426792145,0.001935707459119494,0.0017741272670505066,0.040999430967177335,0.003366164026560467,0.012471566908061504,0.0014877598732709885,0.0007962100207805634,0.006951000075787306,0.031233999878168106
2227,0.00046816912067819123,6.791555633660557e-05,1.2044349908828735,0.693914920091629,0.001045738284801673,0.0013694651826504365,0.039161269753263166,0.00292344359573209,0.010735017247498035,0.0008067470043897629,0.0002887799928430468,0.006895000115036964,0.028365999460220337
2228,0.0010094278641179348,6.968579689920607e-05,0.9039159417152405,0.6511005163192749,0.0020783993421965843,0.001112927376465659,0.018274488545825297,0.001484226504641386,0.01069818064570427,0.0008939863182604313,0.0009802100248634815,0.0078050000593066216,0.011291000992059708
2229,0.0021134417017082303,0.0001874676138578042,0.7773290276527405,0.6831548288464546,0.007373576076773765,0.0015657713478714548,0.22228293654397602,0.03320937485751348,0.013037114404141903,0.001486180815845728,0.0019514099694788456,0.03893499821424484,0.14686299860477448
2230,0.001102299847847214,6.668303065827496e-05,1.347629427909851,0.5868171453475952,0.006328162713636176,0.0010936872227332996,0.025197359261501042,0.002466033242133096,0.010454650968313217,0.000570257194340229,0.0010433100396767259,0.012501000426709652,0.013097000308334827
2231,0.0008743627292926602,6.702287685532893e-05,0.676223874092102,0.6303714290261269,0.0029656689431605543,0.0011052840756443619,0.02075073145725911,0.0016233774000889729,0.010613981634378433,0.0007559102959930897,0.0008489100146107376,0.006835999898612499,0.013903999701142311
2232,0.0016511437371898045,8.664490974591053e-05,1.5666037797927856,0.4262596368789673,0.005163713647592399,0.0012797790846961208,0.03639120306231714,0.0032408080508179796,0.011871663853526115,0.001178849022835493,0.001887909951619804,0.012457000091671944,0.02316099964082241
2233,0.0007714738926605576,5.870836978625775e-05,1.3853920698165894,0.5786531567573547,0.0033719945771762787,0.0009538659815938409,0.019021380742088086,0.0015226711656958821,0.01062111184000969,0.0007470003329217434,0.0006731100147590041,0.0074800001457333565,0.011277999728918076
2234,0.0006603398019303584,7.29254324994521e-05,1.1502444744110107,0.6860920339822769,0.0008474199395072937,0.0012508943455520048,0.030800114565470275,0.0023180217067548334,0.011384278535842896,0.0013065589591860771,0.0004898100160062313,0.008603000082075596,0.019409000873565674
2235,0.0005366648954250503,5.542813993535418e-05,0.7233247756958008,0.6396639943122864,0.0004457361856436432,0.0006856874249825301,0.009307079408277016,0.0006013102958916947,0.010926196351647377,0.0013992302119731903,0.00040720999822951853,0.001979999942705035,0.005874000024050474
2236,0.001121240637492262,7.576593596348e-05,1.0645527839660645,0.6616477817296982,0.0024025923185136454,0.0012834252341479147,0.02391304767288874,0.002113493731854524,0.010921386070549488,0.0010306532494723797,0.0010807099752128124,0.006051999982446432,0.018818000331521034
2237,0.0005084854876774215,6.18053444790043e-05,0.9473305940628052,0.7002473026514053,0.003930869452369858,0.0010740435872329836,0.017216334608477043,0.0013641972398112864,0.011570301838219166,0.001577576156705618,0.0004155100032221526,0.00661499984562397,0.01093200035393238
2238,0.0008919651787887865,6.816059972502273e-05,0.5471017360687256,0.5975795909762383,0.004546097944203274,0.0011983547641012161,0.032161841554472326,0.002774178879015753,0.010261042974889278,0.00033737020567059517,0.0009131099795922637,0.01308399997651577,0.018779000267386436
2239,0.0008753314393008749,7.905908558042445e-05,0.8453883528709412,0.7060628905892372,0.00021889108841458777,0.000879106120342898,0.06114760571133318,0.005395859254554554,0.010465463623404503,0.0005501089617609978,0.0008671099785715342,0.01937600038945675,0.039000000804662704
2240,0.001687854384431894,0.00015505344459090364,1.2854299545288086,0.6773552894592285,0.01038888975340591,0.0014122118183656556,0.17761868553767335,0.02562912681483598,0.011184762232005596,0.0010730908252298832,0.001712010009214282,0.06014600023627281,0.057590000331401825
2241,0.0005613589314320265,5.6485215489253176e-05,1.0212208032608032,0.6775602549314499,0.002624432665954323,0.0007877977082143782,0.010264541271270083,0.0008110754829967863,0.01117303129285574,0.0014396272599697113,0.0004519099893514067,0.0034890000242739916,0.007073999848216772
2242,0.0007561172624554598,6.182787185272622e-05,0.8364427089691162,0.650419145822525,0.002572239840009679,0.0008955621456472301,0.014575483674567333,0.0011247664033080338,0.010733564384281635,0.0009084809571504593,0.0005767099792137742,0.005326000042259693,0.009589999914169312
2243,0.0013827767767316552,7.131136596103677e-05,1.7155253887176514,0.3293432593345642,0.002794782092689287,0.0012746705997867275,0.03069665579603492,0.002366142145409483,0.010968559421598911,0.0009427689947187901,0.0013874099822714925,0.010347999632358551,0.019074998795986176
2244,0.0007672692209376328,6.002907233413864e-05,0.939555287361145,0.6527796983718872,0.004135531870529079,0.0007723750156340551,0.011005424122328222,0.0009190801834093355,0.01055992767214775,0.0007317978888750076,0.000836309976875782,0.007805999834090471,0.005284999962896109
2245,0.00112132804724384,7.65371505337221e-05,0.972789466381073,0.6658517718315125,0.0007182013762183244,0.0012414147589452412,0.03411521686218,0.0029859601377528328,0.010794287547469139,0.0008384939283132553,0.001076210057362914,0.009158999659121037,0.020438000559806824
2246,0.0007217867874962795,6.190730856236093e-05,0.9847560524940491,0.6818643063306808,0.00337142446981043,0.0010038369622319043,0.017502147712770935,0.0014012337081833696,0.010663408786058426,0.000823059119284153,0.0006989099783822894,0.006310999859124422,0.01078999973833561
2247,0.0006393093129842525,5.7710375170261165e-05,1.2255566120147705,0.6425275355577469,0.005157902804885542,0.0009395557526035688,0.0127307394557571,0.0011124568526447113,0.011083502322435379,0.0012690965086221695,0.0006711099995300174,0.008511999621987343,0.006037000101059675
2248,0.0010469618083603837,9.174660420599239e-05,1.248043417930603,0.6755653321743011,0.0012546157701453665,0.0015556317731442529,0.07296395999076323,0.007098494727516759,0.010739247314631939,0.0007723011076450348,0.0006988099776208401,0.01686299964785576,0.04452899843454361
2249,0.0005245773467474807,5.7429892625944685e-05,0.8756796717643738,0.6753548979759216,0.0023893049329631513,0.0009272793216558654,0.012072093193449592,0.000942415509059615,0.01159973256289959,0.0017893104813992977,0.0003543499915394932,0.004000999964773655,0.007521999999880791
2250,0.0005307290105218514,6.674146918745537e-05,0.8214552402496338,0.6822328120470047,0.0031359396261095226,0.0012936922032995624,0.015742154169214272,0.0013389713538256099,0.013026507571339607,0.0026883245445787907,0.0004271100042387843,0.00585100008174777,0.010255000554025173
2251,0.00046165075989612245,5.1677969041807545e-05,0.8252697587013245,0.6664615347981453,0.004016815053473063,0.0006945340788891518,0.005233712269947742,0.0005388188330136025,0.014317311346530914,0.0034707612358033657,0.00027277000481262803,0.003092000028118491,0.0034790001809597015
2252,0.0007642932282213203,6.559610167918657e-05,1.0025074481964111,0.6922473013401031,0.0005770928951394254,0.0010882292832186343,0.03309753546542252,0.0025879698732711315,0.01049808133393526,0.0005887411534786224,0.0005871100001968443,0.007325999904423952,0.025107000023126602
2253,0.003616213003464482,0.000136355943679442,1.838423728942871,0.19152408838272095,0.011345465661646709,0.0013397264760980762,0.09712638653040283,0.006813850295340998,0.01131162978708744,0.0007608523592352867,0.003883309895172715,0.04359700158238411,0.024762999266386032
2254,0.0012952321112055876,8.195073972797106e-05,1.5847941637039185,0.42860400676727295,0.0056074261323078,0.0013479319162579902,0.027389263050444975,0.0023551350061180743,0.0136983348056674,0.0019121370278298855,0.0013529099524021149,0.010862000286579132,0.01737299934029579
2255,0.0009697334451741618,6.97256979425832e-05,0.8357342481613159,0.6813670098781586,0.0010118885348150942,0.0012947411990117306,0.03339283325192878,0.002785237447102195,0.010406546294689178,0.0005000145174562931,0.001040110015310347,0.009021000005304813,0.0234179999679327
2256,0.001017660528481376,9.551451395956089e-05,0.8369842171669006,0.6985040977597237,0.003093338835950792,0.0017836136345443033,0.06357937224159331,0.0059435519177633185,0.011075008660554886,0.0010397350415587425,0.001027410035021603,0.01057399995625019,0.05312899872660637
2257,0.0008896730446799327,7.18780659075175e-05,1.0591627359390259,0.6960826218128204,0.0013062223281949197,0.0014081811817873518,0.036147124845852176,0.003026691158056132,0.01050897128880024,0.0006131264381110668,0.000816810003016144,0.006829999852925539,0.025049999356269836
2258,0.0005475314152269904,7.968309897340726e-05,1.1070971488952637,0.7078385204076767,0.002679335837360224,0.0016700821228100187,0.05259122549479467,0.004485219363711702,0.010905155912041664,0.0009225639514625072,0.00046300998656079173,0.011525999754667282,0.034942999482154846
2259,0.0005217712946767943,5.628309383290511e-05,1.0758476257324219,0.7015971839427948,0.0027730191664121027,0.0010123137384090506,0.017667291368280786,0.001340859105723232,0.01063710916787386,0.0008020251989364624,0.00038094999035820365,0.005628999788314104,0.012319999746978283
2260,0.00039668292613321166,0.00010019925386176004,1.1522753238677979,0.7066180557012558,3.900615279768426e-05,0.000298830659560667,0.10702554081174818,0.01064198178283196,0.011973707005381584,0.0015612752176821232,0.00026485000853426754,0.006310999859124422,0.08596799522638321
2261,0.000596299295628675,5.532765345577862e-05,1.2695140838623047,0.6412946879863739,0.004263202350262268,0.0009138422778691591,0.014428285755435638,0.0011584492348183806,0.01075046882033348,0.000920390710234642,0.0004934099852107465,0.005255000200122595,0.010854000225663185
2262,0.0012858391639538299,0.00012739077151571873,1.1399215459823608,0.6922251731157303,0.004188740207283205,0.0016062605027938972,0.11235077972563152,0.012728539581873893,0.011954191140830517,0.0013764346949756145,0.0011098099639639258,0.027272000908851624,0.06281600147485733
2263,0.0007520751418401821,8.234894944772486e-05,0.729407787322998,0.6645799279212952,0.00021486820480833956,0.0009079869282385019,0.04630235087060191,0.0033933426848023612,0.011690394021570683,0.0012352997437119484,0.0006072099786251783,0.006845000199973583,0.037675000727176666
2264,0.0009439969239763147,0.00010517784081241988,0.7545027136802673,0.6830428019165993,0.003406133063405332,0.0017269219758478992,0.08575714914749497,0.008424659832916973,0.01119568943977356,0.0011185691691935062,0.0006793100037612021,0.023242000490427017,0.04796700179576874
2265,0.0047964022065406595,0.00026972396930358394,0.785664439201355,0.658573180437088,0.014140725353364487,0.0017877856447388613,0.29223667654657415,0.056294240363954154,0.012285199947655201,0.0009119748137891293,0.0056470101699233055,0.08599799871444702,0.1461549997329712
2266,0.0007001371688651957,6.63321442793626e-05,1.0002468824386597,0.6924941688776016,0.003610791451046831,0.0011237409483997299,0.022376811452623144,0.0018078158314634094,0.011035026982426643,0.001114248763769865,0.0004892100114375353,0.0065299998968839645,0.016266999766230583
2267,0.0009722558635105037,6.488205775071528e-05,1.3725438117980957,0.5829375684261322,0.0020151072357289593,0.001308470297505607,0.024783337654091384,0.0020781216004797758,0.010534991510212421,0.0006691361777484417,0.0009380099945701659,0.006647000089287758,0.017278000712394714
2268,0.0010106915731931264,7.172071516510216e-05,1.427245020866394,0.5325511395931244,0.003770710307962982,0.0011724392649348262,0.020049102509866905,0.001721294912950701,0.012419626116752625,0.0017929584719240665,0.0011092099593952298,0.007356000132858753,0.01310999970883131
2269,0.0009211840482041853,8.140626674190294e-05,0.8726034164428711,0.6710646152496338,0.00024994464568935197,0.0009371178996812181,0.0347648561839602,0.0026456924698766877,0.012469811365008354,0.0013797525316476822,0.0007787100039422512,0.0061980001628398895,0.027136001735925674
2270,0.0009915802705735576,7.510967459590568e-05,0.7240144610404968,0.6369598954916,0.00045905478548534655,0.0010733606519638956,0.02473427031517606,0.0018828536043649022,0.01103916484862566,0.0011144699528813362,0.000891309988219291,0.00673400005325675,0.01651899889111519
2271,0.0006049874804256325,5.488265388233637e-05,1.0234031677246094,0.6754404604434967,0.004519206627596754,0.0008585217375830807,0.014011176367301722,0.0011426491922766702,0.010365894064307213,0.0004780236631631851,0.0006299099768511951,0.006314000114798546,0.009829999879002571
2272,0.0011311133701846193,7.154758354139591e-05,1.36761474609375,0.5731078386306763,0.004304387596166121,0.0011468970074800175,0.02763251636535049,0.002507531228805664,0.010840924456715584,0.0008920677937567234,0.0010959099745377898,0.01071999967098236,0.017861999571323395
2273,0.0003189691310843578,5.8686760018681684e-05,1.005371332168579,0.7099346071481705,0.00024809119936107727,0.0007613342343673933,0.02457157267219639,0.00147223148706941,0.010850313119590282,0.0009282631799578667,0.00015774999337736517,0.004290000069886446,0.020090000703930855
2274,0.00080626876506124,7.795194830519298e-05,1.5009689331054688,0.5317398905754089,0.0011650626184723026,0.0014508471534370512,0.03057730788528255,0.002282419952707152,0.01246280875056982,0.0016763592138886452,0.0006824100273661315,0.006940999999642372,0.02081400156021118
2275,0.001744178692591,0.00010162116593982404,1.0788335800170898,0.6739148646593094,0.00450490924922013,0.0015350759085436022,0.06888894718554411,0.007835012155124606,0.010947177186608315,0.0008454504422843456,0.0017032099422067404,0.021359000355005264,0.04384399950504303
2276,0.005215484907595233,0.00017138042039326713,1.6821181774139404,0.3313966989517212,0.01497025478277683,0.0015239208770530506,0.40510033429138165,0.04248533443711508,0.017589891329407692,0.0008889399468898773,0.005791409872472286,0.07551400363445282,0.13262100517749786
2277,0.003799967334781286,0.0002147063269098237,1.334679126739502,0.5998270511627197,0.009875211673369137,0.0016597585753742828,0.24158305858473053,0.03790756437049986,0.012481056153774261,0.0009551504626870155,0.004140709992498159,0.05286899954080582,0.1272279918193817
2278,0.0009840495299634619,6.731032255655536e-05,1.0863304138183594,0.6509872525930405,0.0010496597540294286,0.0011526747720943375,0.020637630567034795,0.001641664480957707,0.010613622143864632,0.0007996838539838791,0.0008775099995546043,0.00673400005325675,0.010323000140488148
2279,0.0015759075872846355,7.654039995120545e-05,0.924797534942627,0.6444605886936188,0.0004923123324704786,0.001044101759094977,0.03985274720294767,0.003998215328797364,0.010351268574595451,0.0004351530224084854,0.0014850100269541144,0.011471999809145927,0.026561999693512917
2280,0.0006153599924106468,6.652654977232946e-05,1.1337416172027588,0.6843009144067764,0.002970296325574351,0.0012730887421419307,0.01850641521388932,0.0015010062184453478,0.01227610930800438,0.001996616367250681,0.0005301099736243486,0.005297999829053879,0.012900999747216702
2281,0.0028376032292036163,0.00012339566644624378,1.3332749605178833,0.6116360127925873,0.008674259729122691,0.0014622841759833766,0.10374820734335435,0.014848754045567708,0.010502848774194717,0.0005351174622774124,0.0031967100221663713,0.0332150012254715,0.0528239980340004
2282,0.0005818244471058495,5.542999002125027e-05,0.5772728323936462,0.5838766768574715,0.004740125421652994,0.000853429681865055,0.013204745717517688,0.0010388045212594574,0.010532249696552753,0.0006876680999994278,0.0005012099863961339,0.006996000185608864,0.00808900035917759
2283,0.0012852343509823015,8.92326141076358e-05,1.0466586351394653,0.6269716620445251,0.0007696333430637555,0.0013355818801306422,0.038649193953571755,0.003252361096671954,0.014280007220804691,0.0015045865438878536,0.0012754099443554878,0.007290999870747328,0.029465001076459885
2284,0.0006218220588034701,6.0006838796373486e-05,1.2512420415878296,0.6357758045196533,0.00016440163910208638,0.0006018478137250725,0.01706883346739719,0.0011251373223729218,0.011247346177697182,0.0012136842124164104,0.0004420100012794137,0.0034890000242739916,0.011625999584794044
2285,0.0008050648404483991,6.235913380699625e-05,1.3211476802825928,0.6124230623245239,0.003933371329698693,0.001028820934351446,0.020656922603927198,0.0017140458783518765,0.010718920268118382,0.0008522565476596355,0.0007579100201837718,0.00698000006377697,0.014677000232040882
2286,0.0005369203898500417,5.5900471652477846e-05,1.11431884765625,0.684028297662735,0.004247615705165333,0.0009008569411268611,0.012558771749776121,0.0010330800296116565,0.010915708728134632,0.001130969263613224,0.00045140998554416,0.007946000434458256,0.006318000145256519
2287,0.005156427762313551,0.0002186029898342311,1.3148199319839478,0.5725185871124268,0.013742008048179946,0.0018129711837491834,0.4554215937759018,0.07220513836572606,0.01622438058257103,0.0009443163871765137,0.0056356098502874374,0.08062800019979477,0.1713939905166626
2288,0.0003371609559036586,5.236224033546244e-05,1.011501669883728,0.7086562812328339,0.0021743819036004483,0.0009915878145644503,0.014322579362049085,0.001089338187171363,0.01097111962735653,0.0012060590088367462,0.00011148000339744613,0.0023980000987648964,0.011506999842822552
2289,0.002068481567505928,0.00011991103350473067,1.1923208236694336,0.6852661520242691,0.005644761084147414,0.0015037352937809787,0.11275602547338678,0.015451095272616545,0.010535145178437233,0.0005831862799823284,0.0020865099504590034,0.028540000319480896,0.061191000044345856
2290,0.0009704337557433485,7.540901375769775e-05,1.3974087238311768,0.5696711540222168,0.0008490534890134027,0.0012509050445308706,0.024621581036919284,0.001982570476693847,0.011880336329340935,0.0015877233818173409,0.0009223099914379418,0.00661499984562397,0.014196999371051788
2291,0.0008821899871930621,7.11148716674401e-05,1.0174674987792969,0.6677793115377426,0.00013932778201188856,0.0007150058321026201,0.026896608006940277,0.0020318471059624574,0.010959815233945847,0.0009564962238073349,0.0007442099740728736,0.0074800001457333565,0.018192999064922333
2292,0.0009785342447713467,7.656872624506322e-05,0.9658076763153076,0.6639149039983749,0.002462577158058483,0.0013915787145822765,0.02117415758414998,0.0018005215846586767,0.011566923931241035,0.001586980652064085,0.0009128099773079157,0.0050119999796152115,0.014832999557256699
2293,0.0008039289118377419,6.414489346807787e-05,1.044515609741211,0.655865028500557,0.0034918726416205475,0.0009975297378211998,0.017325697755108595,0.0014277323569630608,0.010821156203746796,0.0009492235258221626,0.0007507100235670805,0.006738999858498573,0.012110999785363674
2294,0.0013932663469607763,6.958490229683591e-05,0.33374908566474915,0.3864603079855442,0.004187117053188715,0.0010937504024391106,0.025202512514866337,0.001869773992269827,0.010430947877466679,0.0005292673595249653,0.0015296100173145533,0.01030499953776598,0.019898001104593277
2295,0.0010365111503789011,7.78117248499677e-05,0.9973646998405457,0.687529668211937,0.00020393874415041083,0.0008237356863851963,0.04851042986606715,0.0043134982960843435,0.01064051128923893,0.000678451731801033,0.0009802100248634815,0.006951000075787306,0.03991600126028061
2296,0.0038210178764486714,0.000261219061331863,0.8245282769203186,0.6807413622736931,0.014832259282745295,0.001712831176090216,0.32968022697437344,0.06458865476158077,0.0120254997164011,0.0010932921431958675,0.004467510152608156,0.0833830013871193,0.17049700021743774
2297,0.000882937584601684,6.597248272945756e-05,0.9964820742607117,0.6828964799642563,0.001003332903934001,0.0011882466086467693,0.02458998568898592,0.00195504528031374,0.010540895164012909,0.0006708418950438499,0.0008186100167222321,0.004135999828577042,0.01840599998831749
2298,0.01038202241978468,0.0003837141121721911,0.7781782150268555,0.4939107894897461,0.05092713373158591,0.002633908186847913,1.6530205742732629,0.22123255760125493,0.019787942990660667,0.0002556461840867996,0.013494109734892845,0.35269999504089355,0.18703299760818481
2299,0.0010298749174354573,6.999432808458991e-05,1.1013110876083374,0.6629036217927933,0.0005439679243044724,0.0009937711770233075,0.030442944251058084,0.002600406298012222,0.010482284240424633,0.0005736332386732101,0.0008748099789954722,0.0061980001628398895,0.02163800038397312
2300,0.0005451311238734482,6.316181137244219e-05,1.2328782081604004,0.6755615770816803,0.002100492699944476,0.0014794028600900063,0.025165501677577327,0.001968447135895758,0.011001653969287872,0.0011181207373738289,0.0004465100064408034,0.006835999898612499,0.01655299961566925
2301,0.0008670393857385016,8.42610295014876e-05,0.8331460952758789,0.6943526193499565,0.0003237747218821312,0.0010400040607476569,0.059868721463578696,0.005111836598587702,0.01088501513004303,0.0008732662536203861,0.0008057099767029285,0.011838000267744064,0.04493900015950203
2302,0.00045572824896929334,5.1479624492161975e-05,0.8622644543647766,0.6756299361586571,0.0029943553554068847,0.00068536480951693,0.008080829083736488,0.000628652481029729,0.011003292165696621,0.001323122065514326,0.00028169999131932855,0.0026700000744313,0.005781000014394522
2303,0.0007681256068614343,7.429282585050457e-05,1.195658564567566,0.6644932478666306,8.745513923298308e-05,0.0005795558425578302,0.03540632477159036,0.0025947248986221937,0.011439092457294464,0.00111363735049963,0.0004916099715046585,0.006310999859124422,0.02491699904203415
2304,0.003462202112205866,0.00020542438363337838,1.1697828769683838,0.6684493720531464,0.018254956048716853,0.0016223126154063586,0.3581302436792196,0.06130966155084869,0.015585046261548996,0.0012659011408686638,0.0040586101822555065,0.10181000083684921,0.13068801164627075
2305,0.0018073833443930183,0.0001214648055460827,1.6304271221160889,0.42607277631759644,0.008828542176865701,0.001365018901890933,0.1018204124064914,0.010365839354943847,0.011638060212135315,0.0011098049581050873,0.0019289100309833884,0.03951999917626381,0.03935199975967407
2306,0.0004716934020680147,5.1577906313405615e-05,1.3548593521118164,0.6270619332790375,0.0025137561871485747,0.0009759007851547112,0.017412243831237975,0.001328690361247841,0.010468263179063797,0.0006138649769127369,0.00036509998608380556,0.0030610000248998404,0.014347000047564507
2307,0.0008509816523196577,6.80008512741353e-05,0.6960588693618774,0.6416014283895493,0.004143806374113297,0.0011850666430854686,0.028323886685116227,0.0023235346350394936,0.01052267849445343,0.0006386274471879005,0.0006803100113756955,0.00822100043296814,0.020631998777389526
2308,0.0010609253667525419,7.72372126897758e-05,1.1536672115325928,0.687446653842926,0.0040975500877033465,0.001307670489637423,0.04643364798763892,0.004556679221808722,0.01045125164091587,0.0005368422716856003,0.0010295100510120392,0.013717000372707844,0.029222998768091202
2309,0.002885739029941258,0.0003318656047508965,1.1866294145584106,0.6984278112649918,0.0321103796997822,0.0019366206783516492,1.2330285678346278,0.3661624285182739,0.014934738166630268,0.002195133827626705,0.0033516099210828543,0.20268000662326813,0.5338000059127808
2310,0.0014408718751448577,0.00011652473406082917,0.7456719279289246,0.6566326096653938,0.002125981451526144,0.001961419808815994,0.0794848810661568,0.00781713623478509,0.012189989909529686,0.0013111140578985214,0.0013186100404709578,0.015157000161707401,0.05704199895262718
2311,0.0023005853015739194,0.00010701381361587973,1.5835011005401611,0.4590453505516052,0.0063919104790068244,0.0014101970589360138,0.09012067743218363,0.009650570743445525,0.010522378608584404,0.0005442798137664795,0.002315809950232506,0.023242000490427017,0.05170600116252899
2312,0.0030329610745362143,0.00020634612383966513,1.091679334640503,0.6848251670598984,0.01312638049487982,0.0015900876942158328,0.3209803591411797,0.05592553777505768,0.014106040820479393,0.0012918156571686268,0.0033074100501835346,0.07551400363445282,0.15467800199985504
2313,0.000586597691060412,5.997114369691415e-05,1.0064877271652222,0.6971484869718552,0.004145583423009964,0.0010634677387063181,0.02132573620189732,0.0017054155030612785,0.010594682767987251,0.0007164166308939457,0.00037742999847978354,0.006738999858498573,0.01360700000077486
2314,0.000762263896415534,6.388454026211722e-05,0.8517977595329285,0.697903499007225,0.0011232207217962602,0.001236968552789787,0.027489420977569578,0.002103438178824805,0.010355145670473576,0.0004595685750246048,0.0006716100033372641,0.009864999912679195,0.012222000397741795
2315,0.001918290606309491,0.00013140791498733877,1.4066143035888672,0.59087735414505,0.003843248254814924,0.0017163114126707848,0.11410545547335339,0.013210260110089384,0.01119984220713377,0.0009631412103772163,0.0018551100511103868,0.026799999177455902,0.0659170001745224
2316,0.00041896509204243404,7.733017104981179e-05,0.8253269791603088,0.6960185244679451,8.935913851764973e-05,0.0005919642022795031,0.03895595961164111,0.002420402573012497,0.012902472168207169,0.0015490329824388027,0.0002498500107321888,0.006314000114798546,0.028673000633716583
2317,0.001149183862467398,6.74045957964601e-05,1.3428510427474976,0.5548095703125,0.0036776516731878636,0.0009687276929466555,0.019649743943727548,0.0017046626859947376,0.010619044303894043,0.0007450892589986324,0.001026810030452907,0.008603000082075596,0.012171000242233276
2318,0.0005570864117824403,5.401827805475703e-05,1.0676090717315674,0.6488964557647705,0.001886882753729895,0.0006458367466413489,0.0054723632199026265,0.0005003962002435086,0.013749083504080772,0.003307676874101162,0.00038976999348960817,0.0017320000333711505,0.003622000105679035
2319,0.0005723467180793218,5.862832907103081e-05,1.2610551118850708,0.657186433672905,0.002994028249431927,0.001139009907909572,0.022605503852454904,0.001815493700183038,0.01077092532068491,0.0008912207558751106,0.00042140998994000256,0.007511999923735857,0.016582001000642776
2320,0.0018945501815224146,0.0001652361327857722,1.112686038017273,0.6940689235925674,0.00997077670939199,0.0014941924888881757,0.19291751593903605,0.028832222879407232,0.012941491790115833,0.0014675222337245941,0.0022581100929528475,0.0467119999229908,0.12458500266075134
2321,0.0009434917804925469,6.048445926386855e-05,1.539430856704712,0.4961678087711334,0.0040467839931788915,0.0010693125068159282,0.026852907618049055,0.002271886231176839,0.010327644646167755,0.00041180383414030075,0.0009140099864453077,0.009417999535799026,0.01897599920630455
2322,0.0007143670480304304,6.625854323544917e-05,0.6594659090042114,0.6078712344169617,0.003708286977550295,0.0011156323926886402,0.012518225275250964,0.0010819483973905104,0.01402566023170948,0.0030122138559818268,0.0006094099953770638,0.003751999931409955,0.01027899980545044
2323,0.000333582587426705,5.23098509972456e-05,0.8615952730178833,0.6935045048594475,0.0039103491617694984,0.0009193507287130055,0.013383596891140248,0.001033411144702354,0.010824081487953663,0.0010344581678509712,0.00019038999744225293,0.004290000069886446,0.010701000690460205
2324,0.0010129606727480663,8.218389295714138e-05,1.1142174005508423,0.690417692065239,0.004378633413018927,0.001358621312191271,0.04669766784573375,0.004462911723546396,0.01083366572856903,0.0008440660312771797,0.001051309984177351,0.008469999767839909,0.040803998708724976
2325,0.005576178897321968,0.0002664634778382557,1.652474045753479,0.4085528254508972,0.017944092891024013,0.0016818801307786572,0.4364107492256467,0.06208844160701363,0.012698307633399963,0.000836480874568224,0.006027909927070141,0.09152299910783768,0.12950499355793
2326,0.0003589883986612217,4.808464091898433e-05,1.0662498474121094,0.6946323215961456,0.003391011225436397,0.000693955334130228,0.005576974867552591,0.0005501115535294478,0.013786633498966694,0.0033446643501520157,0.00022456000442616642,0.0034910000395029783,0.003355999942868948
2327,0.0005342676574525894,9.262985975250654e-05,1.0830795764923096,0.7022398859262466,0.0001354296846444813,0.0007691983373323217,0.07748625090140947,0.006671790257367111,0.011941579170525074,0.0014202208258211613,0.0002703199861571193,0.006845000199973583,0.054767999798059464
2328,0.0009504162573046545,6.342277327961606e-05,1.183598279953003,0.6419220268726349,0.0048834115465337,0.0009398200363351255,0.018359629852476172,0.0016777017039019577,0.010286686941981316,0.0003688032738864422,0.00112550996709615,0.007805999834090471,0.012796999886631966
2329,0.002261267794077128,0.000198439552546948,0.825217604637146,0.6892814263701439,0.007860412666851483,0.001621445240951037,0.2877038224434204,0.046143134771712335,0.01353483460843563,0.001477362122386694,0.0023834099993109703,0.05881499871611595,0.16453400254249573
2330,0.0007651475526460529,6.633249942907931e-05,1.0536539554595947,0.6788179725408554,0.0026494707083665977,0.0012010011725125857,0.021912415541021357,0.001772134067251874,0.011003411374986172,0.001092126127332449,0.0006255100015550852,0.00661499984562397,0.014097999781370163
2331,0.0063823275043099065,0.0002729910240255552,0.9903017282485962,0.6198814213275909,0.021193561395868057,0.0020435602374394013,0.46508010841869757,0.08768091761949456,0.015217497944831848,0.0008372846059501171,0.007555210031569004,0.11653999984264374,0.17398999631404877
2332,0.0008805980656251228,7.398138079129469e-05,0.6939217448234558,0.6097948402166367,0.0028969516187169727,0.0011806115099624597,0.017042354444803953,0.00140820601993338,0.012141060084104538,0.0019547673873603344,0.0008261100156232715,0.0035600000992417336,0.014038000255823135
2333,0.00099476059314048,6.833972105224731e-05,1.6121447086334229,0.45047420263290405,0.00026811515420251575,0.0008347217495980775,0.044346615489883605,0.0033826580446797323,0.010476396419107914,0.0005356981419026852,0.0009570100228302181,0.010741000063717365,0.02747800014913082
2334,0.0017240935278254185,9.274739192506988e-05,1.4955214262008667,0.46782246232032776,8.952559420471521e-05,0.0005683154596086992,0.0919856756033883,0.008033171694403964,0.014941379427909851,0.001101196277886629,0.0018182100029662251,0.014100000262260437,0.06684999912977219
2335,0.0018987077297619186,9.18038509732514e-05,1.5566643476486206,0.43459445238113403,0.005584962283817282,0.0013071224713444587,0.04610201338723378,0.004279848281985379,0.01114007830619812,0.0009101815521717072,0.0019909099210053682,0.015417000278830528,0.02783600054681301
2336,0.0006222523303880318,5.802007413207655e-05,1.2171471118927002,0.6533543020486832,0.003514448560270601,0.0009454674582022344,0.016074396509630454,0.00127755539233158,0.010860681533813477,0.0010196357034146786,0.0004893100121989846,0.004989999812096357,0.010848999954760075
2337,0.0012038790506657942,6.92718076628913e-05,1.4358782768249512,0.5357005596160889,0.0005808902864047524,0.0009921852804226547,0.026823109107717246,0.0022118976298755744,0.010569356381893158,0.0006734211929142475,0.0011435099877417088,0.006951000075787306,0.017914000898599625
2338,0.0006254414868972764,5.913522929173348e-05,0.8268338441848755,0.6772737577557564,9.84830461314492e-05,0.00048025364285496846,0.020737310660472914,0.001300797275010028,0.010568730533123016,0.0006497637368738651,0.0005350100109353662,0.007805999834090471,0.011005000211298466
2339,0.0013355324939021273,9.398394754220817e-05,0.5782349109649658,0.5615144893527031,0.00030078800770443417,0.001049106778023257,0.0504120314774826,0.004047317594893789,0.01194173377007246,0.0011860704980790615,0.001111609977670014,0.009309000335633755,0.04156000167131424
2340,0.0007141584426950145,6.19283056802174e-05,1.0526024103164673,0.6984792500734329,0.0016880193267075243,0.0013545635326676392,0.02315466846211535,0.0018031844294448696,0.010509153828024864,0.0006526419892907143,0.0006421100115403533,0.006314000114798546,0.015610000118613243
2341,0.0015101278921924894,7.380299781610815e-05,1.0582525730133057,0.6720819622278214,0.006029284930094165,0.001143680426856762,0.03168827509333186,0.0037086188832815923,0.010218004696071148,0.00028902990743517876,0.0015370099572464824,0.018628999590873718,0.01570899970829487
2342,0.0005927316841742928,5.828476483176289e-05,1.0546956062316895,0.6868495047092438,0.004912310935411445,0.0009928452774547987,0.01554461811344959,0.001297608869550754,0.010910822078585625,0.001088904682546854,0.0005158099811524153,0.006845000199973583,0.010685999877750874
2343,0.0075425289354981015,0.0004711795340082551,0.6423656940460205,0.6088948622345924,0.025454053370584352,0.0025401672506468187,1.2751549324566323,0.2986175460127678,0.014461623504757881,0.001175462268292904,0.010001109912991524,0.17890000343322754,0.7822099924087524
2344,0.0007919066888053943,6.277252932501833e-05,1.0094435214996338,0.6746423989534378,0.004925872729549047,0.0010310210728842876,0.01989883487513655,0.0017120915164260658,0.010537508875131607,0.0006671170704066753,0.0007915099849924445,0.007594000082463026,0.014588000252842903
2345,0.0009616213414995954,7.327313951207035e-05,1.0748443603515625,0.6813767552375793,0.003159248014067335,0.0013153999834413636,0.03408587250347965,0.003038066279002419,0.010681579820811749,0.000767954159528017,0.0009346100268885493,0.011377999559044838,0.023864001035690308
2346,0.000561376497642075,5.693430889400973e-05,0.9000357389450073,0.6819712966680527,0.005167533495886665,0.0009799449296526335,0.01695268569171613,0.0013909211231716134,0.010609307326376438,0.0007617413066327572,0.00044631000491790473,0.006829999852925539,0.011913999915122986
2347,0.0005717980626970649,5.934360043777275e-05,0.7399355173110962,0.6738708540797234,0.0020518166865876384,0.0011817808593877976,0.02117594778188859,0.0015697147681260556,0.01057251263409853,0.0007488946430385113,0.000427910010330379,0.006951000075787306,0.012569999322295189
2348,0.0008284572656185159,6.520052271246539e-05,0.9057306051254272,0.6655274927616119,0.002817136446450443,0.00099598107816808,0.018579382947130216,0.0014706926707506365,0.010727087035775185,0.0008722878992557526,0.0005890100146643817,0.00585100008174777,0.011618999764323235
2349,0.0006927745222244557,6.16776788381368e-05,0.5213576555252075,0.571192841976881,0.003168738789956864,0.0010492356818308237,0.020358258092415614,0.0015280022101535635,0.010554332286119461,0.0007082652300596237,0.0005200100131332874,0.006314000114798546,0.0153609998524189
2350,0.000700936326038077,8.861185504440203e-05,1.0857255458831787,0.7120069861412048,0.0029838761829130136,0.0017165090329109528,0.0669532724359522,0.006175105680938476,0.010906124487519264,0.0009317770600318909,0.0006726100109517574,0.021126000210642815,0.042445000261068344
2351,0.0016756012852682726,0.00011335300813970284,1.610041856765747,0.44624072313308716,0.006934994083462249,0.001380570945619863,0.09215537969544707,0.00926531674701861,0.011289793998003006,0.0010076728649437428,0.0017388099804520607,0.029888000339269638,0.04886200278997421
2352,0.0010327079673482442,0.00011343825173856412,0.7201464772224426,0.6859037280082703,0.008009408684247305,0.0013985352422072254,0.1016016561883765,0.011469432043976942,0.011052194982767105,0.0010722046718001366,0.0011179100256413221,0.033562999218702316,0.07181300222873688
2353,0.000504366130018279,5.5907703700036425e-05,0.7357444763183594,0.6645837426185608,0.0028519100412238057,0.0009836467985006117,0.017130710558180686,0.001268415863123774,0.010627683252096176,0.0007932735607028008,0.00032709998777136207,0.005140000022947788,0.011514000594615936
2354,0.0014663055543404399,0.00018149309511462366,1.1137007474899292,0.7110140472650528,0.0016979799065677498,0.0019062177577020946,0.32942142592734586,0.05554121279017982,0.014792987145483494,0.001964104827493429,0.0015068099601194263,0.03362400084733963,0.2594580054283142
2355,0.0009533849950473339,6.579394645089278e-05,1.375291109085083,0.576028972864151,0.0033516269979686707,0.0010682882801258554,0.02204048706419785,0.0018427953519568763,0.010755627416074276,0.0008740341290831566,0.0009591099806129932,0.00661499984562397,0.015368999913334846
2356,0.0012915271336951418,7.130236760453934e-05,1.202288031578064,0.5620836615562439,0.004258743863988218,0.0008513759030460877,0.015065221986290414,0.0013882177542121612,0.010563461109995842,0.0007040658965706825,0.0013771100202575326,0.007234999909996986,0.009496999904513359
2357,0.0009988001032348627,6.875739274065789e-05,0.9256366491317749,0.6721984148025513,0.0029443916072254828,0.0011078793345708155,0.025858687497664144,0.002266954451456511,0.01040246244519949,0.0005110073834657669,0.0009894099785014987,0.009379000402987003,0.016774000599980354
2358,0.001136092578922274,7.714111297316985e-05,1.2035306692123413,0.6605434864759445,0.004841930366716928,0.0012958457775934695,0.04199496251230548,0.004188431118591303,0.010662944056093693,0.0007213447242975235,0.0010130100417882204,0.010329999960958958,0.03081599995493889
2359,0.0006611879008445243,6.612256099834777e-05,0.49478229880332947,0.5578469038009644,0.001585101327632316,0.0014706718682209966,0.023456989788336463,0.0016968271273276256,0.01086352951824665,0.0010799700394272804,0.0004291099903639406,0.006940999999642372,0.01407300028949976
2360,0.001873962379751992,0.0001976131530283875,1.0419979095458984,0.722822979092598,0.012580708510634406,0.0014998376971520058,0.2462121608784477,0.04080533656375654,0.011140412651002407,0.0010797372087836266,0.0019718098919838667,0.056063998490571976,0.13106000423431396
2361,0.0009070577239043819,7.324186890944731e-05,1.0982264280319214,0.6684983968734741,0.00038859894690730206,0.0009750200554949677,0.029883884217020835,0.0023886919673870056,0.01093701459467411,0.0009609349071979523,0.0008459099917672575,0.0062409997917711735,0.02243099920451641
2362,0.0007004539536848678,7.919867434285255e-05,0.9775090217590332,0.6945468336343765,0.00011643611940008072,0.0007000947368815324,0.044970442428013055,0.003366034438320665,0.011629654094576836,0.0012035504914820194,0.00044711001100949943,0.006996000185608864,0.033330000936985016
2363,0.0004552818870019004,6.483443010115366e-05,0.9964940547943115,0.7018576860427856,3.173470473900532e-05,0.0002028621360326674,0.02980694261389295,0.0017322807451525916,0.011416713707149029,0.0011003129184246063,0.00032838000333867967,0.0075079998932778835,0.02063699997961521
2364,0.0005186521409051133,5.458645900497294e-05,0.8320107460021973,0.6699145287275314,0.004431360329766954,0.0008882404801109187,0.013445541739697715,0.001061910022034855,0.010596901178359985,0.0007594479247927666,0.0003994000144302845,0.006829999852925539,0.007942000404000282
2365,0.0016749381902172891,0.00016603543962455847,1.2568912506103516,0.6704137176275253,0.0025496429044420087,0.0021218670630340206,0.18477936833407974,0.024225551608068302,0.012707504443824291,0.0015183240175247192,0.0015898100100457668,0.029888000339269638,0.14629599452018738
2366,0.0006071154887003159,8.838551409723062e-05,0.9680444002151489,0.709160104393959,0.002538800149661982,0.0018178663555471332,0.0575266203468998,0.004973756465886242,0.01144271157681942,0.001267208717763424,0.00048411000170744956,0.01573999971151352,0.03595700114965439
2367,0.0008046141636211976,0.00012806378669975068,1.2730222940444946,0.6769357025623322,0.008780834763702061,0.001346698892485307,0.16114666766534014,0.02118749260894999,0.0144323306158185,0.0020790742710232735,0.0006380099803209305,0.048298999667167664,0.06219800189137459
2368,0.001466107544831963,8.800025793252524e-05,0.20075301826000214,0.2560294307768345,0.0033540529600128454,0.0014966432518687684,0.04263537041864244,0.0029130280954397687,0.010824950411915779,0.0008720089681446552,0.0013878099853172898,0.017388999462127686,0.030338000506162643
2369,0.0010995643860642183,7.022803008385607e-05,1.2060165405273438,0.5694363117218018,0.004055479777442853,0.0008963244462536434,0.00993814647138297,0.0010009174465715077,0.012063045985996723,0.0023791268467903137,0.0011355100432410836,0.006314000114798546,0.006206999998539686
2370,0.0008733835839953466,6.549272884078265e-05,0.772577166557312,0.6635891944169998,0.003209404276945236,0.001142535874290827,0.026438078396285064,0.002244768038489005,0.010369982570409775,0.00047161709517240524,0.0009150099940598011,0.008836999535560608,0.017602000385522842
2371,0.0006421521336696072,6.766684376743838e-05,0.8111809492111206,0.6912540718913078,0.001070443293020964,0.0012898956392452235,0.025390231591576835,0.001845218540106051,0.010965166613459587,0.0010916884057223797,0.00042190999374724925,0.0034910000395029783,0.022146999835968018
2372,0.0010693596258986038,6.867435923596412e-05,0.5369099378585815,0.5374285578727722,7.821302364082005e-05,0.00042935098381954444,0.025464724559178104,0.0017056108894110081,0.010523478500545025,0.0005864724516868591,0.0009238100028596818,0.006845000199973583,0.01871899887919426
2373,0.0008851137206150015,6.43311049464731e-05,0.81843101978302,0.6657760590314865,0.002974757816677426,0.0009716229943816513,0.02039498842857447,0.001691470134241228,0.010371133685112,0.0004719151183962822,0.0008435099734924734,0.007191000040620565,0.012581000104546547
2374,0.0008399025631942,6.576702662827136e-05,0.5303671360015869,0.5813227742910385,0.0057927986271646545,0.0011342117039070494,0.02898138274573475,0.002521277298402465,0.01029161550104618,0.00037704501301050186,0.0009238100028596818,0.010029999539256096,0.023050999268889427
2375,0.0005737208183364161,5.994978341007965e-05,1.2109029293060303,0.6688992828130722,0.0011520446633707247,0.0012758018622981253,0.022185956514929314,0.0016642952860356532,0.010852205567061901,0.001040955539792776,0.00041040999349206686,0.006752000190317631,0.012277999892830849
2376,0.0006554571334982838,5.904847978267981e-05,1.0101332664489746,0.6836595833301544,0.002965789424280126,0.0008853522575355251,0.013233806786517368,0.001039728916986559,0.01087088230997324,0.001092568039894104,0.0006125100189819932,0.006436000112444162,0.006521999835968018
2377,0.0017429075726393256,0.00010872630161031579,0.7617425322532654,0.6627509519457817,0.00019620241279131792,0.0009658623014291209,0.10056005259195126,0.01191789854733278,0.010674537159502506,0.0006898269057273865,0.001689509954303503,0.018641000613570213,0.06775699555873871
2378,0.0011623519751380502,7.010705157940733e-05,1.3929415941238403,0.5604427456855774,0.0025318576436598283,0.0012660823131338673,0.029054127692684388,0.0025422045626754698,0.010653027333319187,0.0007520420476794243,0.0010651099728420377,0.006738999858498573,0.02019200101494789
2379,0.0011018394328376532,0.00013369323292899846,0.9127604365348816,0.714677132666111,0.00789693048259478,0.0014193448214372263,0.14155136868484017,0.018122880304421857,0.011329073458909988,0.001253047026693821,0.0012833100045099854,0.03648899868130684,0.10007300227880478
2380,0.0010984518411253506,6.738854684348297e-05,1.2892714738845825,0.6334399282932281,0.004270196542126898,0.0011476389112495074,0.029593781718312916,0.002827111753627213,0.010361848399043083,0.0004547657445073128,0.001060810056515038,0.009607000276446342,0.020052999258041382
2381,0.0009318444519633284,8.846171962626273e-05,1.3452459573745728,0.6449790000915527,0.0010304619488783326,0.0014303796303801702,0.06581224177286647,0.005984790798066117,0.010827182792127132,0.0008338917978107929,0.000988009967841208,0.013073000125586987,0.052890002727508545
2382,0.0006062209215457401,5.5050171561201345e-05,1.1026960611343384,0.6579904556274414,0.0023870302544184855,0.0006486545745890707,0.008579079360502001,0.0006597741747486289,0.010826916433870792,0.0010766098275780678,0.0005006099818274379,0.002761000068858266,0.006126999855041504
2383,0.0005352896170473477,7.031449107262861e-05,1.0573173761367798,0.6977314352989197,7.424642787235892e-05,0.0005337091952386253,0.02950275551132364,0.0018250884374024674,0.012476146221160889,0.001438009086996317,0.0004407099913805723,0.00482999999076128,0.022357000038027763
2384,0.0009526703144920322,6.588846564067977e-05,0.9227986931800842,0.6351015418767929,0.002997225227830713,0.0007951992973587751,0.013111159217480748,0.001077413486695494,0.010524995625019073,0.0006896895356476307,0.0010221099946647882,0.006845000199973583,0.007811000104993582
2385,0.0008401824908091344,7.602956617916131e-05,1.5677900314331055,0.4836115837097168,1.979037177509524e-05,0.0001169022568388835,0.049227571236072624,0.003369421155373427,0.01283369492739439,0.001179505605250597,0.0006096099968999624,0.007381000090390444,0.03342800214886665
2386,0.0008788806657608299,6.425933197515325e-05,1.136156439781189,0.6473934948444366,0.004317361176809873,0.0008923829775606775,0.014666855499076164,0.0012692147681046548,0.01058988831937313,0.0007341885939240456,0.000822409987449646,0.006314000114798546,0.010462000034749508
2387,0.0008569396903643025,7.590964588102172e-05,1.2443474531173706,0.6275443434715271,0.0018117334833224353,0.0016270065752254151,0.0188989121273883,0.0015661985967598702,0.013977056369185448,0.002616075798869133,0.0008297099848277867,0.004966000095009804,0.012501000426709652
2388,0.002097563496662488,9.645779017915376e-05,0.5205783843994141,0.5547617524862289,0.0020507378748745608,0.001881115502466755,0.0689211761607771,0.007051299340686615,0.010346421971917152,0.000418203417211771,0.0020792100112885237,0.021069999784231186,0.04210200160741806
2389,0.0006790716768076968,6.985060418865103e-05,0.6258310079574585,0.6397066488862038,0.003555599668652758,0.001351893565545199,0.0390559818349446,0.003247581390194723,0.010434264317154884,0.000535932369530201,0.0005951100029051304,0.015336000360548496,0.02002200111746788
2390,0.0007111830567581751,5.7677455013208274e-05,0.667304515838623,0.6080352663993835,0.004380530404731725,0.0008560646255180641,0.01451120864681233,0.0011704016159061713,0.010337074287235737,0.00044324295595288277,0.0005970100173726678,0.005166000220924616,0.011498999781906605
2391,0.0009151073308332299,6.909172275195303e-05,1.4323731660842896,0.5416346490383148,0.0005305749039273137,0.0010859973031205783,0.023113380463756633,0.0018057602883312963,0.011375787667930126,0.0013666455633938313,0.0009701100061647594,0.00661499984562397,0.014374000020325184
2392,0.0013611459507076717,8.317134908407647e-05,1.1078572273254395,0.6611622124910355,0.003846386901769267,0.0014306396014829885,0.04434576341034515,0.004443463505222716,0.010657723993062973,0.0007029008120298386,0.0014300099574029446,0.0081599997356534,0.037696000188589096
2393,0.0010425878499254555,7.444046652431814e-05,0.6799925565719604,0.6355731189250946,0.004411447138034019,0.0012627017202228993,0.0322890048922476,0.002815672306952977,0.010668189264833927,0.0007462208159267902,0.001016109948977828,0.01184799987822771,0.021788999438285828
2394,0.0006377434622205774,5.816787760330093e-05,1.172017216682434,0.6415814012289047,0.002140253996944933,0.0008086221800578972,0.009056908704880568,0.0007599863932275077,0.011862853541970253,0.0020808852277696133,0.0005123100127093494,0.0023880000226199627,0.006416999734938145
2395,0.0009394366276431853,6.546586611570998e-05,1.3588193655014038,0.6035366058349609,0.002379855971602703,0.001240831275017352,0.023229271000318647,0.0019137314570615224,0.010712197050452232,0.0008564610034227371,0.0009035100229084492,0.006835999898612499,0.01346299983561039
2396,0.0011534577866315263,7.633801574070324e-05,1.4929935932159424,0.5123828053474426,0.0018401561165336292,0.001590551165000041,0.03011026552382162,0.0025352993668157856,0.011101054958999157,0.0011071651242673397,0.001288810046389699,0.009192000143229961,0.020005999132990837
2397,0.0006426941979860794,6.205221333087737e-05,0.7949214577674866,0.6918318271636963,0.003239249517093578,0.001140545808641442,0.025804813555215834,0.002031993625333078,0.010415645316243172,0.0005110614001750946,0.0005541099817492068,0.010122999548912048,0.014849000610411167
2398,0.0050897199589067035,0.00019307297536317637,0.2841695547103882,0.33747680112719536,0.02886642963472777,0.001584083333187965,0.770452198465733,0.09683312116223364,0.019059913232922554,0.0008613904938101768,0.00669371010735631,0.19152000546455383,0.4032900035381317
2399,0.0014061725821526154,0.0001239181990577128,0.9971442222595215,0.7222603559494019,0.0033020077307396637,0.0019192998639625154,0.11337057293542407,0.013275806765536136,0.010998225770890713,0.0009428621269762516,0.001314210006967187,0.02459299936890602,0.06595099717378616
2400,0.0004979166714094894,5.610853745555104e-05,0.8605051040649414,0.6980082765221596,0.0030754427580214163,0.0010219083943723384,0.020527399826748866,0.001550587179806124,0.01039486937224865,0.0005037845112383366,0.0003376099921297282,0.007495000027120113,0.013135000132024288
2401,0.0007443497685212108,6.378247789447071e-05,1.2819956541061401,0.6217864751815796,0.005106753593620221,0.001051637733431878,0.01551290099621665,0.001390327838902381,0.011924751102924347,0.001871656160801649,0.0005824100226163864,0.006951000075787306,0.00964299961924553
2402,0.0007161112042741898,6.095734936941067e-05,1.2128465175628662,0.6515924632549286,0.004137955012042951,0.0009957202926574014,0.01842200900914604,0.0015058257108659639,0.010791516862809658,0.0009392350912094116,0.0007088099955581129,0.006335000041872263,0.01231900043785572
2403,0.0007664146312922061,6.0999938942584656e-05,0.8697683215141296,0.6553831100463867,0.0037179756362944938,0.0009171718242740072,0.01664356977093097,0.00132496470014182,0.010419320315122604,0.0005534356459975243,0.000649410008918494,0.006951000075787306,0.010982000268995762
2404,0.0008734545483352337,7.54134641852281e-05,1.015056848526001,0.6769692003726959,0.0002857997470362073,0.0009341915431354948,0.03237230020600005,0.002517067708047299,0.01147010549902916,0.001168529037386179,0.0007347100181505084,0.00661499984562397,0.022353999316692352
2405,0.0007281762328794142,5.837700745447402e-05,0.6502742767333984,0.5862810835242271,0.004611958120755389,0.0008125861716241382,0.012031879431136252,0.0009666574250616865,0.010488016530871391,0.0006393934600055218,0.0004924099775962532,0.004734000191092491,0.008799999952316284
2406,0.000822299003905368,6.363727814739988e-05,0.9450393319129944,0.671451210975647,0.005926165047271595,0.0009866590792362551,0.016438160414403127,0.0014966643024607231,0.01057637482881546,0.0007129074074327946,0.0008732100250199437,0.006996000185608864,0.012597999535501003
2407,0.00044240851651964,5.39957938846251e-05,0.9306154251098633,0.7001702934503555,0.002308421472806567,0.0009491646390071058,0.015397515408050049,0.001123292034893651,0.010635042563080788,0.0008034100756049156,0.00023571000201627612,0.005255000200122595,0.00968099944293499
2408,0.0009117476024849099,7.568693238491124e-05,0.8527528047561646,0.6606436967849731,0.002411956762735571,0.0013361730167445042,0.01712621114306404,0.0014703899153046818,0.012170063331723213,0.0021000923588871956,0.0009373099892400205,0.006310999859124422,0.010627999901771545
2409,0.002284714208099495,0.0001116949440361256,0.45653989911079407,0.4674845524132252,0.00041697845055985763,0.001241228675247565,0.07775374592392222,0.006970722513022443,0.011083344928920269,0.000856336671859026,0.0022865100763738155,0.020847000181674957,0.05507200211286545
2410,0.000615202588540019,5.565713517058851e-05,1.1572825908660889,0.6700753271579742,0.0037060930646607357,0.0008849779069663255,0.015252897478657473,0.0012094860222011507,0.010442367754876614,0.0005671363323926926,0.0005529099726118147,0.009171999990940094,0.0070510003715753555
2411,0.0010179281686717209,6.75588529310601e-05,0.7002358436584473,0.6204475164413452,0.0015430635682086673,0.0012062880656151043,0.02278853055200655,0.001771652250032089,0.010308854281902313,0.0004145679995417595,0.0008605099865235388,0.006246000062674284,0.014890000224113464
2412,0.0007058461660897327,6.621380011192102e-05,1.196349024772644,0.6551464349031448,0.005162460830948096,0.0011192753229931026,0.017060416210123476,0.0014928669454742916,0.012060114182531834,0.001912904903292656,0.0006066099740564823,0.006314000114798546,0.01321600005030632
2413,0.0006150421861168955,6.818810730439031e-05,0.9959757328033447,0.6962475180625916,0.004962073737897808,0.001188618032434404,0.02105752341920107,0.0017358769458266192,0.011942367069423199,0.0017242729663848877,0.0005441100220195949,0.008469999767839909,0.013772999867796898
2414,0.0010497767375177876,6.74610626317031e-05,0.5438238382339478,0.5727570503950119,0.008198959756295877,0.0011153855497076986,0.026373852472243737,0.002621691479885691,0.010221997275948524,0.0002865851856768131,0.001040410017594695,0.019226999953389168,0.011249000206589699
2415,0.0005710639962034116,5.5947549332185085e-05,1.1081658601760864,0.6758646368980408,0.0033526759467214597,0.0007475269727890742,0.008104077127342811,0.0006945856864419321,0.011318430304527283,0.001708049327135086,0.0005153099773451686,0.0034910000395029783,0.00597700010985136
2416,0.0003180789040407147,6.763446083552559e-05,0.721275806427002,0.6765362843871117,2.7296961751577335e-05,0.0001730895586694485,0.037581918606763465,0.002087990491986432,0.010851515457034111,0.0008730283007025719,0.00020768999820575118,0.00661499984562397,0.026500999927520752
2417,0.0007559931599690835,6.746048101629232e-05,0.6396386623382568,0.6347293481230736,0.0014566536592537746,0.001354300780639392,0.023547479500507423,0.0017237599336527472,0.010774223133921623,0.0009402935393154621,0.0006964100175537169,0.007559000048786402,0.015123999677598476
2418,0.001226298241744303,0.00010500486779789302,0.6387255191802979,0.621656745672226,0.00034316098348344986,0.0011157698016648343,0.07319844141782536,0.006590645524712474,0.011829651892185211,0.0012715398333966732,0.0011079099494963884,0.011045999825000763,0.07066100090742111
2419,0.0005926392785486128,6.491064313428601e-05,0.8507973551750183,0.696477934718132,0.004203623855254972,0.0011967681623132422,0.029986677801557546,0.002382280642243514,0.01059804204851389,0.0007145637646317482,0.0005625099875032902,0.011525999754667282,0.01894400082528591
2420,0.0053423187583617,0.00018642084067781043,1.7692275047302246,0.2571065425872803,0.012475299413471965,0.0014597526047756704,0.22742338894592712,0.019916838379524945,0.013093734160065651,0.000713408924639225,0.00571070984005928,0.0650160014629364,0.07678700238466263
2421,0.0005392635085911233,5.3510978438593324e-05,1.217288613319397,0.6540960073471069,0.0026947109669799305,0.000792298020933851,0.010399880085654567,0.0008244833760752343,0.01117783598601818,0.0014998344704508781,0.0004155100032221526,0.003092000028118491,0.007802000269293785
2422,0.0008932740472995703,6.492375836606405e-05,0.9982101917266846,0.6379843652248383,0.00414535812111938,0.0008316775960138382,0.012093379027863546,0.0010516033120981667,0.010795392096042633,0.0009940904565155506,0.000802910013590008,0.0065299998968839645,0.006957000121474266
2423,0.00243804148918776,0.0001693723595686896,0.5067488551139832,0.5720573328435421,0.0017940359776414474,0.0019758249323460213,0.16166391716226625,0.019674995101714693,0.011672604829072952,0.0011443961411714554,0.0023175100795924664,0.026799999177455902,0.11384700238704681
2424,0.0007872465627066443,6.364580215564999e-05,0.6867972016334534,0.6161006540060043,0.003746716534887261,0.0009455067868504293,0.014107395601368745,0.0011481193651920558,0.010973677039146423,0.0011686841025948524,0.0006896100239828229,0.005828999914228916,0.009975000284612179
2425,0.0008174182940261872,6.230490315802418e-05,1.427783489227295,0.5697272419929504,0.0024884305350708178,0.0011475119586009546,0.02273264006547906,0.0018064703344481594,0.010767502710223198,0.0008799904026091099,0.0008402100065723062,0.007511999923735857,0.014662999659776688
2426,0.0009296708016611803,7.288012931493218e-05,0.9985693693161011,0.6927786767482758,0.00010879272989912061,0.0006133758234804744,0.04232541442744708,0.003501311954560323,0.010637549683451653,0.000673090573400259,0.0008490100153721869,0.009309000335633755,0.029722999781370163
2427,0.0008079733415140329,5.813974289455931e-05,1.4417937994003296,0.5042797029018402,0.0031407206103514994,0.0007434428168371608,0.007369557568854055,0.0006895731068582516,0.012389697134494781,0.002526977565139532,0.0007066099788062274,0.0035600000992417336,0.004770999774336815
2428,0.0005392282804609324,6.912738406612251e-05,1.1945343017578125,0.6822254061698914,6.006654342209762e-05,0.00038315732855775855,0.02973152116240061,0.0018280869312739673,0.012525768019258976,0.0013647251762449741,0.000312040006974712,0.004844999872148037,0.02148200012743473
2429,0.0006174855007017992,5.8035558130003595e-05,0.7443535327911377,0.6505973041057587,0.003878945216162063,0.0008794740479711831,0.013687241869431852,0.0010558667383062815,0.010665016248822212,0.0008589774370193481,0.0004705099854618311,0.005166000220924616,0.009239000268280506
2430,0.0014330755071311992,0.00010503561965896006,1.573547124862671,0.4793566167354584,0.0034109589400130812,0.001608290230359979,0.07450560158986108,0.006842444815081332,0.011518837884068489,0.0010818196460604668,0.0013696099631488323,0.020733999088406563,0.038697000592947006
2431,0.0008786968574040752,8.042745302759362e-05,0.8826587200164795,0.6753137856721878,4.6835755061711134e-05,0.0003543026017929671,0.051632969531139154,0.0038990955079296966,0.014181215316057205,0.0013242131099104881,0.0006832099752500653,0.004135999828577042,0.04659700021147728
2432,0.0008796322193088426,6.957413762449062e-05,0.6467583179473877,0.6336912661790848,0.0009984021019809881,0.0012365633827941176,0.02753100578945463,0.002064990883055227,0.010628800839185715,0.000751943327486515,0.0006790100014768541,0.006314000114798546,0.018334999680519104
2433,0.001007975362198363,7.183319006600589e-05,1.4607423543930054,0.5334970951080322,0.0011894501117669745,0.001364218311843757,0.029744165225857194,0.0024725107115703554,0.011031745001673698,0.0010619685053825378,0.0008397100027650595,0.00761700002476573,0.018369998782873154
2434,0.0012680685698954535,8.688727758246993e-05,1.2711633443832397,0.6175179481506348,0.0019139199566906885,0.0017039632300190173,0.03548124737446781,0.00322241529681749,0.011274020187556744,0.0011446480639278889,0.001176410005427897,0.012741000391542912,0.019166000187397003
2435,0.000580059836026203,5.719526341448186e-05,0.9583004117012024,0.6881708353757858,0.0003792402322896829,0.0007509616319128064,0.01750111965350611,0.001122024825533632,0.010580245405435562,0.0007319138385355473,0.0004907100228592753,0.0042860000394284725,0.011633999645709991
2436,0.0007520136262032955,7.372731599053007e-05,0.9582970142364502,0.6996026635169983,0.0006536776641000127,0.0011843019697124492,0.03189166907365523,0.002414409808080298,0.011109513230621815,0.0010892320424318314,0.0006291100289672613,0.005828999914228916,0.023664001375436783
2437,0.000914116180185795,7.211891261779099e-05,0.8987116813659668,0.6674393564462662,0.003277440965652161,0.0012154819655670493,0.022973404879972452,0.0019489601178946468,0.011206738650798798,0.0012154579162597656,0.0007901099743321538,0.006982999853789806,0.015058999881148338
2438,0.0008467726064745438,7.411390615728728e-05,0.5293068885803223,0.6018400676548481,0.00019153652173337313,0.0008269732034517752,0.051674696667573385,0.003973727300561437,0.010298940353095531,0.00037144916132092476,0.0007996099884621799,0.01131800003349781,0.033174000680446625
2439,0.0009174775850920738,6.187906890744728e-05,0.5070017576217651,0.5221295654773712,0.004111432531354208,0.0008811346146318144,0.015390323658607192,0.001174974516236658,0.01036873459815979,0.00048588914796710014,0.0009338100207969546,0.007290999870747328,0.010951000265777111
2440,0.001242739608351046,7.487242690947611e-05,0.6379351615905762,0.6143493950366974,0.004391085830283346,0.0012514086435274712,0.03509079401839926,0.0032654482856399533,0.0104126688092947,0.0004964889958500862,0.001138509949669242,0.00901500042527914,0.02704400010406971
2441,0.00199989315513152,8.019140957124266e-05,1.720057725906372,0.3361932039260864,0.006378537557169932,0.0012326798830125203,0.05285072532528783,0.004684738574115579,0.010273825377225876,0.0003309287130832672,0.0021064099855720997,0.022616000846028328,0.022847000509500504
2442,0.003056864738019026,0.00018245984305188183,1.380263090133667,0.6141847968101501,0.013333431837295483,0.0015256316060506198,0.17850247976537287,0.02794223897324613,0.010984821245074272,0.0007983553223311901,0.003300409996882081,0.06289499998092651,0.05620499700307846
2443,0.0006802436396103227,6.741212225991615e-05,1.1965900659561157,0.662797749042511,0.0026551843338057705,0.0012502071653499526,0.01827504534760457,0.0014686028406204372,0.012243841774761677,0.0018862956203520298,0.00044790998799726367,0.005032000131905079,0.012192999944090843
2444,0.001062012147154313,8.191179127157154e-05,1.1454930305480957,0.6545947045087814,9.086216556007857e-05,0.0005700551781207779,0.04263795685189594,0.0034858361009193484,0.012214205227792263,0.0011647874489426613,0.000942510028835386,0.006310999859124422,0.032384999096393585
2445,0.001104080394611293,6.660258800116493e-05,1.3495182991027832,0.5433164536952972,0.003839764341449488,0.0008485816224158785,0.013142110036665145,0.0011523946221211308,0.010880017653107643,0.0011101937852799892,0.0010888100368902087,0.006314000114798546,0.008313999511301517
2446,0.001739349925357779,8.859021034185758e-05,1.1690828800201416,0.6587817221879959,0.005405543242831626,0.001380426853687786,0.055624189472610684,0.006417851924943551,0.010585561394691467,0.0006279954686760902,0.0016705100424587727,0.018099000677466393,0.03575199842453003
2447,0.0016023009883323067,0.0001254888277427682,1.4811584949493408,0.5899237990379333,0.010069267424492183,0.0013746484710752526,0.13321407212558486,0.01711002896321949,0.010722851380705833,0.0007544616237282753,0.0015104099875316024,0.05406799912452698,0.04588700085878372
2448,0.0012291181983976726,7.60320884111011e-05,0.5781493186950684,0.5174612626433372,0.00022478079108835867,0.0007712403358279072,0.022284886207163346,0.001540895179465292,0.011034940369427204,0.0010435981675982475,0.0011343100341036916,0.006310999859124422,0.015381000004708767
2449,0.0007278189409273343,6.12336201647621e-05,1.0662026405334473,0.6888876855373383,0.0009031785026130091,0.0010748890825278705,0.020687228866109013,0.0015216953480713512,0.010553077794611454,0.0007049492560327053,0.0005541099817492068,0.004645999986678362,0.014585999771952629
2450,0.0010931093918460054,6.809784712186239e-05,0.5489048957824707,0.5358596369624138,0.0031145655406907943,0.0010655835166035082,0.022919445197051806,0.0018129813063286222,0.010427914559841156,0.0005446239374577999,0.0011095099616795778,0.006996000185608864,0.017299000173807144
2451,0.0013479986430848657,7.502131758274654e-05,1.5408179759979248,0.4847319722175598,7.593252422533528e-05,0.0004885874621991244,0.04998233464004791,0.004166568954496491,0.01054548192769289,0.0005699461326003075,0.0013259099796414375,0.009309000335633755,0.03491799905896187
2452,0.0009214126578292919,7.779358470864808e-05,0.7951574325561523,0.6546640172600746,9.284676185371816e-05,0.0006281036321919811,0.03183203185961275,0.00230498952405289,0.012376501224935055,0.001326187513768673,0.0008028100128285587,0.00673400005325675,0.023378999903798103
2453,0.0006048758965619187,5.76382301493e-05,1.1726667881011963,0.6755572855472565,0.004230285851053683,0.0009880289732869289,0.016926377557898872,0.0013872258483313181,0.010731981135904789,0.0008844365365803242,0.00044920999789610505,0.007579000201076269,0.010224999859929085
2454,0.0010332206038327642,7.779434544425475e-05,0.6555631160736084,0.6500492095947266,0.005605105529515356,0.0012831664342426623,0.047503188908411945,0.004589405060883196,0.010367528535425663,0.00045555131509900093,0.0011036100331693888,0.018211999908089638,0.027614999562501907
2455,0.0009027606179221189,7.360811847362768e-05,0.9944940805435181,0.6849998235702515,0.00330650818576387,0.0013308688109402607,0.034045057080328345,0.003001601193350384,0.010846421122550964,0.0008910852484405041,0.0008237099973484874,0.010979999788105488,0.021991999819874763
2456,0.0031517800242310853,0.00015069657441100647,1.4992839097976685,0.474344402551651,0.006339713967356693,0.0015816341070008103,0.159019705179789,0.018529710942996644,0.013151528313755989,0.000948276836425066,0.0032881100196391344,0.03564999997615814,0.09452399611473083
2457,0.0006893131703057762,6.394197737144211e-05,1.2647888660430908,0.6455286741256714,5.951229585321109e-05,0.00037449458365541627,0.029076147181401144,0.001982150883976448,0.010826891288161278,0.000796519685536623,0.0004740100121125579,0.0035329998936504126,0.02114799991250038
2458,0.0005933815331329819,6.293206193841113e-05,1.3876354694366455,0.6213908791542053,0.00010262155118420149,0.0005525518897411123,0.03236170111343765,0.0021864916355304256,0.010729659348726273,0.0007435963489115238,0.00044020998757332563,0.006996000185608864,0.024325000122189522
2459,0.0005968314861990654,8.211845715412592e-05,1.287916660308838,0.662782222032547,4.753848589629156e-05,0.0003486487201684661,0.06349741875837066,0.004967352813352248,0.013057557865977287,0.0014354563318192959,0.00040700999670661986,0.011572999879717827,0.04625700041651726
2460,0.0015054428727824857,9.772549317187931e-05,0.718980610370636,0.6427389979362488,0.0007052852966172745,0.0013289752053899692,0.06909305333634357,0.00688112334045058,0.010738696902990341,0.0007601743564009666,0.001344710006378591,0.01682800054550171,0.04831799864768982
2461,0.0006141524596655411,5.7110678968514794e-05,0.8078626394271851,0.6444052085280418,0.0022055459557985112,0.0007426961598398479,0.008355074760385094,0.0006754851786149965,0.01141965389251709,0.0018480955623090267,0.00046720998943783343,0.0027020000852644444,0.005967999808490276
2462,0.0004265524668131424,5.73490288885552e-05,0.790938138961792,0.6898367404937744,0.00031337798058839823,0.0007819507710242932,0.022323168452226417,0.0013615678421433422,0.010541153140366077,0.0006614895537495613,0.00018964000628329813,0.004135999828577042,0.015433999709784985
2463,0.0009505900188104244,6.839101146854373e-05,0.6543284058570862,0.6380227208137512,0.0008367233929709454,0.0011798738416151087,0.03074797030532504,0.0023960543742433203,0.010339275002479553,0.00041788071393966675,0.0008832099847495556,0.00661499984562397,0.02206300012767315
2464,0.0010391661918737183,7.591990614905117e-05,1.3599176406860352,0.6043893694877625,0.0023590190457770895,0.0015772837784921029,0.03565509839275386,0.00313557622245211,0.010948443785309792,0.0009360620751976967,0.0009928100043907762,0.007290999870747328,0.025950001552700996
2465,0.0006809356012999994,6.63679874086311e-05,0.5849945545196533,0.632143147289753,0.006272435979697083,0.001201815858183884,0.03518951671899402,0.0030768274840247134,0.01025718729943037,0.00032893428578972816,0.0005684099742211401,0.01764499954879284,0.019439999014139175
2466,0.0006087030388388984,5.837146806049676e-05,0.9097663164138794,0.6930576264858246,0.0005370604181822445,0.0008326129882370087,0.01828500543349143,0.0012227992947080098,0.010505708865821362,0.0006276662461459637,0.0005509100155904889,0.005032000131905079,0.012755000032484531
2467,0.0005145187716424165,5.45281062961761e-05,1.2769306898117065,0.6555304825305939,0.0039632985940019115,0.0009779779239814854,0.018059843659690974,0.0014032428367016236,0.010592123493552208,0.0007363492622971535,0.00041430999408476055,0.006314000114798546,0.012298999354243279
2468,0.0010147790626800568,7.421061239145689e-05,1.0967978239059448,0.6844390332698822,0.0007771461346567541,0.0012258630317257251,0.039340505002920655,0.0034180842753196855,0.010553033091127872,0.0006401911377906799,0.0008240099996328354,0.008363000117242336,0.0289589986205101
2469,0.001189458600579016,9.141875602457878e-05,1.0267138481140137,0.7256572246551514,0.0050270257687991616,0.0014294445256943062,0.07713750063741404,0.008814571809085792,0.010374492965638638,0.00044751353561878204,0.0011314100120216608,0.02211499959230423,0.04114999994635582
2470,0.00044345799927703863,5.323209802924223e-05,0.5313151478767395,0.5770459622144699,0.0015325294560351178,0.0008925863863592167,0.01261061481012437,0.0008655904200408297,0.01073673740029335,0.0010125180706381798,0.00023906999558676034,0.00215999991632998,0.009431999176740646
2471,0.0014335263734447773,7.804642540974987e-05,0.5992431640625,0.5515795052051544,0.001504004699195763,0.0014113192181920769,0.027988854569887707,0.002260737480938961,0.01054953970015049,0.0006554764695465565,0.0015015100361779332,0.009530000388622284,0.01854199916124344
2472,0.0007115806200924215,7.205012806015459e-05,1.527559518814087,0.5264756381511688,0.00024786548768021733,0.0008443840012042315,0.04092773876147802,0.0029529086424632915,0.011073937639594078,0.0009690932929515839,0.0005393099854700267,0.007381000090390444,0.028193000704050064
2473,0.0008403407119166904,7.684309814733346e-05,1.007108449935913,0.6789252758026123,0.00018021223512782882,0.0008613139804468174,0.034976589969785504,0.0025195966904564687,0.013925423845648766,0.001453413162380457,0.000725110003259033,0.004689000081270933,0.028773000463843346
2474,0.0008663247487305128,6.344448198949162e-05,1.2498465776443481,0.6328519582748413,0.003507631039653792,0.0010139040504178883,0.020137995176175292,0.0016678687482321666,0.010572509840130806,0.000705767422914505,0.0007584100239910185,0.006845000199973583,0.01360199972987175
2475,0.0011089862628791275,6.894113281484863e-05,1.47350013256073,0.5226558148860931,0.00470006519200351,0.001108227721526439,0.025064693316580434,0.002184567162552487,0.01084882952272892,0.0009288857690989971,0.0012269100407138467,0.007946000434458256,0.01959500089287758
2476,0.0009842678040949714,7.599875943548582e-05,1.5108602046966553,0.5376164019107819,0.006209620670987636,0.0012598086559926103,0.04958761007437286,0.004715725301909231,0.01048331893980503,0.0005713831633329391,0.0009446099866181612,0.019226999953389168,0.026076998561620712
2477,0.0009218072945988443,6.309881815025304e-05,1.5020028352737427,0.5220394134521484,0.003026808369838277,0.0010603514250158432,0.022081288895947435,0.001772007154116597,0.010718721896409988,0.0008237352594733238,0.0009160100016742945,0.00585100008174777,0.01574699953198433
2478,0.000959742763473293,6.654509709355693e-05,1.3812992572784424,0.5644809007644653,0.004732998074033285,0.0010756711772111434,0.01998850422560538,0.0017556235226667324,0.011225228197872639,0.0012181280180811882,0.0008319100015796721,0.006845000199973583,0.014256000518798828
2479,0.0006796825915113277,5.8912405651008384e-05,1.3688395023345947,0.5999610126018524,0.004530001708246741,0.0009709196940756643,0.013727301205718261,0.0011933157004557623,0.011541130021214485,0.0016080010682344437,0.0005719100008718669,0.00673400005325675,0.007198999635875225
2480,0.00043806698864827813,5.431557314611283e-05,0.8374440670013428,0.6908053755760193,0.002890343245830398,0.0009725057749632115,0.01885422239960569,0.0013958866594668447,0.010401308536529541,0.0005267821252346039,0.00037602000520564616,0.00737700005993247,0.010917000472545624
2481,0.0008380399878724296,9.90045583146337e-05,0.853498637676239,0.6930740475654602,0.00432933035810673,0.001491924691804386,0.06306656886737791,0.005574210768285667,0.01333637535572052,0.0016916985623538494,0.000744909979403019,0.0137339998036623,0.045263998210430145
2482,0.0006924513267333195,6.5546915396147e-05,0.9199733734130859,0.7086474001407623,0.0023408999818954964,0.0013487353551179092,0.031155770701176536,0.0025665757149498994,0.01041778177022934,0.0005199057050049305,0.0005921099800616503,0.009309000335633755,0.020640000700950623
2483,0.0012573262005852797,5.925814368347871e-05,1.7871737480163574,0.2554064989089966,0.006130889773508704,0.0010018845479329783,0.021779085337462055,0.001634571544017702,0.010729437693953514,0.0008151764050126076,0.0013430099934339523,0.011989000253379345,0.011113000102341175
2484,0.00168856337979316,8.677872989986291e-05,0.7172384262084961,0.6324998959898949,0.004188227443327465,0.00142781649014062,0.05077529734531804,0.005430343658915902,0.01050679013133049,0.0005607777275145054,0.0018973100231960416,0.018185999244451523,0.03356099873781204
2485,0.0034166205921501163,0.00022446537666462687,0.9810620546340942,0.6882215738296509,0.019060454285776605,0.0016488820284056658,0.45060865990578286,0.08285748562308706,0.01611422374844551,0.0014371746219694614,0.004205210134387016,0.09754399955272675,0.22739599645137787
2486,0.002331830618089842,0.0002009605124874234,0.9818588495254517,0.7095348536968231,0.021767251854128505,0.0014709568743125553,0.2973703850442995,0.05690453053283524,0.013250879943370819,0.0015357169322669506,0.0026603098958730698,0.10599999874830246,0.10517899692058563
2487,0.00081902503385273,7.707795670832145e-05,0.922275960445404,0.6701532304286957,0.0023452090450746584,0.0015694182940372626,0.018173662082946657,0.0015595569299603467,0.012822942808270454,0.002418871968984604,0.0007179100066423416,0.004794000182300806,0.01231599971652031
2488,0.0005664609983438266,5.921327026301397e-05,0.9090673923492432,0.7085433006286621,0.00017249900880768443,0.0006484104868594877,0.02686227759271005,0.001808010568301325,0.01031541172415018,0.0003893217071890831,0.0004676099924836308,0.0052720000967383385,0.021212000399827957
2489,0.0008157582771927814,6.764375749256915e-05,1.633677363395691,0.41350048780441284,2.9620047495942872e-05,0.00018831348094845065,0.0312319159397212,0.0018296605150842221,0.012165960855782032,0.0011082994751632214,0.0006879100110381842,0.0061980001628398895,0.021390000358223915
2490,0.0022827120322461867,0.00010452564205463543,1.6320836544036865,0.4518112540245056,0.008234296971901603,0.001358369234034935,0.09209501866686781,0.010344557837223323,0.010283639654517174,0.00034280354157090187,0.0022880099713802338,0.04083399847149849,0.035388000309467316
2491,0.0006148814879585081,7.50215952631595e-05,0.7699446082115173,0.6717356517910957,0.0026771744876311052,0.0015517044210868706,0.021082803266438323,0.0017020309568342717,0.012921936810016632,0.0022979113273322582,0.0004532099992502481,0.004000999964773655,0.017733000218868256
2492,0.0010939600561136996,7.943937357347797e-05,1.2857530117034912,0.6238702535629272,0.0028619854613438325,0.0013949652883768074,0.031619235310542226,0.002784258828978807,0.011244414374232292,0.0011907252483069897,0.0010520099895074964,0.006314000114798546,0.024941999465227127
2493,0.00043697388652367365,5.2824665691762925e-05,0.4393208622932434,0.5038682371377945,0.0020784563928660676,0.0007863405006223417,0.010530295360114135,0.0007593759071190115,0.010772177949547768,0.0010730531066656113,0.00026927998987957835,0.003932000137865543,0.006159000098705292
2494,0.0007753439797362321,6.864724241000431e-05,0.7411199808120728,0.6514895483851433,0.0041211472220696104,0.0011535075997786302,0.021472446192998255,0.001731535184779167,0.011103102937340736,0.0012341896072030067,0.0006265100091695786,0.006314000114798546,0.01793600060045719
2495,0.0013412429376667126,0.00014446933718995384,1.313351035118103,0.6543315351009369,0.005686629288748948,0.0014791941447617946,0.17657682300009764,0.022964372685328263,0.013647460378706455,0.0016693160869181156,0.0012146099470555782,0.032517001032829285,0.09931600093841553
2496,0.0008050727958351022,8.425547768808102e-05,1.0761529207229614,0.696696862578392,0.0024082706013978873,0.0017849250170238339,0.03671017325467305,0.00301238247762561,0.01190226897597313,0.0014643245376646519,0.0006767099839635193,0.006845000199973583,0.029171999543905258
2497,0.0007299741415615587,6.088591327031565e-05,0.6776524782180786,0.6174265369772911,0.0038641906395664887,0.0009020140201400038,0.015175759535278702,0.0011750967344749588,0.010650405660271645,0.0008063614368438721,0.0007799100130796432,0.007381000090390444,0.0103169996291399
2498,0.0010989844431031485,0.00010840271664054135,1.1206669807434082,0.7319514155387878,0.00728472110570835,0.001398350948212342,0.10775667424792608,0.013670504912838291,0.010367197915911674,0.0004474334418773651,0.0009557100129313767,0.044658999890089035,0.046084001660346985
2499,0.0005061788326116447,5.4035322156648736e-05,0.935867965221405,0.6991625428199768,0.0020931129998819284,0.000926837940096986,0.013958310326632356,0.0010257531705592524,0.010740820318460464,0.0009280601516366005,0.00026795000303536654,0.0023980000987648964,0.010699000209569931
2500,0.000866325699919338,6.768645334874159e-05,0.9440714120864868,0.6172454208135605,0.004066390299462543,0.0007541057625990303,0.006192844060421251,0.0006367758155952845,0.013238389045000076,0.0031378096900880337,0.0007969100261107087,0.004484999924898148,0.0038969998713582754
2501,0.0007472390808499638,6.497917234179546e-05,0.8751726746559143,0.6909309774637222,0.0027915772929361306,0.0010633868467235337,0.0188086264180168,0.0014993989620628676,0.010763633996248245,0.0009040520526468754,0.0006451099761761725,0.006006000097841024,0.011251000687479973
2502,0.0008401944832022995,6.229302482741459e-05,1.140479564666748,0.6513696610927582,0.0043834604543606616,0.0009387423421091752,0.016940642487750172,0.0014488531183470994,0.01052048709243536,0.0006486228667199612,0.0008175100083462894,0.00698000006377697,0.010660000145435333
2503,0.0016608602816604089,8.48787735827992e-05,0.5436315536499023,0.4948383867740631,0.0006709574282212667,0.001146851614360119,0.030302150154071637,0.002382450409380125,0.010870003141462803,0.0009002871811389923,0.0017139100236818194,0.010741000063717365,0.021688999608159065
2504,0.0010148637442673758,6.527445658689935e-05,0.6564207077026367,0.5914952754974365,0.003643967199325571,0.0009337813603743491,0.019079633592760353,0.0015716489928406813,0.01032290793955326,0.0004221750423312187,0.0011114099761471152,0.007594000082463026,0.0134660005569458
2505,0.0011501779248262345,7.021355146583303e-05,1.2200740575790405,0.6068354547023773,4.9749562360999965e-05,0.0003463312562577682,0.026016728541312033,0.002118967959575325,0.010799692943692207,0.0007625874131917953,0.0010579100344330072,0.005255000200122595,0.017814001068472862
2506,0.0008141780592493204,6.918515778203335e-05,0.9258207678794861,0.6872944682836533,0.00019020346978536516,0.000783840834222971,0.03251533993898062,0.0024791657865868774,0.010695651173591614,0.0007406193763017654,0.0007164099952206016,0.006750999949872494,0.02549399808049202
2507,0.0005965019633208421,6.604482407868281e-05,0.867104172706604,0.7082812860608101,0.0017974084460119515,0.0015232877431926967,0.032280320326374436,0.0025282078979007843,0.010546684265136719,0.0006717205978929996,0.0005025099962949753,0.012994999997317791,0.016519999131560326
2508,0.0015797890530568775,7.751468681044293e-05,1.6934313774108887,0.37858325242996216,0.006138443756099848,0.001257758387741685,0.05279370019544438,0.004836461930197659,0.010266001336276531,0.00033442163839936256,0.00158780999481678,0.02118000015616417,0.02433599904179573
2509,0.005783259753730764,0.0003137907625538395,1.0712192058563232,0.6722284257411957,0.023151382791049925,0.001972387948315715,0.39327438220013416,0.08466367575076472,0.012502672150731087,0.0008711265400052071,0.006944209802895784,0.10599999874830246,0.16771599650382996
2510,0.0010297087091963107,7.506788067328127e-05,0.8392877578735352,0.6890552490949631,0.000355565041970938,0.0010037916681999214,0.04681549850640302,0.004076070693358254,0.01046421006321907,0.0005313740111887455,0.0008475100039504468,0.008045000024139881,0.032538000494241714
2511,0.0015001068305554714,9.012057223558656e-05,1.0936696529388428,0.6435534060001373,0.004508130377603343,0.0013694334377873695,0.04078483097195181,0.004156316705042719,0.011276187375187874,0.0010690027847886086,0.0015283100074157119,0.00954199954867363,0.03014099970459938
2512,0.000836924150216149,6.267973791132699e-05,1.242951512336731,0.642317920923233,0.002016548090306296,0.001140438971133859,0.022350967723798486,0.001821474900214736,0.010522994212806225,0.0006437185220420361,0.0007617099909111857,0.00661499984562397,0.01407100073993206
2513,0.0006538958845717039,5.8559638027956334e-05,0.9935988187789917,0.6658000499010086,0.005007183921683971,0.0008671932773112959,0.012259125518973324,0.0010616498996586336,0.010772411711513996,0.0009726365096867085,0.0004850100085604936,0.006829000078141689,0.00724400021135807
2514,0.0006923920272324822,6.335155551699792e-05,0.5570170879364014,0.6024968102574348,0.0019231167120352046,0.001375936941823688,0.027276798772039833,0.002038208202588142,0.010411573573946953,0.0005131135694682598,0.0005581100122071803,0.006951000075787306,0.021534999832510948
2515,0.0011407260473299393,7.173147490929636e-05,1.5234322547912598,0.4707181453704834,0.003735874042417996,0.0011183974115311197,0.018184754858036764,0.0015854974249925463,0.012164399959146976,0.0017777644097805023,0.0010944099631160498,0.006752000190317631,0.012102999724447727
2516,0.0009401073172964892,6.0411963734650475e-05,1.3906238079071045,0.5278372466564178,0.004096560440776103,0.0007688421885351561,0.0111454182736048,0.000953117439255826,0.01074941921979189,0.0009325621649622917,0.0008948100148700178,0.00661499984562397,0.005203000269830227
2517,0.0007367219506242009,5.803457100349822e-05,1.512216329574585,0.5303769111633301,0.001169366066823891,0.0011813010479053375,0.02428149838827404,0.0018552613863571515,0.010529783554375172,0.0006474275141954422,0.0006474099936895072,0.007290999870747328,0.015169999562203884
2518,0.0012521001969580667,9.224570613222964e-05,1.2038823366165161,0.6260902285575867,0.0024282971401742895,0.0019028964330689302,0.034972193121973943,0.0031492995627283304,0.011977225542068481,0.0014477120712399483,0.0011709099635481834,0.008469999767839909,0.02341499924659729
2519,0.002032772512369991,0.00010767568676154629,1.2881383895874023,0.6538187265396118,0.0032696199914559122,0.001780284362170599,0.09179506587668915,0.011411174324634961,0.010431071743369102,0.0004870113916695118,0.001690709963440895,0.018588999286293983,0.0548349991440773
2520,0.004055475324698295,0.00019599322143627534,1.7655481100082397,0.28889262676239014,0.014420592723817465,0.001478102728088783,0.2522779254435818,0.026354895460508995,0.012500239536166191,0.0008783419616520405,0.00462681008502841,0.06476700305938721,0.08879299461841583
2521,0.0011620795354240672,7.038623850641641e-05,1.2973040342330933,0.5613721907138824,0.004032736817503601,0.0009787488821685884,0.017618746930247217,0.001583456184023226,0.010946519672870636,0.0010591810569167137,0.0011910100001841784,0.00661499984562397,0.012126000598073006
2522,0.0017332247623004018,0.00011159604122471911,0.6335071921348572,0.5901092365384102,0.006334999819229539,0.0014634773212691085,0.08681219782949456,0.008826430922658203,0.014648787677288055,0.0014725783839821815,0.002114709932357073,0.025614000856876373,0.052156999707221985
2523,0.0011427719098666604,6.963291001102511e-05,1.507196307182312,0.5229038894176483,0.0038549885483372295,0.001233846547918367,0.03724968858695691,0.003317703520952609,0.010484559461474419,0.0005594128742814064,0.0011266099754720926,0.01488099992275238,0.019965000450611115
2524,0.000590977140772942,5.7455013096091524e-05,1.0454769134521484,0.669798269867897,0.0014850962402887574,0.0009590416843537465,0.012772468586337203,0.0009386614212316523,0.010961693711578846,0.0012653614394366741,0.00044440999045036733,0.003930999897420406,0.007764000445604324
2525,0.0007492280016334389,6.479471520708948e-05,0.9758397936820984,0.673220083117485,0.00010174929399841717,0.0005303516383803982,0.022818199558846345,0.0015939222775258558,0.010784035548567772,0.0008352645672857761,0.0006054100231267512,0.006835999898612499,0.01367500051856041
2526,0.001247279989635272,7.620280698291098e-05,1.36864173412323,0.5722451508045197,0.0018387373226759977,0.0015768364314345895,0.03254286773148357,0.0028734060404202247,0.010871303267776966,0.0009024119935929775,0.001161010004580021,0.008553000167012215,0.02197900041937828
2527,0.0013097544545586264,9.947328731466272e-05,0.8715044260025024,0.6624332070350647,6.944064874089279e-05,0.0005146617575901688,0.07862592145963503,0.007544852334955214,0.012874752283096313,0.0012692869640886784,0.0009919099975377321,0.01308399997651577,0.05929499864578247
2528,0.001641563339767122,0.00011810858420458392,1.3761051893234253,0.5860673487186432,0.0025879322337330505,0.001946511168048303,0.0880890831087739,0.00902573377232399,0.012420016340911388,0.001231309026479721,0.0016371100209653378,0.023243999108672142,0.05612799897789955
2529,0.001754376266931626,0.00013268977577470887,1.6468559503555298,0.4129830598831177,0.01133454937670494,0.0013438338162700203,0.14752998009998192,0.016302407719750667,0.013713770546019077,0.0014056237414479256,0.001708409981802106,0.048298999667167664,0.05691300332546234
2530,0.0008966291973511989,7.012796263734767e-05,0.6625702381134033,0.6283588781952858,3.5112029491901866e-05,0.00024020694548445345,0.035467215917741664,0.0025485472248941952,0.010685901157557964,0.0006968602538108826,0.0006518100271932781,0.005828999914228916,0.027358999475836754
2531,0.0015533263947465105,0.00010690311776928574,0.736109733581543,0.6296818107366562,0.004449924299525115,0.0015359329915769857,0.07576902291706461,0.0074455447088075805,0.01407734863460064,0.0014200573787093163,0.0016909099649637938,0.01974800042808056,0.05501199886202812
2532,0.0006047274820730948,5.6337176395744094e-05,0.9176887273788452,0.6703872084617615,0.004302308641938712,0.000859911428468096,0.014101723774830942,0.0011400636053071926,0.010446129366755486,0.0005699992179870605,0.000431010004831478,0.006845000199973583,0.007842999882996082
2533,0.0022041104160902807,0.00011439893062807605,1.3228089809417725,0.6264812648296356,0.008653607804979473,0.0014373899232453247,0.09455580994801147,0.012679955063825563,0.010685382410883904,0.0006804624572396278,0.0024044099263846874,0.03648100048303604,0.039747998118400574
2534,0.0005455754149412449,5.435188325430987e-05,0.8331220149993896,0.6727248728275299,0.003185140018157731,0.0007767995495154287,0.011800848702137783,0.0008745357919561804,0.010528050363063812,0.0006831372156739235,0.0004625100118573755,0.003092000028118491,0.010592999868094921
2535,0.0008707390075039403,7.885076604930937e-05,1.5332326889038086,0.5144470930099487,4.396165519660596e-05,0.0002833646558250825,0.05153809963955967,0.0037510469350992594,0.011684115044772625,0.0010926667600870132,0.0006858099950477481,0.006845000199973583,0.04028100147843361
2536,0.0006789050573798751,6.63166667947664e-05,1.0748512744903564,0.6998859345912933,0.003000455269136897,0.0012784123364845237,0.027129133138368372,0.00225679593552296,0.010713360272347927,0.0008307588286697865,0.0005487099988386035,0.008834999985992908,0.016777999699115753
2537,0.000617245205960343,7.790146992955535e-05,0.9853256940841675,0.7006846368312836,4.022773366134794e-05,0.000278870041928647,0.09366267518082316,0.008105728841120458,0.017545169219374657,0.0015460941940546036,0.000614509976003319,0.010379999876022339,0.07139799743890762
2538,0.0006426889056229607,6.407992520776108e-05,1.1983206272125244,0.6702343076467514,0.0023150690126876525,0.0012696030897348894,0.018794454790213456,0.0015035462409415529,0.011440913192927837,0.001578768715262413,0.000545609975233674,0.0025480000767856836,0.015812000259757042
2539,0.0007403786846514873,7.115672470019672e-05,1.3278236389160156,0.617110937833786,0.0002375041202943548,0.0008820829350106631,0.026438883932869833,0.0018263221957786537,0.012465065345168114,0.0014917529188096523,0.0006360100232996047,0.005140000022947788,0.018199998885393143
2540,0.0008465653041001306,7.225526681585572e-05,1.2555519342422485,0.6313093602657318,0.004002641175723894,0.0012661588988853193,0.01966448491938262,0.0017131338866311335,0.012928175739943981,0.0021216575987637043,0.0009223099914379418,0.005907000042498112,0.015128999948501587
2541,0.0010027927060142676,7.759234835495911e-05,1.4411919116973877,0.5517182052135468,0.0034543972417222708,0.0013085835251400396,0.024274721011843838,0.0020633930341796333,0.012461250647902489,0.0017572655342519283,0.0008972099749371409,0.007290999870747328,0.016621999442577362
2542,0.0007125090019875,8.187902872361483e-05,1.1875468492507935,0.6786074787378311,0.003128306902092772,0.0015411085590673443,0.03744831888659296,0.0030559013388884865,0.01231595128774643,0.001590781845152378,0.0005199100123718381,0.011478000320494175,0.020576998591423035
2543,0.000994973049791458,0.00013424993626558218,0.9427737593650818,0.7238023430109024,0.002504102355374271,0.002056013258166133,0.14075133423057354,0.01722132523385691,0.014816931448876858,0.002054941840469837,0.0009087100042961538,0.02144799940288067,0.1208139955997467
2544,0.0015038139821898309,0.00014872573941058782,1.297875165939331,0.6632644832134247,0.004132953590570242,0.0016339875487732809,0.16846389174392443,0.021528932930983916,0.012863969430327415,0.0015167524106800556,0.0014254100387915969,0.030215999111533165,0.09485699981451035
2545,0.000755195074544366,6.146758819323002e-05,1.469950556755066,0.5470577776432037,0.0027568778758083248,0.0011118699371713233,0.0175133305556735,0.0014461383353990241,0.011382371187210083,0.001485993154346943,0.0006942100008018315,0.004153000190854073,0.013222000561654568
2546,0.0008817266301509503,6.938353678799102e-05,1.4181008338928223,0.5499701201915741,0.0002170877668699773,0.0007739858191288927,0.020434634254245996,0.0014765471838440614,0.012215524911880493,0.0015526446513831615,0.0007502100197598338,0.004511999897658825,0.012404000386595726
2547,0.0008221915717883605,7.614870487121836e-05,0.984393298625946,0.7103769481182098,0.0017873531853995343,0.0016578815853518641,0.04393588760888899,0.0037461004554802148,0.010634668171405792,0.0007088524289429188,0.0006915099802426994,0.00673400005325675,0.03456899896264076
2548,0.004888196598367307,0.0002511541700870694,1.536112904548645,0.49036240577697754,0.01739146550641962,0.0016637726891667263,0.3565798566028591,0.05394155312601828,0.01303844340145588,0.0008944678120315075,0.005452109966427088,0.07013099640607834,0.17594099044799805
2549,0.0009568634840780925,6.461080092480607e-05,1.2498759031295776,0.6153715252876282,0.004389287880281227,0.0009967586467537505,0.018890364972448594,0.001658389013853876,0.010545162484049797,0.000665436964482069,0.000941610021982342,0.006647000089287758,0.013860000297427177
2550,0.0011453249671925295,7.386980927769386e-05,1.4354493618011475,0.5397211611270905,0.00010119707529873022,0.000591599495463077,0.03220497801456807,0.002530316295408669,0.011237300001084805,0.0009720548987388611,0.0010326099582016468,0.008255000226199627,0.020709998905658722
2551,0.0006033364169310669,5.9738557582421576e-05,0.8115009069442749,0.6866081729531288,0.0027871747803264644,0.0011140625526332366,0.022773741773718548,0.00174781714463452,0.010441355407238007,0.0005666422657668591,0.0003830700006801635,0.006314000114798546,0.01592000015079975
2552,0.0012072987915674514,6.855464921123335e-05,1.6596529483795166,0.3906846046447754,0.0009967761130527109,0.001208818250728557,0.03278106754465966,0.0024960640643492526,0.0105992266908288,0.0006644884124398232,0.0010190099710598588,0.009213999845087528,0.016690000891685486
2553,0.007041498181904038,0.00031260257088417884,0.3654516935348511,0.41276079788804054,0.021172076960083316,0.0019853787267560437,0.8177811432286073,0.13395571631932918,0.015271559357643127,0.001003512181341648,0.008983209729194641,0.15232999622821808,0.5218799710273743
2554,0.0015238029169288062,0.00010280205149633956,0.5061289072036743,0.5895822122693062,0.0036740899456073756,0.0016703429838846311,0.0861789742278547,0.009175323737990716,0.010386420413851738,0.0004684259183704853,0.0015130100073292851,0.02017899975180626,0.06830500066280365
2555,0.0009871699305803714,6.693996941968333e-05,0.9638317823410034,0.6894357800483704,0.005386838693982531,0.0011130683502475099,0.02865871243782561,0.002828721491242388,0.010268431156873703,0.0003431295044720173,0.0010902100475504994,0.0133670000359416,0.018756000325083733
2556,0.0016808730572366154,6.882434161545737e-05,1.7143293619155884,0.3213610053062439,0.00458688507015725,0.0010823922033665005,0.03156884964187315,0.0025302600289819014,0.01049642451107502,0.0005710786208510399,0.0018806100124493241,0.015258999541401863,0.012914000079035759
2557,0.0014553052364753298,8.692645111131668e-05,0.5399217009544373,0.5650528892874718,0.00022837862440008844,0.0009407217970673621,0.0574663166472685,0.005059107538096571,0.010674417950212955,0.0006759734824299812,0.0013897099997848272,0.01648700051009655,0.03491400182247162
2558,0.0010785398567427391,7.904886620142164e-05,1.5079785585403442,0.5620383620262146,0.0035663711950169917,0.0013721593418373407,0.05519625636999083,0.005244790367706562,0.010389555245637894,0.0004698829725384712,0.0011887099826708436,0.017861999571323395,0.031971000134944916
2559,0.001035470361321506,7.242518955289198e-05,1.4299263954162598,0.5477303862571716,7.87704376386948e-05,0.000503504135373572,0.0317271707531436,0.0023756299621221343,0.011502398177981377,0.0010369536466896534,0.0008019100059755147,0.00661499984562397,0.019356999546289444
2560,0.0008821236400626427,6.305536323440231e-05,1.2622041702270508,0.6351703405380249,0.0029235477822226147,0.00108015220407427,0.022772247796978555,0.001927504775869714,0.010442204773426056,0.0005503608845174313,0.0007841099868528545,0.008892999961972237,0.012722000479698181
2561,0.0011310966044547094,7.071616291445912e-05,1.3203952312469482,0.5854175686836243,0.005544990110353895,0.0010753312422144548,0.020383157243814138,0.0019361954454723933,0.011080082505941391,0.0011285366490483284,0.0012120100436732173,0.01095999963581562,0.010501000098884106
2562,0.0006488118431202021,6.148083122927794e-05,1.4333981275558472,0.5871185958385468,0.0017240026670592473,0.0014066426364119078,0.02444493230740303,0.0019005934455466889,0.010899405926465988,0.0010374248959124088,0.00047830998664721847,0.005140000022947788,0.019770000129938126
2563,0.0006543910987317351,5.906914639162026e-05,1.1822952032089233,0.6718229055404663,0.004304179655544895,0.0010244309948005156,0.020197266983065093,0.0016456819554602226,0.010493929497897625,0.0006110365502536297,0.0004948099958710372,0.006752000190317631,0.013922999612987041
2564,0.004296349033029234,0.0002315706163370317,1.133026123046875,0.6665684133768082,0.015400347394520402,0.0017434178295077018,0.39325384530565655,0.07153730774533476,0.014800561591982841,0.0010348916985094547,0.004774509929120541,0.08022399991750717,0.1928269863128662
2565,0.00298912758659121,0.0002178059891705241,1.1308962106704712,0.6854067295789719,0.015352914932356854,0.0016769622159254248,0.6873796379678088,0.14160707487262764,0.016944363713264465,0.0015856064856052399,0.003454810008406639,0.09057500213384628,0.3039399981498718
2566,0.0008420840364308132,6.373452566703098e-05,0.8963550329208374,0.6710368990898132,0.00015116690131717576,0.0006042565495994961,0.025203266569168953,0.0018305908126142068,0.010441984981298447,0.0005360273644328117,0.0006245099939405918,0.003930999897420406,0.01923999935388565
2567,0.0009221798247940253,6.615202031177802e-05,1.4520444869995117,0.5102858245372772,0.002709162790526904,0.0010393712328378509,0.015122433955199752,0.001281269039900332,0.011935004964470863,0.00179746700450778,0.0008465099963359535,0.004821000155061483,0.010706000030040741
2568,0.001478465684045861,0.00012413258291826866,1.578910231590271,0.4847882091999054,0.007753375950483112,0.0014116258282511228,0.16638999628563605,0.01918780235696528,0.015039457008242607,0.0015538954176008701,0.0017160100396722555,0.0332150012254715,0.0873659998178482
2569,0.0004287786404007617,5.6192917054323694e-05,1.0629230737686157,0.7016693204641342,0.003809155189441832,0.0010816373750254596,0.022451834932304796,0.0017066470467215107,0.010565683245658875,0.0006994586437940598,0.0002896999940276146,0.009309000335633755,0.014289000071585178
2570,0.0017224181064025652,0.0001459563408895652,1.1681592464447021,0.7125071585178375,0.007625284133952987,0.0014604160722139665,0.16240278104610628,0.023374909076162437,0.010708946734666824,0.0007528588175773621,0.0017163100419566035,0.04052799940109253,0.09809499979019165
2571,0.0008029550231681938,6.312131509990263e-05,0.905032753944397,0.684480756521225,0.003379526067240858,0.0010045387617152767,0.022512719458722262,0.0018540823215489471,0.010346716269850731,0.0004473845474421978,0.0006131100235506892,0.007946000434458256,0.013755999505519867
2572,0.0011436718952359459,0.00010558718304770859,0.5075413584709167,0.6000345945358276,0.0024536828642610794,0.001962206988086031,0.09315961211749159,0.00906041168215016,0.010517347604036331,0.0006119231693446636,0.0009980100439861417,0.02249700017273426,0.06868000328540802
2573,0.0006390492990084919,6.724758460737058e-05,1.0429948568344116,0.6840661913156509,4.4607693799516334e-05,0.0003087968062696958,0.025030701686363708,0.0015757964642138748,0.01181462686508894,0.0012233895249664783,0.0004139099910389632,0.004251000005751848,0.01840199902653694
2574,0.0013684631000260177,7.71775698663827e-05,0.9565020799636841,0.656287893652916,0.0035421255789237723,0.0012643980802002231,0.0347983954676731,0.0034711924120984228,0.010485950857400894,0.0005669859237968922,0.0014262100448831916,0.01184799987822771,0.021421998739242554
2575,0.0005176269914578225,5.6098301337628926e-05,1.0554571151733398,0.6995687633752823,0.004022038030034437,0.0010135815822639915,0.019968148207960904,0.0015478645279347406,0.010521474294364452,0.000657990574836731,0.0003655499895103276,0.006845000199973583,0.014124000445008278
2576,0.0030341468091394743,0.00017549626353669423,1.7309001684188843,0.31920933723449707,0.008615402157715625,0.0014767665110661109,0.2099677597686566,0.021742339974767266,0.01266770251095295,0.0010753320530056953,0.0029992100317031145,0.057440001517534256,0.06364800035953522
2577,0.0006910697528360297,8.183158549537135e-05,1.1324656009674072,0.7004990428686142,0.002694790852519171,0.0017099125019007012,0.04134410484303914,0.0034091077597933374,0.011529327370226383,0.0013147559948265553,0.0005843099788762629,0.013073000125586987,0.02848000079393387
2578,0.002774532774846907,0.00021716275223243294,0.989396870136261,0.7048771381378174,0.009057371117640026,0.0016287576415238993,0.27839714443071745,0.0491285793611167,0.011557113379240036,0.0011191614903509617,0.002780510112643242,0.05785699933767319,0.149057999253273
2579,0.002235698093709884,0.00013252886385338707,1.1458138227462769,0.635040670633316,0.004963223430550866,0.0015988608469282158,0.10225058166407269,0.012267941122655814,0.012475515715777874,0.0011523813009262085,0.002325610024854541,0.02721099928021431,0.061594001948833466
2580,0.004667938011156159,0.0002076378734500472,0.7877984046936035,0.5963214486837387,0.011778383520705966,0.0017517055422183701,0.3374492246286456,0.05131889072587281,0.01590442657470703,0.0010432954877614975,0.005183610133826733,0.07344900071620941,0.15296199917793274
2581,0.0016323817173261375,7.5515512412266e-05,0.7167022824287415,0.5895619541406631,0.004881956039828852,0.0010847841320934643,0.027360649212019333,0.0028109387269165346,0.010231416672468185,0.00029738154262304306,0.0016289099585264921,0.012090999633073807,0.01728699915111065
2582,0.0023115106199813567,0.00016597042940708377,1.4838839769363403,0.5523999631404877,0.01035892238291434,0.0014414574886200213,0.17935502473059126,0.023882150288715542,0.012290655635297298,0.0012267227284610271,0.0025178100913763046,0.04687900096178055,0.08433900028467178
2583,0.003524932867882825,0.00019791498143226097,1.4363139867782593,0.5963866114616394,0.010920531366578933,0.0015774418051665339,0.20068899280165972,0.03155932014337964,0.010685078799724579,0.0006261211819946766,0.0038367100059986115,0.05719999969005585,0.08762000501155853
2584,0.0013629487406864441,0.00015136575123378588,0.6674796342849731,0.6866276115179062,0.01135273967649634,0.001483728850866747,0.14889853497997857,0.022698021006363242,0.010626236908137798,0.0008523599244654179,0.0013406099751591682,0.058090999722480774,0.067951999604702
2585,0.0019900222277061987,0.00010530437118101373,1.7364418506622314,0.316140353679657,0.005377091516847115,0.0013685211422263684,0.07833424364054141,0.006494650617052983,0.01093777734786272,0.0008004680275917053,0.001991109922528267,0.02486800029873848,0.032641999423503876
2586,0.0005827674683584515,5.695410298405196e-05,1.1188901662826538,0.6703017354011536,0.003763397742739256,0.0008198453129236987,0.009888926194976543,0.0008383206325394852,0.011240142397582531,0.0015706880949437618,0.0004842100024688989,0.003602999961003661,0.006907999981194735
2587,0.006055862666370767,0.0002596883431964258,1.2391812801361084,0.5969505906105042,0.023082846111569,0.0019483086504877845,0.7418447855469026,0.1258380890720478,0.018294649198651314,0.0009409831836819649,0.007360510062426329,0.14180999994277954,0.233365997672081
2588,0.003812462727150691,0.0002322820784526915,1.3906805515289307,0.6025421917438507,0.01902260775659274,0.0016942790563763913,0.6629030161766316,0.11895673155278647,0.01710921712219715,0.0013571297749876976,0.004010709933936596,0.12991000711917877,0.2187490016222
2589,0.004185919633202144,0.00019571210188019808,0.876436710357666,0.6468960791826248,0.023130764257328344,0.0018091348433445058,0.937369606710294,0.15338774962500612,0.01947053335607052,0.0005910610780119896,0.004893110133707523,0.15397000312805176,0.2504599988460541
2590,0.0035201467121234323,0.0002551380840431082,1.139409065246582,0.6882750242948532,0.02731426045204956,0.0017428955920033903,0.762645987060813,0.16085530693646877,0.01690767891705036,0.0015302491374313831,0.00488641019910574,0.18378999829292297,0.21851800382137299
2591,0.0019846315957024337,0.00010547022829030005,1.3664782047271729,0.556970089673996,0.006062821603161678,0.0014042461930576506,0.06088434044152484,0.006617416127127098,0.011410491541028023,0.0010151835158467293,0.002135809976607561,0.01723399944603443,0.03785300254821777
2592,0.0013904071260608213,7.66701420124897e-05,0.9560014605522156,0.6858142465353012,0.005124451853161347,0.0013010705613429494,0.04177858041350297,0.004552381850518223,0.010357510298490524,0.00043808436021208763,0.0016026099910959601,0.01895499974489212,0.02480200119316578
2593,0.0010035719834161495,8.464007204537572e-05,1.302316665649414,0.6177216172218323,0.003035521308919242,0.0016747009528445033,0.03247004974857304,0.002778091129022442,0.012192771770060062,0.0015652822330594063,0.0009648100240156054,0.011362000368535519,0.019037000834941864
2594,0.0014304125483712699,0.00013270309877488884,0.5678027868270874,0.5985105037689209,0.002341362665445584,0.0020676925177241633,0.1766595053613022,0.02006805999451522,0.016215823590755463,0.0017750514671206474,0.0015327100409194827,0.018588000908493996,0.17104800045490265
2595,0.0017965225722204276,9.159143809928355e-05,0.3528211712837219,0.39808619394898415,0.0001182985578358076,0.000724387030880581,0.05879491947275553,0.004299469448064412,0.010770401917397976,0.0007294905371963978,0.0016192100010812283,0.017388999462127686,0.04092000052332878
2596,0.000988806847964776,8.33660422221763e-05,0.8051135540008545,0.6723738461732864,0.004224996551367783,0.0013915678318807184,0.039916431136851144,0.003508764689287642,0.011224187910556793,0.00112924724817276,0.0010153099428862333,0.013201000168919563,0.023982999846339226
2597,0.0013867884372534302,7.082809651957249e-05,1.325444221496582,0.6033691167831421,0.007662194302015957,0.001163304673220243,0.03271869841190818,0.003677605039018525,0.010267563164234161,0.00033480068668723106,0.0015416099922731519,0.015734000131487846,0.01812100037932396
2598,0.0014606607211332752,0.00015344280283034447,0.9682297706604004,0.7125407606363297,0.012330881370782242,0.0013890387854871714,0.15141498822400748,0.02122040068302765,0.011812279000878334,0.0014865058474242687,0.0014415100449696183,0.041057001799345016,0.10235299915075302
2599,0.001516271852281913,0.00010885188568354341,1.3368147611618042,0.606050580739975,0.0038132434819961327,0.0015604703602491753,0.07403156872099796,0.007535751675906477,0.012061073444783688,0.001198076643049717,0.0014397100312635303,0.017116999253630638,0.0451740026473999
2600,0.0025026648321876633,0.00016499505615790453,1.3478200435638428,0.6135574877262115,0.010406239353004271,0.0015273667925252248,0.26924370719707663,0.03918739459638597,0.015384882688522339,0.0013921819627285004,0.002768009901046753,0.052191998809576035,0.15949198603630066
2601,0.0009417323683957517,9.40257993337882e-05,1.5155175924301147,0.5270087420940399,0.0023798141642544434,0.0019338259209457187,0.06575346720196226,0.005641012564704343,0.013671237044036388,0.001503780484199524,0.000961409998126328,0.012896999716758728,0.048645999282598495
2602,0.002329007090411215,0.00017450550272621172,1.3912314176559448,0.6167745590209961,0.006250930793773738,0.0015876433222286922,0.1962852061717878,0.0275835763612082,0.011151330545544624,0.0009598196484148502,0.0024122099857777357,0.03473600000143051,0.12763400375843048
2603,0.0013062574660145016,6.979972417324812e-05,1.3653042316436768,0.5961056649684906,0.006993588870850842,0.001141507233099112,0.033172907948127946,0.0036123735465346304,0.01026652567088604,0.0003385939635336399,0.0014109100447967649,0.018588999286293983,0.018792999908328056
2604,0.0014043858604797978,7.706655235042005e-05,1.0430707931518555,0.6500761210918427,0.0031111699582572856,0.0013006981192729469,0.033416572416611875,0.003302545613234134,0.01047554612159729,0.0005533094517886639,0.0015400099800899625,0.009882000274956226,0.02737800031900406
2605,0.0009851424665315237,6.353826797024758e-05,1.3915590047836304,0.5513607561588287,0.004318434984156451,0.0009361162178176895,0.016219509196140073,0.0013802521974976105,0.01076375599950552,0.0009126020595431328,0.0010698100086301565,0.006949000060558319,0.011074000038206577
2606,0.0008173954083244484,6.619720346892361e-05,0.752873957157135,0.6654694974422455,0.0007746700469784207,0.0011570035301026746,0.03136969291108387,0.002432990231907047,0.010370982810854912,0.0004642484709620476,0.0007367099751718342,0.008791999891400337,0.02185000106692314
2607,0.0008010292529547921,7.794248579497733e-05,0.6027892827987671,0.6295908316969872,0.004300724114076605,0.001358857659849796,0.05127053332196255,0.004528804676520851,0.010368742048740387,0.00045752478763461113,0.0004943099920637906,0.015584000386297703,0.03327000141143799
2608,0.0016179960642431826,8.781200330186436e-05,1.6786037683486938,0.3575347065925598,0.005044420026110143,0.0012963326006894776,0.0458218114762471,0.003766333201257216,0.011230429634451866,0.0009700027294456959,0.001740109990350902,0.01719599962234497,0.02645299956202507
2609,0.0009800949646403758,6.576645337437535e-05,0.9537162780761719,0.6447733789682388,0.006320121975526874,0.0009809809953318783,0.01734823074200981,0.0016834083506934855,0.010411679744720459,0.0005294033326208591,0.0010279100388288498,0.011471999809145927,0.009863000363111496
2610,0.0017277252484651706,0.00010122763096698012,0.7219419479370117,0.6694209724664688,0.007146887019183321,0.0014293799842617244,0.07999429324554622,0.010025961888073788,0.010481778532266617,0.0005541532300412655,0.0020120099652558565,0.027758000418543816,0.04971100017428398
2611,0.0012305225011495138,7.339100676580202e-05,0.9011021852493286,0.690180242061615,0.006434334397401823,0.0012011685644988126,0.03440252647590328,0.0037447825804683525,0.010304242372512817,0.00038864463567733765,0.0012541100149974227,0.014759999699890614,0.02011999860405922
2612,0.0010234952257064248,7.320129207179384e-05,1.0128209590911865,0.6847664266824722,0.002698647404180268,0.0014008908642095855,0.03166245226407801,0.0028449669731702536,0.010682547464966774,0.0007767602801322937,0.0010319099528715014,0.009309000335633755,0.02285199984908104
2613,0.0013650813673956768,7.289930941738274e-05,1.5426634550094604,0.49411484599113464,0.002531507403802066,0.0015785324832391268,0.04054054035890592,0.0037084102841644442,0.010382995009422302,0.0004609883762896061,0.0014159099664539099,0.014252999797463417,0.02374900132417679
2614,0.002025657423770423,8.56119507238527e-05,1.7344756126403809,0.3098924160003662,0.0037875607196140733,0.00135124623684631,0.05638150450635743,0.004542938380901081,0.010485525242984295,0.0005137301050126553,0.0020786100067198277,0.015208999626338482,0.03644099831581116
2615,0.0007613308682027384,6.644856425965027e-05,1.0520641803741455,0.7058425694704056,0.0014290311467168768,0.0014100237415155467,0.03238665404727021,0.002636801901044355,0.01047730352729559,0.000593248289078474,0.0005277100135572255,0.010077999904751778,0.018807001411914825
2616,0.001097970730918085,6.753777041023246e-05,1.1346516609191895,0.6259539127349854,0.0033593176956166226,0.0009414481673768807,0.019225894367989996,0.0016807274187924885,0.010468009859323502,0.0005914238281548023,0.0010541100054979324,0.006335000041872263,0.015138999558985233
2617,0.001196531817332483,8.550477636187141e-05,1.12933349609375,0.6774576306343079,0.006713398757404057,0.0013172306784033886,0.046102671426976674,0.004821099138848872,0.011003612540662289,0.0009566494263708591,0.0011085099540650845,0.019982000812888145,0.028824999928474426
2618,0.0011571191887100429,7.55197084097636e-05,0.8459511995315552,0.7201034650206566,0.007043496998889584,0.0012625650172670877,0.0465518985739325,0.005508756358779017,0.01019150111824274,0.0002494943328201771,0.0011855099583044648,0.01848899945616722,0.026765000075101852
2619,0.001085903314375968,6.727718086178933e-05,1.2980802059173584,0.6173378825187683,0.0043251208727153306,0.0011185258351174535,0.027763596453613065,0.0025928292296223503,0.010435730218887329,0.0005372860468924046,0.001107809948734939,0.009607000276446342,0.020573999732732773
2620,0.000991563940003707,8.967881533924067e-05,1.232977271080017,0.6510133296251297,0.002661953485013316,0.0018416239742676762,0.03914374147323879,0.0033175024154909437,0.012871162965893745,0.001592748798429966,0.000985609949566424,0.011886999942362309,0.022748999297618866
2621,0.0019538058037762247,8.801620239073341e-05,1.6748073101043701,0.33923548460006714,0.004483013861524376,0.0012757707502571223,0.0387299368775742,0.003096712172925911,0.011234794743359089,0.0009672921150922775,0.001963909948244691,0.013073000125586987,0.01929299905896187
2622,0.0012362059942295867,8.825929294813226e-05,1.0587798357009888,0.7007623165845871,0.004492427520945311,0.0014523963642515336,0.0622818966835588,0.006609997394175081,0.010612095706164837,0.0006776191294193268,0.001162210013717413,0.01594500057399273,0.0418890006840229
2623,0.001008837307954234,7.92668964233013e-05,1.232818603515625,0.6719931811094284,0.00450599754503816,0.0013180337582626863,0.045504762832869694,0.0043202466850842496,0.010741380974650383,0.0007964950054883957,0.0008552100043743849,0.010712999850511551,0.032437000423669815
2624,0.001047938206048946,8.526689929990984e-05,1.4692275524139404,0.5805196464061737,0.003440054347503667,0.0015325656761136686,0.06330520281264403,0.005941978579830989,0.010667534545063972,0.000712336041033268,0.0009734099730849266,0.01604500040411949,0.03340499848127365
2625,0.002545023882474845,0.0002017378689495189,1.5441408157348633,0.5237893760204315,0.0122310263576268,0.0015481660230827728,0.50045251259584,0.08633380714602512,0.015695538371801376,0.0015604803338646889,0.0028670099563896656,0.08304399996995926,0.17750199139118195
2626,0.009496235149852015,0.00041247663757178286,0.5330280661582947,0.48997169733047485,0.034969409377492676,0.002440576972738199,1.1446162406557712,0.2076923632704637,0.016562337055802345,0.0008981367573142052,0.012191110290586948,0.2611899971961975,0.36027997732162476
2627,0.006331529943135978,0.00016392948117348273,1.8637477159500122,0.16461610794067383,0.016375238047654426,0.001402560863346238,0.3649128541563487,0.026559368623523594,0.017185237258672714,0.0007370095700025558,0.006788509897887707,0.08988100290298462,0.07669799774885178
2628,0.0012980623548577764,0.00012202566880534444,1.0368623733520508,0.7092682719230652,0.0067220653077077665,0.0013989908487404578,0.10752510523008513,0.012908689662719935,0.011386344209313393,0.0012058224529027939,0.0013258099788799882,0.029178999364376068,0.06085300073027611
2629,0.004001786491529745,0.00021119794178597797,1.2568683624267578,0.6250040829181671,0.011855380071171007,0.0017344851854437559,0.4661742875458441,0.07765316356273633,0.016453947871923447,0.001125069335103035,0.0045788101851940155,0.05881499871611595,0.24577400088310242
2630,0.0008668932702047624,9.780567437346979e-05,1.0404291152954102,0.7006207555532455,0.0037365939835207794,0.0015287006687520336,0.061174768865975025,0.00547144323321426,0.012646582908928394,0.0015468122437596321,0.0008736100280657411,0.0160910002887249,0.04306599870324135
2631,0.002491000121843114,0.0001453023428695955,1.5968197584152222,0.441348671913147,0.007644539446331293,0.0014553645392229417,0.17148425848674875,0.019289232398758946,0.013717432506382465,0.0011486629955470562,0.0028212100733071566,0.04062600061297417,0.07927500456571579
2632,0.0025735718005426285,0.00012128150978521989,1.5881314277648926,0.49081528186798096,0.00503843086027776,0.0015053536331942105,0.11723607749161054,0.013600594654765721,0.010351120494306087,0.0004000803455710411,0.0028782100416719913,0.030195999890565872,0.0633229985833168
2633,0.0020000490629340263,0.00016009078267809854,1.459845781326294,0.5746033489704132,0.006929959030781736,0.0015032047802559859,0.20750005247996878,0.02772585681094862,0.0135666998103261,0.001404489390552044,0.0020319100003689528,0.04225200042128563,0.13238799571990967
2634,0.0009698495073317601,8.905396907774396e-05,1.3371312618255615,0.6311860680580139,0.002922785522509926,0.001649307576007467,0.05349363636499421,0.004841385587128277,0.011321949772536755,0.0011076293885707855,0.0007694099913351238,0.011572999879717827,0.03986799716949463
2635,0.0014790022798742864,7.789955436581788e-05,0.687852144241333,0.6711636558175087,0.006083586119726378,0.0012904780094167936,0.04656116355224462,0.005452839579420856,0.01023183111101389,0.0002908743917942047,0.0014930099714547396,0.01937600038945675,0.02498599886894226
2636,0.000899229477291797,8.556844203324367e-05,1.386770486831665,0.6369061768054962,0.001918731906542552,0.0017568730100788127,0.06745024714353348,0.006290124395926487,0.010613578371703625,0.0006910264492034912,0.0007017099997028708,0.0133670000359416,0.046966999769210815
2637,0.0010948540562307207,6.89511020916674e-05,1.4795851707458496,0.5604591369628906,0.004954384191402661,0.001219665998963511,0.040661425147026566,0.003946101990037712,0.010275758802890778,0.00034193089231848717,0.0010174099588766694,0.016731999814510345,0.022526999935507774
2638,0.0013651540612373122,7.848208286930836e-05,1.4352307319641113,0.5746622681617737,0.0035727713118736586,0.001404805486507942,0.05035152842301934,0.005027715930274006,0.010420377366244793,0.0004942771047353745,0.0013473100261762738,0.013495000079274178,0.03230799734592438
2639,0.0008857898780342845,7.554576925570123e-05,1.0433274507522583,0.6926662921905518,0.00019418626038558462,0.0008426153844252106,0.04836407290959072,0.004060920618032451,0.010619089938700199,0.0006760475225746632,0.0007017099997028708,0.007720999885350466,0.03972899913787842
2640,0.0006401532442508888,6.063471151138768e-05,0.7641010284423828,0.6528976112604141,0.0045835548282435945,0.0009947031570533948,0.01634512343287303,0.0013220973216509606,0.0108804227784276,0.0010464689694344997,0.0006288100266829133,0.0075079998932778835,0.01195400021970272
2641,0.0017551690903609845,9.934458015416084e-05,1.0321881771087646,0.6882938295602798,0.006499972368716125,0.001416191989902645,0.07477713238536444,0.009419968047457823,0.010593305341899395,0.0006458600983023643,0.0018017099937424064,0.018384000286459923,0.047047004103660583
2642,0.0009724058583001317,6.828859989954454e-05,0.5931684970855713,0.5532513856887817,0.004516297410240728,0.0009860910432242694,0.01319328981682506,0.0011253462370820668,0.011329678818583488,0.0015206700190901756,0.0008796100155450404,0.006845000199973583,0.008941000327467918
2643,0.00069779495799174,6.092676058940845e-05,0.883043110370636,0.6772047281265259,0.0032363255666714224,0.0009809145163450197,0.01651295120167988,0.0012990387765729411,0.010801567696034908,0.0009638187475502491,0.0005523100262507796,0.0069610001519322395,0.010486000217497349
2644,0.0008133198887862051,7.186151098272412e-05,1.143796682357788,0.670044794678688,0.0043488585515788665,0.0012152226411273818,0.026007960478580505,0.0022046202426802206,0.011471439152956009,0.0013676537200808525,0.0006923099863342941,0.007579000201076269,0.020925000309944153
2645,0.0010029677841766286,6.846063271111533e-05,1.2826900482177734,0.5794013738632202,0.004440933694149766,0.00094689023508388,0.010857370045584335,0.0010461314543140634,0.012186288833618164,0.002137079369276762,0.0010403100168332458,0.005828999914228916,0.00784900039434433
2646,0.0009031135517306395,6.706896475646389e-05,0.6952606439590454,0.6391610875725746,0.0017189400285749176,0.0012271197356907247,0.01911301823640336,0.0014338453083437824,0.010609972290694714,0.0008070478215813637,0.0008264100179076195,0.005464999936521053,0.015613999217748642
2647,0.000618070190266642,5.703907277715718e-05,0.8632607460021973,0.6568877846002579,0.0020473654659912952,0.0007178350657117521,0.009443188024953643,0.0007111626796340526,0.01094172801822424,0.001216159202158451,0.0005024099955335259,0.0029299999587237835,0.006687999702990055
2648,0.00039540015801076264,4.8480017239384965e-05,1.0849257707595825,0.6832032203674316,0.0024804530525969395,0.0006640518317124377,0.006208632153668117,0.0005484335042608432,0.012174657545983791,0.002443324774503708,0.0001602200063643977,0.0014990000054240227,0.004480000119656324
2649,0.00034352061647816576,4.601876285536264e-05,1.0644046068191528,0.6889361888170242,0.003266257979359312,0.0006633481307784595,0.005369339488917379,0.0005295462233357801,0.013013672083616257,0.0029685357585549355,0.00013501000648830086,0.001623000018298626,0.004569999873638153
2650,0.0009775774317016476,6.882468273986339e-05,1.1917359828948975,0.6334755569696426,0.004294533290452521,0.0010613985229394173,0.017378571547831227,0.0015338362422896192,0.01114393025636673,0.0012533343397080898,0.0010024099610745907,0.006041999906301498,0.01222199946641922
2651,0.0006525568442640217,6.091755397400736e-05,1.0608469247817993,0.6845706403255463,0.0015977220339198092,0.0012535820609811273,0.01858888639020707,0.0013967920864706041,0.010805310681462288,0.0010379510931670666,0.0005340100033208728,0.006010999903082848,0.011675999499857426
2652,0.0020461586879071706,0.00014020608165946742,1.5961873531341553,0.4592963755130768,0.008257243078838204,0.001435009720709467,0.13501779205657938,0.015257006746516331,0.011545959860086441,0.001056428998708725,0.0020174100063741207,0.03648899868130684,0.06915300339460373
2653,0.0006041829437330553,4.9037915935860616e-05,1.5613188743591309,0.4562501609325409,0.0029777936268913993,0.0006726680603095982,0.0068493896715000075,0.0006009621672728878,0.011913923546671867,0.0021834145300090313,0.0005572100053541362,0.003261999925598502,0.004466999787837267
2654,0.0006161185270654664,5.525965874250813e-05,0.5218541622161865,0.5384808406233788,0.005492775767625515,0.0007212860103075129,0.006485910465440366,0.0006444730455631136,0.011200344190001488,0.0015827175229787827,0.0005319099873304367,0.005628999788314104,0.004866999574005604
2655,0.001155752337387826,8.219419671688351e-05,1.5203999280929565,0.49358704686164856,0.00023754037003209766,0.0009225817725135326,0.04105979634557842,0.0031376384419947376,0.012267125770449638,0.0011834632605314255,0.0011207100469619036,0.008469999767839909,0.02755799889564514
2656,0.0007352564883283558,6.423231248854448e-05,0.7161732912063599,0.6631161868572235,0.0007350470287912414,0.0010767895488576736,0.025327967201091022,0.0017829420011940787,0.010473333299160004,0.0005915863439440727,0.0006283100228756666,0.00558699993416667,0.021216001361608505
2657,0.0005884971936949813,6.005876708724408e-05,1.086325764656067,0.688297376036644,0.00274307791716868,0.0010869069364332603,0.01891628803965516,0.001474439282196571,0.010953758843243122,0.001080942340195179,0.0004137099895160645,0.00585100008174777,0.01147099956870079
2658,0.0005336772741456243,6.470250653759101e-05,0.6419709324836731,0.6252323538064957,0.0007474848422046986,0.0011004156370655594,0.014279555986961682,0.0010134894544269642,0.012299973517656326,0.002402112353593111,0.00033005999284796417,0.0015569999814033508,0.01266700029373169
2659,0.0008119926485248542,6.278483811349346e-05,1.099948525428772,0.6453130692243576,0.00272269646523471,0.0008222972152706901,0.012588636268518402,0.0009787777314188137,0.010732472874224186,0.000957239419221878,0.0007284100283868611,0.003751999931409955,0.008786999620497227
2660,0.0007898079407288457,7.134973400256604e-05,1.2198352813720703,0.6525108963251114,0.00010537995457970422,0.0006612494735488442,0.028495828861576238,0.0019894793193603027,0.013492751866579056,0.001450355164706707,0.0005158099811524153,0.003386999946087599,0.02247299998998642
2661,0.0006552758031336785,5.671500839126158e-05,1.203019142150879,0.6104794442653656,0.0022333146212502445,0.0006896595623143692,0.007133066169468696,0.0006082095142315156,0.01189016830176115,0.002241400070488453,0.0004926099791191518,0.0019470000406727195,0.005033999681472778
2662,0.000548665787684146,5.6559740203182194e-05,0.7318626642227173,0.6561245992779732,0.004219667534672752,0.0008404578727400449,0.012283414576065776,0.0009714592029801839,0.010734330862760544,0.0009173988364636898,0.0003879099967889488,0.006829000078141689,0.006068000104278326
2663,0.00041142638971774386,4.6566611743473506e-05,1.1599150896072388,0.6553992480039597,0.0021139058467682407,0.0004694818567271661,0.003253996474108739,0.0003414280625786586,0.01420583575963974,0.003492005169391632,0.00022594000620301813,0.0008520000264979899,0.002205000026151538
2664,0.0014296902855585295,0.00013440518283457093,1.1638197898864746,0.6866141706705093,0.005024037867446406,0.001530433094872824,0.14496118274177996,0.01816380003558067,0.013175273314118385,0.00151058379560709,0.001670610043220222,0.027362000197172165,0.09939199686050415
2665,0.0006727252141548335,5.6070748742117484e-05,1.1247273683547974,0.6483315080404282,0.002780832090704461,0.0006979858750757008,0.01078951145678413,0.0008195779446648248,0.010542606934905052,0.0007129646837711334,0.0005281100166030228,0.0034829999785870314,0.007859000004827976
2666,0.0007007404905213738,6.22224541158889e-05,0.9388673305511475,0.6684725731611252,0.0034494284794301384,0.0010088535016877216,0.01602727665536838,0.0012870912515271522,0.011067332699894905,0.0012439568527042866,0.0005900100222788751,0.00546000013127923,0.01210399903357029
2667,0.0005779695452716591,8.392932130997114e-05,0.7331984043121338,0.6774869412183762,0.00016064009010140939,0.0007958095945614407,0.06450720441744157,0.005014627916023327,0.010991182178258896,0.0009862454608082771,0.0003843299928121269,0.010960999876260757,0.045750997960567474
2668,0.0008375455623893282,6.621101951568442e-05,0.774096667766571,0.672651618719101,0.004025528206679455,0.0011232255487998554,0.026848780263712353,0.002258528762639102,0.010402149520814419,0.0004978855140507221,0.0006266100099310279,0.009096999652683735,0.01713399961590767
2669,0.0005704567520671604,5.453427031772688e-05,1.1694822311401367,0.6661280691623688,0.003751812805218101,0.0008728473105967505,0.013926905158221755,0.001102110869890159,0.010664431378245354,0.0008381744846701622,0.0004674099909607321,0.006647000089287758,0.008724000304937363
2670,0.0008745888417433423,7.32175693120826e-05,0.9026586413383484,0.7185138314962387,0.0008385181332238609,0.001278866575248717,0.048954783746735925,0.0044374073001303485,0.010265544056892395,0.00033307215198874474,0.0007044100202620029,0.009902999736368656,0.03338199853897095
2671,0.0015828691296657378,9.584437013322809e-05,1.7272396087646484,0.31882596015930176,0.005507030023920316,0.0013298791133089152,0.06506573595336276,0.005217757110343672,0.011233311146497726,0.0009409836493432522,0.0016193100018426776,0.018099000677466393,0.03993699699640274
2672,0.0012658685798793638,7.18911070064119e-05,1.582978367805481,0.4570188522338867,0.00435801921433076,0.001198255464122693,0.03420714780672976,0.0029309615722346114,0.010709838941693306,0.0007542655803263187,0.0014110100455582142,0.008844000287353992,0.025162000209093094
2673,0.000927898957189828,6.782668694014815e-05,0.9119111895561218,0.6170786023139954,0.004183783055170519,0.0008254568526769755,0.007841995418604232,0.0007761238003823425,0.01224813424050808,0.0025152447633445263,0.000738709990400821,0.0031769999768584967,0.0056940000504255295
2674,0.0007456691847777297,6.247201097619803e-05,1.0348650217056274,0.697530597448349,0.0031523977880332952,0.001066355854754527,0.02347998076187096,0.0019162070523864108,0.010445625521242619,0.0005634501576423645,0.0005662100156769156,0.0048340000212192535,0.01809299923479557
2675,0.003440328193487216,0.00019719789162064047,1.5274513959884644,0.5073685348033905,0.014301530413210289,0.0015357513654928713,0.2687715757528035,0.0388781126361039,0.013284563086926937,0.001046856865286827,0.004013310186564922,0.06014600023627281,0.13672800362110138
2676,0.0017302918564030803,9.919982654505984e-05,1.3274686336517334,0.5953159630298615,0.0037559323389252,0.0014993037397710537,0.060713315352308464,0.006401753785698433,0.011057699099183083,0.0008895131759345531,0.0017283100169152021,0.017379000782966614,0.03665599972009659
2677,0.0011946743159205078,6.480239791099894e-05,1.5090686082839966,0.484732061624527,0.002169776755796868,0.0010584912233500324,0.022897091075051237,0.001876845147847252,0.010405154898762703,0.0005113272927701473,0.001304810051806271,0.00889699999243021,0.013435999862849712
2678,0.0010015207291927397,6.888579692621363e-05,0.6352641582489014,0.6273582726716995,0.0019914713842977935,0.001439969979201537,0.03138986554224854,0.002615026470094841,0.010339013300836086,0.000424953643232584,0.0009754099883139133,0.009651999920606613,0.022082999348640442
2679,0.0010290413198200405,6.602538997418222e-05,0.3746781051158905,0.4464079849421978,0.0036716199531122953,0.0011273596493791408,0.025834055192756788,0.00195609469902985,0.010345859453082085,0.0004432271234691143,0.0009524099878035486,0.009441000409424305,0.016894999891519547
2680,0.0010069156868758565,7.478189391436159e-05,1.3012363910675049,0.6442133486270905,0.0031164896950020564,0.0013897291769150812,0.037247684609537424,0.0032834954641439915,0.010703901760280132,0.000773042906075716,0.0009645100217312574,0.012004000134766102,0.02447500079870224
2681,0.001622841581170075,0.00012786115545053423,0.8668085932731628,0.6787022203207016,0.005314695788847236,0.0015150344267394963,0.10360250343189521,0.012256940666601025,0.012264158576726913,0.001370452344417572,0.0017121100099757314,0.022988999262452126,0.07587499916553497
2682,0.0021724943055819444,0.00014936245691633907,1.5818105936050415,0.4729717969894409,0.008643347738528267,0.0014449758870035872,0.21162873523602116,0.025751515228186583,0.014619989320635796,0.001391574740409851,0.002396309981122613,0.04931899905204773,0.10120800137519836
2683,0.0005621258843664343,6.605431334105434e-05,1.1654870510101318,0.6883909404277802,0.005774738287356808,0.0012185127719938817,0.03409635307546414,0.0028840213688202214,0.01066563930362463,0.0007699057459831238,0.0004698100092355162,0.01269499957561493,0.024197999387979507
2684,0.0015848829256307879,9.831009459397989e-05,0.9815335273742676,0.6378247290849686,0.005129084500762504,0.0014107819635632262,0.0468365264235353,0.004737186327022878,0.012606801465153694,0.0013189641758799553,0.001647209981456399,0.014595000073313713,0.02965099923312664
2685,0.0012517971004819385,0.00010049522516893529,1.0852527618408203,0.6871622502803802,0.006158510403333858,0.001404146192841228,0.06611448893130893,0.006993933853572335,0.01154247485101223,0.0012090150266885757,0.0015040100552141666,0.023885000497102737,0.043494999408721924
2686,0.0012302556952966013,7.901739882873709e-05,1.050632119178772,0.6869326382875443,0.004483498720652731,0.0013531238064024224,0.04812974691943588,0.005041698516373667,0.010451113805174828,0.0005337935872375965,0.0012880100402981043,0.016742000356316566,0.0317860022187233
2687,0.0012313171822107107,7.70513042365606e-05,1.4214763641357422,0.5806362330913544,0.0009384294294959481,0.0013051979345606725,0.050702165364668705,0.0047411395125074585,0.010382285341620445,0.0004665837623178959,0.0010679099941626191,0.012233000248670578,0.02834700047969818
2688,0.0006788200860343184,6.859269431971123e-05,1.185294270515442,0.7177934646606445,0.0018672012100473968,0.0016082011610260764,0.04507597074836541,0.004082305679355393,0.010210219770669937,0.00026867445558309555,0.0004806100041605532,0.009959000162780285,0.028349999338388443
2689,0.0011529798014410391,7.099909157280476e-05,1.2629945278167725,0.5618163049221039,0.002882619822613131,0.0009489800135369481,0.01477099097138552,0.0013067757811384114,0.01127244159579277,0.0014143306761980057,0.0012519099982455373,0.00824700016528368,0.0069770002737641335
2690,0.0010793151886979897,7.294211492542974e-05,1.504004955291748,0.49815478920936584,0.002730033368845275,0.0012584338319408164,0.02565372773488213,0.002129762680702396,0.011201487854123116,0.0011675232090055943,0.0009789100149646401,0.007590000052005053,0.015783000737428665
2691,0.0011701822795194391,7.238458213656637e-05,1.0172783136367798,0.6282714307308197,0.005122131474805607,0.0010590346644433492,0.018785614547694344,0.0017358216699277663,0.01074865274131298,0.0008895192295312881,0.0011711099650710821,0.01030499953776598,0.011050000786781311
2692,0.0005909764919051406,5.8011895952956314e-05,1.1739908456802368,0.6837291270494461,0.002070885793973706,0.0012391921226069143,0.02503237131379119,0.001970777733881301,0.010436021722853184,0.0005414760671555996,0.0004806100041605532,0.006692999973893166,0.015402999706566334
2693,0.0012130847784925494,7.824328517652733e-05,0.5888330936431885,0.6096678152680397,0.006218978469607323,0.0012965961693863345,0.04165474024720635,0.003997459911348342,0.010535464622080326,0.0006161765195429325,0.0010908100521191955,0.01592000015079975,0.02707500010728836
2694,0.002258429279824139,8.581688908413689e-05,1.4343966245651245,0.5205243825912476,0.006195761725933239,0.0013061864056964053,0.054326541036519606,0.00620622386508296,0.010372987948358059,0.00043134158477187157,0.0024771098978817463,0.021069999784231186,0.02805500105023384
2695,0.001999587962366276,0.00010110490319512305,1.5305726528167725,0.5079377293586731,0.002368056350148713,0.001906086524105534,0.08260865783123054,0.00872197605652815,0.01042769756168127,0.0004664408043026924,0.002046409994363785,0.020524000748991966,0.04721299931406975
2696,0.001964603346355893,0.0001378468992096392,0.48743578791618347,0.5545705258846283,0.00358320141683237,0.0019065622211290084,0.1088985691332123,0.011493293667614597,0.011289200745522976,0.001063864678144455,0.0020046099089086056,0.029670000076293945,0.07158900052309036
2697,0.003001153757770146,0.00014733932096954198,1.2626920938491821,0.5878788530826569,0.003868004604028768,0.0018499603914706106,0.14929405801352094,0.018367130711646307,0.013453396037220955,0.001030252780765295,0.003170809941366315,0.03161200135946274,0.08899600058794022
2698,0.0011286743983640612,6.990506050496865e-05,0.7434487342834473,0.673850990831852,0.003915137084524633,0.0011609419754869655,0.032974771961217175,0.0032274455229843596,0.010238159447908401,0.00031435955315828323,0.0012853100197389722,0.010458000004291534,0.023646000772714615
2699,0.001442052543284449,8.288951523819981e-05,1.638289213180542,0.3852512836456299,0.004276922794517844,0.0013045713410024956,0.034201345585382306,0.002791283316248727,0.011473353020846844,0.0011674817651510239,0.0015000100247561932,0.009936000220477581,0.02437799982726574
2700,0.0006298598522981436,7.32205189586885e-05,0.8047717809677124,0.6972096338868141,0.001044453117080921,0.0014100881298822745,0.045070910523612125,0.003417087350731117,0.010633504949510098,0.0007232562638819218,0.000566310016438365,0.008834999985992908,0.03503800183534622
2701,0.0008924461645733189,6.65960816892897e-05,1.2850866317749023,0.6345289051532745,0.0006763987836043921,0.0011031342749459484,0.030625615015003244,0.002486207269012025,0.010570070706307888,0.000645969994366169,0.0008344100206159055,0.007356000132858753,0.02174600027501583
2702,0.0009414475492377983,7.400274047626536e-05,0.8721047639846802,0.6667938381433487,0.003720476813441315,0.0012283585759112767,0.02592888184427878,0.002248603270726051,0.011165346950292587,0.0011650901287794113,0.0009111100225709379,0.00761700002476573,0.01827099919319153
2703,0.0006804834300348218,7.303609171793214e-05,0.6931266784667969,0.6619506552815437,0.001454318091333475,0.0015312952910653851,0.02901903474071507,0.0021382108438033846,0.011102051474153996,0.001193007454276085,0.0005652100080624223,0.006982999853789806,0.02179500088095665
2704,0.0011455343632222857,7.244317561793648e-05,0.8596333265304565,0.6360176652669907,0.00045965824522475304,0.0009650718078562897,0.025764513593631716,0.0020506057535629157,0.01066337525844574,0.0007678726688027382,0.0011750099947676063,0.008057000115513802,0.01842600107192993
2705,0.0007818245824817749,9.544728529143617e-05,0.4566406309604645,0.5346752554178238,0.0004349398144752883,0.0012013317518450774,0.09681929457811911,0.008431802654012326,0.016321605071425438,0.001769362948834896,0.0007241099956445396,0.013942999765276909,0.07872100174427032
2706,0.0020329164749601832,0.0001062122751750408,1.615168571472168,0.42077404260635376,0.007735162782358224,0.0013466205277349861,0.07611881500481574,0.007669182365627927,0.01103147305548191,0.0008520437404513359,0.002339209895581007,0.03199699893593788,0.0346979983150959
2707,0.000993234315867672,9.663742078277316e-05,1.2685363292694092,0.6512213945388794,3.708225904895554e-05,0.000246250142212958,0.08765899127057587,0.007998813797877737,0.013434618711471558,0.001383199356496334,0.0009042100282385945,0.011524000205099583,0.05550500005483627
2708,0.0022013122295415077,0.0001741550036983906,1.0989874601364136,0.692275658249855,0.008598557353751443,0.0015371301854512362,0.27155208982875667,0.04218343318966215,0.01483999378979206,0.0015589222311973572,0.002162409946322441,0.04303999990224838,0.1352670043706894
2709,0.0010147818481461904,7.040235926345694e-05,1.0139479637145996,0.6861351430416107,0.004987759913275906,0.0011775359391078546,0.02969071974473722,0.0027974039965568687,0.01048370636999607,0.000594086479395628,0.001012910041026771,0.012202000245451927,0.017365001142024994
2710,0.0019854576246262435,0.0001533697323518983,1.530424952507019,0.5151588022708893,0.00869120989432941,0.001436764614371994,0.15943112865518438,0.019485339890092296,0.012015063315629959,0.0012634419836103916,0.0020121100824326277,0.04612100124359131,0.06332000344991684
2711,0.0008012034122081711,6.361347425734007e-05,0.48768219351768494,0.5450126230716705,0.004929938820935409,0.0010469850648260328,0.02488388186446761,0.002014126517727503,0.010225123725831509,0.00029275380074977875,0.0008811100269667804,0.015332999639213085,0.011136000044643879
2712,0.0015401328144074276,7.872374971645379e-05,0.7439375519752502,0.6577161997556686,0.008297763415335238,0.0012851418499791188,0.04418826449224117,0.005302018527500282,0.010309322737157345,0.0003856141120195389,0.0017402099911123514,0.015193999744951725,0.037588998675346375
2713,0.0007094341563103718,7.1496258580406e-05,1.0630205869674683,0.701289713382721,0.005646199136324674,0.0012352823459986979,0.036962710038031615,0.003253973001151749,0.010736815631389618,0.0008266149088740349,0.0007290099747478962,0.012613999657332897,0.027580000460147858
2714,0.0007506294115536959,6.44271403784146e-05,1.2680327892303467,0.6650532931089401,0.0014924110120229112,0.0014275252634660493,0.03506549010380568,0.0029543424099438415,0.010305703617632389,0.00038823671638965607,0.0007032100111246109,0.010564999654889107,0.024441000074148178
2715,0.0009832551833104245,7.083558004518565e-05,1.0711418390274048,0.6513257324695587,0.004764170955304365,0.0010998375851748558,0.018555581923732457,0.0016944442508192627,0.011427301913499832,0.0014097741805016994,0.0009169100085273385,0.010040000081062317,0.011036000214517117
2716,0.0017480532758978758,0.00011219069294078924,1.4281994104385376,0.5439750254154205,0.0029003442636185046,0.001911139400617664,0.07034419898424449,0.006829820078640615,0.01230291835963726,0.0011811056174337864,0.0019316100515425205,0.013791999779641628,0.053947001695632935
2717,0.0011397389025432356,9.951218313485597e-05,1.1300005912780762,0.6838842779397964,0.005374957708920745,0.0014307410770781404,0.07652395491237157,0.007490567648703192,0.014768166467547417,0.0015706289559602737,0.0011848099529743195,0.020781999453902245,0.0539029985666275
2718,0.0013593664405261274,0.00011368583454705774,1.4197440147399902,0.5862356424331665,0.002807869335560729,0.0019434143316985663,0.08073080531090639,0.007869071325854057,0.011997237801551819,0.001253015361726284,0.0012341099791228771,0.02211499959230423,0.04374200105667114
2719,0.0018287018180345247,8.247528990255133e-05,1.7056760787963867,0.3401244878768921,0.0024950430145481515,0.0015997048588306999,0.0482563964456441,0.0039341430396244575,0.010580859147012234,0.0006056739948689938,0.001761110033839941,0.014436000026762486,0.024302002042531967
2720,0.0019104337542974398,7.664663029284037e-05,1.686557412147522,0.38335514068603516,0.007963364273665311,0.0011928875229370987,0.05096254077402166,0.005109773483373971,0.010180315934121609,0.00022558309137821198,0.002051709918305278,0.024112999439239502,0.02412700094282627
2721,0.0006269241284887766,8.676531434551494e-05,0.8172183036804199,0.7089454755187035,0.0022572282036604726,0.0018935134018784982,0.06993139683211975,0.006358811982669445,0.010541439056396484,0.0006372402422130108,0.0006694099865853786,0.016800999641418457,0.045190997421741486
2722,0.0013684277913745865,9.833135864139783e-05,1.5806235074996948,0.4645446538925171,0.005138531617869201,0.0013821682211728442,0.06860833903271407,0.006376641684728703,0.01146683655679226,0.0010678679682314396,0.0013529099524021149,0.018602000549435616,0.04576599970459938
2723,0.0012246640994240834,0.00010705305691365908,0.9641855359077454,0.710208535194397,0.003048405140074084,0.001823833359541793,0.08122307229792734,0.00854110973700279,0.011134248226881027,0.0010283789597451687,0.0009982100455090404,0.015137000009417534,0.0625080019235611
2724,0.001751914345629382,7.016455139667675e-05,1.6189091205596924,0.41434240341186523,0.0070402574223661476,0.0011043840717736776,0.03407331877496293,0.0033626384587234406,0.01023792289197445,0.00029521994292736053,0.0018550100503489375,0.018825000151991844,0.014069000259041786
2725,0.001376883452435153,8.416547461044099e-05,1.1598365306854248,0.7144300490617752,0.004874272908968671,0.0013676735843563051,0.06238268909115942,0.007332606413021459,0.010283036157488823,0.0003499886952340603,0.0012141099432483315,0.020157000049948692,0.02710000053048134
2726,0.0015372017197595868,0.00012900781330811746,1.0388715267181396,0.69301737844944,0.003600358119578136,0.001813564487727255,0.10718338430365897,0.012145075359387934,0.01270622294396162,0.0013836580328643322,0.0015640100464224815,0.021389000117778778,0.07679000496864319
2727,0.0008158729308088284,0.0001375620526745774,1.0253366231918335,0.7289098799228668,0.005286173726327393,0.0015284733001003571,0.1839705114301806,0.025123233477995,0.010850561782717705,0.0009578261524438858,0.0009042100282385945,0.025647999718785286,0.12954199314117432
2728,0.0008200782887157111,7.320556554607347e-05,0.6124886274337769,0.6227634325623512,0.002544715127776582,0.0015202513476438187,0.031460761946160855,0.0025113327512154057,0.010799282230436802,0.0009018657729029655,0.0006588100222870708,0.007325999904423952,0.025304000824689865
2729,0.0009641607682098344,0.00011224412947311203,0.8286556005477905,0.691387727856636,0.0013481488761322566,0.0016451512834298966,0.0903809909830624,0.008613735786063864,0.01168892439454794,0.0013244696892797947,0.0008649100200273097,0.01807199977338314,0.055556997656822205
2730,0.001209437492065607,8.782048466547026e-05,1.2958147525787354,0.6212008595466614,7.831708697952218e-05,0.0005582804869932599,0.06127267635414087,0.005652200859217929,0.011328546330332756,0.0009946981444954872,0.0012064100010320544,0.01131800003349781,0.04328799992799759
2731,0.000624312528097053,8.212228083870793e-05,0.8512067794799805,0.7136212140321732,0.004143399193651202,0.0013976246681109668,0.06285636488991846,0.005726987036637314,0.010530868545174599,0.0006280285306274891,0.0004711099900305271,0.020490000024437904,0.03760199993848801
2732,0.0015140276953918904,7.767230450924213e-05,1.1098157167434692,0.6704320013523102,0.005115954551653625,0.0012766222753939746,0.043418296686645874,0.004921503965987551,0.010307112708687782,0.00037862779572606087,0.001535109942778945,0.01973400078713894,0.020313000306487083
2733,0.002096846223334155,7.769996953383329e-05,1.3588722944259644,0.5575949251651764,0.006074612126604984,0.0011990662220099715,0.040965210847614626,0.004830449706112756,0.010242484509944916,0.00029999157413840294,0.002258310094475746,0.019207000732421875,0.021209999918937683
2734,0.001699793917161811,8.431466382969243e-05,0.9023118615150452,0.6870210319757462,0.004758329053628558,0.0013943145813328688,0.05678792630329453,0.006826101565403416,0.010311298072338104,0.0003790799528360367,0.0018648100085556507,0.01760300062596798,0.036883000284433365
2735,0.0007692548648711359,6.790220206500953e-05,0.676009476184845,0.6580023840069771,0.0048442009320507715,0.0012242499542905502,0.035944896745917373,0.003125301242961308,0.010315841995179653,0.0004004305228590965,0.0007598099764436483,0.013225000351667404,0.024202000349760056
2736,0.0020518088017719292,9.78500054500263e-05,1.6528093814849854,0.41121673583984375,0.005239631530387998,0.0013911666626159386,0.07972889386614726,0.00775278045838676,0.010450556874275208,0.0004910673014819622,0.002148509956896305,0.026660000905394554,0.03537900000810623
2737,0.0011130728023722258,9.473486091078544e-05,1.058759331703186,0.7056893557310104,0.004582301894248909,0.0014370676272223288,0.07502267115760923,0.007982680017224755,0.01064333226531744,0.0007203714922070503,0.0011014100164175034,0.021438999101519585,0.05006600171327591
2738,0.00130704652304141,9.966234988130441e-05,1.2548186779022217,0.6443103849887848,0.002710604342092633,0.0018591345935677595,0.06024960375515521,0.005817316799730087,0.011384885758161545,0.0011077332310378551,0.001126109971664846,0.015177999623119831,0.03878999873995781
2739,0.000593367851621034,7.594878685315896e-05,1.0360801219940186,0.7020608484745026,0.0038732552182594833,0.001395828463551675,0.02980834171636102,0.002335674880078263,0.012564610689878464,0.0017886478453874588,0.0005144100286997855,0.010029999539256096,0.016645999625325203
2740,0.0009589606674634662,8.560195291629213e-05,1.362964391708374,0.6275924444198608,0.0023447108468490083,0.001787913258638812,0.05600756218786679,0.005103281508423971,0.0110136978328228,0.0009506307542324066,0.0009166100062429905,0.014665000140666962,0.03077099844813347
2741,0.0010066150218294898,6.350548751767748e-05,1.4282742738723755,0.5746049582958221,0.0034541962300431296,0.0010756508951488323,0.02766558326729865,0.0024572544042624645,0.010255674831569195,0.0003284495323896408,0.0009343100246042013,0.009096000343561172,0.01546500064432621
2742,0.0004122615796557512,5.6142368105203754e-05,0.9780371785163879,0.7075623422861099,0.002506115724810808,0.001067360280237664,0.01748761637138597,0.0012815935625690895,0.010973254218697548,0.0011861003004014492,0.00013247999595478177,0.004480000119656324,0.012168999761343002
2743,0.001281965391131125,0.00018477035825786446,1.0505039691925049,0.7158717662096024,0.012894595116663004,0.0014363960158591772,0.3474424314790737,0.06578883319878692,0.014539828523993492,0.002127979416400194,0.0015056099509820342,0.061510998755693436,0.2255759835243225
2744,0.0030060394819634226,0.00021258000101208926,1.0875592231750488,0.6905708760023117,0.0126517939168992,0.0016221718909154928,0.30497329414560037,0.05320436080597776,0.0134456567466259,0.0012787086889147758,0.0029388100374490023,0.07134299725294113,0.1526550054550171
2745,0.0019625638343267102,0.0001744270238211136,1.377568006515503,0.6288167536258698,0.01739713290085932,0.0013976542886062465,0.24315126669771692,0.039561583278654874,0.013069197535514832,0.0015152771957218647,0.0023034100886434317,0.07652900367975235,0.08518999814987183
2746,0.004182680731942496,0.00015670954621057947,1.8304636478424072,0.20518368482589722,0.010196885790519432,0.001404839982158435,0.14640923484478333,0.011046990780965327,0.010818127542734146,0.0006064260378479958,0.004067710135132074,0.04820999875664711,0.04376799985766411
2747,0.0020128351703677387,0.0001686743206430831,1.2381219863891602,0.6896656304597855,0.010266034659740682,0.0014717221966306527,0.1979992397496714,0.030488696471289184,0.011189930140972137,0.0010368977673351765,0.0020612101070582867,0.05332300066947937,0.0975629985332489
2748,0.0011555017434426976,0.0001405927994686324,1.31342351436615,0.670466959476471,0.012623487703712593,0.0013640761713577627,0.16729892825857962,0.023610817915172166,0.011334297247231007,0.0012460751459002495,0.0009294099872931838,0.05959299951791763,0.06075499951839447
2749,0.002939685155883047,0.00016411695394846163,1.454159140586853,0.5441371500492096,0.0124735496989003,0.0014810355496385225,0.16679386349677525,0.02308949326848242,0.012374408543109894,0.0010469714179635048,0.003379310015588999,0.0481639988720417,0.08714500069618225
2750,0.002294121661122778,0.00012303156289525277,1.6744506359100342,0.389370322227478,0.005461013073788289,0.0014547174346001665,0.1140153499411731,0.01127367192960102,0.010724000632762909,0.0006707590073347092,0.002264109905809164,0.034446001052856445,0.06241299957036972
2751,0.0019819760317392027,0.00012335916993244916,1.3544988632202148,0.6246964633464813,0.006205572156638309,0.0014585630408888383,0.11245355178761032,0.014206102502518261,0.01088821329176426,0.0008175242692232132,0.001984009984880686,0.029733000323176384,0.0663359984755516
2752,0.0009991307951368363,7.561108762420884e-05,0.8488041162490845,0.6986426711082458,0.0016680221913453056,0.0015601539447672027,0.039719174658654995,0.0035012410328975896,0.010452339425683022,0.0005470397882163525,0.0009241100051440299,0.014147000387310982,0.02078999951481819
2753,0.003050437459106012,0.00018466740603873314,1.1075130701065063,0.6793925762176514,0.00786515650475647,0.0016324524437943216,0.17297946583386054,0.027265188868473164,0.01145899947732687,0.0009508626535534859,0.0033504099119454622,0.04520700126886368,0.11768899857997894
2754,0.0031498997913087232,0.00016921022009391048,1.5343828201293945,0.49110037088394165,0.009615220995435951,0.0015147177862823826,0.19114631548949898,0.024476624876434178,0.012838862836360931,0.001031655352562666,0.0032567100133746862,0.04068699851632118,0.09425299614667892
2755,0.0018192163789827532,0.00011618933693400939,1.050305962562561,0.7069303393363953,0.006453486798231111,0.001465317232764321,0.10852298871248287,0.014576940133505356,0.010562444105744362,0.0006138058379292488,0.0017579100094735622,0.03282900154590607,0.053624000400304794
2756,0.0022065184413762413,0.00014611257031096545,1.6863725185394287,0.3802366256713867,0.011152233418966321,0.0013832234526709002,0.15654715031262426,0.017195601093755022,0.012412793934345245,0.001154379453510046,0.002452509943395853,0.042684998363256454,0.08204200118780136
2757,0.0012537289636676326,0.0001857664269214295,0.9679850339889526,0.7227439135313034,0.009034051235630896,0.0015025642054072668,0.272681000379026,0.04523435678126804,0.011588183231651783,0.0014577750116586685,0.0014365100068971515,0.04083399847149849,0.19527000188827515
2758,0.0021274209967904714,9.925211430302774e-05,1.8138178586959839,0.2340531349182129,0.007894784825630156,0.0012934595680255362,0.07446297343805315,0.005528276349425584,0.010686896741390228,0.0006565554067492485,0.00239101005718112,0.021183999255299568,0.04512699693441391
2759,0.0009739568036573521,9.571769178083232e-05,1.2248964309692383,0.710880234837532,0.005725409305572809,0.0013773224908654427,0.08663794437844403,0.009872258888457705,0.010391637682914734,0.0004701055586338043,0.0008933100034482777,0.02603299915790558,0.056022003293037415
2760,0.0018573916716323861,0.00013738518679571893,1.2859240770339966,0.6540826857089996,0.005533474141072004,0.0015083907828945826,0.1316572343583127,0.01695094142336672,0.011205693706870079,0.001001587137579918,0.0018996100407093763,0.03691599890589714,0.08326900005340576
2761,0.003366327407619984,0.00016270718961269273,1.4556645154953003,0.5137550532817841,0.008432035132442312,0.0015567991241814592,0.18657042060258128,0.02367217053703906,0.013433728367090225,0.0009864610619843006,0.0035215099342167377,0.039753999561071396,0.08632999658584595
2762,0.0031133740162633287,0.0001525043233675204,1.6652331352233887,0.40541303157806396,0.012419498277780914,0.001421372076327327,0.14722502088620443,0.017199312680702863,0.010610883124172688,0.0005979803390800953,0.003175310092046857,0.054910000413656235,0.05556900054216385
2763,0.0005654847563697149,6.917632155531211e-05,0.7975945472717285,0.6838059350848198,0.0018373287006067756,0.001596497677575212,0.027925552103452655,0.002099404688739927,0.01108492724597454,0.00120156304910779,0.00047910999273881316,0.008293000049889088,0.017309999093413353
2764,0.0009609980818713338,8.273896733736896e-05,1.2607392072677612,0.6599227041006088,0.003285527743405269,0.0014828697602042038,0.04762187564528111,0.004370827180105105,0.010980674996972084,0.0009349007159471512,0.0008069099858403206,0.015096999704837799,0.029137998819351196
2765,0.001819627894743224,0.00012510841347162507,1.3180508613586426,0.6097610890865326,0.004588625410013235,0.0015528566497292338,0.10011702841490977,0.01111672164928356,0.012683100998401642,0.0012592761777341366,0.0019806099589914083,0.022870000451803207,0.06145799905061722
2766,0.0012634726282974818,7.167276315635913e-05,1.5941143035888672,0.456315815448761,0.004284249944023599,0.001208156452470328,0.0394886261928104,0.0034845264729867834,0.010480571538209915,0.0005518710240721703,0.0013176100328564644,0.011710000224411488,0.025888999924063683
2767,0.0023887658939586104,0.00011515043084839934,1.661705493927002,0.38778895139694214,0.005479150938658961,0.0014383473322595736,0.09401475738988792,0.00910758701421982,0.010648736730217934,0.0006263242103159428,0.002435009926557541,0.027674000710248947,0.04621899873018265
2768,0.004607698954026263,0.00026609736790054756,1.480098009109497,0.5568118393421173,0.01624569967757085,0.001756572844341205,0.4582066063960052,0.07952395592048891,0.013413489796221256,0.0009937132708728313,0.004537209868431091,0.09207899868488312,0.13253100216388702
2769,0.0010235969305783332,6.752447464610807e-05,1.227102279663086,0.663070410490036,0.006567354229943402,0.0011664506117244418,0.03288242509881975,0.003412191505183954,0.010307584889233112,0.00038222549483180046,0.0010648099705576897,0.014918000437319279,0.02335200086236
2770,0.0013880528008597263,8.60237174218104e-05,1.0451170206069946,0.7121658623218536,0.003899101634745112,0.0015052529390972352,0.05971428329727026,0.00668891293322035,0.01038520410656929,0.00045436155050992966,0.0014247100334614515,0.02280700020492077,0.030621999874711037
2771,0.0013582042587351917,0.00010785837751257227,1.5354453325271606,0.5534915328025818,0.0013451185943900252,0.0016199264874786471,0.11079500956045653,0.012015958644513207,0.010463752783834934,0.0005315789021551609,0.0012758099474012852,0.021128999069333076,0.06520399451255798
2772,0.0004286197812502024,8.48910520965014e-05,1.0063499212265015,0.7215270698070526,0.0024740544422426113,0.001822458740864725,0.06728057290016856,0.005942134693490874,0.010759823024272919,0.0008604670874774456,0.0002710399858187884,0.015300000086426735,0.04736799746751785
2773,0.0064793195315015475,0.0003538557992406712,0.8801863193511963,0.6619289219379425,0.032538008718219005,0.002395129468684299,1.1759812019400249,0.26495993566698955,0.01714738830924034,0.0011736424639821053,0.008633109740912914,0.2311599999666214,0.4081510305404663
2774,0.004717739423320864,0.00022417021542072302,1.2315311431884766,0.6344700753688812,0.036372588320742597,0.0018951181814367488,0.9169266818040706,0.16245642220137346,0.01916920766234398,0.0007920777425169945,0.006383010186254978,0.22597000002861023,0.20557399094104767
2775,0.0008878974879949091,7.523925486293377e-05,0.9132493734359741,0.6721317321062088,0.0001754056541608819,0.0007515771681648581,0.033149278188943525,0.0025175032944332147,0.01127141434699297,0.0010581184178590775,0.0007627099985256791,0.007637999951839447,0.02486800029873848
2776,0.0015122010564243625,0.00017334641278766625,1.1092535257339478,0.7057341039180756,0.014299701191093778,0.0014055933805979127,0.2363567438957338,0.03875443277314504,0.013197673484683037,0.0017946609295904636,0.0015752100152894855,0.06991899758577347,0.09747099876403809
2777,0.001914537869186704,0.00017698422997536691,1.074472188949585,0.7151871174573898,0.016443341124834563,0.0014304718098968952,0.21879422551097563,0.036957003553782564,0.012262479402124882,0.0014615170657634735,0.0019763100426644087,0.08918599784374237,0.0672449991106987
2778,0.0031233476234486966,0.00021446817642050862,0.9777632355690002,0.6966579407453537,0.012923636952052182,0.0016394424065913132,0.34681035096441254,0.062126888052229406,0.014184213243424892,0.0012855143286287785,0.003603910095989704,0.07080300152301788,0.21917299926280975
2779,0.001889593470620474,0.00013756575608168714,1.357937216758728,0.6123385727405548,0.007487946057770947,0.0014696593550527002,0.15270194413654514,0.019273136452146664,0.013438164256513119,0.0013319365680217743,0.0020910101011395454,0.035335998982191086,0.09587399661540985
2780,0.001373653591175778,8.088584198457087e-05,0.6700649857521057,0.5994874686002731,0.002027247157446071,0.0016146897543932513,0.03050402292156265,0.0026646838413435566,0.01071891188621521,0.0008237692527472973,0.0012677100021392107,0.008363000117242336,0.02465999871492386
2781,0.004274871186240567,0.0002660056356397697,1.2747586965560913,0.6509462893009186,0.01960134709892594,0.001824080356858113,0.8585554008599272,0.17737086096545568,0.01682054065167904,0.0013231527991592884,0.0049407100304961205,0.11580000072717667,0.4106559753417969
2782,0.0036153773202148164,0.0001730337117184465,0.9889881610870361,0.6413228958845139,0.008843327238641629,0.0016955961113516824,0.29384395464815427,0.04309000620933387,0.016390696167945862,0.0011885985732078552,0.004049209877848625,0.06491100043058395,0.1494779884815216
2783,0.0009506161118695764,6.657062667857845e-05,0.6859144568443298,0.644102118909359,0.003908765218180469,0.0011359667023990245,0.02862945607298565,0.0025296206137789875,0.010322688147425652,0.0004006163217127323,0.0009207099792547524,0.010219000279903412,0.016906000673770905
2784,0.0007958963167967046,8.845554677630379e-05,0.9463889598846436,0.7247042506933212,0.00291978976304898,0.0017884232093102483,0.06866054310647055,0.006637643896093455,0.010582809336483479,0.0006664684042334557,0.0007403100025840104,0.01826000027358532,0.043744999915361404
2785,0.0013489276920014071,7.646530724672433e-05,1.0326664447784424,0.6633570045232773,0.0074148994573762375,0.0012185102166371799,0.03466204397390683,0.003853716841535631,0.010514302179217339,0.000597917940467596,0.00150201003998518,0.017844000831246376,0.01873200014233589
2786,0.0012715896682488068,8.597534073171668e-05,0.5320409536361694,0.5852570421993732,0.006876788292645418,0.00133710529214671,0.05807016896840642,0.005854159679669683,0.010455030016601086,0.0005354168824851513,0.0013409099774435163,0.030817000195384026,0.024447999894618988
2787,0.0007613521841913,6.668417267478139e-05,0.5778460502624512,0.6084289625287056,0.00440895581767113,0.0011799678261904304,0.030166494844849713,0.0024136212207949113,0.010454378090798855,0.000558231957256794,0.0008662099717184901,0.012199999764561653,0.02044999971985817
2788,0.000719144317955843,7.237754943811403e-05,0.4485644996166229,0.5346259400248528,0.0046336183232851815,0.0012814312522031203,0.03508174105404802,0.0026962938949089375,0.01070518046617508,0.0008000894449651241,0.0006918099825270474,0.014208000153303146,0.02224699966609478
2789,0.001166094101933923,0.00010031747277069525,1.3681811094284058,0.6160426437854767,0.004941807261677742,0.001442009579031318,0.16187281444900753,0.01815822695258537,0.017564594745635986,0.001584039069712162,0.0014291099505499005,0.019703000783920288,0.11169999837875366
2790,0.0016471674336013182,7.184438316899539e-05,1.3856757879257202,0.486125111579895,0.007891911859031795,0.001010770738403432,0.021031771627279382,0.0022531095095203596,0.010457972064614296,0.0005587288178503513,0.001738309976644814,0.014072000049054623,0.009202999994158745
2791,0.002282626818880588,0.00010829264172868458,1.54947829246521,0.4649701416492462,0.00482454301067888,0.0014510095251064384,0.0792075168550418,0.008099984893438113,0.010795080102980137,0.0007111136801540852,0.0024783099070191383,0.018628999590873718,0.047516997903585434
2792,0.0013319440114085146,9.650238887462775e-05,0.9078255891799927,0.7082781195640564,0.004399618040730376,0.0014680551418792772,0.07387660146117855,0.008252271849132436,0.010565223172307014,0.0006299051456153393,0.0013388099614530802,0.020239999517798424,0.044842999428510666
2793,0.0009353444730045376,0.0001045556334006138,1.0869349241256714,0.7057907581329346,0.002408315552882358,0.0019808203807501687,0.07618712663627321,0.007210203281820281,0.01154403854161501,0.0012564398348331451,0.0007451099809259176,0.012357999570667744,0.061333999037742615
2794,0.0006050220224597422,6.395599617287426e-05,1.047474980354309,0.7190313786268234,0.003595278094229665,0.001224040645055318,0.0363509197421413,0.0030576138197377957,0.010331213474273682,0.00041516590863466263,0.0004847100062761456,0.011115999892354012,0.025196000933647156
2795,0.0009610323743920912,7.232661809176977e-05,1.0682343244552612,0.7023648321628571,0.0015149439213111683,0.0015215496332544036,0.039959327512020144,0.0035155628469700252,0.010459751822054386,0.0005524712614715099,0.0009447099873796105,0.011126999743282795,0.028560999780893326
2796,0.001025508724951162,9.107440467499752e-05,1.1960070133209229,0.6616946309804916,0.002870506005795751,0.0016898725647962343,0.04177187229902728,0.0035967713324911305,0.012338709086179733,0.0014727399684488773,0.0007874100119806826,0.009855000302195549,0.028423000127077103
2797,0.001622640248891317,9.741806586986755e-05,0.6235201358795166,0.6102384626865387,0.0005565811061198688,0.0012924826693496544,0.07538463873266439,0.007637842893108281,0.010639414191246033,0.0006681191734969616,0.001631809980608523,0.01670300029218197,0.05397399887442589
2798,0.0010639758308663492,6.701009443858927e-05,0.7979593276977539,0.6145686358213425,0.0066956654068285795,0.0009923226105805908,0.018427288906824026,0.0017747521395624667,0.010364573448896408,0.000471227802336216,0.00097590999212116,0.010805999860167503,0.012589000165462494
2799,0.0008390310964589657,6.313292903153549e-05,0.5105797052383423,0.523757703602314,0.004283906571108746,0.0008738161628830858,0.010726277607668007,0.0009097303829197472,0.011311225593090057,0.0016500325873494148,0.0007026100065559149,0.005255000200122595,0.008834999985992908
2800,0.0006696345460687816,6.039436145607315e-05,0.9194077849388123,0.6656470149755478,0.0036490058417966765,0.0008475283299982596,0.009980097381719111,0.0008536877776750109,0.01139925979077816,0.0017013042233884335,0.0006058100261725485,0.0035669999197125435,0.00776899978518486
2801,0.0007711834105719591,5.521142738389021e-05,0.31345731019973755,0.3555830530822277,0.003246921196663467,0.00071601974100819,0.007860002733350708,0.0006353847732108167,0.011317547410726547,0.0017711850814521313,0.0006159099866636097,0.004153000190854073,0.005160999950021505
2802,0.0011865752416220308,7.774298291840292e-05,1.0761241912841797,0.6464951038360596,4.418163030910107e-05,0.0003061133994227533,0.041511174009997376,0.003628524860455614,0.01111522689461708,0.0008848742581903934,0.001202409970574081,0.007594000082463026,0.030369000509381294
2803,0.0007390430688631085,6.658716033028605e-05,0.5166075229644775,0.5679882988333702,0.0030803242818676266,0.0011827585794171908,0.022802246104925133,0.001757746597053184,0.010775004513561726,0.0009190579876303673,0.0006768099847249687,0.008045000024139881,0.015130000188946724
2804,0.0009098330846871246,6.560667750311086e-05,0.6635407209396362,0.6174233630299568,0.001528839640041434,0.001200945866381659,0.018956675443407765,0.0014132254149426468,0.010468561202287674,0.0006151669658720493,0.0009246100089512765,0.0061980001628398895,0.012863999232649803
2805,0.000811646361453147,6.42287860853614e-05,0.6263012886047363,0.6262380704283714,0.0059915903724213635,0.0010742587437111905,0.024770259385514852,0.0021757088138671145,0.010248547419905663,0.0003197076730430126,0.0008124100277200341,0.01071999967098236,0.01745999976992607
2806,0.002028418283487758,0.00010275807529735515,1.2770347595214844,0.6412824094295502,0.005230854218119602,0.0014804128994922797,0.0829315473367741,0.010306749130953176,0.010484390892088413,0.0005274475552141666,0.002011910080909729,0.02556299977004528,0.04399799928069115
2807,0.003518745937933232,0.00023251524951763288,1.0632344484329224,0.6913719028234482,0.009756135863765721,0.0017156330060705454,0.31024182839703524,0.056446458164428004,0.012639838270843029,0.0010969354771077633,0.0037560099735856056,0.056063998490571976,0.15287800133228302
2808,0.004447723777119364,0.0002260858249009249,0.5050356388092041,0.5346813388168812,0.018372848246384202,0.0017565937745933399,0.6673515575127619,0.11266208061338118,0.017878634855151176,0.0011929161846637726,0.005783809814602137,0.10181000083684921,0.2958499789237976
2809,0.0020921468506704725,0.00010074530466833219,0.5579091906547546,0.4935166910290718,0.00021794239190896575,0.001001001130478832,0.054988959519857813,0.004715021577589098,0.011518941260874271,0.0009637363255023956,0.002232810016721487,0.01627499982714653,0.04377199709415436
2810,0.0012997359262483126,0.00016740245177954062,0.8931747078895569,0.7486059814691544,0.012790571893887319,0.0014650991934064663,0.3142068353821661,0.058135371197892555,0.01673344150185585,0.0021726731210947037,0.0015590100083500147,0.061973001807928085,0.16427099704742432
2811,0.0016009548410501008,0.00012764214393184753,1.3550246953964233,0.6195621192455292,0.005025414343690855,0.0015191580726657272,0.11227568075670658,0.012857361939784463,0.012279735878109932,0.0012853429652750492,0.0015386099694296718,0.033562999218702316,0.05097999796271324
2812,0.000869790182107464,6.608326978895554e-05,0.9134882688522339,0.6353897452354431,0.003207426277787957,0.0007946335956770646,0.009701072362754727,0.0008391954994127404,0.011339496821165085,0.0016596103087067604,0.0008331100107170641,0.003932000137865543,0.006736000068485737
2813,0.0008094539706041293,5.961177775874895e-05,0.4156126379966736,0.48095858842134476,0.0005118724533497191,0.000833566370031358,0.019096772034960144,0.001146437069133678,0.010413995012640953,0.0005296012386679649,0.0006263100076466799,0.003711000084877014,0.01462200004607439
2814,0.0011464799514789897,6.715927358343988e-05,1.5725511312484741,0.46704497933387756,0.005202536474193088,0.0011795905016940395,0.031418993152532756,0.0027252728665493053,0.010554710403084755,0.0006405841559171677,0.0013812100514769554,0.009463000111281872,0.021358000114560127
2815,0.0012454633541124289,7.722295989242482e-05,0.674429178237915,0.5686335116624832,0.0060942024544233106,0.001150355165900389,0.01845974998854523,0.0017378144674356378,0.011725838296115398,0.001570334192365408,0.0012361099943518639,0.009952999651432037,0.011173000559210777
2816,0.0010126309625555989,8.678877910686753e-05,1.4005498886108398,0.5785809755325317,2.964200769364537e-05,0.00019434041816054096,0.06493336845104192,0.005330795758879313,0.012554673478007317,0.0011975327506661415,0.000878610007930547,0.00749000022187829,0.053651001304388046
2817,0.0008587886372580352,7.576312225186614e-05,0.9441275596618652,0.6864104866981506,6.354104203711532e-05,0.00047641898493131364,0.042154535935464026,0.0032684990938426813,0.01124474685639143,0.0010065739043056965,0.0007078099879436195,0.00712599977850914,0.030400998890399933
2818,0.0005218959116161994,7.749754246874491e-05,1.1133673191070557,0.7005483508110046,0.0016627943752815923,0.0016887078906536845,0.02988348228186603,0.0021734110920360473,0.012784632854163647,0.0019805007614195347,0.0005198100116103888,0.006587000098079443,0.021866001188755035
2819,0.0018371481602335556,0.00010646494824795402,1.3031374216079712,0.5833700597286224,0.0005682169928158381,0.0012999365991772903,0.0721791938710536,0.007433649572621284,0.011442320421338081,0.0009619621559977531,0.0019058099715039134,0.01566999964416027,0.04835300147533417
2820,0.0006791921006357676,6.351446675194127e-05,0.9014989137649536,0.7022671699523926,0.0016980805823379695,0.0014165078442703145,0.023141547631359432,0.0017834937721451349,0.010719547048211098,0.0008708806708455086,0.0005064100259914994,0.005903000012040138,0.014494000002741814
2821,0.0012050725743402758,8.009856796648343e-05,1.1505587100982666,0.6377040892839432,0.00012445372399740848,0.0007145970093653451,0.037824854534364405,0.003267158817993606,0.011244574561715126,0.000978759489953518,0.0010582100367173553,0.008012999780476093,0.02372800000011921
2822,0.0005614834476575747,6.726954560607021e-05,0.6724910140037537,0.6578290835022926,0.0002817725743221693,0.000906243335025728,0.035994727469433066,0.0024141655054673167,0.010593285784125328,0.0006748423911631107,0.00020059999951627105,0.007414000108838081,0.026399999856948853
2823,0.0016183576207428926,0.0001024514274339741,0.8149858713150024,0.6068526655435562,0.0020414910988775735,0.00181728353458905,0.045440506731299964,0.004179028139830072,0.012042228132486343,0.0012679905630648136,0.0015809099422767758,0.009882999584078789,0.03443099930882454
2824,0.001084203863346399,7.283292533964345e-05,1.0468519926071167,0.6989928781986237,6.535301911874991e-05,0.0004381411642245901,0.049896441340224765,0.004693831337646507,0.01029203925281763,0.00035362690687179565,0.0010970099829137325,0.011432000435888767,0.03584799915552139
2825,0.000948839768146331,0.0001032743308925467,1.0409729480743408,0.7158701419830322,0.008974417458932134,0.0013399972790654577,0.09211880938991375,0.010508431841768459,0.010800560005009174,0.0008783158846199512,0.0009290099842473865,0.04240500181913376,0.029430001974105835
2826,0.0012312252540819582,8.135192470573518e-05,0.7164864540100098,0.6604296267032623,0.004325472298312616,0.001371993020948443,0.04682115300816161,0.004555103540714502,0.010469481348991394,0.0005629775114357471,0.0012458099517971277,0.015531999990344048,0.03151800110936165
2827,0.0013221614332317624,7.828571023732391e-05,1.3134585618972778,0.6392946243286133,0.0021338073496908836,0.0016542558070940469,0.04806128283482264,0.004799724238721492,0.010376774705946445,0.00045922910794615746,0.0014240100281313062,0.013674999587237835,0.033427998423576355
2828,0.0018427926238184123,0.00012703251757413103,1.2323001623153687,0.7039702981710434,0.009209797637124588,0.0014192227782689622,0.13005519229640963,0.01891643423404262,0.010482339188456535,0.0005463343113660812,0.00191810994874686,0.045722998678684235,0.049327999353408813
2829,0.0007026692923359982,6.306951148742887e-05,0.6294360160827637,0.6375946998596191,0.005189660073793084,0.0011099589322746926,0.02698907420119317,0.00222949907687473,0.010285481810569763,0.0003627929836511612,0.0007716100080870092,0.01308399997651577,0.015814000740647316
2830,0.0014381241618548952,0.00010679226669158492,0.8803509473800659,0.701101653277874,0.006941755097692965,0.0013962340381850754,0.08486618117504559,0.010141039557145917,0.010929839685559273,0.0009192437864840031,0.0014255100395530462,0.022616000846028328,0.05689999833703041
2831,0.0010801302132543774,9.282301667745761e-05,0.9226263761520386,0.6977183371782303,0.0017734000444391892,0.0017721018758332734,0.059816190710155356,0.005567024174406018,0.011069917120039463,0.0009708888828754425,0.0011009100126102567,0.014595000073313713,0.041116997599601746
2832,0.0009154138307587025,0.00010483464327512592,1.3813540935516357,0.6201568841934204,0.0018055238972663706,0.0017950984131581604,0.08021593229535574,0.007326053053410456,0.013047538697719574,0.0015347371809184551,0.0009672099840827286,0.013326999731361866,0.05940299853682518
2833,0.0024074061096420896,9.172655376778823e-05,1.760121464729309,0.2979724407196045,0.007605175451268266,0.001303461276093204,0.07367534980040505,0.006438868673563913,0.010249393992125988,0.00030155107378959656,0.0027325099799782038,0.032517001032829285,0.03071499988436699
2834,0.001502449121735728,8.7894630513449e-05,1.0197244882583618,0.6596207022666931,0.003567638157453415,0.00142255598386674,0.04164319371972532,0.004211791108618173,0.010898126289248466,0.0008711600676178932,0.0014157099649310112,0.014127999544143677,0.025655999779701233
2835,0.00112368081800189,0.00010547249360940672,1.255849838256836,0.6645103543996811,0.0049141774449883895,0.0014390968861858022,0.07880131942208568,0.008117537262698031,0.01163850724697113,0.0012570596300065517,0.001229909947142005,0.014291999861598015,0.0639289990067482
2836,0.00159406426820614,7.992941128267324e-05,1.3757343292236328,0.5352519750595093,0.003976924866079273,0.0011731047815625162,0.027593277553127644,0.002654303477565895,0.010972363874316216,0.000954408198595047,0.0015921100275591016,0.011926000006496906,0.014821999706327915
2837,0.0008995751044083391,7.67736883963565e-05,1.0165605545043945,0.710885763168335,0.00195090979108706,0.0017227706679210102,0.04144244308371548,0.003563969927823034,0.01065781433135271,0.0007380787283182144,0.0009256100165657699,0.008689000271260738,0.03265000134706497
2838,0.00058283817654574,6.297826138248341e-05,1.182026982307434,0.6868755668401718,0.0005410875555166227,0.0010397553480180597,0.029168835434939002,0.0020583679643044056,0.010675426572561264,0.0007620812393724918,0.0004037100006826222,0.008346999995410442,0.018123000860214233
2839,0.0006389268729210032,7.248955850835525e-05,0.8740071058273315,0.7059852629899979,4.3589834829048676e-05,0.000311034513959214,0.04796444336716154,0.003477197086140218,0.01057036779820919,0.000630364753305912,0.00032051000744104385,0.009232999756932259,0.034657999873161316
2840,0.0004477693703147802,5.546660443893743e-05,1.238828182220459,0.6860470920801163,0.0023170117999383876,0.0012863640030478293,0.02636623777925173,0.002097347721533976,0.010391287505626678,0.0004938147030770779,0.00042950999340973794,0.00937699992209673,0.015975000336766243
2841,0.001033490634158112,8.94774830922547e-05,1.1075730323791504,0.7021113485097885,0.004103630410882746,0.0014997610489777126,0.06548929795458559,0.006593587514285192,0.010651473887264729,0.0007081781513988972,0.0009811100317165256,0.022033000364899635,0.037321001291275024
2842,0.0006172828199777063,5.8010387865105914e-05,0.9078872203826904,0.6944975256919861,0.003325604606741239,0.0010310024259469217,0.021705988132747055,0.0017110047076066455,0.010352498851716518,0.0004520039074122906,0.000516309984959662,0.006314000114798546,0.015079000033438206
2843,0.0007267716561768571,6.326599015146674e-05,1.0632613897323608,0.6845438927412033,0.002786874896741297,0.0010620539246687687,0.019315325147945803,0.0015716042562024073,0.010886465199291706,0.0010054721496999264,0.000579309999011457,0.005907000042498112,0.011859999969601631
2844,0.0009802876060494882,6.782902692288671e-05,1.2294929027557373,0.6512520164251328,0.003247755509982337,0.001150126455404555,0.026770870411506695,0.0023296107744167627,0.010569325648248196,0.0006758812814950943,0.0009570100228302181,0.011018999852240086,0.014072999358177185
2845,0.000981150113380134,8.294671786243185e-05,1.2204115390777588,0.685365304350853,0.0035973649347955704,0.0014484044696053255,0.054389625854499454,0.005183522327675112,0.010754866525530815,0.0008046668954193592,0.0008902099798433483,0.011932999826967716,0.036793000996112823
2846,0.0011506048463944005,8.565877614423608e-05,1.009757399559021,0.680700272321701,0.000690038601606105,0.001278421052651805,0.04556079257420413,0.004124825575329054,0.011041884310543537,0.0009792656637728214,0.0008716100128367543,0.011618999764323235,0.028302999213337898
2847,0.0014689256583212892,7.553019796337993e-05,1.2167208194732666,0.6153785884380341,0.004132508909114017,0.0012117227866360258,0.03390105680800929,0.0034390824533207173,0.01044678594917059,0.0005245632492005825,0.0015488100470975041,0.00950700044631958,0.025479000061750412
2848,0.0006788450545806396,7.488936348931283e-05,1.2929624319076538,0.6452140808105469,6.0757027155010257e-05,0.0004133459658192436,0.04125126482570056,0.0028676347496497355,0.012253981083631516,0.0012671388685703278,0.000434710003901273,0.009633000008761883,0.026722000911831856
2849,0.0007970747157746579,9.254415663046713e-05,0.6220342516899109,0.6258296817541122,0.00011295545998365332,0.0007136092181166076,0.06163766553233849,0.004739142586725618,0.012234603986144066,0.0013858452439308167,0.0007022100035101175,0.008193000219762325,0.04364100098609924
2850,0.0016825293115325553,8.151418938100847e-05,1.019855260848999,0.5916117578744888,0.00487701645143119,0.0010984544005806904,0.022897650447937387,0.0023375574743608237,0.010693270713090897,0.0007928498089313507,0.001753409975208342,0.012494999915361404,0.013394000008702278
2851,0.0008290164104238791,6.387593480465618e-05,0.7781731486320496,0.645597830414772,0.002026191274994875,0.0010908485454329646,0.01966439855644773,0.0015252734763905908,0.010515782050788403,0.000655381940305233,0.0007033100118860602,0.007474999874830246,0.011225000023841858
2852,0.0013878066928268331,8.811469977379753e-05,0.5725598931312561,0.6102269664406776,0.004082046905259903,0.0015099430489467808,0.06182077948123372,0.006077961304525075,0.010435758158564568,0.0005192016251385212,0.0011910100001841784,0.018967999145388603,0.03726400062441826
2853,0.0007457035715394903,7.721073457415002e-05,1.3730484247207642,0.6037610173225403,0.0030299388829042547,0.0015113065560249748,0.03216830436477844,0.0025966799997761483,0.012268946506083012,0.0016143964603543282,0.0006333100027404726,0.00887100026011467,0.0212009996175766
2854,0.0008385057044356273,8.072794202647571e-05,1.2730294466018677,0.6440759301185608,2.437629286445609e-05,0.0001453876981508756,0.05457073648217427,0.004197446305162795,0.01335291750729084,0.001271827146410942,0.0005724100046791136,0.009213999845087528,0.03687800094485283
2855,0.0009391973589147608,6.398048982156259e-05,1.3072930574417114,0.5952267348766327,0.002128184946796858,0.0009873400034326539,0.01683841439086467,0.0013375302368841598,0.010725718922913074,0.0008981251157820225,0.0008328100084327161,0.006246000062674284,0.009238999336957932
2856,0.0007610776297752401,6.308117347852494e-05,0.9480290412902832,0.6936150193214417,0.0028820217004540123,0.0011454997425372935,0.025064438758022396,0.002062911574718029,0.01045800931751728,0.0005750823765993118,0.0005850099842064083,0.006752000190317631,0.01693600043654442
2857,0.0005243507538805558,5.719536893869509e-05,0.9671233892440796,0.6869520246982574,0.002333063705533223,0.0009079042440772482,0.010983852086556214,0.0008710182031920677,0.011738784611225128,0.0019830064848065376,0.0002369699941482395,0.0017320000333711505,0.008756999857723713
2858,0.0004562313989078614,6.578132508712803e-05,0.8693109750747681,0.6891445219516754,4.786624862128534e-05,0.00031826350826254495,0.02338905064215809,0.0012565150079146131,0.013075802475214005,0.0014457260258495808,0.0001521300000604242,0.0017719999887049198,0.02031799964606762
2859,0.0014020540467410108,8.372971882104451e-05,1.0031545162200928,0.6687465757131577,0.0005787750788996548,0.0012376268825418618,0.04793775068130795,0.004743528538286568,0.010672113858163357,0.0007033110596239567,0.001300010015256703,0.00940100010484457,0.03296300023794174
2860,0.001229839728706918,8.12522710879162e-05,1.0607445240020752,0.644126296043396,0.006126233372152271,0.0012463559628442217,0.026813635034371747,0.002666031998756377,0.011573572643101215,0.0013407543301582336,0.001330510014668107,0.011838000267744064,0.01787799969315529
2861,0.001380845418704249,7.442996295121138e-05,1.2086185216903687,0.6131675839424133,0.0034062882682883875,0.0012051590489788584,0.03197107837317263,0.0031206516403734976,0.010520794428884983,0.000599919818341732,0.0013220099499449134,0.010954000055789948,0.02137099951505661
2862,0.000609499206471184,5.742179829881409e-05,1.0312265157699585,0.6743565946817398,0.00022348378858716534,0.0006202372210561116,0.016088694153888656,0.001022364890399207,0.010681439191102982,0.0008185785263776779,0.0004564099945127964,0.003705000039190054,0.010786999948322773
2863,0.0013538671828194596,7.926796860881734e-05,1.2679892778396606,0.6246272027492523,0.005203679033082728,0.0012950928640204546,0.044145747798729845,0.004572338994242715,0.010607659816741943,0.0006711655296385288,0.001379610039293766,0.014510000124573708,0.031286001205444336
2864,0.0007741263077922066,6.748698574680255e-05,0.9236621856689453,0.6962316036224365,0.0010185419393756456,0.0012371283605054437,0.02701462241444508,0.0020904065529679106,0.010766210034489632,0.0008733132854104042,0.0005681099719367921,0.003593999892473221,0.020553000271320343
2865,0.000916599091345095,6.653096393191538e-05,0.9729154706001282,0.5833575129508972,0.002961848650161973,0.0006581193852635496,0.006330306552501004,0.0006061651918092157,0.01188177801668644,0.0022856444120407104,0.0008213099790737033,0.003700000001117587,0.0030930000357329845
2866,0.00042121502169738647,6.770220228430841e-05,0.8260414600372314,0.6968863382935524,0.0005151433871480517,0.0012148663086296425,0.020600638538437268,0.0013637873766414715,0.01263798400759697,0.002200677525252104,0.00030909001361578703,0.0034890000242739916,0.016870999708771706
2867,0.0005103253221293332,6.696155332225426e-05,0.7946560382843018,0.6820053681731224,3.379945388581312e-05,0.000226770159616007,0.030277756072285954,0.0017878287412176636,0.011257950216531754,0.001071795355528593,0.0003093699924647808,0.004511999897658825,0.026069000363349915
2868,0.0006679181478086229,7.436171047539147e-05,0.7610267400741577,0.6726844906806946,0.0006807479698216013,0.0011995968733625926,0.0300840274725194,0.0020974568643613214,0.01133059337735176,0.0012550530955195427,0.00039038999238982797,0.0048409998416900635,0.02314699999988079
2869,0.0008171917089427261,6.404598296329484e-05,1.4586989879608154,0.5717769861221313,0.003670126665775319,0.0011922708640484554,0.031950120035388115,0.002708976434312581,0.010440529324114323,0.0005258782766759396,0.0007037100149318576,0.007586000021547079,0.022808998823165894
2870,0.0009259225666548672,7.94030881090522e-05,0.8673321008682251,0.6709289848804474,0.00017299860175652316,0.0008348628908208272,0.03553215185922141,0.0027457731172448457,0.011639912612736225,0.0011996687389910221,0.0008092100033536553,0.005921000149101019,0.024898000061511993
2871,0.0013205024811932548,7.473100299177444e-05,0.7958114743232727,0.6406008824706078,0.0052942270971102065,0.0011867440806283078,0.03199688063925042,0.003216082171591708,0.010376333259046078,0.0004670582711696625,0.0013040100457146764,0.014213000424206257,0.017829999327659607
2872,0.0004893843294824502,5.6793748943731925e-05,0.7131341695785522,0.6616130098700523,0.0029146441736490995,0.0008947687631137519,0.012251610409714802,0.000924990183281009,0.011048763059079647,0.001322958618402481,0.00037898001028224826,0.004645999986678362,0.008836000226438046
2873,0.001072598024244588,8.477779323142712e-05,0.8795069456100464,0.6607848554849625,0.0007811089956730975,0.0013179512934657768,0.028260904722923096,0.0023582221470542456,0.012074809521436691,0.0015829582698643208,0.0008879100205376744,0.005464999936521053,0.022411998361349106
2874,0.0018699514042201221,0.00012280626841915923,1.0293974876403809,0.6570136845111847,0.0019938287884834005,0.0019258503725596298,0.08169048660771235,0.008902577461147893,0.011909179389476776,0.0011458476074039936,0.0017821099609136581,0.019229000434279442,0.055597998201847076
2875,0.0012640526277213552,8.186967687074385e-05,1.243696928024292,0.5968603491783142,0.003621871347177084,0.001244326656266202,0.02050798106709816,0.0018985913113841353,0.012126252055168152,0.0017279284074902534,0.001177610014565289,0.006940999999642372,0.013532999902963638
2876,0.000845495204763506,7.979669433854877e-05,1.0757955312728882,0.6816626191139221,0.00017664924977334003,0.0008490230136932584,0.04447250111137343,0.003526656227662902,0.011588037014007568,0.0011568334884941578,0.0007054100278764963,0.00698000006377697,0.03564799949526787
2877,0.0006225451534678808,5.7150161441157e-05,0.6828190088272095,0.6395233869552612,0.0012591317982455633,0.001012000324021631,0.01547867789617832,0.001083065167089333,0.010420496575534344,0.0005739894695580006,0.0005609099753201008,0.006738999858498573,0.0075079998932778835
2878,0.0009346494732785226,6.380046410205473e-05,1.3683372735977173,0.595586508512497,0.003831962323017122,0.0011025466940201558,0.025915376904233386,0.0022502638463783014,0.01056582760065794,0.0006591523997485638,0.0009374099900014699,0.007805999834090471,0.017719000577926636
2879,0.0014850081919302773,9.264379906739147e-05,0.6267157793045044,0.5610970929265022,0.0018632824449405301,0.001703391710315747,0.03770980457993449,0.003198582693381073,0.011262185871601105,0.001079984474927187,0.0013824099441990256,0.011347999796271324,0.025086000561714172
2880,0.0018090619600360728,0.00016201120075273127,1.2537922859191895,0.6701183617115021,0.011369102201195722,0.0014282809805856687,0.20025314995038868,0.02982799813580203,0.013108262792229652,0.0014928178861737251,0.0017777100438252091,0.06785500049591064,0.06384299695491791
2881,0.0006974341947974335,7.576709932213105e-05,0.9310330152511597,0.6862774193286896,0.0001954548182931817,0.0008911736709397074,0.034835657853831345,0.002358327647850895,0.013966796919703484,0.001557443756610155,0.0005248099914751947,0.004362000152468681,0.028385000303387642
2882,0.000569650286626377,6.0419309529893936e-05,0.7761632800102234,0.6707758828997612,0.0013604788283603276,0.0012091300726141973,0.011646089141929132,0.000951810135920779,0.011860542930662632,0.0024659335613250732,0.0005089099868200719,0.003727999981492758,0.00774900009855628
2883,0.0008530720031944916,7.324972825524859e-05,1.4006867408752441,0.5959195196628571,0.00292157273585926,0.001396378396834899,0.02608834009209275,0.0022142596818657267,0.011532594449818134,0.0014038197696208954,0.0007059099734760821,0.0053889998234808445,0.019361000508069992
2884,0.000941435662107928,8.044717872574865e-05,1.4636030197143555,0.5765360891819,0.003450786503790174,0.0014188748955891316,0.04679719031807475,0.004127013118092507,0.011010282672941685,0.0009577758610248566,0.0009680099901743233,0.019338000565767288,0.022096000611782074
2885,0.0014509822568153916,6.93699424192144e-05,1.4217238426208496,0.5460149943828583,0.004529118953250407,0.001123537943176729,0.030959381401711793,0.0030661934379633098,0.010291557759046555,0.0003697788342833519,0.0014460099628195167,0.00901500042527914,0.02140599861741066
2886,0.0031323659729533718,0.00013685073253992867,1.3947309255599976,0.5659225881099701,0.009437621929138275,0.0014736568938902624,0.1141530259503698,0.01589622400949245,0.010615150444209576,0.0005933730863034725,0.0031189098954200745,0.03720000013709068,0.055769000202417374
2887,0.0004861744541148515,8.863660293857579e-05,0.84592604637146,0.7022174224257469,0.0002721740023113672,0.001001806032684128,0.06146182498115686,0.00470706987883469,0.011955170892179012,0.0014466256834566593,0.0002996200055349618,0.006845999974757433,0.05175900086760521
2888,0.0006152478464725578,5.662216301361225e-05,1.1955435276031494,0.6619402021169662,0.0034546987811741353,0.0009636170234043246,0.017386835560830892,0.0013581696411879163,0.010686748661100864,0.0008158921264111996,0.0004956100019626319,0.006829999852925539,0.011531000025570393
2889,0.0013450632123839328,8.610908630491787e-05,0.9125556945800781,0.6222598254680634,0.00017732764066927373,0.0008621211643186954,0.038397169128619554,0.003256754120369503,0.012987801805138588,0.00123916519805789,0.0011315100127831101,0.0065299998968839645,0.031063999980688095
2890,0.0007745509783910117,6.413355007096492e-05,0.6352185606956482,0.5735275447368622,0.0035171140148858703,0.0008445735473403013,0.00736689595740416,0.0007030587362538022,0.013763581402599812,0.0033417721278965473,0.0006277100183069706,0.004025000147521496,0.005582000128924847
2891,0.0014949341359603379,0.00010797622866552269,1.2809867858886719,0.6543249487876892,0.005088013019726019,0.0014456732536433064,0.08157497683870307,0.009110994470890178,0.011197958141565323,0.0010102675296366215,0.0013873099815100431,0.015824999660253525,0.05418799817562103
2892,0.0009764585797899583,9.113524170177725e-05,1.3646758794784546,0.610954761505127,0.004143144441868038,0.0014297131278213089,0.04806225907634964,0.004164365596530748,0.012988558039069176,0.0015359418466687202,0.0010188099695369601,0.013292999938130379,0.034866999834775925
2893,0.0008895104183901261,8.159532038193112e-05,1.0502679347991943,0.6700419485569,0.0036633128239254606,0.0014759050152205243,0.027172253763941577,0.002310135705261899,0.014361811801791191,0.0021842950955033302,0.0008123100269585848,0.007215000223368406,0.021675998345017433
2894,0.001003000821219776,7.204551091243336e-05,0.956507682800293,0.676256999373436,0.004612223974606124,0.001186624071307545,0.029108624431823146,0.002661854929737648,0.010651815682649612,0.0007455889135599136,0.0010538100032135844,0.010099000297486782,0.019501999020576477
2895,0.0015669116787396958,9.392417563671037e-05,0.8581404089927673,0.6549852639436722,0.0031526331584732503,0.0016804795247195334,0.05047057070654218,0.005087215934914697,0.010861791670322418,0.0008375803008675575,0.001599309965968132,0.013883999548852444,0.03418999910354614
2896,0.0009490142834051058,6.745120616066677e-05,1.3165360689163208,0.5983587205410004,0.0030339369403297083,0.0010401411907623077,0.01868144498262714,0.0015905496494646298,0.011190683580935001,0.0012364634312689304,0.0007988099823705852,0.00406600022688508,0.014848999679088593
2897,0.000800388795867417,6.320816494044171e-05,1.2481276988983154,0.6573761254549026,0.0019660275167735345,0.0013129116159016382,0.025640696896305153,0.002025741290235729,0.010461189784109592,0.0006122235208749771,0.0006552099948748946,0.0075090001337230206,0.014198999851942062
2898,0.00038755204282615917,5.066788375215347e-05,0.7103974223136902,0.657957173883915,0.001752835958157014,0.0006656764317777106,0.007782420837715627,0.0005781422720602873,0.01116409245878458,0.001580297015607357,0.00017389000277034938,0.0027020000852644444,0.004759000148624182
2899,0.0007055583161860443,6.215029061975918e-05,1.1680582761764526,0.6648294627666473,0.0012682962291225652,0.0011879345849676495,0.016379872874668883,0.0012526459082795758,0.010893058963119984,0.0011893822811543941,0.0004899100167676806,0.0036140000447630882,0.011226999573409557
2900,0.0010380013535842825,6.616908463371484e-05,0.5790722966194153,0.5180981680750847,0.00358149437854969,0.0007751787632778089,0.010876684222194682,0.0008578931179817131,0.010686995461583138,0.0008844193071126938,0.0009867099579423666,0.0055740000680089,0.00773000018671155
2901,0.0007782813907165124,6.668994491071557e-05,1.3238425254821777,0.638931393623352,0.0015227166441612327,0.0014508613943620373,0.03378224832536767,0.0027962587974114817,0.010530060157179832,0.0006394116207957268,0.0007161099929362535,0.007381000090390444,0.023811999708414078
2902,0.0006615600583161204,6.089493315915469e-05,1.185593843460083,0.6699447929859161,0.0036601708508610708,0.0011093969649284682,0.023057946400398394,0.0018986711476155892,0.010637769475579262,0.0007542567327618599,0.0005351100116968155,0.006750999949872494,0.01648700051009655
2903,0.0005279309156359187,5.6995627406386886e-05,0.8206455707550049,0.6907091662287712,0.002650909603360004,0.0009844938447944472,0.017984448212717816,0.0013217683622359436,0.01049381960183382,0.0006367363967001438,0.00036145999911241233,0.005326000042259693,0.012729999609291553
2904,0.0008506290112157531,6.588076654369699e-05,0.5208845734596252,0.5546111464500427,0.0008562470094751745,0.0011135954460051952,0.022847537176396888,0.0015384579633089292,0.010517098940908909,0.0006612744182348251,0.0005890100146643817,0.005297999829053879,0.017285000532865524
2905,0.002529373655890388,0.00021903371820232204,1.0476182699203491,0.7079279571771622,0.015880914979562982,0.001545977532034162,0.3196782493816833,0.058716669899440466,0.01321940217167139,0.001457621343433857,0.0031343100126832724,0.08260100334882736,0.17186300456523895
2906,0.004324294660155086,0.0002856130473245272,1.200321912765503,0.670914351940155,0.022785684607763864,0.001803302243290195,0.5151634311960557,0.10486199540372981,0.013869799673557281,0.0011566616594791412,0.0048284102231264114,0.11650999635457993,0.25898998975753784
2907,0.001352919134620425,0.00012600108819957084,0.6859973669052124,0.6606149673461914,0.001952775308484127,0.0019054034938418326,0.09822045108340637,0.010069055076617393,0.01227430161088705,0.0014294879510998726,0.0011101099662482738,0.023027999326586723,0.06029200181365013
2908,0.0005055692498874599,7.199567651682324e-05,1.042919635772705,0.7203706353902817,0.0018421523577271375,0.0016512503779290639,0.04842137704392092,0.003998028190762233,0.010486570186913013,0.0005825650878250599,0.00043141000787727535,0.014100000262260437,0.028811000287532806
2909,0.002038970999891573,0.00010276064726089443,1.6105185747146606,0.42820608615875244,0.0037549241913468153,0.0015483003674116704,0.0727592826591343,0.006821765818472061,0.010832056403160095,0.0007311454974114895,0.0020683100447058678,0.01925100013613701,0.04014600068330765
2910,0.0015213404739424295,0.00012850008594841487,1.0890588760375977,0.6878145784139633,0.0017310215288107566,0.0018398349698940475,0.17782154675884304,0.021046615416616787,0.016167763620615005,0.001611834391951561,0.0015612100251019,0.023243999108672142,0.12531700730323792
2911,0.0006959360777937699,9.490082967716175e-05,1.0163490772247314,0.7046605944633484,6.461548222538406e-05,0.00045772065626149095,0.12365835516107461,0.012652809139947166,0.016111057251691818,0.0017984388396143913,0.0005832100287079811,0.018177999183535576,0.08979300409555435
2912,0.0028620373104269814,0.0002099040249304014,1.4347381591796875,0.5878861844539642,0.006575204137497935,0.0016713291737513788,0.33138488377269815,0.05040373659757397,0.013613495975732803,0.0012541594915091991,0.002921910025179386,0.037105001509189606,0.2642059922218323
2913,0.002410671390883521,0.00015635726042494244,1.4608170986175537,0.5573787689208984,0.008949409608604263,0.0014850278061636995,0.1512948806371085,0.019938061131320975,0.01131949108093977,0.0009796642698347569,0.0024367100559175014,0.04943700134754181,0.07145500183105469
2914,0.003329292712972943,0.00020708747018942353,1.5322062969207764,0.5415531694889069,0.008099642719213382,0.0015824023361696122,0.23595063594458662,0.03424106588744198,0.010781800374388695,0.0007061110809445381,0.0032880099024623632,0.048416998237371445,0.09597399830818176
2915,0.0033901829172083555,0.0001759055021713278,1.433434009552002,0.5882079899311066,0.00870777727781289,0.0015556090934059482,0.17376458461764907,0.026204239260073578,0.010535023175179958,0.0005398467183113098,0.0036731099244207144,0.044721998274326324,0.08842200040817261
2916,0.0007980335864265623,8.625501371750129e-05,0.8049213886260986,0.6872606426477432,0.005412132204553079,0.001345147238155034,0.046654273383419334,0.004089621048082654,0.01158956903964281,0.0013447795063257217,0.000704710022546351,0.02321000024676323,0.023423999547958374
2917,0.0031776090790546457,0.0001839301419833269,1.2736053466796875,0.6344015002250671,0.016341274413109487,0.001580887361628906,0.4640468320300634,0.0788194113716455,0.017283406108617783,0.0013410290703177452,0.0036919100675731897,0.07013099640607834,0.2379239946603775
2918,0.00042887704491892257,5.6063707603365654e-05,0.7449798583984375,0.6742246374487877,0.0007245332281596154,0.0009683602717997644,0.017014202442086394,0.001108781789201159,0.010668744333088398,0.0008959141559898853,0.00022770999930799007,0.003742000088095665,0.011698000133037567
2919,0.0014062590442535064,0.00010038913962337644,1.4411519765853882,0.5628805756568909,0.0024436613474423476,0.0018882495032732883,0.07237838504752411,0.007083659096731053,0.010946842841804028,0.000868113711476326,0.0014545100275427103,0.021351000294089317,0.040063999593257904
2920,0.0032289341687771374,0.00016196028448507704,1.8190330266952515,0.22516757249832153,0.015027629959071778,0.0013516792906047986,0.17590692952603856,0.015972255780782527,0.012188316322863102,0.0009621372446417809,0.0034298100508749485,0.07054899632930756,0.035592999309301376
2921,0.00140571334137046,9.479614895092231e-05,0.647727906703949,0.6276768743991852,0.0029904472164490646,0.0017115569965258817,0.059556401709753924,0.005702613885321915,0.010941063985228539,0.0008835704065859318,0.0013598100049421191,0.014535999856889248,0.043912000954151154
2922,0.0009294794326819595,6.9546619064697e-05,1.1907901763916016,0.6278782486915588,0.0047797293441981595,0.0010733562398252915,0.015515204815032088,0.0014231614440815494,0.01200011745095253,0.0018644719384610653,0.0008077099919319153,0.007584999781101942,0.008839000016450882
2923,0.0006667904810752063,8.051625536385982e-05,1.1823097467422485,0.6846943646669388,0.0021439959699949534,0.0018520010148187075,0.033035570745632355,0.002606567761599843,0.012109662406146526,0.0016706939786672592,0.0004954100004397333,0.004844999872148037,0.026384999975562096
2924,0.0013677721175476539,7.320734045116687e-05,1.6839275360107422,0.3681793212890625,0.001805920418730374,0.0014968090975708973,0.03603281592509487,0.0028776455220872986,0.010722149163484573,0.000754128210246563,0.0013567099813371897,0.01055500004440546,0.021209999918937683
2925,0.000854942173350123,7.591266300399462e-05,1.165964126586914,0.6774024814367294,0.0017914053021209411,0.00161635491274887,0.038280609560809545,0.0032310519484927656,0.010883457027375698,0.0009227585978806019,0.0006977100274525583,0.010041000321507454,0.024420998990535736
2926,0.0005990560923213132,5.9178613313993784e-05,1.024566650390625,0.6974641531705856,0.0003655241201692765,0.000856448824547118,0.027975804794746213,0.001984124434334114,0.01031419262290001,0.0003879815340042114,0.00044440999045036733,0.008218999952077866,0.01720000058412552
2927,0.0011526785509984978,7.022942333046638e-05,1.0447934865951538,0.6457110196352005,5.184335149954398e-05,0.00032785046616646337,0.031418027258686886,0.0026914000294854627,0.010580170899629593,0.0005965721793472767,0.0011393099557608366,0.007782999891787767,0.020787999033927917
2928,0.0020635172184376546,9.62373432931091e-05,1.7610986232757568,0.2848304510116577,0.007633426297830525,0.0013033807473524796,0.06937116903662308,0.0056821162909898165,0.010608132928609848,0.000615420751273632,0.0022997099440544844,0.021976999938488007,0.03848600015044212
2929,0.0011475346704337172,6.724414707017347e-05,1.567459225654602,0.42780619859695435,0.0043720064092976465,0.0010417976506614437,0.016434370684820822,0.0014252155398481276,0.011899352073669434,0.0016936045140028,0.0012722100364044309,0.007466000039130449,0.01067500002682209
2930,0.0015637836708795084,8.019586234609278e-05,1.5957067012786865,0.4711034297943115,0.003954416198686795,0.0013460181058391615,0.05557793062906565,0.005416337203983889,0.010281460359692574,0.0003442368470132351,0.0015555099816992879,0.01982099935412407,0.024658001959323883
2931,0.0022284806686721104,0.00012085698852381632,1.037071704864502,0.6431929171085358,0.004553298780543094,0.0016149030406161801,0.07862074195205097,0.009335228167505018,0.011363795958459377,0.0009667584672570229,0.0023535098880529404,0.025614000856876373,0.05106700211763382
2932,0.001483190508388109,0.0001510891082688936,1.1318581104278564,0.6997794061899185,0.0063735146199732,0.0014858715929132568,0.181149728032915,0.02463445153856153,0.013291865587234497,0.001637105830013752,0.0016187099972739816,0.026750000193715096,0.13205499947071075
2933,0.0025023227518286666,0.00010278569661357432,1.0561493635177612,0.6586136668920517,0.008314886203402044,0.0014580118982926763,0.07454790627984656,0.010646564165261045,0.010500960052013397,0.0005379403010010719,0.0026262099854648113,0.023321999236941338,0.039423998445272446
2934,0.002106584258248816,9.557597715582834e-05,1.2974671125411987,0.6849337816238403,0.009369602624007198,0.001377181286652653,0.07647832460361331,0.011300529790327273,0.010196669958531857,0.00025305524468421936,0.002366810105741024,0.035162001848220825,0.031047001481056213
2935,0.0015171228053145892,0.00011649181252154791,1.2422102689743042,0.6669159531593323,0.005979271626444316,0.0014485486554350548,0.09219479880429717,0.010626760137837352,0.011529359966516495,0.0011621853336691856,0.0015980099560692906,0.02993600070476532,0.06021600216627121
2936,0.0006364920059622796,8.156506137691757e-05,0.9390131235122681,0.7037132382392883,0.003774599849685715,0.001510258074242732,0.04135400194040825,0.003102208944453594,0.015551296062767506,0.0020339912734925747,0.0006419100100174546,0.009530000388622284,0.03032599948346615
2937,0.000536489920986509,7.329990343823146e-05,0.7982856035232544,0.6984290182590485,0.004317458353680691,0.0013282438955441902,0.04563815752806443,0.0037773595205450976,0.01060472521930933,0.0007077110931277275,0.00043770999764092267,0.019361000508069992,0.02234099991619587
2938,0.0017737096633854072,0.0001111925513297635,1.6978193521499634,0.34920620918273926,0.003046665185793286,0.0018137357826080657,0.07559692964416367,0.006052511933568511,0.012650491669774055,0.0011310940608382225,0.0018193100113421679,0.013611000031232834,0.051325999200344086
2939,0.0016214710557957664,9.764113070080736e-05,1.2054290771484375,0.5842613577842712,0.004105773389874706,0.001543600521628518,0.04660210486922776,0.004277609712295138,0.014549974352121353,0.0014777276664972305,0.00169601000379771,0.012501000426709652,0.03297800198197365
2940,0.0012227776933866417,7.519264519513524e-05,1.0577305555343628,0.6495528817176819,0.003806418862026255,0.0011755684583901996,0.02595205158071993,0.0024438773952091992,0.010756275616586208,0.0008557513356208801,0.0011678100563585758,0.009424000047147274,0.01686999946832657
2941,0.000955612517338354,6.907275381248828e-05,1.0103614330291748,0.7093467265367508,0.0037707020278079794,0.00120702529209458,0.03530480363665348,0.0033061991409954125,0.01032230630517006,0.00040291761979460716,0.0009595099836587906,0.01488099992275238,0.01964700035750866
2942,0.000481104889723195,7.381043407686977e-05,1.2339527606964111,0.6824295371770859,0.0047865276361126466,0.001301376314873065,0.04009192485251456,0.003274576700790354,0.011435200460255146,0.001290446612983942,0.0004961100057698786,0.008907999843358994,0.03254599869251251
2943,0.0012973406825659327,7.299587544086191e-05,0.9903836250305176,0.6561879962682724,0.0029893097396413394,0.0011242799470269531,0.0270921187100222,0.0025827671788966663,0.010342777706682682,0.0004291725344955921,0.0014137099497020245,0.010490999557077885,0.016791999340057373
2944,0.0011183224843346465,0.00012401893453339353,0.9083507657051086,0.7185319364070892,0.009204914849365345,0.0013898635078871697,0.12881238915386403,0.016353855595766714,0.010816706344485283,0.0009060907177627087,0.0012741100508719683,0.032239001244306564,0.08420399576425552
2945,0.002387462735373263,0.00010423364414908392,1.142214059829712,0.5544636249542236,0.0010997243617254225,0.001504678418508217,0.05876515131264729,0.006297069294937896,0.010926427319645882,0.0007684184238314629,0.002380110090598464,0.023141000419855118,0.029691999778151512
2946,0.001379318781951936,0.00010440246163832096,1.0136806964874268,0.6650026440620422,0.003081712933327543,0.0018255252401422782,0.050315289072677405,0.004640965226577091,0.013231250457465649,0.0014776098541915417,0.001279909978620708,0.011525999754667282,0.036327000707387924
2947,0.000979283918562614,7.413110224027626e-05,0.6701235771179199,0.6462257504463196,0.004537570614669123,0.0012764136479733398,0.03929704323956623,0.0035387660558847504,0.01042187586426735,0.0005253097042441368,0.0010074099991470575,0.015684999525547028,0.022397000342607498
2948,0.0004437477984258544,6.842922262900245e-05,1.1803367137908936,0.6923137307167053,0.0064215460137089925,0.00122935671156244,0.04030319976209706,0.0034690502948990544,0.010656020604074001,0.0007743323221802711,0.0003238299977965653,0.013187999837100506,0.02890000119805336
2949,0.009427824458576567,0.0005624075029623471,0.4780837297439575,0.5194053575396538,0.04737625338522151,0.003027429890005758,1.5930907892435615,0.3684113153678763,0.014227183535695076,0.0012289327569305897,0.013424109667539597,0.39570000767707825,0.9483099579811096
2950,1.1355214215463838e-06,2.06575616885523e-07,0.9802517294883728,0.7746069505810738,0.3805642899487857,1.9142537419747363e-05,2.2563869633289867e-06,2.6788853427551945e-06,0.01588699035346508,0.0037534735165536404,0.007794210221618414,0.4714300036430359,0.5021499991416931
2951,0.004637679942459029,0.00032360754655272545,1.3218448162078857,0.6443479061126709,0.021995473564026872,0.0018671482576408036,0.5775254262154528,0.12094609856572566,0.012685980647802353,0.0011432026512920856,0.005557510070502758,0.12766000628471375,0.2750589847564697
2952,0.0012838881295932874,9.041026982378167e-05,0.7833406925201416,0.62004304677248,0.0007563020012041204,0.0013529578929666968,0.04630718073654431,0.0037263745578323716,0.01440329011529684,0.001412052195519209,0.001279009971767664,0.01256600022315979,0.03168100118637085
2953,0.0014440552406865942,7.734577796173468e-05,0.8268068432807922,0.6602204814553261,0.003043565845598825,0.0013375771583319673,0.039402688993196384,0.004088242369297605,0.010319252498447895,0.0003866096958518028,0.0014950099866837263,0.015417000278830528,0.019829999655485153
2954,0.004092049332072734,0.00017799215901975187,1.5555790662765503,0.44093185663223267,0.009609991370075722,0.001566247260585703,0.21556572995643056,0.025828098694794216,0.013812312856316566,0.0008908319287002087,0.004546809941530228,0.04911699891090393,0.11634999513626099
2955,0.004009885848465972,0.0003181814612392628,0.7867633104324341,0.7293162271380424,0.02956888651541977,0.0020717234116018474,0.549996017446851,0.13411347527607964,0.013804295100271702,0.0013825902715325356,0.004712809808552265,0.15421000123023987,0.21257099509239197
2956,0.0034748437266473265,0.00030143262659296775,1.0938892364501953,0.7041270732879639,0.04820136474325877,0.0022718748854461956,1.990237458011644,0.4868053051167307,0.01827641762793064,0.0015426762402057648,0.00409020995721221,0.30428001284599304,0.2672550082206726
2957,0.0004312379646631474,4.8864593262986695e-05,1.227579951286316,0.6602964699268341,9.115103819658962e-05,0.0003535659845786529,0.011395627836293477,0.0006267834519491601,0.010680767707526684,0.0007977383211255074,0.00019255999359302223,0.0015569999814033508,0.007956000044941902
2958,0.0004081437410109602,5.329314544167649e-05,0.694932222366333,0.659877099096775,0.0022962334283903136,0.0008424262803500518,0.013288487481327216,0.0009511171350747322,0.010694317519664764,0.0008626994676887989,0.00024324000696651638,0.0023880000226199627,0.010548999533057213
2959,0.0005433868081513378,5.619328146460917e-05,1.2069950103759766,0.6699376851320267,0.002412351380917427,0.0009502797097679408,0.014679244391720409,0.0010949361911756642,0.010983305983245373,0.001177995465695858,0.0004030900017824024,0.002761000068858266,0.011022999882698059
2960,0.0006208935509487177,5.59387881170058e-05,0.372004896402359,0.43072593212127686,0.002495875947189768,0.0007955530757528546,0.010566757853386972,0.000755347730971051,0.01101573184132576,0.0013351459056138992,0.00048121000872924924,0.0029299999587237835,0.008301000110805035
2961,0.0005622675474763776,5.589492436956095e-05,0.9933770298957825,0.6779330372810364,0.0032627597087177148,0.0007323862339607401,0.007474770455282789,0.0006603686815132145,0.01165901217609644,0.0020095733925700188,0.00039040998672135174,0.003386999946087599,0.005446000024676323
2962,0.0008320671688187043,6.391718110065474e-05,0.48751524090766907,0.542201541364193,0.0010434570528669795,0.0012055989895815651,0.025114360992784843,0.0017355924260407923,0.010418055579066277,0.0005408958531916142,0.0006895100232213736,0.00482999999076128,0.01929599978029728
2963,0.0008160780934991367,8.38837022488367e-05,1.1328312158584595,0.6948838084936142,0.0019557589085718837,0.0017822705823519593,0.04544920120458535,0.003919182526448607,0.0113915940746665,0.0012159100733697414,0.0006056100246496499,0.010243000462651253,0.033740997314453125
2964,0.000522565915026275,5.244502441122912e-05,0.552486002445221,0.5530512779951096,0.0021051403214880833,0.0005679996813250644,0.004598392105927927,0.00042957006350922327,0.012695585377514362,0.0030988408252596855,0.00038186999154277146,0.001623000018298626,0.0035210000351071358
2965,0.000657906398521711,5.836001732052341e-05,1.2703819274902344,0.6147448122501373,0.001833820925311848,0.0008397293320008744,0.009526478259269049,0.0007932561111299811,0.011948434635996819,0.00218499219045043,0.0004956100019626319,0.00215999991632998,0.006310999859124422
2966,0.000521450578783776,5.344022600691441e-05,1.1763101816177368,0.648603081703186,0.0022075773999509145,0.0007212555747341537,0.006731278847644989,0.0005556559187690603,0.016161534935235977,0.003221013117581606,0.00038010001298971474,0.0023880000226199627,0.004236999899148941
2967,0.0009148019379440954,7.005892867855822e-05,0.4087735116481781,0.4544547498226166,0.00036937820439550954,0.0009224829600690505,0.02040206019462893,0.0012422041192991194,0.010943940840661526,0.0011029564775526524,0.0006320099928416312,0.0031840000301599503,0.016112999990582466
2968,0.0009172897331823999,6.364375136027256e-05,0.3703087270259857,0.42387333512306213,0.0013041995545752698,0.0011423110568496197,0.014823809671794278,0.0010215542567683054,0.010923579335212708,0.0013136416673660278,0.0006458099815063179,0.0035600000992417336,0.011090000160038471
2969,0.0008151243903504922,6.793161638154565e-05,1.2134308815002441,0.6578823328018188,0.0002909956516740593,0.0008726666994407616,0.024872559695684415,0.0018668403525793804,0.01104235090315342,0.001030773390084505,0.000663610000628978,0.005903000012040138,0.01533300057053566
2970,0.0009582959924139135,9.073687356260973e-05,1.3187469244003296,0.6205093562602997,0.0032843952238614956,0.001689874564653624,0.04517428136611707,0.0038302290735163086,0.01297412347048521,0.001584427896887064,0.0009332100162282586,0.008898000232875347,0.03788900002837181
2971,0.0011770865862831819,7.191737522318467e-05,0.7579985857009888,0.6585922241210938,0.0023213979551574616,0.0013997976821536584,0.03162098854727307,0.0028229416568092414,0.010361720807850361,0.0004556453786790371,0.001201509963721037,0.009379000402987003,0.021421000361442566
2972,0.0014611627793685235,9.835054660137807e-05,1.3839908838272095,0.5853151679039001,0.002476522170774875,0.0018534303895669125,0.05666049981752264,0.005421282216942418,0.011228181421756744,0.0009946017526090145,0.0013779100263491273,0.013810000382363796,0.03713199868798256
2973,0.0008112111495833532,6.24352439672082e-05,1.2202637195587158,0.6617599129676819,0.006415041616753479,0.0011065009256094548,0.027166675379195534,0.0025988612746155604,0.010338961146771908,0.0004281802102923393,0.0006854099920019507,0.015157000161707401,0.013024000450968742
2974,0.0011412008320261411,7.335067269592297e-05,1.2044693231582642,0.6568856686353683,0.005159194167298303,0.0012586082615171548,0.04049827617960521,0.004105915748610755,0.010421428829431534,0.0005017071962356567,0.0013301100116223097,0.012524000369012356,0.029238998889923096
2975,0.00042606427117006284,4.81040128854807e-05,1.1332547664642334,0.6659569889307022,0.0023993761791731585,0.0005493800137620109,0.004613244489297943,0.0004339970094613837,0.011824892833828926,0.0023179324343800545,0.0003066200006287545,0.0020179999992251396,0.002814000006765127
2976,0.000557232617120548,5.518293183051458e-05,0.9323027729988098,0.6700671017169952,0.0033986784788619263,0.000654866868447029,0.005217059900977525,0.0005171082868169847,0.014794046059250832,0.0033990759402513504,0.00037321000127121806,0.0023880000226199627,0.003816000185906887
2977,0.0006069318716472389,5.66310943215951e-05,1.012359619140625,0.6720741540193558,0.001700936478154332,0.0008351467054809637,0.01036745045186303,0.0007962342652015186,0.011083920486271381,0.0013981875963509083,0.0005154099781066179,0.0026700000744313,0.00725299958139658
2978,0.000548614585048067,5.5604220615293833e-05,0.9297327399253845,0.6906088292598724,0.002359565621061661,0.000847241644658535,0.013140544530620156,0.0009628110261554572,0.010737620294094086,0.000952146016061306,0.0002881099935621023,0.003602999961003661,0.009576000273227692
2979,0.0006682973954031093,5.784372901660497e-05,0.8685216903686523,0.6507646292448044,0.0023277608122449526,0.0006824276232774747,0.008721632290565303,0.0006761066558962298,0.010803859680891037,0.0010707066394388676,0.0005724100046791136,0.003711000084877014,0.004279999993741512
2980,0.00043011278653113066,5.328758717336877e-05,0.48816508054733276,0.548281267285347,0.002418027506739607,0.0007941240709869376,0.009918671881152582,0.0007342104597710163,0.011034161783754826,0.001466104295104742,0.0002961900027003139,0.004290000069886446,0.00684100016951561
2981,0.0009057530232866047,6.402809320566908e-05,0.9320262670516968,0.6353226006031036,0.003572208441116004,0.0007923510773587359,0.01262058781908587,0.0010462347951041891,0.010501505807042122,0.0006484435871243477,0.0007782100001350045,0.005166000220924616,0.008950999937951565
2982,0.0005554257948802932,5.525733262657875e-05,0.8037941455841064,0.675796702504158,0.0027182264913697568,0.0008678085149186649,0.014554530464213617,0.0010858580311210392,0.010378904640674591,0.0004932419396936893,0.00043320999247953296,0.005828999914228916,0.008899999782443047
2983,0.0007332132792516786,6.888125691268467e-05,0.7868815064430237,0.6864106878638268,0.0024723192661731275,0.001486451229441817,0.032789049795500735,0.0026606982695272143,0.010630966164171696,0.0007382901385426521,0.0005871100001968443,0.00824700016528368,0.02241399884223938
2984,0.0008686072731356253,0.00011254133315296926,1.2070311307907104,0.6893881410360336,0.003992087978160417,0.0015877784646392845,0.0947973918104894,0.009538060273017998,0.012944466434419155,0.0016506374813616276,0.0008550100028514862,0.015531999990344048,0.08025799691677094
2985,0.00179213024700176,0.00010611146366988307,1.4157707691192627,0.5593104064464569,0.008125018740086339,0.0013722984129246026,0.0699410144070735,0.007810414108693875,0.011464093811810017,0.001054475549608469,0.0021563100162893534,0.0222609993070364,0.03847300261259079
2986,0.0010517639883881754,0.0001482702977607111,0.844825029373169,0.7187127321958542,0.010372383321275287,0.0015161461585922117,0.14373364565997748,0.02082034312573084,0.010971346870064735,0.0011989562772214413,0.001225210027769208,0.05552100017666817,0.07698899507522583
2987,0.00045662328888895076,5.08648060183103e-05,0.8943771123886108,0.6695156991481781,0.0025334704838862886,0.0005518495020211548,0.004034390931050696,0.0004051739169086436,0.013862555846571922,0.003351349849253893,0.00023998999677132815,0.0014990000054240227,0.0029609999619424343
2988,0.0006397555482500467,5.85443584324003e-05,0.6967636346817017,0.6126931086182594,0.0022309238919393337,0.0006915973795632841,0.0068657056573918135,0.000582408003894746,0.011728520505130291,0.0021916083060204983,0.00048330999561585486,0.00215999991632998,0.004476999863982201
2989,0.0005034949678178162,5.8887862153104206e-05,0.8119329214096069,0.6683651879429817,0.00015989232569899882,0.0006090150915901595,0.016279285929271012,0.0009512983884784176,0.01108620036393404,0.0011874139308929443,0.0002828800061251968,0.0025480000767856836,0.01179100014269352
2990,0.0006467276028831678,5.989057490888574e-05,0.9679276943206787,0.671511322259903,0.0031120411434694315,0.0008989699950817823,0.013408096866937533,0.0010665558531980446,0.011148067191243172,0.0013141855597496033,0.0004991100286133587,0.0034630000591278076,0.009469999931752682
2991,0.0010242619135675537,7.839461352443538e-05,1.4506866931915283,0.5245278179645538,0.0008526922812883276,0.0012890086391910544,0.028475374359801783,0.0022474050995655095,0.012057067826390266,0.001516563817858696,0.0008535099914297462,0.003930999897420406,0.02359900064766407
2992,0.0007509764629778007,5.598229502251157e-05,1.4872773885726929,0.5264701843261719,0.002691470204193536,0.0009021284825997983,0.01748199627833912,0.0013189627872230957,0.010588841512799263,0.0007209875620901585,0.0007621099939569831,0.0061980001628398895,0.010764000006020069
2993,0.0007678616774813027,6.770757698451656e-05,1.102843999862671,0.6577443927526474,0.0033172552831004214,0.0011278057899200642,0.013771555961955687,0.0012143959349655634,0.01283561997115612,0.002466954290866852,0.0007750099757686257,0.006310999859124422,0.006771000102162361
2994,0.0010644835352581778,6.521543017953195e-05,1.1114721298217773,0.6399417221546173,0.003977833201171579,0.0009555437870042707,0.02173410456891766,0.002023941283388321,0.010239841416478157,0.0003119814209640026,0.00111220998223871,0.010077999904751778,0.013313999399542809
2995,0.0005666725009752586,6.140779542010449e-05,0.9248619079589844,0.6858864277601242,7.242643966290308e-05,0.00046805086244114337,0.01731366520117835,0.0010429909588628144,0.011375650763511658,0.0012567220255732536,0.0003162199864163995,0.00215999991632998,0.012533999979496002
2996,0.0007372580351039551,5.822603742402805e-05,0.4728098511695862,0.4922930859029293,0.002817009632292101,0.0006853153011305911,0.007891370315812704,0.0006234030507349503,0.011149937286973,0.001524703111499548,0.0006721100071445107,0.003476999932900071,0.005450000055134296
2997,0.000814089564650289,7.155463638639317e-05,1.0683289766311646,0.6864613592624664,0.0011911575812734011,0.0013902328085040642,0.03506437360882019,0.00285141725312011,0.010827402584254742,0.0008656918071210384,0.0007023100042715669,0.00786499958485365,0.02401699870824814
2998,0.0008747785140389156,7.400598359261212e-05,1.1382938623428345,0.6665865778923035,4.5052159241664236e-05,0.0003181384344812295,0.03231863860785911,0.002344485135774326,0.012516036629676819,0.0012223711237311363,0.0008078099926933646,0.004821000155061483,0.025637999176979065
2999,0.0006178578202053686,5.922530964677441e-05,1.3176287412643433,0.630818098783493,0.0037442388274258743,0.001062061085395617,0.018268369860276596,0.0014873924771204514,0.01108415424823761,0.001189574133604765,0.0004923099768348038,0.005828999914228916,0.014290999621152878
3000,0.0008016794646815509,6.401067916938965e-05,0.7474982738494873,0.6197299286723137,0.004146009026658149,0.0009128591973477126,0.01299614632179821,0.001083268487473212,0.011120026931166649,0.0012850980274379253,0.0007065099780447781,0.006335000041872263,0.010181000456213951
3001,0.0006058256809618495,6.783646029864582e-05,1.134696125984192,0.6977070420980453,0.003355948197974632,0.0013388915465833132,0.0341105537744659,0.0027574690229337437,0.010734839364886284,0.0008297502063214779,0.00026194998645223677,0.009417999535799026,0.021927999332547188
3002,0.000618140770276186,5.963347090635288e-05,0.8017778992652893,0.6595237329602242,0.0012484425189023254,0.0010314781198896403,0.011716559214202444,0.0008829638417495725,0.01143235806375742,0.0017882990650832653,0.0004119100049138069,0.002208000048995018,0.009360999800264835
3003,0.0004247559741083537,5.717060736262105e-05,1.1225464344024658,0.6959148794412613,0.003510310594491019,0.0010754889380217177,0.019277496394468862,0.00148607462847424,0.010984943248331547,0.001117196399718523,9.855000098468736e-05,0.0034890000242739916,0.01428299956023693
3004,0.0007747929619663553,5.994146046613819e-05,1.361749529838562,0.6000600755214691,0.002130508852708718,0.001065609149365515,0.015947522514468706,0.0012714370759195027,0.010892684571444988,0.0011059744283556938,0.0006800100090913475,0.004734000191092491,0.010828999802470207
3005,0.0007757531350125217,6.517554744804919e-05,0.581680178642273,0.6085820272564888,0.002073394116681361,0.0013288824271569574,0.02548564663202446,0.0019476819522838487,0.010495995171368122,0.0006189760752022266,0.0005755100282840431,0.005047000013291836,0.020173000171780586
3006,0.0008364767617987464,6.482606518274682e-05,0.5788706541061401,0.6034031584858894,0.0013832087809220453,0.0012875436581769781,0.022897411612898554,0.0016871444736676917,0.010470516048371792,0.0006277556531131268,0.0006893100216984749,0.007782999891787767,0.01372699998319149
3007,0.0008001585851132986,7.992543465184366e-05,0.9999271631240845,0.7129290997982025,0.0010211374983379734,0.0014185890997013377,0.050130258613265546,0.004254805976789122,0.010700862854719162,0.0007745758630335331,0.0007911099819466472,0.009530000388622284,0.03557500243186951
3008,0.0018037168627861877,9.254670714302089e-05,1.6941066980361938,0.3387254476547241,0.0029127391028609196,0.0015920440505162148,0.04919735315701601,0.003988208073119368,0.011011633090674877,0.0008633369579911232,0.001817009993828833,0.013694999739527702,0.027518000453710556
3009,0.0016986586513394323,7.987832021353811e-05,0.6845609545707703,0.6246991381049156,0.004848537636874176,0.0012772428973531365,0.043828661069350974,0.004899072762819947,0.01030680350959301,0.000372433103621006,0.0019916100427508354,0.015584000386297703,0.03142800182104111
3010,0.0006059933273041847,5.53357394140718e-05,1.0720714330673218,0.6419453173875809,0.002293696015043077,0.0006205948708702885,0.007135517946641273,0.0005770539182007629,0.011141606606543064,0.001483941450715065,0.0004367099900264293,0.00215999991632998,0.005036000162363052
3011,0.0005156422100774864,5.3310265781380644e-05,0.8496775031089783,0.6566592305898666,0.0023923841128877955,0.0005867996327950592,0.004343297006103639,0.00043352492113665504,0.013702522963285446,0.003478000871837139,0.0003931600076612085,0.0023880000226199627,0.0023679998703300953
3012,0.0005895034550653011,5.837905879518975e-05,0.6526238918304443,0.6144468933343887,0.0025483331212397243,0.0008494687818732648,0.008798355435669864,0.0007385695574676637,0.011775743216276169,0.0022038999013602734,0.00037304998841136694,0.0025480000767856836,0.0059529999271035194
3013,0.000561358006909882,5.76876358907912e-05,0.7783015966415405,0.6645752787590027,0.0030754174328202905,0.0008438945078106815,0.00961116791964382,0.0008036433092290978,0.011664507910609245,0.0019841697067022324,0.0003441600129008293,0.0034910000395029783,0.0069670001976192
3014,0.0005330600344746341,6.176869368810264e-05,1.1146464347839355,0.6839841455221176,0.001785785884238912,0.001289603550659001,0.01613964018607234,0.0012846178967162803,0.012044832110404968,0.0020172647200524807,0.0003889499930664897,0.003751999931409955,0.011605000123381615
3015,0.0008894586577006909,6.298400411613959e-05,0.608377993106842,0.6034958437085152,0.0016923803806731708,0.0010691568550102596,0.018307539751827324,0.0013656578248347657,0.010394745506346226,0.0005228184163570404,0.0008643100154586136,0.004379000049084425,0.014669000171124935
3016,0.0007565407754188683,6.173776669836796e-05,1.2526923418045044,0.6280350983142853,0.0032987572884134717,0.0009731272302467783,0.013426861532853657,0.0011056416334244094,0.011429935693740845,0.0015648258849978447,0.0006997099844738841,0.0042860000394284725,0.009591000154614449
3017,0.0008530200214057525,6.118362355260064e-05,1.504696011543274,0.534801572561264,0.0023612825870178685,0.0012007683375196935,0.025979698611158345,0.002072583075168657,0.010550051927566528,0.0006668302230536938,0.0006421100115403533,0.007805999834090471,0.01714000105857849
3018,0.0008459789969766233,7.34892990876805e-05,1.0267664194107056,0.6975075751543045,0.0002883425426613551,0.0009471116012283002,0.04234214748609478,0.003474001646063138,0.010646023787558079,0.0006936625577509403,0.0006332100019790232,0.007946000434458256,0.028212999925017357
3019,0.002855681025009235,0.00016848603209665674,1.1920523643493652,0.6597746461629868,0.00940456265125761,0.0015513841305090544,0.153312859765345,0.02332067679824655,0.011221619322896004,0.0009232666343450546,0.003240610007196665,0.044902998954057693,0.08794400095939636
3066,0.0009446573857290352,7.711098973572727e-05,0.7841066122055054,0.6273799911141396,0.0008993632686048424,0.001245559813149918,0.01758031241108434,0.0014163645977677396,0.011911358684301376,0.001928812824189663,0.0008400100050494075,0.005297999829053879,0.012242999859154224
3067,0.0007420616817378001,6.396193439505685e-05,0.5526828169822693,0.5972794741392136,0.00010696807937768757,0.0005714516695219781,0.024996152362769763,0.0015207352896444183,0.010648353025317192,0.000712995883077383,0.0008412100141867995,0.005818000063300133,0.01830100081861019
3068,0.0007718538863602028,7.230636782966056e-05,1.2910137176513672,0.6321623027324677,0.00012223031909716473,0.0007154183628385668,0.03470140822194941,0.002565533471358114,0.011375267058610916,0.0010987166315317154,0.0006182100041769445,0.007348999846726656,0.025039000436663628
3069,0.000784812826549859,6.723538604600182e-05,1.6113324165344238,0.4513803720474243,0.0034097176685510358,0.0012657663211537481,0.03059424995576921,0.002440937903699881,0.011206714436411858,0.0011191591620445251,0.0006269100122153759,0.0091540003195405,0.01982799917459488
3070,0.0003604726903458628,5.005905042838451e-05,0.995618999004364,0.7092104554176331,0.00038214143545350297,0.0007191694704881667,0.015895847708007997,0.0009481158421610122,0.01052992045879364,0.0006791986525058746,0.0002327999973203987,0.004511999897658825,0.009266000241041183
3071,0.0012614350302106057,6.909493493341314e-05,1.6262435913085938,0.4190947413444519,0.000122568173451698,0.000596089813053059,0.03632967292677548,0.00266630481154188,0.010571692138910294,0.0005986886098980904,0.001023510005325079,0.006134999915957451,0.024056000635027885
3072,0.0007042862883321159,6.240990004505057e-05,1.1655640602111816,0.6717080026865005,0.003183575427761769,0.0011174633485956783,0.02051276083701818,0.0016555119775122588,0.010832108557224274,0.0009685433469712734,0.0005605099722743034,0.00661499984562397,0.012197999283671379
3073,0.0006671309982279303,6.166860719740799e-05,1.4052932262420654,0.5910593867301941,0.0049470487433864166,0.001103872426504041,0.02188215229951165,0.0018183770630471243,0.011016443371772766,0.0010869773104786873,0.0005774099845439196,0.008218999952077866,0.014262000098824501
3074,0.0011786863610676601,8.877829856599048e-05,1.4941226243972778,0.5696975886821747,0.0013483664847130216,0.0015652026393871063,0.0730538401817527,0.007163653423462833,0.01040605828166008,0.0004772944375872612,0.0009656099718995392,0.014588999561965466,0.052046000957489014
3075,0.0009898420315541474,6.752456686759465e-05,0.8548332452774048,0.6473195999860764,0.004193371721216442,0.001000026943305758,0.01799477348654795,0.0015571677017704733,0.01059243455529213,0.0007521337829530239,0.0009531099931336939,0.009530000388622284,0.009018000215291977
3076,0.0014427477853717757,8.887080060757536e-05,0.7843461036682129,0.5955057442188263,0.002451295758786931,0.001561282283391065,0.028385333791273726,0.0025183383382475135,0.011607864871621132,0.001338417176157236,0.0014944099821150303,0.010122999548912048,0.01954999938607216
3077,0.0015438346305257568,6.669311823856406e-05,1.4705524444580078,0.4651307165622711,0.004567318447701015,0.0009161927835214352,0.02192006159489757,0.002022387136867712,0.01026175357401371,0.00033586518839001656,0.0015734100015833974,0.011572999879717827,0.010735999792814255
3078,0.0004956157853101689,5.049388463898051e-05,1.1921327114105225,0.6373467892408371,0.0023374212196390627,0.000604097187002265,0.005290362969565693,0.0004931489067440172,0.012391176074743271,0.0027435505762696266,0.00044550999882631004,0.0023880000226199627,0.003252999857068062
3079,0.0003071218024790021,4.992992704972509e-05,0.9780420064926147,0.7034414261579514,0.0029505063587913897,0.0008544499360701556,0.01098636382907457,0.0008470538700636578,0.011194719932973385,0.0014746193774044514,0.00010961999942082912,0.0034910000395029783,0.007335000205785036
3080,0.0004537677730278387,5.1988205814016564e-05,0.7256760597229004,0.6460068225860596,0.0029258261170281626,0.000781432702159473,0.012013804544300751,0.000881921916014862,0.010547496378421783,0.0007164403796195984,0.00025233998894691467,0.0034149999264627695,0.009248999878764153
3081,0.0004558573628542425,6.113503529325229e-05,1.040810227394104,0.709223672747612,0.0004129429215755894,0.0009549369584232246,0.026998432403059557,0.0018014672585308991,0.010814853012561798,0.0008927960880100727,0.0002871000033337623,0.006215999834239483,0.018290000036358833
3082,0.0008514629746344784,6.614602947582911e-05,1.0695399045944214,0.6799897104501724,0.002808239310689784,0.0011126639895453802,0.022177907242877788,0.0018286916676752349,0.010688336566090584,0.0008320966735482216,0.0006759099778719246,0.006940999999642372,0.01547900028526783
3129,0.0006517595311668286,5.785931414631877e-05,1.096294641494751,0.6588327437639236,0.0035261870450504947,0.0007358486643701332,0.009385484431859334,0.0007751676852404419,0.010807855054736137,0.0011077597737312317,0.0005186100024729967,0.003727999981492758,0.006426000036299229
3130,0.0011533742040684123,7.586309667456702e-05,1.0679512023925781,0.6675417274236679,0.0014755725629687058,0.001477083674940825,0.03275022771306214,0.0029167834678716763,0.010601053014397621,0.000695190392434597,0.0010917099425569177,0.006895000115036964,0.02194400131702423
3131,0.0008923785562061701,6.57812724315098e-05,1.2745888233184814,0.6168805062770844,0.003575753848607381,0.0009999864996730837,0.017414652855123745,0.0014726680281068882,0.010965913534164429,0.0011046337895095348,0.0008888100273907185,0.004290000069886446,0.015982000157237053
3132,0.00046404380685996586,5.45709163784642e-05,0.8318303823471069,0.6975329294800758,0.002386282116358543,0.0010214861461095514,0.018223645423276955,0.0013472222562200369,0.01039138063788414,0.0005194703117012978,0.00032684000325389206,0.005532999988645315,0.011986999772489071
3133,0.0009516149704215195,6.858519548404976e-05,1.0136746168136597,0.64642433822155,0.0039301724914560625,0.0009893604711784403,0.01484557433514628,0.0012868990765928425,0.011117145419120789,0.0013194414786994457,0.0008517099777236581,0.006041999906301498,0.01029600016772747
3134,0.0011533222846169685,7.061710355736573e-05,1.080152988433838,0.6423140466213226,0.002838249783531755,0.0010055665908342297,0.021123241106393,0.0018612209898945173,0.010472494177520275,0.0005884505808353424,0.0009709100122563541,0.006829999852925539,0.015440000221133232
3135,0.0011176166811759586,6.8745840537388e-05,0.9026985764503479,0.6073821932077408,0.004435685389696028,0.0008535321348278385,0.014600241733816086,0.0012941057178870834,0.010328667238354683,0.0004275646060705185,0.0012074100086465478,0.007569999899715185,0.010276000015437603
3136,0.0008410149846235734,8.772700466866e-05,1.3159925937652588,0.6368892192840576,0.0005040743761191272,0.001176596080641115,0.06630071054331658,0.005504370749217377,0.014137206599116325,0.0014635012485086918,0.0006804100121371448,0.011944999918341637,0.04985800012946129
3137,0.0005838184157212693,5.9335566394055396e-05,1.0769015550613403,0.6782371550798416,0.001956959640855785,0.001007930509105945,0.012629234006472048,0.000984131691399116,0.011522050946950912,0.0017779124900698662,0.0004433100111782551,0.003593999892473221,0.008340999484062195
3138,0.0003707721076139965,5.061310760948301e-05,1.0030932426452637,0.702797070145607,0.001642737100651979,0.0009311295519743372,0.014747926828501826,0.001014608494460635,0.010511740110814571,0.0006735469214618206,0.00024117999419104308,0.003932000137865543,0.01012600027024746
3139,0.0010579963211089693,7.124000768529042e-05,1.063582420349121,0.6233213841915131,0.002918557390440757,0.0009208512388021175,0.012584476595446762,0.0010992969871454076,0.01127004623413086,0.0014832457527518272,0.0009606099920347333,0.004844999872148037,0.0071760001592338085
3140,0.0006405789683630936,5.991882365275733e-05,1.1145598888397217,0.6777984499931335,0.0025509841702679227,0.0010235603594092682,0.017662316495632324,0.0013821029349972043,0.010843676514923573,0.0009796908125281334,0.0005459099775180221,0.006041999906301498,0.012474999763071537
3141,0.0015274369726876532,0.00012105604613468985,1.1670753955841064,0.6920337527990341,0.009068660312175396,0.0014057541517236778,0.10809078752631154,0.013910533798666413,0.011359328404068947,0.001115014310926199,0.0015982099575921893,0.04366099834442139,0.055285997688770294
3142,0.0008795626845042472,6.437740663302441e-05,1.0004990100860596,0.6642508655786514,0.004290597887885252,0.0010316139260380974,0.02087712431073069,0.0018275877685315807,0.010465233586728573,0.0005799010396003723,0.0008563100127503276,0.007637999951839447,0.013892000541090965
3143,0.0006331686359550821,6.974213083748123e-05,0.7388277053833008,0.6782112792134285,0.0012209163113635943,0.0013939700327189138,0.034042356479029375,0.0025249613018605635,0.010642885230481625,0.0007498087361454964,0.0003908300132025033,0.009607000276446342,0.020117999985814095
3144,0.0011145611011212724,6.453867229216773e-05,1.6050995588302612,0.437680721282959,0.003479531992549784,0.0010908819887576347,0.029643277002474065,0.002411941165867978,0.010475020855665207,0.0005668886005878448,0.0010876100277528167,0.011436999775469303,0.01498700026422739
3145,0.00040128763873925713,5.199725959538872e-05,0.9962487816810608,0.7048139125108719,0.0010477656314189987,0.000995948394101287,0.013998690381770564,0.0009769337281502572,0.010767843574285507,0.0010334150865674019,0.0002568399941083044,0.0034149999264627695,0.009708999656140804
3192,0.0005088878989327974,5.1430117689900754e-05,1.1750513315200806,0.6635965555906296,0.0019308730766786377,0.0007100408431841346,0.010037810869313414,0.0007181635624493483,0.010724554769694805,0.0009325342252850533,0.00039821999962441623,0.003003000048920512,0.006353000178933144
3193,0.0004380838232441837,5.331140573739383e-05,0.6234853267669678,0.6100974157452583,0.002608460233025545,0.0007579050690989818,0.008857018657089327,0.0006906967129245876,0.011240033432841301,0.001618111040443182,0.00043400999857112765,0.0030610000248998404,0.0073460000567138195
3194,0.0006661121621877495,5.934658695052708e-05,0.9612922668457031,0.6589460521936417,0.002424335782139845,0.0007019404055160565,0.008577591213333385,0.000674859351577687,0.011082099750638008,0.0014136871322989464,0.0005560099962167442,0.0036140000447630882,0.004421999678015709
3195,0.000966705308873337,6.687812154535758e-05,1.329843521118164,0.6153478026390076,7.97280841346257e-05,0.000490034282380599,0.03646858012322053,0.0029623021182149482,0.010446897707879543,0.0005304035730659962,0.0008955100202001631,0.004480000119656324,0.028738999739289284
3196,0.0021183621772393403,9.170787820092854e-05,1.628409743309021,0.46701616048812866,0.007955232656760758,0.0013110303798099109,0.07472226722856123,0.008512219128769101,0.010201532393693924,0.0002589672803878784,0.0021111099049448967,0.03675200045108795,0.022454001009464264
3197,0.000766047408397813,6.303731757027222e-05,0.6953371167182922,0.6424263343214989,0.0009065992226237783,0.001040235612965907,0.02053243773827511,0.0014485395069284666,0.010412674397230148,0.0005525876767933369,0.0006069099763408303,0.006895000115036964,0.01158900000154972
3198,0.001507421055572246,9.83939245681344e-05,1.305091142654419,0.562053382396698,0.0023347562601208744,0.001881444777985385,0.03706829651287885,0.0033979284543646515,0.012404747307300568,0.0014739781618118286,0.00146030995529145,0.009607000276446342,0.026123998686671257
3199,0.0008025910003667422,6.735409686296138e-05,0.6888138651847839,0.6206182017922401,0.0025793171481607435,0.001080536244820743,0.015387945458581652,0.0012488524984655075,0.011380322277545929,0.0015232018195092678,0.0006411100039258599,0.003386999946087599,0.01252800039947033
3200,0.0007451670731471317,5.9761790205477196e-05,0.43488937616348267,0.49125245213508606,0.0033867880386346102,0.0009021324581860171,0.014472384887919701,0.0010582789351317456,0.010661645792424679,0.0008562845177948475,0.0007065099780447781,0.0046629998832941055,0.010750999674201012
3201,0.000707616909624301,5.9270200541127426e-05,1.0175249576568604,0.6628846526145935,0.0033347364295551584,0.0008373295973897849,0.014349928657854965,0.0011328189252292021,0.010566375218331814,0.0007158494554460049,0.0005603100289590657,0.005297999829053879,0.008555999957025051
3202,0.001160372340909665,7.866138669498175e-05,0.9239768981933594,0.6486616283655167,0.002003350131277073,0.0015327817126119603,0.024525307587651497,0.002131866682991611,0.0109833599999547,0.001090239267796278,0.0010968099813908339,0.006895000115036964,0.016154000535607338
3203,0.0006794923210761439,6.268681852842332e-05,0.8726101517677307,0.6648644208908081,0.0020368207391977563,0.001050666769850124,0.012391085945230456,0.0010156262652541272,0.011603642255067825,0.0019583175890147686,0.00042801001109182835,0.0034910000395029783,0.00829899962991476
3204,0.00038182646428085154,4.9697851198571584e-05,1.4434406757354736,0.5707408785820007,0.004296757091188886,0.0008921639943754278,0.01096708969475436,0.0009249182125659495,0.01165856420993805,0.0018310830928385258,0.00023627000337000936,0.004251000005751848,0.008012999780476093
3205,0.0005756854348343707,5.6461601748176624e-05,0.8914707899093628,0.6893077939748764,0.0017161047774972204,0.0011540908138693799,0.018298451370918085,0.0013449791892995965,0.010463617742061615,0.000622328370809555,0.0004646099987439811,0.005140000022947788,0.012234000489115715
3206,0.0004976166281279195,5.4148878227953967e-05,1.1404087543487549,0.6723693013191223,0.004476142872743743,0.0008828664091151647,0.010390463978771426,0.0009057795479915937,0.011521425098180771,0.0017342856153845787,0.0004800099995918572,0.00661499984562397,0.004931999836117029
3207,0.0007984231557006431,7.957820530946666e-05,1.039809226989746,0.7063729912042618,0.001186625400864713,0.0014792171217961644,0.05223245631537711,0.004528359770775252,0.010728223249316216,0.0007691239006817341,0.0007307099876925349,0.013365999795496464,0.03189599886536598
3208,0.0037244004115546438,0.00021902802144856712,0.8925780057907104,0.6762031763792038,0.010750403393061521,0.001740154218925565,0.3740570771404322,0.06467892519704344,0.015226094052195549,0.0011979611590504646,0.004111710004508495,0.06829199939966202,0.22128500044345856
3255,0.0006851066913332748,6.540774800499396e-05,0.7913956642150879,0.6798269748687744,0.001557556636670482,0.0014443028418780425,0.02251846713275317,0.0016854886750546916,0.010875492356717587,0.0010367995128035545,0.0005443100235424936,0.00712599977850914,0.011979999952018261
3256,0.0011647562927505392,8.997435205009648e-05,0.9463160037994385,0.688240572810173,0.00042668830609557694,0.001168097328723954,0.05931623411582621,0.005506970307135966,0.011132942512631416,0.0009863399900496006,0.0010352099779993296,0.009158999659121037,0.04666600003838539
3257,0.000692094846001547,5.822027753492651e-05,1.1600936651229858,0.6375438421964645,0.004893590759293435,0.0007356447984571712,0.0065733201704513775,0.0006723516326054514,0.011476240120828152,0.0018852176144719124,0.0006028100033290684,0.004135999828577042,0.004747999832034111
3258,0.0006378225914943643,6.828929973467623e-05,1.3282402753829956,0.6298314929008484,3.1587416212371454e-05,0.00019291642506784223,0.03404817845735758,0.002209420727527004,0.011365991085767746,0.001044116448611021,0.00040811000508256257,0.004821000155061483,0.027281999588012695
3259,0.000905897731524699,6.364844025729435e-05,1.175686001777649,0.6258394718170166,0.0025124262195583224,0.0007773869120537147,0.012943073585195471,0.0010364114238864798,0.010550150647759438,0.0007130149751901627,0.0008400100050494075,0.005903000012040138,0.006347999908030033
3260,0.0005279239599292361,7.513023713271873e-05,1.1699590682983398,0.6894025802612305,3.104076329963085e-05,0.00019855830484133568,0.048016159914286635,0.0033313457932431303,0.012652270495891571,0.0013690125197172165,0.00045310999848879874,0.003727999981492758,0.04338099807500839
3261,0.0004301652090128432,5.386296393661771e-05,0.7133824825286865,0.6724120229482651,0.0018562357266712051,0.0009950314911670853,0.014784307836492407,0.0010670876966700953,0.01062730886042118,0.0008441931568086147,0.00027143998886458576,0.003788999980315566,0.010591999627649784
3262,0.0006737859751987048,5.911165033359355e-05,1.3217182159423828,0.6333162188529968,5.209298358529076e-05,0.0003333478339969169,0.025732567571664523,0.0017395839716064683,0.010612896643579006,0.0006518708541989326,0.0005028099985793233,0.005166000220924616,0.0178849995136261
3263,0.001532107168278426,6.345849825887216e-05,1.7779525518417358,0.2595769762992859,0.007196992191527042,0.0010428994786721348,0.025522974177828804,0.001980291914759111,0.010565066710114479,0.0006433627568185329,0.001717310049571097,0.01682800054550171,0.008828000165522099
3264,0.0009691889903544709,6.673562656636336e-05,1.1409342288970947,0.6664462238550186,0.0017816907253145756,0.001261545590036562,0.023915049740486853,0.001971126922245464,0.010506898164749146,0.0006427387706935406,0.000878910010214895,0.006279999855905771,0.016332998871803284
3265,0.0006774326095090437,5.664043391364883e-05,1.3236618041992188,0.5934513509273529,0.002760144360424345,0.0008303675474883177,0.011782677784429964,0.000930097902167114,0.011145561933517456,0.001377197913825512,0.0004997099749743938,0.0035600000992417336,0.008222999982535839
3266,0.0008973313930905955,7.061414455015699e-05,0.5606544017791748,0.5761119872331619,0.0004603999736966741,0.00097567322336025,0.022479498253043448,0.0015379323760301624,0.010915867052972317,0.0010040928609669209,0.0008284099749289453,0.005166000220924616,0.016578998416662216
3267,0.00113851945441811,8.36700254237525e-05,1.329954981803894,0.5871986746788025,0.0033914468664543937,0.001414497165987032,0.025422241081248274,0.0022688303121936315,0.012568747624754906,0.0017960029654204845,0.001080309972167015,0.007805999834090471,0.018501000478863716
3268,0.0008512461122541467,7.064421449454764e-05,1.1326138973236084,0.6657214760780334,0.00011209366031273139,0.0006022920732941528,0.03591876989278305,0.0027940750113635594,0.010909147560596466,0.000851697288453579,0.0006870100041851401,0.008255000226199627,0.02633100003004074
3269,0.0010040701567912056,7.168945794576811e-05,0.744600236415863,0.6522617936134338,0.0014011199442848278,0.0014332781713150943,0.030938135131921916,0.0025293144089982168,0.010485575534403324,0.0006133709102869034,0.0008282099734060466,0.009213999845087528,0.017574001103639603
3270,0.0005472663649434027,5.5163251914923655e-05,0.920788049697876,0.6730958968400955,0.0030316443200308447,0.000802158017873646,0.011037022423625071,0.0008534469515233253,0.010913939215242863,0.0011566812172532082,0.0003964299976360053,0.004025000147521496,0.007311000023037195
3318,0.0009293421815985075,7.956672684441814e-05,1.0910131931304932,0.7018094956874847,0.0028449014735351884,0.0016197497916450782,0.048122851213130334,0.004431131145682936,0.010655641555786133,0.0007228371687233448,0.0008203099714592099,0.012792999856173992,0.030727000907063484
3319,0.0018646331663178084,8.798286670141367e-05,1.5438300371170044,0.5028148591518402,0.006831642133504028,0.0013221389059704975,0.06335712804717097,0.006879304841708334,0.01037231832742691,0.0004325048066675663,0.0019284100271761417,0.021716000512242317,0.034561000764369965
