idx,bbp,bbp_sig,beta,beta_sig,aph,aph_sig,adg,adg_sig,Sdg,Sdg_sig,true_bbp,true_aph,true_adg
0,0.0005585149314618999,5.80558140590199e-05,0.7723381519317627,0.6646644845604897,0.0011630553816940775,0.0017608368362685583,0.013909606318979606,0.0014519494601334714,0.011720203794538975,0.0029504550620913506,0.0004659100086428225,0.003711000084877014,0.010900000110268593
1,0.0007460655474402636,6.212299957848347e-05,1.0902029275894165,0.6502439379692078,0.0028923527542880773,0.001444437545784694,0.011195202998410182,0.0012628135037177244,0.012467416003346443,0.0031192931346595287,0.0007014099974185228,0.004844999872148037,0.007402000017464161
2,0.000500048673462232,6.199115246929726e-05,0.9174394607543945,0.6915214210748672,0.006366192078376089,0.002815895251828687,0.019613876590563288,0.002633708717986948,0.013988609425723553,0.003678926732391119,0.0004002499917987734,0.005047000013291836,0.01858999952673912
3,0.0004894721897613464,5.653189276264996e-05,1.0795105695724487,0.6815247535705566,0.004465508007729817,0.0022888168871525987,0.015346776049549128,0.002013482997562468,0.014071844518184662,0.0036094486713409424,0.0003943699994124472,0.005923999939113855,0.014264999888837337
4,0.000975619477900152,6.642718037358367e-05,1.2543652057647705,0.5799770355224609,0.009312502052038108,0.0018943789815757126,0.012811545502488973,0.001845477501196232,0.014323041774332523,0.0035031577572226524,0.0010601100511848927,0.008553000167012215,0.01282699964940548
5,0.00040894308102078686,7.244297878597594e-05,1.0627955198287964,0.7114527970552444,0.003734699051996683,0.0057815884343301385,0.04234437906034662,0.006765203127136216,0.012263525277376175,0.0029994770884513855,0.0003399600100237876,0.009171999990940094,0.040539998561143875
6,0.0005006128478700913,5.3788338505775094e-05,0.8774052858352661,0.6683063060045242,0.002930301244888822,0.0011718995723303707,0.008504982675589282,0.0009176314423421663,0.01325676403939724,0.0034692473709583282,0.00047540999366901815,0.004031000193208456,0.0069240001030266285
7,0.0007091234317057916,6.285239020727726e-05,0.9143489599227905,0.674402505159378,0.003907306325913998,0.0017035303818995699,0.012799046448981367,0.001502111188322391,0.01311808917671442,0.003337129484862089,0.0007702099974267185,0.006006000097841024,0.01097199972718954
8,0.0013326871273600365,7.667160170158932e-05,0.8286388516426086,0.5776233524084091,0.006544255873539062,0.0025657729996939015,0.021048566216651566,0.0030663839979382605,0.013921529985964298,0.003338303416967392,0.001459109946154058,0.008603000082075596,0.019675999879837036
9,0.0006042535965106708,7.376162516820674e-05,0.6340640783309937,0.644628256559372,0.0014377547232876336,0.0044536475925198785,0.04024033466129153,0.005944265973729181,0.011070637963712215,0.0018802909180521965,0.0005223099724389613,0.009607000276446342,0.03146100044250488
10,0.002081008157939002,0.00012070547465450388,0.3495141267776489,0.41242602840065956,0.022683722260065715,0.010551952277804467,0.05610801029591291,0.01694834768004023,0.011686861515045166,0.002411825116723776,0.0024290101137012243,0.031404998153448105,0.049564000219106674
11,0.0005208543427159188,5.44649701959616e-05,0.4853244423866272,0.5266415849328041,0.00345201429955417,0.0013232982730324555,0.009463147185001007,0.001075794430904299,0.012283367104828358,0.0031450586393475533,0.00046750999172218144,0.004511999897658825,0.007276999764144421
12,0.0006910708909854496,5.9761002749884114e-05,1.3326513767242432,0.594833105802536,0.0031226704091549,0.001935959099958559,0.014188871511955605,0.0017065840278704383,0.012881689704954624,0.0031377417035400867,0.0007768099894747138,0.005255000200122595,0.012552999891340733
13,0.0008131542557891084,6.582437109165483e-05,1.1918306350708008,0.6426359415054321,0.0029130237446051213,0.003133079155987144,0.022150189456959474,0.003128225261686615,0.012102102860808372,0.003147471696138382,0.0009240100043825805,0.00661499984562397,0.019089000299572945
14,0.000875454946442813,7.344331930338947e-05,0.6582521200180054,0.6075901240110397,0.0024365308656839764,0.003464095340238724,0.026536819315487004,0.003687944144595681,0.011534826830029488,0.0028010685928165913,0.0007729100179858506,0.007511999923735857,0.02338000014424324
15,0.000926238790771428,7.379808699329291e-05,1.2525644302368164,0.6215829849243164,7.271312282621356e-05,0.0007685800800456213,0.032832775142698896,0.002911395341326308,0.01292263250797987,0.0015902286395430565,0.0009621100034564734,0.008578999899327755,0.02386699989438057
16,0.0006675772288788346,8.054469904659794e-05,1.4012727737426758,0.606176346540451,0.00031947296228705284,0.0031003122354457385,0.04765977252138444,0.0051811901493754794,0.01220884919166565,0.0021458715200424194,0.0006232099840417504,0.009192000143229961,0.04208800196647644
17,0.00037469859944081195,5.7457831023371525e-05,1.3131134510040283,0.6508027911186218,0.00014336310450699684,0.0010159899759591264,0.02403500602988837,0.0016216253944135277,0.014752764254808426,0.0021706181578338146,0.00036115001421421766,0.004821000155061483,0.020847998559474945
18,0.00040814127633233434,5.206452477861406e-05,1.2095777988433838,0.6776064932346344,0.0061434028474275934,0.0016750983418958704,0.011452583206320132,0.0014362414101749769,0.0148620018735528,0.0034807370975613594,0.0003658799978438765,0.006829999852925539,0.011022000573575497
19,0.0012083524112731093,7.736221743554991e-05,0.8969661593437195,0.6542376577854156,0.0004178026621161908,0.002393362029834961,0.03778590897531907,0.004954303964472613,0.010906752198934555,0.0013240077532827854,0.0011621100129559636,0.009607000276446342,0.02995999902486801
20,0.0008170409861406368,5.790939458597742e-05,1.5035185813903809,0.4809231460094452,0.0027724239994672364,0.0015202911331603226,0.01269021251343995,0.0012609015549979018,0.015828575938940048,0.0034574810415506363,0.0008433099719695747,0.004484999924898148,0.009663000702857971
21,0.0010790870920476677,0.0001003490277598116,0.764815092086792,0.6832649111747742,0.055196332124016,0.015536370289867485,0.04526787318409939,0.020666879220498896,0.014635607600212097,0.003604070283472538,0.001153009943664074,0.025033999234437943,0.07481999695301056
22,0.0008617999140859263,7.866579898118162e-05,1.4120192527770996,0.5677157640457153,0.006263963966769279,0.005414587077639285,0.03551379132187469,0.005938908315266221,0.014113486744463444,0.0035474193282425404,0.0008070099866017699,0.008646000176668167,0.034710999578237534
23,0.0007263520478446717,6.968843715174139e-05,1.0422797203063965,0.6774591505527496,0.008222511542540497,0.003654223796754374,0.024390756485227705,0.0038794890208723714,0.014038379304111004,0.0035020727664232254,0.0008180100121535361,0.0061160000041127205,0.029162999242544174
24,0.0008825537743599177,7.524675267645448e-05,0.9655888080596924,0.6737987846136093,0.0003927193999328193,0.0024497205268256762,0.03089566088228875,0.003424603170185404,0.01242010947316885,0.0025803768076002598,0.0009570100228302181,0.006310999859124422,0.024584000930190086
25,0.0006434765354249843,6.735118614960577e-05,1.192769169807434,0.6563648730516434,0.005609507489553586,0.004902701669610843,0.027792769013812838,0.00482962754407841,0.013098270632326603,0.003489129710942507,0.0005962100112810731,0.009417999535799026,0.0203390009701252
26,0.0007982500390198487,6.07027979777564e-05,1.2739589214324951,0.589022696018219,0.006833723938461433,0.0016303360144537772,0.011771221275939627,0.0014776614067488663,0.014667259529232979,0.003560245968401432,0.0007515099714510143,0.004480000119656324,0.013051999732851982
27,0.0008818791189159211,6.859502365083342e-05,0.6966901421546936,0.6125773936510086,0.0032871045431776902,0.0028380340322951224,0.019993936732538922,0.0026845853925107598,0.011803309433162212,0.0029328567907214165,0.0009477100102230906,0.007414000108838081,0.01564200036227703
28,0.0005794646574586667,6.65790731187213e-05,1.0003714561462402,0.7083753645420074,0.009231113023055303,0.004063335658718341,0.02626142682887187,0.004439422437934718,0.014704803004860878,0.0035876240581274033,0.0006196100148372352,0.00901500042527914,0.02230199985206127
29,0.0005561901377402617,5.8683451178989535e-05,0.9312921166419983,0.6864576786756516,0.003852253133030827,0.0018202218718246987,0.01353517902853439,0.0015549672477654921,0.014204883947968483,0.0037068999372422695,0.0005443100235424936,0.005828999914228916,0.011521000415086746
30,0.000981339191032807,7.230815233543614e-05,0.924401581287384,0.6454119682312012,0.007536936936611628,0.0031201159518838262,0.021934452551291003,0.00339840355352288,0.014170044101774693,0.0035491823218762875,0.0010430100373923779,0.00802099984139204,0.021997999399900436
31,0.0011350222059458748,7.650088659945072e-05,0.7158617973327637,0.5988272279500961,0.0031971771663073054,0.0034607389457193276,0.025732934866949584,0.003853741327079963,0.012505303137004375,0.003279149066656828,0.0011248099617660046,0.009328999556601048,0.022207999601960182
32,0.0035102739800283666,0.00014440952087360257,1.5496705770492554,0.4339609742164612,0.02066054612137488,0.0179776565825356,0.1886177983242905,0.045317108769910255,0.016483554616570473,0.0016716052778065205,0.004170109983533621,0.04359700158238411,0.12935900688171387
33,0.000613454604625401,6.745005455335038e-05,1.029677391052246,0.6895456314086914,0.0019041649672856837,0.0032978479114344522,0.027788504828247,0.003556595272134609,0.011973061598837376,0.002984482329338789,0.0005919099785387516,0.0050119999796152115,0.026159999892115593
34,0.0008082009200696758,6.471728469243114e-05,0.9840335845947266,0.6474618762731552,0.004763177195516764,0.001665169345268105,0.012313428692381993,0.001498548689137797,0.014059639535844326,0.003669064026325941,0.0007551099988631904,0.005628999788314104,0.011923999525606632
35,0.00041952966961845745,5.705983976757401e-05,0.9364665746688843,0.7008032649755478,0.005390030524575096,0.002243399452459503,0.015002666033492823,0.002037340887313087,0.013534330762922764,0.0034841978922486305,0.0003993599966634065,0.006310999859124422,0.0110470000654459
36,0.0005014113037468651,4.8082581778002256e-05,1.559462308883667,0.48414793610572815,0.0036124450251594662,0.001340320376149453,0.010222542295025155,0.0010821444704419234,0.014881583862006664,0.0034536276943981647,0.0003787800087593496,0.004821000155061483,0.006939999759197235
37,0.0010664845748684872,6.484428048461751e-05,1.4742000102996826,0.466894268989563,0.005489619531184689,0.0016044697541143303,0.012651398025602775,0.0015274575226369913,0.014347035437822342,0.003392258659005165,0.001169009949080646,0.0061160000041127205,0.010564000345766544
38,0.0005649798971401537,5.5521341837217874e-05,1.3392181396484375,0.6105514466762543,0.006171391535520398,0.0017931966030531135,0.012642587442382553,0.0015741037205306459,0.014404324814677238,0.003492899239063263,0.0006098099984228611,0.009192000143229961,0.009321999736130238
39,0.0009695290391894498,6.561167489707825e-05,1.4153553247451782,0.528508335351944,0.00863698701238174,0.002053503681146679,0.017021741847900767,0.002083900912388634,0.016067471355199814,0.0031322133727371693,0.0010546100093051791,0.007579000201076269,0.016877999529242516
40,0.0010485856141033798,7.806474897185278e-05,1.1580606698989868,0.6547813564538956,0.00769436899782196,0.005019942531101935,0.032383329433641445,0.006287101523844511,0.012539606541395187,0.003229414112865925,0.0009631100110709667,0.007511999923735857,0.032538000494241714
41,0.0008216505620736438,6.709327650465484e-05,0.8535247445106506,0.655907928943634,0.0060808781760720975,0.0025625351359944296,0.018693058068250026,0.0026017729092563686,0.01411980390548706,0.003528003580868244,0.000720110023394227,0.006949000060558319,0.01864200085401535
42,0.0004316856366311644,5.996660792984606e-05,1.197318434715271,0.6800884455442429,0.0053875751024705845,0.0042420049425109935,0.025661411357928987,0.003909436377170741,0.014985505491495132,0.003614441491663456,0.0004558099899441004,0.008511999621987343,0.020670000463724136
43,0.0022634039909967757,0.00015146938117260953,0.8254830241203308,0.6693066731095314,0.08214994678667702,0.027742335966609875,0.05655126965963579,0.038653244890145426,0.012515293434262276,0.003241725731641054,0.0026327099185436964,0.043699998408555984,0.09605500102043152
44,0.0009759607113660012,6.839579103511291e-05,0.807364821434021,0.6015002280473709,0.005984706624230466,0.002025984530110235,0.015188786748934669,0.0020057307130663506,0.014367382042109966,0.003523034043610096,0.0009592099813744426,0.00585100008174777,0.014305000193417072
45,0.0010555904092663547,6.62212824437832e-05,1.490079641342163,0.46917518973350525,0.0064695025122685,0.0019122176330449393,0.016859596318379782,0.0019472912979113018,0.016145288944244385,0.003110965248197317,0.0011336100287735462,0.007290999870747328,0.015752000734210014
46,0.0005082803553678059,5.343051846297739e-05,1.3519082069396973,0.6028635501861572,0.009193920374373898,0.0015449986042957325,0.009738707236761844,0.0013854044774189653,0.015785135328769684,0.003289422020316124,0.00045421000686474144,0.008473999798297882,0.008774999529123306
47,0.000829995024668565,6.817992061431067e-05,1.3284165859222412,0.6118972301483154,0.008799751449051867,0.0033742309168765167,0.024028370004426983,0.003591177220084193,0.013929370790719986,0.0034459675662219524,0.0008736100280657411,0.009171999990940094,0.022242000326514244
48,0.0007414557532795411,6.998428029337335e-05,1.2717609405517578,0.6360057294368744,0.009687506683806673,0.004996264242839065,0.028835481070886487,0.005348554096635524,0.014746418222784996,0.0037021893076598644,0.0006107100052759051,0.006982999853789806,0.029366999864578247
49,0.0008255207988601017,6.448379012389085e-05,0.7862568497657776,0.6205578520894051,0.007481301963835271,0.0016328385070150954,0.011260261619803787,0.001476322429503814,0.014961618930101395,0.0034738401882350445,0.0007950100116431713,0.007191000040620565,0.011576000601053238
50,0.0006513682129295444,7.188683618055428e-05,1.4160853624343872,0.5848392844200134,0.00039632877151770377,0.0026043794703812274,0.04469628377813855,0.004321631944875646,0.014345875009894371,0.002292068675160408,0.0006560100009664893,0.008425000123679638,0.03331800177693367
51,0.0004539940203917703,5.957015883625323e-05,0.7550346851348877,0.6754638254642487,0.009710620687342578,0.002542127826953043,0.015281721218969434,0.0023936183863682726,0.01398644968867302,0.003526001237332821,0.0005094099906273186,0.00901500042527914,0.015690000727772713
52,0.0004701887192669807,6.107181568800564e-05,0.8726280927658081,0.6950261890888214,0.00609009545494337,0.0030578171544719196,0.019563581085939225,0.002841718590178108,0.013858838938176632,0.0035798950120806694,0.00044450999121181667,0.006951000075787306,0.019466999918222427
53,0.0008521583347816466,8.965342858612094e-05,1.4059475660324097,0.5851190686225891,0.003966576655453458,0.006351419282427085,0.05466172037860098,0.008950852195765947,0.013311699964106083,0.003054959699511528,0.0007780099986121058,0.008603000082075596,0.0531499981880188
54,0.0009109196009616657,6.816067870900946e-05,1.421013355255127,0.5653583109378815,0.019618194876530114,0.003985188181132434,0.021666831332242856,0.0042194701398884146,0.014321967959403992,0.003567187115550041,0.0009751099860295653,0.0137339998036623,0.02888299897313118
55,0.0005720125001252019,5.733025230053097e-05,1.2057281732559204,0.6577217727899551,0.0025644906027294354,0.00232244585578419,0.015624986186324763,0.001862316463296018,0.012145137414336205,0.0030913474038243294,0.0004572100006043911,0.004821000155061483,0.01347699947655201
56,0.0008367945942623909,6.256622894074663e-05,1.7281579971313477,0.32909631729125977,0.005391007087625871,0.0037010390868572355,0.03447516408905324,0.003906700821458994,0.01680637337267399,0.0027572019025683403,0.0008865100098773837,0.006996000185608864,0.03250899910926819
57,0.0008935972719514572,6.081093964851504e-05,1.4329698085784912,0.4980579912662506,0.004666769611693524,0.0012018841466137765,0.009009752640334044,0.0010474940112930832,0.013634312897920609,0.003296320326626301,0.000995410024188459,0.0061980001628398895,0.005991999991238117
58,0.0009742102758536449,5.345163427969169e-05,1.6941860914230347,0.32445454597473145,0.005884480887025364,0.0010860742788313497,0.008566880408775599,0.0009187475438364777,0.01543102040886879,0.0032746982760727406,0.001001609954982996,0.006314000114798546,0.00711999973282218
59,0.0009338016987477168,6.508162580006458e-05,0.6192253828048706,0.5618239343166351,0.007384205522602384,0.0017325923806044562,0.011195285968800815,0.0015574723975439724,0.012889960780739784,0.003414238803088665,0.001000409945845604,0.0074800001457333565,0.010603000409901142
60,0.0008523478217659687,7.245325245066941e-05,1.317619800567627,0.6181452572345734,0.0010470095145368615,0.002836693393100448,0.02946071535606182,0.0036609357312846758,0.012082835659384727,0.002830231562256813,0.000941010017413646,0.00737700005993247,0.02451399900019169
61,0.0007627419354742928,6.590934454735946e-05,1.2412192821502686,0.6287126243114471,0.002310565429929464,0.002820016631077317,0.021449636896457375,0.0027944458957294936,0.012035854160785675,0.0031287018209695816,0.0008593099773861468,0.00875800009816885,0.015848999843001366
62,0.0007624438584321652,6.467985846730039e-05,1.250253677368164,0.6345330774784088,0.005920578443106765,0.002520357110628962,0.018064097470832954,0.0024271139438969865,0.014011500403285027,0.0036707003600895405,0.0007939100032672286,0.005140000022947788,0.017992999404668808
63,0.0011206437249282933,7.313595270715969e-05,1.2560441493988037,0.5427870452404022,0.0038879867761316715,0.002267622067980476,0.017148244627691378,0.002236358709375179,0.014629700221121311,0.0037270705215632915,0.0011521100532263517,0.007234999909996986,0.013508999720215797
64,0.0007247607789299266,6.286156835744752e-05,0.838200032711029,0.6536626368761063,0.0028891375765337434,0.0023146926644097153,0.015242919506196485,0.0019168623436031105,0.012087170034646988,0.003210801165550947,0.0007509100250899792,0.00749000022187829,0.010409999638795853
65,0.002561108359689177,0.0001260607205752053,1.1221122741699219,0.5923707187175751,0.03875195985956038,0.012050104534302318,0.07921380043658642,0.023167576464333615,0.015389341861009598,0.0028949943371117115,0.0033514099195599556,0.03990599885582924,0.06660199910402298
66,0.001064612106441101,7.30106162249428e-05,1.5201406478881836,0.47206035256385803,0.00021073360983110204,0.0017067631100652519,0.02722367650351657,0.00255943773078403,0.012667362578213215,0.0023502008989453316,0.0010397100122645497,0.00661499984562397,0.021178999915719032
67,0.0008982954678009149,6.6926520069031e-05,1.0282930135726929,0.625135526061058,0.005297387318306422,0.0019517837628310036,0.014627073285397637,0.0018669557033420452,0.01323063112795353,0.0034398301504552364,0.0008734100265428424,0.005255000200122595,0.015107999555766582
68,0.0008856697749926164,6.752901037907107e-05,0.7662169933319092,0.6222668811678886,0.004862038139570869,0.002761374166725223,0.018483326619591477,0.002625451205473476,0.013321733102202415,0.0035903220996260643,0.0010317099513486028,0.007720999885350466,0.015541000291705132
69,0.0005052052394161001,5.2916021078135513e-05,1.2160029411315918,0.6583251059055328,0.005817133032372264,0.0011619107049153452,0.007359090606696414,0.0009392576222439172,0.015060508623719215,0.003589038271456957,0.0005014099879190326,0.00585100008174777,0.005598000250756741
70,0.0008096139607957857,6.173687152088774e-05,1.3327388763427734,0.5731577277183533,0.006169762139607661,0.0016084057538933013,0.011924448650908036,0.0014959654688131343,0.014698237180709839,0.0034256065264344215,0.00096110999584198,0.008193000219762325,0.008836999535560608
71,0.0005528351809810652,6.364810559917158e-05,1.4577457904815674,0.5570375323295593,0.006276827897534802,0.004358099552623164,0.027868465930694277,0.004102257747085943,0.014928827993571758,0.0036162836477160454,0.0005758099723607302,0.00737700005993247,0.029410000890493393
72,0.0009940596442950928,7.01116876756304e-05,1.2606861591339111,0.5925439894199371,0.0024377135949728373,0.003072437703429142,0.023754669474378622,0.003475786581910608,0.011850341223180294,0.002863808535039425,0.0010780099546536803,0.00585100008174777,0.01841599866747856
73,0.0004275051894798898,7.49060831996855e-05,1.0508078336715698,0.7082271426916122,0.0009841219224534668,0.004353530052002547,0.045757421675723324,0.005810555230112285,0.012739160098135471,0.0027484921738505363,0.0004995099734514952,0.007348999846726656,0.041868001222610474
74,0.0010752994571964684,7.261588984698185e-05,0.820041298866272,0.6410124599933624,0.00945606376231516,0.002986641083231618,0.02079723891946202,0.0033118381590439647,0.013350376859307289,0.003413721453398466,0.0011429099831730127,0.0081599997356534,0.021423999220132828
75,0.0002628931684660606,5.0411685847401606e-05,0.9685287475585938,0.7041786462068558,0.006858732543705392,0.0017476361659892262,0.011050129962504322,0.0015206399845717504,0.014827022328972816,0.0036149900406599045,0.0001836300070863217,0.005752999801188707,0.011256000027060509
76,0.0006166728070924779,5.449884707518576e-05,1.3421039581298828,0.5761522948741913,0.002868971540409914,0.0007776352396720607,0.005660972741484092,0.000591567872929911,0.014684893190860748,0.0035100625827908516,0.0006031100056134164,0.0034630000591278076,0.00456400029361248
77,0.000824297629922891,6.522498199091736e-05,0.8232157230377197,0.6380277425050735,0.002124884642396192,0.0023633129563879096,0.017378600169270734,0.00211454794899005,0.011575683951377869,0.002805671188980341,0.0008329100091941655,0.006310999859124422,0.011137999594211578
78,0.0006907211879524518,6.118553630591006e-05,1.5282032489776611,0.5073169767856598,0.007005993228301019,0.002933367329061738,0.020794464713049923,0.0029151212516192355,0.014232316985726357,0.003552671056240797,0.0006883100140839815,0.008646000176668167,0.01912200078368187
79,0.0008396176585710784,8.200558714394101e-05,1.3116368055343628,0.6286421418190002,0.001240231506742335,0.004063969753283126,0.045425828448044776,0.006099284797803455,0.01239758636802435,0.0025764084421098232,0.000738709990400821,0.005903000012040138,0.04280000180006027
80,0.0006920446950018162,6.536944011909445e-05,0.7717752456665039,0.6470190808176994,0.007540897679869358,0.00260843753144342,0.017517777804216234,0.002514114386006308,0.013775942847132683,0.0035197213292121887,0.0006073099793866277,0.007720999885350466,0.017441000789403915
81,0.0005677402378463643,6.0507665583042086e-05,1.4111099243164062,0.5825403034687042,0.006387683502095473,0.002991926213359517,0.021172309421900234,0.002910479178022028,0.014786074869334698,0.0035337903536856174,0.0006153099820949137,0.008346999995410442,0.017602000385522842
82,0.0011277534014510256,7.590824907608958e-05,1.017073154449463,0.6472648680210114,0.016800584539723662,0.00440165794186903,0.02722789885797564,0.005350847881442647,0.014319326728582382,0.0035693501122295856,0.0012342099798843265,0.008255000226199627,0.03381900116801262
83,0.0008435201970350039,6.021883694536659e-05,1.5265239477157593,0.47051915526390076,0.0037142545500316996,0.002212844893128956,0.015694409905798255,0.001942295039302485,0.013831395655870438,0.0036391038447618484,0.0010122100356966257,0.006310999859124422,0.013219999149441719
84,0.0004350979108303657,5.601116483777756e-05,0.9581783413887024,0.7050028443336487,0.00631542586284524,0.001963549237593515,0.012977623811101192,0.0016998302749698943,0.013921353034675121,0.0035177944228053093,0.0004237100074533373,0.005818000063300133,0.0110489996150136
85,0.0004892083876693606,5.872711622919433e-05,1.0780417919158936,0.6996145993471146,0.007952381349569156,0.002735462158408248,0.017912843425916404,0.0026448641787924923,0.013632144778966904,0.0034548244439065456,0.0004423100035637617,0.008553000167012215,0.01642100140452385
86,0.0007708985395316658,7.082295006592421e-05,0.6164026260375977,0.6169263049960136,0.00030517355706212847,0.0021275467151035438,0.027935948146579993,0.0029446660361980848,0.01131801400333643,0.0019082464277744293,0.0008046100265346467,0.006006000097841024,0.026962000876665115
87,0.0043924504499174444,0.0002753866044727885,1.1396684646606445,0.6194776445627213,0.11590813420513778,0.03600640420036783,0.11953654549901585,0.0592347196206275,0.01323632150888443,0.0030342084355652332,0.004769810009747744,0.06149600073695183,0.1464329957962036
88,0.0007614290938952796,7.420416144647172e-05,1.1775376796722412,0.6692775040864944,0.007118607661577703,0.005579362923684002,0.03294162492665341,0.005924755871110677,0.012911544181406498,0.00345025397837162,0.0008909099851734936,0.006835999898612499,0.03834399953484535
89,0.0008825910819215414,8.004227255525783e-05,0.46212413907051086,0.5098801627755165,0.00013299843508713662,0.0016792800310586869,0.039014890509224354,0.0035257545298647518,0.01227328646928072,0.001816794741898775,0.0008374099852517247,0.008346999995410442,0.03290700167417526
90,0.0006191562490406595,5.770571923166014e-05,1.3050169944763184,0.6146697103977203,0.003978407568136591,0.0018254530713614388,0.013377147503428218,0.001583167592687347,0.014684430323541164,0.0036717080511152744,0.0006593100260943174,0.0061980001628398895,0.010036000050604343
91,0.00030678023338645696,5.793033570169844e-05,1.152312159538269,0.695347860455513,0.0095726279386978,0.0037319191723245867,0.02250225380918351,0.0038387293087666485,0.01497410424053669,0.003569857683032751,0.00028609001310542226,0.00661499984562397,0.025217000395059586
92,0.0008250872064581083,6.488184825206638e-05,1.3601534366607666,0.5819390416145325,0.00847602323727462,0.0026976336156244707,0.019090634798560865,0.00271816640043737,0.014602551236748695,0.0034690098837018013,0.000879810017067939,0.007579000201076269,0.01917799934744835
93,0.0007284121256498092,6.586367216555693e-05,0.8321520090103149,0.680101789534092,0.0005858233987071091,0.0019462331674596736,0.023605004027401365,0.00243386697990022,0.011021020822227001,0.001687454991042614,0.0007480100030079484,0.008057000115513802,0.01737399958074093
94,0.0007394744742090652,6.392140916907648e-05,0.7732636332511902,0.6448014751076698,0.003724750057620005,0.0016245913457442324,0.01186316010765932,0.0014142066759031367,0.012659883126616478,0.0032112947665154934,0.0008047100272960961,0.006006000097841024,0.00775500014424324
95,0.0008037175377019139,6.821133714865094e-05,1.4366965293884277,0.5517400801181793,0.0017023283773425406,0.0026676539923998904,0.029176362553588926,0.0030699612217512436,0.014343954622745514,0.0029268846847116947,0.0008226099889725447,0.006314000114798546,0.023266000673174858
96,0.001156583810162947,6.622368570281237e-05,0.3405522406101227,0.36374079436063766,0.004305569267678339,0.0017732751275787554,0.014124525574713212,0.0016481820814711265,0.01187443733215332,0.0028540934436023235,0.00115360994823277,0.00737700005993247,0.012257000431418419
97,0.0007096698214670859,5.90630460531217e-05,1.4508076906204224,0.5454339385032654,0.004996044290981633,0.002079112831411689,0.01648169658948548,0.0019690558452399127,0.015015536919236183,0.003481630701571703,0.0006719100056216121,0.006314000114798546,0.013714000582695007
98,0.0020969889676531526,0.00019736639043988976,1.330336332321167,0.6334473788738251,0.076083178495896,0.06625756570410662,0.21636981506067793,0.11449899269451307,0.014143716543912888,0.00282870139926672,0.002302509965375066,0.07015199959278107,0.19419899582862854
99,0.0005418033146524171,6.980819659285553e-05,1.1299208402633667,0.6947061866521835,0.011466470676300312,0.0057704113122725486,0.0336496013333799,0.00654575419391515,0.014871560968458652,0.003701220266520977,0.0007534099859185517,0.008511999621987343,0.044927000999450684
100,0.0008416842535308027,6.479972320630912e-05,0.4198276400566101,0.45645273104310036,0.00516041502854244,0.0023199497079601583,0.01690612333877676,0.002238351800118254,0.011834802106022835,0.0028399298898875713,0.0008397100027650595,0.0074800001457333565,0.014361999928951263
101,0.0007365674688602838,7.56844113609186e-05,1.170493721961975,0.6731283962726593,0.00011794618108544617,0.0015546849408634123,0.05095659593007647,0.004725770698480344,0.014551617205142975,0.001873550470918417,0.0007278100238181651,0.008603000082075596,0.038819000124931335
102,0.0006819168358669196,5.901595296568579e-05,1.0954699516296387,0.6438359767198563,0.00608746816057608,0.0009586165417839634,0.005414735555506305,0.0007328889700316094,0.015376750379800797,0.003417633008211851,0.0006544099887832999,0.005828999914228916,0.005649000406265259
103,0.0004678908561111634,5.440611772337554e-05,1.359398365020752,0.6129571199417114,0.006513846621628492,0.002181810760984229,0.015886443337367807,0.001971098117724567,0.015377204865217209,0.003485141322016716,0.00037722999695688486,0.007381000090390444,0.013512000441551208
104,0.000442802388902288,6.50862295464192e-05,0.809843122959137,0.6897798180580139,0.0016288082300328463,0.003244575749937789,0.026692725041259004,0.003311377801776016,0.011986218392848969,0.003048970364034176,0.000430410000262782,0.0061980001628398895,0.022783998399972916
105,0.0006830678341365916,6.072228515684115e-05,1.3930027484893799,0.5749990046024323,0.006728674143248352,0.0023281472740104767,0.01775231281129126,0.0022634977284640787,0.015367653220891953,0.003415187355130911,0.0006767099839635193,0.00786499958485365,0.013214999809861183
106,0.0007391169134417349,7.11399775216962e-05,1.41121506690979,0.5668566226959229,0.0004778609039743654,0.0025862446491687952,0.03676076217310033,0.0037540447990406026,0.013323204591870308,0.0024519474245607853,0.0008036100189201534,0.00661499984562397,0.03481899946928024
107,0.00046374508090912543,5.4864451986328365e-05,1.468392252922058,0.5527178049087524,0.011081747115100012,0.0025508561421931017,0.017721757294020767,0.0025943476931068995,0.016017038375139236,0.0032081524841487408,0.0005741100176237524,0.007579000201076269,0.021268999204039574
108,0.0007583271174658302,6.87258128097512e-05,1.173048734664917,0.6682472676038742,0.009437901710356446,0.003918387589845465,0.02542603747234579,0.004230852258226442,0.013380834832787514,0.003477764315903187,0.0009117100271396339,0.007946000434458256,0.027910999953746796
109,0.0004917731706685996,5.2300847657113986e-05,0.9895294308662415,0.6604132801294327,0.0017591665914421309,0.0005749999941667055,0.0039022087741334504,0.0004046515748598414,0.014727291651070118,0.0034803426824510098,0.00044810998952016234,0.002346999943256378,0.0026500001549720764
110,0.0017160482520922752,0.00011763620556449453,1.246049165725708,0.6246969997882843,0.001452974223543153,0.005923889691253617,0.08704142551965481,0.014605665562747921,0.01336099486798048,0.0021215295419096947,0.0018444099696353078,0.017454000189900398,0.0664680004119873
111,0.0008308466152451046,6.12628942342707e-05,1.3217847347259521,0.5712396502494812,0.006633649914026349,0.001280997231036445,0.008238135734129398,0.0010772926495452233,0.014358163811266422,0.003529670648276806,0.0008004099945537746,0.006279999855905771,0.006678000092506409
112,0.0005341139894340486,6.078614815750307e-05,0.6802511811256409,0.6450086310505867,0.002941707975013696,0.0031867235321785745,0.02266258710738699,0.003061997509573814,0.01125513855367899,0.0023625032044947147,0.0004687100008595735,0.007946000434458256,0.018528999760746956
113,0.00041920735528625956,7.084106041793721e-05,1.295837163925171,0.6549907326698303,0.0006909798449548976,0.0031470887416966097,0.0379734809312822,0.003948293098738016,0.013380205258727074,0.002824139315634966,0.0002595999976620078,0.005628999788314104,0.041770000010728836
114,0.001073078620313256,7.372084878851191e-05,1.2091872692108154,0.6007679998874664,0.006224429743413576,0.003393170322783293,0.02438275726343805,0.0037000527506918877,0.014978541992604733,0.0035498966462910175,0.001151310047134757,0.007579000201076269,0.02319999970495701
115,0.0010212821390233784,6.905843909187786e-05,1.1630663871765137,0.551188588142395,0.005426260592070348,0.0009408837416230802,0.006488870023223989,0.0007610855916516811,0.015864461660385132,0.003339037299156189,0.0011193100363016129,0.006845000199973583,0.00455200020223856
116,0.0009797114089074375,6.146567036975024e-05,1.4778209924697876,0.4722454845905304,0.0050143084789371255,0.0011518982151362909,0.008482605358931469,0.0010063805508599044,0.01422738004475832,0.0035316022112965584,0.0010119100334122777,0.005903000012040138,0.005900000222027302
117,0.0005143676777133347,5.4431586921076106e-05,1.4200679063796997,0.5874585211277008,0.007895183570286868,0.0019477961307106857,0.013702823516021317,0.0017675995769581383,0.01523877214640379,0.003551192581653595,0.0004585100105032325,0.007586000021547079,0.012570999562740326
118,0.0005840126735101698,5.748235216973839e-05,1.137688398361206,0.6727282702922821,0.005922395624876421,0.0017800293051942013,0.012518108447654558,0.0015736585504865352,0.013865476474165916,0.003504023887217045,0.0005985100287944078,0.005752999801188707,0.012349000200629234
119,0.0006440183035060391,8.017140659472829e-05,1.078381896018982,0.6979823559522629,0.0001008145810679036,0.0014802993376956273,0.06589508471740398,0.006563057110177989,0.01471938006579876,0.0019083251245319843,0.0007639100076630712,0.00673400005325675,0.06797799468040466
120,0.0006077757690047305,5.4471851379714396e-05,1.453276515007019,0.5422515869140625,0.006404073791000629,0.001655904372369715,0.011639461011647114,0.0014675513612343429,0.014414835721254349,0.0034099165350198746,0.0005112100043334067,0.0074800001457333565,0.007663999684154987
121,0.0007833437265222741,7.69448086561412e-05,1.0809121131896973,0.681861624121666,0.013143058809654332,0.006662711655010453,0.03900766248297297,0.00827054002741022,0.015600203536450863,0.0035093696787953377,0.0007944100070744753,0.020004000514745712,0.02894499897956848
122,0.0011474767144262156,6.390153407165213e-05,1.6788043975830078,0.34463685750961304,0.005304257923324174,0.0023483552414242707,0.018901298552686387,0.0023066732432318795,0.015443431213498116,0.0035305041819810867,0.0012844100128859282,0.007579000201076269,0.016006000339984894
123,0.0008551374433147556,7.845122856158285e-05,1.2284241914749146,0.6533579677343369,0.00021374723386106064,0.0020939964385159678,0.05398382888059267,0.005409215905924018,0.013913171365857124,0.0018980856984853745,0.0008219099836423993,0.007946000434458256,0.04925299808382988
124,0.00043405057954046066,6.258409700460251e-05,1.521871566772461,0.5352898240089417,0.004167903269834502,0.0043970370985602445,0.03562876165147682,0.004710737331643594,0.014716294594109058,0.0032562934793531895,0.000434109999332577,0.007381000090390444,0.032180000096559525
125,0.0009462845875755145,8.979036483374239e-05,0.9315999746322632,0.691191777586937,0.00010509744066227635,0.0014012559184365884,0.06136747257445774,0.006527775964571013,0.012175001204013824,0.001544108148664236,0.0009766099974513054,0.008511999621987343,0.05391000211238861
126,0.0007218062038034182,6.12464286905776e-05,1.1411890983581543,0.6460282653570175,0.004786325307221719,0.0016329128860228435,0.012138022274939693,0.0014700358280201244,0.013730515725910664,0.0033875610679388046,0.000731609994545579,0.006310999859124422,0.008006999269127846
127,0.0004254878631218107,6.884683884055093e-05,0.9525347948074341,0.7096253782510757,0.00014322669784491308,0.0014802261201357632,0.03328388118445664,0.002719046274616466,0.01266551949083805,0.002029410097748041,0.0003528200031723827,0.008255000226199627,0.025029998272657394
128,0.0009144886143748013,6.419478985530952e-05,0.4897817075252533,0.4922048822045326,0.004592897202698886,0.0015329266098859124,0.011345309952136633,0.0013300863826004863,0.013428594917058945,0.003630111925303936,0.0009982100455090404,0.005921000149101019,0.010704999789595604
129,0.000611820737497562,6.081135794606794e-05,0.6233858466148376,0.6057040393352509,0.0046908421637054856,0.0019792070513674105,0.013808590637657782,0.0017352853595223022,0.013195876032114029,0.003484219778329134,0.0005820100195705891,0.00661499984562397,0.010439999401569366
130,0.0011077024169788294,8.424915663714347e-05,0.6590428352355957,0.6033494472503662,0.0005671935072424245,0.0032221795889342823,0.04219854017779306,0.0054765203180926585,0.01144733652472496,0.0018674945458769798,0.0010089100105687976,0.008469999767839909,0.03782400116324425
131,0.0007175522946253406,6.690921865123804e-05,0.9990586638450623,0.6848313361406326,0.002869390522415138,0.0033638465912525176,0.0250965472819007,0.0034139558226938347,0.012779898941516876,0.0033465693704783916,0.0007030100096017122,0.008603000082075596,0.019120998680591583
132,0.00175812775599254,0.00010856669990069615,0.822159469127655,0.6354737728834152,0.020892011860203605,0.008535172946077973,0.052322557610274455,0.014337730423545001,0.01320832408964634,0.0032320963218808174,0.0018620099872350693,0.024166999384760857,0.04693499952554703
133,0.000919443521030987,6.592286096923655e-05,1.3894686698913574,0.5451818108558655,0.004585268732316304,0.002748896967747626,0.01991715746497244,0.002742731032733153,0.01394014060497284,0.0034879068844020367,0.0009974100394174457,0.007466000039130449,0.016085999086499214
134,0.000915242479624621,7.219667668576359e-05,0.7000967264175415,0.6358622461557388,0.01036016503013241,0.003920302781302256,0.025918450118312696,0.0044365874916259,0.012438885867595673,0.003172599710524082,0.0008635100093670189,0.00749000022187829,0.029493998736143112
135,0.00036602431884342026,5.480287479481713e-05,0.9154341816902161,0.7096116617321968,0.0031555525194317336,0.0031457678555653168,0.01928982946531436,0.0027225916839341315,0.011787152849137783,0.0029500145465135574,0.00033767000422813,0.005818000063300133,0.014728999696671963
136,0.0005086954502259974,6.429610984295391e-05,1.4271891117095947,0.5914020240306854,0.000967493721151755,0.002842303075084414,0.045161449326215526,0.004426318577854967,0.01554279774427414,0.0023804418742656708,0.0003670699952635914,0.00673400005325675,0.034304000437259674
137,0.0010191840553107963,6.601438956223163e-05,1.438684344291687,0.5018373727798462,0.006150229406367669,0.002078592554547907,0.016308777857933547,0.0021467191000847817,0.013622032478451729,0.0033749579451978207,0.001107209944166243,0.006829000078141689,0.014267999678850174
138,0.0007976301948763903,6.88227149271423e-05,1.032351016998291,0.6618493497371674,0.0018724558432907327,0.0026779505515249873,0.022364825088649225,0.0028154145817726513,0.012257558293640614,0.0032841027714312077,0.0008552100043743849,0.005907000042498112,0.020252998918294907
139,0.0008061125336899229,6.387410466303687e-05,0.8825507164001465,0.6254414916038513,0.004425032471358342,0.001433153531918807,0.010664031965723101,0.0012391526171338279,0.014204110950231552,0.003527197055518627,0.000807909993454814,0.006951000075787306,0.007675999775528908
140,0.0011195676245183228,7.273275385873232e-05,1.2555649280548096,0.5849651098251343,0.0022640986894133797,0.0027784726262715218,0.022777524035778846,0.003184798248686574,0.01160009577870369,0.00278071453794837,0.0011813100427389145,0.007381000090390444,0.01797500066459179
141,0.0010015520690762115,6.798152421955454e-05,1.2289838790893555,0.6024650931358337,0.005901432851519781,0.0023761354474578006,0.01801123407525566,0.0024709908279409998,0.013745183125138283,0.0036158845759928226,0.00115360994823277,0.006279999855905771,0.016452999785542488
142,0.0007485701937920688,6.46763595994848e-05,1.1968580484390259,0.6388463973999023,0.005825416435625482,0.0027099599396427634,0.019105407336827245,0.0026476016900101092,0.014486672356724739,0.0035750982351601124,0.0007551099988631904,0.0074800001457333565,0.01676199957728386
143,0.001415727790612634,8.176952683429015e-05,0.9138802886009216,0.5926658362150192,0.010025400527462638,0.003566714835088148,0.026631484122627426,0.004611497746452543,0.015186759643256664,0.0034958594478666782,0.001522709964774549,0.011436999775469303,0.024946000427007675
144,0.001053450759654332,7.698862380130277e-05,1.1070462465286255,0.6556311249732971,0.003116150957667131,0.0038500945867957228,0.02976801501160548,0.004628436783035221,0.011680018156766891,0.0027405940927565098,0.0010644099675118923,0.008218999952077866,0.023713000118732452
145,0.0006547303158029006,5.521052989561359e-05,1.3617494106292725,0.5732714533805847,0.006587318438165226,0.0010987432608862346,0.0067981282688557715,0.0008685664072716837,0.015264172106981277,0.0034447330981492996,0.0006709099980071187,0.005628999788314104,0.006692000199109316
146,0.00113240134795191,8.409813934707534e-05,1.0477638244628906,0.6495593935251236,0.0017448040636630115,0.003702049822605621,0.03902401579680071,0.005326521821844742,0.013245618902146816,0.0029608500190079212,0.0010456100571900606,0.005907000042498112,0.037181999534368515
147,0.001022000039244763,6.078124112313322e-05,1.5552037954330444,0.4331400394439697,0.009897121668634167,0.001569028754100905,0.009976865375088132,0.0014102956912388715,0.014742186293005943,0.003543445374816656,0.00098620995413512,0.0081599997356534,0.009741999208927155
148,0.0011909673055845674,7.651987810260456e-05,1.0823144912719727,0.6187303215265274,0.005321921897285162,0.0036798110522066603,0.025364847966895476,0.004332540800589143,0.013149227015674114,0.0034315097145736217,0.001280209980905056,0.008898000232875347,0.021611999720335007
149,0.0006838073393257711,6.830972681798542e-05,0.5182035565376282,0.5662495829164982,0.0002035082723764532,0.0015010725821083903,0.030285743926744133,0.0026403832909143513,0.011100134812295437,0.0012602945789694786,0.0006563100032508373,0.00737700005993247,0.025391999632120132
150,0.0007510201649072122,6.628177859728166e-05,1.0570482015609741,0.6711372435092926,0.0021036373212536493,0.0025791657811710623,0.0197836097794463,0.0025018744593649743,0.01218079961836338,0.003208411857485771,0.00084400997729972,0.006845000199973583,0.01574699953198433
151,0.0010609119710433199,6.583639429031047e-05,1.4761468172073364,0.48644328117370605,0.0077332563646700025,0.0019958676029342,0.016113647226441805,0.0020259647077977994,0.01503527071326971,0.0033214977011084557,0.0010858100140467286,0.008469999767839909,0.012893999926745892
152,0.0007243757348637283,5.971553696064685e-05,0.5006173849105835,0.5127910934388638,0.005312158033570479,0.0014802681177230772,0.01068115791025244,0.0012629788219437063,0.014319933950901031,0.003674340434372425,0.0006909099756740034,0.00585100008174777,0.009347999468445778
153,0.0007983604787443008,6.943920264671486e-05,1.3808223009109497,0.5795502662658691,0.00016330306540959748,0.0015395365463517876,0.028808337360039314,0.002586969262308225,0.013016709126532078,0.002244706265628338,0.0007941100047901273,0.006835999898612499,0.019842999055981636
154,0.00120374885953973,8.232430189615428e-05,1.2353037595748901,0.5923641622066498,0.009400706749647722,0.004420175161942752,0.03143987924288017,0.005572689175934516,0.014762656763195992,0.003547225147485733,0.0013011100236326456,0.011045999825000763,0.024953998625278473
155,0.0006876074814438241,5.9919506978279365e-05,1.479779601097107,0.530074805021286,0.003908758780694933,0.0030265489037278226,0.019050024741226707,0.002561942206367041,0.014203481376171112,0.003709550481289625,0.0008115100208669901,0.0078050000593066216,0.01464799977838993
156,0.0009317569787795933,7.68506272337202e-05,0.7555665969848633,0.6578783467411995,0.005163829874498958,0.005122882725456659,0.03386419922046256,0.0058793601151506565,0.01128963939845562,0.0023999367840588093,0.0009131099795922637,0.008045000024139881,0.028220001608133316
157,0.0005737186136156188,5.656435782110385e-05,0.8461862206459045,0.6715614423155785,0.004226722563218214,0.0016895270621095867,0.011962970090211938,0.001462663560393103,0.013347039930522442,0.003533980343490839,0.0006117100128903985,0.006041999906301498,0.00977499969303608
158,0.0007725783835189317,6.814269182805891e-05,1.0665996074676514,0.6773392260074615,0.005856497578637176,0.003591619487182816,0.023082383588228454,0.0036902479431976543,0.013369107618927956,0.003512983676046133,0.000690509972628206,0.006314000114798546,0.01897599920630455
159,0.0009984004576767814,6.99942288667575e-05,1.2387588024139404,0.5785832703113556,0.002670523494510183,0.0023102310792472557,0.016733114550626375,0.002125204463037521,0.013511261902749538,0.003542626742273569,0.0010216099908575416,0.005923999939113855,0.013299000449478626
160,0.0008147968962392236,6.600484676330632e-05,1.2745400667190552,0.6138112843036652,0.0047252899547788624,0.0026666547582011443,0.019160030554789372,0.002548025617490594,0.015038527548313141,0.003659092355519533,0.0008597099804319441,0.006279999855905771,0.016276000067591667
161,0.0004316884804770636,6.460904826640672e-05,0.9441109299659729,0.7031168937683105,0.0023785759546711594,0.0031320850367960915,0.027061096521193647,0.0031910265592321463,0.013764888979494572,0.0032945359125733376,0.00040551001438871026,0.006314000114798546,0.024003000929951668
162,0.0009033461073812025,6.667132966876763e-05,0.9219406247138977,0.6001427620649338,0.005152995180239811,0.00115273278399862,0.008367647349186704,0.0009790110958974437,0.014953112229704857,0.0035109082236886024,0.0010119100334122777,0.005828999914228916,0.007833000272512436
163,0.0005010497368698199,5.914451379525953e-05,1.0962963104248047,0.6893982291221619,0.004814962053347289,0.0028816431299656066,0.01839999541081473,0.0026122221810103326,0.012901177629828453,0.0033563501201570034,0.0004893100121989846,0.006895000115036964,0.013607999309897423
164,0.0005579090863809174,5.891954595061452e-05,0.9920305013656616,0.687624916434288,0.00366732713048083,0.002241930539335108,0.015050503570662541,0.0019513694355151696,0.012701323255896568,0.0033442722633481026,0.0004482099902816117,0.005628999788314104,0.012684999965131283
165,0.0005295721207702499,6.10971256411411e-05,0.6202517747879028,0.617723286151886,0.011627952248740189,0.002564054457222336,0.014812616065527114,0.0024866419863561395,0.01401389017701149,0.003503939136862755,0.0003523699997458607,0.011636000126600266,0.012473000213503838
166,0.000576497279498558,5.9860537973357606e-05,0.8036074638366699,0.6713781356811523,0.005677025261207316,0.0019597279455270157,0.014403779750073991,0.0017659410915923362,0.014487775042653084,0.0035780598409473896,0.0005477099912241101,0.007215000223368406,0.012261999770998955
167,0.0004295964597503997,5.7062653654756736e-05,1.170092225074768,0.6902983486652374,0.0029135243337863152,0.00316980829398539,0.021036061404577307,0.0028277697807855082,0.01227000541985035,0.003248614724725485,0.0003489099908620119,0.006829999852925539,0.017007000744342804
168,0.0004390984585654222,7.015103040877214e-05,1.3398606777191162,0.6399424374103546,0.0010293859800333358,0.0038826740403460486,0.05769804378669245,0.006589406604649475,0.015447137877345085,0.0024548512883484364,0.00039552999078296125,0.00661499984562397,0.05569399893283844
169,0.0007964225549133058,6.641877654467448e-05,1.3406065702438354,0.5846473276615143,0.0005452637146455412,0.001867444997152805,0.02279103277461501,0.002395897125721736,0.011740532703697681,0.0023721265606582165,0.0007666100282222033,0.0061980001628398895,0.01842300035059452
170,0.00038259022477006696,5.70385549617937e-05,1.1061832904815674,0.6918281316757202,0.007465621167546946,0.0033949882561438854,0.022089885184027176,0.0033551684930991,0.014776834286749363,0.0036038230173289776,0.0003216699988115579,0.007290999870747328,0.02139199897646904
171,0.0006130415223925364,5.949838806962814e-05,0.8347420692443848,0.6608272194862366,0.006784903637930393,0.001920867666361399,0.013003525605092586,0.0017512787216466636,0.013679456897079945,0.0034879627637565136,0.0005457099759951234,0.005628999788314104,0.013957999646663666
172,0.00040219497104168855,5.676119370013374e-05,1.0807496309280396,0.6957316696643829,0.0029549235249014894,0.0032991164454002743,0.020831850535196237,0.0028681267943875995,0.012212129309773445,0.003315557725727558,0.0003618299961090088,0.00698000006377697,0.01634499989449978
173,0.0003941847215130792,5.399545579162546e-05,0.8510814905166626,0.6924586072564125,0.00832157617650957,0.0017289500702527276,0.010101823505808393,0.0014849610348953981,0.013906607404351234,0.003584092017263174,0.00033802000689320266,0.007720999885350466,0.011587000451982021
174,0.0010799736808146075,7.129767262413597e-05,1.3584952354431152,0.5509991943836212,0.006231100041170058,0.0028180759740565756,0.02094731523240032,0.0030199792841031185,0.014299563132226467,0.0036397846415638924,0.0011386099504306912,0.005907000042498112,0.020061999559402466
175,0.0006376468397851433,6.012023291394723e-05,0.9994421005249023,0.6709104031324387,0.005924158076070066,0.001640142634165673,0.011328309997022086,0.0014572043210051523,0.013769086450338364,0.0035421745851635933,0.0006144099752418697,0.006829000078141689,0.010575000196695328
176,0.0010825397575251366,7.507106851177407e-05,0.9242753982543945,0.647304117679596,0.009570762534292862,0.0034663623427301843,0.024325280320043614,0.004173816298068209,0.012760951183736324,0.0032134288921952248,0.001101010013371706,0.00938900001347065,0.02100300043821335
177,0.0005190184318982522,5.642198723750818e-05,1.2739808559417725,0.6334726810455322,0.00568885559666469,0.0025219345557832076,0.017055729265469735,0.0023373488709339018,0.014930211938917637,0.0035772686824202538,0.0004984100232832134,0.006845000199973583,0.013952000066637993
178,0.0002123056330465166,5.355133922898574e-05,1.05241858959198,0.7094980925321579,0.005437419106294455,0.0028699657562304562,0.017816652946123945,0.0025755996423661165,0.014217153191566467,0.0036718370392918587,0.00018986000213772058,0.006335000041872263,0.01705300062894821
179,0.0009470313898532996,5.718207294841502e-05,1.5600539445877075,0.4221712350845337,0.007899024685747661,0.0011885770949917672,0.007393206328875886,0.0009661543125031704,0.015211365185678005,0.0035477960482239723,0.0009724100236780941,0.006051999982446432,0.007577999960631132
180,0.0002607944767540983,5.4351286299498223e-05,1.0110986232757568,0.7082558125257492,0.003908627887455149,0.003369763889480494,0.019516296416632165,0.0028143018741604298,0.012946807779371738,0.003515124786645174,0.00018761999672278762,0.005828999914228916,0.017021000385284424
181,0.000511072769981528,5.7359912721404116e-05,1.1274844408035278,0.68230901658535,0.006784885014105639,0.0021033097804405198,0.015110803317657783,0.0019431628644891686,0.014760686084628105,0.003510895185172558,0.0004967100103385746,0.0061160000041127205,0.0144640002399683
182,0.0008946339486251311,6.840326669962601e-05,0.6523138284683228,0.5833054333925247,0.005595052485724653,0.0022366992424275537,0.016374446976428553,0.0021292344259100033,0.014280837029218674,0.0036062789149582386,0.0009225099929608405,0.007720999885350466,0.015456000342965126
183,0.0006740023981705922,7.382694916450332e-05,1.1797070503234863,0.6775985956192017,0.0055427653317566775,0.00525379773141885,0.034700484292435566,0.005573171915336048,0.0138192567974329,0.0036150706000626087,0.0006235099863260984,0.008898000232875347,0.03082899935543537
184,0.0008132832769716481,7.343866625179413e-05,1.3245149850845337,0.6115520596504211,0.0005297224464144129,0.003009087939538981,0.03346160301179108,0.0040063366718870955,0.012520639225840569,0.002932656090706587,0.0009448099881410599,0.00585100008174777,0.03181600198149681
185,0.0006611403523948572,5.73858832120737e-05,1.2901341915130615,0.608123779296875,0.007111537755152077,0.0013484391872063692,0.009368373356600634,0.0011642294113101154,0.01543521136045456,0.003465896937996149,0.0007252100040204823,0.006051999982446432,0.009103000164031982
186,0.0007925851739971711,6.294561360011247e-05,1.4519706964492798,0.5221891403198242,0.003828141865661149,0.0032726800601961636,0.020684588565690217,0.003017593418297472,0.012703745625913143,0.0034896391443908215,0.0007733100210316479,0.006215999834239483,0.014972999691963196
187,0.0016172953899317127,0.0001171916342013479,1.3907403945922852,0.5737946331501007,0.017608299083981174,0.010234265515955444,0.059484450338212404,0.016406462014404107,0.012533391825854778,0.00298118032515049,0.001737109967507422,0.01683500036597252,0.053999997675418854
188,0.0009799373281945013,6.946808371552355e-05,1.6546714305877686,0.38608062267303467,0.007348025330516324,0.004261591311062683,0.03506951363060643,0.00465183428895235,0.016210097819566727,0.0031057908199727535,0.0009479100117459893,0.00698000006377697,0.027893999591469765
189,0.0004905802585273702,6.04889962347052e-05,1.0165445804595947,0.6907313019037247,0.007165103424775821,0.00269685148235039,0.018437418001731258,0.0025732168306076223,0.014155651442706585,0.003565741702914238,0.0004735100083053112,0.00761700002476573,0.014922000467777252
190,0.0009788227609129137,7.8307759320363e-05,1.4553816318511963,0.5326827466487885,0.0012733430470270553,0.00363162040017948,0.049446919678081375,0.00578855509751779,0.014720465056598186,0.0025138859637081623,0.001013210043311119,0.00786499958485365,0.04138600081205368
191,0.0006348114180699169,7.498667459647658e-05,0.9200999140739441,0.7033278197050095,0.005459610198501655,0.005230737642049768,0.03746943825799528,0.005835836315866528,0.014256639406085014,0.003466592635959387,0.0006973100244067609,0.00661499984562397,0.03545999899506569
192,0.000386483770846658,5.7614026110382486e-05,0.9709693789482117,0.7027434855699539,0.0009956057729238767,0.0023803355128187887,0.020812663631171603,0.002252083680981752,0.011939986608922482,0.0031287563033401966,0.00027787001454271376,0.006587000098079443,0.014709999784827232
193,0.0007281914236711784,6.909392209784572e-05,0.45410457253456116,0.5115155391395092,0.00013708496702787953,0.0012355346575395666,0.027773886462478796,0.002193856771388782,0.01150412205606699,0.0015319706872105598,0.0006604099762625992,0.006051999982446432,0.022227000445127487
194,0.0006941526448764839,4.815762762040417e-05,1.7069814205169678,0.33355963230133057,0.0057460748729468505,0.0011475614483618872,0.00823845684243576,0.0009325015109852546,0.015086743980646133,0.003520948812365532,0.0008016100036911666,0.005628999788314104,0.00751699972897768
195,0.0005750382344787261,5.337516679606837e-05,1.507899522781372,0.5097804963588715,0.00810834481162689,0.0016234067852493286,0.010812464605831308,0.00143316634380331,0.015200018882751465,0.003447272814810276,0.0005032100016251206,0.006845000199973583,0.010799000039696693
196,0.0008887328605361565,7.368040625752454e-05,0.7335191369056702,0.6325131505727768,6.710657293861409e-05,0.0007946902703198185,0.03986734271706677,0.003318501925814045,0.014421248808503151,0.001674602273851633,0.0008992099901661277,0.006692999973893166,0.035211000591516495
197,0.0006406225762383807,6.242501410021856e-05,1.335363745689392,0.6205512285232544,0.001477088150076598,0.002808280804314911,0.02428321802359007,0.0030957019730719175,0.011572570540010929,0.002585281617939472,0.0006541099864989519,0.007191000040620565,0.021570999175310135
198,0.001546809791458496,0.00010589630466848984,1.2705509662628174,0.6024015247821808,0.003763364686459181,0.008859239007644506,0.14145053867140034,0.02391439803932758,0.016654763370752335,0.0020095743238925934,0.0016281099524348974,0.02202099934220314,0.11685000360012054
199,0.0004567589250848204,5.826134959363235e-05,1.0737802982330322,0.6897033303976059,0.004235012125553753,0.0031942163625139474,0.020439778440110374,0.0026886172225817923,0.014576232060790062,0.003693181090056896,0.000434109999332577,0.0065299998968839645,0.020179999992251396
200,0.0006741230332706524,6.749495698071383e-05,1.49190092086792,0.5384425520896912,0.00023475791879747245,0.0019269716037443626,0.05375221806572816,0.004743935504799533,0.016006292775273323,0.0018700435757637024,0.0007076099864207208,0.007348999846726656,0.04860600084066391
201,0.00082563002575209,6.61076849381002e-05,1.1228159666061401,0.6433100998401642,0.004645181394944877,0.002082738951129256,0.015715951508292792,0.002023771812342646,0.013355509378015995,0.003346152137964964,0.0009086100035347044,0.006314000114798546,0.014745999127626419
202,0.0010737456861590387,7.08100288762325e-05,1.1656391620635986,0.5898047685623169,0.005103040305716777,0.0019348950227917857,0.01570870157533683,0.0020161883538979434,0.014419661834836006,0.0035216938704252243,0.001098009990528226,0.006829000078141689,0.014671999961137772
203,0.0007023738693950384,6.56453165532969e-05,1.4682260751724243,0.541445404291153,0.0015336799811373997,0.0026947478538490357,0.024494649314461873,0.002899953182612292,0.012663465924561024,0.003128828015178442,0.0007231099880300462,0.008511999621987343,0.015536999329924583
204,0.0005548373118684202,6.837584451984752e-05,1.3066486120224,0.6366381049156189,0.00524671525308606,0.004723536643302717,0.03260378299792422,0.004776401208470211,0.014262422919273376,0.003614886663854122,0.0004763100005220622,0.006314000114798546,0.03207600116729736
205,0.0010511832879648909,7.12298274846585e-05,1.0853782892227173,0.6174296587705612,0.008955749673005069,0.0023907823494579536,0.0204607219576726,0.0027229347985334423,0.016253862529993057,0.0030449391342699528,0.001170509960502386,0.0078050000593066216,0.022506000474095345
206,0.0005653534557943578,5.837652367526798e-05,1.4456576108932495,0.5703033804893494,0.00874749700407958,0.0026145689969288206,0.017357990635368158,0.002466206528754752,0.0142314862459898,0.0036821789108216763,0.0006708099972456694,0.007234999909996986,0.015918999910354614
207,0.0004894219435731911,5.783788192147065e-05,1.4898202419281006,0.55087611079216,0.003998073262489922,0.0033140362100565575,0.021317887846308038,0.0029091259400616538,0.013069179840385914,0.0034936959855258465,0.00048041000263765454,0.006279999855905771,0.0193060003221035
208,0.0009415834866550372,6.798110083330476e-05,1.2199431657791138,0.5991084277629852,0.005495306286817695,0.0021053085170972662,0.018579964338687645,0.0021498817850644485,0.01562021765857935,0.0032271980307996273,0.0009850099449977279,0.007584999781101942,0.015831999480724335
209,0.0011331332836707658,0.0001028946045799297,0.9779292941093445,0.6897092759609222,0.0287108834058392,0.013278096891888979,0.06512779283400945,0.020126605337551822,0.014720400795340538,0.0034641707316040993,0.0011030100286006927,0.023729000240564346,0.06681700050830841
210,0.0008638784237342676,8.304069290198795e-05,1.1917732954025269,0.6775799840688705,0.0004979122978954287,0.0032768666755731844,0.050619772891197935,0.005880429974856768,0.013031307607889175,0.0022177291102707386,0.0009145099902525544,0.007559000048786402,0.04102399945259094
211,0.0008148863624384777,6.111507231415904e-05,1.4572919607162476,0.518176943063736,0.003660524514809261,0.0016533116232041328,0.012909497648905924,0.0014911819158827987,0.013663090765476227,0.003632042557001114,0.0008198100258596241,0.005903000012040138,0.008491000160574913
212,0.0006656504663649365,5.933006793712117e-05,1.4564095735549927,0.552858978509903,0.006364539202360049,0.002744080052163043,0.019416014411493036,0.0025760995499739796,0.01500000711530447,0.0036721164360642433,0.000739609997253865,0.006845000199973583,0.017967000603675842
213,0.0005488543750632139,6.1016978447903374e-05,1.305532455444336,0.6361676454544067,0.007969347033266494,0.0033378814490268804,0.024219652609505406,0.0034694165967178274,0.015841005370020866,0.003383112605661154,0.0004908100236207247,0.006940999999642372,0.023380998522043228
214,0.0009896083960330862,6.891578331054323e-05,1.0100548267364502,0.6178535521030426,0.006328107129418583,0.0018432312642494369,0.014299026086682381,0.0018712171786513885,0.014218762516975403,0.003483281470835209,0.0010768099455162883,0.007637999951839447,0.012752000242471695
215,0.0006039229595956342,5.916350260570943e-05,1.1060357093811035,0.6648234575986862,0.006154309386484416,0.0018047184928478496,0.01269301690432175,0.001613819017659444,0.01446637324988842,0.003635922446846962,0.0005492100026458502,0.006310999859124422,0.010068000294268131
216,0.0006209627488894892,6.445728845432713e-05,1.1205189228057861,0.6765333712100983,0.0034761716813888565,0.003421069724470823,0.023064308088597617,0.003233043950932629,0.01320168562233448,0.0036041676066815853,0.0005367100238800049,0.00661499984562397,0.02026500180363655
217,0.0004064573561811218,5.725758661112096e-05,0.5651732683181763,0.605186939239502,0.007413128947096682,0.00200069124278997,0.012761198558278902,0.0017860318549286188,0.01353446114808321,0.0035506123676896095,0.00035228999331593513,0.006845000199973583,0.013984999619424343
218,0.0007690593625878846,7.050117462076164e-05,1.3875453472137451,0.5910374522209167,0.002647199747008397,0.00354883860574298,0.030977946655053153,0.003970036619963244,0.01344552543014288,0.003270859830081463,0.0007287099724635482,0.0074800001457333565,0.026153000071644783
219,0.0007814238074610949,6.958839680572428e-05,1.046350121498108,0.6640578955411911,0.006652968258677033,0.003830298962814881,0.024175961251170944,0.0040896265875199015,0.013560974039137363,0.003589712083339691,0.000753209984395653,0.008603000082075596,0.02041799947619438
220,0.0009108925972691678,0.00010120392958852509,0.9839365482330322,0.6966884285211563,0.07745254660748185,0.019523877568703708,0.018860407881625484,0.02292133227561127,0.01444639079272747,0.003673889674246311,0.001025010016746819,0.0668879970908165,0.035127997398376465
221,0.002916524872554636,0.0004295312359634089,0.9030634164810181,0.6868638247251511,0.27403686497511953,0.17527167333564925,0.33685155086641766,0.3794734334530718,0.015683667734265327,0.0030289869755506516,0.003161109983921051,0.15097999572753906,0.3829540014266968
222,0.0008645075097287161,6.71458095622e-05,1.3831931352615356,0.5739486217498779,0.009312057286584303,0.0030091075098327754,0.023371312354865566,0.00322611655012936,0.0156928151845932,0.0033257347531616688,0.0007916099857538939,0.006845000199973583,0.027309000492095947
223,0.0007715043869204531,6.342208006147014e-05,1.0848274230957031,0.6423483937978745,0.005054141249545129,0.0019212711076081487,0.015000895365829731,0.0018090293033660278,0.014520218595862389,0.0034904293715953827,0.0008661099709570408,0.00661499984562397,0.01167299970984459
224,0.0008600138842546556,7.02219894908794e-05,1.085830569267273,0.6551992446184158,0.0002247372351269234,0.0017009378349854343,0.026583441909366134,0.0026238458779852033,0.01247423980385065,0.002254013903439045,0.0008428100263699889,0.006835999898612499,0.020083999261260033
225,0.0007772532279117473,6.124439035654235e-05,1.5250318050384521,0.4785498082637787,0.006651653546087661,0.0023225903825266994,0.018975969088774,0.0022482549661856973,0.015638254582881927,0.003318450879305601,0.0007919099880382419,0.007381000090390444,0.017340000718832016
226,0.0009494843318300781,7.652061097221721e-05,1.428480863571167,0.5626023709774017,0.0024097729642217056,0.004529129334083483,0.06407175391396984,0.00800516628442429,0.015980906784534454,0.0022977739572525024,0.0008820099756121635,0.00661499984562397,0.06128400191664696
227,0.0007315636034687971,6.944352649009217e-05,1.4377261400222778,0.5681590735912323,0.00041592929347814174,0.0024975152521932473,0.03257209069688571,0.003294063402236971,0.012808742001652718,0.002635335549712181,0.000738409988116473,0.006314000114798546,0.02849400043487549
228,0.0004067435179637045,6.2712982817212e-05,1.3258624076843262,0.6450386643409729,0.00017290156697179923,0.0015502430366856293,0.03723943467496335,0.002979082159565879,0.015196528285741806,0.002131940796971321,0.00035218000994063914,0.007946000434458256,0.03007800132036209
229,0.0005831095708447795,5.854624306435107e-05,1.0756547451019287,0.6725960075855255,0.005691470200741731,0.0017856703250685039,0.012697208969057181,0.0015982301074233098,0.013781782239675522,0.0033791731111705303,0.0006127100205048919,0.007290999870747328,0.011256000027060509
230,0.0006775672493554408,6.348197302881079e-05,1.2485072612762451,0.6370071470737457,0.00870884336946696,0.002739253028310158,0.020752240914683154,0.0028674961702497906,0.015552958473563194,0.003331204876303673,0.0007457099854946136,0.006829000078141689,0.02373499982059002
231,0.0008021276170355011,6.324481096261835e-05,0.6026449799537659,0.5720365792512894,0.005324218789039676,0.0016867538223472795,0.011927254058709015,0.0014968474849395477,0.013164026662707329,0.003394864499568939,0.0007972100283950567,0.005907000042498112,0.009359000250697136
232,0.0016989458942594095,0.00011400874335143398,1.5322778224945068,0.477052241563797,0.014965936659335544,0.00981912747869025,0.06585141785306482,0.015224267749208726,0.015225805342197418,0.00310312956571579,0.0019821100868284702,0.01948699913918972,0.04927600175142288
233,0.0009341452291034559,8.491040857673174e-05,1.1041852235794067,0.6629678755998611,0.0001286619418745395,0.0018250380368769023,0.05316446671229301,0.005636741963020945,0.01283807773143053,0.0017712041735649109,0.0007372099789790809,0.00673400005325675,0.04542599990963936
234,0.0010890357607747686,6.518777708049291e-05,1.557159423828125,0.4372829794883728,0.010437240286275089,0.002333201950125224,0.01802563645341007,0.0023702188531755392,0.015585346147418022,0.003332769498229027,0.0011845099506899714,0.007495000027120113,0.0192050002515316
235,0.0005012065489186826,6.927109572786748e-05,1.3344974517822266,0.648872047662735,0.00022783839625044138,0.0023602246660167497,0.03798328011908858,0.003571994607854498,0.013062288984656334,0.002358141355216503,0.000503910006955266,0.006314000114798546,0.03091299906373024
236,0.0007403002434941124,6.232564699145164e-05,1.3859084844589233,0.5859778225421906,0.0069142228937226725,0.00272336057413727,0.01949024656256323,0.0026757961486207973,0.014261970296502113,0.0036231009289622307,0.0008260100148618221,0.007381000090390444,0.017326999455690384
237,0.000523376111454973,5.862026511311476e-05,1.0414739847183228,0.6922959536314011,0.003923405672345943,0.0025940158726553897,0.01722966152248491,0.002248108959386947,0.01297060213983059,0.0033337604254484177,0.0004609099996741861,0.008469999767839909,0.010924000293016434
238,0.0007651467125465363,6.3426968064788e-05,1.174986481666565,0.6355544924736023,0.007224258184996901,0.0022884085690599693,0.016636937651434456,0.002244224047623652,0.013937714509665966,0.003449487965553999,0.0007983099785633385,0.006750999949872494,0.015017000027000904
239,0.0008234500394964066,6.83835610608667e-05,0.7459608316421509,0.645724318921566,0.00410867078069859,0.002958773111052471,0.01999735612762175,0.0027505608796487037,0.012872438877820969,0.0033726380206644535,0.000878610007930547,0.006895000115036964,0.016901999711990356
240,0.0007386220523282098,5.80092303418679e-05,1.4908370971679688,0.5053604245185852,0.007101347591956615,0.0018116700055972657,0.013453139264669938,0.0016422589043754805,0.015278810635209084,0.003502356354147196,0.0007611099863424897,0.007234999909996986,0.011485000140964985
241,0.0006480667778844654,7.120471420415719e-05,0.8366674780845642,0.6784090846776962,7.469934002977284e-05,0.0008334403725153064,0.04049132905495849,0.003212822014420403,0.014465760439634323,0.0018044309690594673,0.0006629099952988327,0.007559000048786402,0.03161799907684326
242,0.0005992333790775426,5.758312790489278e-05,1.3243539333343506,0.6123063564300537,0.007647507083539146,0.00191765743015239,0.013823631206669228,0.0017697835780704774,0.015129895880818367,0.0034552798606455326,0.0005343100056052208,0.006951000075787306,0.012010999955236912
243,0.0012158763523540633,9.21821027662868e-05,1.191637396812439,0.6391258835792542,0.022384035846396363,0.00860171619237886,0.055127786978959196,0.012987401202915569,0.01602698490023613,0.003224222920835018,0.001405009999871254,0.02080800011754036,0.06085199862718582
244,0.000959051221023681,6.780437324980674e-05,1.080151081085205,0.6355808675289154,0.009590549065240683,0.002217118277769491,0.014738740386778838,0.002189122603156628,0.0141279436647892,0.003502514213323593,0.0009663099772296846,0.006647000089287758,0.01752999983727932
245,0.0007268143485502217,8.234810536401541e-05,1.4129008054733276,0.5953474342823029,0.00646878157328711,0.006696708067739181,0.045211694850626725,0.008004929428011766,0.013345887884497643,0.003517931792885065,0.0006293099722824991,0.007805999834090471,0.04426199942827225
246,0.0008085670434172007,6.393819999158784e-05,0.9995794892311096,0.651189535856247,0.008586858657853401,0.0014383565241841987,0.008200026576268352,0.0012112358242398402,0.014429125934839249,0.0035880631767213345,0.0007755099795758724,0.006845000199973583,0.009108999744057655
247,0.0008732330436091966,6.732791998477586e-05,1.2260010242462158,0.631866842508316,0.010853216393507236,0.002625109671931164,0.0172581321301838,0.0027121346627426513,0.014262906275689602,0.0035849609412252903,0.0009239100036211312,0.005921000149101019,0.022533999755978584
248,0.00038024046838630284,5.7986059605242397e-05,0.8102436065673828,0.6932598575949669,0.0031227389811351912,0.0032070089010062803,0.020703532374858055,0.0028248149902711447,0.011860012076795101,0.002970276866108179,0.0003260000084992498,0.006895000115036964,0.015368999913334846
249,0.0004730977015147736,5.553403324288028e-05,1.0274673700332642,0.6889739334583282,0.003442684169012496,0.0022635291261465665,0.01434966475363215,0.0018494636457851285,0.013026580214500427,0.0034544686786830425,0.000435010006185621,0.00661499984562397,0.009649999439716339
250,0.0009635612531558058,6.546811449650077e-05,1.3926973342895508,0.5426021814346313,0.00654059238666782,0.0020084064078183263,0.015554349541998023,0.001973295272589816,0.015104176476597786,0.0035617072135210037,0.0011012100148946047,0.006845000199973583,0.012748999521136284
251,0.0006000296778541408,6.211631046539956e-05,1.525888204574585,0.5149118304252625,0.003023083572700604,0.003099625793073362,0.025331742560645142,0.0030597004441605073,0.014255708083510399,0.0033226939849555492,0.0006591100245714188,0.006647000089287758,0.021761000156402588
252,0.0005667789042020063,9.282492724775861e-05,1.1267344951629639,0.7022116929292679,0.000494481683787423,0.0052455365914689,0.07409998010777963,0.009951021779532089,0.012643575668334961,0.0022481544874608517,0.0005450100288726389,0.006647000089287758,0.07959999889135361
253,0.0006815317301984542,6.701041499473004e-05,1.0566387176513672,0.6838056594133377,0.01260088142015167,0.003549196239220026,0.02362584425643685,0.0038843822762604802,0.01499793492257595,0.003540167585015297,0.000642310013063252,0.008553000167012215,0.028186999261379242
254,0.002004742958595525,0.00011333631040746255,1.553358554840088,0.4287989139556885,0.010542589859513998,0.009181970489529241,0.08079229989713191,0.01552343164821944,0.01578741893172264,0.002674211747944355,0.002186910016462207,0.018641000613570213,0.055893998593091965
255,0.0005628663833077028,5.5650249984743e-05,1.1170778274536133,0.669452503323555,0.005939512244933472,0.0014987989035605154,0.010231848354882856,0.0012586261796010724,0.014901883900165558,0.00357609149068594,0.000606209971010685,0.006845000199973583,0.008727000094950199
256,0.0005703246101344192,7.677323929568595e-05,1.1980153322219849,0.682758092880249,0.000763828054528905,0.0037651747578844484,0.04385688169380278,0.005150939409936186,0.01299564354121685,0.002667034976184368,0.0004509100108407438,0.005907000042498112,0.04157000035047531
257,0.0004594584332048477,5.271511650036914e-05,1.1012282371520996,0.6849602609872818,0.0065961300166698135,0.0012665470018278662,0.00834444024820369,0.0010608534021739197,0.015669208019971848,0.0033775828778743744,0.00039281000499613583,0.006335000041872263,0.008251000195741653
258,0.0010455534446658693,6.693093252727262e-05,0.4243829846382141,0.4508938491344452,0.005419469965820335,0.0018314622909162603,0.01380174702772764,0.0016954992167818837,0.013268807902932167,0.0035450286231935024,0.0010494099697098136,0.006940999999642372,0.012501999735832214
259,0.0007073683344979273,6.811644485969244e-05,0.6719669699668884,0.6251613646745682,0.00010891499576081912,0.0010755502863480412,0.02437462016253758,0.0019676206563084015,0.011438382789492607,0.0015472550876438618,0.0007236099918372929,0.00673400005325675,0.019306998699903488
260,0.0011692524458682488,7.362824767227327e-05,1.1548198461532593,0.5564919710159302,0.004681020445565792,0.0014839845964616785,0.012427529120638325,0.0014524751816861721,0.015324383974075317,0.003419741988182068,0.001202109968289733,0.00661499984562397,0.008147000335156918
261,0.0007143039110393334,6.251946024701311e-05,1.2841688394546509,0.6241501271724701,0.002113278114869124,0.0028134125437373086,0.022440196432634195,0.0029093740647874802,0.011368661187589169,0.002505525015294552,0.0006711099995300174,0.006951000075787306,0.016572000458836555
262,0.0005809260039227776,6.73064005882968e-05,1.134886622428894,0.6709706783294678,0.004097964010945219,0.004048019004779777,0.02669739266781809,0.003954384313722919,0.013084695674479008,0.0034452127292752266,0.0005643100012093782,0.007584999781101942,0.020380999892950058
263,0.0007140812114384432,6.812366330819229e-05,1.2511351108551025,0.6367093026638031,0.0014820078886140545,0.0027839649639788094,0.026924204434917345,0.003066222189251639,0.012988781556487083,0.003246037755161524,0.0007983099785633385,0.006750999949872494,0.021671000868082047
264,0.0007035613280164349,6.364904818352389e-05,0.7593856453895569,0.6371767818927765,0.0024534848602331127,0.002042477353155513,0.01447418852354961,0.0016505459671873413,0.012989467941224575,0.003395646810531616,0.0006573100108653307,0.006246000062674284,0.010415000841021538
265,0.0010658945765998759,7.339560980263381e-05,0.7471458315849304,0.6285892054438591,0.01800781816761257,0.0037858643934961054,0.023002247509896857,0.004262832897423713,0.015216005966067314,0.0035427454859018326,0.0011581099824979901,0.018574999645352364,0.01839200034737587
266,0.001067292840231375,7.11390228543521e-05,1.207302212715149,0.5916216671466827,0.0011853180451100208,0.0021244785247125555,0.021277024816225322,0.00260668930548766,0.01109486073255539,0.0021407022140920162,0.0011778100160881877,0.006829000078141689,0.015769001096487045
267,0.0008111407892404647,6.265784406115255e-05,1.3475897312164307,0.5749001502990723,0.007064796166125834,0.0018248730725898429,0.01398857291054436,0.0017549747797690786,0.015400944277644157,0.0034320284612476826,0.0008515099762007594,0.006829999852925539,0.012532999739050865
268,0.0009577243092188771,7.184129479059499e-05,0.6016407012939453,0.5664494335651398,0.005830785205215942,0.0031416543022619106,0.021975100313135584,0.0032632027628925007,0.013122127391397953,0.0036033596843481064,0.001114309998229146,0.007594000082463026,0.020346999168395996
269,0.0008866213206961762,7.277914748919287e-05,1.0739470720291138,0.6650687903165817,0.0016146614768093694,0.0032495485873586683,0.03045161929464232,0.004237033285802607,0.011241261847317219,0.0021467735059559345,0.0008507100283168256,0.006738999858498573,0.02410700172185898
270,0.0006328339891588173,6.170099550635821e-05,1.0937564373016357,0.6737944185733795,0.004756297178046997,0.002813745504358713,0.018601881780376615,0.0025153278019629053,0.014343799091875553,0.003743802197277546,0.0006030100048519671,0.0061980001628398895,0.017363999038934708
271,0.0008875943538554894,6.794268844609596e-05,0.45312273502349854,0.4867890290915966,0.005435464263610586,0.0030433443458125686,0.020185888483910917,0.0030325612582167982,0.012615385465323925,0.0031340131536126137,0.0008182100136764348,0.006314000114798546,0.01927799917757511
272,0.0009574593574938799,6.83261180195754e-05,1.2896320819854736,0.5704358220100403,0.0034519347069611305,0.002318702614933068,0.0158600135687616,0.0020100104106584374,0.01425767969340086,0.003740997053682804,0.0010236100060865283,0.00661499984562397,0.009837999939918518
273,0.0009511835520513234,6.856789624793444e-05,1.0247021913528442,0.6254494488239288,0.0028279815642301394,0.0018882469024550559,0.013853499125243567,0.0016884698732479962,0.012524823658168316,0.003307525534182787,0.000912609975785017,0.006310999859124422,0.007834999822080135
274,0.0006665350243193423,5.95324042624576e-05,1.2812312841415405,0.6203663349151611,0.004902060488954972,0.0017455474036722884,0.01367863352298905,0.0015900294841503385,0.014806535094976425,0.003477964084595442,0.0006910099764354527,0.006051999982446432,0.0122060002759099
275,0.0008502055680349424,5.272176792029521e-05,1.5848324298858643,0.39667242765426636,0.005571573685775027,0.0006624737321888627,0.0034406549485949695,0.0004905337610241654,0.0158042274415493,0.0033687003888189793,0.0009357099770568311,0.006384999956935644,0.002185000106692314
276,0.0004759337478563911,8.244050998674839e-05,1.1522361040115356,0.7013638317584991,0.013579407056221963,0.011686069945399603,0.05611987036661438,0.014526724600354968,0.013670998625457287,0.0035155429504811764,0.0005144100286997855,0.023107999935746193,0.04278600215911865
277,0.0010631922567283843,6.950284629381165e-05,0.8796956539154053,0.5937329530715942,0.008353708017365277,0.0017126885995969949,0.01264691212326407,0.0016608930067085175,0.01563609205186367,0.003380530048161745,0.0010526099940761924,0.007805999834090471,0.011144999414682388
278,0.0009294059574620798,6.555997074702207e-05,1.2533025741577148,0.5870777070522308,0.008665692386172708,0.001600131044112513,0.011507586653918402,0.0014895833878758834,0.015736663714051247,0.003265121951699257,0.0009012100053951144,0.008062000386416912,0.009886999614536762
279,0.0007843752092589024,7.121026885188503e-05,0.841886043548584,0.6626269370317459,6.413851384621695e-05,0.0007117541141228361,0.02815853103235502,0.0022595661337345176,0.01309381052851677,0.001729693729430437,0.0008490100153721869,0.006738999858498573,0.02267099916934967
280,0.0006721928768988474,6.424483314213935e-05,1.4457483291625977,0.5609103441238403,0.007070503633815004,0.0035037108365182403,0.025095741312315976,0.003553208974839052,0.014970851130783558,0.0036485008895397186,0.0006650100112892687,0.007325999904423952,0.02624800056219101
281,0.0006100046654252765,6.391221895179404e-05,1.5304903984069824,0.5174671709537506,0.006773496817055968,0.004465595015945202,0.02661664882703403,0.004253512713987859,0.014710706658661366,0.003713451325893402,0.0005324099911376834,0.006951000075787306,0.02731800079345703
282,0.0008872659941428027,5.4560862126171986e-05,1.7017672061920166,0.3344413638114929,0.007560014605030308,0.0015164359425078205,0.014712507621242635,0.0014861352924730254,0.016909077763557434,0.002684224396944046,0.0009086100035347044,0.00802099984139204,0.010953000746667385
283,0.0006650685937556677,6.759638666046613e-05,0.9569492340087891,0.6927872449159622,0.0009271657152245507,0.0026917074247821498,0.02758369045160789,0.003161045500984264,0.011764089576900005,0.002549409866333008,0.0006043100147508085,0.006982999853789806,0.019938999786973
284,0.0007027545484194654,5.930444058533925e-05,1.4981521368026733,0.5109830796718597,0.004595381457662727,0.002311461405310503,0.016023036272235804,0.002066290115410912,0.014664087444543839,0.003724084235727787,0.0007110100123099983,0.0065299998968839645,0.013253999873995781
285,0.0006749228789792122,6.634221153892748e-05,1.3965588808059692,0.5925791561603546,0.00025276787761337644,0.0018189304494189405,0.04930312322866298,0.004295721215104627,0.01623094081878662,0.001919302623718977,0.0007315099937841296,0.00673400005325675,0.04260699823498726
286,0.0008077192213466569,6.629982922242377e-05,1.2548227310180664,0.6249546110630035,0.0047006535229497885,0.0028425258840605876,0.02019625801148217,0.0028779671687038516,0.013164217583835125,0.003612586297094822,0.0008290099794976413,0.006692999973893166,0.0172870010137558
287,0.002411486748148298,0.00010125388817307842,1.266584873199463,0.5375629365444183,0.046245231461881725,0.008629855220267699,0.04956089832895716,0.013051324219380739,0.016096532344818115,0.0030059730634093285,0.002662210026755929,0.03187600150704384,0.06269299983978271
288,0.0007474651454947439,6.386324044910469e-05,1.0687499046325684,0.6656842827796936,0.004814158553132145,0.002239086849719895,0.01618721923966972,0.002162232341721632,0.013460785150527954,0.0033524627797305584,0.0007015099981799722,0.007559000048786402,0.010831999592483044
289,0.00041215069631148456,6.476719981676811e-05,1.194581151008606,0.6747423708438873,0.009410791179961346,0.005679950783323942,0.03193730967289735,0.005999311702215697,0.014993259683251381,0.0035961936227977276,0.0004558099899441004,0.00698000006377697,0.036288000643253326
290,0.0006531647023184997,5.675725320657577e-05,1.3169074058532715,0.6007367074489594,0.006149068052595827,0.0013195459375311093,0.00980943839442017,0.00113488460051494,0.015572842210531235,0.003344298806041479,0.0006483100005425513,0.006314000114798546,0.009480999782681465
291,0.000624842963591691,5.9189195090196024e-05,1.1907398700714111,0.6449091285467148,0.00937350237184392,0.002084265017598714,0.01366888994498782,0.0019432390024065925,0.014730000868439674,0.0035120490938425064,0.0006566100055351853,0.008255000226199627,0.013338999822735786
292,0.0006300472928743605,5.8262615936939316e-05,1.031752109527588,0.6607687175273895,0.006423457007528683,0.0013527435711404574,0.009359731892851615,0.0011503499531218663,0.015101434662938118,0.0035347449593245983,0.000574910023715347,0.006314000114798546,0.006266999989748001
293,0.00032699879775127807,5.431242561052365e-05,1.4221327304840088,0.6074684262275696,0.0009524501585931646,0.0021020443328493604,0.022539702980441938,0.0020387491506288526,0.013866333290934563,0.0030446546152234077,0.0002786499971989542,0.007559000048786402,0.014495999552309513
294,0.0006502631332249859,5.6168416689255144e-05,1.6657711267471313,0.3831847906112671,0.002370743701454435,0.0023463131847499333,0.01795257654775437,0.0019515355103246774,0.013635235838592052,0.0035354732535779476,0.000754109991248697,0.005903000012040138,0.012942999601364136
295,0.0007439726963191117,7.198452051471285e-05,0.7480838894844055,0.6598933190107346,0.0031188584632094647,0.004276119576362569,0.03195279498928582,0.004894582837954789,0.011397561989724636,0.0025017247535288334,0.0006895100232213736,0.00698000006377697,0.02826100029051304
296,0.0010988318138811834,7.105798801664573e-05,1.1834383010864258,0.5923406779766083,0.007749120677529202,0.002140273160336258,0.017848249008330593,0.0023124140280971484,0.01608901470899582,0.0033488846383988857,0.0011722099734470248,0.00661499984562397,0.018410000950098038
297,0.0012431715400684057,8.831194612044489e-05,0.5830046534538269,0.5555239394307137,8.264794063536224e-05,0.0010395678368879866,0.07290982479504651,0.006992052318408576,0.014975011348724365,0.0016127913258969784,0.0012502099853008986,0.00673400005325675,0.06954199820756912
298,0.0007825434024467395,8.292176633723983e-05,1.5005017518997192,0.5315690040588379,0.0045564594544875965,0.0071915208949390385,0.07498818591474739,0.011854936213592245,0.015422413125634193,0.0026243263855576515,0.0007888100226409733,0.014659999869763851,0.059248000383377075
299,0.0005057449676266232,5.825721158782428e-05,0.9218573570251465,0.6939381659030914,0.006481258392412602,0.0019654224564672265,0.013858842865516115,0.0017618649053488047,0.01449431013315916,0.0035843634977936745,0.00045401000534184277,0.005752999801188707,0.01319000031799078
300,0.0005909641635522732,5.738392894531503e-05,1.0868809223175049,0.6757270693778992,0.0074524357524405685,0.001499682829739835,0.00942263985504948,0.0012861951028699707,0.014533440582454205,0.003490133211016655,0.0005785099929198623,0.006314000114798546,0.010351000353693962
301,0.0009371135576674228,6.379699156088816e-05,1.4750938415527344,0.4912697374820709,0.005661544597383142,0.001815086049641157,0.015510465537654963,0.0017510863121193631,0.015460720285773277,0.003298370633274317,0.0010328099597245455,0.00661499984562397,0.012992000207304955
302,0.000855196126897617,6.959033783612617e-05,1.2338175773620605,0.6154676377773285,0.004928569555919502,0.003569749431585114,0.02368576412592763,0.003510673106350058,0.014033805578947067,0.0035353475250303745,0.0010387100046500564,0.006314000114798546,0.022185001522302628
303,0.0006375547820273986,6.232093107320593e-05,0.8184090256690979,0.6697545945644379,0.0023454330756712857,0.002684520764453306,0.018635755297141846,0.002320762124587353,0.011822438798844814,0.003114155028015375,0.00043770999764092267,0.00661499984562397,0.013717000372707844
304,0.001161269611978148,7.815144961281794e-05,1.4738938808441162,0.5059710741043091,0.0039338399340688905,0.0039737027010683336,0.028401731793600594,0.0043517398906443155,0.01286327838897705,0.003521716222167015,0.00108561001252383,0.008062000386416912,0.022216999903321266
305,0.0005265965207600466,5.916528131656487e-05,0.5011711716651917,0.5577467307448387,0.00601261593086116,0.002204920298128834,0.014814828084663521,0.002014798690407274,0.012167798355221748,0.0028998437337577343,0.0004509100108407438,0.007290999870747328,0.013825999572873116
306,0.0009061737855614205,7.352726398284274e-05,1.5873336791992188,0.45059892535209656,0.0012539409690449932,0.0031049571385036827,0.036611555683155425,0.00396552168439852,0.013945966958999634,0.0027714744210243225,0.0009387099999003112,0.006314000114798546,0.028615999966859818
307,0.0007268303089599524,6.594925723217327e-05,1.230340600013733,0.6402164995670319,6.225738623274054e-05,0.0005823138603288729,0.024143758067472636,0.0018747646273083122,0.012316497974097729,0.001596162561327219,0.0007730100187472999,0.006314000114798546,0.018396999686956406
308,0.0005322032920144294,5.80878790666822e-05,0.6227588057518005,0.6241877228021622,0.00625064597496029,0.0018528517618868947,0.012525329754276582,0.0016511358261349458,0.013593550771474838,0.0035188826732337475,0.0005200100131332874,0.006041999906301498,0.011479999870061874
309,0.0015565761846998195,9.954124480924338e-05,1.0515682697296143,0.6535971462726593,0.03747417992852366,0.01013468665782609,0.05339033542771257,0.014909293250503566,0.014985613524913788,0.0033095101825892925,0.0017140100244432688,0.03379200026392937,0.04401800036430359
310,0.0011824628992338573,7.073816471211893e-05,1.4280815124511719,0.4889129400253296,0.004527187439039552,0.002469342889776546,0.018814295994998627,0.0024825014905159974,0.015603085048496723,0.0037160729989409447,0.0011222099419683218,0.00661499984562397,0.01600399985909462
311,0.0003984693893124053,7.229098624966551e-05,1.208650827407837,0.6781506985425949,0.006890801039198436,0.006660280770775363,0.04049944341348223,0.0073390410094217075,0.013511969707906246,0.00352390855550766,0.0003503299958538264,0.006314000114798546,0.041798997670412064
312,0.00048423902430396885,6.102497604480302e-05,0.9048263430595398,0.69276362657547,0.008114806237847211,0.003428556412161616,0.020910187096517558,0.0034109208736437056,0.013363167643547058,0.003407241776585579,0.0005300099728628993,0.006314000114798546,0.023256998509168625
313,0.0009470854610392821,6.251088051402779e-05,1.4920868873596191,0.47332796454429626,0.007269871386245779,0.0018439205525342347,0.013463397929451002,0.0017174289983774146,0.014777791686356068,0.0034962152130901814,0.001143909990787506,0.008836999535560608,0.010893000289797783
314,0.0004648694220340517,4.935156544772377e-05,1.250650405883789,0.6305419504642487,0.0016200563289977378,0.0008548857740814817,0.005968665455638989,0.000563085743693082,0.015323687344789505,0.0036977692507207394,0.00040861000888980925,0.001623000018298626,0.005301999859511852
315,0.0004558911486863599,5.192451336871661e-05,1.1520745754241943,0.6746209561824799,0.0004762947091232957,0.001153733707002718,0.01079045625108745,0.0009468806911289906,0.01181380171328783,0.0029553533531725407,0.00039954998646862805,0.0027020000852644444,0.009077999740839005
316,0.0005864653517214297,4.955795197491246e-05,1.5397026538848877,0.47647127509117126,0.004092404286475153,0.0009233792555032724,0.006683883881546018,0.0007050892901795157,0.015654118731617928,0.0034849937073886395,0.0005483099957928061,0.0029299999587237835,0.006396000273525715
317,0.0003384522339707714,4.6695960549287705e-05,1.3100422620773315,0.6391423642635345,0.002670101302176326,0.0014647465976746757,0.009918797120237459,0.0011110010066330018,0.013794799335300922,0.003554948605597019,0.000348620000295341,0.00406600022688508,0.00812199991196394
318,0.0004919454437223171,5.4373201229567436e-05,0.8870177268981934,0.6733906120061874,0.0034708952979303582,0.0009821375092876775,0.007234179908242205,0.0007507177847269051,0.014671357348561287,0.003634992055594921,0.0004441099881660193,0.005032000131905079,0.004827000200748444
319,0.000653978095049012,5.9548362963860824e-05,0.8368940353393555,0.6551453694701195,0.00565981677446723,0.0012343490616702158,0.008199243327807632,0.0009979545982223494,0.014693770557641983,0.0036768424324691296,0.000662109989207238,0.005828999914228916,0.0075990003533661366
320,0.0010604176129830874,8.008438778125862e-05,1.1210097074508667,0.6390525251626968,0.00796637258529976,0.004651243260034093,0.030652115073842096,0.005479563548525612,0.014427943155169487,0.0036364574916660786,0.0011763100046664476,0.010770999826490879,0.027653001248836517
321,0.0006865253376847914,6.090698086347736e-05,1.0393996238708496,0.6635044664144516,0.0051482024478644375,0.002013817340307843,0.014694281373225117,0.0018577800263022432,0.014071479439735413,0.00352233974263072,0.0005309099797159433,0.00661499984562397,0.011668000370264053
322,0.0005876161885707315,6.294224470694516e-05,0.627601146697998,0.61897823959589,0.006208666237852491,0.002587726304437333,0.01815451641159518,0.0025138057916137702,0.01315779983997345,0.003289903048425913,0.0005449100281111896,0.007569999899715185,0.017558999359607697
323,0.0011828920635126386,8.14870609733789e-05,0.9609999656677246,0.6489964127540588,0.0042228748015916825,0.004316192708530906,0.03166673722278562,0.00549701706620157,0.012971988879144192,0.003313567955046892,0.0011561099672690034,0.008511999621987343,0.028946001082658768
324,0.0006430241746592718,5.732204628285532e-05,1.651781439781189,0.39377421140670776,0.005591238900157526,0.002751702689775007,0.021695873693018203,0.0025845866494564815,0.01649663783609867,0.003357835579663515,0.0006902100285515189,0.009424000047147274,0.01609399914741516
325,0.0011083757942908132,7.029725860121323e-05,1.2359468936920166,0.5773464143276215,0.010917036757408093,0.0022206368569792165,0.016708999980978505,0.002374180083438116,0.01583324745297432,0.0032166610471904278,0.0012708100257441401,0.011377999559044838,0.01536799967288971
326,0.0007810416750138556,8.511672077276416e-05,1.3629778623580933,0.6129651963710785,0.0024940350995664913,0.006459788687008615,0.052802178297215153,0.009011681515019132,0.012690519914031029,0.0029941019602119923,0.0007406100048683584,0.013810000382363796,0.04155299812555313
327,0.0012633547183956168,7.915379596037443e-05,1.2343800067901611,0.5945469439029694,0.013152297593403299,0.004255148693209701,0.03599289968329332,0.005849637878178941,0.01608472317457199,0.003036731854081154,0.0015053099486976862,0.01750200055539608,0.027685999870300293
328,0.0014065817801144386,8.179716058480434e-05,0.5344657897949219,0.5317857414484024,0.0314704008076631,0.006019644769800849,0.026097944728877265,0.0071117452302682585,0.01368129812180996,0.0034930799156427383,0.0015141100157052279,0.02459299936890602,0.03019299916923046
329,0.0016400176363566032,0.00011663224564554436,0.674330472946167,0.613014280796051,0.008854932968351817,0.015463743943635207,0.160366323385776,0.03954452600077613,0.016255199909210205,0.0021469159983098507,0.001954510109499097,0.025614000856876373,0.11247499287128448
330,0.00046704423431429183,9.465801950348968e-05,1.0306531190872192,0.7102098166942596,0.03195223366891857,0.024167507834369408,0.06746335660321445,0.031099627901501756,0.013094516471028328,0.0034584859386086464,0.000614809978287667,0.03788600116968155,0.06155399978160858
331,0.0019814701468536837,0.00014227850118354846,0.8361873626708984,0.6729590073227882,0.004375418338880366,0.009477632967367866,0.09146726287522718,0.021884753499361885,0.012172747403383255,0.0021593268029391766,0.0022265100851655006,0.021090000867843628,0.08633799850940704
332,0.0008793869404777377,6.688864549270337e-05,1.1611199378967285,0.6237677484750748,0.007119143073133949,0.0023284335677601605,0.01685327595217598,0.0023017961825185394,0.01472160592675209,0.0036030770279467106,0.0008590099751017988,0.00802099984139204,0.015564000234007835
333,0.0020965285369903015,0.00014599503070938198,0.5801566243171692,0.582521378993988,0.05605448635060501,0.039484195058811705,0.16422959404141013,0.07792060893776695,0.015834899619221687,0.00255424901843071,0.002714910078793764,0.07080300152301788,0.12946000695228577
334,0.004092685126646431,0.00024801210500349563,0.6205430030822754,0.5236395373940468,0.16598808656046848,0.02936832859565465,0.04598956348637011,0.05189187350060253,0.0148294223472476,0.003433635924011469,0.004706710111349821,0.08022399991750717,0.15051600337028503
335,0.0035534375659267573,0.00022846896122724614,0.8092316389083862,0.6300788894295692,0.0033981971356895845,0.03462018225059503,0.5209474953909746,0.13490813881212663,0.01672174781560898,0.0014603426679968834,0.004393110051751137,0.10181000083684921,0.29987800121307373
336,0.0018367750324540164,0.0002416503780010656,1.049112319946289,0.6939527541399002,0.09297442978186123,0.10062315085519001,0.5636216652640555,0.31956644970050363,0.017400097101926804,0.00221906416118145,0.0018871099455282092,0.11653999984264374,0.1934180110692978
337,0.002369903088844406,0.0002084561709613155,1.0190212726593018,0.6901050359010696,0.0025148093473392136,0.04271111116987515,0.7220053253868314,0.19946980898898226,0.017659319564700127,0.0016872966662049294,0.0025210101157426834,0.12991000711917877,0.26215797662734985
338,0.0002653160442729016,3.844021884293725e-05,1.3787449598312378,0.6202844381332397,0.001895865284194982,0.0004973106382916961,0.002973627940107832,0.00034775958374459086,0.015035231597721577,0.003556705079972744,0.0001242199941771105,0.001623000018298626,0.0021329999435693026
339,0.0004333948393546364,4.5965177841432496e-05,1.6911848783493042,0.3668994903564453,0.00034449036990288624,0.0010658650556415732,0.01216416472232841,0.0008971143608926474,0.012916143983602524,0.003079162910580635,0.0003533400013111532,0.001979999942705035,0.010763999074697495
340,0.00046373107887173493,5.448612476274508e-05,0.9215929508209229,0.6891555935144424,0.0044914657869241,0.0014575855148960184,0.01080843197056508,0.0012069560241423092,0.015123154036700726,0.0035535148344933987,0.00033799000084400177,0.004025000147521496,0.009437000378966331
341,0.0007332084490426928,6.0248721398138325e-05,1.3847078084945679,0.570144534111023,0.004561637793178456,0.002183907914328662,0.016609564769751034,0.001992777293345095,0.015075122006237507,0.0036823218688368797,0.0007265100139193237,0.005140000022947788,0.01577099971473217
342,0.0010793134111351205,7.195424527405838e-05,1.2160265445709229,0.606134831905365,0.006461945527279957,0.003201690942418486,0.022650273580777626,0.0035930918150304005,0.013600996695458889,0.0036809709854424,0.0011441099923104048,0.008469999767839909,0.018410000950098038
343,0.002235272243318795,0.00013477858623944794,1.2981786727905273,0.5927760899066925,0.06724224464182768,0.01841160746771267,0.08450311729790977,0.03021699129141919,0.01551794819533825,0.003104211762547493,0.002507210010662675,0.03380800038576126,0.12551100552082062
344,0.000949750205028956,6.541878478784731e-05,1.5043656826019287,0.4762447476387024,0.006700714155467497,0.002514368213174507,0.019406093431550087,0.00256727083909113,0.015257531777024269,0.0035055982880294323,0.0009819100378081203,0.009158999659121037,0.01575300097465515
345,0.0011301432297918359,7.270649846182929e-05,1.2207884788513184,0.5906825661659241,0.007937164032250596,0.0025615167291954876,0.021844008766096826,0.0029202957303095228,0.01566818542778492,0.003191937692463398,0.001267510000616312,0.010122999548912048,0.017462000250816345
346,0.0008504109606661742,6.883027438055823e-05,0.8631981611251831,0.653665229678154,0.013145541094903344,0.003477846921279968,0.02240966560947894,0.003939854667032611,0.014715537428855896,0.0033102240413427353,0.0008523099822923541,0.011838000267744064,0.023065000772476196
347,0.0011770581540071997,8.695023881888787e-05,1.139085292816162,0.6348384320735931,0.007879171622629072,0.004917277592965003,0.03375676681095139,0.006262502260292556,0.013654399663209915,0.003599379677325487,0.0013285099994391203,0.012741000391542912,0.025906000286340714
348,0.001162571504640568,9.53072304477004e-05,0.7802736163139343,0.6637293100357056,0.016439387752229424,0.008948983298291977,0.048679459014977854,0.012498769478898181,0.013881223276257515,0.0034651909954845905,0.001363310031592846,0.02459299936890602,0.03878900036215782
349,0.0016447575356383173,9.687998515487968e-05,1.0997071266174316,0.6269491165876389,0.02588661876610482,0.007332969614113862,0.04583423983777449,0.011242489374673838,0.014406068250536919,0.0033694948069751263,0.0018046100158244371,0.0253090001642704,0.04261799901723862
350,0.003935170470026982,0.00020440801802729504,1.2028783559799194,0.5840789973735809,0.08145243085713741,0.03563890068488443,0.24687810704820157,0.08564511867305451,0.017052607610821724,0.0019313329830765724,0.0044530099257826805,0.08260100334882736,0.16508899629116058
351,0.003957628251349246,0.00023875823592775188,0.9426793456077576,0.6281410902738571,0.0697314556068549,0.06125811942332889,0.5644909250128591,0.21354263877225102,0.018171420320868492,0.0013520009815692902,0.0044471099972724915,0.13242000341415405,0.1798730045557022
352,0.000537063661376232,5.840000697725922e-05,0.9221464991569519,0.6739402264356613,0.002292176674816286,0.001991489708929623,0.013644272969873758,0.001462340087986902,0.014092084020376205,0.003868867177516222,0.0004677099932450801,0.0021989999804645777,0.012761999852955341
353,0.00026499885623768087,4.292349984168952e-05,1.0732733011245728,0.7042593508958817,0.0017405200304658284,0.0007964261955967429,0.005191070527722773,0.0005693829890506055,0.013102898374199867,0.0032578292302787304,0.00018730999727267772,0.0025480000767856836,0.003421999979764223
354,0.0019578375652313565,0.00010586709993798545,0.9326473474502563,0.6481650322675705,0.0218711753146952,0.007434707613991642,0.04745694860187648,0.01295432688317066,0.01180201768875122,0.0027519422583281994,0.0024039100389927626,0.02459299936890602,0.04917299747467041
355,0.0003173906046004133,4.635781767142378e-05,1.1031134128570557,0.6974648386240005,0.0026235697934370783,0.0009980702224815473,0.00733208851558893,0.0007326270249048738,0.015090569853782654,0.003601638600230217,0.00019966000400017947,0.003003000048920512,0.005477000027894974
356,0.0005657014845176472,5.64271906219921e-05,1.0816187858581543,0.6763945519924164,0.0052717791330630604,0.0013950535719539632,0.010334628336605934,0.0012013572903876429,0.01516982726752758,0.003485221415758133,0.0005436100182123482,0.0048859999515116215,0.009376000612974167
357,0.0008541559123041012,6.51231445283236e-05,0.9197505712509155,0.6439643800258636,0.005136799848730669,0.0016208081611503798,0.011766756774327569,0.001502653217060104,0.012858360074460506,0.0032704086042940617,0.0009790100157260895,0.006279999855905771,0.010015999898314476
358,0.0008331065521334506,7.315618535638367e-05,1.382643222808838,0.5825938582420349,0.000415961946875777,0.002652176893636309,0.0356194134636939,0.0038961945603497236,0.012973448261618614,0.0025488813407719135,0.0008685099892318249,0.006845000199973583,0.03303400054574013
359,0.001082874395444088,7.465621482194711e-05,1.4935624599456787,0.4948751926422119,0.008448117746729471,0.004075595298849426,0.032158857798848764,0.004858459061089126,0.015386370010674,0.00329572893679142,0.001295309979468584,0.008255000226199627,0.02780500054359436
360,0.0006889125415815499,6.413632736675757e-05,1.4263728857040405,0.5767777264118195,0.008779316439229003,0.00398680643309122,0.026745156287625676,0.004239740776111394,0.015346555970609188,0.003548670094460249,0.0007245099986903369,0.009336000308394432,0.026305999606847763
361,0.0005470410829912746,5.6773524476899716e-05,1.1268647909164429,0.6796185672283173,0.0075758271215451535,0.0019090144782256905,0.012989987044100036,0.0017265251030077642,0.014660753309726715,0.0035718590952455997,0.0005615099798887968,0.010122999548912048,0.00919399969279766
362,0.001236045164355138,9.213762139546921e-05,1.2766607999801636,0.6269618570804596,0.0010730479876701507,0.0043256422417318995,0.04878007182624257,0.007308822897603404,0.012194895185530186,0.0026011248119175434,0.0013110099826008081,0.01184799987822771,0.03415600210428238
363,0.0012515263688634498,7.573074661248373e-05,0.40143364667892456,0.4456406198441982,0.013438247283345747,0.0037727464694633974,0.024548510090342136,0.00425797836044303,0.012617312371730804,0.003164845984429121,0.0012979099992662668,0.01321799959987402,0.02880699932575226
364,0.00042494489364073245,6.578966863630381e-05,0.7259131669998169,0.6671413108706474,0.013792831932056384,0.004696309949224657,0.024224466269582235,0.004942074384480497,0.012726151384413242,0.0033860518597066402,0.0004315100086387247,0.014510000124573708,0.025852998718619347
365,0.00193175732651075,7.50096131154858e-05,1.5842609405517578,0.35125184059143066,0.01212369750252996,0.0024181522560117437,0.02829071631143518,0.0033345631948782026,0.017113368958234787,0.002412525936961174,0.00225471006706357,0.018185999244451523,0.018410999327898026
366,0.0016101302864460945,7.773050659120575e-05,1.2817438840866089,0.5367828905582428,0.017797375311016543,0.003115088348172739,0.019969080007806353,0.0037424592945293246,0.01451265998184681,0.0035970942117273808,0.001914010033942759,0.01760300062596798,0.01811699941754341
367,0.0016328379180472227,8.892754279784187e-05,0.8407760858535767,0.6216156333684921,0.020043357920398387,0.005814715345435319,0.03538772813123354,0.008660984464939153,0.012572282925248146,0.0032151569612324238,0.0019221099792048335,0.023405000567436218,0.03507100045681
368,0.0022656653390954002,0.00016688179234519685,0.8632393479347229,0.6743151396512985,0.02324678662322094,0.03773632283427657,0.3506027608814423,0.11468055374116097,0.016469717025756836,0.0019257571548223495,0.0028048099484294653,0.07982999831438065,0.19668300449848175
369,0.004825157518773922,0.0002878140320337341,0.6060913801193237,0.535807341337204,0.11188567359076988,0.07583090352063271,0.32622761241280707,0.1715534943629197,0.016366183757781982,0.0019370745867490768,0.005739610176533461,0.10181000083684921,0.2739189863204956
370,0.00446146736222043,0.00018981558072872452,1.6784543991088867,0.32515835762023926,0.0528798343222967,0.041460359932290546,0.7420178391555933,0.15501348944726256,0.01956048421561718,0.0004928195849061012,0.005098110064864159,0.12991000711917877,0.2720400094985962
371,0.0004063636496210304,4.833008910646477e-05,1.0425680875778198,0.6835110634565353,0.0017337786261698916,0.000617773498363109,0.004220346326442185,0.0004352081070850102,0.0143716000020504,0.003593352623283863,0.0003306900034658611,0.0025160000659525394,0.0030499999411404133
372,0.0004910081224496078,5.1337817215013555e-05,1.220016598701477,0.6414215415716171,0.0038059863302385465,0.0008083326185426036,0.0051854964853289085,0.0006034259892207408,0.015227741561830044,0.0036055929958820343,0.000397080002585426,0.004025000147521496,0.003734000027179718
373,0.0006041474546100547,5.709433237905846e-05,1.124593734741211,0.658473014831543,0.004658310014547529,0.001013089180360797,0.007115630413806618,0.0008110788001696474,0.015521354973316193,0.003495066426694393,0.00044790998799726367,0.004689000081270933,0.005722000263631344
374,0.0006887851004546214,5.546510096579268e-05,1.5247143507003784,0.5010316371917725,0.00708923362859831,0.00165658818154522,0.012275726206825358,0.0014851275294828223,0.015476725064218044,0.0033419132232666016,0.0006758099771104753,0.005828999914228916,0.012845000252127647
375,0.000865816487735793,6.705537359278811e-05,0.843410849571228,0.6360547989606857,0.0067222276816867816,0.0015791488802682102,0.011433919075537518,0.0014498125157530002,0.014720694161951542,0.003355164546519518,0.0007378099835477769,0.007584999781101942,0.009576000273227692
376,0.0036155202262245618,0.000263962888138562,1.2048338651657104,0.6351495981216431,0.14448732001730216,0.041033700002561894,0.06597098742024503,0.053727081088124504,0.014354359358549118,0.003639788832515478,0.003961110021919012,0.07462800294160843,0.11591999232769012
377,0.0008271620828643115,6.695141158371344e-05,1.3807289600372314,0.5825696587562561,0.006792674229855967,0.0033800333770369288,0.022084186283540936,0.003531030985148372,0.013033702969551086,0.0033851689659059048,0.0008572100196033716,0.008578999899327755,0.017249999567866325
378,0.0007604691157163162,7.149362984280958e-05,1.0070477724075317,0.689774215221405,0.001082032351395535,0.003365609894619665,0.03648651287698818,0.005008347663587605,0.011033108457922935,0.0016001597978174686,0.0008270100224763155,0.00953499972820282,0.02941500023007393
379,0.000741413421944532,6.280277525992119e-05,1.1184414625167847,0.6578631103038788,0.007807034443778462,0.002032866364697426,0.013832235883782667,0.0018876192703982282,0.014461882412433624,0.0035225078463554382,0.0007648100145161152,0.01001800037920475,0.010003999806940556
380,0.001658359337219749,0.00010344616736122122,1.2027593851089478,0.6038461625576019,8.733730357343502e-05,0.0012971479492080934,0.11509478878013478,0.013936555521545907,0.015028282068669796,0.0014324239455163479,0.0017239099834114313,0.019005000591278076,0.0876610055565834
381,0.001708521615480084,8.422946580715403e-05,0.2393839806318283,0.2925954330712557,0.0030890827355171376,0.004511315295745798,0.04703438772438762,0.006777294038194895,0.010658280923962593,0.0009933942928910255,0.0017793100560083985,0.022938000038266182,0.02708600088953972
382,0.0012959042328064066,0.00011004588757017168,0.9497148990631104,0.6871256083250046,0.025149750221187133,0.012753597243209455,0.0601458022782102,0.019226394496220857,0.013308810070157051,0.0034882239997386932,0.0015061099547892809,0.02556299977004528,0.06053300201892853
383,0.0023016477072431442,8.224495947606477e-05,1.3959027528762817,0.4445091485977173,0.0418304354793498,0.005271673655581559,0.027483973624256478,0.006501901046146405,0.016825661063194275,0.00271451473236084,0.002621409948915243,0.03893499821424484,0.02054399996995926
384,0.003992793726955745,0.0002963814815858353,0.7465421557426453,0.6423291191458702,0.015268446654623681,0.05290660134054955,0.3553343442866479,0.13343412085107448,0.012221189215779305,0.0014083399437367916,0.004476409871131182,0.10181000083684921,0.14739499986171722
385,0.005666245949339222,0.00025798325808357126,0.24030238389968872,0.2722411938011646,0.18138447644129738,0.029704745218493603,0.05862203934634319,0.05792978759676799,0.014735848642885685,0.0033441674895584583,0.006027610041201115,0.11650999635457993,0.11288000643253326
386,0.00556692949159165,0.00033969646297820526,0.5460915565490723,0.5306261777877808,0.14799795709756858,0.06145115282321253,0.3051555895809078,0.14957196075013984,0.01392235979437828,0.0019674235954880714,0.006178210023790598,0.13242000341415405,0.23351499438285828
387,0.0012465229074497162,0.0001244200492913467,1.2304502725601196,0.6611478477716446,0.004208879466562673,0.011162100741719002,0.1059586923574106,0.021788369241917918,0.013532956130802631,0.0026563419960439205,0.001509409979917109,0.0332150012254715,0.061110999435186386
388,0.0003666505801850374,5.1082004001233464e-05,0.9695510268211365,0.7025751620531082,8.773915261442977e-05,0.0005738050320506029,0.009867413525598456,0.0006233386702307487,0.013194086961448193,0.00264913123100996,0.00028233000193722546,0.001979999942705035,0.007765999995172024
389,0.000272191783613898,5.5610467652652515e-05,1.127037525177002,0.6985739320516586,0.0004798027119477802,0.0017120661145032172,0.02013638668876848,0.0016610285043925158,0.013554922305047512,0.00305889081209898,0.00021244000527076423,0.004025000147521496,0.01709499955177307
390,0.0006686265689528022,4.596700002875966e-05,1.6827707290649414,0.34783971309661865,0.0034390460267903727,0.0009342480355808301,0.006922806643316791,0.0007211861392932193,0.014392168261110783,0.0036021238192915916,0.0006789100007154047,0.004511999897658825,0.004587000235915184
391,0.0007641065374888263,6.396645217643436e-05,1.0626492500305176,0.6455782800912857,0.004237053908763204,0.0013064813019970905,0.0098642450873765,0.001137917008278165,0.014110585674643517,0.0033654700964689255,0.0007839099853299558,0.0052720000967383385,0.007705999538302422
392,0.0006049330143017595,6.026031192813726e-05,0.6265106201171875,0.6087273061275482,0.004770575213435417,0.0022329181966184134,0.015615840650496905,0.0019936367106907693,0.01302417553961277,0.003556947223842144,0.0006660100189037621,0.00585100008174777,0.014330999925732613
393,0.0008210080401617934,6.791771494393795e-05,1.3619416952133179,0.5786862671375275,0.0034418073385385196,0.0031946958322494117,0.02197336318451217,0.003020061355001531,0.013025297783315182,0.0037219212390482426,0.0008938100072555244,0.006314000114798546,0.019694998860359192
394,0.0009211097117221976,6.740329013138995e-05,1.0573670864105225,0.6238425672054291,0.006593653623732867,0.0019335598655028782,0.015118603113801555,0.001894510420935979,0.015091165900230408,0.0034520565532147884,0.0010061099892482162,0.007290999870747328,0.014414999634027481
395,0.0008584487840362614,6.471384863870292e-05,1.4266690015792847,0.5514024496078491,0.009621594322679157,0.00268101703692303,0.018544695615174397,0.0027364330212477014,0.014304676093161106,0.003451921045780182,0.0009680099901743233,0.008834999985992908,0.01790500059723854
396,0.0005442248041616743,7.729765093030677e-05,1.1592398881912231,0.6954928338527679,0.0055614189662717695,0.006558889827188648,0.045408587212132104,0.007897857157654026,0.013571066781878471,0.0034134997986257076,0.0004913100274279714,0.012090999633073807,0.03441900014877319
397,0.0008442336339644521,8.174972399772282e-05,1.5242931842803955,0.504490464925766,0.00522845982732284,0.005849520171999807,0.04803986328309262,0.0074922298523514355,0.014430524781346321,0.003208074253052473,0.0009465100010856986,0.012792999856173992,0.039034001529216766
398,0.003091510438532632,0.00017746397248897421,0.470918208360672,0.5250379256904125,0.035492566165925186,0.024872987317743935,0.14029972442988659,0.054775868237193236,0.014444264583289623,0.002315112855285406,0.0037065099459141493,0.05044100061058998,0.12224000692367554
399,0.0016022737200436306,7.701587462787853e-05,0.982293426990509,0.5484838485717773,0.014093028823818118,0.002168598429816238,0.013206590749727689,0.0022381202107831155,0.014921595342457294,0.00349573977291584,0.0018097100546583533,0.014798999764025211,0.01333799958229065
400,0.0014466808546992052,9.792415951687485e-05,0.6797195672988892,0.6175449416041374,0.019409055341417732,0.007887214518082199,0.046348115000696154,0.011568477688769115,0.012473367154598236,0.0030787582509219646,0.001793610048480332,0.023615999147295952,0.04039499908685684
401,0.0013948130152773507,0.00012583413564244748,0.9981152415275574,0.6935599595308304,0.00016506180837391429,0.0031639955982344834,0.12861090220772955,0.01847961658501502,0.012768705375492573,0.0016424423083662987,0.0013159100199118257,0.028139999136328697,0.08504100143909454
402,0.006695488971706386,0.00026194791213150553,0.9801996350288391,0.46624475717544556,0.06578637810349451,0.03130357538119007,0.6060166775666647,0.14589989195602945,0.019080327823758125,0.0007946006953716278,0.007624010089784861,0.12991000711917877,0.23068401217460632
403,0.0005008393556999714,5.391951452752322e-05,1.1331415176391602,0.6695815175771713,0.001274522871524591,0.0014777262946035822,0.0113926691508334,0.0011085219532325948,0.012673905119299889,0.0033692587167024612,0.000362110004061833,0.0019470000406727195,0.010799000039696693
404,0.0006569690905856365,4.77410815210871e-05,1.6551506519317627,0.37278109788894653,0.0021435664047834914,0.0009259517962255836,0.006665024587889183,0.0006723101738469388,0.01366970781236887,0.003610168118029833,0.0006447099731303751,0.003092000028118491,0.004935999866575003
405,0.0005993353673957221,5.161224430323929e-05,1.5330528020858765,0.5059336125850677,0.002340598001679958,0.0018944049788977347,0.012829344996306613,0.001455041185313215,0.012480853125452995,0.0032380581833422184,0.0005845099803991616,0.00406600022688508,0.009171999990940094
406,0.0006307927650444424,5.8573723286976505e-05,1.2326228618621826,0.6395503878593445,0.0018028674688429194,0.0020325157037216486,0.015650302577313153,0.0017523365647308968,0.011888297274708748,0.002931462600827217,0.0006273100152611732,0.0050119999796152115,0.012130999937653542
407,0.000891883897237453,6.682272578609704e-05,0.8670127391815186,0.6117003113031387,0.00643368801624649,0.0010989755088921939,0.0066353398942681765,0.0008902407749471438,0.014736849814653397,0.0034811710938811302,0.0009181100176647305,0.006051999982446432,0.0071229999884963036
408,0.0010006265813345802,7.548488506508471e-05,1.1187145709991455,0.6389379799365997,0.0009692927484791049,0.0024497048502122158,0.026040855958575984,0.003210524242006081,0.012381086125969887,0.002969922963529825,0.0009609099943190813,0.006982999853789806,0.02014699950814247
409,0.0017464887959759874,0.000152062031754517,0.9314621090888977,0.6899418085813522,0.028602686875310767,0.023391605477007006,0.0917146226143767,0.039442192617863775,0.012444766238331795,0.002852947451174259,0.0019353099633008242,0.02978700026869774,0.07534600049257278
410,0.0005228144102206628,5.806500733851095e-05,1.206695795059204,0.6612332463264465,0.007625200411985347,0.002403543191081047,0.01708647304411592,0.00233228999514726,0.015007281675934792,0.0034200591035187244,0.0005537099787034094,0.007805999834090471,0.01640399917960167
411,0.0008486215125675929,7.021873743629702e-05,0.9413535594940186,0.6800801008939743,0.00613631099447522,0.00365951437298692,0.02395799337071757,0.0038795607778351095,0.012603488750755787,0.003256753087043762,0.0008802100201137364,0.009332000277936459,0.02015800029039383
412,0.0010515578780670224,7.295761897359993e-05,0.8440483808517456,0.633063405752182,0.007815864098095556,0.0027290245653294283,0.02001460471517012,0.002983238706726267,0.013040995225310326,0.003267589956521988,0.001153309945948422,0.010862000286579132,0.01733499951660633
413,0.0009832406091826048,6.533850348653286e-05,1.2330806255340576,0.5920710563659668,0.015728609166481715,0.0023173735586261707,0.013161839116670359,0.0022369674714745698,0.01587883196771145,0.00337115116417408,0.0010127100395038724,0.013810000382363796,0.009719000197947025
414,0.0008899793316374302,7.280557707263838e-05,1.3884162902832031,0.5967631042003632,0.02310196973989536,0.005113302054960819,0.02870911027227376,0.006069146662715288,0.014989052899181843,0.003501967526972294,0.000885410001501441,0.017155999317765236,0.029120000079274178
415,0.00036642440732622235,4.6644426504295e-05,0.7134848833084106,0.6565712988376617,0.0011159496881718235,0.0007426428932113255,0.004558070641433748,0.0004785356615796877,0.012710804119706154,0.00337937381118536,0.00031586000113748014,0.001979999942705035,0.0033289999701082706
416,0.00025371630236742095,4.2842253445228814e-05,1.2680115699768066,0.6771792471408844,0.0017997208764166355,0.0012792651471017482,0.008100194108233337,0.000867310845847011,0.01313178800046444,0.003360648639500141,0.000178980000782758,0.0030849999748170376,0.0058559998869895935
417,0.0006160738815081942,5.894395429731532e-05,1.1101186275482178,0.6677088737487793,0.002941627229317046,0.0013733930755892053,0.010336784489450803,0.001123149905297086,0.014157471247017384,0.0035725110210478306,0.0006942100008018315,0.0042860000394284725,0.009084999561309814
418,0.0007532337306602134,5.5355647917373224e-05,1.596350908279419,0.42606639862060547,0.005328098870120421,0.0017266063087148392,0.013485826477305143,0.0015056342408292823,0.015398616902530193,0.0036254790611565113,0.0006741100223734975,0.00558699993416667,0.012219000607728958
419,0.0007611582724748154,7.082475611462727e-05,0.95798259973526,0.6828716993331909,0.0062404559499648,0.004089776721436812,0.025267956958278014,0.004071641466591639,0.013774286955595016,0.003713540267199278,0.0007647100137546659,0.005628999788314104,0.025547999888658524
420,0.0010918541160440023,8.685401714343698e-05,1.4019252061843872,0.569477379322052,0.026583682707383108,0.010070858499867712,0.06306042372165653,0.016040591076703664,0.016397856175899506,0.0028876285068690777,0.0011455100029706955,0.028960999101400375,0.050916001200675964
421,0.000717983373842162,6.597459906910829e-05,1.096107840538025,0.6800065189599991,0.006276018175694462,0.0033117797327702914,0.02164480177696804,0.00336946162420472,0.012842133641242981,0.0034559876658022404,0.0007672099745832384,0.007586000021547079,0.019246000796556473
422,0.00038029140534771904,6.970189424620416e-05,1.005517601966858,0.7090050876140594,0.0009559042457232089,0.004007442092054732,0.0382398931612672,0.004920655001592979,0.011721904389560223,0.002451724372804165,0.00038358999881893396,0.008363000117242336,0.03381899744272232
423,0.0011230055404032613,6.982588795217254e-05,1.3172788619995117,0.5386552810668945,0.008392964500632307,0.002115129680493251,0.01721437827832634,0.002274048296694954,0.015529327094554901,0.003326532430946827,0.0010455100564286113,0.00901500042527914,0.013096999377012253
424,0.000748287514015411,6.620903405099343e-05,1.2060534954071045,0.6535109281539917,0.012719743663648794,0.0032930584920271106,0.02033262473263215,0.003401811600699677,0.014512523077428341,0.0035861246287822723,0.0007746099727228284,0.012524000369012356,0.022346001118421555
425,0.0006446581977873514,7.635111896057251e-05,0.7757554650306702,0.6801624819636345,0.008774290971759857,0.0070627403177748686,0.03694477647936919,0.007784470750431002,0.012369236908853054,0.0032407487742602825,0.0006985099753364921,0.01697699911892414,0.02591400034725666
426,0.0013828974813646577,0.00010641982208594582,1.2514829635620117,0.623777449131012,0.016534631403658406,0.01060882546681816,0.056054778692393246,0.015549592996064492,0.013627556152641773,0.003356403671205044,0.001634810003452003,0.020239999517798424,0.04769600182771683
427,0.0022965158165874043,0.00013633499179130327,0.987230658531189,0.6358196586370468,0.0017896516968693623,0.008821678292298341,0.12724402092772602,0.02527821614595937,0.013981259427964687,0.0018267999403178692,0.0026984100695699453,0.02793099917471409,0.0799970030784607
428,0.0004631339675271694,6.174981202706166e-05,0.6366106271743774,0.6349169239401817,0.00288147115803037,0.0034415565769907825,0.02414842407333947,0.0033755283197165007,0.011187809519469738,0.002188032027333975,0.0003433699894230813,0.004031000193208456,0.022314999252557755
429,0.0005573115472428885,6.631557762309107e-05,1.4127106666564941,0.595750093460083,0.0006750125504203362,0.0029814019215887422,0.048425337971946675,0.004910128844625432,0.01565152034163475,0.00237466674298048,0.00047830998664721847,0.0048859999515116215,0.04859699681401253
430,0.0006650554499710715,6.449977764358845e-05,1.5375587940216064,0.49997788667678833,0.0007639974808638083,0.0023047320133322813,0.02996354930251786,0.002792070999940213,0.014208015985786915,0.0027724565006792545,0.0005386099801398814,0.005166000220924616,0.02358200028538704
431,0.0019392461691593388,0.0001169541808908307,1.404140830039978,0.5664481520652771,0.012288382048271353,0.00891642610628947,0.05617055804214355,0.015862388715895542,0.011313352733850479,0.0022076028399169445,0.002210410078987479,0.018007000908255577,0.050912000238895416
432,0.0006629514192875424,5.72297164375362e-05,1.4602758884429932,0.5357126593589783,0.005507438177011644,0.002026312762130634,0.014678680300707635,0.0017984217608598852,0.014494354836642742,0.0036629759706556797,0.000738109985832125,0.005752999801188707,0.012415999546647072
433,0.0009402920989807696,7.01531810009738e-05,1.6175072193145752,0.41188424825668335,0.004873379249055733,0.0037263462995258193,0.026881639779277117,0.003601347205267197,0.015098978765308857,0.0035762805491685867,0.0009730100282467902,0.007511999923735857,0.023579001426696777
434,0.0006731419271694366,7.015929720502695e-05,1.3526816368103027,0.6148508787155151,0.01015950468072559,0.004854406535426341,0.034142993224094816,0.005666013582333275,0.015597682446241379,0.003398196306079626,0.0008002099930308759,0.011525999754667282,0.03222399950027466
435,0.0004931414047713056,7.23920375598649e-05,0.9874155521392822,0.7052076756954193,0.0004454494896775776,0.0030969723309269993,0.0400992437216032,0.004539010880195076,0.011654440313577652,0.0020603295415639877,0.000431010004831478,0.012741000391542912,0.027679000049829483
436,0.0005927189938159734,8.065160550603902e-05,1.2213197946548462,0.665024071931839,0.009697393011888157,0.008526446993577337,0.04650609917832288,0.010126546431865866,0.013497808948159218,0.003504314459860325,0.0007019100012257695,0.016800999641418457,0.035144999623298645
437,0.0022290802100325574,0.00012064396780871872,1.2945563793182373,0.5757102370262146,0.027957235300734375,0.008691589553672715,0.055068365396905565,0.01622438538406609,0.01226675882935524,0.00291699031367898,0.0027017099782824516,0.02556299977004528,0.0595409981906414
438,0.0008883455557390729,0.00010500357814563271,1.2324199676513672,0.657071590423584,0.0014946026149567722,0.010430218535189174,0.16086066742453747,0.030327459610994506,0.016117116436362267,0.002269903663545847,0.0009183100191876292,0.03657900169491768,0.08777600526809692
439,0.00020830895630220015,4.105716332443183e-05,1.131869912147522,0.7025379836559296,0.0022066928801415054,0.0008227637493532926,0.005315130537480662,0.0006079981285289217,0.012897441163659096,0.003250979818403721,0.0001085499970940873,0.0027020000852644444,0.0037759998813271523
440,0.0003324514850004838,5.0597832453382746e-05,0.9877902269363403,0.7136841118335724,0.003880295528602363,0.0015585621366071142,0.011330284703214732,0.0013103504697479975,0.014860253781080246,0.003586235921829939,0.00024163999478332698,0.0030610000248998404,0.010706000030040741
441,0.0007039720214264707,6.621397026778904e-05,1.0669283866882324,0.6720212996006012,0.0019768600437052096,0.0023748435859804093,0.020796525353653728,0.0023510501796538148,0.013768771663308144,0.0035748304799199104,0.0006067099748179317,0.004025000147521496,0.019298000261187553
442,0.00125177648433961,8.452912075048954e-05,0.9822377562522888,0.6578694730997086,0.034241746835978776,0.007888031659341597,0.032024373853032424,0.009549942979922578,0.013898298144340515,0.0035597961395978928,0.0013963100500404835,0.03142800182104111,0.034226998686790466
443,0.001483369652124811,7.535644948753362e-05,1.6040855646133423,0.39444148540496826,0.011871231996841808,0.003418631533447721,0.030331625501165315,0.004310931535218094,0.016113057732582092,0.0030601141043007374,0.0016115099424496293,0.01131800003349781,0.02705099992454052
444,0.0006412918368902637,6.020708258620383e-05,0.8872313499450684,0.6770183145999908,0.0037514976894485845,0.001793734779912643,0.013136447683357776,0.00153935135569632,0.013523511588573456,0.0035650646314024925,0.000587610004004091,0.004689000081270933,0.011572999879717827
445,0.0005122139910641415,5.6756998165715674e-05,1.0203014612197876,0.6819420754909515,0.001753152573660159,0.0020740627666347663,0.015319709169857256,0.001660573006452803,0.012674255296587944,0.0035693980753421783,0.0004577100044116378,0.005140000022947788,0.012374999932944775
446,0.0010240488246620984,7.260772832435279e-05,1.0519615411758423,0.6194799244403839,0.00018080413030818163,0.001264042561410964,0.020534827515578745,0.0020648690402813048,0.011970153078436852,0.002250771038234234,0.001003109966404736,0.0061980001628398895,0.01750599965453148
447,0.0007130313820098023,5.8210069092766285e-05,1.4378526210784912,0.5254035294055939,0.004130742000127555,0.0018322338260075453,0.014071293650967535,0.0015356236151597572,0.015475188381969929,0.003648144192993641,0.0007445099763572216,0.006310999859124422,0.009809000417590141
448,0.0005766349668862687,5.8737768167702845e-05,1.4312026500701904,0.5699390470981598,0.010361248558153653,0.0025636803302273065,0.016802742899948753,0.002500044190454319,0.014649693854153156,0.003549360204488039,0.0005145099712535739,0.00901500042527914,0.017170999199151993
449,0.00044274429438472207,8.145054290761557e-05,1.0275765657424927,0.709892526268959,0.0002234942173038143,0.0027929431545093415,0.06438205212212411,0.006954404013893342,0.013464371673762798,0.0021582571789622307,0.0004820099857170135,0.01071999967098236,0.0537709966301918
450,0.0008262425985019319,8.319602960806422e-05,1.2636947631835938,0.6438437700271606,0.010422190298629435,0.007463053393753687,0.042531107682370964,0.00887810349924531,0.014601326547563076,0.0036006178706884384,0.001060210051946342,0.011572999879717827,0.04024899750947952
451,0.0011700724333221213,9.630781114702749e-05,1.516993761062622,0.49648338556289673,0.01564308292889631,0.009778465240169862,0.061194384872099813,0.013078473682701156,0.01590137556195259,0.0032254918478429317,0.001162210013717413,0.014072000049054623,0.05865300074219704
452,0.0018250301614222023,8.395123009346053e-05,1.0332897901535034,0.563211977481842,0.015368439513761831,0.0037168304241651058,0.02793673797465746,0.0054085935736821415,0.014788923785090446,0.003529178909957409,0.0019883099012076855,0.01728699915111065,0.023951999843120575
453,0.0022835091818728943,0.0001355020643412808,0.5107091665267944,0.5425860807299614,0.009293993245683588,0.009760400729358534,0.06806396006966496,0.018545110399894465,0.011206058785319328,0.0017371848225593567,0.0025316099636256695,0.01842300035059452,0.061059001833200455
454,0.0005791113405995862,8.90796103523973e-05,1.4355233907699585,0.6036457717418671,0.0019537736260866316,0.007127635373427195,0.06725815671022246,0.010477723710906696,0.012784493155777454,0.0027810027822852135,0.0006687099812552333,0.015957999974489212,0.04555699974298477
455,0.0019813417923066692,0.00011220412394382859,1.2632144689559937,0.5801481902599335,0.030978133724304465,0.01034230286316874,0.06905410954848418,0.01803220347838882,0.015050188638269901,0.003009368199855089,0.0022974100429564714,0.023321999236941338,0.07484899461269379
456,0.00039799563698263607,5.18311004125879e-05,1.3798359632492065,0.606543093919754,3.815492446697991e-05,0.00030982194999897543,0.014344383750880018,0.0008191475491977126,0.013757497072219849,0.0019443719647824764,0.0003517399891279638,0.003082999959588051,0.01248599961400032
457,0.000591450030323919,5.270406625753401e-05,1.44622004032135,0.5520322322845459,0.006237743243032102,0.0011838717316863074,0.00857875910450137,0.0009921415767673884,0.016071468591690063,0.003314596600830555,0.000594109995290637,0.0048859999515116215,0.008845999836921692
458,0.0006057362220365937,5.48482022393317e-05,1.412830114364624,0.5661535859107971,0.005787229726393406,0.0015921874970333282,0.012612626091406983,0.0013995629715878337,0.015737565234303474,0.003264610655605793,0.0005628099897876382,0.0052720000967383385,0.011762000620365143
459,0.0007317929604971517,7.205151834702308e-05,1.3003045320510864,0.6389744281768799,0.0004428337485249028,0.0024476456954701242,0.05160753578346135,0.005039097334684908,0.015695378184318542,0.0020751734264194965,0.0006883100140839815,0.005923999939113855,0.04708999767899513
460,0.0007017286906629553,6.633775286795214e-05,0.4886963367462158,0.5386914238333702,0.0006268329305436638,0.0020545719778050447,0.02266111908319951,0.0022720402438672835,0.011246534995734692,0.0020644953474402428,0.0007351100211963058,0.006310999859124422,0.01774599961936474
461,0.0007867354575238901,6.302059222827451e-05,1.0118530988693237,0.6529368758201599,0.00795162175563453,0.001488989081378309,0.008950033586249207,0.0012405086829506856,0.014298347756266594,0.003648395650088787,0.0008639100124128163,0.007569999899715185,0.008058999665081501
462,0.0009772866000781056,6.787389713791217e-05,1.165006399154663,0.6135331392288208,0.005755293326117638,0.0021625936991957026,0.01646071834474467,0.0022880769222807682,0.012849957682192326,0.003381071612238884,0.0010784099576994777,0.008218999952077866,0.013737000524997711
463,0.0007325691298647285,6.026088861621519e-05,1.5347790718078613,0.4817456305027008,0.009273301350472244,0.002524404147810871,0.019824265411598672,0.0026146282242384706,0.01578138768672943,0.003177897073328495,0.000829509983304888,0.011090000160038471,0.016176000237464905
464,0.0012416498700461433,8.99559349431888e-05,0.8336544036865234,0.6518851295113564,0.00028903210315846614,0.002793146777850194,0.05143025939126266,0.0066541663348842935,0.011807559989392757,0.001658388413488865,0.0012434100499376655,0.011524000205099583,0.043282002210617065
465,0.0011509352509447893,7.155601540213396e-05,0.4549793601036072,0.47774917259812355,0.006737456579158814,0.002773759906153642,0.022176659319290956,0.003150151069021119,0.01151997409760952,0.002260268200188875,0.001177910016849637,0.010741000063717365,0.019558999687433243
466,0.0007300619090118711,6.864420063483695e-05,0.9382914304733276,0.6816364079713821,0.01837286841901342,0.004456865885968738,0.024510710355089168,0.0050788917924093225,0.014921542257070541,0.0034396066330373287,0.000601209991145879,0.013810000382363796,0.023313000798225403
467,0.001823352744648839,0.00012710747143673178,1.3569611310958862,0.573718935251236,0.025625189608705745,0.011859579468873645,0.06782252119882866,0.02054213663586203,0.013567247427999973,0.003133214544504881,0.0019458100432530046,0.026398999616503716,0.05205199867486954
468,0.0015269817182546005,0.00013077490014920176,1.277390956878662,0.6550100743770599,0.000790026499328409,0.009457536320287082,0.12919941086618042,0.02515134731996515,0.011091506108641624,0.001125372014939785,0.0017557099927216768,0.033562999218702316,0.08868899941444397
469,0.0012504206881055581,0.00010613964702793535,0.9843672513961792,0.6780383288860321,0.05252434396336495,0.015361917274237379,0.06424952351169388,0.0232495571964445,0.015274775214493275,0.003315818030387163,0.0014527100138366222,0.04121199995279312,0.0714770033955574
470,0.00042565046859985366,4.9636953284776784e-05,1.1549935340881348,0.6780366599559784,0.002777954378029156,0.0009629184435600464,0.006723515741508893,0.0007360526616578466,0.01252756081521511,0.0030452334322035313,0.0002526500029489398,0.003082999959588051,0.0044839996844530106
471,0.0003135646973680584,4.940907070332613e-05,0.774161696434021,0.6788246855139732,0.002774695757797782,0.0012708324477271834,0.00903226103172048,0.000993555529567926,0.012607668526470661,0.0031695058569312096,0.00022539000201504678,0.004025000147521496,0.0074720000848174095
472,0.00048407317037079143,5.4756233449952256e-05,1.1544831991195679,0.6781332492828369,0.004523845902474784,0.0017043258490467774,0.013078891879064563,0.0014600436596555726,0.015151090919971466,0.0034721861593425274,0.00044581000111065805,0.004966000095009804,0.011181000620126724
473,0.0007479162482090845,5.599666466210557e-05,1.4884095191955566,0.5078040361404419,0.008698068946490898,0.0013953751901512636,0.009330187169626908,0.001198199579779272,0.01614096760749817,0.0032666753977537155,0.0007241099956445396,0.006051999982446432,0.01028400007635355
474,0.0007210687511843249,7.059873810668575e-05,1.440548062324524,0.5698652565479279,0.00019748490049403166,0.0018808899703602617,0.054367415468707325,0.005011177794704082,0.01595708727836609,0.0018414505757391453,0.0007261100108735263,0.00673400005325675,0.05102299898862839
475,0.0007546550617766215,6.485485736789813e-05,1.2069432735443115,0.6458488553762436,0.006985017056340268,0.002902386839033035,0.020970327138251657,0.003015128838369097,0.014522641897201538,0.003545197192579508,0.000724810000974685,0.007946000434458256,0.018942000344395638
476,0.0010137806873361547,7.815612706195678e-05,1.631181001663208,0.4060617685317993,0.02360024220276399,0.00692666091912832,0.053992009034080544,0.009957989432722674,0.01687503606081009,0.0027499618008732796,0.0011094099609181285,0.014437000267207623,0.05329100042581558
477,0.0003784432678229124,5.5230866888217295e-05,1.3512002229690552,0.6254551112651825,0.004931224544338744,0.0029732708324003423,0.0196708336336624,0.0026236037660637944,0.015093216672539711,0.0035821557976305485,0.0003797000099439174,0.0091540003195405,0.01342300046235323
478,0.0011731024383691642,8.475346935169197e-05,1.3170108795166016,0.5892410576343536,0.0052989899539461595,0.0049056075087071495,0.03331462914138366,0.0059381037968752794,0.013497792184352875,0.003630909603089094,0.001189709990285337,0.010805999860167503,0.02694600075483322
479,0.0012240907490231338,8.404491615359615e-05,1.2727432250976562,0.612988293170929,0.005975274883963625,0.005280427729653751,0.03443294680716386,0.006899305371494,0.01226415578275919,0.0032983003184199333,0.0013806100469082594,0.011886999942362309,0.027095001190900803
480,0.0010374971667757365,8.698412046374967e-05,1.2268922328948975,0.6501905620098114,0.015420245147246743,0.007432122662779186,0.04328737409137475,0.009830645071487867,0.013976490125060081,0.0035795201547443867,0.0011278099846094847,0.013337000273168087,0.041060999035835266
481,0.00192513848109504,8.961998696403121e-05,0.8678671717643738,0.5687765628099442,0.024629563961349462,0.0059397864454947425,0.039034321797323766,0.009156460044299444,0.014983415603637695,0.003174527082592249,0.0022397099528461695,0.029178999364376068,0.03762499988079071
482,0.0003259374332037356,4.6837057391038305e-05,1.183383584022522,0.6831927746534348,0.004281137075733981,0.001032659004949472,0.007200272267141202,0.0007976198278853088,0.015490160323679447,0.0035350797697901726,0.00035409998963586986,0.0042860000394284725,0.006592999678105116
483,0.0007551017983907099,6.941966117096415e-05,1.0120054483413696,0.6686908304691315,6.300396834992738e-05,0.0005833833243109724,0.027751177300994412,0.0022561477233613153,0.012014430947601795,0.0014538681134581566,0.0005925099831074476,0.004511999897658825,0.02455899864435196
484,0.0005157336519840969,6.345930348777818e-05,1.5020512342453003,0.5335789620876312,0.0017049686365893635,0.003044939891313527,0.031807270513870015,0.003424663434414381,0.014172974042594433,0.0030128476209938526,0.0004127100110054016,0.007720999885350466,0.02353600040078163
485,0.0007384092017795696,8.209049144893574e-05,1.4346665143966675,0.5692208111286163,0.005814649032121345,0.006365298899435997,0.0483759957167138,0.007695487235669679,0.013930660672485828,0.0033755735494196415,0.000822409987449646,0.009309000335633755,0.03987300023436546
486,0.0009795441546178144,7.700465522077595e-05,0.6608126163482666,0.59864392131567,0.008035150413522351,0.004549828683232083,0.029161518375264893,0.005146531946602811,0.01387594360858202,0.0035735140554606915,0.0008900099783204496,0.011090000160038471,0.026131000369787216
487,0.0010812431958888624,7.033529727896244e-05,1.3634607791900635,0.5461002290248871,0.014707803603219412,0.0031580866501822527,0.02599210265051609,0.003905932280625045,0.016515839844942093,0.0028840885497629642,0.0011819100473076105,0.013644999824464321,0.0234570000320673
488,0.0009269794419267145,7.388035887630185e-05,1.0350279808044434,0.6676005274057388,0.011317515840628586,0.00388446963137026,0.026987859280725418,0.004455588443723518,0.014716656878590584,0.0036159162409603596,0.001074710045941174,0.011572999879717827,0.027866000309586525
489,0.0004657990361180149,7.379044343135997e-05,0.8931285738945007,0.697047121822834,0.016585778487088827,0.008034706548366608,0.03714158716012331,0.009655118784842997,0.013306357897818089,0.003540570382028818,0.0002961900027003139,0.012613999657332897,0.0364610031247139
490,0.0011763953597113915,8.493198638162829e-05,1.1489745378494263,0.6433957815170288,0.008962330392135225,0.005225568205158386,0.03571986847344413,0.007043792046112907,0.013397373259067535,0.0034726178273558617,0.0013279099948704243,0.014798999764025211,0.030741000548005104
491,0.0015239300756912527,7.227748242506998e-05,1.762231707572937,0.268973171710968,0.012828017451610729,0.003694955575243534,0.04503059749529272,0.005194864974613755,0.017536800354719162,0.0022426401264965534,0.0017896100180223584,0.017191000282764435,0.03401799872517586
492,0.001657366383232215,8.878661465473454e-05,1.622826337814331,0.4001477360725403,0.023888393325057607,0.006717957076902944,0.05851240045245153,0.010420527901102556,0.016718721017241478,0.002728494815528393,0.0018899099668487906,0.019005000591278076,0.057951003313064575
493,0.004669073381121067,0.00027216645164659286,0.48543140292167664,0.47622306644916534,0.15156069093230912,0.041087669354183995,0.06691931855518811,0.06895682888896944,0.012694122269749641,0.003439908381551504,0.005029509775340557,0.08260100334882736,0.10370999574661255
494,0.005631760883458948,0.00022612753723038302,0.31347519159317017,0.3107200674712658,0.10613359107603056,0.029771033349846397,0.36247876632436077,0.10032664415003123,0.01847536675632,0.0012632636353373528,0.006276810076087713,0.12991000711917877,0.1921519935131073
495,0.00030603539334089454,4.377865772127497e-05,1.3648793697357178,0.6204411387443542,0.0025359501418571765,0.0011812116802910953,0.008135967631706546,0.0008867621414698867,0.014568306505680084,0.003598836250603199,0.00023888000578153878,0.003082999959588051,0.00648100022226572
496,0.0006312510758062201,5.723378472118236e-05,1.3043133020401,0.6120429337024689,0.005594647053611806,0.0016620613417314997,0.011851950663941187,0.0014508134971557571,0.014086698181927204,0.0034425482153892517,0.0006854099920019507,0.004989999812096357,0.010453000664710999
497,0.0005965258688974787,5.766346283285869e-05,1.0973981618881226,0.6760691404342651,0.006995574088181567,0.001493278816083409,0.010052932170227341,0.00130256301561015,0.014956749975681305,0.0034662378020584583,0.0006180100026540458,0.005166000220924616,0.01141900010406971
498,0.0020653203347261143,0.00010088854728496728,1.236126184463501,0.5552787482738495,0.025385618299172113,0.0075654498123104465,0.060558859382083004,0.013680306861526471,0.016102077439427376,0.0029154992662370205,0.0024566100910305977,0.023351000621914864,0.05591300129890442
499,0.0005737003462549378,5.7966916176316894e-05,1.0862176418304443,0.6724974811077118,0.004894641285281593,0.0018811535945815552,0.013808901446870544,0.0016627984531371346,0.014208206906914711,0.0035107522271573544,0.0006069099763408303,0.0061980001628398895,0.01142200082540512
500,0.000913203304530475,6.241188478921039e-05,1.6669464111328125,0.3661874532699585,0.007792831054378292,0.0025515332374161466,0.02257820605136657,0.0026347811370304158,0.016202492639422417,0.0030682445503771305,0.0010119100334122777,0.006829999852925539,0.021282000467181206
501,0.0004388073596186947,5.768083847209165e-05,0.9624529480934143,0.7071015536785126,0.008438217126898876,0.0025793454541095722,0.016689262412939047,0.0024088533575070967,0.014512778259813786,0.003603268414735794,0.00042431001202203333,0.007720999885350466,0.018012000247836113
502,0.0009867630208116028,7.107036578663623e-05,1.563783049583435,0.4466325640678406,0.006283312883680889,0.003923598602396794,0.02557756554137335,0.004035193884944955,0.014625598676502705,0.0036537721753120422,0.000967609987128526,0.007946000434458256,0.021967001259326935
503,0.00111575121272596,7.92028044902175e-05,1.3439875841140747,0.5723687410354614,0.008021073611328382,0.004720192677358747,0.031374782219419466,0.0058038281466151614,0.013055693358182907,0.0033358787186443806,0.001163710025139153,0.009379000402987003,0.032660000026226044
504,0.0015186560579059077,9.244563926305875e-05,1.3024578094482422,0.5610699951648712,0.003801198334615581,0.004572654235303931,0.042392735453718786,0.006994918879341849,0.013866724446415901,0.0031648753210902214,0.001600509975105524,0.011090000160038471,0.036681000143289566
505,0.0008853236581547274,6.893614218782815e-05,1.1749262809753418,0.6326857060194016,0.00682111904315432,0.0031633947065568373,0.02163190711892287,0.003335533353985969,0.014288990758359432,0.003624498378485441,0.0009086100035347044,0.011926000006496906,0.013898000121116638
506,0.0017355860995746056,8.753237745327716e-05,0.9682943224906921,0.5836821347475052,0.017103825684143464,0.004577710910945946,0.031984788996792315,0.00657686008806955,0.014332919381558895,0.0033731074072420597,0.001954310107976198,0.01682800054550171,0.035627998411655426
507,0.0003343729951814658,4.6550174391264145e-05,0.9681342244148254,0.6904443651437759,0.0008778815208799951,0.0011229060653752158,0.008196790533700994,0.0007726211656420303,0.012049587443470955,0.0030790711753070354,0.0002296799939358607,0.003003000048920512,0.005797000136226416
508,0.0005208466224436079,5.052374597516772e-05,1.510867953300476,0.5018534660339355,0.005924665447043409,0.0013615708354981684,0.01017890169535621,0.0011588832893884128,0.01576804742217064,0.003366310615092516,0.0005751100252382457,0.004290000069886446,0.010971000418066978
509,0.0016434902998844329,7.356492746424335e-05,0.2819853723049164,0.3085291162133217,0.007932093712270393,0.0025855950633228153,0.022471996314542372,0.0030372390288567405,0.011130490340292454,0.001739495899528265,0.0018426099559292197,0.017076000571250916,0.01666799932718277
510,0.0006098888080211137,5.6346144724854854e-05,1.218306303024292,0.6451132744550705,0.0020162779899810575,0.0016744200950660755,0.011644283129769485,0.0012314990276099122,0.012603022158145905,0.0033466434106230736,0.0006709099980071187,0.004989999812096357,0.008351000025868416
511,0.00088285518702407,6.519281159455095e-05,0.4092976748943329,0.4647512212395668,0.0013102298181630453,0.0020785705896595496,0.022663022556577116,0.0024067277291211567,0.010714618489146233,0.0011849324218928814,0.0007907099789008498,0.005903000012040138,0.018029000610113144
512,0.0005440384048427993,5.880263989339193e-05,0.9941074252128601,0.6857556104660034,0.0037368996414911585,0.0020661921510920153,0.014346549475113624,0.0018214684777627093,0.012792129069566727,0.003296519163995981,0.0005272100097499788,0.00661499984562397,0.009848000481724739
513,0.0007152864995257011,6.523370781146026e-05,0.950406014919281,0.6741190850734711,0.0013763325260245736,0.002802173963981453,0.025846120102478925,0.0032694720386882876,0.011258815415203571,0.00228180643171072,0.000629010028205812,0.00749000022187829,0.020114000886678696
514,0.000664131655115901,7.016638576567833e-05,0.75615394115448,0.6691073477268219,0.0052393151306587326,0.004917063792934428,0.02854599510578023,0.004879396111514101,0.012091897428035736,0.003068352583795786,0.0005465099820867181,0.009735999628901482,0.02280300110578537
515,0.001501962560799654,7.750170003819256e-05,1.2971898317337036,0.5158783793449402,0.009917544800545859,0.0028126720495376028,0.025426770296927373,0.0035875965900323305,0.016027797013521194,0.0030371439643204212,0.0017591100186109543,0.012006999924778938,0.02407200075685978
516,0.0009915574078510738,7.630326028749463e-05,1.2311402559280396,0.6238067448139191,0.014225290744224874,0.004408212237489884,0.030397628536959022,0.005350193720166646,0.015145914629101753,0.003471285104751587,0.0011499100364744663,0.013292999938130379,0.032374002039432526
517,0.0009355308864644166,6.744362953818871e-05,1.519202470779419,0.4964314103126526,0.016461075293911318,0.003442174957913502,0.02282413799383228,0.0038415269677958743,0.015164542011916637,0.0034337597899138927,0.0010128100402653217,0.01728699915111065,0.021939000114798546
518,0.002004037622516174,9.087984789683053e-05,1.3983616828918457,0.4926963746547699,0.028213105782696264,0.006752103273130812,0.06355487453383259,0.012327135540047968,0.01714332588016987,0.0024598753079771996,0.0023086098954081535,0.020003000274300575,0.06905099749565125
519,0.00039488799620624273,4.788142179793729e-05,1.03073251247406,0.6806513667106628,0.002289725448594213,0.0006866308767236017,0.004689047610677007,0.000498095087672222,0.014329517260193825,0.0035297307185828686,0.0003171499993186444,0.0020179999992251396,0.0038040000945329666
520,0.0009562989552999627,9.093996834487765e-05,1.3318662643432617,0.6104677021503448,0.0002459720892192764,0.0035427355694899855,0.09162285640867443,0.010933653527393554,0.014759819954633713,0.0019069644622504711,0.0010675099911168218,0.01345400046557188,0.08429799973964691
521,0.0004985728600595726,4.89748842567994e-05,1.4311994314193726,0.5527849197387695,0.0016296588187724255,0.0014127582696957196,0.00984186756069055,0.0009651432259321618,0.014679906889796257,0.003819715231657028,0.00047341000754386187,0.003082999959588051,0.008054999634623528
522,0.0006526614587424598,5.784430468052076e-05,1.4233437776565552,0.5507931709289551,0.0028172137749585082,0.002150332163401259,0.0153731353945871,0.0016874550299890616,0.014681819826364517,0.003678000532090664,0.0006811100174672902,0.0042860000394284725,0.014290999621152878
523,0.000695722924122507,6.044922712817192e-05,0.8493715524673462,0.6491247564554214,0.007104755690789248,0.0014128673845001994,0.008886728513867154,0.0012032989592491348,0.014138142578303814,0.0035460670478641987,0.000594109995290637,0.005237999837845564,0.009953999891877174
524,0.0005363099983829929,6.125622221925153e-05,1.0506398677825928,0.6938835084438324,0.0037257316956579604,0.003123767238635031,0.019746939774665,0.0027138778673760147,0.013339558616280556,0.0034496523439884186,0.0005263100028969347,0.006279999855905771,0.01733499951660633
525,0.000903320815912035,8.040516661222627e-05,0.9136911630630493,0.6747562140226364,0.00012080320507817634,0.00141297118735744,0.04277492208131588,0.004181632571593007,0.012269019149243832,0.0016413931734859943,0.0008238099981099367,0.008469999767839909,0.038561999797821045
526,0.0006849822104877908,7.276918142700963e-05,1.0771815776824951,0.681681901216507,0.00019124978348052167,0.0019173059164482127,0.03681932325580171,0.003599695779369725,0.012333154678344727,0.0019040852785110474,0.0006228099809959531,0.009379000402987003,0.027797000482678413
527,0.0014506517225320317,0.00010840924392064091,1.2494354248046875,0.6469233930110931,0.006176363681722037,0.007827618290495972,0.05887561933924191,0.013516507952008431,0.011980828829109669,0.0027300193905830383,0.0016536100301891565,0.010960999876260757,0.054159000515937805
528,0.0009367061972974447,7.154244142004484e-05,0.414124071598053,0.4668618254363537,0.011181162209858708,0.003923948052154881,0.02478663721560611,0.004274488531120767,0.011917481198906898,0.0028329631313681602,0.0010149100562557578,0.01145000010728836,0.02496200054883957
529,0.0007422348368768032,6.27476790009459e-05,1.1648173332214355,0.6516132354736328,0.009036908362222042,0.002097292305474848,0.014213374708846347,0.0020194138521526395,0.014632325619459152,0.0034892549738287926,0.0008406100096181035,0.01259899977594614,0.010370999574661255
530,0.0017655588585393162,9.989671517435185e-05,1.3375884294509888,0.573350340127945,0.011356470390582643,0.006838368254784207,0.04776672083763275,0.011447334336851783,0.011760239489376545,0.002524669747799635,0.001897410023957491,0.01682800054550171,0.03434300050139427
531,0.0008955385857982203,8.36137620989998e-05,1.196617841720581,0.6662164926528931,0.014010384129921097,0.007414815915533234,0.045327704471368024,0.009819433511810347,0.015119538642466068,0.0034571164287626743,0.00095370999770239,0.016509000211954117,0.036315999925136566
532,0.00311785528240879,0.0001433717430608121,0.6435676217079163,0.5471881702542305,0.043240074220787475,0.03142263562319841,0.22620611805957572,0.0758811081729559,0.017784835770726204,0.0016725808382034302,0.0034412099048495293,0.04959699884057045,0.18413199484348297
533,0.002048116409477208,0.0001630925682571039,1.245883584022522,0.6448816061019897,0.056485538076557144,0.04635489966310546,0.18876313103957582,0.08928802627617671,0.015147930011153221,0.0025664730928838253,0.0022621098905801773,0.0668879970908165,0.14784100651741028
534,0.001994976228169135,0.00015804602017204124,1.1860309839248657,0.6663247644901276,0.059133152900166804,0.0444728623907079,0.2059735061625781,0.08545051169019197,0.0156983844935894,0.0025414512492716312,0.002176509937271476,0.07344900071620941,0.11681800335645676
535,0.00021039676350996324,4.22530120153309e-05,0.9331434965133667,0.699567124247551,0.002514738938862827,0.0007482021510541884,0.0048331850899746755,0.0005440336627292384,0.013972545973956585,0.0035358970053493977,0.0001497899938840419,0.0027020000852644444,0.003905000165104866
536,0.0005648288683696505,4.4464374983435226e-05,1.6762193441390991,0.3657435178756714,0.0027835324626684873,0.0007961584389058099,0.006275094875720995,0.000588994008752162,0.01600819267332554,0.003529246896505356,0.0006147099775262177,0.003092000028118491,0.005339000374078751
537,0.00042943635459682266,4.858939355035613e-05,1.2953695058822632,0.633426159620285,0.0043040449720940675,0.0010208150271765967,0.007034350387281093,0.0007987207603145289,0.015186541713774204,0.003474291879683733,0.0003197900077793747,0.004025000147521496,0.0057830000296235085
538,0.00045833635952836346,5.468177572888125e-05,1.0254547595977783,0.6942178010940552,0.005697118969960908,0.0018932391675938326,0.013062865092115232,0.001666457132003557,0.014137541875243187,0.003587150014936924,0.00038881998625583947,0.004821000155061483,0.01306500006467104
539,0.0006927691977829732,6.409760465518984e-05,0.9544010162353516,0.6608782857656479,0.0024205469843980197,0.0026731898949823637,0.019185833908359536,0.002404354284162325,0.012118788436055183,0.0032683960162103176,0.0006502100150100887,0.005255000200122595,0.016977999359369278
540,0.0009962006151520903,8.007152727008179e-05,0.9041675925254822,0.6713210642337799,0.0001365722255728663,0.0015884326888938036,0.04102551458105846,0.004297932168859351,0.011625571176409721,0.0014845449477434158,0.0009908099891617894,0.006829000078141689,0.043633997440338135
541,0.0008437550087008599,6.514671243239859e-05,1.258405089378357,0.6201576292514801,0.012696417841736479,0.002684869937759379,0.01740373366004647,0.0027463432945543844,0.014931540936231613,0.0034796278923749924,0.0008552100043743849,0.007586000021547079,0.020928001031279564
542,0.0008173680360717249,6.237949093439198e-05,1.313654899597168,0.5972720980644226,0.007918632159792403,0.0019170461367267774,0.013236357076314008,0.0017684657305939615,0.014690782874822617,0.0036378270015120506,0.0008593099773861468,0.009171999990940094,0.00827299989759922
543,0.0007237802744044345,6.217485605875526e-05,0.7234240174293518,0.6247517019510269,0.007867216368037905,0.0020657482574769634,0.014987593220315513,0.001955615348590254,0.015121744945645332,0.003455644939094782,0.0007157099898904562,0.008553000167012215,0.014407999813556671
544,0.0011417848751078567,8.149833651421542e-05,1.6506880521774292,0.38577795028686523,0.004681855699301453,0.004465339126532006,0.03827089123997073,0.005151613774215143,0.014698664657771587,0.0032527465373277664,0.0011846099514514208,0.009379000402987003,0.02751300111413002
545,0.0006800162529568603,6.651099711735454e-05,1.0563549995422363,0.672371581196785,0.011017825749471246,0.0032216239877134265,0.022470269249134693,0.003420119626182971,0.015068566426634789,0.0035017975606024265,0.0007211099728010595,0.01015899982303381,0.022091999650001526
546,0.0016765471785404314,9.50526479555643e-05,1.2124669551849365,0.6082667112350464,0.00017487712375002538,0.0022639122602793158,0.05849769038782799,0.00773569737437519,0.011714096181094646,0.0013742889277637005,0.0018234100425615907,0.015734000131487846,0.04494500160217285
547,0.0009555270095276054,9.544519133850466e-05,0.7179237008094788,0.6620738357305527,0.023057832475710898,0.013337015742492714,0.05524987075269794,0.018566566510995385,0.012602359056472778,0.003247268032282591,0.0010481099598109722,0.030594000592827797,0.04933399707078934
548,0.002059673719274127,0.00016477079460826987,1.3948513269424438,0.5545706748962402,0.15410377658904612,0.023618038511669895,0.00042720770433761414,0.009665879040386878,0.015180753543972969,0.0035899346694350243,0.0022548099514096975,0.09076499938964844,0.07649499922990799
549,0.0004540461131217741,4.802220804171048e-05,1.391359806060791,0.5827459990978241,0.002008222650103769,0.001032918417122183,0.00734021579576783,0.0007250861800078075,0.014383835718035698,0.003715238068252802,0.0003861500008497387,0.002346999943256378,0.005668000318109989
550,0.0007457543358479594,6.230622204044038e-05,0.9941204786300659,0.6184229552745819,0.0009590980805833189,0.0009990490345442077,0.007789759983075092,0.0007427710881422727,0.011745341122150421,0.0027159699238836765,0.0006817100220359862,0.003092000028118491,0.006045000161975622
551,0.0005237037616548949,6.471835444784004e-05,1.5119348764419556,0.5294245481491089,0.0001468359667965753,0.0014728112658074543,0.02863743354754353,0.0022862453306444104,0.013013088144361973,0.002197421155869961,0.0005001099780201912,0.004025000147521496,0.025269001722335815
552,0.0008743032104710188,6.587599677669549e-05,1.2918602228164673,0.5938068628311157,0.006908338170015022,0.0021825321712922946,0.017097498235953766,0.0022260296616419496,0.01503012515604496,0.003448419738560915,0.0009446099866181612,0.0061980001628398895,0.01850000023841858
553,0.003925452380212403,0.00019785953987774157,1.255326747894287,0.579418957233429,0.04396795462931412,0.013400276127434212,0.09054149635651203,0.031329630774627276,0.011320346966385841,0.0015294034965336323,0.004416310228407383,0.05401099845767021,0.05622299760580063
554,0.001528451932167833,7.876538713898413e-05,0.8343939781188965,0.5634912848472595,0.008822815253667207,0.0027164910148126157,0.021338717785196935,0.0034370887893407885,0.013720073737204075,0.00347096286714077,0.0017426100093871355,0.012392000295221806,0.019492000341415405
555,0.0007147628597521975,6.271068837338721e-05,0.8727434277534485,0.6630652248859406,0.0036835921900072142,0.0015535199259886663,0.011844431567512,0.00136841820768158,0.013400905765593052,0.0034894882701337337,0.0007217099773697555,0.00712599977850914,0.006918999832123518
556,0.0014252923730843662,8.406046749472441e-05,0.7742971181869507,0.604981504380703,0.009779725002952355,0.0044439596894656035,0.03096555158346768,0.005994419938532284,0.013131729327142239,0.0033415663056075573,0.0015169100370258093,0.01071999967098236,0.030253998935222626
557,0.000779023467962102,7.970609324040349e-05,0.5606076717376709,0.5910089612007141,0.011329130935432153,0.008892233291045585,0.042718812169122065,0.01036225630864454,0.011804384179413319,0.002867576200515032,0.0010310099460184574,0.01750200055539608,0.03898300230503082
558,0.000921609955090954,9.43898634415643e-05,0.7949742674827576,0.6732323840260506,0.01814782019279437,0.01192078648899042,0.05258438339870962,0.01571647772061454,0.012541012838482857,0.003232878167182207,0.000897809979505837,0.020157000049948692,0.03982799872756004
559,0.0008811333851741999,7.008087077414537e-05,0.895513117313385,0.6489083170890808,0.00015917565305006865,0.0012022178218111515,0.023651188433885365,0.002220697485489557,0.011431587859988213,0.0016371025703847408,0.0009196100290864706,0.0042860000394284725,0.020671000704169273
560,0.0004366252263386998,6.170846875835006e-05,0.8843470215797424,0.7042742371559143,0.012106092774977482,0.0031216991108716603,0.018635468841436357,0.0030902882187388916,0.0146489217877388,0.0036154212430119514,0.0003522199986036867,0.004689000081270933,0.025909001007676125
561,0.0003720991549944945,4.8936737073412335e-05,1.4119290113449097,0.6021194756031036,0.0060666271149120285,0.0015063130822654974,0.009779236448504616,0.0012653625256736451,0.014448776841163635,0.003481792751699686,0.00035402001230977476,0.00558699993416667,0.00930000003427267
562,0.0008858103020339443,6.836343282032081e-05,1.0620172023773193,0.6562774181365967,0.0033159243233676773,0.0032190006002805983,0.021882458629165918,0.003251261386730587,0.012145187705755234,0.003182325977832079,0.0009229099960066378,0.0074800001457333565,0.017734000459313393
563,0.00043170720293022187,5.7364029541621064e-05,0.8263772130012512,0.6820375919342041,0.006964749829561427,0.002152193668688753,0.014740225207764074,0.0019791179088217937,0.014193130657076836,0.003479954320937395,0.0004084100073669106,0.008255000226199627,0.01271700020879507
564,0.00046636988338080504,7.469335844768362e-05,1.110425353050232,0.6998837143182755,0.00029936025720576583,0.002978574504844435,0.04760945914315728,0.004919658512907692,0.01321457140147686,0.0023163575679063797,0.00040551001438871026,0.009171999990940094,0.04233799874782562
565,0.0018688471473423676,0.00012411853501653768,0.7002735733985901,0.6221474707126617,0.0015093952087092022,0.006321074916687187,0.07784422708040775,0.014863443382030807,0.011490017175674438,0.0016406020149588585,0.00224441010504961,0.01819700002670288,0.06073500216007233
566,0.0013443478818763756,7.232321003478731e-05,1.3581302165985107,0.4799903333187103,0.008025795447013939,0.001758519608556941,0.014634350236005811,0.0018719996200396976,0.0156328696757555,0.0032281442545354366,0.0014823100063949823,0.010979999788105488,0.011838000267744064
567,0.0013962517848924217,0.000100895452989729,0.7538201808929443,0.6571697667241096,0.0001640098668539951,0.002401181028585414,0.09069661046825828,0.012307423171539017,0.010793875902891159,0.0008439463563263416,0.001538409967906773,0.026750000193715096,0.06008800119161606
568,0.0005672726026067804,5.569735814941047e-05,0.8463057279586792,0.672583632171154,0.0026730521809621446,0.0013904990533769794,0.009676387315452013,0.0010776979028436582,0.013116245158016682,0.003431192599236965,0.0006522099720314145,0.0042860000394284725,0.009078999981284142
569,0.00038436976818751964,5.0047464873283074e-05,1.354405164718628,0.6209445893764496,0.006195608667366948,0.0014990311120446275,0.010503289833481427,0.0012693485753007905,0.015222769230604172,0.003461025655269623,0.000428210012614727,0.004689000081270933,0.010759999975562096
570,0.0008648692279331118,6.873152191988095e-05,1.1140565872192383,0.6415361911058426,0.005499069534504403,0.002894941091142506,0.020908689107401967,0.0029848004006759153,0.014264503493905067,0.0035614119842648506,0.0008022100082598627,0.00661499984562397,0.01941699907183647
571,0.0013857579959435714,6.565332643532662e-05,0.2918802499771118,0.317197073251009,0.007794653738575966,0.0015942901657907075,0.010995296774368182,0.0014322841677280092,0.013603778555989265,0.0035669011995196342,0.0015234099701046944,0.009668000042438507,0.013105999678373337
572,0.001443672390251472,0.00010379855264742478,1.275848388671875,0.6127218306064606,0.0002297424989404275,0.0030380931890684527,0.09952899074716752,0.012606612961334474,0.014242916367948055,0.0016635074280202389,0.001524209976196289,0.011090000160038471,0.0828230008482933
573,0.0008087743649315545,8.189961966603964e-05,1.407248854637146,0.5807172060012817,0.00022306067092859322,0.0025293885796736698,0.0671359409256093,0.006969421415122055,0.014739090576767921,0.0019046827219426632,0.0008836099877953529,0.011609000153839588,0.050446998327970505
574,0.0016291221180226548,9.412628674566404e-05,0.9559542536735535,0.6345983296632767,9.072419862274505e-05,0.0014115918242333472,0.09601930869261918,0.011341783229115401,0.01484673097729683,0.0014465930871665478,0.0016659100074321032,0.012757999822497368,0.08120699971914291
575,0.0008906738747202504,8.703345339053446e-05,0.5313345789909363,0.5612275302410126,0.00010384635975393799,0.0014911230540011085,0.05597559445618154,0.005448362978049619,0.011927221901714802,0.0015222388319671154,0.0009327100124210119,0.014658000320196152,0.03924499824643135
576,0.000809801100550729,7.295752419413039e-05,0.6217947602272034,0.6408553272485733,0.009727342194609035,0.0056309278195081705,0.03575817647131797,0.006997038339679412,0.010998590849339962,0.0017485530115664005,0.0008241100003942847,0.013193000108003616,0.02971000038087368
577,0.0020528600022345824,9.639616207089447e-05,1.1374143362045288,0.6287107467651367,0.005991238432185543,0.005708881046275646,0.04785488492203773,0.011118672697139759,0.010817188769578934,0.001630785409361124,0.0021533099934458733,0.017191000282764435,0.03162100166082382
578,0.0009683672992704333,6.894466322546623e-05,0.9848281741142273,0.6193393766880035,0.005570273899550918,0.001726984396599484,0.013872079868239589,0.0017159857955717653,0.014823568053543568,0.003530430607497692,0.0009287099819630384,0.005032000131905079,0.013028999790549278
579,0.00048481836376245097,5.8831528645495455e-05,1.0625139474868774,0.6948184370994568,0.004706706249993757,0.0026541169800349046,0.017208964088940876,0.002317333364084226,0.013151142746210098,0.003481663763523102,0.00044530999730341136,0.005818000063300133,0.013911999762058258
580,0.0009564554145536614,7.967180661344874e-05,1.0394701957702637,0.6625649631023407,8.655270692066149e-05,0.0010574535007368553,0.04012717775597797,0.0038620114309895204,0.012101894244551659,0.001488005742430687,0.0009006100008264184,0.007381000090390444,0.03353000059723854
581,0.0011180216963321966,8.377477690464999e-05,1.6376590728759766,0.3964766263961792,0.0009839906474626795,0.003626237566161228,0.0374177611047004,0.004704122047758122,0.012251454405486584,0.002847159281373024,0.0011570099741220474,0.009171999990940094,0.026569001376628876
582,0.0006863071541879683,7.128731317325432e-05,1.2613861560821533,0.6514657437801361,0.008489966251815018,0.005844651167374713,0.03818774040593038,0.0065654226278513104,0.015474168583750725,0.0032859276980161667,0.0006322099943645298,0.010582000017166138,0.030128000304102898
583,0.0016617750463428882,8.920100215322412e-05,1.5662943124771118,0.4141276478767395,0.0025078264341244646,0.0036689612389138268,0.03233823199543978,0.0049517198799443485,0.011732719838619232,0.0028113634325563908,0.0018952100072056055,0.013073000125586987,0.017517000436782837
584,0.0009938910317547735,0.00011665405233469398,1.3474370241165161,0.6352960765361786,0.018012756859356178,0.018935842411498136,0.08926247634802992,0.027866640243112986,0.012214496731758118,0.0029628858901560307,0.0011540099512785673,0.023524999618530273,0.08005400002002716
585,0.0005757239929143715,5.608514472275623e-05,1.2533884048461914,0.6521921157836914,0.0032064509374377546,0.0015684570516895956,0.011694944653708399,0.0013045571144909545,0.013786116614937782,0.003438738640397787,0.0005451099714264274,0.00482999999076128,0.008154000155627728
586,0.0005840546750263544,5.245917610380963e-05,1.3131600618362427,0.6023130118846893,0.004399767791767484,0.0009966150738351211,0.00696626410088899,0.0007816161243112225,0.01532184612005949,0.0036453912034630775,0.0006013099919073284,0.005166000220924616,0.00533499987795949
587,0.0007746445307403225,7.643974142982891e-05,0.8837511539459229,0.6875314936041832,0.01085985584562153,0.006515832687311056,0.036885347631074365,0.007593770735706365,0.013952371664345264,0.0035181581042706966,0.0010062099900096655,0.013677000068128109,0.0411980003118515
588,0.0007330293512601034,6.244152739442093e-05,1.1512622833251953,0.6484067440032959,0.004832816292922192,0.0023428948832664182,0.017168242258876476,0.0022806447415904913,0.012340901419520378,0.003156597726047039,0.0007610099855810404,0.006895000115036964,0.013753000646829605
589,0.0007795881937525666,6.072186125686169e-05,1.28334641456604,0.5962092876434326,0.006635835314889297,0.0013734332556639647,0.00924457754433382,0.0011905969004716048,0.014750339090824127,0.0034437039867043495,0.0007462099893018603,0.007381000090390444,0.007369999773800373
590,0.000898004559125632,6.858724589005045e-05,0.921873927116394,0.6287821233272552,0.004907329857675987,0.0017400242797889175,0.013257810568156921,0.0016553204991048365,0.013970708474516869,0.0034823124296963215,0.0009225099929608405,0.008346999995410442,0.008457999676465988
591,0.0011842676064474547,7.111480737127546e-05,1.184217095375061,0.5741768777370453,0.010621794877761612,0.0017510828846488257,0.010877320159947301,0.0016255684740301233,0.014664668589830399,0.003514133393764496,0.0013201100518926978,0.010029999539256096,0.01128700003027916
592,0.001212861703025998,7.83113169134554e-05,1.2874783277511597,0.5775120556354523,0.012772146046787442,0.004092879981184789,0.031293332019679494,0.005156342957561963,0.015503359027206898,0.0033045923337340355,0.0013812100514769554,0.01252800039947033,0.02882000058889389
593,0.0017154190616563909,8.16505381375578e-05,1.2362059354782104,0.5436162650585175,0.02127493992392253,0.004315935405638698,0.04306662602643408,0.007211257355255202,0.01734165847301483,0.0022916006855666637,0.0019969099666923285,0.018185999244451523,0.04255399852991104
594,0.0008201962511219532,5.3527491609444496e-05,1.6083251237869263,0.4001421332359314,0.004435648863370076,0.0011058495280503997,0.008488074172301165,0.0009067263399317729,0.014950983226299286,0.0034944326616823673,0.0008145099855028093,0.00482999999076128,0.0060629998333752155
595,0.00038732190707156054,6.830605329995082e-05,0.941636323928833,0.710564374923706,6.366695364759181e-05,0.0006898560742913869,0.035022376886477996,0.002517107966386281,0.013445986434817314,0.0018771793693304062,0.00020431999291758984,0.0052720000967383385,0.033257000148296356
596,0.0006064885538917519,5.938547373165499e-05,1.0823290348052979,0.6790177226066589,0.005476636878470291,0.0017982821981865084,0.013099378194761415,0.0016057324586680848,0.014381768181920052,0.0035847551189363003,0.000586709997151047,0.005628999788314104,0.012793999165296555
597,0.0005630765437981201,6.250929808392287e-05,0.4745512008666992,0.5439390130341053,0.007651000884695333,0.0031319633254658728,0.01924973617881462,0.0031282611849567828,0.01207069680094719,0.0031003463082015514,0.0005912099732086062,0.006845000199973583,0.021035000681877136
598,0.0006715687852627716,5.098251411282082e-05,1.6564183235168457,0.3771172761917114,0.0038756246810634732,0.0015526134711353397,0.012433612826389388,0.0013177796473724003,0.014547625556588173,0.0032995818182826042,0.0007744099711999297,0.006215999834239483,0.008623000234365463
599,0.0009527900881182616,6.923753431754511e-05,1.143963098526001,0.6289117932319641,0.006807849687491078,0.002528573184927451,0.019752875926187748,0.0026342714449088585,0.0146819818764925,0.0033475514501333237,0.00081440998474136,0.008553000167012215,0.017004000023007393
600,0.0007216370221098163,6.658513569236194e-05,0.6278352737426758,0.6138353645801544,0.009039701878291144,0.002976153471826908,0.01948398822120519,0.002998785469592209,0.013659972697496414,0.0034270617179572582,0.000663910002913326,0.009379000402987003,0.021549999713897705
601,0.0006457523342507681,7.51901165311248e-05,1.4783016443252563,0.568078875541687,0.004285350804368882,0.005127131298659207,0.042120947201644436,0.006110560861758353,0.014070088975131512,0.0033298018388450146,0.0008362099761143327,0.011524000205099583,0.03673100098967552
602,0.0009505941936517584,6.895946174318313e-05,0.4568459093570709,0.4824785217642784,0.012966009043882008,0.0029668480775272184,0.018357861063980095,0.0030067829071586324,0.013974174857139587,0.0034196684136986732,0.0010418100282549858,0.01345400046557188,0.01979699917137623
603,0.001517480981112768,0.00010033514947835765,0.3290107846260071,0.4093266911804676,0.03242628232013787,0.013195779308285083,0.04975960033814078,0.018387960727701654,0.011347157880663872,0.002280942164361477,0.0018159099854528904,0.032517001032829285,0.06137099862098694
604,0.0012548851033480231,0.00011337665248136169,1.1691665649414062,0.6767154783010483,0.020327066724124924,0.024050551000746285,0.1818435803613933,0.05448782851932053,0.016586482524871826,0.0022901147603988647,0.0014727100497111678,0.036416999995708466,0.16174399852752686
605,0.00574204171574976,0.0002752236757006003,1.503103256225586,0.4274442791938782,0.15070896611921344,0.02964604079770717,0.2658124564025309,0.08758036164359902,0.01750705949962139,0.0017543518915772438,0.005847210064530373,0.12494999915361404,0.08756700158119202
606,0.0005799401146769738,4.43069154832023e-05,1.679114580154419,0.3616293668746948,0.00444354309867318,0.0007543631652814939,0.004837647375243681,0.0005797607212172824,0.015223280526697636,0.003502936102449894,0.000572510005440563,0.00406600022688508,0.003616000059992075
607,0.0006472721081651634,5.264295415666068e-05,1.4601390361785889,0.5078926682472229,0.004826662334523798,0.0009350753624306598,0.00636961451114,0.0007409288655842576,0.014974871650338173,0.0034729926846921444,0.0007078099879436195,0.005166000220924616,0.005471999756991863
608,0.000564093839122153,5.538583774673914e-05,1.3851288557052612,0.5985939800739288,0.008276503787025184,0.0018634375858984083,0.013029450484371222,0.0017143564311715665,0.015401038341224194,0.003332287073135376,0.0004813100094906986,0.00673400005325675,0.012426000088453293
609,0.0008195935603670574,7.360498010575096e-05,0.6009010076522827,0.5944971740245819,0.005320575199171306,0.00487575916356196,0.030133556899361848,0.005110236813127361,0.011675875633955002,0.0028222324326634407,0.0007643100107088685,0.012628999538719654,0.019770000129938126
610,0.0009640210420587405,8.038296259393039e-05,1.5892614126205444,0.443905234336853,0.004973489826413767,0.004768943815029279,0.037891392307383844,0.005586599089393147,0.014228921383619308,0.0033270325511693954,0.0009829100454226136,0.007637999951839447,0.030604999512434006
611,0.0010047919545745762,6.66660726639636e-05,1.4628803730010986,0.5079032480716705,0.005683171341332832,0.0023849059337369,0.01816487450638219,0.002434412306593846,0.013885188847780228,0.003469746094197035,0.0010830099927261472,0.007946000434458256,0.013057999312877655
612,0.0010108880086546672,6.775917112860518e-05,1.4189105033874512,0.5330764353275299,0.0068007598593019455,0.0026173321841818937,0.019600271055539943,0.0027455370518463165,0.013625217601656914,0.0034057670272886753,0.0011073099449276924,0.009424000047147274,0.014928000047802925
613,0.0008811198410123746,6.846396213126723e-05,1.2353976964950562,0.6217626929283142,0.00964390513547865,0.0029126096595353734,0.0198463377474603,0.003116353035522412,0.013766833581030369,0.003379743080586195,0.0010344099719077349,0.010099000297486782,0.018325001001358032
614,0.0008690322479271013,7.813103117159238e-05,0.978104829788208,0.6772656589746475,0.0022861721234986006,0.004186174068045452,0.037938610089695686,0.005675258713004904,0.011915493756532669,0.0026366421952843666,0.0008205099729821086,0.012090999633073807,0.030337000265717506
615,0.0012981150889993089,9.905927373220777e-05,1.5159931182861328,0.49816563725471497,0.028245045449893872,0.011382839055400388,0.06849380271077594,0.017538407755476715,0.015707392245531082,0.00313579011708498,0.001605210010893643,0.025800999253988266,0.06160300225019455
616,0.0005643552659804244,5.7410722967110096e-05,0.9007769823074341,0.6737560927867889,0.0038186608352126705,0.0015595369451107993,0.011941726950999054,0.0013269460712966733,0.014240685850381851,0.003556211479008198,0.0005635099951177835,0.004290000069886446,0.011990999802947044
617,0.0006968264514293607,6.158754578508525e-05,1.1081767082214355,0.6570669114589691,0.0011390983731728453,0.0016126907996961066,0.014621654068537594,0.0015299607768719569,0.011400650255382061,0.00239139748737216,0.0006348100141622126,0.0046190000139176846,0.011220000684261322
618,0.0007179975636646946,6.757164320436634e-05,1.6124904155731201,0.4316408038139343,0.0006919045194396154,0.0024668002444746834,0.0338179956072047,0.0032772197694569405,0.013787351548671722,0.002634841948747635,0.0007453099824488163,0.005255000200122595,0.031147001311182976
619,0.0008442150955043186,5.274338226670712e-05,1.6719248294830322,0.35893863439559937,0.003985601814660226,0.0013901958460163747,0.011955547925147665,0.0012065026117741634,0.015913261100649834,0.003302427940070629,0.0009119100286625326,0.005828999914228916,0.009046000428497791
620,0.0013265403967548028,0.00010070341915517395,0.9401267170906067,0.6700820177793503,0.00027565963850871366,0.003419432518453298,0.08761896211757132,0.01157715281844919,0.01355799287557602,0.0017256955616176128,0.0014743099454790354,0.019878000020980835,0.05923999845981598
621,0.0007174207370098522,6.4799218750917e-05,0.5883523225784302,0.5902024731040001,0.0059845390671647665,0.0022750945481273353,0.016069896640930854,0.002121807437857487,0.01393737830221653,0.003619055263698101,0.0008194100228138268,0.008469999767839909,0.01224599964916706
622,0.0007627699908570649,6.467859869192669e-05,1.1630971431732178,0.6494410932064056,0.006684893018609573,0.0024005267636100867,0.01675446294337092,0.0023377074643267616,0.01346958614885807,0.0035541197285056114,0.0007715100073255599,0.00940100010484457,0.013340000063180923
623,0.0006004003715115529,8.354576429721295e-05,1.366624116897583,0.6159850656986237,0.004503991822226293,0.007211891372233439,0.06865726387630851,0.010836988609416998,0.014700745232403278,0.0029403455555438995,0.0005739100161008537,0.012431000359356403,0.05747099965810776
624,0.0007909074173568141,7.771249023959357e-05,1.1737757921218872,0.6714651435613632,0.01653301574696107,0.006049645632420489,0.035999292400158284,0.007320037471915784,0.014073476195335388,0.0035931412130594254,0.000766809971537441,0.012670000083744526,0.039021000266075134
625,0.0011910353044021034,7.506445569831406e-05,0.422241747379303,0.45117468386888504,0.004556652066424482,0.003405722219781722,0.023221837550356856,0.0034564667749072565,0.01192842423915863,0.0029843910597264767,0.0013524099485948682,0.014147000387310982,0.015931999310851097
626,0.0019162034425377686,0.00019027511591881996,0.9442102909088135,0.6956391632556915,0.000630026886121154,0.02111881300737137,0.42601006820839543,0.10430180817231813,0.015430248342454433,0.0020217769779264927,0.002334210090339184,0.06577900052070618,0.25964799523353577
627,0.0006312864242457553,5.2393351419608174e-05,1.6590932607650757,0.3843808174133301,0.004381600680131618,0.0017722380953302359,0.014356740641304794,0.0015352532615916254,0.015397856011986732,0.0033229468390345573,0.0007110100123099983,0.004362000152468681,0.013544000685214996
628,0.0004535020515481993,5.559129798642234e-05,0.8949452638626099,0.6913504153490067,0.0038556129097570622,0.0020223492502381892,0.013756549396345222,0.0017578107044532677,0.012778696604073048,0.0033922079019248486,0.00035397999454289675,0.0055740000680089,0.011773999780416489
629,0.0007531216779075903,6.1925237001557e-05,0.3810529410839081,0.43976399302482605,0.0046367787498519586,0.0022959030466085193,0.016949642683912886,0.0022009579795257955,0.011526662856340408,0.002480532042682171,0.0006997099844738841,0.006279999855905771,0.01655000075697899
630,0.00036935711578375336,5.200521111881019e-05,1.1314893960952759,0.694653794169426,0.008219853234172953,0.001757904248777913,0.010327272433200264,0.0015145843069319194,0.014583251439034939,0.003557071555405855,0.0003093399864155799,0.006647000089287758,0.010224999859929085
631,0.0003857636958985881,4.805143923840359e-05,1.0460103750228882,0.6809168606996536,0.0038424486999811816,0.0008068815681977642,0.00509190824841466,0.0006095691904375125,0.014984440058469772,0.00354828592389822,0.00025541000650264323,0.003918999806046486,0.002861000131815672
632,0.0010625229976345186,6.801750049295358e-05,1.6246460676193237,0.395504891872406,0.007294409507486882,0.0029402479671499166,0.023903958425132262,0.003143305452584507,0.015368903987109661,0.003354237414896488,0.001228510052897036,0.008255000226199627,0.021278999745845795
633,0.0009005361515698741,6.612349234237213e-05,0.8332995176315308,0.6344461888074875,0.005335940749785385,0.0019884114272284165,0.015289730947181224,0.0019894656009747562,0.012024751864373684,0.002758251503109932,0.001010810025036335,0.009171999990940094,0.010986000299453735
634,0.0008962030269122559,0.00010313920344626719,1.034895896911621,0.6899189502000809,0.011045605436690573,0.012647871767960851,0.07416283598906277,0.019036622180965995,0.012954139150679111,0.003099486231803894,0.0008762099896557629,0.017666000872850418,0.05798099935054779
635,0.0012313198860831067,8.105919951072757e-05,1.208655595779419,0.6079937815666199,0.01447153876628447,0.004815830952132106,0.035934469370360544,0.006447684543627421,0.01510713342577219,0.0032583517022430897,0.001406210009008646,0.01819700002670288,0.02902800217270851
636,0.0009158607005491445,0.00010944195219135896,1.2119319438934326,0.6694236546754837,0.010587760658353223,0.013545738368115802,0.08750960070362132,0.021873422699175325,0.013573382049798965,0.003123737871646881,0.0009526099893264472,0.023321999236941338,0.06586799770593643
637,0.00046944797192646634,5.2646993438615005e-05,1.5706541538238525,0.48021721839904785,0.005904511429176363,0.0022652676150559893,0.015383646200378107,0.002010193110845448,0.014207963831722736,0.003531981725245714,0.0003702400135807693,0.004734000191092491,0.016119999811053276
638,0.0010262177653278224,6.03160869370353e-05,1.7257791757583618,0.3046554923057556,0.004395359517007702,0.0019917022696931937,0.01598309809696423,0.0018033746948534395,0.014247543178498745,0.0035258843563497066,0.0010228099999949336,0.005903000012040138,0.011265999637544155
639,0.0008797201114403269,6.591756346704453e-05,1.2828192710876465,0.5937007665634155,0.005103253221293333,0.0019355127104412416,0.014814059533218345,0.0018643053743853137,0.014018499292433262,0.0033844062127172947,0.0009174100123345852,0.006314000114798546,0.012736000120639801
640,0.0006705111467094314,6.00052631389758e-05,0.9880257844924927,0.658172219991684,0.005438284833692539,0.0015096896577021378,0.010449581027607468,0.0013259526904539458,0.01368434727191925,0.0034987195394933224,0.0006403099978342652,0.007234999909996986,0.007096000015735626
641,0.0012141141203005801,7.785416319896533e-05,0.8649956583976746,0.6227685213088989,0.006945971208836646,0.0032156640043958847,0.02367685875322894,0.0037004819344447822,0.013757544569671154,0.003612177912145853,0.0012957099825143814,0.009171999990940094,0.021827001124620438
642,0.0008674964531831339,6.239136761634792e-05,1.3288530111312866,0.5448257625102997,0.00428784760597377,0.0013803978664284552,0.010867435980247031,0.0012076507487809862,0.014996572397649288,0.0035650236532092094,0.0009394100052304566,0.005532999988645315,0.009651999920606613
643,0.0015518714431250412,9.686993876565199e-05,0.6307901740074158,0.5639868378639221,0.0001471513283450425,0.0020757186619261843,0.07774866655355762,0.008637943055856828,0.014131283387541771,0.0015676803886890411,0.0017222099704667926,0.012613999657332897,0.0672840029001236
644,0.0007440180329238306,6.562767071113953e-05,0.6725354194641113,0.6096741855144501,9.723530105207156e-05,0.0008815152964781496,0.021215417034773462,0.0016656261411785687,0.011469708755612373,0.0015359246172010899,0.0007291099755093455,0.004290000069886446,0.02022799849510193
645,0.0005608940889769112,5.968997638751178e-05,1.3093664646148682,0.6257098317146301,0.0018559932122903847,0.0026233635890343865,0.019774391119254022,0.0024070105328232814,0.012239436618983746,0.003423066344112158,0.0005765099776908755,0.0052720000967383385,0.018109001219272614
646,0.0006391240290360052,6.722386472602992e-05,1.2925240993499756,0.6502650082111359,0.0017866478278086705,0.003088887460024563,0.027988593361087447,0.0034207937380386338,0.013158731162548065,0.003154600504785776,0.0005645100027322769,0.0061980001628398895,0.02365799993276596
647,0.0009721694001605621,6.182287869480204e-05,1.5992393493652344,0.4136084318161011,0.007694998406642291,0.0019253843014336094,0.014907168376854,0.0018252715699754495,0.015216974541544914,0.003461006563156843,0.001107509946450591,0.0078039998188614845,0.013987000100314617
648,0.0005481780508283044,5.9136890630380316e-05,0.4301600158214569,0.4946281239390373,0.005434912259764471,0.0022153794604148442,0.014972519111218364,0.0020181117316791968,0.012796420603990555,0.003288969397544861,0.00044450999121181667,0.008844000287353992,0.011361999437212944
649,0.0013868303103657486,7.524931241462672e-05,0.43298137187957764,0.4230101481080055,0.008916298177546592,0.002910935907640302,0.02116855547578204,0.003160677600210519,0.013637150637805462,0.003425891976803541,0.0016086100367829204,0.012670000083744526,0.019641999155282974
650,0.0005580267104556711,4.982853113546089e-05,1.4542138576507568,0.5225965976715088,0.0022614788400009745,0.0006705922943282875,0.004651977297163059,0.0004806153715077874,0.014652445912361145,0.003566664643585682,0.00048781000077724457,0.0020179999992251396,0.003671000013127923
651,0.0007957032169811703,6.344530830933371e-05,1.1055848598480225,0.6265851408243179,0.002874312623934539,0.0013763416920977761,0.010612641014296549,0.0012038866515805512,0.012556426227092743,0.0031663752160966396,0.0008202100289054215,0.004290000069886446,0.01042299997061491
652,0.0003118574252950692,5.333846326666106e-05,1.1526612043380737,0.7052172124385834,0.004173423511248323,0.0030695057195738993,0.017841670652354525,0.0024908247319944867,0.013621669262647629,0.0036435695365071297,0.00022626000281888992,0.005297999829053879,0.016882000491023064
653,0.002247372351269234,0.00016499820652015164,1.2627363204956055,0.6427191495895386,0.019545471099260754,0.03061928218758516,0.24634452329476966,0.07651194284149745,0.01518847793340683,0.0020254813134670258,0.002523209899663925,0.05286899954080582,0.1399250030517578
654,0.0008784282093775789,7.782747601841315e-05,0.9404897689819336,0.6776894330978394,0.004957777009541312,0.005013414670611808,0.03253641897803403,0.005729763432925488,0.012414999306201935,0.0031359847635030746,0.0008897099760361016,0.00761700002476573,0.02938299998641014
655,0.0004165272794873869,6.898206433472715e-05,0.8486154079437256,0.707294687628746,0.003806280948002799,0.005351830445489787,0.0363633344276621,0.005700121366287595,0.012231716886162758,0.003287489525973797,0.0003808499895967543,0.008511999621987343,0.03627999871969223
656,0.0006346037471308956,8.11918037789414e-05,1.2314181327819824,0.6638465821743011,0.0045105762116171896,0.006421387986741015,0.04757473627484002,0.008167024990386285,0.012685577385127544,0.0031622890383005142,0.00042530999053269625,0.011926000006496906,0.03981800004839897
657,0.0003765162543098812,4.775704207122134e-05,1.2926034927368164,0.6546964645385742,0.002047634110241569,0.0014691448879294929,0.009536959384550224,0.0010191296388192689,0.013101227581501007,0.0035309763625264168,0.00035322000621818006,0.001979999942705035,0.008375999517738819
658,0.0003406230299372129,4.5772714001564166e-05,1.0635130405426025,0.6925028264522552,0.0038026009083397777,0.0006367087672737469,0.0034694055567194306,0.000467381434778571,0.014975409023463726,0.0036361580714583397,0.00026030000299215317,0.004135999828577042,0.0023300000466406345
659,0.0005081793546346115,5.28322761732103e-05,1.325437068939209,0.6116954386234283,0.004790978406090611,0.0014076666177984436,0.010580210061548134,0.001198781656431681,0.015102331526577473,0.003383902832865715,0.00048021000111475587,0.004689000081270933,0.008173000067472458
660,0.0006683590343005411,5.493613798496683e-05,1.426449179649353,0.5464220345020294,0.005317120914721743,0.0010509116831728758,0.006980363368699642,0.0008455031592210739,0.014473187737166882,0.003501476254314184,0.0006467099883593619,0.005166000220924616,0.005556999705731869
661,0.0005687481615056102,5.364675731301527e-05,1.5811383724212646,0.46764808893203735,0.007868581270546293,0.002118909584402445,0.014589036740607029,0.0019382899938669906,0.014923100359737873,0.0035880119539797306,0.0006628099945373833,0.005628999788314104,0.01686899922788143
662,0.0007613438249089693,6.324342278031444e-05,1.1933636665344238,0.637889176607132,0.003656343019067387,0.002208796047487964,0.01620160834166999,0.002055836488053433,0.012738734483718872,0.0033065639436244965,0.0007556100026704371,0.006738999858498573,0.011944999918341637
663,0.000699858178634628,6.699028759027235e-05,1.1223305463790894,0.6805839687585831,0.012496771355111244,0.003464974750656734,0.02177539714298192,0.0036042608330894826,0.014373035170137882,0.0035453084856271744,0.0006899100262671709,0.00824700016528368,0.023145999759435654
664,0.0008541634149564927,6.989895766942834e-05,1.3294744491577148,0.6011718511581421,0.010971094192941231,0.003922936140604352,0.02692792206894369,0.00436219197148946,0.014622977003455162,0.003442519810050726,0.0008939100080169737,0.01075000036507845,0.021910998970270157
665,0.00041155424887401966,5.039691738158497e-05,1.3152563571929932,0.6294406056404114,0.00321929491177042,0.0015736517398187593,0.011790953828746557,0.001263378501159834,0.015244010835886002,0.0035027582198381424,0.0003890100051648915,0.0035329998936504126,0.011314000003039837
666,0.0011026920480260293,8.38054284496738e-05,1.423344612121582,0.5485424697399139,6.396628348941985e-05,0.0007680115022677087,0.05195826152882808,0.004769080369359312,0.012689206749200821,0.0013983682729303837,0.0011890099849551916,0.010122999548912048,0.03548699989914894
667,0.0012835653590829396,0.00010321832172501748,1.3880583047866821,0.5779846608638763,0.008058811190651315,0.007991805731329741,0.05435826826367687,0.01159403014382657,0.012960677035152912,0.003233213908970356,0.0014284099452197552,0.017191000282764435,0.03794600069522858
668,0.0009232233050002506,6.499105908519998e-05,1.4233379364013672,0.5384152829647064,0.016375867336148042,0.002745942947408127,0.01623292887829075,0.0027736742239379527,0.015571562573313713,0.0033864914439618587,0.0010968099813908339,0.017812000587582588,0.01525499951094389
669,0.0010888193577421675,8.71059750772805e-05,1.2457438707351685,0.6392802894115448,0.01594212168304282,0.00764122106513488,0.0435422761726471,0.01029537583508857,0.01418780256062746,0.0036033038049936295,0.001203909981995821,0.02144799940288067,0.03346800059080124
670,0.0018680962969901253,9.060266849416482e-05,0.6828732490539551,0.5665606185793877,0.030564401943509654,0.006170274388495803,0.0335292627071788,0.008744144058181533,0.013797979801893234,0.0034874104894697666,0.0021351100876927376,0.02675599977374077,0.040706999599933624
671,0.0024378086128396385,0.00010860249968567084,1.4688234329223633,0.4532882869243622,0.06496435313639137,0.011056025367288131,0.06681436898253056,0.0185699532616972,0.01758313924074173,0.0021495213732123375,0.0027330101002007723,0.05406799912452698,0.07366300374269485
672,0.0007695226527247691,6.05207515678088e-05,1.2915266752243042,0.5727255940437317,0.002752091907881889,0.0011084642458008092,0.008714175785878159,0.00088325787687853,0.014207502827048302,0.0035252002999186516,0.0007839099853299558,0.004025000147521496,0.007015999872237444
673,0.0006162518065313755,5.9289078163275895e-05,1.2264772653579712,0.641448587179184,0.0032704960458285414,0.0025396526866380414,0.01823662074473086,0.002117916640428541,0.014888247475028038,0.0036570560187101364,0.0006424100138247013,0.006051999982446432,0.015500999987125397
674,0.0005418244332101058,6.18284808447482e-05,0.8446626663208008,0.6847905144095421,0.007299669282677927,0.0027936523108364935,0.018158204372438275,0.0026368289701824282,0.01401553675532341,0.0036241132766008377,0.0004674099909607321,0.00737700005993247,0.01595200039446354
675,0.002160592141053038,0.00010638009752978904,1.5418169498443604,0.4447292685508728,0.025613459838460605,0.008463688872068916,0.07222140669274685,0.015167258239609151,0.015818573534488678,0.002774673979729414,0.0023909099400043488,0.024236999452114105,0.06691300123929977
676,0.0015633141503584571,7.904460900855985e-05,0.9848585724830627,0.5934069752693176,0.024260805667184415,0.004052618765190773,0.021921770440505296,0.004756204275303462,0.015088168904185295,0.0035304208286106586,0.0016922099748626351,0.020919999107718468,0.024883000180125237
677,0.0016802097207567943,9.963920662952968e-05,0.6284631490707397,0.5711788609623909,0.02579939551340205,0.008063981821729805,0.04621020975333053,0.011967100382195138,0.01380480919033289,0.0033613285049796104,0.0020510100293904543,0.030594000592827797,0.04079899936914444
678,0.001240580837692337,9.658968321014851e-05,1.4831104278564453,0.5357940196990967,0.05502717543851527,0.012357488568787656,0.042378587998527124,0.015790938353581516,0.01480744406580925,0.0034711393527686596,0.001455910038203001,0.03687899932265282,0.046226002275943756
679,0.0004939591279549576,4.743672623500479e-05,1.486445665359497,0.5105581283569336,0.0029245960132429864,0.0008091166609992071,0.005800891333110938,0.0006183303649415911,0.014160225167870522,0.0034227469004690647,0.0004975100164301693,0.0025480000767856836,0.004865000024437904
680,0.0006099966283632253,5.604145307826805e-05,1.2987027168273926,0.6062128245830536,0.003672045278311537,0.0014515748146481273,0.010997986224879335,0.0012157764470868138,0.014829633757472038,0.003613770939409733,0.0006004099850542843,0.004000999964773655,0.00974000059068203
681,0.0005373007624107614,5.4905424015465646e-05,1.5539071559906006,0.4728693962097168,0.0005243671620197445,0.001685335835096048,0.01908675745958159,0.0017046928832083943,0.011864161118865013,0.0025278599932789803,0.0005455099744722247,0.004511999897658825,0.013645999133586884
682,0.000526327157361117,6.016071698368189e-05,0.8688890933990479,0.6749834641814232,0.00796677931925834,0.0023870282581795878,0.016209027922806166,0.00222625424792765,0.01438665110617876,0.0035800286568701267,0.000496510008815676,0.0061980001628398895,0.017754999920725822
683,0.000678787665561074,6.294325455546295e-05,1.3410394191741943,0.6155590415000916,0.01142779124504777,0.0031631976753035695,0.01979496799215904,0.003186618950267516,0.01433570683002472,0.0035135927610099316,0.000656510004773736,0.006829999852925539,0.022342998534440994
684,0.0005253998915315774,5.2047844626865706e-05,1.492621898651123,0.5326311886310577,0.007221054394668604,0.0016669755977235206,0.012019184237766043,0.0014857231108000276,0.015600939281284809,0.003351436462253332,0.0005495100049301982,0.007586000021547079,0.010042999871075153
685,0.0002891166880148557,6.228168167148712e-05,1.1300063133239746,0.7121169716119766,0.002635457390279097,0.0043740749295471445,0.031121376721338537,0.00462169301123903,0.012046098709106445,0.003083782736212015,0.0002538900007493794,0.007946000434458256,0.028535999357700348
686,0.000746587937560548,7.08914536777661e-05,0.9192473888397217,0.6788005083799362,0.0020408288514120673,0.00337509605936201,0.028026863364313457,0.0039409808761571245,0.01157898548990488,0.0026589944027364254,0.0007825099746696651,0.01057399995625019,0.021019000560045242
687,0.001250599179086894,0.00012017684441029521,1.3905543088912964,0.5954746603965759,0.010387327171390234,0.013177238319559519,0.08496671148160799,0.021968293873240254,0.012336906976997852,0.002707961481064558,0.0014237100258469582,0.0199740007519722,0.06752200424671173
688,0.004274300948282457,0.00017983866772323638,1.5644166469573975,0.3963375687599182,0.09816215286086534,0.020908233853377,0.2082803975352954,0.0515495643391287,0.018111668527126312,0.0016091689467430115,0.004623409826308489,0.09187500178813934,0.08113700151443481
689,0.00037789124381437845,5.204712225384623e-05,0.8292545080184937,0.6920787394046783,0.004544311365126281,0.0013914343857069902,0.009347772446569836,0.0011227265030855065,0.013430410996079445,0.003491767682135105,0.0003030800144188106,0.004135999828577042,0.009327000007033348
690,0.0005987667572724213,6.343365465300325e-05,0.5166999101638794,0.5555047765374184,0.0005898880470314515,0.0018678444063491319,0.022175301901663818,0.002054656573891929,0.0111998924985528,0.0019577564671635628,0.0004265099996700883,0.005255000200122595,0.018998000770807266
691,0.0007056280402451159,6.0964485377497575e-05,1.1366732120513916,0.6415764689445496,0.0057126310479007104,0.0016031097455906432,0.01130201861472812,0.001394370383592915,0.013913128525018692,0.0035901349037885666,0.0007067099795676768,0.00661499984562397,0.008125999942421913
692,0.00044569263120109175,7.264540343063152e-05,1.1478078365325928,0.6957760006189346,0.0008915882124064881,0.0037794930703382718,0.04069166073817009,0.004833433257489805,0.013189983554184437,0.0028053908608853817,0.0003902500029653311,0.008218999952077866,0.03454799950122833
693,0.0012349992630860806,0.00011060499335390438,0.713426947593689,0.6542096138000488,0.07558989552959117,0.024801694764733633,0.033330196745475764,0.034415420294649085,0.013630391098558903,0.00364478537812829,0.0014582100557163358,0.04736600071191788,0.07119499891996384
694,0.00045676093109793054,4.875146099614323e-05,1.3508808612823486,0.6034459471702576,0.0034921486954892314,0.0009900078392138096,0.00682453876697247,0.0007877854673191335,0.01341298408806324,0.0033375099301338196,0.00038255000254139304,0.00406600022688508,0.0045990003272891045
695,0.000565714528115473,7.079478852418307e-05,1.1259276866912842,0.6774598658084869,0.0026403767926583828,0.004063913730014863,0.03532109762875472,0.004554259931218189,0.013585004024207592,0.00332614965736866,0.00045501001295633614,0.0052720000967383385,0.03480900079011917
696,0.00029095986975745153,5.255475829871574e-05,1.1484206914901733,0.696380689740181,0.006823186404043728,0.0022359769624455757,0.01656112161860734,0.0021358701445568272,0.015740565955638885,0.0032745692878961563,0.00021937000565230846,0.005923999939113855,0.01820800080895424
697,0.0005408541279295943,6.535276224278332e-05,0.6057718992233276,0.6191390827298164,0.007819078527497777,0.003538293682593939,0.021933621699713083,0.0035913050455388274,0.012026045471429825,0.003010035026818514,0.0004441099881660193,0.007586000021547079,0.02140899933874607
698,0.0011100716935734433,0.00011291698961829737,1.0984097719192505,0.6876468360424042,0.018011372504854097,0.017061267574657694,0.10554506148636285,0.028574839949237055,0.01485522836446762,0.0029843002557754517,0.0011935100192204118,0.02603599987924099,0.08855200558900833
699,0.0008236231954668707,9.653106782768988e-05,0.8987913131713867,0.7053890079259872,0.0005714089527458562,0.006020128605471187,0.08067407410528613,0.012544886291523429,0.011129130609333515,0.0013619810342788696,0.0007379099843092263,0.008603000082075596,0.07502400130033493
700,0.0010464119073937343,7.313904694591916e-05,1.046488642692566,0.6471114605665207,0.013098716613302936,0.0033394964647695605,0.021192741156822233,0.003708569583552873,0.013132194057106972,0.0034337337128818035,0.0010763100581243634,0.012006999924778938,0.021244999021291733
701,0.000966824723968259,7.0051874815294e-05,1.524195909500122,0.48985540866851807,0.01785978044954103,0.004119128037287365,0.02671696601291033,0.0047762845820151275,0.01513609103858471,0.0034764152951538563,0.0010566100245341659,0.015177999623119831,0.03173400089144707
702,0.0008952254710059191,6.630686702256786e-05,1.1169664859771729,0.6495077461004257,0.01589352663177407,0.002540594080982757,0.012840692830927902,0.0023901121607268006,0.01490418054163456,0.003567961510270834,0.0008894099737517536,0.017191000282764435,0.009425999596714973
703,0.0014590738768482923,8.335487536705109e-05,1.0809813737869263,0.6084510087966919,0.01726559005716914,0.0045608639988391235,0.03277305125358042,0.006252953367546329,0.015133501030504704,0.00328519893810153,0.0017387099796906114,0.01842300035059452,0.02711699903011322
704,0.000994610972242613,8.460156379557469e-05,0.7682993412017822,0.6652656719088554,0.0234942607973582,0.00832654046504762,0.03938909609682344,0.010898285794021278,0.012518392875790596,0.0032101497054100037,0.0010449100518599153,0.02151699922978878,0.041471999138593674
705,0.0026566948789986922,0.00016461626168688594,1.4433536529541016,0.5449112355709076,0.012839416976164596,0.024092663412626114,0.2317886776898768,0.06445238302377694,0.015389666892588139,0.0018579424358904362,0.0032431099098175764,0.04303999990224838,0.14266599714756012
706,0.0007373729900056759,5.992160330632162e-05,0.5618333220481873,0.5364892706274986,0.003860374077984624,0.0010294486039882202,0.007234886854355206,0.0008243775104538778,0.013480343855917454,0.0034472434781491756,0.0006321099936030805,0.004480000119656324,0.006955000106245279
707,0.0008831707629413021,6.681630365135762e-05,0.6679834127426147,0.5928479582071304,0.004268977706879938,0.0020776615309468964,0.015607938556935274,0.001956667819807017,0.013708916492760181,0.003505310043692589,0.0009025100152939558,0.006006000097841024,0.012583000585436821
708,0.0012491959664876335,6.640033009827748e-05,1.491039752960205,0.43924713134765625,0.010436724614636095,0.0016330233757614271,0.012457457679834697,0.0015940238872008666,0.01622234843671322,0.003066273406147957,0.001322809956036508,0.007511999923735857,0.012622000649571419
709,0.0007751311851355501,6.948421104807488e-05,1.3650585412979126,0.5985416173934937,0.018653554874351577,0.0043779845771474745,0.02468018488072441,0.00477924078172445,0.014728756621479988,0.003553560934960842,0.0009855099488049746,0.01741800084710121,0.027295000851154327
710,0.0004884561784090511,6.50363276578085e-05,1.4141082763671875,0.5918450951576233,0.004655755957605522,0.004369688206939738,0.03721504314635027,0.004841780203500429,0.015578832477331161,0.00307480338960886,0.0005387099809013307,0.009607000276446342,0.03186900168657303
711,0.0008126530978501591,0.00010376821891539109,1.0487241744995117,0.6927377283573151,0.00033781868139690676,0.005542601320247031,0.09827414408105313,0.014378898026342748,0.011917942203581333,0.0017137075774371624,0.001022609998472035,0.011090000160038471,0.08608199656009674
712,0.0006103560554960016,6.91520510444824e-05,0.971100926399231,0.7027528584003448,0.020596788075103095,0.005015357816835285,0.025483771895391746,0.005622181644839191,0.014596107415854931,0.003566538915038109,0.000607409980148077,0.01308399997651577,0.034376002848148346
713,0.0006047168587190991,5.065492167554564e-05,1.4963723421096802,0.49622300267219543,0.004073173405115672,0.0008266778896095944,0.005834150404890621,0.0006389773324048634,0.015456825494766235,0.00343901664018631,0.0006259100046008825,0.004251000005751848,0.0047959997318685055
714,0.00026165750290559466,4.96013096709009e-05,0.7041945457458496,0.6744513884186745,0.0026931137534156368,0.0017412989287580952,0.011650626184723026,0.0013218434753541966,0.013850265182554722,0.0037117176689207554,0.0001864200021373108,0.005326000042259693,0.009275000542402267
715,0.001043045837611725,6.833575658109301e-05,1.3331693410873413,0.5512959957122803,0.008519319413899815,0.0018843387603092892,0.013643670004368467,0.0018353216674342225,0.014939522370696068,0.003531571477651596,0.0010810099774971604,0.007805999834090471,0.012384999543428421
716,0.0007113841538586752,6.386635358181285e-05,0.48555219173431396,0.5222350247204304,0.00820579520899957,0.002505399626630381,0.01652164254420786,0.0024146755905109568,0.01328806858509779,0.003400664310902357,0.0007629100000485778,0.008363000117242336,0.01811799965798855
717,0.0003029679407824365,7.004748551326151e-05,1.2986714839935303,0.6748323142528534,0.009761161005149276,0.00844151770615242,0.05593429398198732,0.010306235954850518,0.015937644988298416,0.0031419708393514156,0.0002591499942354858,0.009328999556601048,0.06202100217342377
718,0.0012017653534160788,7.906224493668072e-05,1.103949785232544,0.6360262185335159,0.009699746357660547,0.003637528502144989,0.026569880476178177,0.004467311970932348,0.014345353469252586,0.003521630074828863,0.0014020099770277739,0.010741000063717365,0.027334000915288925
719,0.0020483851522622347,9.29273764610234e-05,0.7939423322677612,0.542786106467247,0.021091120838408656,0.005767820423815212,0.04561396140066701,0.00946666541941919,0.016117963939905167,0.003028466831892729,0.002380110090598464,0.024483000859618187,0.044499002397060394
720,0.00040149587484443466,5.557383689396399e-05,0.915886402130127,0.6961724609136581,0.0073915180960080025,0.00215199724772874,0.013494754273772523,0.0019510988793139368,0.014035778120160103,0.003574423026293516,0.0004254099912941456,0.005752999801188707,0.015007000416517258
721,0.000523883769087535,7.254516659848352e-05,0.8899063467979431,0.6935963705182076,0.02738669950990696,0.007096567864772262,0.027119067117789098,0.008277645150152663,0.014128487557172775,0.0035331849940121174,0.0006126100197434425,0.02793099917471409,0.027455000206828117
722,0.0009154434812776527,6.070403543096363e-05,1.4967732429504395,0.47286197543144226,0.004076305130142537,0.0016877815018423322,0.01453828361428175,0.001555718926105087,0.015513289719820023,0.0033487477339804173,0.0010147100547328591,0.005140000022947788,0.013732999563217163
723,0.0006578316391636338,6.88867581135074e-05,1.2530369758605957,0.6398837566375732,0.00016488465962854383,0.0016038854059624449,0.031030285020092217,0.0028287709434061184,0.012383310124278069,0.0020012948662042618,0.0006453099776990712,0.006310999859124422,0.025759000331163406
724,0.000871137765366639,6.651356829120086e-05,1.3467332124710083,0.5787635743618011,0.004024319556060893,0.0032441547623180927,0.022870163075991448,0.0033764361565018653,0.011831424199044704,0.0028146482072770596,0.0008418100187554955,0.007234999909996986,0.02053600177168846
725,0.0010118729807771978,6.928938286245229e-05,1.6766126155853271,0.3644747734069824,0.006302306374163951,0.0038973021810385466,0.03060029697028982,0.004042736706945311,0.01600407250225544,0.003267186228185892,0.0010109100257977843,0.007946000434458256,0.02676299959421158
726,0.000881767775315196,7.287686459349742e-05,1.3066003322601318,0.6077692210674286,0.0033705454347341653,0.0035105984438457585,0.0277977510824922,0.003808477255465839,0.013657046481966972,0.003531085792928934,0.0010657099774107337,0.009171999990940094,0.02092299982905388
727,0.0011934622623286885,7.736923480056049e-05,0.906399130821228,0.6112925857305527,0.009375473442123833,0.00328443530841349,0.02376916876486925,0.0038555236924901672,0.01406041905283928,0.0035438514314591885,0.0012921099551022053,0.010741000063717365,0.02416200004518032
728,0.0007583575083918236,8.567813176129562e-05,1.3013386726379395,0.640723466873169,0.0002612254900190822,0.002868286970732345,0.062103076127604726,0.006970380925309879,0.01269710436463356,0.0018143677152693272,0.0007814100245013833,0.011447000317275524,0.0619639977812767
729,0.0005263083764277687,4.9068262197097e-05,1.530121922492981,0.49627813696861267,0.00416032971157436,0.0012017620073962558,0.008316415518009403,0.0009532954363198703,0.014080928638577461,0.0035544000566005707,0.0005768099799752235,0.004290000069886446,0.0073979999870061874
730,0.00031069387874160364,7.409492008884914e-05,0.887190580368042,0.7165303081274033,0.00011457463134954375,0.0015872836255704686,0.051221652182321976,0.004645746759989151,0.014190105721354485,0.002164458855986595,0.0001831700064940378,0.004844999872148037,0.047985997051000595
731,0.0038459308262583074,0.00017556887544871468,0.781700849533081,0.5484339594841003,0.07807310889124625,0.020346743696293825,0.13005417488490253,0.04432639739262845,0.01651567406952381,0.0023866104893386364,0.004243509843945503,0.07550399750471115,0.08143500238656998
732,0.0013799171132268223,8.444221050289452e-05,1.2016570568084717,0.6019030213356018,0.00034408948405952,0.00250464294209827,0.04345160798177233,0.005692048102482843,0.011858049780130386,0.0017408812418580055,0.0013379099546000361,0.009379000402987003,0.03603900223970413
733,0.0011274129406976788,7.531691263884229e-05,0.8390984535217285,0.620105430483818,0.008398006687230892,0.003135408551521648,0.023461877269355877,0.00370410382337113,0.01353913638740778,0.003439967054873705,0.0011340100318193436,0.01095999963581562,0.018988000229001045
734,0.001151533126213731,7.756948612461776e-05,0.931816041469574,0.6558240205049515,0.018152607936842743,0.004619137985312013,0.028469434673287355,0.005672561802898176,0.014130666851997375,0.003550275694578886,0.0012948099756613374,0.01760300062596798,0.029016999527812004
735,0.0006324897968953123,5.6797973510142486e-05,0.5299978852272034,0.5409580320119858,0.004840723731333369,0.0012155593960932133,0.008108821115953187,0.0009847926831289995,0.013295088894665241,0.003423907794058323,0.0006873100064694881,0.004290000069886446,0.00927400030195713
736,0.000951059281363685,6.689253272009838e-05,1.1977251768112183,0.5781223773956299,0.005488941493665425,0.0013736856318360036,0.010436223291635297,0.0012351905096834358,0.015018428675830364,0.003469905350357294,0.0009360099793411791,0.006279999855905771,0.009161999449133873
737,0.0008011669059961007,5.876159797550635e-05,1.6020259857177734,0.4255320429801941,0.009178886767690296,0.0021039312647803564,0.01593608402179377,0.0020490627659723593,0.015499508008360863,0.0033442210406064987,0.0008950100163929164,0.007381000090390444,0.01619499921798706
738,0.0005911916306132241,6.323901112017345e-05,1.1438088417053223,0.6711755245923996,0.007467637887000764,0.0032348836657113116,0.022851507323707693,0.0032645592372895684,0.015485139563679695,0.0035269935615360737,0.0006440100260078907,0.008255000226199627,0.021006999537348747
739,0.0007996224157795035,7.484296470245538e-05,1.0493223667144775,0.6752780675888062,0.007437427883298746,0.006004567965310365,0.03346996227816486,0.00647670177696009,0.013218184933066368,0.0034616775810718536,0.0008332100114785135,0.00901500042527914,0.03340800106525421
740,0.0008283226540698337,9.225262834349515e-05,0.9494247436523438,0.6938364952802658,0.018637069980693546,0.013458575937825753,0.06106560192456332,0.018250120318038184,0.014480313286185265,0.0033649634569883347,0.0009070099913515151,0.02096400037407875,0.062213998287916183
741,0.005793008519229022,0.00029224351970416184,1.0131597518920898,0.5213882327079773,0.13823957532539322,0.028766590512691467,0.20033385834388714,0.07607943895287851,0.01733807846903801,0.0020168418996036053,0.00661000981926918,0.10429999977350235,0.19573399424552917
742,0.0022726351144814615,0.00011221981196761098,0.6979759335517883,0.5695125833153725,0.031118310117748155,0.008101468934687413,0.04774935130547082,0.013480145661775939,0.013442669995129108,0.0033832271583378315,0.00281161000020802,0.0307219997048378,0.04801299795508385
743,0.000418838379519076,4.966209018878072e-05,1.0830693244934082,0.6839621067047119,0.005186823230750859,0.0009597141581395431,0.005788691362205871,0.0007380768114199098,0.015343483537435532,0.0036586723290383816,0.0003868000057991594,0.004290000069886446,0.00571299996227026
744,0.0007361300811251479,5.536981189834835e-05,1.6267138719558716,0.4049428105354309,0.00455506638720854,0.0017739985247068435,0.014047590636228116,0.0015401704970258879,0.015125743113458157,0.0036003421992063522,0.0007658100221306086,0.005628999788314104,0.012292999774217606
745,0.0008880793206620381,7.385521591244494e-05,1.4665623903274536,0.5353456735610962,0.008451040091125139,0.005016706101029609,0.032647431551096597,0.005395829615077613,0.014599178917706013,0.003656976856291294,0.0008655100245960057,0.011106000281870365,0.0266720000654459
746,0.0017279595401429116,0.00010316849624774813,0.9438451528549194,0.6859983652830124,0.04382376492580217,0.013751124385482053,0.04859311026060109,0.02000639719279318,0.011592432856559753,0.0024970252998173237,0.001969909993931651,0.03717700019478798,0.049180999398231506
747,0.0005097101862162416,5.788103028613812e-05,1.039768934249878,0.6876392513513565,5.657872050948576e-05,0.00047478876911623996,0.017850546861119684,0.0011547971061950206,0.014282354153692722,0.0019289758056402206,0.0003464900073595345,0.002346999943256378,0.01566699892282486
748,0.00047717093518127006,5.226009484400425e-05,0.8682384490966797,0.6688856780529022,0.0030016447739681386,0.0009378964155075515,0.006439528996024787,0.0007166857835872713,0.01367097906768322,0.0035324376076459885,0.00040921001345850527,0.004031000193208456,0.004966000095009804
749,0.0006765503027118484,6.022080805188722e-05,1.4412857294082642,0.555158942937851,0.0028726121105836443,0.002866043894656949,0.019324526056387008,0.002506257167804374,0.012560206465423107,0.0034253625199198723,0.0006473099929280579,0.004844999872148037,0.015498999506235123
750,0.0003357411339009607,4.8779459356859233e-05,1.0586799383163452,0.7010879665613174,0.0034204622123392417,0.0012729775897717184,0.008715127833998255,0.0009985966514391418,0.013745421543717384,0.003447798080742359,0.00026942999102175236,0.005166000220924616,0.00609700009226799
751,0.0006057807835673544,7.059942450308727e-05,1.2362464666366577,0.6588553190231323,0.003698101773259417,0.004629413130999907,0.03198090869769426,0.0049613515158912855,0.011829782277345657,0.0030956887640058994,0.0005296100280247629,0.006982999853789806,0.025844000279903412
752,0.0012475408992804768,9.320183156478947e-05,0.697311282157898,0.625397153198719,0.00022747645667532836,0.002611011403876027,0.07164590122484796,0.008334700881678501,0.01403514202684164,0.0017701676115393639,0.001135010039433837,0.007511999923735857,0.07762400060892105
753,0.000777483677773992,7.858648906678464e-05,1.3481501340866089,0.6133435964584351,0.007124319491064415,0.005867371767285444,0.0374674635960566,0.006607536863098326,0.014227553270757198,0.003507136832922697,0.0008126099710352719,0.008891000412404537,0.03592199832201004
754,0.0006591384413611448,6.48579408130983e-05,1.1682168245315552,0.6692407429218292,0.006824568739269639,0.0033806769278126314,0.02598658108754557,0.0034685845855595906,0.01579582318663597,0.003382195718586445,0.0006672100280411541,0.008469999767839909,0.021953999996185303
755,0.0010850934647160585,6.55423652845457e-05,0.4726978540420532,0.44881880283355713,0.008472687578571943,0.001432215392125632,0.00947615938241857,0.0012783399862476919,0.014839798212051392,0.0036202543415129185,0.001080609974451363,0.009096999652683735,0.008151000365614891
756,0.0015706494050891533,0.0001148116733863143,1.6248631477355957,0.4123307466506958,0.01376458713292264,0.010836646235087332,0.06852432325888268,0.01537979501512323,0.014425436034798622,0.0031351586803793907,0.0016245100414380431,0.023243999108672142,0.04446300119161606
757,0.001216299615089925,9.929652838678367e-05,1.5289995670318604,0.4963793456554413,0.05433256584559074,0.012750300726751918,0.05218308779143263,0.017398505624986706,0.015511751174926758,0.0033477675169706345,0.0012990100076422095,0.05044100061058998,0.048757001757621765
758,0.004644457220913594,0.00016378880640458048,1.5073466300964355,0.397072970867157,0.0851077661398875,0.016014340228223255,0.14164198663978533,0.03478674276821277,0.01762433722615242,0.0018719551153481007,0.0048392098397016525,0.07344900071620941,0.07615300267934799
759,0.0004963378741209372,5.242905252977271e-05,0.6680076122283936,0.6141996532678604,0.0011776140002566018,0.0007780956174998586,0.004916252476199009,0.0005038151597503812,0.012516862712800503,0.003222425002604723,0.0004330099909566343,0.0025480000767856836,0.0033259999472647905
760,0.0006535588937693029,4.263770864198265e-05,1.7274513244628906,0.3047844171524048,0.004922436888886545,0.0005858247788881926,0.0027494159996642765,0.00043247916372795626,0.015053936280310154,0.003523742314428091,0.0006274100160226226,0.004025000147521496,0.002681999932974577
761,0.0005895018369422406,4.9333372943345785e-05,1.6571578979492188,0.39792490005493164,0.005450033524490879,0.0014082486725720583,0.011065986477931975,0.0012357447292770298,0.015016688965260983,0.0032018665224313736,0.0005954100051894784,0.006829999852925539,0.007047000341117382
762,0.0006502966902904945,6.930101022396931e-05,1.534245491027832,0.5074277818202972,0.0008088076656317698,0.00310808207091313,0.04376442917398771,0.00447205990307362,0.014600098133087158,0.002509609330445528,0.0008390099974349141,0.008363000117242336,0.037324998527765274
763,0.0011654093305348962,7.385003765913317e-05,1.1657512187957764,0.5965035855770111,0.009459355543926646,0.0028477601393949734,0.022316968307616907,0.003281704699782657,0.015200615860521793,0.003457126673310995,0.0012535100104287267,0.009607000276446342,0.020392000675201416
764,0.0014282248998276233,7.70668761153312e-05,0.7627875208854675,0.5391818732023239,0.007679894147209029,0.0023436088591225553,0.019631069223118577,0.00267706927524234,0.015448943711817265,0.0032860958017408848,0.0014657099964097142,0.009498000144958496,0.017477000132203102
765,0.0013063722083343297,7.160849293827995e-05,1.342546820640564,0.519714891910553,0.01351674159171428,0.002410675906495706,0.017635662266074454,0.002647205249264627,0.01584673672914505,0.003199618775397539,0.0014763099607080221,0.013299000449478626,0.015158000402152538
766,0.00032436964889505116,5.316859783603098e-05,0.903205156326294,0.7056939750909805,0.003324739343538248,0.002409190669369963,0.015144300348844975,0.0019523397993276405,0.012644163332879543,0.0033228122629225254,0.0003480300074443221,0.004135999828577042,0.015456000342965126
767,0.000673680563542523,6.25568687876492e-05,1.2762041091918945,0.6300475001335144,0.005825067860602189,0.002769178707987336,0.021034825766632907,0.0027042568894873314,0.016022920608520508,0.003456262405961752,0.0007947100093588233,0.005532999988645315,0.022238999605178833
768,0.00044742855327915886,5.2774977719117724e-05,1.3422380685806274,0.6190703213214874,0.0045751732379655415,0.001962676843500801,0.014682790603064426,0.0016866214729991252,0.01525653526186943,0.0035800007171928883,0.00038949999725446105,0.00585100008174777,0.010635999962687492
769,0.0003996824583023232,5.5907260010298074e-05,1.1257895231246948,0.7002154737710953,0.00794977545916097,0.002330827069905672,0.016776105652826404,0.0022349623536003253,0.015617229044437408,0.0034336037933826447,0.0003431799996178597,0.00698000006377697,0.015925999730825424
770,0.0006690936348607405,6.424783654608384e-05,1.4942829608917236,0.5316068828105927,0.005837812384307522,0.003840480090594705,0.024073955367408438,0.003677216967411223,0.014208519831299782,0.0038186656311154366,0.0007795100100338459,0.007782999891787767,0.01976799964904785
771,0.00030128627580386786,5.3143005961894406e-05,1.126793622970581,0.70761838555336,0.0034433022419114814,0.0030052916893873248,0.018427304081124057,0.002503025427095403,0.013096893206238747,0.0034547937102615833,0.00034779999987222254,0.007946000434458256,0.013987000100314617
772,0.0009926804812514542,7.263951486808468e-05,1.1076480150222778,0.6431665569543839,0.004910143222119005,0.0032659238654683914,0.0231284723267671,0.0035120410246162782,0.01256772130727768,0.0032927775755524635,0.0011055100476369262,0.010815000161528587,0.015587999485433102
773,0.0010641189451027707,7.101516889292537e-05,1.11648690700531,0.6369097381830215,0.008949984452573273,0.0033107234725414983,0.023130370613211753,0.0037671228874212852,0.015072822570800781,0.0035645142197608948,0.0010462099453434348,0.01252800039947033,0.01466899923980236
774,0.001657980652165482,0.00010923878375509479,1.445867657661438,0.5288454294204712,0.0061683668244632076,0.008670217828971214,0.08845572869422705,0.017248451453137484,0.014706762507557869,0.0024944329634308815,0.0019171100575476885,0.025614000856876373,0.05086899921298027
775,0.000702580189566794,6.961528100684266e-05,1.0947768688201904,0.6752817034721375,0.004843267584896516,0.004299300333497972,0.0275603727238089,0.004398782663267792,0.013751290738582611,0.0034909402020275593,0.0007499100174754858,0.009379000402987003,0.025090999901294708
776,0.0007429498858990736,0.00012827080270747947,1.1278687715530396,0.7069127112627029,0.13811757807826794,0.022357398776095383,0.0004275960247004209,0.011281232535908538,0.014870240353047848,0.003576097544282675,0.0006998099852353334,0.04781100153923035,0.09627299755811691
777,0.0026339849482285987,0.0001072465267927859,0.9379421472549438,0.5554566979408264,0.05003738063620221,0.010023670421078441,0.07068210004852367,0.01861980274054685,0.01714089885354042,0.0024426328018307686,0.0032411098945885897,0.048416998237371445,0.06116200238466263
778,0.0005446874936374397,6.194954457038225e-05,1.2640756368637085,0.6535239219665527,0.003544994955866395,0.003228109656902295,0.02150456280931098,0.0029432616932475297,0.013683666475117207,0.003664878197014332,0.0005783099913969636,0.00661499984562397,0.016090000048279762
779,0.0006498088553605795,5.2901324611321276e-05,1.594696283340454,0.4361910820007324,0.00507602194392327,0.0014187678928697068,0.011606032836832545,0.0012116751371816972,0.015705090016126633,0.003298199735581875,0.0006017099949531257,0.007263000123202801,0.00622999994084239
780,0.0007858643633125102,7.158704498098944e-05,0.7521647214889526,0.6364025920629501,0.0023750751032309268,0.0034783044721031723,0.027239007150350776,0.0038729207188032844,0.011701717041432858,0.0028429413214325905,0.000828909978736192,0.008511999621987343,0.020930999889969826
781,0.0008773399890128476,6.721501067385131e-05,0.6062649488449097,0.5769818723201752,0.007203763434533878,0.00211971967155568,0.015377288203914102,0.0020506527736969997,0.01437023002654314,0.003511040937155485,0.0010415100259706378,0.009379000402987003,0.013063999824225903
782,0.0009219272369405415,0.0001032505572350934,1.3746730089187622,0.6038620471954346,0.0010853669225287406,0.007218940528845794,0.07893415377791826,0.01299073724545411,0.012495379894971848,0.0022724526934325695,0.0009539099992252886,0.015157000161707401,0.06944099813699722
783,0.0009603873524710569,7.626461127979765e-05,1.2483763694763184,0.634501725435257,0.020190171988408473,0.0056101088645881675,0.030405898398073884,0.006735980917775655,0.013672311790287495,0.0034346459433436394,0.0010618099477142096,0.022281000390648842,0.0227190013974905
784,0.0021331034450639053,0.00010151406820008884,0.5683261156082153,0.5124550834298134,0.0383644575471934,0.00877666091736686,0.060191848083051336,0.014737092515413684,0.01641939952969551,0.0028777415864169598,0.0025029100943356752,0.04303999990224838,0.055254001170396805
785,0.002670039738037862,0.00016885883683375098,1.2239199876785278,0.607257068157196,0.12403373851678853,0.02382040424189258,0.013757070498191928,0.023175081151915623,0.014696178026497364,0.0035716169513761997,0.0028590098954737186,0.05770900100469589,0.08794999867677689
786,0.0005444973488218759,5.2551221422558476e-05,1.48393976688385,0.5465644598007202,0.005232304592036292,0.0016631774414383078,0.013180725854266924,0.0014529444188681531,0.015704084187746048,0.0034023895859718323,0.00047600999823771417,0.003003000048920512,0.012490000575780869
787,0.00045462052611119056,4.99435764446354e-05,1.468056082725525,0.548380970954895,0.00916687154475006,0.0014094564655582871,0.0073367068315472765,0.0011571093114505098,0.015091650187969208,0.003518061712384224,0.0003989500110037625,0.008553000167012215,0.006326999980956316
788,0.00046712064702178263,5.4413556424915945e-05,1.5020873546600342,0.5344747006893158,0.000419107258051487,0.0014038912079434372,0.017035095815867467,0.0013583563183663522,0.012903199531137943,0.0029664989560842514,0.0005352100124582648,0.004000999964773655,0.014776000753045082
789,0.0007000595323188561,6.173425780311076e-05,0.9061441421508789,0.6683911979198456,0.004808057387584743,0.0017917042903503448,0.013139047734972167,0.0016181091066435425,0.013669468462467194,0.003407066222280264,0.000601509993430227,0.005166000220924616,0.011734999716281891
790,0.0005704695921330787,5.979075977287704e-05,1.3515294790267944,0.595294326543808,0.0036531468583788727,0.0027520052022644154,0.01773257423707643,0.002256674024953123,0.014408629387617111,0.0037987823598086834,0.0006063099717721343,0.006134999915957451,0.015009000897407532
791,0.0009310999136934618,6.789291357839334e-05,1.458343744277954,0.5126702785491943,0.004702434446894587,0.0028449488540179414,0.021581394522630786,0.0028392695780541707,0.015123359858989716,0.003621946554630995,0.0008804100216366351,0.006951000075787306,0.01831500045955181
792,0.0004981312941278306,6.052057964703902e-05,0.8566542863845825,0.6880471259355545,0.008058620955795086,0.002487433279217133,0.016933613102629502,0.0023498403869665783,0.01440886128693819,0.0035420311614871025,0.0004512100131250918,0.007720999885350466,0.01734200119972229
793,0.0005250622443947474,5.762081383549583e-05,0.9689794182777405,0.6881931722164154,0.010073281419507413,0.0019243881194217693,0.011252419840430315,0.0017055360365949542,0.014810562133789062,0.0036349166184663773,0.00048580998554825783,0.008363000117242336,0.011196999810636044
794,0.0012230777920785138,5.795709194280621e-05,1.7167140245437622,0.3081628680229187,0.012191327197124333,0.001628366035252262,0.012147438147344777,0.0015546787511718976,0.016405517235398293,0.0030083954334259033,0.0013742099981755018,0.01259899977594614,0.008901000022888184
795,0.001166995156762902,7.863705505820398e-05,1.0686553716659546,0.6428674906492233,0.01951502148773366,0.004708175611364807,0.029081016058827357,0.005900717281571708,0.014644010923802853,0.0035507995635271072,0.0013134100008755922,0.016509000211954117,0.032812997698783875
796,0.00045759494111650246,5.838245403838715e-05,0.8166511654853821,0.6881401240825653,0.00571000672274365,0.0024114352759429924,0.015991633465846825,0.0022253439962746646,0.012647189199924469,0.003247480373829603,0.0004023500077892095,0.004290000069886446,0.018202999606728554
797,0.0005593688876309329,6.0610920124924445e-05,0.6528167724609375,0.6439945548772812,0.00436830935759464,0.0025258152222279126,0.016772320880457492,0.002325398160861302,0.012520003132522106,0.0032551861368119717,0.0004541100061032921,0.005532999988645315,0.016093000769615173
798,0.000351259300723066,5.4977293674799674e-05,0.8872090578079224,0.698621429502964,0.006328895776181152,0.002321569672936101,0.01597899221166033,0.002092590625472494,0.014505491591989994,0.003542996011674404,0.000405080005293712,0.008603000082075596,0.013794000260531902
799,0.0008081148496881372,6.242698420048199e-05,1.2246599197387695,0.5992868840694427,0.004941123645884117,0.0013679263019576613,0.010077117218942597,0.0011945934652691885,0.013884286396205425,0.0034264549612998962,0.0008182100136764348,0.005752999801188707,0.009484000504016876
800,0.000782362561768125,6.899510188539002e-05,1.274393916130066,0.6187089383602142,0.0011420230900321391,0.002924278117957307,0.02901960029113801,0.0035684642421738404,0.012010126374661922,0.002609074581414461,0.0007801100146025419,0.006835999898612499,0.023122001439332962
801,0.0010123135858644734,6.972883013601925e-05,1.3490931987762451,0.5592812299728394,0.007856616206198756,0.002617646834293424,0.020921370880622434,0.002866774470626698,0.01537704560905695,0.0033465572632849216,0.00109011004678905,0.007805999834090471,0.017761999741196632
802,0.00098216056622537,6.803252749462165e-05,0.590296745300293,0.5612888932228088,0.008747967631627492,0.00224096028764664,0.014684499537979241,0.002201433599444542,0.012754468247294426,0.003344516735523939,0.0009096100111491978,0.008193000219762325,0.013214999809861183
803,0.0009509663500330744,6.901225757951547e-05,0.9002559185028076,0.653533548116684,0.009883026835105089,0.002737435074500317,0.018142924150239895,0.0028156636887201845,0.014124366454780102,0.0036439578980207443,0.0010329099604859948,0.009379000402987003,0.016529999673366547
804,0.0013701273955611637,7.838018479298676e-05,1.0976232290267944,0.5888101607561111,0.009241213378864152,0.0029246078947553038,0.02448369242028986,0.0036475101993926045,0.015467527322471142,0.0033708405680954456,0.0015945100458338857,0.011447000317275524,0.020729999989271164
805,0.0016182670019456143,8.849777831957588e-05,1.4136146306991577,0.5239077508449554,0.02922472652383745,0.007703187045880085,0.05806863878182522,0.012243502694277535,0.016517262905836105,0.0027412609197199345,0.001765209948644042,0.029888000339269638,0.04759100079536438
806,0.0002733607182374124,4.232099784188883e-05,1.0226801633834839,0.701153501868248,0.0009012953377871605,0.0008612533041128832,0.005429851358305108,0.0005357625295261802,0.012017852626740932,0.0029240623116493225,0.00020286999642848969,0.0020179999992251396,0.00356299988925457
807,0.0003105190993744104,4.639887097446398e-05,1.3292393684387207,0.6365905106067657,0.004346216466920626,0.0012401246854683867,0.008708049764160133,0.0009840285047514829,0.015138637274503708,0.0035680956207215786,0.0003001999866683036,0.004734000191092491,0.00788399949669838
808,0.000729015799119502,6.253719927123508e-05,1.075108289718628,0.6408806890249252,0.003507475068224621,0.0011706473465418706,0.00889488932455277,0.0009940977157420995,0.01322896033525467,0.003267526626586914,0.0006782099953852594,0.0052720000967383385,0.0057669999077916145
809,0.001304649266435099,9.135103029674519e-05,1.2254832983016968,0.6200125217437744,0.004090010064300748,0.004864426336233144,0.039108053620928056,0.006816717290066741,0.012700693681836128,0.003258331213146448,0.0012322099646553397,0.00974700041115284,0.032478999346494675
810,0.0007974620658031577,6.181420452664826e-05,0.3817174434661865,0.4336860775947571,0.0019553026517528218,0.001975035445654868,0.01469652412945789,0.0015832800017477966,0.01127950195223093,0.0025051371194422245,0.0008527099853381515,0.006006000097841024,0.010692000389099121
811,0.0007596450363350337,7.036252673900563e-05,1.3442004919052124,0.6041155457496643,0.007043350064590822,0.00460455138918864,0.03090634820509089,0.00490760782006896,0.014995001256465912,0.0035143117420375347,0.0007070099818520248,0.007579000201076269,0.028706001117825508
812,0.0008943383340195699,6.862314835646207e-05,0.9301527142524719,0.6449069082736969,0.005406736321569527,0.002426285422588698,0.01804578049641782,0.0024026004455061714,0.01363731361925602,0.003345885779708624,0.0009511099779047072,0.009192000143229961,0.015297000296413898
813,0.0014342757703788773,8.959585927326044e-05,1.5481908321380615,0.4577077627182007,0.014406527824501743,0.0056310982228196076,0.04129785145414951,0.0075035613945005734,0.01436418853700161,0.003288718406111002,0.001712910016067326,0.01994200050830841,0.02973099984228611
814,0.0007272274369636491,7.154719396216852e-05,1.0769015550613403,0.684762105345726,0.0007739516610702314,0.0027261879279431773,0.029974893283976463,0.003361818719429468,0.012449363246560097,0.00284007890149951,0.0007882100180722773,0.00585100008174777,0.02601800113916397
815,0.0004662825862418132,5.9645697006747555e-05,1.3593696355819702,0.6161311268806458,0.001034856047493016,0.0024879893153574467,0.02355203026999374,0.002533451603059296,0.012231351807713509,0.0030873524956405163,0.0003605799865908921,0.00673400005325675,0.016652999445796013
816,0.0006679012810598644,6.178160948717585e-05,1.0001014471054077,0.6782794445753098,0.009409954272145658,0.0023885529281129424,0.015413821253316673,0.0022377713550048783,0.014046174474060535,0.0035904343239963055,0.0006663100211881101,0.007348999846726656,0.016162998974323273
817,0.0006507834623881164,6.044124629454644e-05,1.2071349620819092,0.6438938826322556,0.008059147430682397,0.002547935160565066,0.016872948127882086,0.002480489338768259,0.013811478391289711,0.0034230477176606655,0.0007119100191630423,0.010122999548912048,0.010592999868094921
818,0.0006892049511104939,8.955856673044762e-05,1.1486507654190063,0.6901538372039795,0.0007234934516129344,0.005918402529189156,0.08768888071785576,0.01263325996463037,0.014763940125703812,0.0023554349318146706,0.0007787100039422512,0.014918000437319279,0.06862299889326096
819,0.003950482330025817,0.0002593999065567086,1.3057994842529297,0.5731766819953918,0.05878347832578521,0.0665517789672581,0.7709936083016062,0.25005424755664213,0.018660780042409897,0.0011403374373912811,0.004665010143071413,0.12494999915361404,0.44480201601982117
820,0.0006679958870254984,6.792734583185503e-05,1.3987112045288086,0.5815010070800781,0.0012053306102126954,0.002789523859122322,0.03223403027879108,0.0033311784320624385,0.014188780449330807,0.002966436557471752,0.000732810003682971,0.007946000434458256,0.02613999880850315
821,0.0008391669875621689,6.463081068120428e-05,1.075406551361084,0.6339505910873413,0.005420820863864478,0.0013732071014413171,0.009582244476010526,0.0011962783434345155,0.013634316623210907,0.003382342401891947,0.0008384099928662181,0.0042860000394284725,0.010277999565005302
822,0.0006007498568569374,5.462746971210972e-05,1.4935150146484375,0.5207085311412811,0.0045092887651925154,0.0016614894598304072,0.012979248285951076,0.0014424745432847332,0.015098817646503448,0.0034244894050061703,0.0005839099758304656,0.005255000200122595,0.012165999971330166
823,0.000629474771281646,6.468881188055934e-05,1.2644474506378174,0.6411842703819275,0.0031845088450586415,0.0035109028848289855,0.024507447524561462,0.0034943875179034994,0.01215596403926611,0.0031697237864136696,0.000587910006288439,0.006279999855905771,0.022381998598575592
824,0.0007631909454527958,6.456534159500254e-05,0.9892563819885254,0.6643751859664917,0.007722179576630546,0.002204798393233584,0.015620063310352539,0.002149343743204214,0.014487318694591522,0.003547965083271265,0.0008060099789872766,0.006835999898612499,0.016033999621868134
825,0.0010952303794160936,7.554132891262808e-05,1.624802589416504,0.3948383927345276,0.0018771975522520693,0.0029479926035319314,0.027565426629739508,0.003278956378319129,0.013036773540079594,0.003338344395160675,0.0012417100369930267,0.008836999535560608,0.019589999690651894
826,0.001160780742662371,8.48437975568009e-05,1.235535740852356,0.6093950867652893,9.913679941424909e-05,0.001441614514681741,0.06840641583462977,0.006998325673287918,0.014695721678435802,0.0016231290064752102,0.0012836100067943335,0.012202000245451927,0.05691400170326233
827,0.0008587726078701733,8.99789477352161e-05,1.305874228477478,0.6386374533176422,0.0026940320355038137,0.0073107121006016655,0.09873411970933821,0.014958816017132184,0.015765655785799026,0.0023722113110125065,0.0008713100105524063,0.021151000633835793,0.06826300173997879
828,0.0005134034177853645,4.9355111354735035e-05,1.5981476306915283,0.4488391876220703,0.005938964477988953,0.0014748062677069147,0.010763566437818686,0.0012161350589480159,0.015474596992135048,0.0034376289695501328,0.0003915599954780191,0.005032000131905079,0.009471000172197819
829,0.0009828844198973216,6.959704083420973e-05,0.6323924660682678,0.564632385969162,0.00012025823941283323,0.0008972691223294286,0.023395368824179086,0.0019828085709192138,0.011224029585719109,0.0012816889211535454,0.0009534099954180419,0.005818000063300133,0.018004000186920166
830,0.00030645334394031876,5.869820660444339e-05,0.9582719802856445,0.7147686630487442,0.00041631787522548733,0.0018090687842048248,0.022554061188831083,0.0018872203241195682,0.01316005364060402,0.002810162026435137,0.0002234800049336627,0.007414000108838081,0.014941999688744545
831,0.0009961563177810356,8.85335920348064e-05,0.6665749549865723,0.6411683186888695,0.014362558403700031,0.010509331205513193,0.046843173517623106,0.01352564343817659,0.012096161022782326,0.0030593620613217354,0.0010402100160717964,0.027282999828457832,0.030407998710870743
832,0.0013446733875877488,9.007364587258163e-05,0.7186706066131592,0.6253514960408211,0.0007045461572880006,0.003649381764638855,0.05066018060641848,0.007488289210215274,0.011199399828910828,0.0015221694484353065,0.0013347100466489792,0.015931999310851097,0.034182000905275345
833,0.0013362079228496284,0.00010277026932982577,0.8171100616455078,0.6473825424909592,0.00021679026765879507,0.0029658659973234797,0.08128110430538026,0.010327790022984784,0.012866152450442314,0.0016801473684608936,0.0015400099800899625,0.026750000193715096,0.05381200090050697
834,0.0006815624109145432,6.578545244904975e-05,1.338705062866211,0.6142871677875519,0.00014715520598007517,0.0012053747478389103,0.031112365696903167,0.002497249972157889,0.014429271221160889,0.0019696583040058613,0.0006614099838770926,0.0052720000967383385,0.02674200013279915
835,0.0007857582403998279,6.462967380202272e-05,0.9253568053245544,0.6465482413768768,0.005314762895375707,0.0014125960295598501,0.01026558098479665,0.0012271519752042933,0.014590905979275703,0.0034791501238942146,0.0007900099735707045,0.005828999914228916,0.009341999888420105
836,0.0008704355193009045,6.72019636247139e-05,1.3362772464752197,0.5846672356128693,0.002773510922429528,0.003155146632594347,0.02209033994687842,0.0032212036107966257,0.01194398757070303,0.003027326427400112,0.0008865100098773837,0.006845000199973583,0.01916699856519699
837,0.0003704665073448631,5.9457360130147935e-05,1.2618695497512817,0.6680684089660645,0.007308827846383353,0.004011630051906502,0.024920998400858048,0.003959332986851022,0.014330466277897358,0.003571123816072941,0.0003030800144188106,0.007234999909996986,0.02571200020611286
838,0.0009274996757925274,6.690839378483142e-05,0.48404115438461304,0.49893786013126373,0.007147404938808402,0.0023347779834109465,0.01666342253527316,0.0023069281867994984,0.01340299379080534,0.0034062666818499565,0.0010257100220769644,0.009309000335633755,0.015985999256372452
839,0.0009412119019759881,7.203591844106276e-05,1.5218505859375,0.48496514558792114,0.005744040596870636,0.004598175236808231,0.027971259157251877,0.004662694226901682,0.013384819030761719,0.0035009318962693214,0.0010591100435703993,0.010452999733388424,0.02100599929690361
840,0.0012368780415384331,6.988837888220777e-05,1.4906586408615112,0.46632280945777893,0.012053282942604656,0.002522057505653568,0.01761649825860542,0.0027008708635868047,0.014452540315687656,0.0035309367813169956,0.0013260099804028869,0.01269499957561493,0.014234000816941261
841,0.00514734333792159,0.00017358247186091257,0.6438561081886292,0.43009305000305176,0.07657350079296635,0.012013137514116402,0.07513302742646613,0.023660836433718652,0.015919554978609085,0.002714030910283327,0.005917009897530079,0.07054899632930756,0.07452800124883652
842,0.0009392767646234107,8.490040572753485e-05,1.2192132472991943,0.6414313614368439,0.006076660060361252,0.006130398085297603,0.04023882144930192,0.007518862546496492,0.013021374121308327,0.0035242168232798576,0.0010139100486412644,0.011915000155568123,0.03353499993681908
843,0.0007756547647645224,6.279998853717236e-05,0.6471132636070251,0.5803731977939606,0.0029171269524659337,0.0016779513954900036,0.012582563054807904,0.0014586995766207944,0.012322982773184776,0.0031991186551749706,0.0008320100023411214,0.004290000069886446,0.012606000527739525
844,0.0007163188070324716,6.258138513385696e-05,0.6919692158699036,0.6193851605057716,0.0007389570614032923,0.0014878539922677505,0.014564673475086243,0.001397976358208204,0.011393200606107712,0.002530671190470457,0.0006387099856510758,0.005140000022947788,0.01123799942433834
845,0.001108970433925778,7.187980533296531e-05,1.110577940940857,0.591444581747055,0.004904997389666176,0.0026508044413354865,0.0184433806802796,0.0027146519901570243,0.014262012206017971,0.003716887440532446,0.0010739100398495793,0.006051999982446432,0.017117999494075775
846,0.0005852727486715013,5.572713359531758e-05,1.4268690347671509,0.5663506090641022,0.009564690665750991,0.0018857770899873261,0.012880763363738041,0.0017574983207031946,0.01566106453537941,0.003367934376001358,0.00046181000652723014,0.006314000114798546,0.014561000280082226
847,0.0005423621925363545,7.122058119049302e-05,1.1615033149719238,0.6800655424594879,0.002498746761519515,0.004161696968567706,0.04350155120562409,0.005268423978692437,0.014764414168894291,0.0029757367447018623,0.000511610007379204,0.007381000090390444,0.03954099863767624
848,0.0011178345119990125,6.567148860169632e-05,1.702697515487671,0.3266414403915405,0.01038881275937079,0.002913610274692426,0.026641083965999644,0.0032815721484251263,0.016324948519468307,0.002918438520282507,0.0012567100347951055,0.009607000276446342,0.022565999999642372
849,0.0009835288931615534,7.564088820578087e-05,0.8948456645011902,0.6593561470508575,0.008977186729337866,0.00408166779353334,0.028146414219926884,0.00481930966462004,0.012455849908292294,0.0032394034788012505,0.0009485100163146853,0.015584000386297703,0.024089999496936798
850,0.0007087766556416827,8.939518157304678e-05,0.9288708567619324,0.7038426846265793,0.0018051195350654993,0.006360498164341641,0.060359581720487346,0.00984222793314482,0.012120245024561882,0.002466172445565462,0.0007029100088402629,0.018641000613570213,0.04641299694776535
851,0.0003240763187073923,4.7788865725534795e-05,0.8342403769493103,0.6950154602527618,0.0021640286881550066,0.0012389843937254555,0.008296501693611142,0.0009221817037595018,0.012678581289947033,0.00335926515981555,0.00026046999846585095,0.002761000068858266,0.007153999991714954
852,0.0003914382742971172,5.770700030135705e-05,0.9835622310638428,0.6989049464464188,0.00027384046009550913,0.0013524094940010035,0.018584223331536257,0.0014459946877148373,0.012194782495498657,0.002454513218253851,0.00023932999465614557,0.0030849999748170376,0.01625800132751465
853,0.0007924120180724735,5.915299662061663e-05,1.5281089544296265,0.48104873299598694,0.009893965417387868,0.0019446570200790866,0.01328929726226035,0.001808264731895568,0.015224212780594826,0.003450501710176468,0.0007516099722124636,0.010184000246226788,0.010941999964416027
854,0.0005081815864781327,4.597894067219678e-05,1.5894149541854858,0.45361799001693726,0.0035004154857488676,0.0009463081340889148,0.007305145397150166,0.0007346730203989637,0.015245707705616951,0.003374820575118065,0.0004832099948544055,0.004000999964773655,0.005509999580681324
855,0.0009196237363128602,6.906375740208448e-05,0.9103472232818604,0.6224339008331299,0.002864192234516736,0.0021284371859088278,0.01567170620847995,0.0018964586979139933,0.013411689549684525,0.0035517546348273754,0.0009346100268885493,0.0050119999796152115,0.012775000184774399
856,0.0007174585475069455,5.238702357557995e-05,1.5594596862792969,0.4526560306549072,0.0030306608728003564,0.0010141494510814975,0.007567854414264466,0.0007902881593236139,0.014294934459030628,0.0035361084155738354,0.0008089100010693073,0.0052720000967383385,0.004106000065803528
857,0.00036454838648420203,5.557425041914535e-05,1.0107800960540771,0.7076846361160278,0.0022339988580262642,0.002604232640505615,0.0186428618309558,0.002239330239142575,0.011816201731562614,0.002925488632172346,0.00033318999339826405,0.005628999788314104,0.015553000383079052
858,0.001036099828439983,6.87966422699604e-05,0.7243674397468567,0.5929556116461754,0.009176740397572413,0.0019316285724567768,0.012665171206379753,0.0018475422111863121,0.013323449529707432,0.0034044329077005386,0.0009630100103095174,0.006996000185608864,0.01425699982792139
859,0.0009177143433492568,5.84402385799268e-05,1.656341314315796,0.3717486262321472,0.006335107631397756,0.0017592679331438197,0.018752137769944995,0.0018426062012793353,0.01685195043683052,0.002696304116398096,0.0009633100125938654,0.007946000434458256,0.015918999910354614
860,0.0007190610209981162,6.720813327158829e-05,0.6814809441566467,0.6239602789282799,0.0008102457864531194,0.002296533749842145,0.023753534950456942,0.0026314542058177535,0.011285110376775265,0.0022049015387892723,0.0007304099854081869,0.004153000190854073,0.023347999900579453
861,0.0003975032440030457,5.296589463631187e-05,1.2417887449264526,0.6638018786907196,0.001971706386691061,0.0023396566679786336,0.01682088315301643,0.001959065666510938,0.011815174482762814,0.002917659003287554,0.00033964001340791583,0.005861999932676554,0.01230200007557869
862,0.000581145778756918,6.314906300955843e-05,1.2366433143615723,0.6562814265489578,0.005536476263489806,0.0033885164763792215,0.023147748123785106,0.0031393881254468767,0.015502221882343292,0.003488107118755579,0.0004564099945127964,0.006982999853789806,0.018180999904870987
863,0.000656615736614016,6.169376471667847e-05,0.8285232782363892,0.6619246900081635,0.0056026505529910425,0.0020538291478874255,0.015115354092586302,0.0018858017347035587,0.014368554577231407,0.0034981942735612392,0.0007342100143432617,0.00761700002476573,0.012551000341773033
864,0.003411854133998338,0.00016308143970046227,1.5157275199890137,0.44452714920043945,0.08150472026312577,0.0231962859314601,0.2109540824478186,0.056854225256389626,0.01795721985399723,0.0016751214861869812,0.004018010105937719,0.07324600219726562,0.14736399054527283
865,0.0007623559646980538,6.645612973623131e-05,1.109009861946106,0.6636413335800171,0.0029239907865460137,0.0032487709768909967,0.02222286099145655,0.0031803257839636747,0.011984312906861305,0.0031743785366415977,0.000677209987770766,0.008511999621987343,0.015444999560713768
866,0.0011181794464804706,7.82947783012157e-05,0.6827163100242615,0.5947044640779495,0.009255078768669977,0.004250065891743617,0.0294505683481126,0.005110266014549187,0.014470100402832031,0.003457347396761179,0.0013345100451260805,0.010805999860167503,0.029698001220822334
867,0.00029786683446440424,6.022755754458993e-05,1.0008950233459473,0.7163037210702896,0.014734929896009052,0.0036037756861723013,0.019185707517321668,0.0037671607880426367,0.01499249879270792,0.0035096174106001854,0.0003129699907731265,0.013193000108003616,0.018895000219345093
868,0.0002283669648149242,4.225339748119758e-05,1.1510916948318481,0.700930655002594,0.0015086363777630433,0.001322102274553485,0.008138536260745451,0.0008639243939009542,0.013131708838045597,0.0035124756395816803,0.00018420000560581684,0.001979999942705035,0.007540999911725521
869,0.0005413695253688678,4.6722563851394575e-05,1.5677634477615356,0.4541469216346741,0.0023905749750732018,0.0006193520050316007,0.00411950955289322,0.0004444600627454781,0.013770179823040962,0.003463241271674633,0.0005591100198216736,0.002346999943256378,0.003047000151127577
870,0.0005755944227246477,5.816358226002206e-05,0.9312561750411987,0.6674073189496994,0.004159779319909973,0.0014389377760055965,0.01145609201718611,0.0012286000810186846,0.015484222210943699,0.0036382339894771576,0.000655309995636344,0.004025000147521496,0.010734000243246555
871,0.0002740206178825275,4.975632681761238e-05,1.259057641029358,0.6852268874645233,0.003397471518465115,0.002773388100115836,0.016697592799914986,0.0022410287006414216,0.013971012085676193,0.003527260385453701,0.00024592000409029424,0.005828999914228916,0.014737000688910484
872,0.0008865473398280925,7.336146897882466e-05,0.9976889491081238,0.6753178983926773,0.0005305632530746247,0.00274744733448582,0.0315938156268884,0.003886565585863415,0.011338924057781696,0.0021705557592213154,0.000802310009021312,0.008012999780476093,0.022617999464273453
873,0.0007616113674723849,7.148836997161777e-05,0.9907838106155396,0.6794158965349197,0.006433931726104959,0.0038803217718683175,0.025784436295876564,0.003968004439736694,0.013571597635746002,0.003606352023780346,0.0007866100058890879,0.00901500042527914,0.023686999455094337
874,0.002218767390861891,0.0001294837401214304,0.7044068574905396,0.584469623863697,0.00014684789754229388,0.002244448704382151,0.14522503349324498,0.019501486804171894,0.01405470259487629,0.0013975691981613636,0.002462209900841117,0.029888000339269638,0.09483899921178818
875,0.0016962981993739797,9.678598292029187e-05,1.1538515090942383,0.5925820469856262,0.0137090799552185,0.006021507951908185,0.042850802676023134,0.009502122984303817,0.014804471284151077,0.003353979904204607,0.0019355099648237228,0.01953200064599514,0.03816600143909454
876,0.001925576071160676,9.444890846085506e-05,1.229500412940979,0.5717186629772186,0.038299485910741275,0.00882229229731063,0.06380588122448828,0.01505851219127918,0.016879528760910034,0.0026027737185359,0.002169209998100996,0.04062600061297417,0.053929999470710754
877,0.0030717694075294206,0.00010610203590512247,1.5617964267730713,0.3738479018211365,0.05874389526568708,0.00942441690603104,0.08765398662652311,0.019074194450615103,0.01808137074112892,0.0017090775072574615,0.003608010010793805,0.07344900071620941,0.02848000079393387
878,0.0007668540155877031,5.764119097370092e-05,1.4796936511993408,0.49506044387817383,0.005015726345809156,0.001434813464224,0.010980789321980655,0.00122651620850999,0.015216958709061146,0.0035294536501169205,0.0007187100127339363,0.004135999828577042,0.010487999767065048
879,0.0007432538066762611,6.159428067889413e-05,1.119187593460083,0.6322314888238907,0.005259253916362595,0.0014452653342608146,0.010422021513849397,0.0012607898381167357,0.014069229364395142,0.0035263029858469963,0.0007759099826216698,0.00585100008174777,0.009200000204145908
880,0.0008304211666780378,6.352852609886915e-05,1.6413028240203857,0.3901401162147522,0.0026786754849698804,0.0027201942554379893,0.022484120348008865,0.002545412426408964,0.014216500334441662,0.003521308768540621,0.0008601099834777415,0.006940999999642372,0.016698000952601433
881,0.0006039474941325977,6.4208507399593e-05,0.38593757152557373,0.46210942789912224,0.00011213557489390997,0.000997299376798269,0.024596527012064565,0.0016970643472230523,0.011251784861087799,0.0013515600003302097,0.0005449100281111896,0.007234999909996986,0.017935000360012054
882,0.0008793348034010438,7.905829997337173e-05,1.3141753673553467,0.6231836974620819,0.0001751995135693472,0.0020566728985784346,0.04706995653809346,0.0047056530436061506,0.01365065947175026,0.0019520432688295841,0.0009718100191093981,0.008425000123679638,0.039003998041152954
883,0.000947241972927826,6.676347150817735e-05,0.9078067541122437,0.6186070591211319,0.007735336888457685,0.0014790508298453287,0.01001533374992612,0.0013238162985349947,0.01520567573606968,0.003577941097319126,0.0009902099845930934,0.009096999652683735,0.009944000281393528
884,0.001504769461294641,7.460276565993866e-05,1.277533769607544,0.4936184287071228,0.011105821885464842,0.0020495541415485024,0.017152114229453994,0.002344783611904676,0.016108158975839615,0.0031130067072808743,0.0016949099954217672,0.010143999941647053,0.015633000060915947
885,0.00048787838423562907,5.136367037751629e-05,1.3951430320739746,0.5910747945308685,0.005170896277820117,0.0011758821974814536,0.008299093669089418,0.0009545321485783377,0.01521999016404152,0.0034677539952099323,0.0005016099894419312,0.004379000049084425,0.007943999953567982
886,0.0005457551502299725,5.2762105058730305e-05,1.4390954971313477,0.5480252504348755,0.002244442847618996,0.0017738754035075011,0.012071437105960267,0.001334855797836973,0.013533703051507473,0.0035271388478577137,0.0005480099935084581,0.0032240001019090414,0.010489000007510185
887,0.0026204102721004772,0.0001687120306138332,1.115968108177185,0.6488888710737228,0.003325966112475976,0.017253356203082718,0.22399856563143203,0.055822370202413485,0.014759451150894165,0.0016357926651835442,0.0029599100816994905,0.03951999917626381,0.15806899964809418
888,0.000776043208221491,7.125765925709241e-05,0.7451128959655762,0.6520401984453201,0.012997851606000302,0.003986151307539509,0.02772767232329469,0.004565705926771718,0.015327852219343185,0.0034402282908558846,0.0008723100181668997,0.012090999633073807,0.027527999132871628
889,0.0013713351624408553,7.401887791701862e-05,1.4170113801956177,0.5050578117370605,0.017594611685211568,0.003404316998523749,0.024317202449426423,0.0040391879137819595,0.015851151198148727,0.0032623237930238247,0.0016353100072592497,0.013873999938368797,0.023724999278783798
890,0.0008694493163428251,7.641731021515137e-05,0.9743263125419617,0.6833527982234955,0.018875287224462318,0.005886193802239092,0.03684351610011248,0.007526413188878162,0.01544224377721548,0.0033077802509069443,0.0011150100035592914,0.025614000856876373,0.03314099833369255
891,0.0021086900866833995,0.0001999908510202876,1.4806787967681885,0.5213501751422882,0.1638942088447232,0.04047901480040273,0.062324513813568364,0.06630902551790735,0.01539736706763506,0.003373829647898674,0.002209410071372986,0.08062800019979477,0.1107880026102066
892,0.000722934434365197,6.857797301857712e-05,1.245382308959961,0.648916482925415,0.0007597755776968889,0.0022896937615551225,0.024716766910971074,0.002681729197909285,0.012591649778187275,0.003033942077308893,0.0007057099719531834,0.006041999906301498,0.019884999841451645
893,0.0007543336413363754,6.190946686016063e-05,0.4795120656490326,0.5066681988537312,0.002473774668018663,0.002263685170672815,0.01613790808556447,0.001904332374213241,0.01190940197557211,0.002895571757107973,0.0007267100154422224,0.006692999973893166,0.01069399993866682
894,0.001252870295696383,9.038543573421727e-05,1.3988665342330933,0.563281387090683,0.000263024246276995,0.002690509048270437,0.05985283253511647,0.006954878143513456,0.01272425428032875,0.0016529131680727005,0.0011731099803000689,0.007234999909996986,0.0534450002014637
895,0.00044853131003700665,6.517757718334339e-05,0.9725463390350342,0.7055688947439194,0.007200714994211197,0.005204903714631464,0.027351548349212943,0.0049521148689745925,0.013497709296643734,0.003609756473451853,0.0005285100196488202,0.00953499972820282,0.022489000111818314
896,0.0017221495850343739,0.00010208827359619059,1.431490421295166,0.5194077789783478,0.023439888404225336,0.008329752914225223,0.06410086705395347,0.013844465394272861,0.01609070412814617,0.0029996191151440144,0.0019070099806413054,0.02466600015759468,0.05091099813580513
897,0.0007397392049004373,0.00010764657202046336,1.182212471961975,0.6762760728597641,0.04653262055129749,0.029726013014616904,0.09378052413031793,0.04516615529903506,0.015669941902160645,0.0031341994181275368,0.0007739100256003439,0.033562999218702316,0.08017100393772125
898,0.0006503995142085044,8.155790325905686e-05,0.5559948682785034,0.6057394593954086,0.001504652987544947,0.005797367466909414,0.05199151688620909,0.008411826092095169,0.01119912788271904,0.0018108184449374676,0.0007646100129932165,0.016852999106049538,0.04043800011277199
899,0.0007328828858267583,6.494231839690711e-05,0.7522757649421692,0.6522137820720673,0.0005969723914660608,0.001768263791853867,0.02068797275352407,0.002085709590930771,0.01118825189769268,0.0018906802870333195,0.0007617099909111857,0.004734000191092491,0.019652001559734344
900,0.0008135797907392202,6.588752117562955e-05,1.0426338911056519,0.6463927775621414,0.003159374624959098,0.0019286171054930536,0.013967895973140973,0.001671592952318549,0.013659614138305187,0.0035243011079728603,0.0008501100237481296,0.0055740000680089,0.01163800060749054
901,0.0003966981703696804,6.675467204993624e-05,0.9241487383842468,0.7082629054784775,0.0002081160106664859,0.001861140591853551,0.03945208244176716,0.003329021650843072,0.01469317078590393,0.0023080878891050816,0.00042831001337617636,0.005828999914228916,0.03610499948263168
902,0.0006909134647863145,6.080005756513404e-05,1.3451402187347412,0.6061429977416992,0.007627352358340296,0.0023067392687652413,0.016351378901614807,0.002203049100198068,0.014821045100688934,0.0036623645573854446,0.0006998099852353334,0.0074800001457333565,0.015545999631285667
903,0.000992574219582565,7.552848219427409e-05,0.9299375414848328,0.6584516167640686,0.00020073144184538114,0.001769025412594539,0.03206642813092588,0.0034098316864983186,0.011993329972028732,0.001926980447024107,0.0010116100311279297,0.009379000402987003,0.024726999923586845
904,0.0006850303454134369,9.539638702340148e-05,0.8541486263275146,0.6980807185173035,0.011031594810156344,0.012127888973894638,0.0676386344204897,0.016683971819258257,0.013154735788702965,0.003295434173196554,0.0007238099933601916,0.02080800011754036,0.05342299863696098
905,0.0006242642044016307,6.258898234563602e-05,1.2491402626037598,0.6470130383968353,8.092398110162371e-05,0.000782987344791265,0.02178463972928545,0.001577501283621061,0.013742524199187756,0.0019906251691281796,0.0005212100222706795,0.004025000147521496,0.018383998423814774
906,0.0008930087863774716,7.419783918534548e-05,0.9724734425544739,0.6723321229219437,0.008532701249954509,0.003849690958141648,0.026279995243753438,0.0043271838619889265,0.014301592484116554,0.0035519320517778397,0.0009170100092887878,0.006829000078141689,0.029754001647233963
907,0.000709017551665062,5.824289281098575e-05,1.5482240915298462,0.4881630837917328,0.00815165560122992,0.0021753051388426923,0.014900835520504006,0.0020241895238251283,0.014369341544806957,0.0036109983921051025,0.000747009995393455,0.008646000176668167,0.011707000434398651
908,0.002907457494759191,9.598711992532451e-05,0.43901607394218445,0.3858732730150223,0.03746290787206931,0.005501061859503935,0.03108725963690486,0.007625966329293051,0.015067259781062603,0.003393664490431547,0.0034865099005401134,0.03687899932265282,0.03448199853301048
909,0.0006979761759108238,6.452862321688728e-05,1.1818549633026123,0.66433085501194,0.014505824393503392,0.00319820453283203,0.020038627023727735,0.003387030314821963,0.015321929007768631,0.003474458120763302,0.0007948100101202726,0.014798999764025211,0.023060999810695648
910,0.0003316091801916517,4.830244670679163e-05,1.178886890411377,0.6860001087188721,0.003133411666293787,0.0014910552174192666,0.010284646959284173,0.0011731749329177525,0.014093546196818352,0.003547391854226589,0.0002774700114969164,0.003751999931409955,0.008911999873816967
911,0.0011928367238827871,7.131261270534146e-05,1.2675343751907349,0.5497976541519165,0.007650471672844294,0.0022257590772914674,0.017179174031765415,0.0024540684991394383,0.01394127681851387,0.0034733829088509083,0.0012152099516242743,0.008646000176668167,0.01512099988758564
912,0.0012822715685791677,7.287062199403218e-05,0.6664846539497375,0.5243950262665749,0.009002786187679912,0.002064252710272917,0.0162881001839707,0.0021797000354952956,0.015600897371768951,0.0032720076851546764,0.001327509991824627,0.010511999949812889,0.015042999759316444
913,0.0017536819978173726,0.00012979404327581644,1.4280452728271484,0.5460016429424286,0.011180152517604496,0.010134478786490228,0.061887793038523084,0.016513356852700754,0.013291426002979279,0.0033135181292891502,0.0018712100572884083,0.01669899933040142,0.0446309968829155
914,0.002177920490040954,7.767192261250492e-05,1.6532347202301025,0.32115161418914795,0.020955153701602353,0.003077755266855031,0.02123479454017507,0.003663893433340502,0.014661332592368126,0.0033534117974340916,0.0024234100710600615,0.01960800029337406,0.019843999296426773
915,0.0007152817874134478,6.317433138728907e-05,1.4518808126449585,0.5437485873699188,0.0009713910426714524,0.002235820342306546,0.022543588696420293,0.002357493901613295,0.012971265241503716,0.0031162910163402557,0.0007155099883675575,0.004170000087469816,0.018602998927235603
916,0.0008079023749587333,6.531058171822715e-05,1.025292992591858,0.6499146223068237,0.0006990115136675174,0.0015005440188654321,0.01700725924131237,0.0016107972223356878,0.013555618934333324,0.003296872600913048,0.0008497100207023323,0.0048859999515116215,0.013631000183522701
917,0.0003643867177612818,5.382369349458182e-05,0.7126021981239319,0.6645497381687164,0.005513536863251284,0.0017569562596611563,0.011911072304532113,0.0015047439728185482,0.01396740972995758,0.003579901996999979,0.00024458998814225197,0.005140000022947788,0.011655000038444996
918,0.0007298551313287473,6.124658307393591e-05,1.2046637535095215,0.6219653189182281,0.003104870529529475,0.001737176790202394,0.012734000199537424,0.0014845741204641662,0.013585569337010384,0.003651970997452736,0.0007854099967516959,0.005752999801188707,0.01063700020313263
919,0.0004637191138293298,5.696155745008101e-05,1.4681190252304077,0.5578373670578003,0.01271705205093307,0.002807995214164887,0.016496179919633484,0.002717464944481443,0.014751505106687546,0.003526638727635145,0.0005014099879190326,0.006996000185608864,0.020878000184893608
920,0.0006887695973564452,8.136792734669032e-05,1.120276927947998,0.6858030408620834,0.009845358504272463,0.00841504934734252,0.042488214438022295,0.009551595800759191,0.012779567390680313,0.003516698721796274,0.0008731100242584944,0.015087000094354153,0.035773999989032745
921,0.000724970093238263,6.529569348108873e-05,0.5918512344360352,0.5848317444324493,0.00033717946584240323,0.0016744683428842186,0.023388139012883,0.0021469194366769487,0.011163991875946522,0.0016517522744834423,0.0006685099797323346,0.008057000115513802,0.018105000257492065
922,0.0018896806097993821,0.0002177611257405237,1.1078999042510986,0.7075295746326447,0.0887785871907396,0.097054210564029,0.21312113161486707,0.15933097272276553,0.012608853168785572,0.0027898414991796017,0.0024202100466936827,0.10429999977350235,0.14148899912834167
923,0.0005179635538239959,5.918631406416671e-05,1.0739303827285767,0.688753604888916,0.00011904927296615061,0.0009134591764134772,0.018005099746136552,0.0013517148820234096,0.012070465832948685,0.0020077573135495186,0.00044631000491790473,0.0025480000767856836,0.01553099974989891
924,0.0005351294857808946,5.644083997233035e-05,1.3869922161102295,0.5830974876880646,0.003749556089505368,0.002236177837382776,0.01602205991140888,0.0018115868428760602,0.015002850443124771,0.003697886597365141,0.0005839099758304656,0.005047000013291836,0.014235999435186386
925,0.0007387347866069028,7.263683941003622e-05,1.2473742961883545,0.6485795825719833,0.0006668204981801102,0.0029052325396244257,0.032108731530977055,0.003745375033130969,0.012621096335351467,0.0027765887789428234,0.0008828099817037582,0.005628999788314104,0.02960200048983097
926,0.0010384191310988942,7.642934910752157e-05,1.3213297128677368,0.5831802487373352,0.007408763495720615,0.0044156331877864075,0.030116225144441445,0.005175252761431074,0.01389554888010025,0.0034984052181243896,0.0011754099978134036,0.006845000199973583,0.029411999508738518
927,0.0012133038985110045,8.732057344806236e-05,1.1764322519302368,0.6287020891904831,0.008017419620621396,0.005739066114199341,0.0373998634103677,0.007129552858376787,0.014519991353154182,0.0036194375716149807,0.0013904100051149726,0.011932999826967716,0.030859999358654022
928,0.0008352983459078826,0.00012109303933051347,1.0368609428405762,0.7083901762962341,0.012572554523850608,0.021510535248493678,0.12126020549053805,0.03689072925665657,0.012868998572230339,0.002823183313012123,0.0008439099765382707,0.05406799912452698,0.05747999995946884
929,0.0008869616148283267,6.746971807569462e-05,0.906746506690979,0.6222503930330276,0.004216504369369612,0.0010807361829073237,0.008069480372896246,0.0009253281514396174,0.014400932937860489,0.0034445845521986485,0.0009244100074283779,0.005255000200122595,0.007151999976485968
930,0.0005770643827711243,6.640561100713487e-05,1.2281168699264526,0.6617693156003952,0.00747992211283712,0.004626602412961179,0.027620497014269448,0.004912485004484483,0.012548809871077538,0.0033879722468554974,0.0005536099779419601,0.0061980001628398895,0.03094400092959404
931,0.0006413925327520934,5.072366546121648e-05,1.5812336206436157,0.4365116357803345,0.0036995272345977524,0.0011579381541848204,0.008837969161610271,0.0009282894509314507,0.014621376991271973,0.0035164887085556984,0.0005942099960520864,0.0033229999244213104,0.007697999477386475
932,0.0007722319475290538,6.717103511498653e-05,0.8076660633087158,0.6590977311134338,0.009130348733540083,0.0028086193652869782,0.018294413538856615,0.002802134639187548,0.013785657472908497,0.003569058608263731,0.000746709993109107,0.006314000114798546,0.022741999477148056
933,0.0007208688738089807,6.626387811746318e-05,1.1549917459487915,0.6656781882047653,0.012533752423044773,0.0031821727095966926,0.020655028874317215,0.0032687412258306427,0.015002250671386719,0.003547495696693659,0.0008250100072473288,0.009379000402987003,0.021910998970270157
934,0.0013665794922485663,7.281867272419134e-05,1.251346468925476,0.5230545699596405,0.011629474813728297,0.0019207242671094504,0.013085718285911173,0.0019359114136924642,0.015484966337680817,0.003302659373730421,0.0014733100542798638,0.010677999816834927,0.01205699983984232
935,0.001094181084950102,9.953873383206958e-05,1.3241740465164185,0.62257319688797,0.015557184752443297,0.011885262847882383,0.06545524205225574,0.016350863152342156,0.01491459645330906,0.0033058738335967064,0.0012748100562021136,0.021976999938488007,0.05707100033760071
936,0.0022022272347253166,0.00016035547975605763,0.9823737740516663,0.6646250486373901,0.08473459734221894,0.026585064851462368,0.12347253860066477,0.04875773332705365,0.016128133982419968,0.0028457953594624996,0.002294509904459119,0.0668879970908165,0.11766800284385681
937,0.0003493657792174576,5.331856083874836e-05,0.964341402053833,0.6998384594917297,0.0033535668907533193,0.002349190223875086,0.01472572729767036,0.0019219882371750716,0.012162281200289726,0.0032224059104919434,0.00030161000904627144,0.005464999936521053,0.012251999229192734
938,0.0008042273131409904,6.691908530484194e-05,0.9869804382324219,0.6518762856721878,0.004788183375607697,0.0023217503947350693,0.016657943861906742,0.0022049871973642337,0.013768673874437809,0.00354417460039258,0.0007343100151047111,0.005828999914228916,0.015473999083042145
939,0.0007892843400302363,6.741739899259033e-05,1.0162302255630493,0.6613287031650543,0.004610350664479189,0.0023906773751617453,0.017902658530487697,0.0023360593035761327,0.012732611037790775,0.003362589981406927,0.0007574100163765252,0.007234999909996986,0.014615999534726143
940,0.0007597113468754376,5.856250605695292e-05,1.61435866355896,0.4250396490097046,0.006569618773796791,0.0022140388360347416,0.017775961746071215,0.0021063128917516386,0.015447994694113731,0.003347305580973625,0.0007247100002132356,0.008553000167012215,0.013924000784754753
941,0.0007972804036558856,8.098037802454919e-05,1.174970030784607,0.6526296883821487,0.0073494292660244665,0.006264428991626598,0.04075252378299084,0.007082345963974897,0.01467608567327261,0.003468621987849474,0.0008746099774725735,0.009158999659121037,0.04027299955487251
942,0.0014850147138518823,0.00013713022575858583,0.8055253028869629,0.7031806632876396,0.00021725575171579765,0.005416396747431461,0.1713019332390773,0.029476719384625857,0.010595041327178478,0.0006928704679012299,0.0014997100224718451,0.04427900165319443,0.08953999727964401
943,0.0018297602548666154,7.899017646431888e-05,1.3016695976257324,0.4902585744857788,0.020675982958488916,0.003121618875972924,0.022961376259985622,0.003967314154649137,0.016536997631192207,0.0029211281798779964,0.001981110079213977,0.017873000353574753,0.02675499953329563
944,0.002470859294781617,0.00014381859331620951,0.9647090435028076,0.6465448588132858,0.05303489230416858,0.01567999631500344,0.08206157854200818,0.028055097218952333,0.014346517622470856,0.0031632082536816597,0.0028447099030017853,0.04062600061297417,0.08594999462366104
945,0.00037865336888594036,5.3673210135366884e-05,1.1022403240203857,0.693597599864006,0.0023348818732663442,0.0023550006377959037,0.016243278471949316,0.0018961966829499103,0.013296455144882202,0.003521234728395939,0.00032806998933665454,0.004290000069886446,0.01425000000745058
946,0.0009428740598139409,7.742922261308233e-05,1.5462133884429932,0.4771527945995331,0.005343791237474592,0.004628202354339124,0.0318063712580105,0.004933182679012689,0.014272911474108696,0.0036687632091343403,0.0010304100578650832,0.01071999967098236,0.027313001453876495
947,0.0014136285636094374,7.546959272635638e-05,0.6891469955444336,0.5432494282722473,0.014749594761251171,0.003021173493153769,0.021523820383968023,0.003553803362423044,0.015153144486248493,0.0033785803243517876,0.001534310053102672,0.01259899977594614,0.024197999387979507
948,0.0003409169256617399,4.666317222251713e-05,1.4476025104522705,0.5789743959903717,0.0031696643770235513,0.0014697115170731656,0.01057743985856958,0.0011519291571593987,0.014385964721441269,0.0035329610109329224,0.00033144999179057777,0.004000999964773655,0.008821000345051289
949,0.0004848167668342855,5.944339522470998e-05,0.9934492111206055,0.6920309513807297,0.0011369280082461886,0.0022039463269974417,0.01934432683612782,0.0020937800424241457,0.011606326326727867,0.0027605369687080383,0.0003600899945013225,0.004734000191092491,0.015990000218153
950,0.0005497361117223066,5.840690438550897e-05,1.4763407707214355,0.538622111082077,0.010438283166782917,0.0028413657377234186,0.019698438713796337,0.002866285259775796,0.015568317845463753,0.0033244132064282894,0.0005613099783658981,0.008511999621987343,0.01846100017428398
951,0.0009658427741073856,7.196387843910117e-05,1.3865987062454224,0.5639744997024536,0.008223418903929162,0.0035963571143954086,0.025458930673914297,0.003945537149962066,0.013502015732228756,0.003587472252547741,0.0009848099434748292,0.009703000076115131,0.022861000150442123
952,0.0006046053247688408,5.90041330602407e-05,0.9731889963150024,0.6769513189792633,0.00698792047309768,0.001783887829110994,0.012354349476855063,0.0016017415270728136,0.014596079476177692,0.00361874932423234,0.000565410009585321,0.005255000200122595,0.013674999587237835
953,0.0010580625364138303,6.758930899599302e-05,1.5794811248779297,0.4276464581489563,0.011813764014155959,0.0029562016657592137,0.02962393407876592,0.0036664322196871633,0.017125185579061508,0.0026008840650320053,0.001198610058054328,0.013873999938368797,0.023831000551581383
954,0.0006792838309419667,6.200846509875487e-05,0.9456061124801636,0.671820655465126,0.008061913094640343,0.0021266390407891278,0.014040300989992514,0.0020106117760189538,0.013477353379130363,0.003415503539144993,0.0006999099859967828,0.005628999788314104,0.017125999554991722
955,0.0007881732734946993,8.21862319724092e-05,1.4281558990478516,0.5863026082515717,0.001907885850886618,0.0049780080696847345,0.058912978660399344,0.007524826484048161,0.014499861747026443,0.002807111479341984,0.0006507100188173354,0.007234999909996986,0.0522880032658577
956,0.0004896807531318499,5.955804553343027e-05,1.218636155128479,0.6685827076435089,0.008982885637917477,0.0030394817022714135,0.018899648774350814,0.002995326190967264,0.014039501547813416,0.0035484605468809605,0.00050920998910442,0.009633000008761883,0.017830999568104744
957,0.00038502445908228735,5.383951707663048e-05,0.8153835535049438,0.6903290450572968,0.005455933858061201,0.00164814828077715,0.011051683041882625,0.0014040642716731987,0.013679880648851395,0.0034874267876148224,0.0002878299856092781,0.006051999982446432,0.010168999433517456
958,0.0007586198368632063,5.83943776053364e-05,1.4138538837432861,0.5406235456466675,0.007518472701916493,0.0014483593221102445,0.010452053795268538,0.0012868960797786455,0.015527372248470783,0.00336285587400198,0.0008584100287407637,0.00786499958485365,0.008247999474406242
959,0.0006984399708492387,6.052981299195265e-05,1.06596040725708,0.6707381308078766,0.011325903497715773,0.0016318631269894475,0.00724647392429087,0.0012880642976639085,0.014341846108436584,0.003577317576855421,0.00067070999648422,0.009855000302195549,0.008163999766111374
960,0.0011099918642420515,6.839412059255227e-05,1.4194896221160889,0.520289272069931,0.014943437678736213,0.0027474347275524653,0.01738777576961309,0.0028659091560953014,0.014859039336442947,0.0035502836108207703,0.001212510047480464,0.010029999539256096,0.021379999816417694
961,0.0008556699682546186,7.604443134986299e-05,1.3796157836914062,0.5962154269218445,0.01302097705958419,0.006600087111990861,0.03730414393768287,0.00806711702247661,0.014381316490471363,0.0035621095448732376,0.0009221099899150431,0.01604500040411949,0.02895500138401985
962,0.0005306826864441073,5.5358061627346e-05,1.4269611835479736,0.5724154114723206,0.005714597730372918,0.0019468735261384275,0.014255869980934217,0.0017288441082384106,0.014568036422133446,0.0035263909958302975,0.0004856100131291896,0.004025000147521496,0.013867000117897987
963,0.0004021636191437395,5.176447214293281e-05,1.0131042003631592,0.6981877535581589,0.0032042038547228056,0.0015428147954257435,0.011303076543700897,0.0012276723485413017,0.0146630285307765,0.0036515644751489162,0.00038484999095089734,0.00532899983227253,0.008835999295115471
964,0.0007374592179444533,8.180149923695115e-05,0.6756442785263062,0.6579544022679329,0.011989479256228395,0.009493895658000937,0.046750122990991266,0.011861543950878923,0.011223241686820984,0.0022286218591034412,0.0009586099768057466,0.020671000704169273,0.03964100033044815
965,0.000617633994690708,5.9147866331503505e-05,1.0796927213668823,0.6700340509414673,0.004924088280177705,0.0019830014902248974,0.01370636710142663,0.001769127178343501,0.013570796698331833,0.003436138853430748,0.0005988099728710949,0.007466000039130449,0.009844999760389328
966,0.0012170770930754362,7.255798125948329e-05,0.49324506521224976,0.48115240782499313,0.004436827597892902,0.0025280374834275145,0.018362497566838967,0.0024999030354392777,0.012940372340381145,0.0034263734705746174,0.0012689100112766027,0.008255000226199627,0.01598699949681759
967,0.0008062599126163642,7.404955471108953e-05,1.3687806129455566,0.5962857306003571,0.005093907316716228,0.00455860408158122,0.03336964220515729,0.004982167883804718,0.014483189210295677,0.003464760258793831,0.0006928099901415408,0.009379000402987003,0.025110000744462013
968,0.001872011826270104,0.0001302922933988063,0.8079485297203064,0.6579755991697311,0.0032105902518669823,0.009049144169998235,0.09045005979471132,0.020415444121825693,0.011557135730981827,0.0016517615877091885,0.002120109973475337,0.028139999136328697,0.05123099684715271
969,0.0007661016604936338,6.293333025154615e-05,1.1434147357940674,0.6435378193855286,0.0038867020655760083,0.0021678372949150222,0.01614745245232784,0.0020443753136586166,0.013594412244856358,0.0035920790396630764,0.0008199100266210735,0.006006000097841024,0.012961000204086304
970,0.0007583421046195868,6.871936925115539e-05,0.6622931957244873,0.6154540851712227,0.00011008714345549379,0.0009616942490767605,0.02625034972150586,0.002163347224399285,0.011464294046163559,0.0014254278503358364,0.0006684099789708853,0.006845999974757433,0.022859999909996986
971,0.0008431567615315583,6.60702828463234e-05,1.0535365343093872,0.6320599764585495,0.004710428512890302,0.0021554931584131937,0.015931496053967212,0.002064053924718129,0.013444924727082253,0.003550098277628422,0.0008487100130878389,0.007782999891787767,0.012842999771237373
972,0.0010074027999957007,7.494384309185214e-05,0.6368795037269592,0.5898086875677109,0.00014794822150293816,0.001342139844822588,0.02821340006391587,0.0025498195782936925,0.01227362547069788,0.0018318830989301205,0.001066709985025227,0.008469999767839909,0.024542000144720078
973,0.0015218533633988144,0.00012793266533900663,1.3173022270202637,0.6100040376186371,0.0001722788810310385,0.0032698979881316246,0.22885699183409203,0.034621617106559616,0.016191236674785614,0.0018032481893897057,0.0016115099424496293,0.029888000339269638,0.17540401220321655
974,0.0008862981865288802,6.864965802526318e-05,1.3220062255859375,0.6008860170841217,0.001073389708982307,0.0023207076899220496,0.02255924972096817,0.002582001054472852,0.012751592323184013,0.0032268655486404896,0.000926810025703162,0.005907000042498112,0.018573999404907227
975,0.001151306832457996,0.0001032942133098189,1.6131465435028076,0.4417835474014282,0.0014009776521896906,0.006409378283384413,0.07209096363793047,0.011180575729021983,0.0122531708329916,0.00217858562245965,0.0011645100312307477,0.013247000053524971,0.05172199755907059
976,0.0006747254214917719,6.671685812015239e-05,0.6684462428092957,0.6363973394036293,0.007550371336872178,0.0036118515194116523,0.022829902509681425,0.0037061913262289563,0.01229917537420988,0.0032047126442193985,0.0006613099831156433,0.00661499984562397,0.02199600078165531
977,0.0004459804629902704,5.797711213799761e-05,1.120457649230957,0.6960985958576202,0.007846629065282414,0.0026425184707879004,0.017261159451536896,0.002508794459369177,0.014043941162526608,0.00349971791729331,0.0004498100024648011,0.00749000022187829,0.017525000497698784
978,0.0009237627299326175,6.553632090824132e-05,1.4418201446533203,0.5242326855659485,0.009819362906302247,0.0027338588096255155,0.021610257113572517,0.002946002501828148,0.015765462070703506,0.0031380741856992245,0.0009509099763818085,0.008255000226199627,0.01986199989914894
979,0.0012303320161262102,0.00010062672821408607,1.177720069885254,0.6569700539112091,0.012866829897572716,0.009673842370338177,0.049375253717448116,0.013593918919640208,0.013005128130316734,0.00343668507412076,0.0013786100316792727,0.009309000335633755,0.054607998579740524
980,0.0016506688291865205,9.457012549067166e-05,1.3324196338653564,0.5419048070907593,0.012305724914658431,0.005100767261710671,0.037400869479261585,0.007357352855173856,0.015082892961800098,0.0035706190392374992,0.0018984100315719843,0.015049000270664692,0.02770400047302246
981,0.0005202530762028994,4.82896353389849e-05,1.4856566190719604,0.5228447914123535,0.0023813275353682614,0.0009931592861281043,0.007244091396715553,0.0007459816316520247,0.014490900561213493,0.0035970183089375496,0.00041901000076904893,0.0025160000659525394,0.0055240001529455185
982,0.0005027384546750069,6.511228007522187e-05,1.1479518413543701,0.6909022927284241,0.0005155669171518743,0.0023612405779121592,0.027616448770033854,0.0027008004245613285,0.012505294755101204,0.0028487038798630238,0.00048220998723991215,0.0052720000967383385,0.023809999227523804
983,0.0006400801508322672,6.008865542236425e-05,1.331858515739441,0.61247918009758,0.004781104502969534,0.0021592717686453153,0.015770950068683794,0.0019150906854985411,0.01450302079319954,0.0037666447460651398,0.0006340100080706179,0.006051999982446432,0.014348000288009644
984,0.0006091038348373315,6.9800144729256e-05,1.0755136013031006,0.6870266199111938,0.002357746353022519,0.00319807501463974,0.02756151506759248,0.003261619258179452,0.01340391393750906,0.003553752787411213,0.0004771100066136569,0.006310999859124422,0.023183999583125114
985,0.000511631967643623,5.879183417300594e-05,1.1929759979248047,0.6715475469827652,0.010837391077058714,0.0024614938452385713,0.015114433041209378,0.0023581213054042916,0.014486078172922134,0.0035804533399641514,0.00046050999662838876,0.007594000082463026,0.01605600118637085
986,0.0008864388132787185,6.559572795718525e-05,1.4547606706619263,0.5025946497917175,0.006012919612155614,0.002639292014050002,0.01953563947788294,0.002573081746335958,0.015560333617031574,0.003711859229952097,0.0008806100231595337,0.008659999817609787,0.014976000413298607
987,0.0007203688295334617,7.488621925248544e-05,1.3797287940979004,0.5941299498081207,0.009545434334251807,0.005607677700872123,0.03652135223145999,0.006120305152773838,0.015386422164738178,0.003547295928001404,0.000781010021455586,0.007946000434458256,0.038665998727083206
988,0.0007471705774818546,6.800694119995257e-05,1.3337550163269043,0.6143395900726318,0.01431522560465988,0.003879824016088199,0.030035222508130562,0.00460842877106846,0.016419967636466026,0.0031094751320779324,0.0008523099822923541,0.01259899977594614,0.03106199949979782
989,0.0005868556936942511,5.4428512792526515e-05,1.2454664707183838,0.6207284033298492,0.0049999322425351165,0.0009276825357129393,0.006336137156118757,0.0007356086384690077,0.016298599541187286,0.003329145722091198,0.0005147099727764726,0.004734000191092491,0.005981000140309334
990,0.0008002635776057326,6.144217637029254e-05,1.403588056564331,0.5511220693588257,0.0066512810914234185,0.0017451372712513065,0.012770519449706148,0.0015920941678732002,0.014763632789254189,0.003489320632070303,0.0008605099865235388,0.006829000078141689,0.011492999270558357
991,0.0007497703050268348,6.243242016796212e-05,0.42512133717536926,0.47657645493745804,0.006990441325570418,0.0020105129802090362,0.013972597298716074,0.0018210656191803521,0.013847872614860535,0.003571030218154192,0.0007441099733114243,0.0075079998932778835,0.01538500003516674
992,0.0012640727520960508,0.00010970321758500714,1.2149440050125122,0.6693124771118164,0.009423032998485004,0.011103863950410802,0.07087233504603807,0.018633530917743137,0.011494138278067112,0.002145804464817047,0.0014469099696725607,0.021438999101519585,0.05022900179028511
993,0.000252161097093876,4.363402921997744e-05,0.9650211334228516,0.7018473148345947,0.00396974628195998,0.0007477843114998613,0.004537020130150834,0.0005630143864688757,0.015300817787647247,0.0035329479724168777,0.00020449000294320285,0.0030610000248998404,0.004840000066906214
994,0.00036967864502920065,5.194179653155058e-05,0.8343061208724976,0.68161391466856,0.004355194633263076,0.0014025486691949052,0.009553014734888817,0.001131336407246446,0.013720063492655754,0.0035091424360871315,0.00029473999165929854,0.003751999931409955,0.01040900032967329
995,0.00033099316159025585,5.440850098860166e-05,0.9295832514762878,0.6995387673377991,0.00021631176790205315,0.001254473076992221,0.01860476179962181,0.001454238556180416,0.01141866110265255,0.0017670569941401482,0.00026170999626629055,0.005907000042498112,0.013011999428272247
996,0.0007828751238940431,5.6951487289461295e-05,1.6178028583526611,0.41711485385894775,0.008470273883152054,0.0018032348675423213,0.01331183039907881,0.0016431575886808629,0.015475168824195862,0.0034360019490122795,0.0008132099756039679,0.007946000434458256,0.011467000469565392
997,0.0017195393584607402,8.06722772514701e-05,1.5521994829177856,0.39652764797210693,0.011134682243158476,0.0034938362238557032,0.03560100783563738,0.004904260479134314,0.01633637398481369,0.002728306222707033,0.0018810100154951215,0.012660999782383442,0.027387000620365143
998,0.0015585009156431032,0.00010630558435578154,1.6319105625152588,0.4004141688346863,0.020703879034839258,0.009566256100508692,0.06270353046812775,0.014425098381881458,0.015570719726383686,0.0032013864256441593,0.001713210018351674,0.027272000908851624,0.03813000023365021
999,0.0008423582169565839,6.55527080957684e-05,0.9374223351478577,0.6540712714195251,0.013255489006355594,0.0024825795242183956,0.016434781196656728,0.0025612049892714383,0.015833348035812378,0.003274948336184025,0.0008323100046254694,0.009996999986469746,0.021493999287486076
1000,0.0010204269262994313,8.393476435896081e-05,1.5622026920318604,0.47168564796447754,0.01461206497076429,0.009992132261635832,0.07203518246356579,0.014344156445328427,0.016717638820409775,0.0026944647543132305,0.0013198100496083498,0.017873000353574753,0.05985800176858902
1001,0.0037082299763745775,0.00017165027427803732,1.0859260559082031,0.5635846555233002,0.07673050250259258,0.021088059480721316,0.14535586214431137,0.045276567196774774,0.01691088080406189,0.0022271303460001945,0.004148909822106361,0.048934999853372574,0.15062400698661804
1002,0.002391517446499798,0.00019008613311063938,0.45769140124320984,0.5057375840842724,0.004813812349314196,0.035349764815603486,0.49332187553711704,0.13441290524710764,0.01648709550499916,0.001957662869244814,0.0028573099989444017,0.08062800019979477,0.24193300306797028
1003,0.0008346501918207965,6.387766142973509e-05,0.8022379875183105,0.5811627209186554,0.003278769078576882,0.000896962763155891,0.006388342796567601,0.0006979186847067059,0.01441972702741623,0.003642244264483452,0.0008070099866017699,0.005297999829053879,0.004305999726057053
1004,0.00029607886924962136,5.843439765819762e-05,1.1457356214523315,0.6983948200941086,0.00233408216625648,0.0032934905934092606,0.025372173453818335,0.0032731104172122553,0.012713097967207432,0.0031874505802989006,0.00028107999241910875,0.005828999914228916,0.024147000163793564
1005,0.0007398127128946032,6.221973940309666e-05,1.2083967924118042,0.6289575695991516,0.004161037791339558,0.0019370718917779244,0.014723512416466567,0.0017814212474852355,0.014649201184511185,0.003550929483026266,0.0007061099749989808,0.006895000115036964,0.0107829999178648
1006,0.0010189149661881094,6.928942343266496e-05,0.8259859085083008,0.5902718156576157,0.004750386694791433,0.0013380615672316924,0.009832314329907298,0.0011973928313119882,0.013390665873885155,0.003558776807039976,0.0010589100420475006,0.007414000108838081,0.005960999988019466
1007,0.0003176428312024045,6.760116974439549e-05,0.7555846571922302,0.6932618245482445,0.00032122457099985634,0.0025989464531052395,0.03968787502414693,0.004078199150950399,0.011088778264820576,0.001407962292432785,0.000248630007263273,0.008218999952077866,0.037473998963832855
1008,0.0014407208004426466,5.8139949816245315e-05,1.8125934600830078,0.21624833345413208,0.008498107933961618,0.0014114748087725826,0.013030101414126246,0.0013029420833479558,0.016282273456454277,0.003031522501260042,0.001557609997689724,0.00901500042527914,0.009727999567985535
1009,0.0006703646602730992,6.0052152454768265e-05,0.9602469205856323,0.6491339802742004,0.004316875325263489,0.001214941853885983,0.008743118500485852,0.001000934712021161,0.01426844671368599,0.003522516693919897,0.0007341100135818124,0.0034910000395029783,0.009034999646246433
1010,0.0012717355745257366,7.597347747636315e-05,0.39852356910705566,0.4263223893940449,0.007388982413105861,0.0037416459638086328,0.02712691412352485,0.004505395421863144,0.011417556554079056,0.002245252951979637,0.0015453100204467773,0.014147000387310982,0.02315700054168701
1011,0.0020309231098045045,7.67916096798564e-05,0.4885770082473755,0.4047277048230171,0.02235879749104277,0.002998246113894404,0.015213258582913655,0.0031671658659532574,0.013944973237812519,0.003491358831524849,0.0022362100426107645,0.025112999603152275,0.013073000125586987
1012,0.0034856289245482797,0.0002974044285762648,0.7077534794807434,0.6158191487193108,0.22569568415173952,0.0574972307663173,0.1598781502547539,0.1735016146297408,0.016335610300302505,0.002919549588114023,0.0033293101005256176,0.12574000656604767,0.14254599809646606
1013,0.0007379836846776249,6.90691537472731e-05,1.2270894050598145,0.6345857381820679,0.00017971420460611784,0.0015402135507097338,0.028579951168918687,0.002510265125322899,0.01322221104055643,0.0022054840810596943,0.0007165099959820509,0.004689000081270933,0.026100000366568565
1014,0.0009300628483148614,6.675952899788527e-05,0.7193282246589661,0.5823043212294579,0.005802913886244001,0.0013159738602682527,0.009735377032472682,0.0011491803559692303,0.015194084495306015,0.003492889925837517,0.000962910009548068,0.007805999834090471,0.008063999935984612
1015,0.0004825931062629366,7.661398632392936e-05,1.0711536407470703,0.7057540565729141,0.0007394298203966584,0.004407416330927637,0.054782456237705425,0.006763832552697045,0.013934600166976452,0.0027032014913856983,0.00041380999027751386,0.008578999899327755,0.048850998282432556
1016,0.0005708361255945246,6.689331725383382e-05,1.0256578922271729,0.7002177387475967,0.011332272195983937,0.004304389189842311,0.02654404610585662,0.004626903174742311,0.014391881413757801,0.003498184960335493,0.0005990099743939936,0.012625000439584255,0.021049000322818756
1017,0.0010099999138676844,9.200586957582387e-05,0.7653114795684814,0.6731927320361137,0.023986070534122786,0.01088913401310192,0.050469975003392106,0.01562983829861801,0.013503273017704487,0.003442880231887102,0.0011815100442618132,0.026398999616503716,0.047491997480392456
1018,0.003011888710360117,0.0001494568960334155,1.049656629562378,0.5963732302188873,0.04805555770935969,0.012569122074734377,0.07725622667713787,0.025990846984040188,0.01448071002960205,0.003065134398639202,0.003665710100904107,0.03413400053977966,0.09313499927520752
1019,0.004091029571121753,0.00019461501315726866,1.1919491291046143,0.5630585253238678,0.032137979258794,0.037584430753794085,0.5476920253986998,0.15012582418752193,0.018823711201548576,0.0009871041402220726,0.004635110031813383,0.0668879970908165,0.28760001063346863
1020,0.007056636796471879,0.0003114080759888029,1.0028656721115112,0.46250322461128235,0.13316285319288199,0.028133837028508586,0.46711285773823347,0.13024806349806575,0.018988410010933876,0.0009343456476926804,0.0076147099025547504,0.14956000447273254,0.23195300996303558
1021,0.0005553193889941386,5.109009360841236e-05,1.413736343383789,0.5571818649768829,0.004247121381285619,0.000964143200578111,0.006556590304759927,0.0007415978533018711,0.014675657264888287,0.003570987842977047,0.00043030999950133264,0.004000999964773655,0.005219999700784683
1022,0.001070868248994029,8.322863312902997e-05,0.6327488422393799,0.591797947883606,0.000526891475609118,0.002751727726486267,0.03880633180153192,0.004244413004957745,0.012941642664372921,0.0024198703467845917,0.0009426099713891745,0.005255000200122595,0.03726699948310852
1023,0.000641339014101856,7.044896902087328e-05,0.8857152462005615,0.6941213458776474,0.0048223637273518095,0.004938943579858242,0.03113232157790985,0.005225934656045646,0.012358367443084717,0.0031691351905465126,0.0005467099836096168,0.00761700002476573,0.027003001421689987
1024,0.0011301730105830056,6.82484664533174e-05,1.4343632459640503,0.498018741607666,0.008280644066745462,0.0021529299284983355,0.01633708548489329,0.002211291616716086,0.014695143327116966,0.003508829977363348,0.0011833100579679012,0.00901500042527914,0.012325000017881393
1025,0.0008738718201624342,5.570617922486204e-05,1.6327537298202515,0.39168083667755127,0.01177394215721346,0.0015709178242167112,0.010467948538599088,0.0014159347889414545,0.01671828143298626,0.003040761686861515,0.0008698099991306663,0.010979999788105488,0.008220000192523003
1026,0.0004415793973294554,4.9644819995168555e-05,1.2755413055419922,0.6407961249351501,0.0025417063829294576,0.0011059451358438387,0.007731227331683183,0.000821213584444013,0.014525571838021278,0.0037555499002337456,0.0003417900006752461,0.003711000084877014,0.004995000082999468
1027,0.0007359797638329155,5.476332054635388e-05,1.506833553314209,0.4783097803592682,0.005022909934608677,0.0011472045688124737,0.008984103780298004,0.0009777435784873697,0.01543530821800232,0.0033456082455813885,0.0007478100014850497,0.0053889998234808445,0.007693000137805939
1028,0.0007845698671265469,8.730110920865831e-05,1.3355224132537842,0.6177737414836884,0.008140515774956367,0.008634102858851118,0.05792013189498063,0.011866920318119225,0.013822503387928009,0.0031670238822698593,0.0007584100239910185,0.009498000144958496,0.05759900063276291
1029,0.0019080220163664918,7.883282869346729e-05,0.404813677072525,0.37839630618691444,0.020825727323489914,0.003372299230546936,0.02045725140706143,0.003945837520971621,0.01424483209848404,0.00355558842420578,0.0023427100386470556,0.021069999784231186,0.02047000080347061
1030,0.003979611168586208,0.00033079904353848716,0.8689011335372925,0.66154745221138,0.0002585322266212611,0.007463881681166746,1.497163450294909,0.3696925252429035,0.01689349114894867,0.0015898915007710457,0.0049061099998652935,0.13242000341415405,1.0599600076675415
1031,0.004604619015983919,0.00017222418007586775,1.1851752996444702,0.4903460741043091,0.06687690041737837,0.014964052548225755,0.11558732128796288,0.03307039897837102,0.016177667304873466,0.0023943386040627956,0.005002410151064396,0.06221599876880646,0.07589100301265717
1032,0.0006342182030152455,5.167933158531997e-05,1.4662846326828003,0.5092836320400238,0.005543842609627626,0.0007439878939297785,0.00348981825972688,0.0005542857213755501,0.014184437692165375,0.0035048993304371834,0.0005683099734596908,0.0048859999515116215,0.0026910000015050173
1033,0.0003816280107168671,5.066289819071284e-05,1.2564315795898438,0.6554601192474365,0.006160447959916792,0.0016371520569450635,0.011128204658145213,0.001399640298766192,0.014737389981746674,0.0034893397241830826,0.0003574900038074702,0.005255000200122595,0.011584999971091747
1034,0.00015831480910519544,4.87754592744224e-05,0.9711986780166626,0.7246840447187424,0.0018861577916425396,0.002052416976678047,0.01359204137857135,0.0016109061102660815,0.012400323525071144,0.0032121525146067142,0.0001302900054724887,0.0062409997917711735,0.009750999510288239
1035,0.0005867107344295934,6.223902766973652e-05,1.0461170673370361,0.687161773443222,0.006765777877546767,0.002915735492528367,0.01971959690534777,0.0029273458029464277,0.014463468454778194,0.003644322045147419,0.0006084099877625704,0.006940999999642372,0.01846900023519993
1036,0.0008576997910183656,6.97167713214099e-05,1.0892173051834106,0.6527259200811386,0.0035856729496421425,0.003478453752839423,0.022966532412618312,0.0034976543784958868,0.011524075642228127,0.002823207061737776,0.0008939100080169737,0.007234999909996986,0.017311999574303627
1037,0.0007929551060699216,6.763274416553348e-05,0.8527499437332153,0.6684006080031395,0.00513131506757834,0.0031361066953249795,0.021392232225448306,0.0032217889398587825,0.011880309320986271,0.00298600597307086,0.0009190100245177746,0.008363000117242336,0.01843399927020073
1038,0.0008959147632155508,7.289436256626298e-05,1.082381248474121,0.6701214611530304,0.005924470299219133,0.0036183607164355287,0.024478430820689522,0.003891960375558952,0.013127727434039116,0.0034559122286736965,0.0009296099888160825,0.00954199954867363,0.020072000101208687
1039,0.0009560149789060983,7.706251060156627e-05,0.856204628944397,0.663716197013855,0.010746768531906863,0.004820263740469814,0.03059319185109246,0.005890848554111695,0.012438906356692314,0.0031513976864516735,0.0009715100168250501,0.013011000119149685,0.02331800013780594
1040,0.0013323645231682428,8.354929890294301e-05,1.3757895231246948,0.5328561365604401,0.00714030251224153,0.00447826864191438,0.03357256518101872,0.005487232144702337,0.015415464527904987,0.00341965164989233,0.001507609966211021,0.014658000320196152,0.0213639996945858
1041,0.001537445623769525,0.0001105531687186855,1.6318329572677612,0.41846734285354614,0.032335711165935754,0.01666455424391846,0.11297446770381776,0.029766984360544695,0.0163259319961071,0.0026235398836433887,0.001723209978081286,0.030567999929189682,0.10065199434757233
1042,0.0012682426176135726,0.00013215284986702557,0.8042197823524475,0.6731623783707619,0.021616201583977503,0.030717554342575556,0.13608485814236176,0.055468878851148394,0.013471972197294235,0.0028260154649615288,0.001224610023200512,0.031038999557495117,0.11697900295257568
1043,0.0028929196691175017,0.0002132680188385854,1.286207914352417,0.6244533061981201,0.005957381445825075,0.04780958774242012,0.3469311754909645,0.11852657101265164,0.014090713113546371,0.0016669491305947304,0.0033786098938435316,0.06149600073695183,0.18812499940395355
1044,0.0003908138685957432,5.0968390157193205e-05,1.059694528579712,0.6989920139312744,0.00651333170295901,0.0013524282964970775,0.008339247098150255,0.0011182013549258345,0.014672167599201202,0.0035913288593292236,0.0003082799958065152,0.005166000220924616,0.008214999921619892
1045,0.0007245316371470624,6.748214973692702e-05,1.4619253873825073,0.5394206643104553,0.00807538325861128,0.0039007004664523134,0.02792597369658169,0.004204887623652979,0.015173795633018017,0.0034460732713341713,0.0008974099764600396,0.006752000190317631,0.02741900086402893
1046,0.0006161581019687246,6.33338533507283e-05,0.958734393119812,0.6808526068925858,0.004451067730759255,0.0035554832794727573,0.020900655748217777,0.0032090730583063855,0.012871602550148964,0.003472361247986555,0.0006061100284568965,0.00761700002476573,0.018275000154972076
1047,0.0008309985162230384,6.663004828047709e-05,0.8044067621231079,0.6474321782588959,0.008449810727865131,0.002524228779366383,0.017799813189397395,0.0025747896350503414,0.014329161494970322,0.0035183336585760117,0.0008555100066587329,0.009379000402987003,0.016555000096559525
1048,0.0011244225491489027,7.28212689676209e-05,1.353516697883606,0.5475949943065643,0.009326694566675934,0.0031292132957156413,0.023374532997421614,0.0035843808789140594,0.01422139722853899,0.0035315691493451595,0.001237310003489256,0.010770999826490879,0.022748999297618866
1049,0.0004261241538715,5.0449872520289164e-05,0.7875677347183228,0.6603007614612579,0.002362025480724465,0.0008519592611799341,0.005928130390785438,0.0006315007137834895,0.013218484818935394,0.0033457335084676743,0.00026945999707095325,0.002346999943256378,0.004719000309705734
1050,0.0007197580914314639,6.837660804003925e-05,1.6105660200119019,0.45236343145370483,0.002314379003574547,0.003489534717995617,0.04204226208498683,0.004501988507029205,0.015456248074769974,0.0027327886782586575,0.00079521001316607,0.005166000220924616,0.040734000504016876
1051,0.0009953948205189,6.92589575977217e-05,0.9174520969390869,0.6421674340963364,0.0029280981900168695,0.002282504474727655,0.016354175340623375,0.002057192632488057,0.012411938980221748,0.0033475258387625217,0.000954009999986738,0.00585100008174777,0.013403000310063362
1052,0.0008913807041339472,7.10204723614512e-05,1.4054536819458008,0.56468066573143,0.0015717267291948586,0.0027007068331449634,0.02413537610355724,0.0029387029715087325,0.012289273552596569,0.0032135583460330963,0.0009672099840827286,0.006314000114798546,0.01923000067472458
1053,0.0017215209927746128,0.00015029691643958997,1.161671757698059,0.6866064667701721,0.05037573475384996,0.03367963306720481,0.10571430083989836,0.05454776888977754,0.013170462101697922,0.0030923732556402683,0.001887909951619804,0.03514900058507919,0.09797300398349762
1054,0.0009265530882506573,6.84965437061646e-05,1.2720961570739746,0.5974328517913818,0.002907398438426865,0.002980903784487813,0.020726088729376996,0.0029405525254422513,0.01221246924251318,0.0032643540762364864,0.00101730995811522,0.007805999834090471,0.015744000673294067
1055,0.00043680575632606456,5.879570865976254e-05,1.0950729846954346,0.6902945935726166,0.006943920014042772,0.0027379390061541384,0.018204032354770354,0.0025464898043411222,0.014029594138264656,0.0036330027505755424,0.00037957000313326716,0.009213999845087528,0.014752999879419804
1056,0.0008731275849123575,9.704186510945127e-05,1.2181881666183472,0.6782601326704025,0.01017228485626595,0.012046136234083718,0.06476979441083439,0.017238836230298482,0.01176065020263195,0.0027584368363022804,0.0008927099988795817,0.023243999108672142,0.054933998733758926
1057,0.0002361290364798935,4.605599296545082e-05,1.22063148021698,0.6812606900930405,0.002769410550944081,0.0018281502776476251,0.011315248293882536,0.0013168277579740546,0.014699842780828476,0.0037783849984407425,0.0001479399943491444,0.0029299999587237835,0.010638000443577766
1058,0.0007476568001103411,7.335744934620984e-05,0.7468063831329346,0.6543495655059814,0.0008534931255904907,0.00274177788055017,0.029091786356917875,0.0033369108417456664,0.01198621653020382,0.0027445638552308083,0.0006611099815927446,0.006835999898612499,0.025823000818490982
1059,0.000714784833921416,6.482581692944707e-05,1.188316822052002,0.6520431488752365,0.009066778632654678,0.0028210515832574425,0.02110962573922157,0.002995524991281938,0.015012708492577076,0.0034069432877004147,0.0007659100228920579,0.0091540003195405,0.018482999876141548
1060,0.0008199693461457726,6.384768762631604e-05,1.445219874382019,0.5361603796482086,0.016741563329027286,0.0030792127043167234,0.020096150037047126,0.003355774964898535,0.01606743037700653,0.0031315437518060207,0.000949610024690628,0.010029999539256096,0.025968000292778015
1061,0.0013453113415473367,8.274036087260023e-05,1.0726444721221924,0.6099906861782074,0.007575365489885128,0.004561429565340978,0.033353918847385686,0.0057247562829520725,0.015520287677645683,0.0034497235901653767,0.0015241099754348397,0.013113999739289284,0.022671999409794807
1062,0.0006816971230843614,7.799485054454881e-05,1.1429343223571777,0.6898408830165863,0.013793002302568445,0.008444624262358657,0.03980262269363843,0.010147313079420815,0.013318166136741638,0.00351270055398345,0.0006956100114621222,0.015531999990344048,0.03853100165724754
1063,0.000571306071179357,4.895318060480988e-05,1.5508464574813843,0.4542386829853058,0.0007160561681807496,0.0009939445120141029,0.00930195609898286,0.0007560132584327854,0.013214180245995522,0.0032487213611602783,0.00047590999747626483,0.002208000048995018,0.0076489998027682304
1064,0.0020962120495542887,0.0001645709845061494,0.6909714937210083,0.5858397632837296,0.13914536283808568,0.02803287934284994,0.015824859638004663,0.03591547380786079,0.015635201707482338,0.0034322142601013184,0.002378310076892376,0.050638001412153244,0.14870300889015198
1065,0.0008065410251934984,6.285723594188705e-05,1.144404649734497,0.6288379579782486,0.005647640655293926,0.0014829732638049196,0.011323354534179332,0.0013250458184576996,0.014958505518734455,0.0034631784074008465,0.0007935100002214313,0.0055740000680089,0.011675000190734863
1066,0.0008738857326559169,6.680913544739129e-05,1.2453689575195312,0.6048738360404968,0.007267967925043143,0.00243550498219292,0.018026611205925493,0.002498598431955738,0.014581873081624508,0.0036233742721378803,0.0008853100007399917,0.007215000223368406,0.01599999889731407
1067,0.0009970661761353166,7.406494311815073e-05,1.1513910293579102,0.6408940553665161,0.006853587308676948,0.003409770361141341,0.02509781484198645,0.0037722747987834534,0.014812326990067959,0.0036853980273008347,0.0010367099894210696,0.008836999535560608,0.021455999463796616
1068,0.0018539697589817197,0.00011330848112420515,1.2244068384170532,0.6235279738903046,0.009343190933548582,0.00889442984673017,0.05724125480986847,0.015276945231643711,0.01131369173526764,0.002297482918947935,0.002097310032695532,0.018967999145388603,0.049389999359846115
1069,0.0017504770978711063,8.516084325574217e-05,0.5219801664352417,0.4889002814888954,9.503369533017901e-05,0.0012187609492958628,0.05670141822358059,0.005974712905746745,0.01066233403980732,0.0007221540436148643,0.0018321099923923612,0.020927000790834427,0.03646500036120415
1070,0.0006653921587792317,6.873760009462355e-05,1.4371306896209717,0.5745003819465637,0.009314102360921868,0.004920451867688541,0.032718725354740026,0.005317476168945314,0.015730418264865875,0.003527084831148386,0.0006285100243985653,0.00585100008174777,0.034765999764204025
1071,0.0007706213886737772,7.436939629893347e-05,1.0871535539627075,0.6798619776964188,0.0012623938163731482,0.0038221929895986655,0.03594154229315525,0.0050948711832992065,0.011438514105975628,0.0025136186741292477,0.0008263100171461701,0.008469999767839909,0.030079999938607216
1072,0.001017695166879108,6.5752320062615e-05,1.5056350231170654,0.48848819732666016,0.014764282326906734,0.0028350193343604953,0.020986191288642625,0.0031273221748905136,0.016266193240880966,0.003047454170882702,0.0012031099759042263,0.012090999633073807,0.02161400020122528
1073,0.004237791332012547,0.0001599424743939687,0.7101014852523804,0.4710543006658554,0.08827403279394609,0.014491105650445063,0.08105102679511751,0.02561885196527025,0.01725863851606846,0.0022975653409957886,0.004738110117614269,0.07550399750471115,0.08609999716281891
1074,0.0021842210054627016,0.0002290886267867422,0.8597004413604736,0.6713010519742966,0.16334830008041623,0.06166894131996555,0.1258752539071716,0.13337870400990234,0.01561211422085762,0.003119282890111208,0.0024106099735945463,0.10400000214576721,0.17666999995708466
1075,0.0025022719246009994,0.00020070707846577235,1.184781789779663,0.6669825464487076,0.04246538526101034,0.051427812853155314,0.2479965605884015,0.11236216975927958,0.014497500844299793,0.0023239776492118835,0.002954009920358658,0.054917000234127045,0.165803000330925
1076,0.0005664286578431503,6.218014803018393e-05,1.5164189338684082,0.5130270719528198,0.0045250927896229734,0.003633805407653346,0.025429450520983606,0.0033533153603627786,0.015263425186276436,0.00362338125705719,0.0005961100105196238,0.0061980001628398895,0.020614000037312508
1077,0.0005840062613307292,5.678050260681758e-05,1.523388385772705,0.5034507513046265,0.005453463382935792,0.0025160021126737755,0.01770973648479157,0.002268494353003322,0.014937135390937328,0.0037616915069520473,0.0006058100261725485,0.006314000114798546,0.015771999955177307
1078,0.0010379472200996022,7.515670816120415e-05,1.3311134576797485,0.5668289065361023,0.004009229901792744,0.004106613227108608,0.02811156112169696,0.004675418361005856,0.012526481412351131,0.003328234888613224,0.0011323100188747048,0.008527999743819237,0.02267799898982048
1079,0.0008974727850640544,6.255209233012966e-05,1.5350050926208496,0.4638455808162689,0.013385338317966506,0.0023462217807778563,0.017060448990494723,0.0023793968682887124,0.016547225415706635,0.0030410303734242916,0.0009444099850952625,0.01095999963581562,0.016603000462055206
1080,0.0007421203462479555,8.186200479292174e-05,0.9051096439361572,0.702144555747509,0.0029702033810898912,0.006375778343269958,0.05402982870931614,0.009492323889333312,0.01103290170431137,0.0016315095126628876,0.000697910028975457,0.013810000382363796,0.04786999896168709
1081,0.001204358301720585,7.394951587751835e-05,0.950861930847168,0.631955698132515,0.019178983661502308,0.0038314470034856284,0.020997167891399143,0.004263508876661153,0.014164404943585396,0.003528231754899025,0.0012747100554406643,0.016062000766396523,0.022549999877810478
1082,0.001467657723815723,0.00013445090278866667,0.9965401887893677,0.6969503164291382,0.04719513865965382,0.030628980836341548,0.08661882639613723,0.047575191966946394,0.012589804828166962,0.003160917665809393,0.0017954099457710981,0.04820999875664711,0.09626000374555588
1083,0.0007378641787645668,6.070813384483986e-05,0.6197781562805176,0.5682931616902351,0.002838145390090699,0.0013137470117974785,0.010000441937913404,0.0010639468815831282,0.013434912078082561,0.003378225490450859,0.0006460099830292165,0.005166000220924616,0.00761700002476573
1084,0.0003469776979649058,5.469971038302908e-05,1.1094472408294678,0.6976902931928635,0.009241659834125004,0.0023710777749294566,0.014889330357244534,0.0022282871987549246,0.014618085697293282,0.0035297959111630917,0.00027086999034509063,0.006041999906301498,0.016548998653888702
1085,0.0005433068674928656,6.76968926549849e-05,1.1507272720336914,0.6795453578233719,0.011594009735115016,0.005041685270587664,0.02822878440287238,0.0055210139111253696,0.01394995953887701,0.003663595300167799,0.0006335100042633712,0.007577999960631132,0.03590399771928787
1086,0.002328613322252054,0.00012459013695462944,1.0163774490356445,0.6240902245044708,0.08313265893341973,0.016406102367657313,0.031362658796863584,0.019651012038139185,0.014680624008178711,0.003578152973204851,0.0027334101032465696,0.060283999890089035,0.05030599981546402
1087,0.0005135206798299311,5.424077453842528e-05,1.4746901988983154,0.5418241918087006,0.00038645088566336967,0.0014003905977142993,0.016568696744190013,0.0013411940215123904,0.012781199999153614,0.0028858231380581856,0.00043171001016162336,0.003711000084877014,0.011661999858915806
1088,0.0004973574467729802,5.577603586744183e-05,0.9604848027229309,0.6823583245277405,0.0036452076966860536,0.0018606144997121191,0.012981845730647814,0.0015565052798668958,0.013440608978271484,0.0035546054132282734,0.00044351001270115376,0.005255000200122595,0.011273999698460102
1089,0.0007882593836331426,6.639993016244498e-05,0.7392078042030334,0.6394588798284531,0.005720285155166946,0.0025388176883253026,0.01801276674798533,0.0024535233893662727,0.013482749462127686,0.003563408274203539,0.0009653100278228521,0.006279999855905771,0.01919800043106079
1090,0.0009505174838690697,8.222918686018928e-05,1.1017742156982422,0.6733002960681915,0.044052952359420056,0.00975380595718188,0.0214233232519372,0.010490612397463694,0.013973409309983253,0.0036112284287810326,0.0009594099828973413,0.029178999364376068,0.031769998371601105
1091,0.0006808425266333679,6.358090671610182e-05,1.125139594078064,0.676329642534256,0.003904548791640346,0.0030519080349840693,0.01945673707522969,0.00275845202536934,0.012936237268149853,0.0034468104131519794,0.0006821100250817835,0.006051999982446432,0.017284000292420387
1092,0.00042453217823349375,5.813689685908553e-05,1.413835883140564,0.6019492447376251,0.006522072956312516,0.003223508562912919,0.02338724025824205,0.0031453855156871845,0.015595966950058937,0.00345912529155612,0.00040096999146044254,0.006835999898612499,0.020086999982595444
1093,0.0011140319586010867,0.00010355125890216686,0.9780020117759705,0.6873626410961151,0.0010766338102788755,0.006063350366045486,0.07626230256072117,0.011878023886199067,0.01274168211966753,0.002213612664490938,0.001094509963877499,0.0199740007519722,0.05952499806880951
1094,0.0007457056184205511,5.483448476956425e-05,1.6434357166290283,0.39037996530532837,0.005765855855588287,0.0015588545897980144,0.01245455149339746,0.0013542515564118418,0.015440929681062698,0.0034406506456434727,0.0007901099743321538,0.005255000200122595,0.01347300037741661
1095,0.0008198941752086563,0.00011476006118824034,0.7557014226913452,0.6824820339679718,0.00025190291680447145,0.004284378628596811,0.1249963249685818,0.017873642016663784,0.013226144015789032,0.002098461613059044,0.0007835099822841585,0.01359499990940094,0.1312990039587021
1096,0.0005927310333800772,7.645132480754149e-05,0.5694520473480225,0.6027865558862686,0.03871324986266099,0.008823832511323923,0.02053158109338026,0.009855108191305108,0.014035798609256744,0.00359859736636281,0.0005019099917262793,0.03649299964308739,0.025377999991178513
1097,0.0006327238689428795,5.503789920223353e-05,1.2987480163574219,0.5887335240840912,0.004802130036341928,0.0007267305411915062,0.0036328815335011323,0.0005254191655590457,0.014739877544343472,0.003594880923628807,0.0005695099825970829,0.0048859999515116215,0.002546000061556697
1098,0.00048285625696111573,5.300300552418908e-05,0.8828474879264832,0.6755493879318237,0.003487864652834884,0.000903976340869193,0.005998406298992495,0.0006887290256632102,0.013589666225016117,0.0034951488487422466,0.00042610999662429094,0.0029299999587237835,0.005504000000655651
1099,0.0010174153000034544,6.635683057432969e-05,0.5404626727104187,0.5047050267457962,0.006372583973581592,0.0016395939129962645,0.012402546562369485,0.0015045880552410542,0.014743302017450333,0.0034834695979952812,0.0009221099899150431,0.005255000200122595,0.013243000954389572
1100,0.0006633974036353654,5.888894783210913e-05,1.1638706922531128,0.6543970108032227,0.004954272678676165,0.0013516210753989806,0.009414310106631834,0.0011362904590803335,0.013361210934817791,0.0033769761212170124,0.0006716100033372641,0.0061980001628398895,0.007170000113546848
1101,0.000744118109983456,6.940620755237198e-05,0.8252135515213013,0.6714296340942383,0.00012038427014727245,0.0011927586303732143,0.024101566400865797,0.0020542454491210976,0.012318462133407593,0.0019616959616541862,0.0007145099807530642,0.00661499984562397,0.017336999997496605
1102,0.0011278543213867895,6.458110568357547e-05,1.4258952140808105,0.4863888621330261,0.006998116910724382,0.0014726898338170151,0.010203238559893213,0.0013705312241602003,0.013798053376376629,0.003566224128007889,0.001165210036560893,0.00774300005286932,0.008393999189138412
1103,0.0013361646440900455,7.470962572853578e-05,1.1778087615966797,0.5557679831981659,0.0004257282888873194,0.0017956637793139873,0.023165151407008762,0.0027761493122429592,0.01167221274226904,0.0023547145538032055,0.0013676099479198456,0.008363000117242336,0.016999000683426857
1104,0.0008124853704550055,7.390542764245593e-05,1.4726362228393555,0.5442726016044617,0.007904611943011472,0.005556851305094068,0.03353693924782673,0.005928858115748312,0.013755926862359047,0.003713257610797882,0.0009194100275635719,0.009171999990940094,0.030406000092625618
1105,0.0009271229606666018,7.426183141676952e-05,1.0356686115264893,0.6577543616294861,0.00421270985066232,0.00374039261654117,0.025667061098409622,0.0037160271325915872,0.013720608316361904,0.0036849011667072773,0.0010047099785879254,0.011347999796271324,0.014769000001251698
1106,0.0005225051004826693,5.211619190385595e-05,1.3618313074111938,0.6015022099018097,0.002253878733598395,0.0013122029026025146,0.009240229224130288,0.0009942281553725783,0.012790732085704803,0.003342575393617153,0.0005438100197352469,0.0046190000139176846,0.006519000045955181
1107,0.0009695732170410912,6.201985558601687e-05,1.5075488090515137,0.4742608964443207,0.005374051908299248,0.0014144328841983003,0.010792677880233281,0.001282301585053239,0.013952112756669521,0.003346595913171768,0.0010171099565923214,0.006051999982446432,0.009895000606775284
1108,0.0013831928346080035,0.00010012565045378313,1.2949633598327637,0.6069973707199097,0.02060465373803463,0.009830328396430001,0.06768389513577554,0.015418682385121885,0.01543997973203659,0.0031462693586945534,0.001697810017503798,0.017511999234557152,0.06564299762248993
1109,0.0006119624939171648,0.00011868729122294135,1.0392379760742188,0.7022969722747803,0.00468368092593872,0.022494125416802537,0.14489423108670815,0.042291200347000804,0.012846357189118862,0.002659435383975506,0.000524309987667948,0.03564999997615814,0.1205269992351532
1110,0.00068426923222839,6.171239288707363e-05,1.5867434740066528,0.46150779724121094,0.009409215582030166,0.00366646880865423,0.02801728711530325,0.004056978775164935,0.016307812184095383,0.003145020455121994,0.000718010007403791,0.015495000407099724,0.01795399934053421
1111,0.000547333967618507,5.434709347267139e-05,1.6152539253234863,0.43192344903945923,0.007750967179075623,0.0022179783149637146,0.016994738764064644,0.0021225125463211238,0.01561475358903408,0.0033672936260700226,0.0006380099803209305,0.007579000201076269,0.01628199964761734
1112,0.0008314018955924439,7.058363792797318e-05,1.0132637023925781,0.6681247055530548,0.006458810322121362,0.003955443857446412,0.025430323050702242,0.004190360169904872,0.013439826667308807,0.0034872363321483135,0.0009575100266374648,0.01057399995625019,0.019967999309301376
1113,0.003588944051842063,0.00025751985075047213,0.8626083731651306,0.6323761940002441,0.12805394626309943,0.04480446759317809,0.19968657951901161,0.08878297853634372,0.015977974981069565,0.0026954966597259045,0.004021110013127327,0.06991899758577347,0.23509001731872559
1114,0.0005015354633200226,5.909509598630837e-05,1.3340754508972168,0.6219650506973267,0.0002295003427873929,0.0014252367895095527,0.01964358536183056,0.0016558264514543192,0.012299878522753716,0.0026110350154340267,0.00044420998892746866,0.003700000001117587,0.01781100034713745
1115,0.0005685983104495072,6.000855311677581e-05,1.0597199201583862,0.6810552328824997,8.451026172804309e-05,0.0006661635913706342,0.015733872882795753,0.0011565748506957938,0.011712603271007538,0.0017452854663133621,0.00043951001134701073,0.005140000022947788,0.011745000258088112
1116,0.0008840409984203423,6.4756856485896e-05,1.0466841459274292,0.6305448859930038,0.0075701771885016735,0.0014106946830590192,0.008832119754950072,0.0012256953231186791,0.014517193660140038,0.0035942718386650085,0.0008965100278146565,0.005628999788314104,0.009762000292539597
1117,0.0011397858304691972,7.107283712864119e-05,0.7504315972328186,0.5724392905831337,0.00874319049761773,0.0014813265805616025,0.0091206148903103,0.0013081596381288455,0.014295593835413456,0.0035475613549351692,0.0012266100384294987,0.006845000199973583,0.012524999678134918
1118,0.0006708358865088568,6.392570701797937e-05,1.4987983703613281,0.5233286023139954,0.0090866904419196,0.003539441818672199,0.0265113663892665,0.0037694869564233804,0.015502817928791046,0.003395841456949711,0.0007484100060537457,0.007720999885350466,0.024863000959157944
1119,0.0007651635147121247,6.520822114512812e-05,1.3234972953796387,0.5964815318584442,0.007611127271021387,0.003085017967516561,0.023310677876801914,0.0031804483006522,0.015518180094659328,0.003466284368187189,0.0006776099908165634,0.008243000134825706,0.02163499966263771
1120,0.0006832144709410838,6.6304255249127e-05,0.6151835918426514,0.6135270968079567,0.0069349217476745665,0.0033063025514552457,0.021431098654513026,0.00335909791876245,0.012148716486990452,0.002991151064634323,0.0006433100206777453,0.009530000388622284,0.016993001103401184
1121,0.0009825618022395821,8.364437163744533e-05,0.6003735661506653,0.6090363040566444,0.023234857215875704,0.008957251727531947,0.041227719623693704,0.01167466531428159,0.012170780450105667,0.0030249757692217827,0.0011603099992498755,0.022940000519156456,0.04942899942398071
1122,0.0007265251268603956,6.696448574761843e-05,1.3811039924621582,0.5987279713153839,0.010839756261694686,0.0038221565136526015,0.027503595189138093,0.004104445292537623,0.015039604157209396,0.003517869394272566,0.0007028100080788136,0.013414000160992146,0.02407499961555004
1123,0.0033784538802784218,0.00026067743980369125,1.1615190505981445,0.6458592116832733,0.14686791193276016,0.04302783334311861,0.10736466607897083,0.06405094087158304,0.01463525090366602,0.003352150786668062,0.0037104100920259953,0.08022399991750717,0.12474099546670914
1124,0.002251121170978595,0.00023465234247149812,1.2802678346633911,0.6474772393703461,0.06839610812332578,0.09831694067501381,0.3014497765617669,0.18830027533166807,0.014222083613276482,0.002696770243346691,0.002357509918510914,0.09152299910783768,0.19126099348068237
1125,0.0005903824281091394,5.537712934840282e-05,1.241876482963562,0.6213361024856567,0.0031439326932994017,0.0009632288331877063,0.007113681421035269,0.0007467114616252759,0.014447581954300404,0.003478583414107561,0.0005693099810741842,0.0033420000690966845,0.006051000207662582
1126,0.0005253110615108515,5.6948657785732646e-05,1.0070385932922363,0.6923443377017975,0.005709141618217175,0.001719264802710587,0.01180843412832087,0.0014994194933303454,0.013967858627438545,0.0035760290920734406,0.0005158099811524153,0.005032000131905079,0.012362999841570854
1127,0.0004584083276590579,5.7218149276464663e-05,0.8213211297988892,0.6827075555920601,0.004371183238782984,0.0022166379656030953,0.015449228223277676,0.0018881537247022887,0.01414446346461773,0.0036555458791553974,0.0003915299894288182,0.006134999915957451,0.013642000034451485
1128,0.00032610638956895646,6.487354297321222e-05,0.9697275161743164,0.7137908190488815,0.0070649900900474115,0.005991849979515839,0.03140205119889753,0.005857488165987856,0.01309813279658556,0.0036228648386895657,0.00030516000697389245,0.008243000134825706,0.02668999880552292
1129,0.0010732376884805461,7.37496431977351e-05,1.0479035377502441,0.6611371785402298,0.005072595546243806,0.0035432140335589055,0.027031601211801967,0.0043352988928720484,0.01139443926513195,0.0024981475435197353,0.0011485100258141756,0.009171999990940094,0.024000998586416245
1130,0.0010252672337586221,7.515719161854629e-05,0.5223637223243713,0.5286012887954712,0.01003110401869715,0.004215757609474345,0.02699423822337336,0.004870232978500458,0.01274897065013647,0.0032519642263650894,0.0010949099669232965,0.011242999695241451,0.02563299983739853
1131,0.0009047273022924129,0.00010157158359879381,0.920256495475769,0.6929952949285507,0.00015772733701353912,0.002523780796420415,0.14888077755060714,0.02036741775256938,0.015992123633623123,0.0019952929578721523,0.0008985099848359823,0.018602000549435616,0.11142000555992126
1132,0.0013342104930335538,0.00012604055654029617,0.9551741480827332,0.7183385193347931,0.001876463949616839,0.012032133951754455,0.11332978321936282,0.026736445090617907,0.011257503181695938,0.0014029028825461864,0.001637210021726787,0.023029999807476997,0.11425399780273438
1133,0.001931574930096928,9.229162156079859e-05,0.37772151827812195,0.3888714276254177,0.019235105474111093,0.005848140644277742,0.04792389687696555,0.008747986103763272,0.01590452715754509,0.0029730238020420074,0.0022421099711209536,0.022616000846028328,0.040890999138355255
1134,0.0007383658283357169,6.224622701723185e-05,0.8796281218528748,0.6484953761100769,0.005148032875334881,0.0015305233769572187,0.011335320984328772,0.0013401280474675268,0.01486470177769661,0.0035904059186577797,0.0007419100147671998,0.005140000022947788,0.009817000478506088
1135,0.0009615548271418266,5.7422589396996277e-05,1.5845271348953247,0.3999375104904175,0.005373780492889556,0.0010416683740124308,0.007513851340581882,0.0008532884431000209,0.014813234098255634,0.0035030851140618324,0.0009208099800162017,0.005861999932676554,0.005408999975770712
1136,0.0009725329182500658,7.341234529496126e-05,1.4808562994003296,0.510209321975708,0.0027433806182321284,0.003456657931900212,0.027882292190517584,0.003914560281139073,0.01262588705867529,0.003326600883156061,0.0009786100126802921,0.007511999923735857,0.02276800014078617
1137,0.0005852688930543571,6.19163985504488e-05,0.9129836559295654,0.6795500665903091,0.006273159142951205,0.0024235355051323657,0.018331269168168702,0.002307293330584631,0.01493163499981165,0.003536543343216181,0.0005436100182123482,0.008603000082075596,0.013117000460624695
1138,0.0005178054787117167,6.128570669215104e-05,1.0723551511764526,0.6892012357711792,0.008960303527072557,0.003003204958296095,0.019842105404300436,0.003021656989711064,0.014247223734855652,0.0035667112097144127,0.0004790099919773638,0.009336000308394432,0.018590999767184258
1139,0.0005993406317799671,6.259044145113e-05,1.1491997241973877,0.6670133918523788,0.010173552587572604,0.0029073964114403553,0.022125336230248815,0.003147534204546028,0.016041528433561325,0.0031744148582220078,0.000572210003156215,0.010564999654889107,0.020608998835086823
1140,0.0012557003434315206,7.361882844111856e-05,0.9928162097930908,0.6015533208847046,0.013795747450910554,0.002603220240032636,0.01853942787727355,0.002874134187292987,0.01573791541159153,0.003255692310631275,0.0014311099657788873,0.016997000202536583,0.014318998903036118
1141,0.0007793408619430821,8.688212943862224e-05,0.7021220922470093,0.6527531743049622,0.010213241895776756,0.0092734495751807,0.04764448198963863,0.010969150073544709,0.01245744340121746,0.0032279924489557743,0.0008947100141085684,0.021359000355005264,0.035197000950574875
1142,0.0006192565287872532,6.304310139608e-05,1.3733282089233398,0.5985811054706573,0.005051522688970574,0.0035796533847700525,0.02223613232810696,0.0032982871860079074,0.014077062718570232,0.003724426031112671,0.0005724100046791136,0.0042860000394284725,0.023287000134587288
1143,0.0005765808375771332,6.520146358423261e-05,1.2868502140045166,0.6420350670814514,0.011104959212754303,0.0038335829062730734,0.02586553791609167,0.004137253735793139,0.015126406215131283,0.0035052169114351273,0.0005770099814981222,0.008985999971628189,0.027823999524116516
1144,0.0009248420177951021,7.546928129970807e-05,1.0353851318359375,0.6756725609302521,0.003328881503168842,0.004045553157846377,0.02987921718065101,0.004643829649213584,0.011896023526787758,0.0030814982019364834,0.0009270100272260606,0.00661499984562397,0.024101998656988144
1145,0.0006942155251440084,7.040040999869583e-05,1.0238604545593262,0.6910884082317352,0.00016349368274744911,0.001499602311838303,0.02978070729292429,0.002580863794924058,0.013388646766543388,0.0021854122169315815,0.0006381099810823798,0.007381000090390444,0.0229909997433424
1146,0.0008923756168281326,7.070191041251323e-05,0.9183855056762695,0.6477798968553543,0.004222960578447843,0.0030149641374877523,0.019838494736342846,0.002860960787786894,0.013180590234696865,0.0035043060779571533,0.0009091100073419511,0.008045000024139881,0.014731000177562237
1147,0.002884731648053436,0.00012203147514818695,0.9402955770492554,0.5740443021059036,0.03674292659545387,0.008975130044279045,0.06186700376812788,0.017809248130921627,0.014890464954078197,0.0030696094036102295,0.003345909994095564,0.03407900035381317,0.059014998376369476
1148,0.0008116187361578712,6.840876492008517e-05,1.4606506824493408,0.5455195605754852,0.00010714998228506945,0.001097108248619057,0.06584192888620198,0.005724880299753959,0.017502818256616592,0.0015266574919223785,0.0008969099726527929,0.006051999982446432,0.056849002838134766
1149,0.0003845048389265417,5.5397544159506516e-05,1.2117717266082764,0.6691757291555405,0.008095117411926013,0.002399991464070798,0.016438575533118456,0.0022237663467672957,0.015436209738254547,0.003460436128079891,0.0002783499949146062,0.00661499984562397,0.016603000462055206
1150,0.0010953867177965046,6.007551833468836e-05,1.642067313194275,0.36359256505966187,0.00783002349718828,0.0016322640945519331,0.0144056064691899,0.0015900776371905526,0.0161964800208807,0.0031109238043427467,0.001203609979711473,0.008255000226199627,0.011025000363588333
1151,0.0012784976778307468,7.738834933456763e-05,1.3549789190292358,0.5389724373817444,0.010862607580357782,0.0034392982385571063,0.026421000993127806,0.004215316985258122,0.014933197759091854,0.0034076152369379997,0.001460909959860146,0.01231900043785572,0.023603999987244606
1152,0.0024923803185499293,0.00010642099560950855,0.7724246382713318,0.5327742248773575,0.018779350500000187,0.005600626357842274,0.043076746280717206,0.010166973034425715,0.014307336881756783,0.0032803891226649284,0.0029882099479436874,0.0307219997048378,0.03168800100684166
1153,0.0016714220171345075,0.00013604262627731143,1.024311900138855,0.710311233997345,0.0005586624317910754,0.01076648107068519,0.1541555180188875,0.03196307937524269,0.011047226376831532,0.0010588401928544044,0.0017917100340127945,0.04359700158238411,0.08660000562667847
1154,0.0015134941785893386,0.00010868432999581133,1.1537760496139526,0.6651721149682999,0.005277564710045372,0.007626080878770773,0.06103230517276504,0.013554616519378195,0.011822177097201347,0.0025660679675638676,0.0015260099899023771,0.019005000591278076,0.04150800034403801
1155,0.0021583278394524913,0.0001481228137000391,1.5567693710327148,0.47433504462242126,0.0007584611797541725,0.009177564832965649,0.18876414140560197,0.03132478382137409,0.01388437021523714,0.0014514578506350517,0.0025891100522130728,0.04943700134754181,0.08186999708414078
1156,0.0005481669162252355,5.663499392401873e-05,1.1226296424865723,0.6803234070539474,0.0018309811295812019,0.0018789814241033935,0.013377511025177676,0.0014813077781177806,0.012323196046054363,0.003214417491108179,0.00048091000644490123,0.0017320000333711505,0.012854000553488731
1157,0.0007289301582659138,6.648713634032646e-05,0.9031707048416138,0.6735473275184631,0.00016416678804292178,0.0012781924079214746,0.021200584173959414,0.0018716788041033498,0.012032157741487026,0.002113699447363615,0.0008324100053869188,0.005532999988645315,0.017955999821424484
1158,0.000756133036136836,6.955273380975484e-05,1.2272930145263672,0.6497501283884048,0.006761099515046542,0.0037659644259125987,0.025329830475811065,0.003936189430211179,0.014163670130074024,0.003613630775362253,0.000752009975258261,0.007720999885350466,0.024668000638484955
1159,0.000980319357848798,9.085884031882817e-05,1.1649609804153442,0.6653639376163483,0.0007809109094253111,0.004710921222048736,0.061141815375186474,0.009033859063897622,0.01150895468890667,0.0017405124381184578,0.0009251100127585232,0.010800999589264393,0.05693500116467476
1160,0.0008118892371743042,8.217096243371915e-05,1.1339902877807617,0.6738193035125732,0.006455410841222863,0.006875390718930208,0.04197974939402797,0.00863839617492045,0.012295574881136417,0.0032604034058749676,0.0008393099997192621,0.014685999602079391,0.03199999779462814
1161,0.000665780571507189,5.753541709364163e-05,1.315633773803711,0.5993446707725525,0.00590709218973874,0.0013511989362823,0.009260562623900955,0.0011494456818752531,0.014723986387252808,0.0035150903277099133,0.0006542099872604012,0.004794000182300806,0.009453000500798225
1162,0.0006657699721032672,5.5799666231996043e-05,1.4420629739761353,0.5493132174015045,0.007472415421656942,0.0016305587848144216,0.01096576221016564,0.0014185467128452773,0.015083782374858856,0.003502373117953539,0.0006690099835395813,0.0061980001628398895,0.011082999408245087
1163,0.0006568659492713962,6.122203166638289e-05,0.8682655096054077,0.6816245540976524,0.00236825916091775,0.002606023749939907,0.01862526672898765,0.0023223416806117704,0.011877808719873428,0.002972089219838381,0.0006903099711053073,0.008578999899327755,0.010924000293016434
1164,0.0009264671289941602,9.144447047972017e-05,0.9067053198814392,0.6786042004823685,0.005833103174644616,0.007423606627158442,0.059006909924037065,0.010982610960359573,0.0139895249158144,0.00314761558547616,0.0009272100287489593,0.01750200055539608,0.04833199828863144
1165,0.001222104585524723,7.239376042359727e-05,1.5179632902145386,0.46201589703559875,0.013837301747701966,0.003286474628174607,0.02587986932054996,0.0039213989629919115,0.015857569873332977,0.0031444798223674297,0.0013869099784642458,0.017294999212026596,0.01724500022828579
1166,0.0012127019129883777,8.271275365676642e-05,1.3439946174621582,0.5839502811431885,0.021836311320569728,0.0056216961057099935,0.035983544847707716,0.007251004715402959,0.014833912253379822,0.0034911343827843666,0.0013742099981755018,0.01960800029337406,0.0333469994366169
1167,0.0026933266605135577,0.00015462387512725582,1.4580191373825073,0.5176994502544403,0.0008382525655105303,0.007486692633338099,0.14352122795788072,0.024862522151560817,0.013223523274064064,0.001344421412795782,0.0029601100832223892,0.02793099917471409,0.10311400145292282
1168,0.0005904206740440001,5.4177491811682125e-05,1.4686527252197266,0.5491139888763428,0.0053144011136868965,0.0013907007178056516,0.010507762385353229,0.0011678411002719394,0.015583020634949207,0.0034885010682046413,0.000607409980148077,0.0034149999264627695,0.011963999830186367
1169,0.0006784263007725603,6.0010292239462545e-05,0.7266279458999634,0.6299710422754288,0.0034049010249823687,0.0015433408675723024,0.010912398986920466,0.0012545775942375608,0.013247490860521793,0.0035527292639017105,0.0007114100153557956,0.004031000193208456,0.010173000395298004
1170,0.001068880695443304,7.664893373606949e-05,1.020462989807129,0.6419426649808884,0.00013711161051584622,0.0012483451592875943,0.032048477283536145,0.003175078052688093,0.012541805393993855,0.0017057973891496658,0.0012076100101694465,0.006738999858498573,0.027552001178264618
1171,0.001125210480035085,8.185978644794842e-05,1.7110788822174072,0.337425172328949,0.0018622240409944947,0.003851746098996131,0.03833103732377023,0.0047557174154768955,0.012600084766745567,0.0028859488666057587,0.0011786100221797824,0.007569999899715185,0.027831001207232475
1172,0.0007498320487992828,7.414092319119622e-05,1.4507724046707153,0.5568370819091797,0.009909522817570588,0.005873308642414055,0.03732288710738744,0.006683664567408151,0.015327840112149715,0.0035559670068323612,0.0007181100081652403,0.008469999767839909,0.0359020009636879
1173,0.0006912420141057406,8.650498003615108e-05,1.269404649734497,0.6619996130466461,0.0032820412659420235,0.006835237112297507,0.05413133573814376,0.009644660884735794,0.011987725272774696,0.002560730092227459,0.0006912099779583514,0.012741000391542912,0.04674400016665459
1174,0.0015430779691390098,8.31329465552609e-05,0.9131807088851929,0.6148496121168137,0.01981905852895557,0.004490570634106325,0.028876557685979878,0.006030801107187719,0.014280397444963455,0.0034829373471438885,0.0018260099459439516,0.020927000790834427,0.02851099893450737
1175,0.0008117466224389991,7.049552175196331e-05,0.9729271531105042,0.6843208968639374,0.018922987322426737,0.004218118438473651,0.02326941827607578,0.004632567906983194,0.01440435741096735,0.0035856803879141808,0.0009443099843338132,0.022938000038266182,0.014014000073075294
1176,0.000695768758110745,6.996460243646405e-05,0.7967289686203003,0.6782867610454559,0.014847717916096894,0.004437018357768195,0.02486367901972838,0.004792381149604745,0.013159006834030151,0.003452467266470194,0.0007273100200109184,0.0150950001552701,0.0262410007417202
1177,0.00043186056801190775,5.594049465420834e-05,1.299361228942871,0.6556293070316315,0.0055984076421312975,0.0027178336317461357,0.018184016127361383,0.002519522287709403,0.013919585384428501,0.0035022380761802197,0.00034118001349270344,0.005042000208050013,0.01706000044941902
1178,0.0011571071193229678,6.893140985214131e-05,1.5836220979690552,0.42187827825546265,0.009277120272845465,0.0024581512295339765,0.022429943043437862,0.002710278204658991,0.01641136221587658,0.003075502347201109,0.0013442100025713444,0.007946000434458256,0.01999399997293949
1179,0.0008677350809313034,8.00000012700954e-05,1.120549201965332,0.6607477962970734,0.00032417347273594455,0.0031109916205805106,0.04302959388366449,0.0051984394430957155,0.012477329932153225,0.0022624791599810123,0.0010433100396767259,0.010695000179111958,0.03901899978518486
1180,0.0014757264821009621,7.269758147380307e-05,1.4960746765136719,0.43618908524513245,0.01144680670066988,0.002481217603260165,0.018033386449764235,0.0027694433038424893,0.014217253774404526,0.003526718821376562,0.001627109944820404,0.011989000253379345,0.016030000522732735
1181,0.002016290165856309,0.00015436798959858773,1.4740840196609497,0.5681906938552856,0.008779485128982526,0.01397513481011046,0.10552359614757505,0.02863425715364213,0.01143728382885456,0.001777192112058401,0.002348710084334016,0.03687899932265282,0.056777000427246094
1182,0.004645872525444775,0.00014437821436429207,1.4709570407867432,0.3880457282066345,0.06007279256174191,0.015474614212588021,0.2539016189814435,0.05311405906678886,0.019075242802500725,0.0009001707658171654,0.0052921101450920105,0.07344900071620941,0.14607499539852142
1183,0.0005236497139924436,6.226695212652907e-05,0.8100208044052124,0.6884286031126976,0.00028519773644916006,0.0017166556028076917,0.027458697554687977,0.002500500079668469,0.010823721066117287,0.0011291545815765858,0.00047490998986177146,0.006835999898612499,0.020895998924970627
1184,0.0007648434968832187,6.692706701788532e-05,1.2668585777282715,0.6259176731109619,0.00014870950367071588,0.0013581190226515,0.02699107449427664,0.002340890628208055,0.01329846028238535,0.0020883060060441494,0.0007647100137546659,0.00585100008174777,0.019433001056313515
1185,0.0006287546732157657,5.4252897128796295e-05,1.435484528541565,0.5486220419406891,0.0057020940234415165,0.0012948914663926158,0.008917296785117003,0.0010840221636603097,0.014499234966933727,0.0034522563219070435,0.0005766099784523249,0.006314000114798546,0.0067980000749230385
1186,0.0005535044886645819,6.374793250520566e-05,1.1177561283111572,0.683257982134819,0.007525583590156593,0.004134622677436078,0.024637765882973686,0.004241125443252978,0.014723611995577812,0.0036684004589915276,0.0005512100178748369,0.0075079998932778835,0.024663999676704407
1187,0.0007459811798911969,7.418450883544663e-05,1.481801986694336,0.5463666319847107,0.0022645872186254426,0.004239475638261276,0.05092439392811617,0.006288884551344905,0.015201691538095474,0.002672957256436348,0.0007767099887132645,0.012741000391542912,0.033796001225709915
1188,0.00126658039373457,7.420734541368709e-05,0.5841166377067566,0.5152004957199097,0.00487816518268887,0.0026125897473061356,0.020429642771008536,0.0028663029429398957,0.012479295954108238,0.002967648208141327,0.0013388099614530802,0.008603000082075596,0.018112000077962875
1189,0.001196491748877287,8.604260539423337e-05,1.2265461683273315,0.614965170621872,0.0008626831898893591,0.003597527477558009,0.044250810566289385,0.0060139555802404335,0.013316591270267963,0.002634489443153143,0.0012341099791228771,0.009336000308394432,0.0385420024394989
1190,0.0008106942769714613,6.193741271032363e-05,1.2228529453277588,0.6000856757164001,0.004526730161206871,0.0012568219334244395,0.00948071761707152,0.0011210334395357372,0.013909141533076763,0.003422484267503023,0.0008831099839881063,0.0061160000041127205,0.006312000099569559
1191,0.0010470945863660284,5.906902021933773e-05,1.6239656209945679,0.37446898221969604,0.006569726972183146,0.0014351316513944272,0.011535005300555241,0.0013099618775117361,0.015354963019490242,0.003390155266970396,0.0011466100113466382,0.006384999956935644,0.009939000010490417
1192,0.0009497731465971797,8.107861728909999e-05,1.1421617269515991,0.656022310256958,0.00035891627568276647,0.0028729392823272056,0.041887873479275556,0.004956367779206224,0.012151593342423439,0.0021274080500006676,0.0010966099798679352,0.008541000075638294,0.037046998739242554
1193,0.00043911918985891155,5.9591625708819534e-05,1.0384981632232666,0.6946362257003784,0.0006382369549618714,0.00228622477040029,0.024281398413222535,0.0025019849926603867,0.011364390142261982,0.0022657420486211777,0.00032054001349024475,0.005032000131905079,0.021292001008987427
1194,0.0003918775437530552,5.4836071000230626e-05,0.8245042562484741,0.6890312284231186,0.004349694233168578,0.0018805929074792907,0.013229615497542565,0.0015756458397612211,0.013856425881385803,0.0036332355812191963,0.0003632600128185004,0.006134999915957451,0.011001999489963055
1195,0.0004251077583665003,5.291194470377587e-05,1.1253408193588257,0.6902844905853271,0.004486561682021917,0.001696851441853353,0.011818200935388537,0.0014350484315520141,0.013676248490810394,0.0034090708941221237,0.00047490998986177146,0.007085000164806843,0.00926200021058321
1196,0.0005167136349668819,5.149524957425385e-05,1.3433563709259033,0.6170384287834167,0.006074158605990017,0.0012726176222727513,0.008154170988854525,0.0010543455889109794,0.014267553575336933,0.003435363993048668,0.0004312100063543767,0.007946000434458256,0.003889999818056822
1197,0.001414484032194426,8.4777221867246e-05,1.3255112171173096,0.5497426092624664,0.012120962336439202,0.0046833743524475994,0.0326956614331145,0.006094693089016532,0.014571157284080982,0.003502914682030678,0.001494009979069233,0.01231900043785572,0.03247799724340439
1198,0.0005680544957145477,5.712265891051464e-05,1.5094763040542603,0.5210051834583282,0.0008915759759088526,0.0017030455271776182,0.017743767935050038,0.0015710682521209978,0.013674664311110973,0.00319461477920413,0.0005345100071281195,0.004000999964773655,0.014263000339269638
1199,0.0016427650575665306,8.856434181105165e-05,1.2288507223129272,0.5599733591079712,0.013873127036461205,0.00481500348132006,0.03888494802076706,0.007110034088182383,0.01555484626442194,0.0032380097545683384,0.0019446100341156125,0.017210999503731728,0.03477900102734566
1200,0.0005663136152614232,5.5477310529131554e-05,0.8758690357208252,0.63434037566185,0.002117115876085834,0.0006844184744140033,0.004957589214708425,0.0004899566349377627,0.014897871762514114,0.003683511633425951,0.0004916099715046585,0.0021989999804645777,0.0039049999322742224
1201,0.0005780355460215154,5.365470810947691e-05,1.3616150617599487,0.5916697978973389,0.0041487138823286945,0.0011987742558075686,0.00863254534587641,0.0009662790858589189,0.01481791865080595,0.003493912983685732,0.0006537099834531546,0.00406600022688508,0.008983000181615353
1202,0.0005073589798979603,5.576321457697808e-05,0.9715107083320618,0.6931552588939667,0.004964547814219585,0.0016106309922790112,0.011345313066305892,0.0013637149490380255,0.014074458740651608,0.00357617624104023,0.00047701000585220754,0.005828999914228916,0.008963000029325485
1203,0.0009332733189429732,6.94822081591987e-05,1.1852601766586304,0.6126655638217926,0.004180208451000496,0.0026068563029021208,0.017924205038913756,0.002410676020626801,0.01389835961163044,0.0037151826545596123,0.0009931100066751242,0.00661499984562397,0.01369599997997284
1204,0.00041740925725381833,5.427438614247768e-05,0.9003945589065552,0.6890615671873093,0.004250209516338546,0.0015586914062857445,0.010644432138586412,0.0012825054961973486,0.013681884855031967,0.003526447806507349,0.0003858199925161898,0.005907000042498112,0.008142000064253807
1205,0.00035611084300625446,6.242300773178706e-05,0.7608909606933594,0.6883225962519646,0.001565742241026115,0.003385437236917905,0.02967330060165777,0.003719878277221136,0.011248327791690826,0.0022066403180360794,0.00019545000395737588,0.006829000078141689,0.025290001183748245
1206,0.0005214030608839799,6.433396268821083e-05,0.6766954660415649,0.6531734392046928,0.008971309207145227,0.003416617778048822,0.020858697261654718,0.0034246703972768255,0.01288572233170271,0.003333883360028267,0.0004136099887546152,0.0078039998188614845,0.020907999947667122
1207,0.0011593853796882092,9.075264344810907e-05,1.5756036043167114,0.4616972506046295,0.007433696964519325,0.0062065284296074115,0.038645565914539284,0.007172878790754213,0.014019982889294624,0.0036942102015018463,0.0012436100514605641,0.008898000232875347,0.0344730019569397
1208,0.003692717597622719,0.00024407670415184054,1.0800496339797974,0.6288429945707321,0.11942952940693956,0.045964939094057966,0.24271303053039434,0.10583465293873545,0.01682782545685768,0.0022191829048097134,0.004396010190248489,0.12574000656604767,0.16464899480342865
1209,0.0004334012633689888,5.1759392706328194e-05,0.8729021549224854,0.6878404840826988,0.0033635860282294813,0.0010300701082368705,0.0074839679324620505,0.0008001215339367837,0.014878377318382263,0.0034857233986258507,0.00032540998654440045,0.0030849999748170376,0.006194000132381916
1210,0.0006678594826921684,6.022320666270283e-05,1.0704392194747925,0.6422447711229324,0.0007887108585047245,0.0010989264196795397,0.009431225492502245,0.0008683305699960968,0.01241774670779705,0.0031789587810635567,0.0006099099991843104,0.0026700000744313,0.007594999857246876
1211,0.00035067665446139465,4.962764777810072e-05,0.6601016521453857,0.6517089456319809,0.003043644376746926,0.0009556050192665723,0.006525561277843211,0.0007334615027351442,0.013562227599322796,0.0035346709191799164,0.0003030200023204088,0.0033629999961704016,0.005828999914228916
1212,0.0005209867488970225,5.58186872939335e-05,1.0537358522415161,0.6832666993141174,0.004625401642793065,0.0017448923910945355,0.01285593181759116,0.0015410779872216899,0.014209762215614319,0.003601902164518833,0.0005651100073009729,0.006246000062674284,0.0089910002425313
1213,0.0005259430039750081,5.4182039617659065e-05,1.5651860237121582,0.48621490597724915,0.0035485367308367363,0.002680822856824468,0.01828368547293174,0.0021982810914175383,0.014775993302464485,0.0036608222872018814,0.0005386099801398814,0.006845000199973583,0.014050999656319618
1214,0.000577153409388442,5.727385115152073e-05,1.2010661363601685,0.6583522409200668,0.0068620204389308785,0.0020204075449165187,0.014641779509695833,0.0018964778088872685,0.014775442890822887,0.0033637485466897488,0.0005272100097499788,0.007511999923735857,0.014217999763786793
1215,0.0017247401025623646,8.99643482561443e-05,1.391200065612793,0.4765078127384186,0.010945860198727219,0.0047426043825599465,0.04054616036517838,0.007037186392930817,0.01628311723470688,0.00307008670642972,0.0020052099134773016,0.015258999541401863,0.03024899959564209
1216,0.0006838396241365355,8.127054278134395e-05,0.6566763520240784,0.6508591175079346,0.0002558375159122857,0.002888277911341464,0.06222256858852473,0.007026463881960068,0.010968913324177265,0.0010729501955211163,0.0006590100238099694,0.021306000649929047,0.04127500206232071
1217,0.0005919177740891132,5.0322378491801266e-05,1.543851375579834,0.47401243448257446,0.005700547849964279,0.001112233958185085,0.008306523319520824,0.0009164795641579547,0.016041789203882217,0.003323339857161045,0.0005307099781930447,0.006041999906301498,0.0067610000260174274
1218,0.000902314691080345,6.365586874574757e-05,0.47962725162506104,0.47956711798906326,0.0012654468243961654,0.0014837827911219148,0.01241896989056745,0.0011968926073283306,0.011905401013791561,0.0028749131597578526,0.0009239100036211312,0.006310999859124422,0.006843999959528446
1219,0.0004428089523604635,6.246662570353898e-05,0.7583955526351929,0.679073341190815,0.0036521582800952994,0.003873577381422848,0.023807242933152836,0.003673602387040729,0.011905803345143795,0.003073517233133316,0.0004552100144792348,0.00761700002476573,0.021602999418973923
1220,0.0016207039248608485,0.00010275373448537424,0.373823344707489,0.43742482364177704,0.0003714191340081744,0.003727074223842389,0.0897213419278422,0.011028754241137743,0.010623682290315628,0.0007217712700366974,0.0015929100336506963,0.020137999206781387,0.0723010003566742
1221,0.0024435218334569347,9.656502093366177e-05,0.9275035858154297,0.541392594575882,0.029421044685434796,0.00693316817305231,0.05725148431738381,0.012585194761620348,0.016418524086475372,0.0027110883966088295,0.0028578098863363266,0.04192100092768669,0.034644998610019684
1222,0.0010832079474896832,7.104104650787067e-05,0.874444842338562,0.6148015409708023,0.008589107532982778,0.0020219707419864663,0.01445352772250695,0.0020625298227895253,0.014501126483082771,0.00353875569999218,0.0011856099590659142,0.009855000302195549,0.01352699939161539
1223,0.00108251539184108,6.283608996729439e-05,1.6649112701416016,0.3519552946090698,0.006108464637631318,0.002056369186060022,0.016850491301450176,0.0019796754835417337,0.015090561471879482,0.0034843217581510544,0.0012573100393638015,0.01015899982303381,0.012927999719977379
1224,0.0010959858205711094,7.444988371526869e-05,1.4389899969100952,0.5414987206459045,0.025389060767300124,0.004897225370267497,0.02640646415578733,0.005652228457684334,0.01492747850716114,0.00357534596696496,0.0011342100333422422,0.023107999935746193,0.027229998260736465
1225,0.001492621587595107,0.00011629731355666394,1.2029601335525513,0.6746414601802826,0.002663641887272776,0.008311837976855816,0.08423827264755919,0.018306468953207526,0.011142542585730553,0.0015389681793749332,0.001488410052843392,0.025647999718785286,0.05509999766945839
1226,0.0015963560715130283,9.648379517221038e-05,1.1675779819488525,0.6203112602233887,0.03110766904113437,0.008357065037628016,0.04521806169916959,0.012302530713886085,0.014225337654352188,0.003421132918447256,0.0017963099526241422,0.030074000358581543,0.04042799770832062
1227,0.002452364485478155,0.00012187465172668619,1.6500046253204346,0.3643508553504944,0.038757140428400415,0.013312581619157722,0.10696056306752436,0.023511110993255327,0.016036393120884895,0.0025156443007290363,0.0029264099430292845,0.035335998982191086,0.0910240039229393
1228,0.003541448939188284,0.00011152057896620304,1.468199610710144,0.40047335624694824,0.06625048255092542,0.009006532531893544,0.0655127430196009,0.015967643662008715,0.017623763531446457,0.002088341861963272,0.004124110098928213,0.056768998503685,0.059355996549129486
1229,0.0027720313505681777,0.00013350057562982543,1.3900341987609863,0.5013458728790283,0.08858956502706743,0.015178476318541398,0.054314478513775626,0.021448223242440695,0.016518205404281616,0.0028895395807921886,0.002809409983456135,0.0668879970908165,0.0443590022623539
1230,0.00028088390822561364,4.500812283537986e-05,1.0188896656036377,0.703576073050499,0.002500534803795948,0.0009163059905534313,0.00645155270339181,0.0006802352578245624,0.01428175438195467,0.0035615009255707264,0.00017554000078234822,0.0029299999587237835,0.005260000005364418
1231,0.0007906135242505702,6.641560787531075e-05,1.0360766649246216,0.6457258462905884,0.0004904798130888002,0.0013128282538079493,0.013686377785643232,0.0013195242378635577,0.012294512242078781,0.00309162400662899,0.0007652100175619125,0.003751999931409955,0.010420000180602074
1232,0.0017071715118536638,0.00010641497601709244,1.3658573627471924,0.5581906735897064,0.012638496670260386,0.011320491734407698,0.10633378924399467,0.02260841088930729,0.01619403436779976,0.0022989115677773952,0.001849210006184876,0.02115900069475174,0.07883000373840332
1233,0.0008626419881072498,7.556884466875977e-05,1.520085096359253,0.49442875385284424,0.006034815083236618,0.005144757796364871,0.033125501594466256,0.00540737093864951,0.013405291363596916,0.0035152481868863106,0.0009796100202947855,0.012230000458657742,0.025919999927282333
1234,0.0008988232883941678,7.385753381412971e-05,1.3305788040161133,0.6005550920963287,0.013048351400973424,0.00427613986165263,0.0285878363784221,0.005019293792374313,0.013861224055290222,0.0035905600525438786,0.0009279099758714437,0.01259899977594614,0.027493000030517578
1235,0.0007903700707577295,6.537899104418394e-05,0.9542907476425171,0.6551075577735901,0.003182913112201315,0.00203097988850547,0.014661204226861334,0.0017443837955076142,0.013123692944645882,0.003440992906689644,0.0007848099921829998,0.004821000155061483,0.01242700032889843
1236,0.0008997040079450874,7.289609030786235e-05,1.0125148296356201,0.6603055596351624,8.69383450130464e-05,0.0008626669435340471,0.03030948718570981,0.0027075955490228516,0.01219203695654869,0.0015384075231850147,0.0009461099980399013,0.007559000048786402,0.02290000021457672
1237,0.0009685496598269643,8.213040153283669e-05,1.331007480621338,0.5945008993148804,0.001576569558589432,0.004141315720658535,0.043896360852169906,0.006016704411194295,0.013137034140527248,0.0028249421156942844,0.0009364099823869765,0.008473999798297882,0.03896100074052811
1238,0.001110080225291933,7.214604149313904e-05,1.0318485498428345,0.6268077343702316,0.011653830996317383,0.0026308754856032776,0.019398695958972187,0.0029328581570122175,0.015332179144024849,0.003312579821795225,0.001223710016347468,0.01648700051009655,0.013628000393509865
1239,0.0015899914771448167,0.00015558325845564398,0.8939307332038879,0.7034962251782417,0.02096160840624062,0.031787771294740676,0.15071144822167706,0.05810458180963444,0.012291337363421917,0.0023078760132193565,0.0018346100114285946,0.04240500181913376,0.12756100296974182
1240,0.00237947711933933,0.0001416428585474447,1.553244709968567,0.45207181572914124,0.07695722924154602,0.0223105937648096,0.1224100325063387,0.039141932218165955,0.016499655321240425,0.002551545388996601,0.002662810031324625,0.048420000821352005,0.1403599977493286
1241,0.0005682915511839279,6.118828921676121e-05,1.319609522819519,0.6326629519462585,0.0009569286232499061,0.002120278510539944,0.02137509888622619,0.002138930008226682,0.013034963048994541,0.0031403498724102974,0.0005035100039094687,0.0061980001628398895,0.01584799960255623
1242,0.0007734538580506309,6.194358510057271e-05,1.1774390935897827,0.6180478036403656,0.003837176650890901,0.001162228228762254,0.00863533711926608,0.0009697060632971669,0.01420220360159874,0.003459145314991474,0.0008124100277200341,0.006738999858498573,0.006076999939978123
1243,0.0035367160788282296,0.00012373801348975204,1.6146454811096191,0.3528870940208435,0.0772792386414545,0.011036844472001095,0.07805196009826455,0.01877783695968901,0.01759563945233822,0.002059473190456629,0.004179609939455986,0.06289699673652649,0.04972999915480614
1244,0.0005699709210634169,6.007084852049612e-05,0.9823975563049316,0.6928994208574295,0.010457299605526127,0.0021091604625885687,0.01291109233228357,0.001932487487058189,0.014946825802326202,0.00349613418802619,0.0005857099895365536,0.010979999788105488,0.010861000046133995
1245,0.0014299359709878826,7.692529076799718e-05,0.7636953592300415,0.5735813677310944,0.014187917343344422,0.0031444660051664092,0.021855859980494777,0.003800041697862515,0.014847055077552795,0.0034970142878592014,0.0013862099731341004,0.014918000437319279,0.020208999514579773
1246,0.0009133055814749052,6.531983263439735e-05,1.3870325088500977,0.5479890406131744,0.0029030762209936965,0.0021634148159913407,0.01556682149746269,0.001958455478370374,0.012336071580648422,0.0033094901591539383,0.0009368099854327738,0.005752999801188707,0.01235399954020977
1247,0.00045020759669649755,5.552974960168079e-05,0.9127439856529236,0.7050594985485077,0.008618089032249358,0.001847485423949614,0.01201066887550201,0.001668269316819398,0.01543621625751257,0.0035669482313096523,0.0003986200026702136,0.006314000114798546,0.014395000413060188
1248,0.0008681038684137118,6.959181467236096e-05,0.3561471104621887,0.41989968717098236,0.011471450985772616,0.0036717190800668806,0.022796476057484784,0.0038266484353473313,0.0125848688185215,0.0032679480500519276,0.0009983100462704897,0.009309000335633755,0.027719000354409218
1249,0.0011464409297465067,7.949345556663165e-05,1.0537023544311523,0.6503357291221619,0.015001195952821074,0.004764728558177167,0.03166299111139088,0.006122694361261423,0.014326469972729683,0.0034724860452115536,0.0012458099517971277,0.01259899977594614,0.03310000151395798
1250,0.0014155366111117953,0.00012665648742525906,1.1401127576828003,0.6780557781457901,0.010872923097310947,0.028980939305051658,0.3008122409679667,0.08815132836083278,0.017437338829040527,0.0019173705950379372,0.001559410011395812,0.05406799912452698,0.13932199776172638
1251,0.005157693272172434,0.0003404302617092199,0.8109371066093445,0.646498791873455,0.08079487242840559,0.05281098797086938,0.1991177314740633,0.10358272293211483,0.011082014068961143,0.001105794683098793,0.006289009936153889,0.10400000214576721,0.15667200088500977
1252,0.00035045244719035003,4.604626901902014e-05,0.9676393866539001,0.6923051327466965,0.0010786038049852185,0.0010635088245327681,0.0070318986280970405,0.0006806837973775473,0.012850180268287659,0.0035304888151586056,0.00027114999829791486,0.0023980000987648964,0.004793999716639519
1253,0.0009718118864791013,5.2152516965159074e-05,1.7437818050384521,0.2883719205856323,0.00750109958703457,0.0011043199810018898,0.007829860155170525,0.0009183263936334792,0.015655361115932465,0.003338400274515152,0.0009547100053168833,0.005255000200122595,0.008557000197470188
1254,0.0009322993425504941,6.711857201170814e-05,0.8979445695877075,0.6368792653083801,0.009699852857399152,0.0020392847969182087,0.01325769775559969,0.0019537288980787547,0.014318004250526428,0.0036082821898162365,0.000989509979262948,0.011377999559044838,0.012599000707268715
1255,0.00040490617736662135,5.3524453291203724e-05,1.2580889463424683,0.6567475646734238,0.006745239484659944,0.0020334697066695636,0.014301130005534273,0.0018310713741863374,0.014749898575246334,0.003498275298625231,0.000295150006422773,0.0061980001628398895,0.013004999607801437
1256,0.0004354233593218339,4.753900136177509e-05,1.5368613004684448,0.5038295984268188,0.006503566689336387,0.001266419090004368,0.00850276516243963,0.0010474507289156372,0.015670573338866234,0.003469204530119896,0.0003872500092256814,0.006314000114798546,0.007606999948620796
1257,0.0006975180498514045,6.60756322562754e-05,0.7263969779014587,0.6351544633507729,0.007700238437342144,0.0025262399693670033,0.018116489439756505,0.0024520050957351942,0.014674464240670204,0.003528477158397436,0.0007999099907465279,0.007215000223368406,0.019675999879837036
1258,0.00041800524043218164,5.838119024704515e-05,1.3104233741760254,0.6443435549736023,0.009006498651127204,0.003336192696297065,0.022710287361870026,0.0033897695346207513,0.015331712551414967,0.0035256207920610905,0.000530209974385798,0.008834999985992908,0.020931001752614975
1259,0.001968644420022199,8.886084795428574e-05,1.1793479919433594,0.5566244721412659,0.03441743096811997,0.005920991495405294,0.03318282544615719,0.007840990813913115,0.01580483838915825,0.0032172296196222305,0.0024671100545674562,0.03648899868130684,0.028477000072598457
1260,0.0036264135539282377,0.0001819716453256787,0.8048574328422546,0.535069614648819,0.12421301781504394,0.01982917528924598,0.02395358770951107,0.027925109986259005,0.015619130805134773,0.003343059681355953,0.003834610106423497,0.08062800019979477,0.07064099609851837
1261,0.0005943370867882757,5.6984133532282395e-05,0.7314942479133606,0.6338941678404808,0.0006223206548394795,0.0009583764523580032,0.00899038451877248,0.0007782418514703949,0.01150604896247387,0.002419161144644022,0.0005253099952824414,0.0031840000301599503,0.005850000306963921
1262,0.0006901916605445909,6.115900590982387e-05,1.3083542585372925,0.6014070510864258,0.003542047797666084,0.0021876784718591787,0.016042505532024676,0.0018950480736705869,0.014764859341084957,0.003686370328068733,0.0006340100080706179,0.0035600000992417336,0.014242999255657196
1263,0.00089190348247605,6.789825142332719e-05,0.7408639788627625,0.6241036579012871,0.00493828710855424,0.002028317707964652,0.015017815838559392,0.001922958774933532,0.012762505561113358,0.003231936600059271,0.0008933100034482777,0.006051999982446432,0.014900000765919685
1264,0.0007229082410322632,6.962402709429372e-05,1.359628677368164,0.6082309186458588,0.0012223763342162342,0.00304110390678977,0.027971305224197003,0.0034455621010276404,0.012295687571167946,0.003077351488173008,0.0008016100036911666,0.007234999909996986,0.0211970005184412
1265,0.0003682360866916438,4.614137204824896e-05,1.272356390953064,0.6541849970817566,0.0030395584367133395,0.0008657814218619485,0.006100672911607939,0.0006498116317676514,0.014630968682467937,0.003465039189904928,0.00027814999339170754,0.002761000068858266,0.005266000051051378
1266,0.0008552773516200501,7.6052543379099e-05,0.7083413600921631,0.6446835473179817,0.008130498038068926,0.004979139326485511,0.02973285143375163,0.005355461906438954,0.0131782041862607,0.0035586575977504253,0.0008043100242502987,0.0098860003054142,0.02625500038266182
1267,0.0002665765969571163,5.141559240609016e-05,1.1313334703445435,0.6917517483234406,0.005669453937682585,0.002033464473034434,0.014010530267427566,0.0017726086432979307,0.014778878539800644,0.003561854362487793,0.0001996100036194548,0.006314000114798546,0.014236999675631523
1268,0.001109354654250068,6.541315232465956e-05,1.63383150100708,0.3714047074317932,0.006683997631196205,0.0027545479109476133,0.019816795566524693,0.002766961797765916,0.015187694691121578,0.0037164781242609024,0.001078209956176579,0.007290999870747328,0.01684200018644333
1269,0.0004689750416932022,6.660606015863833e-05,1.296987771987915,0.6589086055755615,0.0011811906061904016,0.0032255900166370446,0.035339814460255525,0.0038643503238802637,0.013789241202175617,0.003020930103957653,0.00037910998798906803,0.008473999798297882,0.029691999778151512
1270,0.0018441942982072121,0.00011682214318783153,1.5056390762329102,0.4774283766746521,0.009887134848800052,0.008139404071214095,0.06168525982816668,0.012581807661555752,0.014589672908186913,0.003102736547589302,0.0020221099257469177,0.016956999897956848,0.04667799919843674
1271,0.0016460655088737718,8.221508992023213e-05,1.54166841506958,0.4432114064693451,0.03286387312183315,0.005309675414497526,0.02834290976757747,0.006374684494291365,0.015201730653643608,0.003398146014660597,0.001874909969046712,0.02459299936890602,0.029217999428510666
1272,0.0004202064138473064,5.5169225673923e-05,0.7528375387191772,0.6687702089548111,0.006835037114601059,0.0017191817083543684,0.010729060285686261,0.0014855980464526962,0.01389735285192728,0.003576065879315138,0.00045871001202613115,0.005752999801188707,0.011955000460147858
1273,0.0009043578505430234,7.333444357039432e-05,1.0784897804260254,0.6617658883333206,0.005543915652993743,0.004192731531056914,0.02576316993170189,0.004233162009588582,0.013398179784417152,0.0035767341032624245,0.0009593099821358919,0.006845000199973583,0.023235999047756195
1274,0.0006313044457806292,5.714784159285553e-05,1.3785172700881958,0.5879341959953308,0.0053571029992596645,0.0017788287639003198,0.013065228229249498,0.0015692085871881244,0.014345049858093262,0.003521753940731287,0.0006885100156068802,0.007381000090390444,0.00950899999588728
1275,0.00042921480529115155,6.300065961330315e-05,1.1364405155181885,0.6891689747571945,0.012250023205412014,0.003980197113114179,0.0251663513349374,0.004273848647989721,0.015065526589751244,0.0034767105244100094,0.0004987100255675614,0.008603000082075596,0.028092999011278152
1276,0.0009621219304163366,7.031233100313365e-05,1.3084275722503662,0.5884906053543091,0.011979301266348868,0.003172192504230527,0.022609810514735127,0.0035602539632606234,0.014906665310263634,0.003471356350928545,0.000986509956419468,0.010677999816834927,0.02085299976170063
1277,0.0007043694205002896,6.177374952740444e-05,0.9720898270606995,0.6824014782905579,0.012543819586637358,0.001909571375628645,0.009126595239913129,0.0016452385218160138,0.01439603604376316,0.003654602449387312,0.0007401100010611117,0.01269499957561493,0.008018000051379204
1278,0.0014665196922755066,8.274744973213325e-05,1.3969650268554688,0.507495105266571,0.015598319173819765,0.004466889475224623,0.03872772570054092,0.00637816962835799,0.016194839030504227,0.002920290920883417,0.0018693100428208709,0.014798999764025211,0.03482599928975105
1279,0.0011001446350658694,7.501529467270529e-05,1.5498197078704834,0.46770018339157104,0.02344211467533393,0.005109119256345643,0.03369738774803099,0.006391236210359476,0.01602005772292614,0.0031957547180354595,0.001253910013474524,0.01807199977338314,0.04509600251913071
1280,0.0020272560607956327,0.00010504746625170796,1.2482470273971558,0.5845397412776947,0.03265532748000716,0.007981261453559096,0.04416620695526137,0.012657942265777839,0.013187338598072529,0.003391801379621029,0.0024317100178450346,0.025647999718785286,0.04730299860239029
1281,0.0037421777196666537,0.00023479858312214458,1.563147783279419,0.43976736068725586,0.16806022477847496,0.03190272614222216,0.1328701395253885,0.0672676731780194,0.016981743276119232,0.0024835579097270966,0.004042109940201044,0.09152299910783768,0.14284099638462067
1282,0.0007705287451957307,6.241494028802052e-05,1.3518980741500854,0.5802163183689117,0.004200214455805461,0.0022717071735878077,0.016538439713511818,0.0021152551922781933,0.014060908928513527,0.003552466630935669,0.0007543099927715957,0.00661499984562397,0.012174000032246113
1283,0.000894414929091005,7.627905901099228e-05,1.3330137729644775,0.5985583961009979,0.0010635547777709522,0.00324289826404187,0.04151221091177964,0.004794227493590226,0.01395014114677906,0.002672459464520216,0.000960809993557632,0.007805999834090471,0.033674001693725586
1284,0.0008456906383566589,9.115116562602189e-05,1.4868918657302856,0.5464893281459808,0.007620609669750362,0.007731450508508741,0.050367784504417784,0.009713989607825553,0.013271735981106758,0.0035060537047684193,0.0008859100053086877,0.008012999780476093,0.051788996905088425
1285,0.00111732773734928,7.433942234466671e-05,0.724781334400177,0.6127273961901665,0.0071487116755513495,0.003310096385122885,0.024066925430140128,0.003861215581082135,0.01286568958312273,0.0032806778326630592,0.001089510042220354,0.009379000402987003,0.021268000826239586
1286,0.00053014748519068,5.06772671263025e-05,1.2852715253829956,0.588870108127594,0.0028243293333170237,0.0005698572948364324,0.003345784661500064,0.0004025343323435589,0.015376996248960495,0.0035732039250433445,0.0004982100217603147,0.003092000028118491,0.002130999928340316
1287,0.0008924608627222133,7.958266451956765e-05,1.149993658065796,0.6648559719324112,0.014220683952101068,0.0060622536628005775,0.03783226838487921,0.007753029783684327,0.014302851632237434,0.0035240096040070057,0.00094191002426669,0.01259899977594614,0.03848099708557129
1288,0.00027763184932565096,4.616244492389517e-05,1.082689881324768,0.7051411271095276,0.002140232847865897,0.0015458096455960558,0.009321166432766785,0.001074931724375035,0.013380253687500954,0.003600485622882843,0.00022656000510323793,0.004170000087469816,0.006344000343233347
1289,0.0004315813752177141,5.705305559855763e-05,1.297508716583252,0.646631509065628,0.007758557770101607,0.0027634787950007477,0.018972156699808618,0.0026651241810960007,0.014561253599822521,0.0034738657996058464,0.00039788000867702067,0.0061160000041127205,0.01852400042116642
1290,0.0007031856164208694,6.332258480410389e-05,0.8796310424804688,0.6662037074565887,0.005727914928176754,0.002151103130324755,0.015225327485630031,0.0019840175830267053,0.013834241777658463,0.003497290425002575,0.0007576100178994238,0.006335000041872263,0.013563999906182289
1291,0.0010192668662601136,8.420597680198913e-05,1.2563542127609253,0.6458016335964203,0.0028537392938746283,0.005414993828125188,0.04571393474439088,0.008064752662853048,0.011309986002743244,0.002326246816664934,0.0010811099782586098,0.008243000134825706,0.040699999779462814
1292,0.001987421639773607,0.00014830777055262038,1.5425682067871094,0.5036744773387909,0.02138955478662693,0.015716867074879494,0.08808652011574356,0.02636228841789283,0.012740225531160831,0.0026639364659786224,0.002186009893193841,0.029124999418854713,0.06174499914050102
1293,0.0009685645479190466,7.054858160753387e-05,0.8076891303062439,0.6319434642791748,0.0001109662248189373,0.0009486365676420463,0.02959292067340691,0.002395183274864786,0.014711681753396988,0.0018402575515210629,0.0010233100038021803,0.006006000097841024,0.026589998975396156
1294,0.0005002779470793505,4.9015446716246585e-05,1.447566270828247,0.5475237965583801,0.0021832619427940045,0.0012589779400160937,0.008556906372798524,0.000880346520568356,0.014499307610094547,0.0037824856117367744,0.00045341000077314675,0.002761000068858266,0.0076049999333918095
1295,0.00024866252109867,4.769137444870429e-05,0.7667765617370605,0.6859125941991806,0.002973799353294559,0.0012687134319063623,0.00855386289369162,0.0009581935723072914,0.014208723790943623,0.0037259808741509914,0.0001732600067043677,0.003711000084877014,0.006821999792009592
1296,0.0010092366988273178,8.361207085654567e-05,1.4762805700302124,0.5304939448833466,0.0007527298311436829,0.0036613169062876707,0.048092057171349456,0.005738868996263132,0.013264209032058716,0.0025724521838128567,0.0010595100466161966,0.006835999898612499,0.04203199967741966
1297,0.0009399282479177289,6.601665824186554e-05,1.34713876247406,0.5627397000789642,0.006538818846906442,0.0023208504299420825,0.017504453859740365,0.002354611052151607,0.014273771084845066,0.003566982690244913,0.0010219099931418896,0.0074800001457333565,0.013469000346958637
1298,0.0009389751617368684,7.074390328566129e-05,1.2076818943023682,0.6282343864440918,0.013927237744896294,0.0038705776738236887,0.02576995260432768,0.00439409692906201,0.015028510242700577,0.0034685409627854824,0.0011434099869802594,0.01375299971550703,0.02513200044631958
1299,0.0010480699571459346,7.433697750030866e-05,0.47962477803230286,0.5063785053789616,0.00897683682773837,0.003695705064759828,0.025276343719563086,0.004216833588045147,0.012460309080779552,0.0030495855025947094,0.0011087099555879831,0.011926000006496906,0.024879001080989838
1300,0.0013598754876711471,8.266461314203853e-05,1.531900405883789,0.456312894821167,0.00981199668671859,0.004552569181325308,0.03547600805504541,0.00584679869836098,0.01532028615474701,0.00339919188991189,0.0015232099685817957,0.01670300029218197,0.023002000525593758
1301,0.00031838253609979577,4.858451569053778e-05,1.1314194202423096,0.6869507133960724,0.00013126639917335133,0.0007934813899656597,0.012666700939804454,0.0008586887259479396,0.011908208951354027,0.002040918916463852,0.00027538000722415745,0.0031840000301599503,0.010470999404788017
1302,0.0006113537112408969,6.0583681610567697e-05,1.2930347919464111,0.6327603757381439,0.006978884345093828,0.002804351136168878,0.018851702203430562,0.0026891930105022426,0.014127804897725582,0.0035286075435578823,0.0005061100237071514,0.006940999999642372,0.01678900048136711
1303,0.0008162600057457867,7.441687055087493e-05,1.286051869392395,0.6342631578445435,0.000581041463064895,0.002804698182003344,0.03399096444507871,0.003734206553354878,0.01294381357729435,0.0027774451300501823,0.0008346100221388042,0.007782999891787767,0.02897300198674202
1304,0.001011949086739644,8.189089798595441e-05,1.091270089149475,0.661912128329277,0.0117795636405147,0.005836504726647344,0.03597420231805754,0.007238312902891694,0.014167656190693378,0.003631175495684147,0.0013106099795550108,0.010184000246226788,0.03731900081038475
1305,0.0011716716802832748,7.26378729073694e-05,1.2362278699874878,0.5706312656402588,0.008925867867842285,0.0027208861039911183,0.02179115254757442,0.0031343225275982864,0.0157217588275671,0.003363389056175947,0.0012578100431710482,0.014147000387310982,0.010963000357151031
1306,0.0007110327591669701,6.611461267297234e-05,1.1699271202087402,0.6741636544466019,0.00420277470688074,0.003948592953576325,0.024642358258131335,0.003824510705066812,0.011761253699660301,0.0028840042650699615,0.0007297099800780416,0.005818000063300133,0.02251799963414669
1307,0.000535298726871481,5.5196438559751074e-05,1.0702768564224243,0.6748015731573105,0.00847504613014142,0.0013571927162533103,0.00734923156922556,0.0011190713682489146,0.014561885967850685,0.00347392400726676,0.0004127100110054016,0.007381000090390444,0.006256000138819218
1308,0.0008753088542763489,7.377785520207205e-05,0.7205886244773865,0.6291228085756302,0.00573193816284841,0.00413286410296642,0.026073764417630707,0.004113706455538775,0.013582378625869751,0.0036692447029054165,0.0008605099865235388,0.009498000144958496,0.023924998939037323
1309,0.0006977486074774563,5.991977380370294e-05,1.48890221118927,0.5236496329307556,0.008276212999985096,0.0025807609023038355,0.01948238384201516,0.0025351670077830395,0.01546325534582138,0.003434379119426012,0.0007434100261889398,0.009518000297248363,0.013604000210762024
1310,0.000977388005707064,7.25249321495376e-05,1.3961275815963745,0.5767731666564941,0.025168043827353357,0.004759523932174553,0.024899405294020654,0.005381215918362339,0.015064814127981663,0.0034719365648925304,0.0011751099955290556,0.019276000559329987,0.026119999587535858
1311,0.000986039558595806,9.366073889402639e-05,1.4363709688186646,0.5734192132949829,0.007678296411106414,0.009916595499753498,0.10092221551243241,0.018857317735695565,0.01578635908663273,0.0024942480958998203,0.0009938100120052695,0.02249700017273426,0.06198500096797943
1312,0.005271750192178647,0.00021215193892354552,0.655137300491333,0.44941654056310654,0.08874891096201075,0.02443707414046506,0.3355260613036224,0.09170038903166852,0.018927134573459625,0.0010086800903081894,0.00614521000534296,0.12991000711917877,0.15304699540138245
1313,0.0006191307567790108,7.017147851619016e-05,1.2377238273620605,0.6679863780736923,0.0003183329009305625,0.0023794154106270195,0.032274844933782264,0.0032451146803021864,0.012527843937277794,0.002373136579990387,0.0005651100073009729,0.006845000199973583,0.02588599920272827
1314,0.0005137093136643776,6.517507558730795e-05,0.596551239490509,0.6170719191431999,0.004312086098260255,0.004350679389992672,0.026946125926715976,0.0044030058379500425,0.011258565820753574,0.0023253276012837887,0.000592309981584549,0.008218999952077866,0.025240998715162277
1315,0.0009785277984547896,9.653422284066233e-05,1.3853163719177246,0.5968725681304932,0.011004967979848358,0.009683091015559593,0.061484402026587844,0.013381857516510408,0.014269591309130192,0.003303801640868187,0.000947510008700192,0.011725000105798244,0.053971998393535614
1316,0.0008768425946108626,6.66955188925991e-05,0.8983087539672852,0.6395091265439987,0.005721252454517982,0.0014050469287213048,0.010114053603172976,0.001234476104684714,0.014760768041014671,0.003660935442894697,0.0008832099847495556,0.005828999914228916,0.009928000159561634
1317,0.0009879614737675047,5.781759356311976e-05,1.5490460395812988,0.4155712127685547,0.006236260658180852,0.0009449681131831005,0.006378355472222172,0.0007698554209300493,0.015405538491904736,0.003424125723540783,0.0010387100046500564,0.006845000199973583,0.004115999676287174
1318,0.0010079521214566294,6.273776023366589e-05,1.50006103515625,0.47055307030677795,0.006411049225086224,0.0015599226989854434,0.01172309931498289,0.0014534566449100816,0.014254225417971611,0.003497366327792406,0.0011014100164175034,0.0078050000593066216,0.008485999889671803
1319,0.0009491085870947652,7.660965675041354e-05,1.4019775390625,0.5690148174762726,0.01349788095440302,0.006392839957033056,0.048012996834480175,0.00916974217071332,0.016652634367346764,0.002908803056925535,0.0009809100301936269,0.00901500042527914,0.051649000495672226
1320,0.0014076732993337818,0.0001472492394323146,1.0595839023590088,0.710268035531044,0.012249834906682844,0.023825700035263783,0.15234169045108215,0.04680467933182651,0.012757656164467335,0.002331350464373827,0.0016251100460067391,0.04121199995279312,0.1083039939403534
1321,0.0022301634639180423,0.00017607953691793437,0.7764777541160583,0.6611116975545883,0.09220198613250379,0.05619009758342993,0.08655641321870233,0.08876613693696828,0.013734175823628902,0.0033003995195031166,0.002870110096409917,0.044721998274326324,0.14057500660419464
1322,0.0005967122342453615,6.175091723157992e-05,1.240113377571106,0.6519042402505875,0.0026705557480578243,0.0029769159678520265,0.020306220998600612,0.002682644339601019,0.012405909597873688,0.003427548799663782,0.0006264100084081292,0.005828999914228916,0.016920000314712524
1323,0.0006631548965735666,6.489748190482406e-05,0.9813237190246582,0.685295432806015,0.006899817814335528,0.0029700597358937554,0.019739797074105316,0.002847036821929605,0.01335181575268507,0.003587106242775917,0.0007837099838070571,0.006647000089287758,0.022825999185442924
1324,0.001036293806412572,7.453278650211342e-05,0.4890979826450348,0.5056100487709045,0.00846274422694855,0.003790108867910975,0.025484051698073735,0.004156531743311558,0.01328514888882637,0.003404022194445133,0.0012126100482419133,0.012613999657332897,0.02421800047159195
1325,0.0006261591654397092,5.91697279462478e-05,0.588921308517456,0.590254120528698,0.0037525646588847023,0.001409780775517946,0.010195825048034783,0.0011584470210329349,0.013393193483352661,0.0035893400199711323,0.000634910014923662,0.003711000084877014,0.009576000273227692
1326,0.00043434567624436686,5.3322192046408956e-05,1.224635362625122,0.660945400595665,0.002991309229448316,0.0024479691875205377,0.015384946831514434,0.0018929401207782616,0.013356520794332027,0.003549298271536827,0.0003493799886200577,0.0046190000139176846,0.013123000040650368
1327,0.0019310331446566974,8.2928975754661e-05,1.1457459926605225,0.5204685032367706,0.016887826262021684,0.00347959640287975,0.03238415611049562,0.005270159201172025,0.01656007207930088,0.002836135681718588,0.0021048099733889103,0.017250999808311462,0.029583999887108803
1328,0.002064722899262613,9.726180313288741e-05,0.6676391363143921,0.5445767641067505,0.02267167728933398,0.00595945875786898,0.03685007001034062,0.009323059924194797,0.013019323348999023,0.0033825207501649857,0.0025346099864691496,0.021268999204039574,0.05069400370121002
1329,0.001300979486228879,0.00014222392564200914,1.065830111503601,0.7054322063922882,0.015376511577069213,0.025434017431604596,0.16589798940045436,0.050912265457794766,0.0137491375207901,0.002640431746840477,0.0015731099992990494,0.02556299977004528,0.14498598873615265
1330,0.0005110994246605218,4.63715831974411e-05,1.6317181587219238,0.40823763608932495,0.0042795626946883205,0.0010761850453387973,0.008629953454642174,0.0008762148377085043,0.015759337693452835,0.003241368569433689,0.0005016099894419312,0.005166000220924616,0.006684000138193369
1331,0.0019577859749428535,0.00013445769540533135,1.2428401708602905,0.615598052740097,0.0805160310277434,0.021221291949465412,0.08941090790063136,0.03680000880799962,0.016291698440909386,0.002782280556857586,0.002056010067462921,0.05406799912452698,0.1039699986577034
1332,0.002077637295449668,0.00015093456946304478,0.6445760130882263,0.6290368139743805,0.024056826793319438,0.016262107263570545,0.0809799544578742,0.030169180618799776,0.013045212253928185,0.0028443075716495514,0.002753509907051921,0.03419800102710724,0.0773869976401329
1333,0.0003960732019205301,5.925502179272057e-05,1.0552568435668945,0.6988159716129303,0.004818468362925514,0.003485470136023702,0.020739860911548228,0.0031548178824611483,0.013396423310041428,0.003606140613555908,0.0003724900016095489,0.006010999903082848,0.020880000665783882
1334,0.0005703574861904898,6.199098219302596e-05,1.1901493072509766,0.6678663790225983,0.009957746763681836,0.0028421808353706873,0.02053762909449444,0.0028758070571303605,0.015729732811450958,0.0033916346728801727,0.0007081099902279675,0.007263000123202801,0.022729000076651573
1335,0.0025887677523034457,0.00013554553029217686,1.3330910205841064,0.5669736564159393,0.03843920304880985,0.02364196204460124,0.14943630465389632,0.050673857978776056,0.016354292631149292,0.0022744140587747097,0.0030279099009931087,0.05406799912452698,0.09340500086545944
1336,0.0006177058813181644,7.418894160306108e-05,1.3611814975738525,0.6180821657180786,0.0005543416542505565,0.0031432267179730155,0.04342721216712169,0.004580383863206524,0.01362170185893774,0.0026564565487205982,0.0004913100274279714,0.0029299999587237835,0.04359599947929382
1337,0.0007986445367736421,6.197826974121176e-05,1.1870076656341553,0.6067761182785034,0.005127460064523887,0.0011629934681417898,0.008336999567680008,0.0009703737192304899,0.015263197012245655,0.0035641142167150974,0.0008158099954016507,0.005628999788314104,0.00802099984139204
1338,0.001173161688664062,5.9951926593324566e-05,0.21178027987480164,0.25206986628472805,0.006469818614299503,0.0013871575817698627,0.009727705328678903,0.0011670571749030313,0.01355045661330223,0.0035001756623387337,0.0011235099518671632,0.006688999943435192,0.0098860003054142
1339,0.0010770488069355912,8.644657552142815e-05,0.9449595212936401,0.6810542345046997,0.00584986538159847,0.006810586361070715,0.04645575403238674,0.009770543701661742,0.01126059703528881,0.0021361405961215496,0.0011014100164175034,0.0078039998188614845,0.04743099957704544
1340,0.0017255915273913906,9.94655883137474e-05,1.5230140686035156,0.4636183977127075,0.0005237543645222406,0.0036195882788248096,0.07326843592322331,0.00873040183151854,0.013981262221932411,0.0018056053668260574,0.0017934100469574332,0.010800999589264393,0.058205001056194305
1341,0.0009257538224139093,6.252281074528105e-05,1.4678338766098022,0.5018104612827301,0.013893476817295905,0.0022789128372390837,0.01440610865984362,0.002278135584343196,0.015564635396003723,0.003303179517388344,0.000891609990503639,0.011572999879717827,0.014910999685525894
1342,0.00033828969521976573,4.8245431818015735e-05,1.0493156909942627,0.685920387506485,0.001433637341351253,0.0014000843314766907,0.00933668422487529,0.0009348821257265313,0.013119752518832684,0.0035849884152412415,0.00024819999816827476,0.0020179999992251396,0.008317000232636929
1343,0.0010291407509206223,8.630821757394497e-05,1.3388363122940063,0.6062955558300018,0.021865040691512017,0.007784213235934439,0.04648916252758368,0.010389673817727072,0.014873175881803036,0.003417395055294037,0.0013525099493563175,0.030713999643921852,0.037345997989177704
1344,0.0004034191604319999,5.4898793204635494e-05,0.8328654170036316,0.6906266212463379,3.4378907867302205e-05,0.00028050072034680834,0.013348372542826257,0.0007676902007631705,0.012123636901378632,0.0017252406105399132,0.0003131199919153005,0.0031840000301599503,0.010467000305652618
1345,0.0003750169551168391,5.392652509895318e-05,0.7876646518707275,0.683947242796421,0.0017791162429895604,0.0020151699372999475,0.014722914294008701,0.001682061068376678,0.011500886641442776,0.002468608785420656,0.0002865100104827434,0.004474999848753214,0.012589999474585056
1346,0.0009834209117349597,6.629859267074972e-05,1.3000187873840332,0.5426787734031677,0.004921477660604159,0.00112420784242703,0.008874213896049112,0.0009826232185367332,0.015394353307783604,0.0033979881554841995,0.0011024100240319967,0.0061980001628398895,0.007029999978840351
1347,0.0010880533258951649,6.761699933561377e-05,1.2603007555007935,0.5239461064338684,0.006245158027463676,0.0011888361926646741,0.008387096519152091,0.0010509459359289153,0.015021976083517075,0.003527906257659197,0.0011323100188747048,0.007511999923735857,0.006175999529659748
1348,0.0009534697877392682,8.618961814674155e-05,0.5973632335662842,0.597243994474411,0.027194922134911665,0.008669077811006934,0.03949480502846722,0.011079233522688976,0.013104368932545185,0.0032959715463221073,0.0010109100257977843,0.030567999929189682,0.03480599820613861
1349,0.0004910496353941938,5.2503317927837535e-05,1.4088777303695679,0.5912545919418335,0.006324595891584473,0.0015659710795550823,0.011377487490968051,0.001328125664773163,0.01579193025827408,0.0035093403421342373,0.0004263099981471896,0.005140000022947788,0.010243999771773815
1350,0.0004357772797781816,5.150437376313675e-05,1.3362168073654175,0.6237066686153412,0.006364647517244134,0.0017236060764169226,0.013294901422907467,0.0015582329991571725,0.015842163935303688,0.0032876520417630672,0.0003708000003825873,0.0061980001628398895,0.01143800001591444
1351,0.0005736845989970454,5.716423528948501e-05,1.331916093826294,0.6220925748348236,0.004174968013296322,0.0026543948728943367,0.016706454697550274,0.002348230133226906,0.013223194517195225,0.0032994956709444523,0.0006271100137382746,0.006951000075787306,0.014449000358581543
1352,0.0004974145151616073,8.514720602140641e-05,0.8885635137557983,0.7022523358464241,0.004932380628206924,0.00850108030883759,0.05834666082736534,0.011793354003754128,0.012418809346854687,0.0028949864208698273,0.00040590998833067715,0.015652000904083252,0.04709099978208542
1353,0.001906078913001036,0.00013532067630097917,0.9429343342781067,0.6892909854650497,0.004617840867983361,0.008585375120993433,0.07672822787056952,0.018544935705081863,0.012047971598803997,0.002435397356748581,0.0019943099468946457,0.02490299940109253,0.04949900135397911
1354,0.0016743755470655125,8.407904393793817e-05,0.9441925287246704,0.6014551222324371,0.023848624782912966,0.004903262848572364,0.037281695258581576,0.007161481476637572,0.016419213265180588,0.002950794529169798,0.001892709988169372,0.020431000739336014,0.04346199706196785
1355,0.0010124653139720237,6.365385784203872e-05,1.6116125583648682,0.4109923839569092,0.006686731874505677,0.002197711142969026,0.016637261887826507,0.0021119935595294084,0.014204132370650768,0.003670021425932646,0.001080609974451363,0.00585100008174777,0.01576000079512596
1356,0.0006450054709728213,5.9435906528161066e-05,1.1923143863677979,0.6530586034059525,0.008178456114266675,0.002036117689684398,0.01435679975305201,0.0019062092349096576,0.01531720906496048,0.0034856474958360195,0.0006091099930927157,0.007290999870747328,0.014027000404894352
1357,0.0007491827588457543,8.121214676537806e-05,1.265920877456665,0.6431892216205597,0.007637970250638943,0.006937011381900473,0.04179524642550466,0.00813877014472818,0.013347837142646313,0.0035074003972113132,0.0007788100047037005,0.012357999570667744,0.03567799925804138
1358,0.0007917249882526055,7.374036141112654e-05,1.4418545961380005,0.5708539187908173,0.013974380841781594,0.0061429113052178415,0.03476762364495731,0.007240328299385075,0.014329151250422001,0.003591771237552166,0.0009141099872067571,0.01750200055539608,0.02963000163435936
1359,0.0004708081076611053,5.0913308003089943e-05,0.5736168622970581,0.5827906653285027,0.0014790818522612227,0.0008888146619794902,0.005829252137844184,0.0006090925326389849,0.01264354307204485,0.003312466200441122,0.0004021500062663108,0.0024399999529123306,0.004904000088572502
1360,0.0007359025967193279,6.0347528837092536e-05,1.356371521949768,0.5702597498893738,0.002663149143269207,0.0018646431061531818,0.01344820666062012,0.0015037088885989595,0.013985074125230312,0.0036575552076101303,0.0006987099768593907,0.003727999981492758,0.012107999995350838
1361,0.0008169467985064921,7.505063250293892e-05,1.1205672025680542,0.6675164550542831,0.00013060581252011432,0.001408883247611079,0.04450180813023185,0.004151172815498452,0.014098900370299816,0.001839770469814539,0.0008129099733196199,0.005628999788314104,0.04312899708747864
1362,0.0008700141568460402,6.441278199632194e-05,1.2714946269989014,0.5970751345157623,0.0055002198458163195,0.0018784392263143054,0.015549077595542611,0.001823654942798525,0.015290888026356697,0.003289464395493269,0.0009115100256167352,0.006835999898612499,0.013482999987900257
1363,0.0010027134353903277,7.72576361222385e-05,0.8644760847091675,0.6590780168771744,0.004016616595111911,0.004727051033715761,0.03198565817809193,0.005561434139854741,0.011979077942669392,0.003048446960747242,0.0011379099451005459,0.008346999995410442,0.025522001087665558
1364,0.0007424989253063849,7.696837691179698e-05,0.982603907585144,0.7059928774833679,0.0001614989483800375,0.0018489082522980997,0.04664821648672612,0.0048981034732298,0.011160275898873806,0.0012654406018555164,0.0006386099848896265,0.006279999855905771,0.04084400087594986
1365,0.0035037069052899126,0.00019774086154954792,0.90846186876297,0.5870690494775772,0.11959054906759566,0.02510202462784887,0.1351878235800532,0.05663843856103049,0.017108015716075897,0.002328089438378811,0.003942309878766537,0.09533199667930603,0.16185100376605988
1366,0.0010316013365313558,6.950651677839947e-05,0.5990738868713379,0.5309626534581184,0.004597337019009987,0.002151963556601381,0.015803350945720218,0.0020647108754755627,0.013471368700265884,0.0034873755648732185,0.0010974099859595299,0.00661499984562397,0.012546000070869923
1367,0.00019848516911882223,5.203627737869979e-05,0.9058209657669067,0.7205499857664108,0.002558119553910531,0.002529959005980659,0.016727677245501477,0.0020315095526441482,0.012828059494495392,0.0034345267340540886,0.00018399000691715628,0.008578999899327755,0.010623999871313572
1368,0.0010773107746102286,0.00012415922786936096,0.8618291616439819,0.6986257657408714,0.00820382233951177,0.020011582540402136,0.12045326972729363,0.03706096859939497,0.011230839416384697,0.0016133771277964115,0.001161310006864369,0.02144799940288067,0.11797299981117249
1369,0.0018572856290684878,0.00013603090890228914,1.433809757232666,0.5589756071567535,0.023987854844242974,0.013264712662643043,0.08153309314069464,0.02388024263527756,0.013816731050610542,0.002978916745632887,0.0019963099621236324,0.03547900170087814,0.05960100144147873
1370,0.0007258645377401922,6.644738330656343e-05,0.9090383052825928,0.6774620562791824,0.0017857701985627282,0.002854679174104737,0.02344782930998617,0.0030403325762301554,0.011219506151974201,0.0024022944271564484,0.0006460099830292165,0.00482999999076128,0.020674001425504684
1371,0.000956580390330031,6.878738276955938e-05,1.0003989934921265,0.6327681839466095,0.0007893051387321036,0.0017182898476684582,0.017908114004084114,0.0020496619700283766,0.011379650793969631,0.002360503189265728,0.001074710045941174,0.005907000042498112,0.012350000441074371
1372,0.0009723156451373321,7.980862229704918e-05,0.9539303183555603,0.6668876707553864,0.007785916434380941,0.005710321903712793,0.03310406817259517,0.0063205676410684145,0.013691915199160576,0.003629084210842848,0.0010822099866345525,0.008863000199198723,0.03388199955224991
1373,0.001235641485350681,8.150502223082509e-05,1.3998489379882812,0.543085902929306,0.020556246467019403,0.005862512780240112,0.04658861148461703,0.008321987203412755,0.016401240602135658,0.0029447367414832115,0.0013146100100129843,0.01960800029337406,0.042816001921892166
1374,0.001194036998617367,7.463969484175514e-05,1.1630189418792725,0.6020089983940125,6.93443445255703e-05,0.0006923634265638858,0.02438109750264076,0.0023143288281132473,0.012100095860660076,0.0014806417748332024,0.001240310026332736,0.007234999909996986,0.01823499985039234
1375,0.0008746848732082901,6.683229338989648e-05,0.8977926969528198,0.6394343823194504,0.006485287385283608,0.0016146094461400437,0.012081912255012667,0.0015172719078796635,0.015069413930177689,0.0034873667173087597,0.00100250996183604,0.008646000176668167,0.010286999866366386
1376,0.002467148124441911,9.743275424020951e-05,1.1209354400634766,0.5358812212944031,0.03333198080729933,0.006532393943345897,0.04806831485528438,0.010954700577646557,0.016078423708677292,0.00296299671754241,0.0028132100123912096,0.030594000592827797,0.04675300046801567
1377,0.0007539188138356453,6.110938225498851e-05,1.390726923942566,0.573978841304779,0.008387160980165611,0.002215252777235849,0.015397388614867658,0.002076472161050346,0.015015680342912674,0.0035467054694890976,0.0007831099792383611,0.00901500042527914,0.012648999691009521
1378,0.0004830901123486158,6.480734786029922e-05,0.8493502140045166,0.6886781305074692,0.011066548429230286,0.0037910361953203977,0.023218268299932177,0.004005829033217117,0.014373046346008778,0.003536142874509096,0.00043901000753976405,0.015783999115228653,0.017813000828027725
1379,0.0011153721247476793,6.470344131649446e-05,1.4308340549468994,0.47206366062164307,0.00762809772646365,0.00123464827346132,0.008617686893842123,0.0010823275383056797,0.01579398103058338,0.003410208970308304,0.0013132099993526936,0.0075079998932778835,0.009309000335633755
1380,0.0006163749634363038,6.0589180554700476e-05,1.5520137548446655,0.489989697933197,0.005973297189926156,0.0036559393911398848,0.024434198859662973,0.0033488413941977716,0.01593826338648796,0.003479459322988987,0.0006519100279547274,0.008473999798297882,0.022020000964403152
1381,0.001122625220287171,6.504865324820201e-05,1.6003247499465942,0.4055774211883545,0.010150531891902433,0.002298392687920336,0.021058650562971567,0.00256643570761907,0.016493026167154312,0.0028608134016394615,0.001160710002295673,0.010800999589264393,0.0177180003374815
1382,0.0008054069930733291,6.478277069126465e-05,1.1420915126800537,0.6503321826457977,0.009330345955378657,0.0022317570721923823,0.016044020407493483,0.0022097742361249445,0.015326103195548058,0.003353684674948454,0.0008093100041151047,0.011377999559044838,0.01321600005030632
1383,0.0005844251244870661,6.0082063612156e-05,0.8906263709068298,0.6802089214324951,7.730336083846466e-05,0.0006088464167939928,0.013392508475610788,0.0009622239951220827,0.012117388658225536,0.0019289092160761356,0.0005154099781066179,0.0031840000301599503,0.00942699983716011
1384,0.0008282344407987244,6.30152102175346e-05,1.285502314567566,0.5699992179870605,0.0056338327160785785,0.0008760626604589444,0.004938607018832874,0.0006808419331568098,0.014355292543768883,0.00346131669357419,0.0007822099723853171,0.005255000200122595,0.004839000292122364
1385,0.0004400647078088261,4.9635720459237755e-05,1.397517442703247,0.6004791259765625,0.004449093785839067,0.001387497414343343,0.009835639896779987,0.0011386968137325863,0.014565425924956799,0.003557751886546612,0.0003968699893448502,0.005923999939113855,0.007191000040620565
1386,0.0010987968267697397,6.049958582815757e-05,1.5780134201049805,0.3934146761894226,0.005748475929796624,0.0012764306229879367,0.010108477751196053,0.0011330161921785566,0.015280485153198242,0.0034781568683683872,0.0011556099634617567,0.00661499984562397,0.007067999802529812
1387,0.0005158307736814822,5.123400996496675e-05,1.5361835956573486,0.5107479095458984,0.0036629508470408063,0.0020394386214384963,0.014060170409545412,0.001674361085021065,0.014730416238307953,0.003523037303239107,0.0003584299993235618,0.004474999848753214,0.010299000889062881
1388,0.0009336725230118826,7.619437629535623e-05,0.9788315892219543,0.6689873039722443,0.0008466424555560942,0.0025871660472206732,0.030515068954235457,0.003601484433402637,0.012844843789935112,0.0026782103814184666,0.00105901004280895,0.008603000082075596,0.027055000886321068
1389,0.0015916237122081916,8.198440783667991e-05,0.7621102333068848,0.5856615900993347,0.013753317495378465,0.003966425731858903,0.028058700014308116,0.005552824455293818,0.013782462105154991,0.0035259919241070747,0.0018457099795341492,0.016997000202536583,0.02345999889075756
1390,0.0008604563835072819,6.688513253963658e-05,1.1763899326324463,0.6342288255691528,0.007372535829858941,0.0025008854440076674,0.018232686640586034,0.0025278368721591473,0.014067183248698711,0.0034703873097896576,0.000899009988643229,0.005828999914228916,0.019071999937295914
1391,0.0011720608949661252,7.296199718760448e-05,1.413832187652588,0.5219412744045258,0.005936930357300123,0.002902593923173641,0.02179239672329531,0.0032244245817699274,0.01371507067233324,0.0035828235559165478,0.0012909099459648132,0.00698000006377697,0.01846900023519993
1392,0.0007278301286194695,6.563595094248516e-05,1.3858131170272827,0.5920959115028381,0.007074498885844567,0.0030189732701152022,0.021663679482752916,0.003061748407992988,0.014196926727890968,0.003573558758944273,0.0006801100098527968,0.007381000090390444,0.022324999794363976
1393,0.0007445369457093164,6.397214644672999e-05,1.2075287103652954,0.6367902457714081,0.008353464962327462,0.0025007123395636,0.017962198179755428,0.0024780440495191236,0.014908485114574432,0.0034791044890880585,0.0007932099979370832,0.00889699999243021,0.017030999064445496
1394,0.0005403938047439046,5.998562283654742e-05,0.9213812351226807,0.6770881414413452,0.00014896255286396385,0.0009022462704315736,0.014408240199255412,0.0010495884570153264,0.01312226988375187,0.0026531508192420006,0.0003842200094368309,0.0029299999587237835,0.011262999847531319
1395,0.0006674130633735004,6.662830562376132e-05,1.0525518655776978,0.6879796832799911,0.006541529613017169,0.003353724446674012,0.023376265399071835,0.00341147147973931,0.015055215917527676,0.0037912363186478615,0.0007095100008882582,0.005752999801188707,0.022943999618291855
1396,0.0009952576707876351,7.257936305191999e-05,0.6901155710220337,0.5880926698446274,0.004488739527573698,0.0031540129349752594,0.021450025488231154,0.003062144140604307,0.013806177303195,0.0036958600394427776,0.0010926099494099617,0.00761700002476573,0.01975500024855137
1397,0.0007447008665655323,6.326517442341734e-05,1.4402101039886475,0.5602759122848511,0.005126773282672399,0.0036857878274034403,0.02259287405446696,0.0036168705322395973,0.012789277359843254,0.003395581152290106,0.0008518099784851074,0.008511999621987343,0.01779700070619583
1398,0.0011563984224547416,8.329621750029778e-05,1.1668473482131958,0.6224735975265503,0.006463613054624395,0.004880896921292659,0.03291314548904525,0.0058117950430579685,0.014147034846246243,0.003471554256975651,0.0013306100154295564,0.012439999729394913,0.02952900156378746
1399,0.0004064852492106313,5.725370918748123e-05,1.149895429611206,0.6897009909152985,0.006708955496889558,0.0026379023224257087,0.018598869471415157,0.00243893464863568,0.015202533453702927,0.003604981116950512,0.00032247998751699924,0.006951000075787306,0.01690400019288063
1400,0.0006279243901214899,6.505254900496005e-05,0.8760523796081543,0.6848879307508469,0.007874795432092116,0.0031310182848365096,0.020491825925271615,0.003105039841431508,0.013572148978710175,0.0035948841832578182,0.0005248099914751947,0.009498000144958496,0.01703999936580658
1401,0.0006793569257446101,6.450379043671894e-05,1.1245911121368408,0.6677348613739014,0.008536576024371613,0.0031127082651409674,0.021128117878584905,0.0032164624706710696,0.013903368264436722,0.0034253541380167007,0.0005619099829345942,0.010041000321507454,0.019245998933911324
1402,0.0009234432955425736,6.779535551313482e-05,1.272874116897583,0.6044079065322876,0.012108950888656423,0.002906128969009841,0.020546549341325868,0.0031546654906148275,0.015233670361340046,0.0034191515296697617,0.0010958099737763405,0.011525999754667282,0.017129000276327133
1403,0.0013715316662698735,7.0852761807023e-05,1.4292962551116943,0.49056607484817505,0.020720684794289606,0.0029873494715436898,0.017717010239521835,0.0032070911796398035,0.015751590952277184,0.0032587884925305843,0.001594610046595335,0.020137999206781387,0.015039000660181046
1404,0.003348090596769876,0.00015143932094926777,0.48963820934295654,0.4625256210565567,0.07079767213943675,0.01955743715435386,0.13048659425295003,0.04201720642023423,0.01696048304438591,0.002223196905106306,0.0037318100221455097,0.056768998503685,0.19510099291801453
1405,0.0008506738422390242,6.55169140109534e-05,1.4205923080444336,0.5379623770713806,0.0031302567301169817,0.0027974766262013778,0.019694573077243746,0.0025338285252114907,0.01296432688832283,0.0034840968437492847,0.0009785100119188428,0.00661499984562397,0.014119000174105167
1406,0.001141505976058626,7.256383231138864e-05,0.9903975129127502,0.6234781593084335,0.006477114560085553,0.0022045503415656694,0.01706898808022968,0.002499394985769809,0.012090569362044334,0.0029941615648567677,0.001189409988000989,0.00749000022187829,0.013475000858306885
1407,0.00047516177655468095,5.750253260033809e-05,1.2006038427352905,0.667198434472084,0.011618419206119274,0.002572983225169869,0.015713954316085188,0.0025007514330140836,0.014943880029022694,0.003523710183799267,0.0004420100012794137,0.008603000082075596,0.01855500042438507
1408,0.0019964278963222203,8.744435492704988e-05,1.5487741231918335,0.40502262115478516,0.0213863845687753,0.00504559225012338,0.045751807729947414,0.007713267441625683,0.016336344182491302,0.002710555214434862,0.002396410098299384,0.01993199996650219,0.0429299995303154
1409,0.001067765783578127,7.126105750446493e-05,1.458888053894043,0.5143394768238068,0.0012537282753968659,0.0027576153324137694,0.026022827943174388,0.003403195925198308,0.01192544586956501,0.0030067143961787224,0.0011444099945947528,0.009703000076115131,0.018239999189972878
1410,0.001138360084619983,0.00013388507930565626,1.0926347970962524,0.7068634629249573,0.008274577513236875,0.019683115152698934,0.137071120480225,0.03802201988562104,0.012723659165203571,0.0024368134327232838,0.0011063100537285209,0.028819000348448753,0.11498799920082092
1411,0.002327662416643946,0.00013549415110494507,0.9766830205917358,0.6261712163686752,0.07913810450706171,0.018399209790332473,0.05150577049849759,0.0244047425352504,0.015371119603514671,0.0033245058730244637,0.002805009949952364,0.07080300152301788,0.05541199818253517
1412,0.0008648307703849827,6.634566583533754e-05,0.7552284002304077,0.6109451875090599,0.004358299141294856,0.0015726114492546027,0.012298167736081148,0.0014154867292865622,0.013741284608840942,0.0034267110750079155,0.000870610005222261,0.004290000069886446,0.013935999944806099
1413,0.000406700647837169,5.1143257353089436e-05,1.3975507020950317,0.6031401753425598,0.002903002910428013,0.0022836211546768894,0.014294403263047862,0.0017147694401726107,0.013205092400312424,0.0036799213849008083,0.0003603200020734221,0.0046190000139176846,0.010088000446557999
1414,0.0005337264966609132,5.1702205769036806e-05,1.417442798614502,0.5735166966915131,0.006294301945271898,0.0012331899922303877,0.008221468877724706,0.0010228488547151188,0.015299111604690552,0.0034880628809332848,0.0005400099908001721,0.006845000199973583,0.006659999955445528
1415,0.0010460868145439764,6.982947104455664e-05,1.1532448530197144,0.5882651507854462,0.005582706143492228,0.0015432914762305307,0.01180048591625594,0.0014581219768902611,0.014490888454020023,0.0035141832195222378,0.0011210100492462516,0.007466000039130449,0.009352999739348888
1416,0.0004877069999323897,5.906135523497136e-05,1.1128336191177368,0.6929655224084854,0.00996320391981177,0.0026059278781379587,0.017497339412865413,0.0025667165961901625,0.015428544953465462,0.0033635995350778103,0.0003497599973343313,0.008473999798297882,0.0172870010137558
1417,0.0016055977087721023,0.00011355904091850616,0.9264912009239197,0.6773325651884079,0.0002644194664734467,0.0034840189589896795,0.09742364824374468,0.014399758184137051,0.011442714370787144,0.001220901496708393,0.0017819099593907595,0.013414000160992146,0.08117300271987915
1418,0.000906678361012771,6.126097892600432e-05,1.4846750497817993,0.4910293221473694,0.007683938452691373,0.0016639764351914512,0.011998677799524534,0.0015242629984923203,0.014845915138721466,0.0034549860283732414,0.0008692099945619702,0.0061980001628398895,0.010980000719428062
1419,0.0010391473661882208,8.44338152973377e-05,0.8135185241699219,0.6635126397013664,0.002016097574264796,0.00449616908245892,0.041943870584394694,0.00651638962318354,0.011745231226086617,0.002579210791736841,0.00100250996183604,0.006829999852925539,0.0438539981842041
1420,0.0006514361581005441,6.900801518729181e-05,0.5783181190490723,0.5984996929764748,0.0005785596943832712,0.0025661817564336478,0.033100433684038526,0.0036606345547511594,0.01100526750087738,0.0014131506904959679,0.0006330100004561245,0.009197999723255634,0.025437001138925552
1421,0.0011865609107992747,7.41631101447151e-05,0.8350312113761902,0.6055255085229874,0.006858450151974948,0.00287432778377653,0.02117906355183508,0.0032920264909851883,0.013996431604027748,0.0036200699396431446,0.0011598099954426289,0.007584999781101942,0.021924998611211777
1422,0.0010037791582413814,7.579376234137958e-05,0.8265746235847473,0.6296599060297012,0.003013043049278402,0.0035233329651286785,0.02699926983498967,0.003978380140342243,0.011891607195138931,0.002998336683958769,0.0009387099999003112,0.007946000434458256,0.024011000990867615
1423,0.0010579260444853968,6.66721192523126e-05,1.4179141521453857,0.5168620049953461,0.009296253798578673,0.00209834628392485,0.017288471960966143,0.0021989834694040172,0.016247980296611786,0.003172463271766901,0.001157209975644946,0.011099000461399555,0.015768000856041908
1424,0.002641822351273745,0.0001701518826197181,0.8306745290756226,0.660350389778614,0.06787757411788144,0.02610073601746274,0.08251682894950768,0.04405995397841648,0.012800210155546665,0.0030997395515441895,0.0031903099734336138,0.05140699818730354,0.08746100217103958
1425,0.002508451553895637,0.00017250529742640283,0.556952953338623,0.5307773053646088,0.12457240547176424,0.027957090848866925,0.07029744874244705,0.05351327876495471,0.016409074887633324,0.0030082212761044502,0.0029504098929464817,0.0685420036315918,0.13437800109386444
1426,0.005371969441035274,0.00026441694142711157,0.3894115090370178,0.4111809730529785,0.1227740773160111,0.04891819511648043,0.17853746709626397,0.08626341072313792,0.014967963099479675,0.0026569226756691933,0.006537910085171461,0.11422999948263168,0.1902720034122467
1427,0.0006168092539916633,5.878133976463119e-05,1.5005300045013428,0.5273760259151459,0.0009126349738038284,0.001829428033305063,0.01831304823030229,0.0018059600167585482,0.012872491963207722,0.0032571847550570965,0.0006867100019007921,0.0037589999847114086,0.01523900032043457
1428,0.0005348998031256369,5.5296439413924416e-05,1.238809585571289,0.6581016927957535,0.006625832077715987,0.0018823383961622739,0.012930169371500457,0.0016876609117283002,0.014724069274961948,0.0035406812094151974,0.000537609972525388,0.005255000200122595,0.01268400065600872
1429,0.0007609543841277511,7.25549400066384e-05,0.9472065567970276,0.6796286851167679,0.00010794751813450751,0.001298510522513518,0.03412298072527311,0.003288310375161335,0.011336619034409523,0.0013696588575839996,0.0006674099713563919,0.006310999859124422,0.027760999277234077
1430,0.0008031075563569001,6.719236169352148e-05,1.2332457304000854,0.6343174874782562,0.008547342786382346,0.0029562313121469963,0.019728134774895326,0.0029897188470612724,0.013824757188558578,0.003684095572680235,0.0007079099887050688,0.0078039998188614845,0.018766000866889954
1431,0.0008424298977454932,6.832053632988667e-05,1.363737940788269,0.5760937929153442,0.0056443613459207335,0.0034594385625118804,0.024077358753073104,0.003424618465275593,0.015217269770801067,0.003651423379778862,0.0009214099845848978,0.0074800001457333565,0.021865999326109886
1432,0.0007860253005998826,7.591431959678258e-05,1.3991225957870483,0.5870857238769531,0.010522029012175353,0.005820540085744896,0.035543584452886974,0.006888910499864955,0.01469312235713005,0.0036183600313961506,0.0007437100284732878,0.008243000134825706,0.03462500125169754
1433,0.0008856367130464446,7.129813092644077e-05,1.0487316846847534,0.6599276661872864,0.010656251473286625,0.0033093608324273167,0.023891436019680353,0.0035864212192559374,0.015076851472258568,0.003532624803483486,0.0010580100351944566,0.011838000267744064,0.021227000281214714
1434,0.003655395717077939,0.00023293740398746578,0.6556457281112671,0.5594461932778358,0.13854504960170075,0.031882574285550275,0.10942965722569158,0.057507528690751916,0.016176164150238037,0.002956500742584467,0.004271409939974546,0.09187500178813934,0.14466500282287598
1435,0.0024083697602001585,0.00024113892108624342,0.9543552398681641,0.6619424372911453,0.17653851281549168,0.06901357964315877,0.13893739959151355,0.1613677202596597,0.015940049663186073,0.0029288064688444138,0.002765410114079714,0.10158000141382217,0.1661369949579239
1436,0.0007912448562052526,7.971484993667409e-05,1.5047588348388672,0.5261428952217102,0.0010793708871508789,0.004385698239658724,0.06074296992882061,0.007276664152942126,0.01468532346189022,0.002514256164431572,0.0007253100047819316,0.006951000075787306,0.05728499963879585
1437,0.0008150559278330767,6.646882881630397e-05,1.179361343383789,0.6676951348781586,0.0013299456543552773,0.002558568890870408,0.030056929488619568,0.003766712108215522,0.010662010870873928,0.0010436470620334148,0.0008878100197762251,0.007805999834090471,0.023322001099586487
1438,0.000696344231467359,6.277604400945858e-05,0.6005544662475586,0.588779553771019,0.007816413332851527,0.0022661282821010696,0.015303859942631219,0.0021558486834076258,0.013556067831814289,0.0033904043957591057,0.0008070099866017699,0.007946000434458256,0.016662999987602234
1439,0.0007689715505234464,7.12137138797584e-05,0.6916801333427429,0.6263026520609856,0.006259642904994566,0.0036358047973185327,0.024290051111201697,0.0038314735579971556,0.012094604782760143,0.002997191157191992,0.0008183100144378841,0.009530000388622284,0.02049900032579899
1440,0.0008186204689665032,6.963731254044854e-05,1.1746119260787964,0.6461568623781204,0.016021708084252306,0.004413131884775459,0.02657260096191762,0.00508404725295648,0.014911915175616741,0.0034488970413804054,0.0009156099986284971,0.015336000360548496,0.026243001222610474
1441,0.001505882611916901,0.00011551900685186588,0.8910347819328308,0.6989355385303497,0.011746187699438734,0.013757551545579647,0.07489181432719973,0.024493597095825416,0.01083617564290762,0.001498905010521412,0.0018115099519491196,0.02793099917471409,0.0533519983291626
1442,0.0004117567361320038,4.799223206199596e-05,1.2926604747772217,0.6372752487659454,0.0038197594884133634,0.0009722002563256314,0.006584191081328414,0.0007567597116657351,0.014314780943095684,0.003494052216410637,0.00040730999899096787,0.004511999897658825,0.004643999971449375
1443,0.0019029914047252832,0.00015121669613572168,0.8160748481750488,0.6969266980886459,0.026547062707262665,0.0205427518606551,0.08849939521741391,0.03660613311035872,0.011384919285774231,0.0020593530498445034,0.0024192100390791893,0.038203999400138855,0.07684300094842911
1444,0.0007488065269763283,6.289725785179115e-05,1.0757392644882202,0.6525833159685135,0.004528999608031165,0.001342649068475664,0.009733303580248811,0.0011507554414720835,0.014162023551762104,0.0034105819649994373,0.0007823099731467664,0.004844999872148037,0.008409000001847744
1445,0.0003979381779259188,4.916791339378701e-05,1.4142084121704102,0.5910958647727966,0.00637340965305445,0.0014998858992369374,0.010013579974961407,0.001269028146662481,0.015051687136292458,0.0035337242297828197,0.0003989000106230378,0.005628999788314104,0.009734000079333782
1446,0.0006934975047655497,6.91054730743769e-05,1.3963793516159058,0.5848124325275421,0.0020743709651936076,0.0032591208788427532,0.030622672912563497,0.003624435778446844,0.01364903338253498,0.003237633965909481,0.0007392099942080677,0.006314000114798546,0.03082600049674511
1447,0.0006778436796135712,6.856084040747805e-05,0.8927627801895142,0.6870470494031906,0.005265716595668343,0.00424241744674685,0.025241933413789244,0.004112008681192807,0.01211837399750948,0.0032919514924287796,0.0006170099950395525,0.007584999781101942,0.021915998309850693
1448,0.0008704216617357369,6.808691274973075e-05,1.2590336799621582,0.6078346073627472,0.0031739461216406147,0.0031714365319486415,0.02205842621395792,0.0031463453199338156,0.012908205389976501,0.003479165490716696,0.0009850099449977279,0.008511999621987343,0.016954999417066574
1449,0.0013015181124175846,0.00011249908366296963,1.109421968460083,0.6808957606554031,0.010640698751961124,0.01221630987182048,0.07648848564837198,0.020488304116849387,0.011441747657954693,0.0020277677103877068,0.0013449100079014897,0.02459299936890602,0.04736600071191788
1450,0.0003545699524217013,4.701459602537221e-05,1.377447485923767,0.6179501116275787,4.978917975603425e-05,0.00040231925775881646,0.010859817093772787,0.000648495733975114,0.012276126071810722,0.0019059688784182072,0.00023900999804027379,0.001979999942705035,0.008415000513195992
1451,0.0006737020144025728,6.0033707863611774e-05,0.8687425851821899,0.6515779346227646,0.005469780206648296,0.001034316417140853,0.0064924902826195095,0.0008219349880730351,0.014734379947185516,0.0036434815265238285,0.0006616099853999913,0.005047000013291836,0.006428999826312065
1452,0.000623924330639374,5.433133136183442e-05,1.3827219009399414,0.5743560791015625,0.0065848236637518825,0.0011299773034167452,0.007337395600313492,0.0009159673179744412,0.015452368184924126,0.0034894286654889584,0.0005984100280329585,0.00749000022187829,0.004230999853461981
1453,0.0005220856156594033,5.82947057430505e-05,0.8992900848388672,0.6900230944156647,0.005499688438511515,0.002045987656217378,0.014361304784133536,0.001799667420201101,0.014343497343361378,0.003692708443850279,0.0005383099778555334,0.008836999535560608,0.008825000375509262
1454,0.0007067534865015338,6.596190593213434e-05,1.2434548139572144,0.6342685520648956,0.00590796134282249,0.00343577948321221,0.02306584655131684,0.0035187496164148496,0.013442344032227993,0.0035734735429286957,0.0006522099720314145,0.0081599997356534,0.01923000067472458
1455,0.00036548338742570485,5.999016288332659e-05,0.7845386266708374,0.6832427605986595,0.013665318538845379,0.0032647135525649155,0.016598744869380087,0.003220674469581247,0.013431007973849773,0.003586217761039734,0.0003303299890831113,0.010143999941647053,0.020076999440789223
1456,0.0011008097920328656,9.434255815840055e-05,1.029930591583252,0.6721828281879425,0.0001307244579411178,0.0020610184875247536,0.07187914576651773,0.008174453151031408,0.01348343025892973,0.00170990452170372,0.0012937099672853947,0.013414000160992146,0.058058999478816986
1457,0.0014031990554346633,7.482582770734867e-05,1.6899936199188232,0.33617740869522095,0.021126470899772935,0.004261695579810033,0.032975115909741795,0.005365073225744943,0.016380134969949722,0.0029538036324083805,0.0016143099637702107,0.019999999552965164,0.031247999519109726
1458,0.0002804013707067943,4.1575729548502414e-05,1.3770948648452759,0.628223180770874,0.0017540401716997299,0.0009679840742332834,0.006290799104152557,0.0006636888299756984,0.013998848386108875,0.0035971361212432384,0.00023098000383470207,0.0025480000767856836,0.004708999767899513
1459,0.0008442809088804208,6.126444523754795e-05,1.3830643892288208,0.5218168497085571,0.0037519672834000362,0.0008826038466755511,0.006314555696613654,0.0007093115924630177,0.014224568381905556,0.0034618419595062733,0.0009085100027732551,0.004000999964773655,0.005238000303506851
1460,0.00045824905672191366,5.3761495259694735e-05,1.2643060684204102,0.6538238227367401,0.005459691123817531,0.0018857010001866621,0.014029233055000156,0.0016204550487638088,0.015462853945791721,0.003565720282495022,0.0004113100003451109,0.005907000042498112,0.0117790000513196
1461,0.0007854628110463722,7.255421817280627e-05,0.9190628528594971,0.6747569441795349,0.00011726092314279044,0.001160691573795839,0.0369417343182936,0.00352743198686422,0.011240500956773758,0.0012377221137285233,0.00080850999802351,0.008541000075638294,0.02672700025141239
1462,0.0004405142878440241,5.9411757868910875e-05,1.1193760633468628,0.6895483434200287,0.00950682391459926,0.0029626045398227327,0.018191269964806744,0.002865542592333574,0.014115751720964909,0.003594445064663887,0.0003961200127378106,0.011572999879717827,0.013418999500572681
1463,0.0003800461773242749,4.7153860616307305e-05,1.019773006439209,0.6953949332237244,0.0006040085032476398,0.0007003160553640729,0.00486154437057105,0.0004386222114315516,0.01187999825924635,0.0027803615666925907,0.0003850999928545207,0.0017320000333711505,0.003576999995857477
1464,0.0004792740928603035,4.874465745722308e-05,1.3802001476287842,0.5907118916511536,0.0032670093777151126,0.0008194443812842658,0.005523200866847126,0.0006242844476201668,0.014275393448770046,0.0035465662367641926,0.0004491099971346557,0.0029299999587237835,0.005250000394880772
1465,0.0008155370770850935,6.444269753056071e-05,0.9163116812705994,0.656505361199379,0.010389990545338993,0.002305751048368914,0.014641723243590851,0.0022719624134880717,0.013950694352388382,0.003589706029742956,0.0007522099767811596,0.009089999832212925,0.01553799957036972
1466,0.0006184635729051127,6.015699663927107e-05,1.4355791807174683,0.5593715310096741,0.0001360897142319947,0.0010188412573304214,0.03488200710224811,0.0025074889179024437,0.016645347699522972,0.0017604916356503963,0.0006601099739782512,0.006436000112444162,0.02604999952018261
1467,0.0012297175314939924,0.00011635805070923943,1.508013367652893,0.5249487459659576,0.007085996356374537,0.012191445463410352,0.10183834303603216,0.022006595532643003,0.01389774028211832,0.0027192761190235615,0.0014305099612101912,0.014179999940097332,0.09026899933815002
1468,0.0002367511707191737,4.685380058198281e-05,1.2944222688674927,0.6774110049009323,0.0025579285688848096,0.002198478698504343,0.014794403870752875,0.001681779737060833,0.014295537956058979,0.003548574633896351,0.00014648000069428235,0.003788999980315566,0.013402000069618225
1469,0.0008296005256437413,6.487488590061066e-05,1.2706725597381592,0.604913592338562,0.005248613738457212,0.0018173248104651288,0.01412230808510575,0.0017115395217558952,0.01471914816647768,0.00343355443328619,0.0008291099802590907,0.0048859999515116215,0.014538999646902084
1470,0.0004366810795701745,5.528700953033895e-05,1.0003743171691895,0.7009272277355194,0.003866701023259184,0.0018024745175645451,0.012958622594527281,0.0014907677069819665,0.014330344274640083,0.003602230455726385,0.00039649000973440707,0.006835999898612499,0.008926000446081161
1471,0.0009525793175238568,6.57537554767371e-05,0.637155294418335,0.5683739557862282,0.006852251759856174,0.0015933236602233558,0.01074243898706267,0.001441360408897338,0.012877571396529675,0.0033276258036494255,0.0009633100125938654,0.007569999899715185,0.010714000090956688
1472,0.0008595706687890606,7.118884882212156e-05,1.1323068141937256,0.6590448617935181,0.007830775774146601,0.003673966370955435,0.02472285335117923,0.004090660281375665,0.013184046372771263,0.0033790674060583115,0.0008590099751017988,0.007946000434458256,0.023132000118494034
1473,0.0009802897586813496,7.92463896790084e-05,0.9976815581321716,0.651123508810997,0.0006612612265300315,0.002865805083953597,0.03299076936344105,0.004156111623505062,0.012129652313888073,0.0027135536074638367,0.000984210055321455,0.009213999845087528,0.02741299942135811
1474,0.0009752076925257978,8.004827631848582e-05,1.505540370941162,0.507582426071167,0.0011576230391051174,0.003931046668439693,0.07210928985392707,0.0083087613734815,0.016106754541397095,0.002107590902596712,0.0011414099717512727,0.007805999834090471,0.06041800230741501
1475,0.0005836690799186307,6.789047612371703e-05,1.1711572408676147,0.6821757107973099,0.003953200686179189,0.0045113328200686986,0.029367002879878853,0.0047802633817479335,0.012409412302076817,0.0033969501964747906,0.00046491000102832913,0.010564999654889107,0.019889000803232193
1476,0.0006899117096644034,6.341350415783322e-05,1.633086085319519,0.4140368700027466,0.00012107508453936141,0.0012068665954970718,0.03466465100884807,0.0025930104377623157,0.014446431770920753,0.0018313145264983177,0.0008256100118160248,0.006694000214338303,0.027660001069307327
1477,0.0008563288041146741,6.199622365669937e-05,1.4224038124084473,0.5348948538303375,0.004527823728520052,0.002077935249159195,0.01587920192800144,0.0019938068913630163,0.01339376624673605,0.003511166200041771,0.0009433099767193198,0.006310999859124422,0.011415000073611736
1478,0.0024225623286275966,0.00012522041646883045,1.1055761575698853,0.6478584706783295,0.0192738614966378,0.008634834443546725,0.06696078944864527,0.01968081370510495,0.010894394479691982,0.0013766242191195488,0.0027416099328547716,0.029888000339269638,0.0473020002245903
1479,0.0019295644093702917,0.00012108324776217419,1.3112330436706543,0.5805657505989075,0.03969908643696865,0.014066434333523434,0.07945229200356771,0.02398424690848146,0.014848701655864716,0.0031033805571496487,0.0023125100415199995,0.041057001799345016,0.059581998735666275
1480,0.0006430848946974289,5.786309362664573e-05,1.0858361721038818,0.6456751674413681,0.004138881949325094,0.0011569146770677124,0.00828495470177861,0.0009468617754616873,0.01418012659996748,0.0035888347774744034,0.0005939099937677383,0.0034149999264627695,0.008701000362634659
1481,0.0007252344090305705,6.322415416022865e-05,1.1299827098846436,0.6497281491756439,0.004268019290509247,0.00199186709143224,0.014557567031300888,0.0017806601983593757,0.014467805624008179,0.0038140076212584972,0.000740510004106909,0.004135999828577042,0.013414999470114708
1482,0.0008008177619509828,6.429149759755589e-05,1.010135531425476,0.640662357211113,0.005473429819394491,0.0013424188231128112,0.00981646856749904,0.0011489196339711065,0.015225812792778015,0.003615801688283682,0.0008937100064940751,0.005628999788314104,0.010347999632358551
1483,0.0010200225470839795,7.14059368636101e-05,1.557316541671753,0.4350352883338928,0.0015023814885825435,0.0023158952526440304,0.02197415331974223,0.002406006887753784,0.013158281333744526,0.003473111428320408,0.0011323100188747048,0.006384999956935644,0.015475000254809856
1484,0.0006786267040740612,7.119688633002759e-05,0.8197506070137024,0.675517350435257,0.00046176051098907784,0.002776247248615377,0.030510755584596365,0.003410732295144582,0.011829735711216927,0.0025662826374173164,0.0005485099973157048,0.00786499958485365,0.020259998738765717
1485,0.0005826814143118311,6.296865370031236e-05,1.078531265258789,0.6768283396959305,0.010701395205856962,0.0030099887680756464,0.020507637687177938,0.003085321233351224,0.015132198110222816,0.0034907269291579723,0.0005580100114457309,0.009868999943137169,0.018766000866889954
1486,0.0009412217194341776,9.149334282287068e-05,1.2447019815444946,0.654716819524765,0.007497192673469773,0.007961408145049368,0.05217990802438463,0.010948508085173007,0.012679695151746273,0.0030615893192589283,0.0009517099824734032,0.017155999317765236,0.04295600205659866
1487,0.003821273799395562,0.00020745938200328285,0.8681140542030334,0.5755022615194321,0.12509921206279098,0.02615464903021654,0.13377222777322928,0.06281748194055922,0.016967669129371643,0.0023071500472724438,0.004181109834462404,0.08659099787473679,0.1582389920949936
1488,0.0016061804460259684,9.950361939104358e-05,1.5310848951339722,0.4714822769165039,0.026289619926329937,0.007486678607802706,0.04474602405304691,0.010562655784821715,0.013263363391160965,0.003380251582711935,0.00180871004704386,0.01982099935412407,0.04819200187921524
1489,0.0004514133453892279,5.2106574908761174e-05,1.3075356483459473,0.6382881999015808,0.005004628153751277,0.0015320342686745666,0.01041294263434001,0.001302934470327667,0.013628530316054821,0.0033636516891419888,0.00043821000144816935,0.0048340000212192535,0.009936000220477581
1490,0.0005511778563396156,5.617694729532244e-05,0.9134941101074219,0.6769875138998032,0.00486432347502488,0.001325823104815892,0.009066564603899216,0.00109325124704326,0.013788307085633278,0.003449548501521349,0.0006346100126393139,0.006845000199973583,0.0066099995747208595
1491,0.0007750226823778524,8.279754712182209e-05,0.6213920712471008,0.6256993860006332,0.013860402637279244,0.008511168029349609,0.04172935530763079,0.010498387403560287,0.011896545067429543,0.0029750182293355465,0.0009124099742621183,0.020781999453902245,0.033399999141693115
1492,0.0010658395735610071,7.94376380887032e-05,0.9045035243034363,0.680969774723053,0.034359945431558986,0.006863195466981123,0.025438323798708827,0.0077724450397146615,0.013813069090247154,0.0035493485629558563,0.001269610016606748,0.028054000809788704,0.029330000281333923
1493,0.0004168736218413821,4.049699871918827e-05,1.6274491548538208,0.4205509424209595,0.0021607546455842115,0.0005573342565799327,0.0038388980716319637,0.00040064063085054114,0.015099604614078999,0.0034607802517712116,0.00033477001124992967,0.0021989999804645777,0.0025339999701827765
1494,0.0006882396769475159,6.716069116488512e-05,1.4791616201400757,0.5264905095100403,0.0012026906705822494,0.002839033193582939,0.031378855983198395,0.0033429636146249334,0.01395654771476984,0.0029703318141400814,0.0006711099995300174,0.006845000199973583,0.02661300078034401
1495,0.0004616880165800559,6.602894123744951e-05,1.1865698099136353,0.6793927997350693,0.008517144919931482,0.005604171252536358,0.029787337544248584,0.005766715150995203,0.01397041603922844,0.0036103958263993263,0.0004987100255675614,0.013810000382363796,0.023538000881671906
1496,0.0003487966136839296,4.975168802308678e-05,0.8138447403907776,0.6749096512794495,0.0025428829298069773,0.0012478241508832805,0.008527264540185637,0.0009457683138719168,0.01292999368160963,0.0034857220016419888,0.00022832000104244798,0.0036140000447630882,0.006616999860852957
1497,0.0007437203322117187,7.91158268211384e-05,1.4162575006484985,0.5906888842582703,0.0010635734617529433,0.004786285655047812,0.0831385692760945,0.01058679822117882,0.01598978042602539,0.002159826923161745,0.0007716100080870092,0.006996000185608864,0.07312300056219101
1498,0.0004745817310262597,5.350741532443549e-05,1.580304503440857,0.47449788451194763,0.006975214961651869,0.002210113493855914,0.01885823367344314,0.0021818582770990348,0.01638561114668846,0.0030688894912600517,0.00045841000974178314,0.007466000039130449,0.017278999090194702
1499,0.0012231644114350246,6.997801950752878e-05,1.5534828901290894,0.42660802602767944,0.005464791837689159,0.00229667050657472,0.019681678693532448,0.0024190948681273583,0.0149468295276165,0.003380287904292345,0.001356509979814291,0.007782999891787767,0.015622000209987164
1500,0.0013645276723104182,7.59496742356717e-05,1.4104750156402588,0.48909592628479004,0.008619896521246064,0.002946260738852197,0.030271290861338188,0.003931896218990573,0.01671379804611206,0.002685250248759985,0.0015843099681660533,0.012090999633073807,0.022267000749707222
1501,0.0006807621711923498,6.364852486211424e-05,0.9766148924827576,0.6737078130245209,0.0036948508539093477,0.0023848572705059898,0.01747028675802197,0.0021737496543225163,0.012433835305273533,0.0033133206889033318,0.0006081099854782224,0.005532999988645315,0.01348899956792593
1502,0.0031363373328893228,0.00015155379237631085,0.7530122995376587,0.58290895819664,0.059831396560871324,0.015670814190256458,0.08380310166254552,0.029312212565112294,0.015140647068619728,0.002947066444903612,0.0035602101124823093,0.05881499871611595,0.0770450010895729
1503,0.0009962006151520903,6.547612686392905e-05,1.2789702415466309,0.5334171056747437,0.005722395837364318,0.001222746135394553,0.009549543569498239,0.0011013727793519864,0.015611891634762287,0.003296440467238426,0.0009922099998220801,0.006845000199973583,0.008329000324010849
1504,0.0006054529671824949,5.610716874505635e-05,1.3905558586120605,0.5943103134632111,0.008053114939945111,0.0017307587366721926,0.011489542458604776,0.0015483139575877478,0.015043772757053375,0.0034800167195498943,0.0007029100088402629,0.009328999556601048,0.00914200022816658
1505,0.0007926012733294174,6.659174276472474e-05,0.7155859470367432,0.6309324726462364,0.010218777362186505,0.0026944089927665718,0.018093748252877375,0.0027167646534607404,0.01477732416242361,0.003552960231900215,0.0008713100105524063,0.010184000246226788,0.018648000434041023
1506,0.0005680117738674856,6.200878328847098e-05,1.5833160877227783,0.46168801188468933,0.0009847980227703204,0.0026324168059054525,0.025010867066804075,0.002702264295559153,0.012513079680502415,0.0032904865220189095,0.0005658100126311183,0.0050119999796152115,0.022363999858498573
1507,0.0008317652870854349,7.258981754800783e-05,1.1061325073242188,0.6592354625463486,0.003094918544963929,0.0038154379721200412,0.028216645105101277,0.004253633160265146,0.012177584692835808,0.0031391787342727184,0.0009188100229948759,0.007782999891787767,0.023869000375270844
1508,0.001390211733863384,9.477611550595514e-05,1.430588722229004,0.543192595243454,0.03548713035766791,0.010417914167669066,0.06633906661307672,0.01666396582187042,0.01597185805439949,0.0029297336004674435,0.001771109993569553,0.03199699893593788,0.06250099837779999
1509,0.0014231524000162987,0.00010272060951486029,0.7889652252197266,0.6595090329647064,0.005818062410525285,0.007441652712315236,0.05185278715131904,0.012051957478690742,0.011428470723330975,0.0025530019775032997,0.001342609990388155,0.013337000273168087,0.044843997806310654
1510,0.0004647038244117909,5.014287260161809e-05,1.4907022714614868,0.5369901657104492,0.00035937724517573537,0.0009819675807974434,0.012482406941037107,0.0009013728696791691,0.014021925628185272,0.0029926802963018417,0.0004567099967971444,0.0029299999587237835,0.01002500019967556
1511,0.00036382703412384746,5.290755810651363e-05,1.0109920501708984,0.7036916762590408,0.00588968422167014,0.001918092431324235,0.01267932829256801,0.0016712979827548172,0.01450397539883852,0.003570983652025461,0.00042721000500023365,0.006845000199973583,0.011889000423252583
1512,0.0006932093629235937,6.664994766848422e-05,1.116397500038147,0.6811472624540329,0.0017087017099506334,0.003136770312456529,0.02555479327301694,0.0033868401959397873,0.011867566965520382,0.0029328237287700176,0.0006673100288026035,0.007381000090390444,0.018763000145554543
1513,0.0011565552382023698,7.234419945269124e-05,0.6254165768623352,0.5352553278207779,0.005405246497968898,0.0022424349362659395,0.01852280487781813,0.002327189925699826,0.01493064034730196,0.0035362141206860542,0.0011898099910467863,0.008469999767839909,0.013957999646663666
1514,0.0018806860833180186,0.00011774062705460851,1.0057258605957031,0.6602325141429901,0.012874860206853167,0.007586231642470418,0.05100190613798421,0.013673620818947255,0.013004675507545471,0.003226719330996275,0.002057109959423542,0.01566999964416027,0.04797700047492981
1515,0.0010337289548157395,7.66733424399607e-05,1.1709954738616943,0.64316026866436,0.015403137621805021,0.004747800635531084,0.031474815286315815,0.005874625401125388,0.014726832509040833,0.0034454241394996643,0.0011459100060164928,0.01683500036597252,0.023791000247001648
1516,0.0009461053803487076,6.533005745626517e-05,1.3052502870559692,0.548740029335022,0.005453469370613549,0.0010520174203677338,0.007468712053389774,0.0008937384332000438,0.015278330072760582,0.0034968340769410133,0.000996610033325851,0.006051999982446432,0.006983000319451094
1517,0.00047503684397865484,5.700371227103756e-05,0.8399069309234619,0.6818901747465134,0.006506387855407243,0.0020894531579822555,0.013720422560802463,0.0018496332656222575,0.013810104690492153,0.003590126521885395,0.0004685099993366748,0.007805999834090471,0.010627999901771545
1518,0.0005878507575699203,6.787153001959159e-05,0.9990962743759155,0.6961717903614044,0.011687374384908628,0.004348799812349759,0.02663477385443631,0.004718559118054711,0.014732880517840385,0.0035428376868367195,0.0005996099789626896,0.012670000083744526,0.026621999219059944
1519,0.0004668750426124211,5.341971735328804e-05,1.1377850770950317,0.674574002623558,0.0013535847792750316,0.001519451362515208,0.011293360350901562,0.0011052728647870606,0.012897421605885029,0.003331783227622509,0.000444909994257614,0.0034149999264627695,0.009959000162780285
1520,0.0002997205482928872,4.314996834673876e-05,1.4769212007522583,0.5590476989746094,0.004025534836477061,0.001056664015394424,0.007491037961622658,0.0008295664440440853,0.015320188365876675,0.0034489724785089493,0.0002398999931756407,0.0033629999961704016,0.006783999968320131
1521,0.0007914490396710986,6.277174017028442e-05,0.7630243301391602,0.6169537231326103,0.004180628429084802,0.0012033415119243442,0.008755280016695293,0.0010118837464214454,0.0128793865442276,0.0033076098188757896,0.0007962100207805634,0.005166000220924616,0.007613000459969044
1522,0.0004259737613435057,5.219171411329599e-05,1.2114754915237427,0.6773267537355423,0.004093228887992806,0.0017814195871059374,0.012319764267996997,0.0014775882016697245,0.014091887511312962,0.0037229894660413265,0.0003778600075747818,0.006895000115036964,0.008295999839901924
1523,0.001494137460709471,7.617959601520247e-05,0.8164341449737549,0.5110138654708862,0.010100703338613164,0.0015417847351192676,0.009939237698161728,0.0013926862873573824,0.015169281512498856,0.0033658305183053017,0.0016667100135236979,0.012006999924778938,0.008417000062763691
1524,0.0017055209613659238,0.00012155696300562944,0.8371884226799011,0.6627000868320465,0.01363454638253372,0.010974859754429885,0.05909122575191927,0.017498681459362193,0.013311848975718021,0.0033446280285716057,0.001974009908735752,0.020431000739336014,0.05222200229763985
1525,0.0010935211339748651,7.306832380425253e-05,0.8883247971534729,0.623521700501442,0.0026351680439765045,0.002965140561796952,0.022435152288020427,0.0032402348184044586,0.012041483074426651,0.003120340872555971,0.0011150100035592914,0.00774300005286932,0.01673699915409088
1526,0.0012310495282318844,0.00018651538535119122,1.200775146484375,0.6891174763441086,0.0011439381354386264,0.05521693372755248,0.29643659433096287,0.10885037383547427,0.012185415253043175,0.0020169210620224476,0.0016792099922895432,0.07134299725294113,0.15991801023483276
1527,0.00039338485724614683,5.2906316106910854e-05,1.2121331691741943,0.6765433102846146,0.0040327921650857084,0.0027794168749713396,0.016943762944598158,0.002316957545618314,0.013349230401217937,0.0034922990016639233,0.000299000006634742,0.006384999956935644,0.01436999998986721
1528,0.000568004290079031,6.731330399270161e-05,1.107682228088379,0.6973160654306412,0.004424267323707105,0.0044584965676612385,0.02725733900784582,0.004363379760818775,0.011806474067270756,0.003033912740647793,0.0005636099958792329,0.007215000223368406,0.02436000108718872
1529,0.0010560604859999323,7.551361259094122e-05,0.9178737998008728,0.6333578377962112,0.010705999134583652,0.003335300233502057,0.02589968216478697,0.0038904938262528665,0.01578700728714466,0.00334368459880352,0.0010959099745377898,0.010184000246226788,0.025853998959064484
1530,0.0009239858925004341,8.502634062683629e-05,1.2121570110321045,0.655225858092308,0.025871452741858807,0.008191292645396512,0.04462773004645601,0.010807009565661298,0.01456909067928791,0.003518037497997284,0.0010610100580379367,0.0248819999396801,0.041106998920440674
1531,0.0006848618879706734,5.884788349886326e-05,1.2393977642059326,0.6175201833248138,0.0031181120385723677,0.0010772379424105205,0.008286009966851393,0.0008758312879610661,0.014041122049093246,0.0033573959954082966,0.0006969100213609636,0.00343300006352365,0.0063360002823174
1532,0.0006457044779148483,5.9726778686734576e-05,1.4482492208480835,0.5522913634777069,0.0007209939391037498,0.001590625521878028,0.017754252301204552,0.001564292380664977,0.013476557098329067,0.003067565616220236,0.0006324099958874285,0.0025480000767856836,0.015650000423192978
1533,0.0004328933465440395,5.615614674040682e-05,1.3351014852523804,0.632241427898407,0.0004004768791489658,0.0015081765444689998,0.01740760835405599,0.0014703678771729074,0.01283993013203144,0.003018304705619812,0.0003089499950874597,0.0035600000992417336,0.014086000621318817
1534,0.0005885230400737273,6.86280922771784e-05,1.186650037765503,0.6738174110651016,0.00026494503453894765,0.0020438972862761714,0.04558689999137193,0.004214205536909262,0.015089859254658222,0.0020401552319526672,0.0005281100166030228,0.004989999812096357,0.044026002287864685
1535,0.0007008412870374511,6.0796739972441725e-05,1.349774718284607,0.5897645354270935,0.005818276412090333,0.0022126209334729246,0.016638828358273627,0.002101473705871845,0.015165135264396667,0.0034721833653748035,0.000655309995636344,0.006738999858498573,0.013577999547123909
1536,0.00048622356612125907,6.779574323488894e-05,1.1371179819107056,0.6913983076810837,0.002926197176749329,0.0038176032160575895,0.029279856696561867,0.003882746912312312,0.013103789649903774,0.0034901779145002365,0.0004249099874868989,0.00786499958485365,0.026966001838445663
1537,0.0010592783814085695,7.022816677287283e-05,0.4167347848415375,0.4465942867100239,0.0013498018041099653,0.0024032620543468467,0.022597395405750485,0.002604464876002622,0.011161291971802711,0.0021856152452528477,0.0009437099797651172,0.005828999914228916,0.02050499990582466
1538,0.0008643347738528268,7.048808362082105e-05,1.2389765977859497,0.6179644465446472,0.005013901088430228,0.0033703763212478742,0.022786954292819333,0.0032767572138004512,0.014127200469374657,0.003706360701471567,0.000905509979929775,0.006314000114798546,0.022772999480366707
1539,0.0007503949747458229,6.180904430113244e-05,1.2140190601348877,0.6316633224487305,0.006252399704040829,0.0019841938319092125,0.01433238762583617,0.0018531320133418072,0.014327196404337883,0.003605079371482134,0.0007675099768675864,0.007579000201076269,0.012392999604344368
1540,0.0014317803509760654,8.387644255975965e-05,0.952797532081604,0.6463163942098618,0.03705935389032986,0.00703493699829404,0.03127254328334926,0.00870453621092724,0.015348182059824467,0.0034193159081041813,0.0017032099422067404,0.029124999418854713,0.04469100013375282
1541,0.0006471925171593748,6.404780777586043e-05,1.3036510944366455,0.6275945007801056,0.006157431992805065,0.003416180751371652,0.02354237386014229,0.003429487509819539,0.014094065874814987,0.0036287535913288593,0.0007657100213691592,0.007348999846726656,0.02276100032031536
1542,0.0010523918055914334,7.053935816543806e-05,1.260067343711853,0.6058624982833862,0.014797153361613191,0.0034585572720329753,0.02180478852145367,0.003919988023287307,0.01392159704118967,0.003587767481803894,0.0012153099523857236,0.013407999649643898,0.023823000490665436
1543,0.001093719257590272,6.921244636494493e-05,1.4948558807373047,0.49180084466934204,0.012911485717803768,0.0030029811935206726,0.019758309474976154,0.003138394868482707,0.014698896557092667,0.0036161155439913273,0.0012156099546700716,0.012613999657332897,0.01845800131559372
1544,0.0009238575674374506,9.793730712622065e-05,1.144126057624817,0.6777865141630173,0.00043499282527892954,0.0057584805819505345,0.13627536535920487,0.020721827239237066,0.016021765768527985,0.002049004193395376,0.0010369099909439683,0.01573999971151352,0.11603999882936478
1545,0.0008408838721523905,6.876940687521369e-05,0.8407612442970276,0.6485068202018738,0.008747986841452988,0.0032867956559583466,0.022303605870313138,0.003517090873572444,0.013995746150612831,0.003599335439503193,0.0009513099794276059,0.007290999870747328,0.02315099909901619
1546,0.0005709232510718481,5.977884171201641e-05,1.3283674716949463,0.6310926675796509,0.00802248282358541,0.002731433966370848,0.02204768154904933,0.0028855063093058825,0.016037119552493095,0.0030716988258063793,0.0005207100184634328,0.0065299998968839645,0.020879998803138733
1547,0.0011073017479757332,7.705467411212117e-05,0.384854257106781,0.4394937604665756,8.427296357497943e-05,0.0009786677111426917,0.040112652272937935,0.00323822832878555,0.011282116174697876,0.001154833473265171,0.0010079100029543042,0.01095999963581562,0.026360999792814255
1548,0.0006505969959952951,7.310433016805283e-05,1.119126558303833,0.6827415823936462,0.001515700100272174,0.003746870309484026,0.034478476323248686,0.004607229490081721,0.011820921674370766,0.0027435612864792347,0.0006010099896229804,0.006647000089287758,0.02974500134587288
1549,0.0004859439075428614,5.9137466060437896e-05,1.1165028810501099,0.6812036335468292,0.006483710369908178,0.002782471242675504,0.019683126593952823,0.0026587362047711584,0.014744216576218605,0.0035253013484179974,0.0003797599929384887,0.007594000082463026,0.01676199957728386
1550,0.0009646446735309236,8.225318283890424e-05,0.9741719961166382,0.6799728572368622,0.02073157374205244,0.007246228949754558,0.03901108893587434,0.009261462658281492,0.0140606090426445,0.0035428483970463276,0.0011732099810615182,0.017861999571323395,0.04046599939465523
1551,0.003326599755189511,0.00010658007002723488,1.4539060592651367,0.41274988651275635,0.03567050638235913,0.010485194989524766,0.13961935311196014,0.027936250741213968,0.018336769193410873,0.001514391042292118,0.0037752098869532347,0.04365900158882141,0.07917600125074387
1552,0.000646795063985346,5.722898962037023e-05,1.6155799627304077,0.4363436698913574,0.00921087462513143,0.0024447706170469636,0.020501395929979953,0.0024804897378729943,0.016368970274925232,0.003030667081475258,0.0007023100042715669,0.006835999898612499,0.019253000617027283
1553,0.0017461637978364282,7.98314531029725e-05,0.9179977774620056,0.5651214271783829,0.013182303384142759,0.0027394259929933197,0.0194658984816317,0.0035341309140213793,0.013586401008069515,0.0035969819873571396,0.00185161002445966,0.0147299999371171,0.018647000193595886
1554,0.000831440235944298,7.110749920172016e-05,1.1354402303695679,0.658662810921669,0.008506537613843863,0.0038653131233400114,0.02795064413890827,0.00432767775486332,0.015425650402903557,0.003519055899232626,0.0008719100151211023,0.011099000461399555,0.023910000920295715
1555,0.0007718687171095836,6.506808390614272e-05,0.8958075046539307,0.6625141352415085,0.006173024750606922,0.0022182260233510635,0.015981847795827023,0.0021306576598392486,0.013598070479929447,0.0034629455767571926,0.0007872100104577839,0.007290999870747328,0.015108000487089157
1556,0.0004430686516437324,5.96093117524472e-05,0.8417536020278931,0.6943978145718575,0.004521000710349603,0.0031390550807523948,0.020051980926047083,0.002843301483392449,0.012444689869880676,0.00332820788025856,0.0003993700083810836,0.008553000167012215,0.017496999353170395
1557,0.00036259656459382647,5.637678619649418e-05,1.1161251068115234,0.6857590973377228,0.0040895340820595585,0.003154765772910501,0.0189555723527974,0.002640629821328141,0.013474958017468452,0.003528374247252941,0.00044130999594926834,0.005752999801188707,0.018094999715685844
1558,0.0005602841251984251,5.80611607476618e-05,1.2025645971298218,0.6578487753868103,0.006300943346877634,0.0021799512948046935,0.015377744068374251,0.0019693973117889145,0.01480741798877716,0.003730622585862875,0.0006473099929280579,0.006895000115036964,0.014008000493049622
1559,0.000743961668914065,6.323617837189526e-05,1.1585524082183838,0.6442195028066635,0.007324529133653814,0.0023560597826540316,0.017149972188718644,0.002357080116786224,0.014671526849269867,0.003569843713194132,0.0007359100272879004,0.007805999834090471,0.01612200029194355
1560,0.0010800549088323098,6.839039494339135e-05,1.3955118656158447,0.5209412574768066,0.00840613863340675,0.0020665587728154106,0.017367446149911744,0.00217019309842898,0.015960123389959335,0.003259357064962387,0.0013070099521428347,0.00786499958485365,0.015534000471234322
1561,0.0010999852021366602,8.570260646271306e-05,1.3750388622283936,0.5770814716815948,0.019227588458095485,0.006893264188399969,0.04041048558569414,0.008993896980024407,0.013746678829193115,0.003492245450615883,0.001418009982444346,0.0222609993070364,0.03525499999523163
1562,0.0009836098870122944,0.00011630928580197013,1.23231840133667,0.6705742925405502,0.019746376068570135,0.01927028193948971,0.10892743321786096,0.030838183112983926,0.014360048808157444,0.0031090970151126385,0.0012046099873259664,0.03820599988102913,0.08568000048398972
1563,0.0010149250314024155,7.814667696794721e-05,1.4096330404281616,0.5730757117271423,0.009063951869491762,0.005472074652389731,0.032965803412390124,0.006654293173231258,0.012592938728630543,0.003428875468671322,0.0010863100178539753,0.009735999628901482,0.030858000740408897
1564,0.0011827057052786816,6.947018068026965e-05,0.6549521684646606,0.5117514729499817,0.008981145016672538,0.0014038699782233117,0.008815431944886057,0.0012114976253425839,0.01509274821728468,0.003386557102203369,0.0011728099780157208,0.011944999918341637,0.006871999707072973
1565,0.0007016535739832326,7.048726654039695e-05,0.8397599458694458,0.6752074956893921,0.00766006616716806,0.0042050113952532145,0.02637197030932989,0.004391723578237874,0.013686989434063435,0.0036715446040034294,0.0006989099783822894,0.00954199954867363,0.02146099880337715
1566,0.0006066597140924483,6.198319584155884e-05,0.7135474681854248,0.6471797153353691,0.005344823974846939,0.0021078702355092427,0.015492143742860445,0.001903464285598679,0.013788830488920212,0.003500428982079029,0.0005222099716775119,0.0061980001628398895,0.013591000810265541
1567,0.0006858502864215346,7.458657372932253e-05,0.979875922203064,0.7041317671537399,0.00875230051520876,0.00608390257998904,0.033669992383819944,0.006590058145892743,0.01405507605522871,0.0035146628506481647,0.0006449099746532738,0.006996000185608864,0.035055000334978104
1568,0.0006603680785285292,6.767597641451533e-05,1.2048300504684448,0.668666884303093,0.0009072997626626472,0.002794155077934218,0.029385847328300352,0.0034121352710103636,0.011891252361238003,0.0026018358767032623,0.0006495100096799433,0.007805999834090471,0.024521000683307648
1569,0.0007241109369761612,6.52556078373962e-05,1.1261965036392212,0.6581822484731674,0.005831924865107884,0.003229981533649476,0.021029145075767447,0.003185892871711617,0.014196430332958698,0.0035679200664162636,0.0006674099713563919,0.007946000434458256,0.018817998468875885
1570,0.0005878446259644601,8.118763675536001e-05,1.0117731094360352,0.7070603221654892,0.0016129020152454497,0.004883310701337925,0.05281796423615127,0.0070704418856792975,0.013788390904664993,0.0028286785818636417,0.0007734100217930973,0.011106000281870365,0.0470300018787384
1571,0.0016072689058180966,9.384497556673812e-05,1.6323511600494385,0.38977938890457153,0.01087913562343739,0.00686764019517737,0.06264101519683098,0.009907539530785187,0.016338393092155457,0.002766384743154049,0.001843609963543713,0.013269999995827675,0.04974199831485748
1572,0.0004651931328303442,7.220243971037187e-05,1.0901150703430176,0.7006596177816391,0.011540769293755476,0.006915066884008832,0.0354177752107555,0.0077433721907580605,0.013595828786492348,0.003571178298443556,0.0004133099864702672,0.015049000270664692,0.031063999980688095
1573,0.0009946704902690316,7.654260372463617e-05,0.7821381688117981,0.643058255314827,0.00021452828267689295,0.0016820692582140131,0.03269169489309506,0.0030752261839570843,0.01369837298989296,0.0021767783910036087,0.0010024099610745907,0.006940999999642372,0.026705000549554825
1574,0.0005515389586055086,5.489619213052847e-05,1.241652488708496,0.6416372060775757,0.007073263960571693,0.001544041066289469,0.010101293906331212,0.001346105771409891,0.014578886330127716,0.003430107608437538,0.0005015099886804819,0.005923999939113855,0.009806999936699867
1575,0.0008485791189609948,6.434778520813877e-05,0.3258681893348694,0.3969177305698395,0.0030409888096012395,0.002921525953535938,0.020797638527009096,0.0026489754275342385,0.011167597025632858,0.002251800149679184,0.0006988099776208401,0.00661499984562397,0.01952499896287918
1576,0.0007030694297315457,6.0237897689247684e-05,1.0936055183410645,0.6238892525434494,0.0016375939256372833,0.0007591515566892831,0.005306544278290084,0.0005530965080004888,0.012703876942396164,0.0032862727530300617,0.0006641100044362247,0.0025480000767856836,0.004124999977648258
1577,0.0009091445633614601,6.849770670078046e-05,0.6739679574966431,0.605091817677021,0.007249585515213996,0.002800202688746263,0.019500745831838966,0.0029452226784407905,0.013178549706935883,0.003272377885878086,0.0009381099953316152,0.00737700005993247,0.018844999372959137
1578,0.000870240577975102,6.369309110571756e-05,1.27749764919281,0.605654239654541,0.010021669689486225,0.00224743283731645,0.014670302072928814,0.0022184774350451613,0.014094337821006775,0.0033803903497755527,0.0008881100220605731,0.008511999621987343,0.012703999876976013
1579,0.0010102855056745392,7.488989777511528e-05,0.5265810489654541,0.5422372072935104,0.0028904352780958617,0.0035613068250821096,0.026479046706127097,0.0037279245479960484,0.011937832459807396,0.0031769927591085434,0.0010409100214019418,0.009192000143229961,0.023481998592615128
1580,0.0008597429245471659,6.498753332922537e-05,1.3243409395217896,0.5817127525806427,0.008509321336225069,0.0024339827699128265,0.017673548313641093,0.0024538233267763204,0.014601904898881912,0.003471583593636751,0.0008619099971838295,0.006845000199973583,0.018073000013828278
1581,0.0007990028218867394,6.372227936874987e-05,1.1370099782943726,0.6493646651506424,0.008126080400159155,0.0017740921183295598,0.011701703950766515,0.0016049207077430353,0.014817526564002037,0.0036236015148460865,0.0007751099765300751,0.007720999885350466,0.010502000339329243
1582,0.0019946586453958768,0.00014381600133763286,0.7460647225379944,0.6653226539492607,0.03137950197741234,0.018489799824834965,0.0743182200723773,0.032526114894544836,0.012465795502066612,0.0029201284050941467,0.0021453099325299263,0.03413400053977966,0.05934999883174896
1583,0.002125432976211451,0.0001903316130254367,1.1534645557403564,0.655387669801712,0.11475360878727439,0.04253782205401937,0.16522390839114487,0.08813681512498714,0.01675914227962494,0.002562542911618948,0.0023374101147055626,0.09187500178813934,0.122018001973629
1584,0.0005601789412574302,6.099263795752833e-05,1.0240896940231323,0.679666742682457,0.0020630630045049884,0.002277014580893756,0.019261538635011066,0.002075779714584232,0.014036044478416443,0.0034290323965251446,0.0006377099780365825,0.006314000114798546,0.0160910002887249
1585,0.0003915278942762394,6.515291371084265e-05,1.1575690507888794,0.6874801814556122,0.0012050196507331237,0.0033534346985766377,0.033242502226240415,0.003786912425983238,0.012936359271407127,0.0030029783956706524,0.00029041001107543707,0.007381000090390444,0.02879999950528145
1586,0.0009011380075777823,6.467528060016137e-05,1.4066879749298096,0.5404180288314819,0.007482008414632318,0.0023161786096410064,0.016765619048339772,0.0022773063522142714,0.013549521565437317,0.003501536324620247,0.000981210032477975,0.008892999961972237,0.013259999454021454
1587,0.0008148680210671691,7.199266897693759e-05,1.2400895357131958,0.6450599133968353,0.01791210099121049,0.005000858371435428,0.028690613171176143,0.005854088618238508,0.014267392456531525,0.0035839243791997433,0.0008680099854245782,0.012431000359356403,0.03707199916243553
1588,0.0008489453577782891,6.9033274053161e-05,0.7064118981361389,0.6269553229212761,0.008077449401708507,0.0030669868225938566,0.021647933053539452,0.003254043075050837,0.013781223446130753,0.0034856218844652176,0.0008994099916890264,0.006829999852925539,0.02485099993646145
1589,0.0006863636717540462,6.897823152140684e-05,0.9589649438858032,0.693252831697464,0.0048151523756714,0.004521441016001183,0.03074406283547436,0.004867512531605162,0.011578931473195553,0.0026591094210743904,0.0006561100017279387,0.007805999834090471,0.026562999933958054
1590,0.0007534161104479411,6.477403506591575e-05,1.6408182382583618,0.4035157561302185,0.008619087362817754,0.003692997272701945,0.03119140987026071,0.00424563047170768,0.016394034028053284,0.003019377589225769,0.0007493100129067898,0.00661499984562397,0.028868000954389572
1591,0.0010402660894481234,7.373498046830067e-05,0.879225492477417,0.6465497612953186,0.01359366813658038,0.0036439496500389997,0.028397732738402518,0.004497210960720963,0.016378063708543777,0.0030204500071704388,0.0012502099853008986,0.0098860003054142,0.036247000098228455
1592,0.0007718280391638178,7.659009641412031e-05,1.4322630167007446,0.5701353549957275,0.008079178983600648,0.007252320036281816,0.038423864724800465,0.008304260408582077,0.012419427745044231,0.0033556977286934853,0.0006938099977560341,0.01401199959218502,0.030945999547839165
1593,0.0006886769641640286,5.8721784097683235e-05,1.472011685371399,0.5284807085990906,0.0028380519066859727,0.002250706407365373,0.015691265416440857,0.0018789908563565764,0.013113034889101982,0.0033743795938789845,0.0006809100159443915,0.0055740000680089,0.012811999768018723
1594,0.0005507347473710544,5.940379834180236e-05,1.050501823425293,0.687457337975502,0.0067527867051612855,0.0021642097263872085,0.014969535693855016,0.0020250085753747886,0.013951611705124378,0.0035019218921661377,0.00048750999849289656,0.006314000114798546,0.015267999842762947
1595,0.0006403135167238887,5.4582791816554016e-05,1.391215205192566,0.5755456984043121,0.006608257477023051,0.0010821520807022967,0.006547267214803932,0.0008791217356454916,0.015251382254064083,0.0034651835449039936,0.0007126100244931877,0.007495000027120113,0.005212999880313873
1596,0.000636191924266994,7.553446691384937e-05,1.3196747303009033,0.6496568322181702,0.007874739232020709,0.0067440358006513,0.03746885201937054,0.007225749583993902,0.012723748572170734,0.0036223907954990864,0.0006887100171297789,0.008045000024139881,0.03563399985432625
1597,0.0032256759705979643,0.00013054223692739197,0.9928076267242432,0.5599317699670792,0.05584542253861818,0.010548298564798678,0.048895788053156655,0.01740347239249114,0.014314169064164162,0.0033365702256560326,0.003825309919193387,0.05140699818730354,0.04131300002336502
1598,0.0010827150877632317,8.427694609348198e-05,0.9565377235412598,0.6675290763378143,0.0002808977865131675,0.0029715874187168675,0.07322048588660762,0.008543922557624914,0.015210617333650589,0.0018756571225821972,0.0011931100161746144,0.016062000766396523,0.0504240021109581
1599,0.0026149580918873147,0.00013876254384275963,1.582719087600708,0.4276767373085022,0.07032497010152378,0.016816189353364732,0.068903054963944,0.023897611211066646,0.014932735823094845,0.00329386442899704,0.00288570998236537,0.057962000370025635,0.06349799782037735
1600,0.0008433132279367687,6.537134492922683e-05,1.1376919746398926,0.6367513686418533,0.006280774632775796,0.0020749387562008135,0.015726347043750012,0.0020498162491640456,0.014562008902430534,0.0034932116977870464,0.0008769099949859083,0.004989999812096357,0.016439000144600868
1601,0.0005733253640253057,5.7966977959446775e-05,1.3827435970306396,0.5875070095062256,0.0008619390196843715,0.0018204325536248372,0.017674867890395633,0.0017391312353980982,0.011909328401088715,0.00272211991250515,0.00053140998352319,0.0061980001628398895,0.0122079998254776
1602,0.0005602386045778389,5.711350988466896e-05,1.1756482124328613,0.675654724240303,0.007362658779706079,0.001930080146765109,0.01293182695234159,0.0017257987419520664,0.014653068035840988,0.0035145115107297897,0.0005990099743939936,0.006996000185608864,0.013218000531196594
1603,0.000980317743325711,6.986235239618728e-05,1.208701491355896,0.6173425018787384,0.005954307989866322,0.002587720476589097,0.019492445482623483,0.002781614752198281,0.012710575014352798,0.003200369421392679,0.0010885100346058607,0.007234999909996986,0.016610000282526016
1604,0.0005163475532344227,6.721646228706295e-05,1.2511224746704102,0.6567408442497253,0.0020805649423369173,0.003752875665157798,0.03146814629326514,0.004191508638425061,0.011790165677666664,0.0027985842898488045,0.00046750999172218144,0.00749000022187829,0.025405999273061752
1605,0.0008370105319953415,7.419375570706725e-05,1.4112298488616943,0.5742988884449005,0.0010925508469190126,0.0035614981431702514,0.03507574234441402,0.004685014286071194,0.011742019094526768,0.0027509741485118866,0.0008826099801808596,0.008511999621987343,0.028374001383781433
1606,0.0036294667734382935,0.00025238357549759805,0.6994245648384094,0.5933184325695038,0.1362869430579419,0.039790060633747654,0.13062601551722838,0.07114355407728007,0.015877095982432365,0.002911781892180443,0.0046011097729206085,0.10400000214576721,0.1616159975528717
1607,0.0002647314556820345,4.51226378230145e-05,1.3591948747634888,0.6393814384937286,0.0005609895520248805,0.0012501859088127733,0.011887424885374412,0.0010193085696310498,0.012189344502985477,0.002843697089701891,0.00016485000378452241,0.002761000068858266,0.009463000111281872
1608,0.0007998876012267262,6.253846256495775e-05,1.2053903341293335,0.5935929417610168,0.003112449488717847,0.0010917975435139975,0.00846463066015563,0.0009081817342103029,0.013943124562501907,0.0035581742413342,0.0007986099808476865,0.004135999828577042,0.006334000267088413
1609,0.001477632357811506,9.59404337972636e-05,1.299282193183899,0.6078500747680664,0.0638659301008245,0.012267998388958468,0.026816535055677135,0.014135780405058812,0.01523627806454897,0.0034996853210031986,0.001926110009662807,0.03820599988102913,0.047026000916957855
1610,0.0009816878142759977,6.247644525397573e-05,1.4111599922180176,0.48389095067977905,0.004845514836467799,0.0009516310040042686,0.007795342704401424,0.0008146381504378877,0.016695642843842506,0.0031473408453166485,0.0010810099774971604,0.00585100008174777,0.005309999920427799
1611,0.0005831623922034267,8.261460780290003e-05,0.5148333311080933,0.5774178393185139,0.00022926775556240557,0.0025278337941213734,0.04964541000642203,0.004882842142244152,0.012224379926919937,0.0019753165543079376,0.0005779099883511662,0.007511999923735857,0.04377099871635437
1612,0.00045955530091038027,6.591287993493937e-05,0.6833381652832031,0.6568723171949387,0.007975347422513355,0.0038274846822345518,0.024447314430172156,0.003960448407562437,0.01166331022977829,0.0026537375524640083,0.00046050999662838876,0.01184799987822771,0.0208280012011528
1613,0.000807706362241647,7.189656220504099e-05,1.028270959854126,0.6667384803295135,0.005321921897285162,0.004197407600767232,0.026289937442169252,0.004299582857999928,0.012830550782382488,0.0034864884801208973,0.0009218099876306951,0.006436000112444162,0.02588599920272827
1614,0.0004538440067873553,6.869452828388119e-05,1.1760156154632568,0.6836679577827454,0.0031717583839171097,0.004245316264823502,0.038613925189224345,0.004900274158417962,0.014506444334983826,0.0031967563554644585,0.00038921000668779016,0.007805999834090471,0.032868001610040665
1615,0.0012404269292825855,0.00011253786465898375,0.8821455240249634,0.7038864195346832,0.007914929242721433,0.011329156800988843,0.07329999753516188,0.019014383983962525,0.011522267945110798,0.0025124005042016506,0.0013995099579915404,0.023243999108672142,0.056547001004219055
1616,0.0005778134581068419,6.426581265971061e-05,1.0988117456436157,0.6949097961187363,0.00022761561533451888,0.0016247723028575717,0.024726484215765135,0.0022288961287974147,0.012020216323435307,0.00213352357968688,0.0006814100197516382,0.008363000117242336,0.01910100132226944
1617,0.0008940035530931235,6.374393546604832e-05,1.5076332092285156,0.47628358006477356,0.0009773568854003461,0.0016980120227445628,0.017015818415109792,0.001673133885799958,0.013118548318743706,0.003392706159502268,0.0008870100136846304,0.004689000081270933,0.01305100042372942
1618,0.00045022415635562305,5.318717262819451e-05,1.254927635192871,0.6471607387065887,0.0072728452947202205,0.0018158782790510908,0.01263176487258587,0.0016282537930241469,0.015421806834638119,0.003430010750889778,0.00043030999950133264,0.00698000006377697,0.011781999841332436
1619,0.0008316908610733589,7.076098115467412e-05,0.9026502966880798,0.6623560041189194,0.004537000204361997,0.003618188728815214,0.02337670172787577,0.0036111917375641883,0.01229382399469614,0.00322664063423872,0.0007921099895611405,0.00901500042527914,0.017539000138640404
1620,0.0004459819319963183,5.56872513102765e-05,0.7289800047874451,0.6702480763196945,0.0009454433871948174,0.0016733407263686622,0.015499629830076942,0.0014302745581605218,0.011986817233264446,0.00290736835449934,0.00043531000846996903,0.00380899989977479,0.013124000281095505
1621,0.0006223602864587518,5.253235971321743e-05,1.6860623359680176,0.35831570625305176,0.0028741816581091227,0.0022652092937880896,0.015830816051382816,0.001741078774354963,0.014529399573802948,0.003688930068165064,0.0006492100073955953,0.00661499984562397,0.009487999603152275
1622,0.00038149730149391865,5.741386886100734e-05,0.9806979894638062,0.705133929848671,0.0005819931197356507,0.002004273837062432,0.021652954736615878,0.002119187406432606,0.011475007981061935,0.0022472753189504147,0.00033000000985339284,0.007559000048786402,0.013642000034451485
1623,0.0008187076582764466,7.646106695535028e-05,0.9352247714996338,0.6890290081501007,0.0008148425227734571,0.003399347686714033,0.04237623830294537,0.005555436227335342,0.01101308036595583,0.001449601724743843,0.001002209959551692,0.008836999535560608,0.03704099729657173
1624,0.0006065501526809083,5.7450424514049686e-05,0.692524790763855,0.5932095050811768,0.001804315044444783,0.00041662955423725425,0.0022030797282238225,0.00030150261231631943,0.013506397604942322,0.0034030256792902946,0.00049591000424698,0.0020179999992251396,0.0016119999345391989
1625,0.0006151600356105981,6.547814696725493e-05,1.0895510911941528,0.6867367923259735,0.0033481144912665788,0.003633092252267977,0.02467779361487127,0.003503499240495433,0.011760580353438854,0.0030227345414459705,0.0004905100213363767,0.00712599977850914,0.019354000687599182
1626,0.0009585306548004489,6.941374743020653e-05,0.664964497089386,0.5988192856311798,0.012142960947800258,0.002762745084311162,0.016749179612073707,0.002827434995827084,0.013401706703007221,0.0034849047660827637,0.0009398100082762539,0.0107810003682971,0.018904998898506165
1627,0.002375017733797276,0.0001755870158565325,1.5613393783569336,0.49246546626091003,0.03081169914694819,0.03242332826503047,0.15619165095735144,0.05856776771065772,0.012561085633933544,0.002004088833928108,0.0024417100939899683,0.04052799940109253,0.11149699985980988
1628,0.0018031990610605142,0.00014277480635887347,1.2866390943527222,0.6352149546146393,0.0003199902371637,0.007799081213321319,0.29361594490636106,0.05202200234948173,0.015850868076086044,0.0017221416346728802,0.002015710109844804,0.0668879970908165,0.08624299615621567
1629,0.0007877718388568925,5.961963059714385e-05,0.3642728626728058,0.41393106430768967,0.003042194383607951,0.0015261160688478654,0.011160559850625838,0.0012524849469103712,0.012789996340870857,0.0033909669145941734,0.0006724100094288588,0.005166000220924616,0.008833000436425209
1630,0.00045406630377738697,7.180910803547427e-05,1.3491710424423218,0.6390621066093445,0.0012097668590148407,0.00405209867577484,0.044806260188026345,0.005360404411220595,0.01341189630329609,0.0028035216964781284,0.00043270998867228627,0.009996999986469746,0.03489300236105919
1631,0.0007582996417865483,6.410932235415072e-05,1.2610423564910889,0.6200584173202515,0.0035157704194997232,0.002838781970462531,0.01800976579822225,0.0024641942920900894,0.013038069941103458,0.003556478302925825,0.000752609979826957,0.004379000049084425,0.015505000948905945
1632,0.0010815530889866497,9.181206475546676e-05,1.4109210968017578,0.5687074363231659,0.008422689713383185,0.0074474238605884,0.05013964396944865,0.009747827879252234,0.014270919375121593,0.003378025721758604,0.0012480099685490131,0.011347999796271324,0.04358300194144249
1633,0.0002955293407633444,4.483411259675291e-05,1.444999098777771,0.578368604183197,0.006134808735392242,0.0011814003042163444,0.007245889158000791,0.0009601274271224753,0.015023654326796532,0.003469702787697315,0.00020496000070124865,0.004251000005751848,0.008054999634623528
1634,0.0006932618818381212,6.773337088149636e-05,0.9178417325019836,0.6671270430088043,0.0036876368166924357,0.003357892101736598,0.021786176554977516,0.003084075522289129,0.012534759938716888,0.003339228220283985,0.0006184100056998432,0.007637999951839447,0.016394998878240585
1635,0.0012366118942772303,7.305968447619902e-05,1.3461952209472656,0.5309435427188873,0.008802684281433971,0.002628860069762576,0.02059882912681571,0.0030498791760695393,0.014407956041395664,0.003369719721376896,0.0013401099713519216,0.008553000167012215,0.01807600073516369
1636,0.0009269753707971876,7.399491531999555e-05,0.9460374712944031,0.6681908518075943,0.01689723437515743,0.0044605930375076685,0.026291626113561582,0.005254942236158864,0.014017202891409397,0.003422836773097515,0.0010560100199654698,0.013755000196397305,0.029621999710798264
1637,0.0013576615516770277,9.728095475531164e-05,1.2565127611160278,0.6157954633235931,0.022033712236674847,0.0089096307686882,0.06710248381168876,0.014569788018368907,0.01596151664853096,0.0030084997415542603,0.0015429100021719933,0.016800999641418457,0.07833699882030487
1638,0.004862123553350148,0.00017126152851468495,0.17856457829475403,0.2215743623673916,0.09820912833207675,0.022734903639850486,0.06333424579733885,0.033905964665027474,0.01196838915348053,0.0027354182675480843,0.005667009856551886,0.07550399750471115,0.10505199432373047
1639,0.0002529458360273097,4.536617219562813e-05,1.091749668121338,0.6945421248674393,0.000919194205747831,0.0013145365087536827,0.010557158778309568,0.0009515388993400131,0.01233645249158144,0.0032185418531298637,0.00019849000091198832,0.001979999942705035,0.008801000192761421
1640,0.0006008194484965476,5.509900607978974e-05,1.3313790559768677,0.6060025095939636,0.00349182280088672,0.0012776459688776725,0.010537116153544007,0.0010420499300455013,0.015951240435242653,0.0033564064651727676,0.0005773099837824702,0.004511999897658825,0.007767000235617161
1641,0.0009388318698688149,6.808655311920438e-05,0.8609810471534729,0.6174537688493729,0.005606865898855705,0.001373824172184917,0.009859128990036005,0.0012391351753589172,0.013483976945281029,0.003263668157160282,0.0010066099930554628,0.006246000062674284,0.00839499942958355
1642,0.0006304725262395129,5.925185286699959e-05,0.8681585788726807,0.6541985124349594,0.003409281552220114,0.0009962317081905884,0.007594507255730456,0.0007891243048866558,0.015442837961018085,0.003501642495393753,0.0004873099969699979,0.003003000048920512,0.006473000161349773
1643,0.0006476602545080429,6.244463559427826e-05,0.901984453201294,0.6718029379844666,0.001279970343504363,0.0022232003131618,0.019719093519238846,0.002262760187053998,0.011481097899377346,0.0025993920862674713,0.000643210019916296,0.00673400005325675,0.015165000222623348
1644,0.0011238936608071344,7.799563351810069e-05,1.1647634506225586,0.6382491141557693,0.0019788068635160764,0.00364941795870319,0.034542891490824935,0.005435361090992564,0.011256953701376915,0.002188808750361204,0.0011379099451005459,0.008363000117242336,0.028637999668717384
1645,0.0009136887204503058,7.335413926606415e-05,1.0217400789260864,0.6682085543870926,0.007187441070492836,0.0033460328914919923,0.025600962434189797,0.0036935108665972667,0.015052735805511475,0.0035289935767650604,0.0008794100140221417,0.00940100010484457,0.025008000433444977
1646,0.0020365456874718523,0.00011232899791127334,0.5923980474472046,0.5716867297887802,0.03679816628622879,0.010637985381701529,0.05052654273218922,0.016465280446478096,0.012687595561146736,0.003220229409635067,0.002298709936439991,0.034446001052856445,0.053943999111652374
1647,0.0037577183932961996,0.00026662293304781045,0.8646711707115173,0.6618946045637131,0.11935870817499783,0.04871927016029227,0.11524532974941643,0.08353698759213764,0.012051939032971859,0.002905797678977251,0.004411410074681044,0.08177900314331055,0.12129899859428406
1648,0.0006714663008204902,6.350764533089064e-05,1.2775511741638184,0.6297685503959656,0.006894096737779921,0.0028712515637852997,0.02011054691257383,0.002918535993358364,0.013229547068476677,0.0034891371615231037,0.000718910014256835,0.0075079998932778835,0.017638999968767166
1649,0.0010525599416727456,0.00010397878435121154,1.2029621601104736,0.6757370978593826,0.005712790991997502,0.010346951519070334,0.07211085353725984,0.016863246614999862,0.01182121317833662,0.0024520563893020153,0.0013860099716112018,0.019361000508069992,0.05960199981927872
1650,0.001105940314247972,0.00011527768597814376,1.0189764499664307,0.698026105761528,0.0005878975535076077,0.006393994782678561,0.1035539430488534,0.01659774754124243,0.011691746301949024,0.0016157394275069237,0.001148910028859973,0.02447899989783764,0.0733259990811348
1651,0.0006105956795001442,6.1487127385123e-05,0.6905577778816223,0.624241478741169,0.0018893486725256284,0.0020498697511897005,0.015595437939746954,0.0016834349682154403,0.013118977658450603,0.0035277833230793476,0.0005493100034072995,0.004085000138729811,0.013540999963879585
1652,0.000895495323232826,6.630080067366006e-05,0.37539002299308777,0.4128446504473686,0.00017304295965162817,0.0010635405701403895,0.022392977418892047,0.0016618555414472224,0.011017740704119205,0.0012527881190180779,0.001008410006761551,0.00661499984562397,0.018031001091003418
1653,0.0008924402853815403,0.00010339566516056128,1.4645419120788574,0.5683911442756653,0.008086562695023876,0.01277368140513654,0.09534883698611937,0.021373281424779726,0.014289116486907005,0.002944610547274351,0.000983310048468411,0.024596000090241432,0.0688060000538826
1654,0.000813648129265069,6.055520268092397e-05,1.4817043542861938,0.5194420516490936,0.0071572250417470465,0.0020271609814143474,0.014776822467914428,0.0019004525213213623,0.014794103801250458,0.0035955035127699375,0.0009434099774807692,0.007569999899715185,0.014169000089168549
1655,0.002515885047355074,0.00018288444489516858,0.9705588221549988,0.7058998346328735,0.01564236587028901,0.014569078906944116,0.0920269671552333,0.032206511896764295,0.01178609300404787,0.002151095774024725,0.0028393100947141647,0.030472999438643456,0.07994599640369415
1656,0.0006538872692248104,6.33510220672397e-05,1.025617241859436,0.6674323678016663,0.0004906774920654737,0.001565531816498133,0.017418305264990865,0.0016342973457691458,0.012186676263809204,0.002848018892109394,0.0006723100086674094,0.003727999981492758,0.014807000756263733
1657,0.0006891372281608348,5.76754609807748e-05,0.3434979021549225,0.4051459953188896,0.006237500116047692,0.0014220964226258552,0.009311356951862491,0.0011951529060185845,0.012762696482241154,0.0034299776889383793,0.0006436100229620934,0.006951000075787306,0.008818000555038452
1658,0.001131671748810122,6.985903238470399e-05,1.250934362411499,0.5634850859642029,0.006773496817055968,0.0018595052873910914,0.014232570955044392,0.001984831732720153,0.012566550634801388,0.0031091351993381977,0.0011669100495055318,0.007720999885350466,0.013307999819517136
1659,0.0008958842697505996,6.0344457826532047e-05,1.5100131034851074,0.47371435165405273,0.006615048568605934,0.0016718748643617773,0.013135138836852554,0.0015396887026439352,0.015136064030230045,0.003372590523213148,0.000940710015129298,0.008218999952077866,0.009084000252187252
1660,0.0018346879241247596,0.00012024673744925548,1.4161932468414307,0.5930472016334534,0.00680524897696791,0.009178539208086669,0.07797949343408121,0.018707217814495615,0.01112731359899044,0.0015538698062300682,0.0017921100370585918,0.01669899933040142,0.06092100217938423
1661,0.0005101337300867155,5.514673737787228e-05,1.4759860038757324,0.5568085014820099,0.004233280404619349,0.002902738033708016,0.018014304495875717,0.002370497358338228,0.01442905142903328,0.003613415639847517,0.0005130100180394948,0.005255000200122595,0.01600399985909462
1662,0.0010304743943983323,7.588821863714076e-05,1.5247482061386108,0.48293614387512207,0.002235336054348366,0.00353578987762804,0.038299170527799686,0.004680692855377842,0.014322283677756786,0.0028773448430001736,0.00110191002022475,0.005903000012040138,0.033730000257492065
1663,0.0009070517484556379,6.0523492333366393e-05,1.502699613571167,0.4748488962650299,0.006130724854949888,0.0014048865038550863,0.011554383105570769,0.0013034542092386229,0.015835022553801537,0.003287117462605238,0.0011048100423067808,0.006314000114798546,0.010215999558568
1664,0.0015755364858075572,9.606398210005684e-05,0.6902916431427002,0.6240246221423149,0.05900331434861748,0.013803328146426309,0.024765296483597207,0.016471683014737573,0.013524443842470646,0.0036131832748651505,0.0018018099945038557,0.036125000566244125,0.06508299708366394
1665,0.0009322793820640989,6.898855802848174e-05,1.1295838356018066,0.626906231045723,0.007309188970718222,0.002557185016664871,0.01980168495176314,0.002773308573411161,0.01481247041374445,0.003351626917719841,0.0010600100504234433,0.008473999798297882,0.016527000814676285
1666,0.0007258693195691758,6.399182638338501e-05,1.148417592048645,0.6491269767284393,0.007054750437002003,0.0023925021939791005,0.017772556310134902,0.002344615722443268,0.014833236113190651,0.0035733054392039776,0.0007628099992871284,0.007579000201076269,0.019183000549674034
1667,0.0003524431708894776,4.8966384443546935e-05,1.1272987127304077,0.6826488226652145,0.000567488146728361,0.00108952630806681,0.01024373254691774,0.0008378756038887932,0.012496520765125751,0.0031465431675314903,0.00020758000027853996,0.0023880000226199627,0.009173000231385231
1668,0.0018137586329754164,0.00010614451657779754,1.2804615497589111,0.5751864314079285,0.02711149028616512,0.00858971288464388,0.056022430325451164,0.0135623011059126,0.01469532772898674,0.003259500488638878,0.0020673100370913744,0.02211499959230423,0.04834199696779251
1669,0.0009940329044759195,7.415125300590253e-05,0.7449312210083008,0.6177676990628242,0.006518672385694821,0.0036841148470625586,0.02534793501185634,0.004075551723062586,0.013497223146259785,0.0034772376529872417,0.0010981099912896752,0.009328999556601048,0.022902999073266983
1670,0.0004718498336828756,6.062853145351969e-05,1.306056022644043,0.6290972530841827,0.0004423847156044934,0.0018321537797864678,0.021948099877253213,0.0019445072619176454,0.012750701978802681,0.002925093751400709,0.0005517100216820836,0.0061980001628398895,0.01634399965405464
1671,0.0007418836796345529,5.4386380768745924e-05,1.7078416347503662,0.3342956304550171,0.0071287012725422556,0.00184894298501992,0.01616563957657313,0.0017372134703040488,0.01640358194708824,0.003045035060495138,0.0007064099772833288,0.00661499984562397,0.012954000383615494
1672,0.0012367660082874753,8.619555066780808e-05,1.3930013179779053,0.5562775731086731,0.0027314995214834624,0.00392001376518686,0.03708386731716153,0.005375436482160444,0.01322898268699646,0.0032408833503723145,0.001273410045541823,0.007579000201076269,0.0338749997317791
1673,0.0031160243683169024,0.00019246327006805465,0.6056548357009888,0.5997501388192177,0.06372160679401678,0.027509410893244,0.10238599491428778,0.04897292024030413,0.012341116555035114,0.002658763900399208,0.0035944099072366953,0.054917000234127045,0.11001600325107574
1674,0.0006559826991708256,5.954238507336544e-05,1.1728034019470215,0.6341102868318558,0.0019339038983008242,0.0008594045296908816,0.006464496663692221,0.000661910625084962,0.013277254067361355,0.003350101411342621,0.0006312099867500365,0.0029299999587237835,0.005237000063061714
1675,0.0009515705660382421,5.818415082279845e-05,1.6759370565414429,0.3517279028892517,0.006986911619528722,0.001859890321753716,0.014738052645730722,0.001706795788807401,0.015232162550091743,0.003460946027189493,0.000975609989836812,0.0065299998968839645,0.012088999152183533
1676,0.0022504279836056598,0.00015204439636384588,0.7647781372070312,0.6435635089874268,0.0060556698460143485,0.014294265587375786,0.15053327514653655,0.03680975051160834,0.014067253097891808,0.0019673220813274384,0.0026043099351227283,0.03295699879527092,0.10398499667644501
1677,0.00042319652349611704,4.747818678414064e-05,1.45747971534729,0.5587365329265594,0.002061078549600478,0.001505993260700438,0.009756473292205184,0.0010399729193300272,0.013766692951321602,0.0037069800309836864,0.0003495799901429564,0.0025480000767856836,0.009174000471830368
1678,0.0008603945049293621,6.560251342228765e-05,1.4032691717147827,0.5526143908500671,0.006873372573627311,0.0025108948070851752,0.018486198432176065,0.0025143472029180696,0.01437207218259573,0.003631784114986658,0.000864110013935715,0.00761700002476573,0.017684001475572586
1679,0.001907781114822269,0.00010738756534515808,1.356600046157837,0.5315914452075958,0.008347363388970328,0.006013158753883575,0.04266154627573473,0.009559913292146238,0.012774588540196419,0.0032135043293237686,0.0020381100475788116,0.013810000382363796,0.03477200120687485
1680,0.004171820033865241,0.000176517229285824,1.2043219804763794,0.5307620763778687,0.0700641247049891,0.017788519402463177,0.1234886552601198,0.04041567923188676,0.015756044536828995,0.0024450477212667465,0.004878010135143995,0.060283999890089035,0.09533499926328659
1681,0.0004999086897699895,5.121317561715966e-05,1.286334753036499,0.6271105408668518,0.003676844180338,0.0010224904697310757,0.007120112387724952,0.0007958839337753854,0.014058254659175873,0.0034987572580575943,0.00035849001142196357,0.0034829999785870314,0.006467000115662813
1682,0.0008133127448880917,6.668311902014595e-05,1.6047526597976685,0.4339486360549927,0.0002630843213754859,0.001759440861492488,0.030978278278590576,0.002553211843524401,0.01391487568616867,0.0022861426696181297,0.0008742099744267762,0.0055740000680089,0.02497199922800064
1683,0.0010967225161400826,7.147212677236067e-05,0.6294523477554321,0.55692920088768,0.003045511341110827,0.002683363833357351,0.0194037125116412,0.002632167878367203,0.011797684244811535,0.0030190707184374332,0.0011118099791929126,0.007946000434458256,0.015692999586462975
1684,0.0003463745805550811,5.5594429685600614e-05,0.942243218421936,0.7040494531393051,0.007808135997393322,0.0022997281258888237,0.014068285145249585,0.002060494945835491,0.013934355229139328,0.0035889907740056515,0.0002462299889884889,0.00661499984562397,0.011622000485658646
1685,0.0006099105714616485,6.10226053603185e-05,0.7708896398544312,0.6543165221810341,0.006806500631700471,0.002136189286046337,0.014168497416458663,0.0019408470726706723,0.013236263766884804,0.003430615644901991,0.0006729100132361054,0.007234999909996986,0.014094000682234764
1686,0.0011131962420572973,6.84490633320778e-05,1.5818126201629639,0.430447518825531,0.01345892334782965,0.0034429053694927008,0.03323111652730628,0.004524859041328174,0.01708322949707508,0.0025671771727502346,0.0013263099826872349,0.016704000532627106,0.027573999017477036
1687,0.0013163248179048359,8.391471508563213e-05,1.0278950929641724,0.6293202638626099,0.011179971457814816,0.004505842071074696,0.031980899919270764,0.006088761366357467,0.013512935489416122,0.003437114879488945,0.0015749100130051374,0.01858000084757805,0.028220999985933304
1688,0.0018824513808023008,0.0001173539805494943,1.0622568130493164,0.6425223499536514,0.03149436392014406,0.00990350885126632,0.056788082180422216,0.01703593633064593,0.013624931685626507,0.0033686822280287743,0.0021712100133299828,0.02634499967098236,0.0607369989156723
1689,0.0005791482204942005,6.189341158268339e-05,1.095705270767212,0.6834926009178162,0.004249159671797972,0.0027282708232418567,0.018865979139701453,0.0024774878093246373,0.013236121274530888,0.0035498193465173244,0.0005651100073009729,0.006895000115036964,0.012942000292241573
1690,0.0011267657298360077,5.742300302408296e-05,1.748597264289856,0.2813470959663391,0.01193866908141592,0.0017541485242057661,0.012606482478093184,0.0016624444341184893,0.01585870236158371,0.0032226373441517353,0.0011518100509420037,0.012090999633073807,0.009296000003814697
1691,0.0016625451888252019,0.00010825461929032248,1.6238319873809814,0.40001237392425537,0.011967183832170419,0.007400774368345677,0.04986924839576968,0.009991119851453848,0.014714125543832779,0.003476313780993223,0.0018725099507719278,0.014252999797463417,0.04080500081181526
1692,0.0008075640389253758,6.42615202621106e-05,0.634070098400116,0.580584816634655,0.004610958141137905,0.001533350554981566,0.011336951489314987,0.0013057878179050355,0.013769928365945816,0.0035983012057840824,0.0007684099837206304,0.006051999982446432,0.009944000281393528
1693,0.001200976558547846,7.942511350831781e-05,1.5701241493225098,0.4373442530632019,0.007100454893593343,0.004163019432126395,0.030342142700542352,0.004766873281006421,0.014192778617143631,0.0034996443428099155,0.0013398099690675735,0.009171999990940094,0.022897999733686447
1694,0.0019089429595335757,9.84642800067445e-05,1.0197831392288208,0.6089524030685425,0.02247451313320356,0.006658149973361433,0.04303816964981754,0.01086743611956887,0.013655100017786026,0.0033277892507612705,0.002388410037383437,0.023243999108672142,0.0435509979724884
1695,0.0009104346565738173,6.630881069207305e-05,0.7736936807632446,0.5910573899745941,0.005389000886086239,0.0010646272976574697,0.007625953942787494,0.0008879929329523545,0.01573179103434086,0.0034841480664908886,0.0008406100096181035,0.005166000220924616,0.007594000082463026
1696,0.00023210475219180235,4.97055435666895e-05,0.8306483030319214,0.7013864517211914,0.004091979692733261,0.001595209559714947,0.010864656182229307,0.0012984566835878815,0.013865146785974503,0.0035791900008916855,0.00017241999739781022,0.006314000114798546,0.007792999967932701
1697,0.0011933050280955352,6.566583979782526e-05,1.5323562622070312,0.42783498764038086,0.008992823002661916,0.0018870218911972332,0.015362568517161898,0.0019222110393660313,0.015797119587659836,0.0031644199043512344,0.0013204100541770458,0.007511999923735857,0.015866000205278397
1698,0.0013952158438106255,7.742990122368342e-05,0.5126376748085022,0.4951794445514679,0.02258681599403882,0.004242868345515604,0.022027036230447085,0.004885880903122038,0.013520486652851105,0.003471778240054846,0.0016856100410223007,0.025112999603152275,0.022696999832987785
1699,0.0008802375007545758,7.304417684789264e-05,1.2041298151016235,0.623018890619278,0.0038396547296014336,0.0038254339422742955,0.026722305354407346,0.004041673152402456,0.013105189427733421,0.0035131340846419334,0.0009672099840827286,0.0081599997356534,0.021074000746011734
1700,0.00039782699745802877,6.0160650294453614e-05,0.6696109771728516,0.668286494910717,0.012224498173873836,0.002907148474351697,0.016080270292076593,0.0028480276325378003,0.014097914099693298,0.0036065992899239063,0.00028577999910339713,0.013810000382363796,0.013294999487698078
1701,0.0011344864634733622,6.416700683566155e-05,1.7401492595672607,0.2948058843612671,0.019714882900096653,0.0029510182032526713,0.02230628751409825,0.0033451169151721815,0.01691308245062828,0.002759964670985937,0.0012413100339472294,0.02115900069475174,0.014810999855399132
1702,0.002602425658116688,0.00012474055532353664,0.9686194658279419,0.6040970981121063,0.03353548480423655,0.008210285997816738,0.05062663728791152,0.01590862628406868,0.01308520045131445,0.0032617361284792423,0.003083009971305728,0.03717700019478798,0.03377699851989746
1703,0.0007484892411445299,6.26016528600075e-05,0.9144701957702637,0.6376960873603821,0.0047027907126434305,0.001228414235620196,0.009693406405907328,0.0010530958773665652,0.015693828463554382,0.0033969576470553875,0.0006540099857375026,0.005818000063300133,0.00587099976837635
1704,0.0007473728240851985,6.262440867912196e-05,1.645062804222107,0.4125458002090454,0.002388356777666092,0.0029875541008715094,0.02374537319188594,0.0028655339842419206,0.012870248407125473,0.003297546412795782,0.0007959100184962153,0.006310999859124422,0.01893400028347969
1705,0.0003344242133969118,5.6339461505882233e-05,0.9542670249938965,0.7107121050357819,0.006968956951768692,0.0026849777156801287,0.016820495316353202,0.0025296797571758498,0.014212596230208874,0.003556732088327408,0.00020470000163186342,0.00661499984562397,0.015668001025915146
1706,0.0014021571901097893,0.00012049310880847238,1.1359373331069946,0.6757634580135345,0.014527827995701955,0.01462686198519791,0.10275864037189077,0.02693124276758742,0.014711735770106316,0.0028620613738894463,0.0013939100317656994,0.0332150012254715,0.07595500349998474
1707,0.0014375621476579027,0.0001097785642857048,0.8450550436973572,0.6705867052078247,0.062165276367610885,0.021897532266489907,0.041082129246390424,0.028339787048161966,0.012822560966014862,0.0034518176689743996,0.0017378099728375673,0.04911699891090393,0.061065997928380966
1708,0.0006247071401761137,6.281638744814615e-05,1.225360631942749,0.6563581973314285,0.003918056960625026,0.0030694300404618237,0.019848767531130847,0.002627449910406608,0.014197099953889847,0.003683418035507202,0.0005735100130550563,0.005140000022947788,0.018284998834133148
1709,0.001469559632907484,9.21469902984062e-05,0.7995119690895081,0.623786598443985,0.016812422034143362,0.006252609432941916,0.04033841698990537,0.009177851325234108,0.014582684263586998,0.0034480183385312557,0.0017814099555835128,0.021126000210642815,0.038210999220609665
1710,0.0003371650280029966,5.183072288446398e-05,1.151850700378418,0.6938435286283493,0.005452945473688296,0.0019625753509416267,0.014523031540388696,0.0017478141533385887,0.015385297127068043,0.0035106991417706013,0.00027627000235952437,0.0065299998968839645,0.011670999228954315
1711,0.0006905058407724826,6.730110779113347e-05,0.801389217376709,0.6665543243288994,0.004775202514654952,0.003708741168713239,0.023653369847711075,0.0034742287194272133,0.012819417752325535,0.0033384351991117,0.0007988099823705852,0.007381000090390444,0.021324001252651215
1712,0.0017838889173341628,9.725657948435622e-05,1.25313138961792,0.5736315846443176,0.02244828544374612,0.007280477274456453,0.05470110524053026,0.012244235105083753,0.015429327264428139,0.0030609900131821632,0.0020022098906338215,0.017191000282764435,0.058639999479055405
1713,0.0014725977907399457,0.00012933183152675023,0.595552921295166,0.6047908291220665,0.012222790345312377,0.0147125210730018,0.08654657762217337,0.025236229115561584,0.012531578540802002,0.0026471540331840515,0.0016258100513368845,0.030567999929189682,0.07046899944543839
1714,0.0005848558465979798,6.74766887628378e-05,0.9205774068832397,0.6879624128341675,0.0018793000042041609,0.0028650124917424277,0.026179083895510456,0.002931065492360092,0.013510494492948055,0.003396348562091589,0.000531709985807538,0.003751999931409955,0.02655799873173237
1715,0.0009524229694709219,6.622433055255016e-05,1.3661491870880127,0.5268587470054626,0.002266447826174717,0.002205614127869354,0.016229894783141928,0.001954898538104835,0.01280301809310913,0.003430747427046299,0.0009838100522756577,0.006310999859124422,0.01053600013256073
1716,0.0007966460053215585,6.136254406714157e-05,0.2479899525642395,0.31181679852306843,0.006968417533227509,0.0020269229577201653,0.013926752247473447,0.0018355687482418748,0.012535822577774525,0.0031348969787359238,0.0006765099824406207,0.007290999870747328,0.015008999966084957
1717,0.0043968630484135345,0.00019770417943857548,1.0560952425003052,0.5457491278648376,0.09249204636930083,0.022350417924526945,0.18725570980257866,0.059277625222004665,0.017392316833138466,0.001884006429463625,0.005020710173994303,0.0685420036315918,0.14574100077152252
1718,0.0028642362615393015,0.00032320041840740296,1.5528080463409424,0.46621403098106384,0.23603189885687684,0.06993837776170787,0.08340222284518585,0.10748429078999677,0.015110110864043236,0.003500271588563919,0.002780510112643242,0.09076499938964844,0.1563969999551773
1719,0.00044094423498277084,5.1436204918470756e-05,1.4749691486358643,0.5623579323291779,0.004187795206785167,0.0018108500013845617,0.014212379880903445,0.0015441899622416488,0.01567189209163189,0.003364225849509239,0.00037044999771751463,0.0034630000591278076,0.012117000296711922
1720,0.001253617468730769,0.00010889891032251047,0.8793432712554932,0.6973723620176315,0.013953429963565807,0.013211645608314273,0.06357874397729829,0.020249731044876745,0.012070640921592712,0.002905543427914381,0.0014848100254312158,0.027536999434232712,0.048781998455524445
1721,0.0005303861916095203,6.114478525295233e-05,1.129209280014038,0.6870091259479523,0.008959226326653127,0.002962888079898525,0.019778815322761344,0.0029719665539826474,0.014495249837636948,0.0034831706434488297,0.0005763099761679769,0.005628999788314104,0.021927999332547188
1722,0.0008629612349590804,6.557476261215782e-05,1.27500319480896,0.6090948581695557,0.00010373331452454593,0.0009407351564826664,0.020665577002734366,0.0017229855333393534,0.012745634652674198,0.0019696434028446674,0.0009232099982909858,0.006310999859124422,0.01370100025087595
1723,0.0004285179070354634,5.8893630042449385e-05,0.9832051992416382,0.7069298475980759,0.001418510584001704,0.002592966344546587,0.021185215055299175,0.0025006814944187935,0.011540333740413189,0.00277638528496027,0.0003884999896399677,0.007381000090390444,0.016341999173164368
1724,0.0009289478888571231,7.311403876217765e-05,0.947258710861206,0.6577662229537964,0.013370154387265128,0.003932127601952424,0.026544344836113253,0.004599780452632691,0.015136451460421085,0.003380399663001299,0.0009455099934712052,0.0137339998036623,0.025831999257206917
1725,0.0007522246169025796,6.194562797097783e-05,0.7998442053794861,0.6355152279138565,0.005895257856171149,0.0012792188695876418,0.008579611577062005,0.0010573836428291127,0.014798145741224289,0.003674236126244068,0.0007010099943727255,0.006845000199973583,0.007102999836206436
1726,0.00048543330562914196,5.7650849554614746e-05,1.0702693462371826,0.6897055506706238,0.007875742247434545,0.002324057587712082,0.016198099902963017,0.0022437659351688633,0.014948599971830845,0.003487898036837578,0.00035600000410340726,0.007381000090390444,0.016753999516367912
1727,0.001036172068192006,7.052342729262063e-05,1.2377809286117554,0.5845317244529724,0.006684287518089693,0.0022632608902739813,0.019414980517431627,0.0024698172273391206,0.015754636377096176,0.0032121511176228523,0.0011295099975541234,0.008511999621987343,0.015924999490380287
1728,0.0002062530761323932,4.721767107433139e-05,0.9990845322608948,0.7108766287565231,0.0020121004765761754,0.0018859514296127654,0.01138569457383874,0.0013908368653594277,0.012055877596139908,0.0031435596756637096,0.00021220000053290278,0.00406600022688508,0.009171999990940094
1729,0.0008324994019803236,6.549586161434524e-05,0.8627392649650574,0.6133565753698349,0.0029134811485819374,0.001012573112529168,0.007722294038982026,0.0008508935451391987,0.013205079361796379,0.003352428786456585,0.0009170100092887878,0.005532999988645315,0.004773000255227089
1730,0.0005802238561754922,5.743493706685584e-05,1.1539638042449951,0.6603011190891266,0.0037810726554712354,0.0017688340958114807,0.013221824827288379,0.0015192411782835218,0.01444195955991745,0.0037181624211370945,0.0004918099730275571,0.006006000097841024,0.01002500019967556
1731,0.0016478783356719542,8.843998455043884e-05,1.47734797000885,0.4827667474746704,0.024333988731897637,0.007613528139500178,0.07597340772920784,0.01417379598535292,0.017256105318665504,0.0022636400535702705,0.0020944098941981792,0.023242000490427017,0.07023200392723083
1732,0.000925680641703003,7.185536401428758e-05,1.5467753410339355,0.4753304719924927,0.009626100969728883,0.003913110104201153,0.02901355504829637,0.004260160132332878,0.015480981208384037,0.003554054070264101,0.000975609989836812,0.0078039998188614845,0.029506999999284744
1733,0.0009090083189072699,6.008486454187181e-05,1.6466881036758423,0.3831881880760193,0.00505685555429003,0.001991890696602389,0.015410424188835906,0.0018876200470039758,0.012960648164153099,0.0032667131163179874,0.0010106100235134363,0.006647000089287758,0.014334999956190586
1734,0.001194996382259273,7.426386092347441e-05,0.8880213499069214,0.6329921334981918,0.024522816896247978,0.004131106162657926,0.01989973066688953,0.00447479164084412,0.015119332820177078,0.0034809214994311333,0.0012430100468918681,0.020157000049948692,0.019892999902367592
1735,0.0005860759128676462,9.413353161673407e-05,0.9655811786651611,0.7059410065412521,0.010806776622132985,0.013838230752896783,0.07113523259675106,0.01925680622244594,0.011747783049941063,0.0027034073136746883,0.000580810010433197,0.02459299936890602,0.0459899976849556
1736,0.0016601574499393282,0.0001065727348679693,1.4031531810760498,0.5500521957874298,0.028957145783213435,0.011826256942251107,0.08540478345309854,0.02117647688665921,0.016049135476350784,0.0028089559637010098,0.0021096100099384785,0.025817999616265297,0.08070900291204453
1737,0.0005987749750891948,6.187818018675128e-05,1.279858112335205,0.6441648900508881,0.008767097470443996,0.00278858981631346,0.019494789130354215,0.002771614961840148,0.014612979255616665,0.0035537160001695156,0.0006722100079059601,0.006738999858498573,0.023093998432159424
1738,0.0005333703218746735,5.7328276298363655e-05,0.8046368360519409,0.6751093342900276,0.006810208374553082,0.0016712679950799465,0.01119197684899745,0.0014437976867531874,0.014627054333686829,0.0034940973855555058,0.0005062100244686007,0.007466000039130449,0.009889000095427036
1739,0.0009185969317223222,8.447203850068028e-05,1.0700539350509644,0.6765452176332474,0.0024868450026347385,0.004412601959736192,0.04119043705186505,0.006011547044804302,0.013044686987996101,0.0031993743032217026,0.0009464100003242493,0.010119999758899212,0.03216199949383736
1740,0.0028528871672583735,0.00018106940877666124,1.0748480558395386,0.6672669649124146,0.035817942313307406,0.04126303780298391,0.2915915713405536,0.10687463789727233,0.015801314264535904,0.0019067088142037392,0.003321110038086772,0.07080300152301788,0.2036379873752594
1741,0.000435430052445932,5.5974224718526966e-05,0.7538272738456726,0.6635474488139153,0.0030058843622075885,0.0022799365872783806,0.015234654120744717,0.0017614264220155735,0.013758338987827301,0.0037706224247813225,0.0003667999990284443,0.0046190000139176846,0.012322000227868557
1742,0.0017727420403204598,0.00013254008896208954,1.3592283725738525,0.607681393623352,0.02562898113234862,0.013363832063657387,0.07182061075641585,0.02376305976993944,0.012032908387482166,0.002742940094321966,0.0018951100064441562,0.03763499855995178,0.04410799965262413
1743,0.0009056769488458628,6.688884548811255e-05,1.1881415843963623,0.6170123219490051,0.006801984549293888,0.001862922190978643,0.014259787519290482,0.0018162152600379438,0.015018388628959656,0.0034190681762993336,0.0009290099842473865,0.007234999909996986,0.011553000658750534
1744,0.0007002955433624837,6.33492563305316e-05,0.8628344535827637,0.6574818938970566,0.004773766156276229,0.0024398184569856558,0.016992070663363387,0.0022367621919347465,0.01443057507276535,0.003680206835269928,0.0005279100150801241,0.00661499984562397,0.012246999889612198
1745,0.0006213371650371377,6.0720371800174796e-05,0.8743587732315063,0.6729303896427155,0.008764258288011688,0.002186533844186229,0.013734337865539846,0.0020035160159997062,0.01367228478193283,0.0034901206381618977,0.0007058099727146327,0.00737700005993247,0.014572999440133572
1746,0.0009208498340354821,7.225154780092459e-05,0.680446445941925,0.6090119108557701,0.009901838907806144,0.0037940985063946594,0.023679211526184015,0.0042568394194717665,0.013006191700696945,0.003330997657030821,0.0009967100340873003,0.013292999938130379,0.018851999193429947
1747,0.001426614553606144,8.476868452959375e-05,0.9355280995368958,0.6359155029058456,0.013344049736452623,0.005161808619526971,0.03528994108017265,0.007484967854521149,0.012117883190512657,0.002786516211926937,0.0015365099534392357,0.01648700051009655,0.029798001050949097
1748,0.00041700317383633036,5.202252113781965e-05,1.1819220781326294,0.6796881258487701,0.0056733302145610814,0.00165930018291887,0.011274565758323639,0.0014076348240443263,0.014318021014332771,0.003551826812326908,0.00035335999564267695,0.005140000022947788,0.010966000147163868
1749,0.00035077773895237545,5.797731917336801e-05,1.1191481351852417,0.7021356821060181,0.0023785681199536245,0.003241298250019765,0.0239813371589314,0.0031012056035992844,0.01214434765279293,0.0030799852684140205,0.00021410999761428684,0.00673400005325675,0.01749499887228012
1750,0.0005438861066592958,6.354997373663886e-05,0.926663875579834,0.6924942880868912,0.0035086016843995315,0.0035409532319748338,0.022978109607194725,0.0032706512486849453,0.012278727255761623,0.0033167367801070213,0.0005849099834449589,0.007946000434458256,0.019044999033212662
1751,0.0014024851440632671,8.200040735630964e-05,0.7876104116439819,0.5897455215454102,0.009814959753455903,0.0037759872193676254,0.029574219438127308,0.0050110058529575004,0.015204202383756638,0.0033566290512681007,0.0015047099441289902,0.009213999845087528,0.029952000826597214
1752,0.0008670036874879952,6.218485609393778e-05,1.4110087156295776,0.5307743847370148,0.004658033832749376,0.0017381999774063901,0.013929795487111978,0.0016289426269539943,0.014343942515552044,0.003411967307329178,0.0008379099890589714,0.005923999939113855,0.010507999919354916
1753,0.0008379360193135719,7.248955258181024e-05,0.7209357023239136,0.6413386762142181,0.008975057961538364,0.0042767800554847175,0.02750844991325476,0.0048668604812328285,0.012787368148565292,0.003262138459831476,0.0007656100206077099,0.01145000010728836,0.022931000217795372
1754,0.0007116005431574016,5.678860978747095e-05,1.4942262172698975,0.500791609287262,0.0049274495310564145,0.001356019241478717,0.010200421462581573,0.0011524732303089067,0.014707347378134727,0.0034731621854007244,0.0008804100216366351,0.006314000114798546,0.009266000241041183
1755,0.0008705234483034251,7.149780647975186e-05,1.297424077987671,0.6097598373889923,0.005925703090919157,0.004733377254676822,0.02690738172385363,0.004824327880259056,0.01272039394825697,0.0034528691321611404,0.0007897099712863564,0.00786499958485365,0.02319199964404106
1756,0.0008146792631379438,7.83931578549585e-05,0.7555550336837769,0.6626476123929024,0.006947359349701687,0.00686242863682401,0.038543060994170895,0.007931751971072754,0.011547100730240345,0.002684488892555237,0.000985609949566424,0.011838000267744064,0.0385110005736351
1757,0.0029845232968690886,0.0001833797056449806,0.8241265416145325,0.65078304708004,0.06130203203005477,0.025935624814461176,0.11434452631474529,0.0511295787676013,0.014188161119818687,0.0028814380057156086,0.003262910060584545,0.053442999720573425,0.11233200132846832
1758,0.0002967307254224222,4.331482241537159e-05,1.3813157081604004,0.6123426854610443,0.00205790038695452,0.001360357835566856,0.008943913606780516,0.0009185276768477867,0.01475002896040678,0.003737546969205141,0.0002070500049740076,0.0020179999992251396,0.008143000304698944
1759,0.0004920237696046277,5.485843088009183e-05,1.0919151306152344,0.6770782321691513,0.005220108147451586,0.0017396095468272088,0.011634423728555976,0.0014857665908996603,0.013244830071926117,0.0035269763320684433,0.0003625499957706779,0.0042860000394284725,0.012870999984443188
1760,0.0007320127447369576,6.517919893205503e-05,0.6493686437606812,0.6060410216450691,0.005895112221178183,0.0025648354277254975,0.018198666564981134,0.0025195931805747068,0.012402083724737167,0.0032464605756103992,0.0007312099914997816,0.008255000226199627,0.016327999532222748
1761,0.0004008292392541926,6.616183560302166e-05,1.0586516857147217,0.7125208824872971,0.0025765574428866576,0.004050196730515706,0.03178545109415052,0.004267303516058257,0.013089188374578953,0.003300331998616457,0.00035693999961949885,0.005818000063300133,0.03156200051307678
1762,0.0004131202367029145,5.7392623159861354e-05,1.158451795578003,0.6845186054706573,0.010926402189181858,0.0025038614281257957,0.01495773524541424,0.0023811994325737117,0.014645901508629322,0.003608901519328356,0.00024672001018188894,0.0078039998188614845,0.016690999269485474
1763,0.000777580572465072,5.6679174398707244e-05,1.591478943824768,0.4314352869987488,0.00723846633262856,0.0017441472582292814,0.012789680161934481,0.0015645128546083508,0.01481054536998272,0.0034548104740679264,0.0008140099816955626,0.009336000308394432,0.007523000240325928
1764,0.0010209749421761399,7.412337732768331e-05,0.7100033760070801,0.6291435658931732,0.0005871460420089463,0.002425410601055108,0.03129706875882485,0.0037715771294897157,0.01143517717719078,0.0020207143388688564,0.001115510007366538,0.009332000277936459,0.023159001022577286
1765,0.0006001334490020148,5.77638840368793e-05,0.7016772627830505,0.621053621172905,0.004274615391081579,0.0012002540216619114,0.008556929860643108,0.0009789498412748295,0.013794688507914543,0.0034971623681485653,0.0005510100163519382,0.003386999946087599,0.008673000149428844
1766,0.0007317499756849265,7.08854082273358e-05,1.4274834394454956,0.5687044560909271,0.0009824463761657597,0.0027762075245494713,0.0348993895955577,0.003641744909098051,0.01400719303637743,0.0026613809168338776,0.0007072099833749235,0.007234999909996986,0.02961299940943718
1767,0.0008255643065957379,6.000130935259878e-05,1.4839210510253906,0.49534881114959717,0.005148434206021356,0.0016905290692284883,0.014132180914483906,0.001564679442191832,0.015367837622761726,0.0034007905051112175,0.0009001099970191717,0.0055740000680089,0.012948999181389809
1768,0.000823071302994269,6.353858426517815e-05,0.6866943836212158,0.6018228679895401,0.005780085736506182,0.0016418050482431257,0.011520642694380625,0.0014839658488626124,0.01351768709719181,0.003518329933285713,0.0008583100279793143,0.00737700005993247,0.01003200002014637
1769,0.000861240406526983,6.780577304814936e-05,1.5074162483215332,0.5057892501354218,0.00018353648909252143,0.0014644792865157617,0.04769093120313042,0.004088711319770611,0.01626753620803356,0.001697193831205368,0.0008759099873714149,0.008293000049889088,0.03749299794435501
1770,0.0009020393174656368,8.49668880610615e-05,1.0291306972503662,0.6774725019931793,0.01119006617803829,0.007317040894036057,0.04170140479637243,0.00851809340949548,0.014673995785415173,0.0036493083462119102,0.0009421100257895887,0.013113999739289284,0.03837599977850914
1771,0.0005053980324278026,6.466191880254534e-05,1.16084885597229,0.6805010139942169,0.012992579505211986,0.004052643205005947,0.025596634047259603,0.004341225315483997,0.015134576708078384,0.0035406029783189297,0.0004084100073669106,0.015734000131487846,0.020036999136209488
1772,0.005488326812034748,0.000138905812114998,1.6414463520050049,0.2984403371810913,0.06144940945337484,0.01197969982610897,0.23795515786425378,0.03972735877952169,0.01918209157884121,0.0008037658408284187,0.0059590102173388,0.07982999831438065,0.09891500324010849
1773,0.00641597846362084,0.0003189140365991894,0.5348804593086243,0.49543074518442154,0.10019472006586341,0.04750300123155696,0.21537785666381268,0.10423861459765016,0.012223353609442711,0.0013124505057930946,0.007857509888708591,0.10181000083684921,0.18804699182510376
1774,0.0005095465176690648,5.240355882955711e-05,1.713629961013794,0.3451129198074341,0.0039455147219786095,0.00288416577742438,0.020938996896703886,0.0023299936790734613,0.016005858778953552,0.0034756497479975224,0.00036766999983228743,0.005903000012040138,0.016304001212120056
1775,0.0005733533768920834,6.85409237484522e-05,0.9859005808830261,0.7003540396690369,0.013361664779073502,0.004810157192894913,0.027386015438475728,0.005264298316032168,0.013342346996068954,0.00345828989520669,0.0005956100067123771,0.012768000364303589,0.026027001440525055
1776,0.0007404445328681558,6.600406079278475e-05,1.282775640487671,0.6343100965023041,0.01566979206028968,0.0034264778565835496,0.022149028208324602,0.003756668443222975,0.01585313305258751,0.0033842725679278374,0.0008320100023411214,0.015157000161707401,0.022890999913215637
1777,0.0006583703130695585,6.713915541621144e-05,1.5124213695526123,0.526049792766571,0.0004508877850063806,0.002454049740827276,0.030340485354291884,0.003000119936403039,0.013194339349865913,0.0027223401702940464,0.0006721100071445107,0.007381000090390444,0.021717000752687454
1778,0.0008305497358717296,7.737732742400404e-05,0.9953262209892273,0.6931998580694199,0.020860008441005832,0.006275020599275856,0.03630789038838854,0.007803591126933445,0.014728005044162273,0.0034863874316215515,0.0009282099781557918,0.01697699911892414,0.03274000063538551
1779,0.0014196378577751093,8.619036711030688e-05,1.4306753873825073,0.5123897194862366,0.023328786368209314,0.006341545352939392,0.045447429742246775,0.009081966242225528,0.015955215319991112,0.0031073642894625664,0.0017255099955946207,0.021128999069333076,0.046553999185562134
1780,0.0020019505784302414,0.00012070062106581581,0.6569982767105103,0.5891765132546425,0.01896155686942757,0.012931938446756762,0.08651194811502592,0.022624580143081496,0.015621880069375038,0.002857091836631298,0.002255809959024191,0.030567999929189682,0.0661970004439354
1781,0.0005178646090762044,7.014184674147768e-05,0.9778797030448914,0.6964979022741318,0.00017188730298721422,0.0020149763779155187,0.03485480628561323,0.0031987518300674554,0.01180487684905529,0.0018640542402863503,0.0005628099897876382,0.006310999859124422,0.027636999264359474
1782,0.0004885291212578468,8.067911454223917e-05,0.7326722741127014,0.6759669780731201,0.00012596074591230257,0.001738955524823662,0.05118010824814358,0.00474624545667391,0.013009501621127129,0.0020109079778194427,0.00042301000212319195,0.008646000176668167,0.043320998549461365
1783,0.000578758874620981,6.223122477823394e-05,1.2423961162567139,0.6572984158992767,0.007067499945743392,0.0033724334636850584,0.02280305352736744,0.0033559169320577127,0.014621664769947529,0.0035111033357679844,0.0006276100175455213,0.009309000335633755,0.02266000024974346
1784,0.0012806120483393783,8.041429443363785e-05,1.4805216789245605,0.4909379184246063,0.008641748815719134,0.004253396190308194,0.029405147792914962,0.00507745367404696,0.014336617663502693,0.003632547799497843,0.0014283099444583058,0.011377999559044838,0.023384999483823776
1785,0.0008503017229540094,8.383059972071554e-05,1.1156537532806396,0.6765294671058655,0.007163628517178465,0.007518845916175961,0.04487420129550203,0.009642467908275353,0.011858039535582066,0.0028654676862061024,0.0009230099967680871,0.018384000286459923,0.032774001359939575
1786,0.0013373622956332138,0.00013320281195795792,1.1092020273208618,0.6929808706045151,0.024818832674057018,0.01980539204097913,0.09699597259990951,0.03171380188317858,0.013601727783679962,0.003196859732270241,0.0018370100297033787,0.022938000038266182,0.08526299893856049
1787,0.0006703635562255129,6.281985775830165e-05,1.0491747856140137,0.6780028194189072,0.005564619538390978,0.0022287501114445054,0.015849159885424936,0.002071446994044067,0.013635559007525444,0.0035748882219195366,0.000662109989207238,0.007569999899715185,0.01400499977171421
1788,0.0009528695968310553,9.664157047371049e-05,1.442322015762329,0.5666231215000153,0.00021383068084579498,0.0037541979334975804,0.17170994581107707,0.024326630359553597,0.016971584409475327,0.0018453262746334076,0.0010160099482163787,0.03199699893593788,0.09821099787950516
1789,0.000550648284390595,6.398302656001446e-05,1.1138217449188232,0.68619304895401,0.003769689915827487,0.004068519772313212,0.026046267513177408,0.004008792663503199,0.012231276370584965,0.0031225960701704025,0.0004397100128699094,0.004025000147521496,0.025123000144958496
1790,0.0009718412296630952,6.987121063316585e-05,1.0700736045837402,0.6284476965665817,0.003818128395661166,0.0026258161754040376,0.018466657612751822,0.0025717035647310205,0.013457725755870342,0.0037505701184272766,0.0009050099761225283,0.005140000022947788,0.01593099907040596
1791,0.0009610983249868359,7.907359818651343e-05,1.3618470430374146,0.5755589604377747,0.0055564202320655676,0.004684582117871857,0.03434690421810463,0.005244797585587773,0.014529450796544552,0.003430161625146866,0.00099070998840034,0.00786499958485365,0.030595999211072922
1792,0.0017220143946987915,0.00010505978152964114,1.0137362480163574,0.6410955637693405,0.0001254811392608178,0.001629006349790448,0.07967621280797282,0.010526807112064308,0.011751151643693447,0.001229412853717804,0.0018083100439980626,0.027387000620365143,0.04038500040769577
1793,0.0006145659530909246,5.478745530051435e-05,1.3206150531768799,0.6171878278255463,0.008759919484656828,0.001223080980907614,0.005879036856651369,0.0009439464071598147,0.01515130139887333,0.0035541304387152195,0.0006567100062966347,0.007579000201076269,0.005716999992728233
1794,0.0007133622249511653,6.58362665158845e-05,0.9334769248962402,0.6642093062400818,0.0019571927843256326,0.0027347920036193685,0.022469960858565244,0.002894582810511793,0.011631987988948822,0.0026687700301408768,0.000676909985486418,0.00824700016528368,0.016033999621868134
1795,0.0027655971043637428,0.0001969755841850797,1.389863133430481,0.6479915082454681,0.027013169068246277,0.024797397162598253,0.119590401349094,0.05129854294057024,0.010743606835603714,0.0009786044247448444,0.0029980100225657225,0.044721998274326324,0.06250499933958054
1796,0.0009014086523402312,6.545477825312883e-05,1.1825029850006104,0.6099514961242676,0.006014593435350068,0.00142402362984395,0.009873206001815843,0.001279962082319122,0.014019520953297615,0.003476720303297043,0.0009920099982991815,0.007325999904423952,0.00951400026679039
1797,0.0002680668803577782,6.687040986897507e-05,1.0104972124099731,0.712866023182869,0.004563997400771277,0.004974296374508187,0.03451376662824925,0.005203521792310272,0.013621256686747074,0.0035048509016633034,0.00032053000177256763,0.012613999657332897,0.023465000092983246
1798,0.0010373633278161628,0.0001049104096361168,0.861046552658081,0.689067617058754,0.008933314246262567,0.011716163258274504,0.0702668520834958,0.01773134938706053,0.011757344007492065,0.002650824375450611,0.0012727100402116776,0.018283000215888023,0.058688998222351074
1799,0.00033917484968669267,6.775617885782257e-05,0.9670864939689636,0.7089477777481079,0.019633170859587237,0.005838117008845941,0.029201800961294412,0.006737560134328446,0.014653707854449749,0.0035482263192534447,0.00033275000168941915,0.015405000187456608,0.03545000031590462
1800,0.0010610203064084322,6.803802622654934e-05,0.5405178070068359,0.507705420255661,0.005764944311411515,0.0016881913919496731,0.013181492886496659,0.001596741185217995,0.014538878574967384,0.003494806122034788,0.0011786100221797824,0.006845000199973583,0.012547999620437622
1801,0.0011769838456199555,7.709378201224508e-05,1.1107840538024902,0.6345587521791458,0.008879569573167004,0.0037115365260734015,0.026758843907771782,0.004689369662283602,0.013131532818078995,0.0034560770727694035,0.0012745100539177656,0.011106000281870365,0.024856001138687134
1802,0.0008022236193569283,9.285726925993451e-05,1.0909314155578613,0.6919417232275009,0.020121579166501508,0.0130727834740282,0.057733308854566893,0.016994311671302095,0.01349003054201603,0.0033956444822251797,0.0011575099779292941,0.011572999879717827,0.06683699786663055
1803,0.000911383289197015,6.35930308284177e-05,1.7204238176345825,0.32797497510910034,0.00037862696996407143,0.0017519138683403412,0.0491840398584201,0.0037304895818993933,0.01680818572640419,0.001668762881308794,0.0009841100545600057,0.00673400005325675,0.04065300151705742
1804,0.0006116491285361687,6.018416474179352e-05,1.1393696069717407,0.6778152734041214,0.007219270721533365,0.002236383392470149,0.01589186456553126,0.0021704342995959363,0.014107546769082546,0.0034466637298464775,0.0006644100067205727,0.007637999951839447,0.016033999621868134
1805,0.0007976836183034984,6.710218268112065e-05,0.9070082306861877,0.6655566990375519,0.005049418283649555,0.003315536325669512,0.02159599586788222,0.003298834493148132,0.012283779680728912,0.0030586617067456245,0.0008533099899068475,0.007381000090390444,0.018919000402092934
1806,0.0009096692702201733,4.737522295064579e-05,1.7505546808242798,0.2767672538757324,0.005991899570621838,0.0007248249474633307,0.004471176951168241,0.0005494656604677697,0.015943685546517372,0.0033794515766203403,0.0009371099877171218,0.005166000220924616,0.0040799998678267
1807,0.000759853162422917,6.243185303902375e-05,0.5425716042518616,0.566918395459652,0.0008706042170064233,0.001900981191801761,0.022938320117130442,0.0023183776664941445,0.010681379586458206,0.0010875831358134747,0.0007286099717020988,0.006895000115036964,0.01674499921500683
1808,0.0006104438508564709,5.723922840082142e-05,1.469991683959961,0.5268953144550323,0.006444345693474615,0.0023024658576434927,0.01707543621366492,0.0021856410291502745,0.015032222494482994,0.0035035070031881332,0.0006204100209288299,0.007215000223368406,0.014522000215947628
1809,0.0005681452513213224,7.30184384517661e-05,1.0953209400177002,0.6969852298498154,0.0005889005265005653,0.003294923375899039,0.040023884865857465,0.004755492723439822,0.011660938151180744,0.002050666604191065,0.0006309099844656885,0.013534000143408775,0.02934899926185608
1810,0.00029139482225441174,5.121833665723759e-05,0.7562848925590515,0.6811515986919403,0.0016536991635389489,0.0018620348761689606,0.013374995950706842,0.0014201370447976128,0.012430187314748764,0.0033384100534021854,0.00020593000226654112,0.004170000087469816,0.009588999673724174
1811,0.0006724907418679356,7.2959168761314e-05,0.7770489454269409,0.6769054383039474,0.000690768588512893,0.0033763457312021928,0.03450561076416951,0.004406226059246666,0.011231934651732445,0.002068452537059784,0.0006476099952124059,0.006835999898612499,0.030889999121427536
1812,0.0006745320951047908,6.632283983507757e-05,1.3806627988815308,0.5919386744499207,0.001953809021574331,0.0030166876465620098,0.026356816555157495,0.003214467912480373,0.012902279384434223,0.003268296830356121,0.0006527099758386612,0.007569999899715185,0.020433999598026276
1813,0.0012041414583055284,7.238505428049536e-05,0.7033393383026123,0.5365892872214317,0.005481906903815452,0.001428377319192117,0.011165324542833853,0.001333048397865193,0.01481817290186882,0.003579682670533657,0.0011887099826708436,0.008255000226199627,0.009049000218510628
1814,0.0007176700867279459,6.230994829025283e-05,1.0649304389953613,0.6552595496177673,0.004615324201727159,0.0018245497287622495,0.013025763688414346,0.001596701225215825,0.014196695759892464,0.0036285636015236378,0.0007250100024975836,0.005818000063300133,0.01075700018554926
1815,0.000676140759333944,6.577894984628881e-05,0.6976111531257629,0.6525991261005402,0.003279784421987179,0.0033897091539022905,0.022453375683590966,0.003143388503257176,0.011743983253836632,0.0029391362331807613,0.0007372099789790809,0.0078050000593066216,0.020323000848293304
1816,0.0015639090146395453,8.161801227376706e-05,1.230573058128357,0.5545992255210876,0.017952433642286887,0.004026042799759378,0.032472857366920675,0.005546964666811708,0.01631847582757473,0.003070059698075056,0.001870510051958263,0.01842300035059452,0.02979400008916855
1817,0.0019825125195672955,0.00011902881737234545,1.3205386400222778,0.5645032823085785,0.019080251587615137,0.008156681135798795,0.05329902446897942,0.014264724088841739,0.012686125934123993,0.0030377088114619255,0.0024943100288510323,0.021389000117778778,0.042344000190496445
1818,0.0007965808440315968,5.170664647302013e-05,1.6346354484558105,0.3823710083961487,0.006529703842576942,0.0010115790447346382,0.00619344584394779,0.000786406117487566,0.014994918368756771,0.0035228021442890167,0.000865010020788759,0.006845000199973583,0.0042570000514388084
1819,0.0006689147747109616,6.493692397686147e-05,0.855031430721283,0.6637342721223831,0.005193878329020518,0.003192982585644946,0.02070829519527336,0.0031271397249005833,0.01229812391102314,0.0032351058907806873,0.0006797100068069994,0.00786499958485365,0.01751299947500229
1820,0.0003282882801311251,5.355962381846282e-05,0.548611044883728,0.5937451273202896,7.379115737092236e-05,0.0004973288652275737,0.012192987120406455,0.0006685211127247116,0.014000281691551208,0.0023749913088977337,0.00025271999766118824,0.0031840000301599503,0.009430000558495522
1821,0.0008374816533254335,7.473159290131016e-05,0.5583444237709045,0.590458832681179,0.004424996032755466,0.005242041518125922,0.040210931107655785,0.006853342457368915,0.010690336115658283,0.0013142055831849575,0.0009156099986284971,0.01057399995625019,0.03802400082349777
1822,0.0006712282139115876,5.58892103711852e-05,1.4572656154632568,0.5273279845714569,0.0029465858919507626,0.0018108119641026032,0.013294156984248523,0.001536484166030235,0.0128623116761446,0.003191267140209675,0.0006903099711053073,0.005907000042498112,0.00899800006300211
1823,0.000642420463584068,7.028902740712395e-05,1.5141359567642212,0.5143951773643494,0.009941022112053974,0.0055372306088400935,0.035715858563959486,0.006225660015204745,0.015104715712368488,0.0034248451702296734,0.0006483100005425513,0.015258999541401863,0.0254100002348423
1824,0.00041597861708109137,4.8103233706354586e-05,1.182940125465393,0.6632262170314789,0.002331220077837225,0.0007126101419308211,0.004841271198223862,0.0005142767342444375,0.013749699108302593,0.00343384500592947,0.00031180999940261245,0.001979999942705035,0.003886000020429492
1825,0.0006308592566170499,6.029064645853943e-05,1.229338526725769,0.6505863517522812,0.005159712502330716,0.0020587117288814495,0.015062335861248433,0.0018684921761655815,0.014436012133955956,0.0035614394582808018,0.0006309099844656885,0.00661499984562397,0.011799000203609467
1826,0.0006970299940985175,5.874932058957521e-05,1.4852275848388672,0.511919379234314,0.0031956978890791627,0.002598838791155985,0.016711908040522843,0.002146232335764501,0.01336422935128212,0.003488580696284771,0.0007818100275471807,0.007466000039130449,0.011216999962925911
1827,0.0006536493151418215,6.580661620089794e-05,1.127028226852417,0.6802754551172256,0.00010019062229177424,0.0010276884912368083,0.025504548600384473,0.002056304784664795,0.013045008294284344,0.0020128916949033737,0.0006154099828563631,0.004689000081270933,0.022046001628041267
1828,0.0004277643673175414,5.01030642490613e-05,1.3223211765289307,0.63259357213974,0.004731457522906356,0.0014375393716719216,0.010428746411739773,0.0011788257072616378,0.014945637434720993,0.0035535492934286594,0.0004866099916398525,0.006335000041872263,0.008907999843358994
1829,0.0009921253214879686,6.986652173934468e-05,0.6008331775665283,0.56344835460186,0.0039562314806847,0.0024110699142683044,0.0185748038496654,0.0023872277984869836,0.012434856034815311,0.003216007724404335,0.0009764099959284067,0.007234999909996986,0.015456999652087688
1830,0.000797841282061548,6.600411007172223e-05,0.842158317565918,0.655226543545723,0.0032959714153991773,0.0025677777637513693,0.016866182939470693,0.002255070202173086,0.012008905410766602,0.003209767397493124,0.0009083100012503564,0.0061980001628398895,0.014698999933898449
1831,0.0021296072782534424,0.0001568016418761714,1.0455024242401123,0.6738816499710083,0.06302027863659522,0.038012221709876504,0.18499711069708713,0.08285424282315866,0.016260113567113876,0.002411837689578533,0.002494809916242957,0.06899700313806534,0.14834699034690857
1832,0.0005758052261726752,5.7210983869414355e-05,1.0322928428649902,0.681161567568779,0.007406295082586972,0.001608090118404537,0.009640268635774033,0.0013552946148553645,0.013598958030343056,0.00355991767719388,0.0005296100280247629,0.00698000006377697,0.00866399984806776
1833,0.0006376912982903181,6.964540633777502e-05,1.1353933811187744,0.6746379882097244,0.003357435300026148,0.004068439540013652,0.029293908768247563,0.004373501890692055,0.01274046953767538,0.0032980935648083687,0.0005922099808230996,0.007381000090390444,0.026712000370025635
1834,0.001150813944181035,6.178887992347459e-05,1.5918986797332764,0.3940039277076721,0.00874857756417942,0.0016317184810521984,0.012794065694690214,0.0015526537362262564,0.01566721871495247,0.0032510291785001755,0.0012221100041642785,0.009158999659121037,0.009402000345289707
1835,0.0013537326622046588,0.00010121945249190684,0.9656909108161926,0.6766270995140076,0.03022083823266284,0.009866242443816715,0.05519836237062147,0.014328201700968535,0.013816299848258495,0.003417643252760172,0.0015286100097000599,0.027758000418543816,0.05350600183010101
1836,0.0043206426982960264,0.00025139798325709856,0.3720409870147705,0.43538763001561165,0.09417039343004331,0.07955397218382086,0.25618047733181354,0.14091732207357938,0.013541575521230698,0.002104717306792736,0.005262109916657209,0.11650999635457993,0.20766399800777435
1837,0.000914643756380752,7.487032109963369e-05,0.5850225687026978,0.5808272510766983,0.005608768457716277,0.004363436870865175,0.029165184681172643,0.004780884675477713,0.011647859588265419,0.0026046778075397015,0.00080261001130566,0.006647000089287758,0.02894599922001362
1838,0.0010966177596231843,6.891061065069477e-05,0.5109812021255493,0.49293939769268036,8.683483836896137e-05,0.0009135887807085712,0.02215644057389909,0.001864827116208407,0.010983231477439404,0.0012055491097271442,0.0011786100221797824,0.007085000164806843,0.01703299954533577
1839,0.0004786475082331723,7.085655990642325e-05,1.4395625591278076,0.5877672731876373,0.01806138542653207,0.006919468706148183,0.04308035278705385,0.00910103240542864,0.016080588102340698,0.003192161675542593,0.00043961001210846007,0.010979999788105488,0.043442003428936005
1840,0.0007927017927710088,7.107430917074106e-05,1.217645287513733,0.6517121493816376,0.01396638927620071,0.004490109485587423,0.030056153969245766,0.005228055106220498,0.015287336893379688,0.003378970082849264,0.00079521001316607,0.01750200055539608,0.023183001205325127
1841,0.0020922180616614653,0.0001377624758208166,1.4565434455871582,0.5330113768577576,0.000633539282081744,0.0059130133554754025,0.12171677977968196,0.018936992387333,0.012804597616195679,0.001479270402342081,0.00253331009298563,0.029888000339269638,0.07483799755573273
1842,0.0013408387620287585,7.974367239217846e-05,1.2910555601119995,0.5633673369884491,0.016462033221071485,0.004208615760175613,0.03192658133158985,0.005438849364716149,0.015912355855107307,0.003208676353096962,0.0014889100566506386,0.014635000377893448,0.027475999668240547
1843,0.003429895930392743,0.00012330167997070401,1.3009331226348877,0.4947514533996582,0.04676700066838959,0.014169251692714553,0.17782960061652528,0.039965391277788476,0.01812300831079483,0.0015260865911841393,0.003973709885030985,0.05406799912452698,0.11542099714279175
1844,0.00047505953284009367,6.359581962765728e-05,1.1090309619903564,0.6987425088882446,0.0001257962768267698,0.0013037222497365082,0.02663070195730407,0.002136115964286655,0.012235285714268684,0.0018851771019399166,0.000428210012614727,0.0055740000680089,0.021161999553442
1845,0.0007396831650386007,6.096670951696929e-05,1.3668285608291626,0.5863257050514221,0.007020858937991311,0.002100441641931759,0.015229490530935036,0.001957866141593912,0.01449884194880724,0.003631805069744587,0.0007371099782176316,0.006845000199973583,0.014814000576734543
1846,0.0010048007803693196,6.185256431011517e-05,1.7202706336975098,0.32129591703414917,0.00962480106363774,0.002531012454974497,0.02357671928877187,0.002772139597686801,0.01650637574493885,0.0028673969209194183,0.001147410017438233,0.011525999754667282,0.01836399920284748
1847,0.000941615535597092,6.598201997838187e-05,1.7338852882385254,0.3120647072792053,0.010117246739252442,0.0036582674707063734,0.0370263388069437,0.004468115444906325,0.016970736905932426,0.0027201599441468716,0.0010433100396767259,0.012792999856173992,0.03169599920511246
1848,0.00045851403560695687,5.394433026161382e-05,0.7563919425010681,0.651526540517807,0.0031330384100289,0.0013837418510933472,0.010207524503559667,0.0011325968893913414,0.013058028183877468,0.0033503295853734016,0.00040237000212073326,0.003932000137865543,0.007890000008046627
1849,0.000728235798588293,6.431470615033303e-05,1.3938606977462769,0.5728360116481781,0.007514251471103382,0.0031629359662989492,0.0217580644238276,0.0032100496901295225,0.015096807852387428,0.0036627757363021374,0.0007662100251764059,0.007348999846726656,0.02236500009894371
1850,0.0009467631592358379,6.829926106757057e-05,1.475191354751587,0.5215620994567871,0.023994341369940858,0.0038243559614334604,0.020363561917374984,0.004221335424339277,0.01585807278752327,0.003333521541208029,0.0010390100069344044,0.01807199977338314,0.031780000776052475
1851,0.0007930926777805093,8.363588417936176e-05,0.8958722352981567,0.681957334280014,0.02424246612836974,0.008469680581865154,0.043825701664125055,0.011396744339512786,0.014343785122036934,0.0034775803796947002,0.0010092100128531456,0.021268999204039574,0.047449998557567596
1852,0.001177330873677113,0.00012638224954295734,0.8323851227760315,0.6915800869464874,0.02735262197334786,0.0250964051316854,0.08739250726292004,0.038777072205567656,0.012445388361811638,0.003189892042428255,0.0014113100478425622,0.032517001032829285,0.07626999914646149
1853,0.001688637540297438,9.463997760503922e-05,0.910466194152832,0.6696089208126068,0.010352103273926393,0.007773662136316868,0.055866917909938266,0.014062567094352201,0.010716032236814499,0.0011540092527866364,0.0018892099615186453,0.02472900040447712,0.03045700117945671
1854,0.002244758300732602,0.00011100317995948539,1.218867540359497,0.5843467116355896,0.05827377158938935,0.012316325037265631,0.05927019110703645,0.019358509318049156,0.01610487885773182,0.0030292090959846973,0.002535609994083643,0.04062600061297417,0.0718189999461174
1855,0.0006018395106970311,0.00013190844708597436,0.9321581721305847,0.7134338021278381,0.00017815068499522712,0.004063782610742131,0.34419835370751317,0.06917907387757874,0.01678793877363205,0.002417631447315216,0.0009321100078523159,0.07462800294160843,0.13732199370861053
1856,0.0051066750962006045,0.00035658706550168676,0.49273473024368286,0.5030402541160583,0.16049918334375826,0.09751200257705447,0.3283940883105443,0.19998679576117567,0.014528041705489159,0.0023323381319642067,0.005823309998959303,0.13242000341415405,0.2360059916973114
1857,0.0008321402580217801,6.142833354787534e-05,1.386263370513916,0.5325987040996552,0.004907747448753696,0.0014720225018304885,0.011262283200117582,0.0013176505256410872,0.014014890417456627,0.003438530955463648,0.0008771099965088069,0.006051999982446432,0.008661000058054924
1858,0.0008394024306756344,8.101982880258265e-05,0.8569104671478271,0.677531287074089,0.004693278911140136,0.005670446836483486,0.03928122244322673,0.006897670675686692,0.01214342936873436,0.003112161997705698,0.000956110015977174,0.008425000123679638,0.03672900050878525
1859,0.0008884904094324532,7.667447557977271e-05,1.1409502029418945,0.667704850435257,0.00030901920151468336,0.002650516850873621,0.04944225090281646,0.00528945017696043,0.014222461730241776,0.002151994500309229,0.0009789100149646401,0.010979999788105488,0.039590999484062195
1860,0.0030539075824687167,0.000163903059920001,1.187587022781372,0.6017581224441528,0.0726131571418973,0.01931632543653048,0.08638902800948864,0.03268086379129833,0.015012881718575954,0.0031121326610445976,0.003642010036855936,0.060283999890089035,0.07260200381278992
1861,0.0006949541274436414,5.263306352516089e-05,1.5435781478881836,0.45945942401885986,0.003773201389806133,0.0009620940211149487,0.0074752095418767405,0.0007616876583323518,0.015541576780378819,0.0033977292478084564,0.0007202100241556764,0.0042860000394284725,0.006059000268578529
1862,0.000598531446864755,7.126665170663745e-05,1.2464690208435059,0.6579039245843887,0.0008137933118480945,0.0034153152729599076,0.04901800801924813,0.005373771067268215,0.014923008158802986,0.0024600140750408173,0.0005638099974021316,0.0053889998234808445,0.05017800256609917
1863,0.00027547084164000193,5.8450849762198295e-05,1.1595385074615479,0.6895659863948822,0.001013356132901016,0.002726181659771035,0.025344553774370174,0.0026361975723136633,0.012779736891388893,0.0032337233424186707,0.0002816100022755563,0.00661499984562397,0.020323999226093292
1864,0.0011996573430254707,7.642744813988382e-05,0.9401867389678955,0.6291858851909637,0.002146569277510663,0.003244009609323731,0.029392825339672003,0.004557144185841236,0.011020645499229431,0.0020874086767435074,0.0013664100551977754,0.010452999733388424,0.020415998995304108
1865,0.0005095342096813731,4.800802091419631e-05,1.4653412103652954,0.532547801733017,0.0018057132254033915,0.0005007911497250633,0.003052087412080187,0.0003545903308679733,0.01358797401189804,0.003448731731623411,0.000503910006955266,0.0023880000226199627,0.0017610000213608146
1866,0.0007016666706716679,6.768385877980977e-05,1.0911192893981934,0.6786265522241592,0.00690326562401818,0.003988294711875612,0.025846708951810064,0.0041550742093418806,0.013754859566688538,0.0035477648489177227,0.0006126100197434425,0.006314000114798546,0.027024000883102417
1867,0.0008409429625667739,7.38291510872224e-05,1.4085959196090698,0.5602392554283142,0.0016165559705390979,0.0033930671695953053,0.02991134343866133,0.004009901901960501,0.012169234454631805,0.0030720732174813747,0.0007748099742457271,0.007381000090390444,0.02303599938750267
1868,0.0010123880576252081,8.874306983158096e-05,1.1753382682800293,0.6614586859941483,0.00020036712978251748,0.0025196509130756208,0.055265083854542756,0.00625418171885974,0.01231212168931961,0.001745917834341526,0.0008941100095398724,0.01145000010728836,0.048590999096632004
1869,0.005861541017307831,0.00026765301898633385,0.8382907509803772,0.5063398331403732,0.10493431572280355,0.03244403691118852,0.32023617891388506,0.09890249393894171,0.017814278602600098,0.0015429863706231117,0.00695810979232192,0.09187500178813934,0.28572899103164673
1870,0.0005639771034603766,5.400451512683704e-05,1.41206955909729,0.5804753005504608,0.0066634623955143645,0.0015637653644206377,0.010252804608247835,0.0013298679497351779,0.014430975541472435,0.00353683577850461,0.0005072099738754332,0.007234999909996986,0.007030999753624201
1871,0.0008821972517805026,6.65235159446798e-05,1.2522863149642944,0.6033607423305511,0.0069591162674567525,0.0025777726756438814,0.02000039730082734,0.0027070739939689392,0.015237389132380486,0.0035009896382689476,0.0008810100262053311,0.007946000434458256,0.01654900051653385
1872,0.0015870996664183183,0.00010184796230520391,1.2387558221817017,0.6058925688266754,0.00034563472826652065,0.004424854110707677,0.1338250769608554,0.01887070230008589,0.01597399264574051,0.0016893460415303707,0.0016524100210517645,0.015652000904083252,0.11667899787425995
1873,0.001704119903083757,0.00015261079957200243,1.1018943786621094,0.6891336739063263,0.017457482909847034,0.0232402631284906,0.13104269181018924,0.04447696573002739,0.012303979136049747,0.0022364528849720955,0.0019442100310698152,0.04911699891090393,0.08209699392318726
1874,0.0006055470383140783,5.599235323287393e-05,1.3706046342849731,0.5940912365913391,0.0002755269528400464,0.0012589621192936515,0.016218066784577295,0.0014384161515268905,0.01145244762301445,0.002055560238659382,0.0006112100090831518,0.006310999859124422,0.007805999834090471
1875,0.0005314307754668199,5.5269992051653e-05,1.1436278820037842,0.6586198657751083,0.0030740889963992084,0.0013564785882582637,0.01001965902466481,0.0010884139835869774,0.014173715375363827,0.0035666674375534058,0.0005772099830210209,0.00482999999076128,0.007136000320315361
1876,0.000550511059843045,5.688418778239043e-05,1.1862549781799316,0.6699561476707458,0.0027715368138524735,0.0020627684288344913,0.013151553919815769,0.0015905823059385047,0.012628678232431412,0.0032872692681849003,0.0005127100157551467,0.005255000200122595,0.009843999519944191
1877,0.0006698040381906679,7.276247535144108e-05,1.1751760244369507,0.6758099645376205,0.003755583889219078,0.0044139676206839135,0.03126701568506637,0.004706672544195814,0.012867888435721397,0.0035023055970668793,0.0006410100031644106,0.006951000075787306,0.028617000207304955
1878,0.0006071244876967478,6.064684290898922e-05,1.4804718494415283,0.515885591506958,0.0054868898103879425,0.0034735517671671185,0.023312328757825667,0.003188948489468558,0.015499693341553211,0.003542885184288025,0.0006403099978342652,0.007805999834090471,0.01966799981892109
1879,0.0010998251885312958,7.908644675359313e-05,1.1315300464630127,0.6534794718027115,0.0004121918780717662,0.0025436986656033013,0.0410166643313759,0.005166820704208885,0.01090235635638237,0.0012687202543020248,0.0011814100435003638,0.007290999870747328,0.03441299870610237
1880,0.0006283540548683094,6.067832465005282e-05,0.6775461435317993,0.6321972981095314,0.00715275504645398,0.0019571358555735656,0.013655224611888242,0.0018153373300927268,0.014036222361028194,0.0035356199368834496,0.0005718100001104176,0.008603000082075596,0.013136000372469425
1881,0.0014608339357891865,9.331509626470406e-05,1.249131202697754,0.6279590129852295,0.011597899322150539,0.006305805424577506,0.04688342335942073,0.010095162688460228,0.011402801610529423,0.0022865147329866886,0.0017166100442409515,0.019934000447392464,0.032457999885082245
1882,0.0009363807449335353,5.874999814033544e-05,1.61876380443573,0.38390862941741943,0.00433427436263532,0.001618201173341401,0.013895059557236807,0.0014335111514736923,0.015556185506284237,0.003472505137324333,0.001120810047723353,0.005752999801188707,0.011598000302910805
1883,0.0005426996431115998,5.846676193401712e-05,1.2471733093261719,0.6501968502998352,0.003988661829472131,0.002559830000119798,0.016888507698906707,0.0021800131746985392,0.01411280408501625,0.003526712767779827,0.0004865099908784032,0.00661499984562397,0.01157000008970499
1884,0.000892340345046863,9.844428424217818e-05,0.8251276612281799,0.7033297792077065,0.007695281446181206,0.010163886168465305,0.06723021156402098,0.015347112002606772,0.011335439048707485,0.00222554849460721,0.0009240100043825805,0.020157000049948692,0.060527000576257706
1885,0.0005198559470573732,6.900812858474692e-05,0.889385998249054,0.6947054713964462,0.01590321020484548,0.005523315801627168,0.02752029964104346,0.006075569898575658,0.013024869374930859,0.0035244692116975784,0.0005720100016333163,0.006845000199973583,0.037321001291275024
1886,0.0011538637547549677,0.0001046011603117803,0.8865404725074768,0.6808529049158096,0.014133045988229837,0.011818442568023554,0.0603014392361794,0.016920789613848342,0.013762659393250942,0.003381039947271347,0.0014386100228875875,0.015819000080227852,0.052776999771595
1887,0.0026167876315402443,0.00019599885847545388,1.3533852100372314,0.6288644075393677,0.021239936101370534,0.023876383040322753,0.15229854224487413,0.052207523463204966,0.012003428302705288,0.0015768962912261486,0.0029036100022494793,0.05140699818730354,0.09862799942493439
1888,0.0013674590371505467,8.631986209547808e-05,0.7899592518806458,0.6435355395078659,0.02509853820659567,0.006932278103099088,0.0364877247321847,0.009527305670555949,0.013033479452133179,0.003343953751027584,0.0015293100150302052,0.0252470001578331,0.028181999921798706
1889,0.0004916900259598797,5.344347802402872e-05,0.8718852996826172,0.6772793084383011,0.0031317899588006806,0.001011937939184647,0.0069826093249352374,0.0007785912203083518,0.013406902551651001,0.0033892206847667694,0.00036502000875771046,0.0034829999785870314,0.006075999699532986
1890,0.0007640574600812527,6.334128419014696e-05,0.9677820801734924,0.6453296989202499,0.006023181161783705,0.0017155149620122646,0.01267110690884924,0.0015761577512799097,0.014941701665520668,0.003427621442824602,0.0007979099755175412,0.006845999974757433,0.012188000604510307
1891,0.0009228336347826364,6.745697054848151e-05,1.3698219060897827,0.5733716785907745,0.019265118328041973,0.0034096203676176728,0.017771961157656786,0.0034836819597554,0.015119548887014389,0.003554999828338623,0.0011036100331693888,0.013755000196397305,0.023124001920223236
1892,0.0006747635748140224,6.193633150167985e-05,0.7753837704658508,0.6434756740927696,0.004815694306825654,0.0019331194324103702,0.013991940747567648,0.001714451036262759,0.013701753690838814,0.0035671559162437916,0.0006682099774479866,0.0061980001628398895,0.012117999605834484
1893,0.0004976914853824359,5.087962699746053e-05,1.3503148555755615,0.6117498576641083,0.0029027574928769807,0.0012981238691969765,0.009426918758386466,0.0010261784385856322,0.013942092657089233,0.003551237750798464,0.0004955100012011826,0.0030849999748170376,0.009107000194489956
1894,0.0008430836303882294,6.627873366620788e-05,0.9555784463882446,0.6311631202697754,0.0028716944409140016,0.0015189150136138583,0.011526785509984977,0.0012706399205134984,0.014049363322556019,0.0035008653067052364,0.0008893099729903042,0.005140000022947788,0.008444000035524368
1895,0.000828454081984761,6.99896659834926e-05,1.3457061052322388,0.6021515429019928,0.000821896882639386,0.0025803755541191154,0.02814819895850716,0.003242988668175713,0.0123647041618824,0.0029114861972630024,0.0007689099875278771,0.007234999909996986,0.018827999010682106
1896,0.0012626662056728327,7.332386333345998e-05,1.4362341165542603,0.49423253536224365,0.007053019458489156,0.002914855759971592,0.022985736338567424,0.0033682507540784053,0.01377146877348423,0.0034320168197155,0.0015785100404173136,0.010184000246226788,0.019266000017523766
1897,0.001761158119631497,9.586141182915502e-05,0.8820362091064453,0.6132732331752777,0.0006932729189275323,0.003756215525922035,0.056056471227448425,0.008437377756531451,0.013436620123684406,0.002211344428360462,0.0019756099209189415,0.015417000278830528,0.04205700010061264
1898,0.0011960740658836966,7.786347058213908e-05,1.454801321029663,0.5156433582305908,0.009655957197116866,0.003815206047834333,0.030331209218335906,0.004618382069220493,0.015727177262306213,0.003305099904537201,0.0014173099771142006,0.014334999956190586,0.024077000096440315
1899,0.0008115639339195496,7.555426828724184e-05,0.8024668097496033,0.6701658219099045,0.016264135852976116,0.004967972803825399,0.029064967812720492,0.005831404054123216,0.013587823137640953,0.003462882712483406,0.0007877100142650306,0.017454000189900398,0.025272998958826065
1900,0.004467322464369144,0.0002437950430978558,1.3390467166900635,0.5471121072769165,0.09368525077534448,0.03449672914704538,0.17477702036468928,0.0719938338919273,0.014304553158581257,0.002323583234101534,0.0050254100933671,0.08476600050926208,0.10076399892568588
1901,0.00042404163901552545,5.230715187199488e-05,1.112078070640564,0.6929553598165512,0.00339093303938239,0.0018461234027187605,0.012764680831854605,0.0015444077980416608,0.012855646200478077,0.0032607316970825195,0.0003748800081666559,0.0050119999796152115,0.010489000007510185
1902,0.0009883124495934776,6.0858090497137676e-05,1.7316184043884277,0.29941970109939575,0.002023614518622187,0.002460135856943876,0.02029700952254192,0.0022774841145777845,0.012851391918957233,0.0032660793513059616,0.001092709950171411,0.00661499984562397,0.014073999598622322
1903,0.0009933695507554619,6.806567623282795e-05,1.4730275869369507,0.5041192471981049,0.008031952981075893,0.002735421603086618,0.020888416551207833,0.002907608810197755,0.01506070327013731,0.003513395320624113,0.0010209099855273962,0.007381000090390444,0.01741800084710121
1904,0.0004204994853469737,5.9763527791856366e-05,0.5976881384849548,0.6180130690336227,0.0010474815204550261,0.002604686629795834,0.02321081925748525,0.0027117427315456414,0.01115763932466507,0.0021082269959151745,0.0003457000129856169,0.008243000134825706,0.014442000538110733
1905,0.0009659795824814465,6.994860952941925e-05,0.9419443011283875,0.6501120626926422,0.01477868432734308,0.0030825510243635357,0.01903342979570231,0.0032821001907643154,0.015052600763738155,0.0035208165645599365,0.0009396100067533553,0.00901500042527914,0.022721998393535614
1906,0.00212181425656726,0.0001362131820099729,0.9329543113708496,0.72275710105896,0.019546495846324983,0.015830956832295857,0.08439569897452794,0.032201940567289894,0.010550489649176598,0.0008641798049211502,0.0024047100450843573,0.030594000592827797,0.06008099764585495
1907,0.0004876716594096801,5.145438329319391e-05,1.2046475410461426,0.6461331397294998,0.00205073562325147,0.0009170194009862235,0.006956129348692176,0.0006897076553199258,0.01326223835349083,0.003353662323206663,0.0004619100072886795,0.0025480000767856836,0.0060189999639987946
1908,0.0008016306144878819,6.634134842706089e-05,1.5295875072479248,0.4968055486679077,0.0035832525618641345,0.003501382981906775,0.023871075710193663,0.0034436582680571048,0.012915626168251038,0.0035631307400763035,0.0008600099827162921,0.005923999939113855,0.02164199948310852
1909,0.0016743709510861993,9.651103753697556e-05,1.4085384607315063,0.5360428392887115,0.01206299399150755,0.006105619723772705,0.04281068918892143,0.009745165223672254,0.011908196844160557,0.0027136881835758686,0.0018694100435823202,0.017155999317765236,0.030919000506401062
1910,0.0010474734698499872,6.556888538496218e-05,0.4776996970176697,0.47763753682374954,0.006653680503158389,0.0015751320442903166,0.010768599104213844,0.001420507729870935,0.012514164671301842,0.0031564668752253056,0.0011651100357994437,0.007234999909996986,0.010912000201642513
1911,0.0008659586186234295,6.85082332556707e-05,1.0627593994140625,0.6635852158069611,0.0008016055304100579,0.0023328581160172997,0.024576179692821585,0.002954659000258786,0.011377622373402119,0.00233041075989604,0.0008285099756903946,0.006895000115036964,0.018094999715685844
1912,0.0006016399838140595,6.27000774294293e-05,1.0974630117416382,0.6862152218818665,0.006362034498209933,0.002855100061835631,0.018615668039459198,0.00276675731392584,0.013909390196204185,0.0036884620785713196,0.0004957100027240813,0.00786499958485365,0.015149999409914017
1913,0.0011998233183714456,7.341796845352624e-05,1.228912115097046,0.5855847597122192,0.012352236977503494,0.0031196751409593108,0.02100251133830022,0.0035761271164154868,0.013764760456979275,0.003458196297287941,0.0013543099630624056,0.012524000369012356,0.017851000651717186
1914,0.0009630065181714544,7.398545651852415e-05,0.8107953071594238,0.6423185393214226,0.00999967610759641,0.003733582388924778,0.02706545710129251,0.004245060289919465,0.014902696944773197,0.003480688203126192,0.0010843100026249886,0.006384999956935644,0.03315600007772446
1915,0.0003362422910237737,5.2278440524272175e-05,1.3081752061843872,0.6537967920303345,0.0015313024519973551,0.0020059334635249264,0.017049630206460734,0.0016944358233396423,0.013434989377856255,0.0034824414178729057,0.00036403999547474086,0.003918999806046486,0.01582000032067299
1916,0.00026966940117656516,4.7287499590107534e-05,1.284269094467163,0.6480003595352173,0.002115985306578775,0.0018445578663578539,0.01274019196883052,0.001329221692953948,0.014022080227732658,0.0036141248419880867,0.0002844200062099844,0.004000999964773655,0.01131999958306551
1917,0.0006569878452917767,6.081853314889474e-05,1.1723120212554932,0.6591953635215759,0.00478522184563295,0.0020776884062380357,0.016354256143722143,0.0019907883387384447,0.014313913881778717,0.003257698379456997,0.0007880100165493786,0.005752999801188707,0.01610100083053112
1918,0.00046132242287452214,5.53110319867571e-05,0.8860093355178833,0.6869395524263382,0.0030136220390467347,0.0020433426738281166,0.01319411552641394,0.0016158080200349206,0.012563500553369522,0.003352284897118807,0.00041320998570881784,0.006845000199973583,0.009639999829232693
1919,0.0005983523968784558,6.189029029775723e-05,1.3996082544326782,0.5864004790782928,0.004789458422376291,0.003048482802140328,0.02422072296777917,0.0029121402888205045,0.015796277672052383,0.003366897813975811,0.0006039100117050111,0.00661499984562397,0.0205020010471344
1920,0.0016572171729995198,0.00012179243151790216,1.0754165649414062,0.6466908305883408,0.01497145882041965,0.0111507003445452,0.07074065860772911,0.017960433994177245,0.014829067513346672,0.0032651196233928204,0.0018548100488260388,0.016956999897956848,0.061139002442359924
1921,0.0005945746650945408,5.740422832026189e-05,1.1202642917633057,0.6688037365674973,0.009699767657514723,0.0016473933296202127,0.009436782635246513,0.0014222201411265506,0.015149523504078388,0.003540707752108574,0.0005576100083999336,0.007805999834090471,0.00980400014668703
1922,0.0005249688602895615,5.77020452403872e-05,1.1911922693252563,0.6760748624801636,0.006158567878787987,0.0027653008753949484,0.01806520818785151,0.0025672446676169303,0.014395393431186676,0.003813032992184162,0.0006240099901333451,0.009336000308394432,0.013633999973535538
1923,0.001537936080776542,6.350877370522683e-05,1.656705617904663,0.3218908905982971,0.010103764683666028,0.00134281536298053,0.010230048242137657,0.0012532734199354667,0.015792539343237877,0.003144999500364065,0.0016229100292548537,0.010770999826490879,0.006577000021934509
1924,0.0028450545332051624,0.0001798124139392712,1.2525742053985596,0.6187458634376526,0.024294358610746664,0.022879111215382927,0.15378888009993527,0.05093015156195697,0.014131941832602024,0.002198816742748022,0.0036302099470049143,0.03951999917626381,0.11075100302696228
1925,0.0007986090239935372,9.747990629593281e-05,1.0702248811721802,0.7061726450920105,0.08454360265407039,0.0170726489098079,0.007884601995943466,0.017436241463933765,0.014866519719362259,0.0035746986977756023,0.0006795100052841008,0.05406799912452698,0.04022800177335739
1926,0.0035589800996599667,0.00013642362912554711,1.0640325546264648,0.5496819913387299,0.0234259822142243,0.025333692515909098,0.38752058252003435,0.10097355391964016,0.019092943519353867,0.0008650245144963264,0.00409020995721221,0.0668879970908165,0.16328300535678864
1927,0.0005466832256812944,5.9804689096552794e-05,1.002788782119751,0.6818652302026749,0.0034887647083456817,0.0028671384564768116,0.018010759467566678,0.002473031114705558,0.011794605292379856,0.0031045577488839626,0.0005229099770076573,0.006006000097841024,0.014908000826835632
1928,0.0007238104728910607,6.041188677606102e-05,1.4197190999984741,0.5693014860153198,0.00353370402521276,0.0020254132138059202,0.014435467771881321,0.0017945162650338875,0.013570177368819714,0.003576159942895174,0.0007085099932737648,0.006436000112444162,0.00963599979877472
1929,0.0011117653050132345,6.234829500357836e-05,1.6922212839126587,0.3400399684906006,0.009763176074181413,0.002131729005123743,0.016801179444670255,0.002086698572964664,0.015470968559384346,0.0032829614356160164,0.0012656099861487746,0.008205000311136246,0.015122000128030777
1930,0.0011071929418210258,9.107662918756896e-05,0.6457301378250122,0.6284167245030403,0.021190414410308275,0.009785970920697003,0.047882556629954,0.013541647044231202,0.011352680623531342,0.0022357809357345104,0.0011310100089758635,0.021090000867843628,0.04191400110721588
1931,0.0006604804718498297,7.975697949085024e-05,0.8224964737892151,0.6962945908308029,0.0005937582243183287,0.003836169851968932,0.05056400293098784,0.006639164247306383,0.011296234093606472,0.0016619525849819183,0.0006670100265182555,0.013794000260531902,0.04227899760007858
1932,0.0007826246010489775,5.800712338968725e-05,1.5577698945999146,0.4529002904891968,0.007541377911376211,0.001828017375332564,0.015034846188676189,0.0017671042994154207,0.015965960919857025,0.0031390651129186153,0.0009460099972784519,0.00901500042527914,0.013110000640153885
1933,0.0012381736110181176,8.80334830449382e-05,0.8814296722412109,0.663543775677681,0.013546377752134403,0.007144799305818114,0.039115235829026436,0.009726759896492975,0.012452604249119759,0.0031431885436177254,0.0013809100491926074,0.01648700051009655,0.03642899915575981
1934,0.000697258859278863,5.478927232074085e-05,1.6253455877304077,0.41671162843704224,0.004004166438414492,0.0018778134820838887,0.014607485287738175,0.0016327240280340034,0.014847702346742153,0.0034572547301650047,0.0006389099871739745,0.0055740000680089,0.010848000645637512
1935,0.0007155409996905755,7.316567202147962e-05,1.1729354858398438,0.6715646386146545,0.0015167214157278221,0.0032525322679012128,0.03231022987258689,0.003942513166701557,0.013152854517102242,0.003066086210310459,0.0007891100249253213,0.006829999852925539,0.026652999222278595
1936,0.000353098722883787,5.570528728279572e-05,1.0825865268707275,0.7044851928949356,0.006738991723913045,0.002828113668982243,0.018746610421530585,0.0027036000264212233,0.015122915618121624,0.0036099194549024105,0.0003097600128967315,0.00786499958485365,0.015520000830292702
1937,0.0007699794586815496,6.204603004138708e-05,1.4526770114898682,0.538497269153595,0.012127944554861561,0.0024914662078343594,0.019726910985224798,0.002709817309582186,0.01670617237687111,0.0029434761963784695,0.000809110002592206,0.008553000167012215,0.021654000505805016
1938,0.00119346160714307,7.209195844871095e-05,1.1172277927398682,0.5741446912288666,0.009370857774700045,0.0017547347046959674,0.012453792577547277,0.0017126304620720808,0.015332339331507683,0.0034244912676513195,0.001220209989696741,0.007782999891787767,0.01088900025933981
1939,0.0014499693875996756,7.684826384379536e-05,0.6716843247413635,0.5312356799840927,0.008341215901516156,0.002726108931495936,0.021773072167977286,0.0031988364133399196,0.015139558352530003,0.003536442294716835,0.0016296099638566375,0.011106000281870365,0.018199998885393143
1940,0.00047809522712685985,5.4883848793081484e-05,1.2582380771636963,0.6517563164234161,0.0050096859902418,0.002194984492188963,0.015297694484827401,0.001966978043941181,0.014375686645507812,0.003509249072521925,0.0004758099967148155,0.004025000147521496,0.01635799929499626
1941,0.00422624923175338,0.00024784089227306927,0.5488137006759644,0.5176819860935211,0.00022492027629057018,0.0046193729015900995,0.37241335984815294,0.06191652051692803,0.013476859778165817,0.0010757478885352612,0.005186109803617001,0.10181000083684921,0.14843100309371948
1942,0.0017163092265896265,8.31972150155386e-05,1.3787325620651245,0.5007358193397522,0.0189969822128157,0.0038799669841087046,0.029206642778230974,0.00517189748820515,0.015805944800376892,0.00325806625187397,0.001903009950183332,0.019934000447392464,0.025949999690055847
1943,0.00045326933075145,5.664122279744948e-05,1.3284156322479248,0.6313989460468292,0.005544393502087436,0.0027706342419234146,0.01981838940498425,0.0026058424222050094,0.015246511436998844,0.003566681407392025,0.0003536099975463003,0.0048859999515116215,0.01992199942469597
1944,0.0007665728479621779,6.637199493489724e-05,1.217883825302124,0.638692319393158,0.008782025506565014,0.0030768437115421634,0.022250584209480805,0.0033250860474381676,0.014745309948921204,0.0034262333065271378,0.0008334100130014122,0.006738999858498573,0.025984998792409897
1945,0.0009802375586912548,7.105762635122687e-05,1.2037248611450195,0.6213325262069702,0.006997901772128948,0.003219829214666901,0.025598559245882904,0.003687879339028175,0.01542968675494194,0.003408328164368868,0.00111521000508219,0.00940100010484457,0.023756999522447586
1946,0.0007746487833883062,5.738528782710023e-05,1.6787160634994507,0.3522146940231323,0.0008236530380324222,0.0016980868948587937,0.01985914376543601,0.0016800567017394453,0.013955116271972656,0.0028736689127981663,0.0008457099902443588,0.00380899989977479,0.01598300039768219
1947,0.0005387510034212651,5.3132573630596696e-05,1.394897222518921,0.5771290063858032,0.006930586785614922,0.0013847828328657527,0.009939003074293544,0.0012036968453731393,0.015924058854579926,0.0033507454209029675,0.0005242099869064987,0.00698000006377697,0.009363999590277672
1948,0.0012889672707380334,0.00010927460685078016,1.0084786415100098,0.675679087638855,0.019157301209956085,0.013990152202654439,0.06888665919885154,0.02122048082825863,0.014327839016914368,0.0032559558749198914,0.0014492099871858954,0.024483000859618187,0.06270500272512436
1949,0.0029478527559518687,0.00020653575588510222,1.503999948501587,0.5013142824172974,0.10501087419478376,0.049617039184994716,0.3009338495900803,0.12587134726397248,0.0169171541929245,0.0020309770479798317,0.0029719099402427673,0.06289699673652649,0.21868300437927246
1950,0.0008889617130964605,6.603384005243463e-05,0.8738291263580322,0.6177343875169754,0.005649916834242713,0.0015347267150578612,0.011570861570025175,0.0013982745463217592,0.015119888819754124,0.00356535566970706,0.0009159100009128451,0.007381000090390444,0.009322000667452812
1951,0.001076295783084256,7.624914535747727e-05,0.6015225648880005,0.5644427016377449,0.007618447078632553,0.004372024364744902,0.026999558866198554,0.004977245468296162,0.013176046311855316,0.0035203564912080765,0.001153009943664074,0.015096999704837799,0.01990099996328354
1952,0.0011596966593581534,9.62782354134821e-05,1.1762562990188599,0.6656902581453323,0.012915200435010061,0.008558512370782527,0.04919765024939996,0.012041395864949213,0.01294676773250103,0.0032797064632177353,0.0014122100546956062,0.019005000591278076,0.041860997676849365
1953,0.004106100230511104,0.00012019902838656966,1.8590857982635498,0.1637703776359558,0.08708425044403047,0.00828687674798978,0.07402307507594807,0.015056542099755994,0.018566545099020004,0.001410059630870819,0.00428240979090333,0.0685420036315918,0.0315530002117157
1954,0.002579822706529761,0.00011838864145002448,0.4092977046966553,0.4286360330879688,0.06308099067324918,0.01222257951516487,0.04123825670367123,0.01669309436642817,0.013370666652917862,0.003429841250181198,0.003187410067766905,0.04931899905204773,0.07316599786281586
1955,0.0005550392944922756,5.67890255209152e-05,1.472711205482483,0.5523894131183624,0.00012681674260686709,0.0007994006365164841,0.019566507953898173,0.0012867509997820901,0.01474310178309679,0.0021537775173783302,0.0005366100231185555,0.0029299999587237835,0.01762400008738041
1956,0.0008065906174216345,6.440123769700548e-05,0.7985574007034302,0.6250337809324265,0.004810224924278829,0.001528187629808291,0.011374976875023632,0.0013559973029544656,0.013799464330077171,0.0035196044482290745,0.0008741099736653268,0.006006000097841024,0.010463999584317207
1957,0.0005661591218617087,6.334707872429813e-05,1.349692463874817,0.6121526658535004,0.0055463479378131675,0.004233225502751643,0.0263050166421596,0.0038781086908045957,0.014881669543683529,0.0035827145911753178,0.0005633099935948849,0.008553000167012215,0.021393999457359314
1958,0.0007232182563119693,6.335404059640813e-05,0.8298180103302002,0.6684455275535583,0.004053254014946323,0.0025791058035280275,0.017161825029691765,0.0023659318218136154,0.012291289865970612,0.0032465229742228985,0.0007162099936977029,0.006951000075787306,0.014654000289738178
1959,0.0007223968675242693,6.7507782091497e-05,0.9797171950340271,0.6749888807535172,0.0053573441615546785,0.0035626932455320643,0.02212482608958032,0.0033370494328250847,0.013548105955123901,0.0037279580719769,0.000718910014256835,0.007511999923735857,0.022052999585866928
1960,0.0010557880362534976,6.535650385474788e-05,0.4344051480293274,0.44532202556729317,0.008126365912248691,0.0018227238716428565,0.012853020871755633,0.001707848412989113,0.014305292628705502,0.00353953056037426,0.0012220100034028292,0.00901500042527914,0.013775999657809734
1961,0.00110269689087547,9.039655752369482e-05,1.6150087118148804,0.4429709315299988,0.013541529905860805,0.007573062961107261,0.04411890348256611,0.009532348756247276,0.014157557860016823,0.0035734279081225395,0.001217809971421957,0.012768000364303589,0.041405998170375824
1962,0.0008489351046691518,6.593727615373612e-05,1.1630473136901855,0.6328861564397812,0.0038532176054314553,0.002035313208895089,0.015633712234786032,0.001974626152592099,0.013104157522320747,0.0034660338424146175,0.0009030100191012025,0.004821000155061483,0.015994999557733536
1963,0.0005271159832815481,5.365321486889443e-05,1.396492600440979,0.5813398063182831,0.005220088087379459,0.0016643924992238537,0.013111033257426801,0.001439661293269604,0.015665369108319283,0.0034348643384873867,0.0006063099717721343,0.006314000114798546,0.010499999858438969
1964,0.0015297749072666006,0.00010571918303089144,1.1782522201538086,0.6400347948074341,0.02097452953804271,0.01140714984177743,0.07882682548100171,0.02011741452527554,0.01568903774023056,0.0029464210383594036,0.0015973099507391453,0.0248819999396801,0.06952600181102753
1965,0.0018115107057790503,0.0001495875560425414,1.0964834690093994,0.689452275633812,0.024979944646136412,0.01822831406274535,0.08061271376061031,0.031594770381170784,0.012439239770174026,0.002958068158477545,0.0020286100916564465,0.0307219997048378,0.07200499624013901
1966,0.0006435291725947362,6.331369730644268e-05,0.6531428694725037,0.6157887130975723,0.002387145575012352,0.0025176588340651515,0.01779825955295833,0.0021341577505355307,0.012306484393775463,0.0034459871239960194,0.0006879100110381842,0.004379000049084425,0.016814999282360077
1967,0.0011057011277127793,7.105663152585245e-05,1.119254231452942,0.6025383025407791,0.008047192989764336,0.0022335742086915006,0.016235553538436236,0.0023756905485780395,0.013847025111317635,0.003529009409248829,0.0010999100049957633,0.007805999834090471,0.01399100013077259
1968,0.00033448406970981986,5.361160214583177e-05,1.3740146160125732,0.6363805830478668,0.0034486408051416988,0.002883160849117899,0.01822437575909989,0.002329600546164934,0.013861535117030144,0.003593210596591234,0.0002491000050213188,0.005166000220924616,0.015190999954938889
1969,0.0006519209199998811,6.337187725657061e-05,0.6987415552139282,0.6442852392792702,0.0035262664138614244,0.0028007789091552943,0.017142761833468127,0.0023317722522574764,0.012900596484541893,0.003539786208420992,0.0006872100057080388,0.006314000114798546,0.014379000291228294
1970,0.0009422303626966606,7.016534295051723e-05,0.9369493126869202,0.6398883759975433,0.007173671755499504,0.002360124021095763,0.01804886176047661,0.00243483925195896,0.014761391095817089,0.0034758225083351135,0.0010425100335851312,0.009197999723255634,0.01553799957036972
1971,0.0007875141287514138,6.424361797236633e-05,1.0679717063903809,0.6605043113231659,0.001351529468956741,0.0023066771897019543,0.022407924882212372,0.002675995676570852,0.011034617200493813,0.0018048840574920177,0.0007563100080005825,0.008012999780476093,0.014782000333070755
1972,0.0006868363407392943,8.539088719960845e-05,1.363877534866333,0.618711918592453,0.002265545937168953,0.005596721284461145,0.06331538632835429,0.008656006591193293,0.014113835990428925,0.0027578878216445446,0.0008077099919319153,0.012223999947309494,0.05730399861931801
1973,0.0005869236758160487,5.340254368427466e-05,1.5710493326187134,0.45841947197914124,0.004850339973595132,0.0017914326575077402,0.013767020531394916,0.0015615103259200222,0.014812981709837914,0.0034225909039378166,0.0005485099973157048,0.005628999788314104,0.01218700036406517
1974,0.000533983816774059,5.632459368845141e-05,1.14109468460083,0.6641756296157837,0.0070737610114871815,0.0017300633895027144,0.011596476384066955,0.0015048378760415806,0.014288060367107391,0.0035294727422297,0.0005535099771805108,0.007215000223368406,0.009089000523090363
1975,0.0026831334462849125,9.052191107821838e-05,1.7372677326202393,0.2671239972114563,0.01896965198145392,0.005478126711983729,0.07496196715585737,0.010050905542652283,0.0174503643065691,0.0019773589447140694,0.003094610059633851,0.028819000348448753,0.05021299794316292
1976,0.0003559232149503455,4.645943999968713e-05,1.2394806146621704,0.6674594283103943,0.002943423537199972,0.0010859826040885475,0.007969010165025204,0.0008319157419642929,0.01430115383118391,0.0034611751325428486,0.00026249000802636147,0.0025480000767856836,0.007515000179409981
1977,0.0006889477149458576,6.270643181577323e-05,0.7800943851470947,0.6503379717469215,0.0027896393312994306,0.0021013887419174893,0.01475593219603706,0.001749484367262859,0.012475836090743542,0.003452582750469446,0.0006841099821031094,0.003602999961003661,0.015217999927699566
1978,0.0008556483602620493,6.636198544027997e-05,1.0281784534454346,0.6568697988986969,0.00786799381512653,0.002373935752877752,0.017757590864212427,0.002394827908330765,0.014979207888245583,0.0033685751259326935,0.0008356099715456367,0.006835999898612499,0.018727999180555344
1979,0.0008586830373866101,6.72398056786808e-05,0.8527237772941589,0.6387706100940704,0.0025900656142358062,0.0020686451193755065,0.015367735044452028,0.0018452343378123157,0.012134532444179058,0.0031022713519632816,0.0009114100248552859,0.006835999898612499,0.010123999789357185
1980,0.000518090958804846,6.735087852227677e-05,1.3338909149169922,0.6367588043212891,0.0042544068178410836,0.004870504465830802,0.03210433389030505,0.004989441011123039,0.012538805603981018,0.0033760289661586285,0.0005667100194841623,0.00749000022187829,0.02986299991607666
1981,0.0007834985559721138,8.304261262402521e-05,1.425481915473938,0.5832158029079437,0.009025911397675588,0.007899022893203517,0.04250988901991135,0.009090367084571019,0.01290358416736126,0.0035699615254998207,0.0007856099982745945,0.008553000167012215,0.0397849977016449
1982,0.0008061430694527699,6.486432704988992e-05,1.3428974151611328,0.5904912054538727,0.01113145520133914,0.0029570656535594627,0.02537900644627081,0.0034389453283127144,0.016393719241023064,0.0029598544351756573,0.000920009973924607,0.01321799959987402,0.02181900106370449
1983,0.0012953515740073316,0.00010447807579594555,1.1562800407409668,0.655068889260292,0.01640284157274281,0.011185685900240662,0.05296810081041967,0.01583874065552237,0.01278042420744896,0.0032971007749438286,0.0016456099692732096,0.018211999908089638,0.04995900020003319
1984,0.0006314340773620169,5.6045552060663523e-05,1.319345474243164,0.595087319612503,0.0037127194642017267,0.0011468719980617264,0.009397172272280152,0.0009467212048135899,0.015939602628350258,0.0032863146625459194,0.0006242099916562438,0.004689000081270933,0.00783700030297041
1985,0.00046572846442271935,5.376182076208196e-05,0.9227162003517151,0.6853682398796082,0.004739373436945322,0.001263527443041935,0.009166609862615025,0.0010363172272260836,0.014959486201405525,0.0035583353601396084,0.0003756200021598488,0.005166000220924616,0.008092000149190426
1986,0.0029891784570466764,0.0002868384661789164,1.3019167184829712,0.6425155103206635,0.15955922821744212,0.12502816539306946,0.14970616394829775,0.19861827560950532,0.012642288580536842,0.003252712544053793,0.0029865100514143705,0.10347999632358551,0.13585200905799866
1987,0.0006712455331762102,6.0650536318070884e-05,1.2145121097564697,0.6438879817724228,0.0059668176984821394,0.0019665174310115803,0.014082329055546553,0.0018061243544527077,0.013855486176908016,0.0035321535542607307,0.0006611099815927446,0.006835999898612499,0.012019000016152859
1988,0.0011601659647439916,6.83512361503789e-05,0.5680528283119202,0.48366544395685196,0.005671676635101776,0.0014509909226357665,0.011265579092154109,0.0013747456952627806,0.014240773394703865,0.0034427354112267494,0.0011855099583044648,0.009213999845087528,0.00635599996894598
1989,0.0012608084720791876,7.258652299127889e-05,1.4862703084945679,0.4824490547180176,0.0150199636756628,0.0036210351684842898,0.031543712899621684,0.004726230963776194,0.016601063311100006,0.002838839776813984,0.0014100100379437208,0.01682800054550171,0.023617999628186226
1990,0.0007648607122827761,5.975727677057463e-05,1.4586073160171509,0.5316327512264252,0.010772806125582561,0.0019321767571929055,0.011973689635997953,0.0017978670004924835,0.014902766793966293,0.0034760460257530212,0.0007923099910840392,0.006996000185608864,0.012368999421596527
1991,0.0010200511060060647,6.629555087531294e-05,0.5717023015022278,0.5023765563964844,0.006335771933945893,0.0013112080839926266,0.009040148523963587,0.001133436506680869,0.014104139991104603,0.0035670516081154346,0.000976509996689856,0.00737700005993247,0.008452000096440315
1992,0.001469443464422892,0.0001322059836084225,1.3728806972503662,0.6115615963935852,0.004050740373378681,0.013906823755125142,0.12407943661536638,0.02772359335988063,0.013327933847904205,0.002405091654509306,0.0016814100090414286,0.02793099917471409,0.09583699703216553
1993,0.002707933094376769,0.00014220597506215,0.569029688835144,0.5424678474664688,0.04360928221522476,0.012911100978126979,0.0661994567362374,0.022435268293036728,0.012687798589468002,0.0028410349041223526,0.003097010077908635,0.03564999997615814,0.08353099972009659
1994,0.0004522656463950836,5.869920884610255e-05,1.4451318979263306,0.584421843290329,0.000432894059492782,0.001912955407347425,0.023436941815603563,0.0020387122784728,0.012729115784168243,0.002806214615702629,0.00032891001319512725,0.004000999964773655,0.02122100070118904
1995,0.0005170044733801119,5.9599387714431466e-05,1.013843059539795,0.6933587938547134,0.007756377322223972,0.002565758411944393,0.016891692737878546,0.0024300597919338987,0.01437572855502367,0.003574348520487547,0.0004039799969177693,0.006051999982446432,0.01674399897456169
1996,0.0006621933885872248,7.902188876152583e-05,1.0588710308074951,0.6966460794210434,9.371259046861796e-05,0.0013265997651551451,0.05009606234707312,0.0046895043354185165,0.012503747828304768,0.0016937404870986938,0.000588210008572787,0.006845000199973583,0.05007000267505646
1997,0.004242796171314934,0.0002932756859536905,0.6657190322875977,0.5722955167293549,0.1941834353950487,0.041415146563478195,0.1554263416180577,0.11293860177461004,0.016776185482740402,0.0026251310482621193,0.004780210088938475,0.17507000267505646,0.10965700447559357
1998,0.0022296125910897307,0.00013635587140664444,0.8046295642852783,0.6467563435435295,0.011588082375657475,0.014199682470697637,0.12779327985466798,0.0338526056298769,0.015036351047456264,0.0023623057641088963,0.0026377099566161633,0.03407200053334236,0.08472400158643723
1999,0.00044562706287687047,5.72110659781965e-05,1.2862517833709717,0.6595924496650696,0.004870782144245281,0.003294989263560964,0.02067691373534772,0.003069711933054036,0.013436922803521156,0.003430308774113655,0.0004069099959451705,0.007085000164806843,0.01812399923801422
2000,0.0008482987222893453,7.386813424750612e-05,0.8987610340118408,0.665072500705719,9.447989733550649e-05,0.001076437288306565,0.03616844360198087,0.0031924552513679927,0.013570624403655529,0.0017368518747389317,0.000829809985589236,0.007381000090390444,0.030365999788045883
2001,0.0007805624510509888,7.241159156416775e-05,1.090179204940796,0.6701447814702988,0.010416701903306713,0.004295108529233771,0.030507682157323114,0.004889126061924669,0.015079951845109463,0.003467143978923559,0.0009315100032836199,0.009735999628901482,0.03083300031721592
2002,0.000999956082639105,7.415330782502456e-05,1.3168447017669678,0.5885153412818909,0.007870676597382257,0.003512084823255067,0.02554435779366744,0.004006366458883609,0.014236336573958397,0.003613442648202181,0.0010813099797815084,0.011242999695241451,0.023152999579906464
2003,0.002211492925966757,9.97080303974465e-05,1.256351113319397,0.5184020400047302,0.020947142738547222,0.0053531370244227355,0.041339395473799924,0.008685450228122147,0.015238109044730663,0.00329171447083354,0.0026138098910450935,0.020167000591754913,0.03965099900960922
2004,0.0009228275554064968,7.411570430140634e-05,1.2036620378494263,0.6334490776062012,0.00437212641794448,0.003975143707487719,0.026861119991650296,0.004245881586436838,0.01279157679527998,0.003295325208455324,0.0008938100072555244,0.00661499984562397,0.022828001528978348
2005,0.0011701829219251906,8.139898320115373e-05,1.455852746963501,0.5087374448776245,0.00019695329925369443,0.002349257799913765,0.04261860337060137,0.004526495921208257,0.012893524020910263,0.0019880812615156174,0.0012978099985048175,0.007805999834090471,0.03508700057864189
2006,0.0009701487775129122,7.038371095259761e-05,0.9470477104187012,0.660505399107933,0.015338702754960533,0.0035199830292306543,0.021306117804138356,0.003842209391295391,0.014417457394301891,0.0036186231300234795,0.0008930100011639297,0.015405000187456608,0.017943000420928
2007,0.001022354688553187,7.017342776180073e-05,1.2667046785354614,0.5843769907951355,0.006665994282550909,0.0023334055629332853,0.018702352707585666,0.0024903739346232093,0.014831779524683952,0.003459267783910036,0.0010131100425496697,0.006051999982446432,0.01740100048482418
2008,0.0007949373957351904,6.365132198387117e-05,1.4490418434143066,0.52935391664505,0.006953708670182862,0.0027998957558115524,0.022432553672019344,0.0029983036424987217,0.01605607010424137,0.003264832776039839,0.0008050099713727832,0.00661499984562397,0.01919800043106079
2009,0.005967099411720917,0.00027275332336165617,0.4055076241493225,0.3980017974972725,0.12198416915436612,0.04178729726358365,0.18429279375853547,0.07761255900290864,0.014480657875537872,0.0024634883739054203,0.007315909955650568,0.11422999948263168,0.2165440022945404
2010,0.003361472406217882,0.0002175697753177008,1.284472942352295,0.6645148694515228,0.024735770795613222,0.02239400430097659,0.13425671158480085,0.0529573670905078,0.010869916528463364,0.0008917492814362049,0.0037873100955039263,0.050944000482559204,0.07672899961471558
2011,0.0004610867014536592,5.327845681049877e-05,0.9114593267440796,0.6771212220191956,0.001287446793723442,0.001466200645584325,0.010713221918223974,0.0010567375499396956,0.01261916570365429,0.003430470824241638,0.00031972999568097293,0.003003000048920512,0.007915999740362167
2012,0.0004886490179087457,4.8574466826812733e-05,1.488802194595337,0.5404480993747711,0.0013505133640131397,0.0013845821269189156,0.009733736403644685,0.0009842569640994723,0.01232595182955265,0.0031344788148999214,0.0005201100138947368,0.0050119999796152115,0.005348999984562397
2013,0.0010587749033441687,7.785402486359906e-05,1.2748287916183472,0.597447395324707,0.004793569801317135,0.004394543733344067,0.029354897851168897,0.0049148043316841125,0.013098157942295074,0.003644136246293783,0.0011021100217476487,0.006835999898612499,0.023698998615145683
2014,0.0005982735661661257,6.205467770362745e-05,1.1008217334747314,0.6827743798494339,0.007162885278821572,0.002958486678606665,0.020076108712396817,0.0029152010888980843,0.014387713745236397,0.0036392873153090477,0.0005483099957928061,0.007348999846726656,0.020041000097990036
2015,0.001248907971067894,9.16112429027717e-05,1.6386489868164062,0.40878790616989136,0.0003637802995041522,0.0034997057123649037,0.054202152985459336,0.0064957858968693084,0.011451352387666702,0.0016813110560178757,0.0012630099663510919,0.013414000160992146,0.03521199896931648
2016,0.0010884858704423273,7.02882750775321e-05,1.283649206161499,0.5670433938503265,0.004793098773525157,0.0024021376905020726,0.018826973523543608,0.0026364549065984004,0.013075640425086021,0.003394508734345436,0.0011337100295349956,0.00698000006377697,0.015922999009490013
2017,0.0030660748730074903,0.00022422659956316073,1.171988844871521,0.6317716091871262,0.1407280973359365,0.03905644458041224,0.13312393120521251,0.08053221810807534,0.0159713514149189,0.002845447976142168,0.0030735100153833628,0.08918599784374237,0.16059400141239166
2018,0.00033023503550739527,5.0076406953235785e-05,0.9865937829017639,0.6993280500173569,0.004044307667487508,0.0014129230133433839,0.009524177408825505,0.0011379663805616115,0.013510405085980892,0.0034959265030920506,0.00024652000865899026,0.0034890000242739916,0.008317999541759491
2019,0.0007143431259051322,5.941718254948619e-05,1.297586441040039,0.6010023951530457,0.005794446166253417,0.0016619011664891661,0.01227228973839621,0.001452578309108308,0.015030620619654655,0.0034964364022016525,0.0006953100091777742,0.0061160000041127205,0.00963599979877472
2020,0.003459316188081371,0.00030240187200733406,0.8360615968704224,0.621827706694603,0.21882338499378634,0.045619246346061904,0.011490387697144373,0.056201946647460865,0.014567777514457703,0.0035970876924693584,0.003670909907668829,0.08476600050926208,0.20418599247932434
2021,0.0008292080349948513,5.6123148591898596e-05,1.6244312524795532,0.4065074920654297,0.007944226057852569,0.0015198294809497669,0.011636007826046662,0.0013741062033022135,0.015976371243596077,0.003243005368858576,0.0008725100196897984,0.006845000199973583,0.010840000584721565
2022,0.0008393568112934403,5.890883043068075e-05,1.5162652730941772,0.4847678542137146,0.008510615423297396,0.0017434629440760087,0.012768637202636546,0.0015950830800031011,0.015732329338788986,0.0034093102440238,0.0009260100196115673,0.007290999870747328,0.012956999242305756
2023,0.0008527882492818967,7.85216664895624e-05,1.2255620956420898,0.6496346294879913,0.00030094739681846565,0.0027741476413946768,0.04280019675504769,0.004794018390520915,0.01271007675677538,0.002247957047075033,0.0008877100190147758,0.008200000040233135,0.0311529990285635
2024,0.0003122548697598284,5.2996445709111714e-05,1.0780302286148071,0.7042921930551529,0.00027048575831294374,0.0011745859438535176,0.01496164852912735,0.0011211420246542182,0.012493763118982315,0.002809694968163967,0.0002682000049389899,0.001623000018298626,0.015317999757826328
2025,0.0008475888296728459,6.616061390780816e-05,0.7293715476989746,0.6115825325250626,0.008289740860274288,0.0021682750610753313,0.014444560345032251,0.002090393372171152,0.013478096574544907,0.0034562726505100727,0.0008489100146107376,0.007586000021547079,0.014421000145375729
2026,0.0011260978713793762,8.855014841208857e-05,1.5903356075286865,0.45008766651153564,0.0063697578809395515,0.005921311155550294,0.04089889940914843,0.007160374471597345,0.013690153136849403,0.0035015749745070934,0.0012785099679604173,0.011524000205099583,0.03261600062251091
2027,0.0016600663132723072,0.00010310569155382162,1.5313172340393066,0.4681655168533325,0.004023614861533116,0.006087054498143401,0.060901522919021525,0.010269960562357204,0.013663715682923794,0.0026583652943372726,0.0017818099586293101,0.018574999645352364,0.03804900124669075
2028,0.00035099675897585115,4.538378014371644e-05,1.1753782033920288,0.6756932735443115,0.0010355078798036281,0.0009309022319041351,0.005938827544146346,0.0005677346361897375,0.012756976298987865,0.003395728301256895,0.0002859800006262958,0.001979999942705035,0.004017000086605549
2029,0.00139806423044571,8.45658585681507e-05,1.304573655128479,0.5530012249946594,0.002963891601496516,0.003525109912293033,0.031139551907349756,0.004780725334161533,0.013360103592276573,0.003321812953799963,0.0014209100045263767,0.008527999743819237,0.024000998586416245
2030,0.005232066186135688,0.0002831839935376491,1.2520157098770142,0.5424642562866211,0.12227491643468186,0.0341223673047792,0.18691436727152835,0.07090336432631056,0.015969019383192062,0.0025163316167891026,0.006325209978967905,0.07982999831438065,0.20552000403404236
2031,0.0012468103528790531,0.0001196901184628155,1.2316639423370361,0.6678971499204636,0.00823660272756606,0.012010618858416049,0.08265531391249506,0.020580303626818786,0.012610468082129955,0.002893611788749695,0.0012176099698990583,0.017176000401377678,0.06580699980258942
2032,0.0006223787365217436,6.13530732185844e-05,1.2238829135894775,0.65029077231884,0.008002864229852913,0.002503075396960644,0.016770967410071794,0.002394894081905609,0.013734803535044193,0.0034396154806017876,0.0005825100233778358,0.006006000097841024,0.017983000725507736
2033,0.000712001466857929,5.4590824375954684e-05,1.5467742681503296,0.4623429477214813,0.004001013258494306,0.0012921799153940814,0.010599688725657102,0.0010724868138398177,0.015534001402556896,0.0033684205263853073,0.0007499100174754858,0.006738999858498573,0.006454000249505043
2034,0.0010341592059605398,6.635151323161202e-05,1.5467822551727295,0.46986284852027893,0.011206735630078788,0.0024978712363257546,0.0185425578019734,0.0026023927193129168,0.015675127506256104,0.003397474531084299,0.001176410005427897,0.009996999986469746,0.01868399977684021
2035,0.0008493378653071298,9.907776770262655e-05,1.1340720653533936,0.6919794827699661,0.005228861686864579,0.009436604322314,0.07075689355921404,0.014558640449869997,0.012113472446799278,0.0026858593337237835,0.0009270100272260606,0.014374000020325184,0.06462900340557098
2036,0.0027011582340766387,0.00019317287691351047,1.1880548000335693,0.6568759083747864,0.008013327367512698,0.021378019865771765,0.18625678285016387,0.05802463793480459,0.01292573381215334,0.0015445947647094727,0.0029060100205242634,0.04736600071191788,0.10776299983263016
2037,0.0007363155955793213,6.349004760688125e-05,1.101365327835083,0.6458591222763062,0.00031081346742026054,0.001411907171337472,0.01651175463011739,0.0015767865846539365,0.012001324445009232,0.0027665034867823124,0.0007239099941216409,0.004989999812096357,0.013499999418854713
2038,0.0008543355251389164,7.635824406464209e-05,1.6116042137145996,0.43701595067977905,0.007065866692581586,0.005953855761229588,0.03506705903183461,0.006383202659183573,0.013506163842976093,0.0035674618557095528,0.0008072099881246686,0.00749000022187829,0.029397999867796898
2039,0.0008970210985778042,6.956901117465079e-05,1.4817898273468018,0.5228216350078583,0.008048129605251014,0.0035661926822065405,0.026467361985377393,0.003889996651867513,0.015842484310269356,0.0035007852129638195,0.0010015099542215466,0.008603000082075596,0.024922000244259834
2040,0.0010968634113721028,9.055274619754184e-05,1.3282684087753296,0.6164456009864807,0.03374424166657336,0.010459834028020098,0.05211234800076026,0.01455017769570869,0.015142939984798431,0.0033725337125360966,0.000982110039331019,0.02297399938106537,0.05247600004076958
2041,0.0010712139807318305,7.109985310332369e-05,1.1999473571777344,0.5919718146324158,0.0017085628854529627,0.00199611567396494,0.015660689077892885,0.0019038882638903708,0.011723898351192474,0.0030101067386567593,0.0011612100061029196,0.0061980001628398895,0.011786999180912971
2042,0.003804636812742904,0.00015192477120469267,1.3510023355484009,0.47959649562835693,0.07133365742415554,0.018996523351620304,0.18073617638321107,0.04979654872005666,0.018027715384960175,0.0016379179432988167,0.004511610139161348,0.07835099846124649,0.1324779987335205
2043,0.0023682240578109396,0.0001322830272105593,0.7954555749893188,0.6322218030691147,0.02179292312671543,0.009558263471011592,0.06178239020354815,0.018842329124691803,0.013838357292115688,0.0031910776160657406,0.0028297100216150284,0.025817999616265297,0.055692002177238464
2044,0.003920763766712916,0.00012620702968625338,1.3146568536758423,0.45138171315193176,0.057930228303285314,0.011237019892205293,0.104566925294691,0.02457490382953645,0.017350126057863235,0.002043509390205145,0.004469410050660372,0.05881499871611595,0.06336599588394165
2045,0.000667878181638564,5.5850988748443555e-05,1.4074532985687256,0.5480374097824097,0.004631426121368478,0.0012469756792482269,0.00877016867225726,0.0010307526718080153,0.014013209380209446,0.003416472114622593,0.0006924099870957434,0.005140000022947788,0.006897000130265951
2046,0.0009551541170714719,6.821791382964718e-05,0.679624617099762,0.5715945735573769,0.00535639133968253,0.0014668020540007417,0.011349293673317593,0.001314893301653547,0.014945149421691895,0.0033875922672450542,0.0009722100221551955,0.00661499984562397,0.009699000045657158
2047,0.0005880282791368219,6.926041219524416e-05,1.201099157333374,0.6793192625045776,0.00023048087669636953,0.0020194622532855133,0.03427641849467969,0.0033304514156641037,0.011841184459626675,0.0018263761885464191,0.0006126100197434425,0.00712599977850914,0.0300539992749691
2048,0.0008869187666077449,6.789998480734684e-05,1.2272160053253174,0.6158646941184998,0.006074188617337429,0.003046522051324573,0.02124015764785139,0.003186290672268763,0.01421832200139761,0.003640498500317335,0.0010059099877253175,0.008527999743819237,0.017613999545574188
2049,0.0004192434882051802,6.711874372795389e-05,1.3980295658111572,0.607222318649292,0.0019411293055069266,0.003895017027727746,0.03428982825541007,0.004460412853853365,0.01237888727337122,0.002985083032399416,0.00032715999986976385,0.009309000335633755,0.025283001363277435
2050,0.000605709952222316,5.770867807672884e-05,1.1297353506088257,0.6626617163419724,0.003046849172443432,0.0011914181381214406,0.009014333954038235,0.000972551997519536,0.014079444110393524,0.003528355620801449,0.0006067099748179317,0.003727999981492758,0.00750399986281991
2051,0.00045742691245502,6.697127801969305e-05,1.2642406225204468,0.6655806601047516,0.0006565148132485985,0.002692024888683387,0.03597074639436896,0.003535788907585151,0.014045489951968193,0.0026969974860548973,0.000335429998813197,0.00406600022688508,0.0346590019762516
2052,0.0008772123633552482,6.404071405751208e-05,1.278038501739502,0.5880540609359741,0.002290918663148566,0.001974060663231592,0.01341421137563121,0.0016299674360690138,0.012600102461874485,0.0032250918447971344,0.0009350099717266858,0.005903000012040138,0.009011000394821167
2053,0.0005214127931132321,6.076751220005687e-05,1.344871163368225,0.6209344267845154,0.013910148491416599,0.0032777892218482946,0.020468192939151014,0.0034103684930180227,0.01534984540194273,0.003496241755783558,0.00039909000042825937,0.012994999997317791,0.016920998692512512
2054,0.0010382737733303888,6.651609156316587e-05,1.4059834480285645,0.5134817063808441,0.005457620412609897,0.0017312075919708413,0.013271690192837313,0.0016645257987334206,0.013532454147934914,0.003451409749686718,0.0010820099851116538,0.006835999898612499,0.010390999726951122
2055,0.0005095736522375573,5.6373726531767606e-05,1.419062614440918,0.5887506902217865,0.0008837978865335712,0.0021230997805244544,0.019808311758432614,0.002122181762504345,0.011649488471448421,0.0027305413968861103,0.00042751000728458166,0.0048859999515116215,0.017753999680280685
2056,0.000611583990186838,6.144188811314961e-05,1.3665194511413574,0.6099258065223694,0.01167942109864666,0.0028313914391064256,0.018937099926209934,0.002886385647768488,0.014963769353926182,0.0034681465476751328,0.0006002099835313857,0.007191000040620565,0.023662999272346497
2057,0.0008751603842621697,6.397442694641898e-05,1.4149620532989502,0.5545141994953156,0.0053080360369718105,0.00254392398816132,0.01812577103659159,0.0025415304657123734,0.013115355744957924,0.003447740338742733,0.0009928100043907762,0.00953499972820282,0.012569999322295189
2058,0.001171283880869697,7.049815075069741e-05,0.37287503480911255,0.4109756238758564,0.014201398488511973,0.002969424804426941,0.017281601835704482,0.0030085135581071768,0.012723552994430065,0.00332133611664176,0.0012287100544199347,0.01308399997651577,0.019872000440955162
2059,0.0014213565879838738,0.0001073128738842546,1.0496206283569336,0.6681366264820099,0.032034317288397104,0.013376175211498809,0.07748699532575437,0.022892144343963514,0.015336704440414906,0.003135263454169035,0.0017542099812999368,0.032519999891519547,0.07087400555610657
2060,0.0004969382359060416,5.090663294175348e-05,1.4378515481948853,0.5720198154449463,0.0028976371474725778,0.001970424433577764,0.012816951711037094,0.0014733535770325035,0.013962924480438232,0.0036074495874345303,0.0004722099984064698,0.0052720000967383385,0.009119000285863876
2061,0.0007336984748004994,6.538164707370651e-05,0.9540473818778992,0.6740755140781403,0.008683293156955828,0.0024372614257821353,0.016638070222964423,0.0024398365743404545,0.014128239825367928,0.0035232272930443287,0.0006699099903926253,0.006829000078141689,0.018048999831080437
2062,0.0010303505116027883,7.121269591713958e-05,1.0476374626159668,0.6279081851243973,0.009024989807955925,0.0025690176365179567,0.019390822268346607,0.0027611263859303424,0.015125615522265434,0.003409325610846281,0.001127609983086586,0.007720999885350466,0.018764998763799667
2063,0.0010748975265296608,6.723154692692731e-05,1.271256923675537,0.554742842912674,0.009941103973586558,0.0016798092271295955,0.01017570865202187,0.0015257610212331633,0.014250163920223713,0.0033849216997623444,0.001122010056860745,0.010979999788105488,0.007550000213086605
2064,0.0010771120754593522,7.437393103489911e-05,0.561881959438324,0.5303338468074799,0.010670327228205802,0.0038609072023991,0.026673879651072485,0.004456418769434613,0.014137223362922668,0.003452582284808159,0.001125809969380498,0.01750200055539608,0.01571200042963028
2065,0.0006201907598447703,5.4801362523471575e-05,1.4204421043395996,0.556896984577179,0.0004521544286734869,0.0011732484499350682,0.012809520080766554,0.0011457185289814069,0.011453244835138321,0.0023004189133644104,0.0006939099985174835,0.003092000028118491,0.010393000207841396
2066,0.0006777655384999847,6.111082085672072e-05,0.7994992136955261,0.6477899998426437,0.0005200900195653101,0.0013855224123336869,0.01525363017937891,0.0014374029890594376,0.01116122119128704,0.002065165899693966,0.0006035100086592138,0.006895000115036964,0.00801400002092123
2067,0.0006745465371153796,6.279727628823384e-05,0.9018032550811768,0.6731071174144745,0.008372564012741505,0.0022914038119579037,0.01451207700491787,0.0021797876618272665,0.012929599732160568,0.0033221053890883923,0.0006638100021518767,0.008791999891400337,0.013926999643445015
2068,0.0007995021454103027,6.79947181969702e-05,0.6287943124771118,0.6130893751978874,0.008637546530461785,0.003087826159994784,0.020514748513279224,0.0032222741506844448,0.01304296962916851,0.003359965980052948,0.00094931002240628,0.012202000245451927,0.017136000096797943
2069,0.0005667378339226419,5.6876952331494184e-05,0.9330106377601624,0.675821453332901,0.001255188947519434,0.0009988865539940605,0.006379357003762704,0.0006398112206194651,0.012488086707890034,0.0032258410938084126,0.00042691000271588564,0.0023980000987648964,0.004482999909669161
2070,0.00041581422781391755,4.982817162936602e-05,1.2883434295654297,0.6424593031406403,0.005089024263179356,0.0012734880375388233,0.009058022513297763,0.0010429388800646732,0.01516820676624775,0.0035099955275654793,0.0003523399936966598,0.00585100008174777,0.006300000008195639
2071,0.0007982675681147485,6.604132946183978e-05,1.6628416776657104,0.4013197422027588,0.0036552873549548738,0.003361088722772351,0.028846595925468392,0.003297648687138865,0.015137440524995327,0.003390058409422636,0.0008751099812798202,0.007381000090390444,0.0212980005890131
2072,0.0017605945427221356,8.162747996668166e-05,1.25179123878479,0.5255969762802124,0.020658861872242314,0.00400917961120016,0.02669202899733912,0.005212298847286027,0.01513206958770752,0.0034387209452688694,0.002003009896725416,0.02080800011754036,0.02154099941253662
2073,0.0006003239075024248,5.37754591619514e-05,1.38998544216156,0.577713817358017,0.004138054965879984,0.001190432094121625,0.00925626776265094,0.0009716216739711946,0.015602120198309422,0.0034759538248181343,0.0006076099816709757,0.004379000049084425,0.00900499988347292
2074,0.0005481290000842253,5.6549470952399505e-05,1.0157651901245117,0.6783903390169144,0.004531941886976672,0.0014872702522198528,0.010654821229855092,0.0012636375034624408,0.013545280322432518,0.0033827414736151695,0.0005463099805638194,0.006314000114798546,0.008070000447332859
2075,0.0008592036196352812,6.855568205150743e-05,0.9301697015762329,0.6576415747404099,0.020070334348549764,0.0035013801888961193,0.018187500403956492,0.003687469610330757,0.015308711677789688,0.0034060259349644184,0.0009177100146189332,0.020733999088406563,0.016279000788927078
2076,0.0008111483593641098,7.979512199626483e-05,1.1041947603225708,0.6644760221242905,0.0013939633214985405,0.0038360025208611344,0.04006753460248389,0.005215645306588908,0.013233738020062447,0.0028410512022674084,0.0008119100239127874,0.008469999767839909,0.034933000802993774
2077,0.0018311178378467815,8.312733207956611e-05,0.8230183720588684,0.5550727397203445,0.023320290460922558,0.0042297405629011416,0.028089331454563427,0.005826495071776405,0.01518346555531025,0.00336842006072402,0.002037310041487217,0.02459299936890602,0.029258999973535538
2078,0.0006523243878866431,5.8055964622291765e-05,1.2096612453460693,0.6557711213827133,0.0015041838796279584,0.0016542793174894725,0.012973873333480672,0.0013634435522304651,0.011594154872000217,0.0026625762693583965,0.0006218099733814597,0.003602999961003661,0.010020999237895012
2079,0.0004955159410209969,5.2661993920937865e-05,1.3551230430603027,0.6087054014205933,0.0039226949604231915,0.0013418983485104766,0.010590789382584998,0.0011176123424756993,0.015442486852407455,0.0034270924516022205,0.00043260998791083694,0.004844999872148037,0.007404000498354435
2080,0.0004223027810174704,5.394707304049611e-05,1.037750482559204,0.6981248259544373,0.004464218720449243,0.0017325004209372283,0.011966448044649544,0.001461627838942243,0.013809146359562874,0.0034751142375171185,0.0003483300097286701,0.005818000063300133,0.008826999925076962
2081,0.0006818011690348115,7.024853741978876e-05,1.308631181716919,0.6407709121704102,0.0011105684706878198,0.00335090103014222,0.031306047346569846,0.003913543149701534,0.011942123994231224,0.0029482566751539707,0.0006526099750772119,0.006314000114798546,0.02789200097322464
2082,0.001032791310164237,6.62587212612271e-05,1.4982340335845947,0.48457401990890503,0.00881632729555708,0.0021676971261804664,0.01699151563910864,0.0022441976870905996,0.01522104348987341,0.003427515272051096,0.0010157099459320307,0.00774300005286932,0.015358999371528625
2083,0.0007612359983951628,7.930896614024901e-05,0.9128788113594055,0.6856735497713089,0.00010120207537908183,0.0012457472575127836,0.04894880439072534,0.004447809229867792,0.013539159670472145,0.0017734738066792488,0.0008401100058108568,0.010754000395536423,0.04035300016403198
2084,0.0014847970601922825,8.82631921098379e-05,0.9329790472984314,0.6194943934679031,0.014177305084912465,0.0049291095300211816,0.03346651727260221,0.006992353473619234,0.013279211707413197,0.0033925888128578663,0.0017149100312963128,0.013365999795496464,0.036122001707553864
2085,0.0005946562729556359,7.098608702301546e-05,1.0952013731002808,0.6865018755197525,0.024836974202242946,0.006289257975118355,0.02943753194751643,0.007401672917411856,0.015080331824719906,0.0035019442439079285,0.0006992099806666374,0.01627499982714653,0.029552999883890152
2086,0.003409579153456617,0.0002950231264239975,1.1691547632217407,0.6935189813375473,0.12847805752937413,0.1212266221001262,0.24694794922831245,0.2189802996632017,0.01217787154018879,0.0025047408416867256,0.00353171001188457,0.06402800232172012,0.2171960026025772
2087,0.0006150411731818747,6.248617799894924e-05,1.2494561672210693,0.6466034948825836,0.003734395624126959,0.003224377058505255,0.02088227098079933,0.0028171019845834727,0.013232051394879818,0.0036053420044481754,0.000628710025921464,0.00661499984562397,0.016635999083518982
2088,0.0010154383171134575,7.489261777753861e-05,1.1509400606155396,0.6257230639457703,0.0030525951405324216,0.00329443331056722,0.02516157152208813,0.003563324888433644,0.013081113807857037,0.0034746616147458553,0.001035609981045127,0.007215000223368406,0.02063700184226036
2089,0.0012448959847374127,8.211527973995061e-05,1.4210381507873535,0.5354550182819366,0.01795503568554753,0.0058948426053712895,0.054307114087699095,0.00959438320400188,0.017147038131952286,0.0025938069447875023,0.0013638100354000926,0.014208000153303146,0.055233001708984375
2090,0.001960800912219014,0.0001537739024752401,1.2068270444869995,0.6560985743999481,0.019505703108898046,0.016284968113680045,0.08969107974995578,0.02930633847438436,0.013081344775855541,0.0028888038359582424,0.0023151100613176823,0.029178999364376068,0.06653600186109543
2091,0.0033512535042495894,9.528621774920775e-05,0.8581502437591553,0.43629808723926544,0.04425639825583915,0.005581016202672907,0.02831455091689705,0.007386845363929095,0.01576315611600876,0.0031691337935626507,0.0037468099035322666,0.04192100092768669,0.030747998505830765
2092,0.0008176426975888396,7.537929618710922e-05,0.9577782154083252,0.6777743548154831,7.445459379379556e-05,0.0009447464231153159,0.04329404036797519,0.0037980069776961146,0.013998502865433693,0.0017055729404091835,0.0007738100248388946,0.006335000041872263,0.03853899985551834
2093,0.0008955154793953012,7.359704010780597e-05,1.1231625080108643,0.6462148129940033,0.004584460776996791,0.003779418738431852,0.025762554699365794,0.003820112394344103,0.01431264914572239,0.0035576741211116314,0.0008779100026004016,0.008553000167012215,0.019085999578237534
2094,0.001362746733469759,0.0001113233657148644,0.9416677951812744,0.6730009317398071,0.020265606044002273,0.011825025385219786,0.05991471960314729,0.018493661188893094,0.014015444554388523,0.0033985786139965057,0.0013888099929317832,0.019005000591278076,0.0626859962940216
2095,0.0004984521702958106,6.169749156448884e-05,1.516645908355713,0.5257567465305328,0.0018934802533790965,0.002854943087128387,0.030890055756809434,0.003119777501081146,0.01482294499874115,0.0030998382717370987,0.0005022099940106273,0.006951000075787306,0.026151999831199646
2096,0.000643214120372461,7.299618718953577e-05,0.7578080892562866,0.6692044883966446,0.003561335214265174,0.004769787803301905,0.03281709756646889,0.00525339699750034,0.011520466767251492,0.0026916484348475933,0.0006806100136600435,0.007414000108838081,0.030709998682141304
2097,0.002766163471432565,0.00017795571517370307,1.4645969867706299,0.556399017572403,0.017367760786785924,0.01728550648319658,0.12234931507690931,0.03895718866999045,0.013242950662970543,0.0020698467269539833,0.0032940099481493235,0.052639998495578766,0.05179700255393982
2098,0.0010773823389357054,7.640264518920918e-05,1.4395060539245605,0.5430160760879517,0.031326015674712944,0.006026661190883268,0.032267182715796636,0.007600845949413879,0.0158762875944376,0.0032311328686773777,0.0013986099511384964,0.025817999616265297,0.03503499925136566
2099,0.00047292553800123467,5.7274543381686144e-05,0.7300642728805542,0.6621672287583351,0.0037269877514434675,0.0022785346003569348,0.014461897269269604,0.0019503583932253344,0.012575831264257431,0.0033118166029453278,0.0005138100241310894,0.006895000115036964,0.01106099970638752
2100,0.0004684133486531059,5.9620392434675334e-05,1.2486865520477295,0.6721120774745941,0.007818855320141474,0.0036756027925490637,0.02323689179926013,0.0036283039715014447,0.015104863792657852,0.0036782054230570793,0.00021763000404462218,0.007720999885350466,0.019182998687028885
2101,0.0007873161470648601,7.749242360623209e-05,1.0942753553390503,0.6854108273983002,0.00011200459003772545,0.0012431544248261714,0.05218182732005273,0.004783295780811832,0.013996092602610588,0.0017411443404853344,0.0007168099982663989,0.008469999767839909,0.04180300235748291
2102,0.0010302843337473182,9.516032391029068e-05,1.0271992683410645,0.6852925568819046,0.019358700533674538,0.009840487758359474,0.0518124663800409,0.013884292514871784,0.014115777797996998,0.0035218754783272743,0.0011204100446775556,0.010800999589264393,0.06910499930381775
2103,0.0006519459728469,5.5897338050953126e-05,1.4607903957366943,0.5368319451808929,0.0050785138023885555,0.0016047718536020095,0.011932051296066197,0.001386529581173808,0.01419615838676691,0.003473518416285515,0.0005478099919855595,0.004989999812096357,0.009943999350070953
2104,0.0007465211331822945,6.247121701657087e-05,0.7806934714317322,0.6352967247366905,0.0053002933617025995,0.0017800199258654543,0.012820765919555539,0.001615481874986226,0.013962848111987114,0.0035043112002313137,0.0007197100203484297,0.0052720000967383385,0.012614999897778034
2105,0.0005073545234461886,5.445409958364843e-05,1.0537892580032349,0.680513858795166,0.004178960240664591,0.0011138238793494569,0.0077365175161167405,0.0008938758701871668,0.014314563013613224,0.003465745598077774,0.0005762099754065275,0.006314000114798546,0.005745000205934048
2106,0.0008913141551071645,6.669468911307184e-05,1.1873375177383423,0.6115722358226776,0.005720250611786419,0.0022091519225263686,0.017018256676421855,0.00222399135804985,0.014512401074171066,0.003454610239714384,0.000872710021212697,0.007381000090390444,0.01515199989080429
2107,0.0009022483163702962,6.818024804334095e-05,0.6968081593513489,0.6212687790393829,0.0032954847175424157,0.002584588027894157,0.01874086350169514,0.0024502956013071845,0.011561944149434566,0.002696203999221325,0.0008447099826298654,0.006310999859124422,0.014535999856889248
2108,0.0014879745423015064,0.00011582399564323933,0.7013232707977295,0.6377201452851295,0.020120043785805387,0.012724682999223292,0.07000015027018246,0.020205888037715274,0.01442976389080286,0.0032788789831101894,0.0016532100271433592,0.026398999616503716,0.05875900015234947
2109,0.0013288961671381685,7.565328268266229e-05,0.7677114605903625,0.5975002497434616,0.01823949427820598,0.003567828917300804,0.020292848175635585,0.004048940462905539,0.013525892980396748,0.00349044194445014,0.0014282099436968565,0.01676899939775467,0.02398799918591976
2110,0.0014546893901604143,9.695398488707065e-05,1.3367489576339722,0.5795152187347412,0.0064810377955056815,0.006638624546302466,0.0449326489039848,0.009667096476314266,0.011875883676111698,0.0028889798559248447,0.0016168099828064442,0.012741000391542912,0.04029200226068497
2111,0.000937312158619177,7.798153022872472e-05,1.2778668403625488,0.6209045350551605,0.00019087239464260744,0.0019858874702696786,0.0493179307630939,0.0047818346802086485,0.014029531739652157,0.001909228041768074,0.0010024099610745907,0.006436000112444162,0.044621001929044724
2112,0.0006918669161928762,7.090750653203397e-05,1.1878070831298828,0.6699399948120117,0.0009311520528980698,0.002958128444766271,0.029443027060531063,0.0034755754361992693,0.01182407233864069,0.002752627246081829,0.0005837099743075669,0.008603000082075596,0.021340999752283096
2113,0.0011562035434498298,9.058089724364835e-05,1.4666194915771484,0.528863251209259,0.0008580445292372902,0.0040936880375780004,0.04867116191892471,0.006790001392260346,0.01182897575199604,0.0022694566287100315,0.0011878099758177996,0.011838000267744064,0.032182998955249786
2114,0.0010024277828386407,0.00012401114827431312,0.9762199521064758,0.7088384330272675,0.0300284464134519,0.030324061515880275,0.11156677594440736,0.0474291957651109,0.012510006316006184,0.0029061888344585896,0.0013037100434303284,0.04687900096178055,0.09053599834442139
2115,0.0006495759514667026,6.030248762357583e-05,0.8617280125617981,0.6698943004012108,0.006482471809622291,0.0016500230575602626,0.010972039829156689,0.001412191064427853,0.01391800306737423,0.0035998490639030933,0.0005892100161872804,0.006279999855905771,0.010119999758899212
2116,0.0014488474578715704,6.720967489580953e-05,1.6820114850997925,0.32346874475479126,0.011545607569367523,0.0022828721480928262,0.0245523512269957,0.0027631534738180256,0.017000019550323486,0.0025139017961919308,0.001677409978583455,0.015776999294757843,0.014161000028252602
2117,0.0015624964741863666,9.18403850316403e-05,0.6147177219390869,0.5536348670721054,0.014360394204570378,0.005960276187240412,0.04238790663846037,0.008548973679875085,0.014326222240924835,0.0032741869799792767,0.001578910043463111,0.021438999101519585,0.03147600218653679
2118,0.0009049612670997713,6.55257608874515e-05,1.1180568933486938,0.6053915172815323,0.005997625908882382,0.0011047011781270821,0.006833626398301517,0.0009006323995491808,0.014289332553744316,0.0035673589445650578,0.0009278099751099944,0.006314000114798546,0.005646999925374985
2119,0.0010814788727825297,8.086450295140464e-05,1.1930553913116455,0.6338484585285187,0.015441401963697511,0.0054007776595748815,0.0377970499698437,0.007092455691364633,0.015078053809702396,0.0034413118846714497,0.00116990995593369,0.009336000308394432,0.041902001947164536
2120,0.001045018051963218,6.956501709107492e-05,1.0116174221038818,0.6262047439813614,0.0062168962239896545,0.002177372383334444,0.016400676057297912,0.0022986318438830465,0.0131355756893754,0.003306663129478693,0.0010940099600702524,0.0091540003195405,0.01078800018876791
2121,0.0005933815331329819,6.893066536185522e-05,1.022542953491211,0.6934521347284317,0.001106879955807651,0.0030719892186358323,0.030769085982459823,0.0035616423404028173,0.01281637605279684,0.002960390876978636,0.00044020998757332563,0.005140000022947788,0.024785999208688736
2122,0.000514168075850633,5.4189328113784656e-05,1.3410638570785522,0.6114126443862915,0.002859781958382669,0.00182292897636729,0.012811369671938425,0.0014830029073637629,0.012940923683345318,0.003256087191402912,0.000581410015001893,0.006982999853789806,0.009039999917149544
2123,0.0006340375272193267,7.5434653988142e-05,1.2956733703613281,0.646150529384613,0.0005999568840452456,0.003761152172486373,0.04534734216916814,0.005640805126830597,0.012084786780178547,0.0022799582220613956,0.0005076099769212306,0.00823500007390976,0.035711999982595444
2124,0.001099201056131596,6.308929671919425e-05,1.5518381595611572,0.4201958179473877,0.006396185900747301,0.0014836680118319881,0.011297980160285813,0.0013607800713855587,0.015043006278574467,0.003636531997472048,0.0011124099837616086,0.006335000041872263,0.009875999763607979
2125,0.001361643703957917,0.00011808712327340527,1.1389671564102173,0.6693635284900665,0.009416522381448088,0.011186410072349799,0.07014877679371376,0.018774267958224726,0.011704910546541214,0.0025608940050005913,0.0015084099723026156,0.02447899989783764,0.044321998953819275
2126,0.0007627637097115677,6.307171853361167e-05,0.6429977416992188,0.607783667743206,0.0002714487995240255,0.0011126562942218776,0.01619717511791621,0.0013918243808305848,0.010966267436742783,0.001411717850714922,0.0007082099909894168,0.004511999897658825,0.012755000032484531
2127,0.0006378793185194279,6.285217317257146e-05,0.9517789483070374,0.6769406795501709,0.0034982312459738325,0.0031855120947703926,0.01992280572965469,0.002793637983963964,0.012980926781892776,0.0034999148920178413,0.0005528099718503654,0.006895000115036964,0.014268999919295311
2128,0.0011804509576539483,7.22013711429002e-05,0.9036118984222412,0.5750692337751389,0.0064383907729804206,0.0015737225023084063,0.011691657932386622,0.0015319403556901864,0.014020264148712158,0.0035199089907109737,0.0011793100275099277,0.007263000123202801,0.009397000074386597
2129,0.0005175224287915635,6.900278583364092e-05,0.8314117193222046,0.6916282027959824,0.011852617596168019,0.005632338235006477,0.029299722895130907,0.006213064541446279,0.013443708419799805,0.003600034862756729,0.0005417100037448108,0.018211999908089638,0.020544998347759247
2130,0.0004817495013568494,5.0912943210596774e-05,1.359546422958374,0.6055249571800232,0.001978328938880582,0.0016376129967989239,0.01173912881109994,0.001128837286822038,0.0148918516933918,0.0038227378390729427,0.0004740100121125579,0.004025000147521496,0.008700000122189522
2131,0.0015084434172232797,9.67354279805087e-05,0.7906472086906433,0.6202000975608826,0.009444447848331209,0.007210580452091325,0.049573742119676314,0.010196624092914615,0.015361984260380268,0.0034061837941408157,0.0018349100137129426,0.015956999734044075,0.04862799867987633
2132,0.0010864858976061267,7.037868896127438e-05,1.035013198852539,0.6092891991138458,0.010342193872775945,0.002301830470344304,0.015609348127568621,0.0023258111729219837,0.014681609347462654,0.003495396114885807,0.0012355099897831678,0.00937699992209673,0.01692499965429306
2133,0.0019006193204067143,0.00010777731454260538,1.507827877998352,0.48324692249298096,0.048547541330549934,0.01134653379479333,0.053170158321894576,0.01618531067900161,0.015014267526566982,0.0033344184048473835,0.0022216099314391613,0.03407900035381317,0.06519299745559692
2134,0.002780774079802591,0.00026004728094565434,1.1038124561309814,0.6838677376508713,0.017988980530007026,0.0782950711501019,0.756290323963966,0.28257138900125045,0.01699949987232685,0.0018634027801454067,0.0031452099792659283,0.12991000711917877,0.30873000621795654
2135,0.0010682577027684246,7.01420110454736e-05,1.5208911895751953,0.4721219539642334,0.00637969671975242,0.002715539226571629,0.021009424674339052,0.002768700358222468,0.014786433428525925,0.0036450312472879887,0.0011762100039049983,0.00823500007390976,0.015964999794960022
2136,0.0012578653981094351,6.329463441647127e-05,1.709871768951416,0.3167811632156372,0.01477718751990249,0.0023264191266923065,0.014260531229543056,0.002228318608476193,0.014476580545306206,0.0036371066235005856,0.0014378100167959929,0.01269499957561493,0.010339999571442604
2137,0.0009014264672775571,6.895685453723921e-05,0.8959484696388245,0.64527328312397,0.004041371356090998,0.0031189994456008725,0.020100392429382694,0.002945859043879855,0.012740593403577805,0.003400809597223997,0.0008486100123263896,0.006829999852925539,0.019224999472498894
2138,0.0016526436753629698,0.0001601513226738323,1.0812052488327026,0.7071636319160461,0.00892945057044746,0.029155544392074073,0.1619386544258251,0.05835567580308075,0.0113194789737463,0.0015556346625089645,0.001889109960757196,0.057962000370025635,0.07996900379657745
2139,0.0003191581279132059,5.619387095472767e-05,1.389158844947815,0.6199052631855011,0.00935177605417114,0.003178175143252868,0.02228329585223122,0.0032819068037577004,0.015843555331230164,0.0033550099469721317,0.00029612999060191214,0.00673400005325675,0.021807000041007996
2140,0.0009342308750006919,7.048076537726855e-05,0.4493129849433899,0.48474177345633507,0.019392238125716388,0.0039029943157386964,0.019884311199719094,0.004244508171993726,0.013998813927173615,0.0035321232862770557,0.0008565100142732263,0.015652000904083252,0.026142999529838562
2141,0.0008184789184732269,6.421683061851491e-05,1.144748568534851,0.6146702021360397,0.005168628642853762,0.0015844790367765974,0.01321204398196147,0.0015253714747851524,0.015435849316418171,0.0033413157798349857,0.0007281100261025131,0.0065299998968839645,0.010577999986708164
2142,0.0032020937008494666,0.00020478721788369384,0.43546628952026367,0.46600185334682465,0.0034379058854039643,0.029339805896217618,0.4314043070188215,0.10941686991570487,0.015398218296468258,0.0015936996787786484,0.0037563100922852755,0.07908400148153305,0.17816999554634094
2143,0.0011596801065973709,7.717996907094754e-05,1.0551831722259521,0.6047193557024002,0.0060458175921578065,0.0032161851875067153,0.023103605840040387,0.003530068636953248,0.01476867776364088,0.003709114622324705,0.0013274099910631776,0.007720999885350466,0.024602999910712242
2144,0.0007861858392459413,6.817778282359815e-05,0.834562361240387,0.6675964593887329,0.009458701250046345,0.003070984235593137,0.020733269610209566,0.003173293109684512,0.013921749778091908,0.0035312408581376076,0.0007965100230649114,0.011106000281870365,0.021508000791072845
2145,0.00045906411000434235,5.7678519740123795e-05,1.1775511503219604,0.6797746270895004,0.0030744383516237987,0.002822512190733331,0.019728205172185462,0.0024020535512144243,0.01369259599596262,0.0035592676140367985,0.00041901000076904893,0.006384999956935644,0.015102000907063484
2146,0.0007788327515721321,7.88284610253529e-05,0.8917491436004639,0.690549299120903,0.008711243748504417,0.006537363266962818,0.03612480722156373,0.00713075517263718,0.013584127649664879,0.0036107138730585575,0.0007928099948912859,0.009309000335633755,0.03535100072622299
2147,0.0008703992033917363,8.699540192839831e-05,0.9863177537918091,0.6863052695989609,0.010960950297107192,0.009038556343686091,0.046171741853474495,0.010980334882292199,0.013015462085604668,0.0033431225456297398,0.0009675099863670766,0.016852999106049538,0.03814399987459183
2148,0.0030475032512978133,0.00016161931822170897,1.3156055212020874,0.5823265910148621,0.03026525901765872,0.02372877443820018,0.16886519092718008,0.05437166323160565,0.01564129814505577,0.002196825575083494,0.0035785099025815725,0.03893499821424484,0.13120299577713013
2149,0.0003465527991813504,5.033230057317753e-05,1.1444584131240845,0.6942150592803955,0.005304741325159342,0.0014055710300527268,0.009465521629697833,0.0011707141930813892,0.014316570945084095,0.003552371170371771,0.00027657998725771904,0.004480000119656324,0.0097889993339777
2150,0.0005723643139063337,5.709568080576106e-05,1.0717759132385254,0.6728515774011612,0.005151538509629402,0.001635881695241788,0.012118038188277508,0.0014350248512125978,0.01469435915350914,0.0035075037740170956,0.0005816100165247917,0.00661499984562397,0.008311999961733818
2151,0.001017700753827867,6.525881564435008e-05,1.369402289390564,0.5338881313800812,0.009480160728868805,0.0018212016511508552,0.01366448959588239,0.0017739595659355444,0.015926077961921692,0.0032738065347075462,0.001004909980110824,0.007579000201076269,0.014549999497830868
2152,0.0006300825739051423,6.750392211686085e-05,1.0440508127212524,0.6835286617279053,0.0010273191849971262,0.002390642924775069,0.02274933785193283,0.002476953924729323,0.01244349405169487,0.0032378067262470722,0.0005943099968135357,0.006940999999642372,0.01576700061559677
2153,0.0013581229879648775,0.00010196973176429492,0.9705765843391418,0.6592576950788498,0.01078268414980223,0.008686554769468504,0.057937129853094384,0.012832744224970109,0.014704672619700432,0.003232602495700121,0.0015974099515005946,0.021800000220537186,0.04639999940991402
2154,0.0014552453178006425,8.041660611407791e-05,1.3019165992736816,0.5508202314376831,0.00024313318015897794,0.0019050549885900692,0.03986913743706134,0.0043843502192548525,0.01366139855235815,0.0018818615935742855,0.00145880994386971,0.008012999780476093,0.03085399977862835
2155,0.00172030605011478,9.282805715775258e-05,1.4012548923492432,0.5051074326038361,0.02135314908119347,0.005942509246790326,0.041352503603782585,0.008500544149399412,0.015100786462426186,0.0032799537293612957,0.0020765101071447134,0.02096400037407875,0.041888996958732605
2156,0.0006062844901741438,5.7579784860937186e-05,1.1932997703552246,0.6665668785572052,0.006131115281575494,0.0018959173249904209,0.013141399403664307,0.0017384813490570776,0.012842990458011627,0.003252210561186075,0.0005992099759168923,0.0061160000041127205,0.011130999773740768
2157,0.000833062646916937,6.034477228752255e-05,1.451735496520996,0.5206965804100037,0.004837352594072909,0.0014880901023600955,0.012536835386074988,0.0013460552003539622,0.015692060813307762,0.003328359220176935,0.0008846099954098463,0.006895000115036964,0.008208000101149082
2158,0.0009860114106136225,8.19531045858014e-05,1.441995620727539,0.5403249859809875,0.0028794534020964006,0.004565795064641281,0.040492184876345066,0.005954821377738624,0.013238580897450447,0.0031547173857688904,0.001094509963877499,0.012670000083744526,0.031505998224020004
2159,0.0006842117602710018,6.151156132009678e-05,0.6382237672805786,0.5881849601864815,0.002995327021523606,0.0017863797157165995,0.012567496324878738,0.0014219514700511806,0.013436773791909218,0.003686787560582161,0.0005367100238800049,0.005140000022947788,0.010149000212550163
2160,0.0013213458419104064,7.456859609997722e-05,1.5647289752960205,0.41731250286102295,0.010233266763503564,0.0031995854736063985,0.02809627922862769,0.0038647736320325376,0.01595948450267315,0.003061236348003149,0.0013999099610373378,0.00901500042527914,0.024945000186562538
2161,0.0008431067724690449,6.927630810649003e-05,1.101332664489746,0.647233858704567,0.00473939164969794,0.0032867188728623433,0.02196269009644849,0.003212896565483618,0.013653396628797054,0.0035135438665747643,0.0009498100262135267,0.006738999858498573,0.01939000003039837
2162,0.0010162625690357835,6.668962365305724e-05,1.4371827840805054,0.5145169496536255,0.00835133738620294,0.0025198342491327373,0.020375292243170726,0.002707994114368591,0.01539478451013565,0.0032530934549868107,0.0010530099971219897,0.01015899982303381,0.014588000252842903
2163,0.0018703507803268674,0.00010206915322709799,0.45313578844070435,0.49119623750448227,0.01466427915045743,0.007399307371014327,0.04816791573689825,0.011690313758128037,0.011361081153154373,0.0020239995792508125,0.0022015098948031664,0.018099000677466393,0.05873100087046623
2164,0.0004159176484809298,7.023375215438121e-05,1.4285297393798828,0.5859969854354858,0.0056768226878999035,0.006052544175370868,0.042477392951247694,0.006912736404108125,0.014176910743117332,0.003482306841760874,0.00036179000744596124,0.010143999941647053,0.03240299969911575
2165,0.002216147680291856,0.00013364983737131964,1.005133867263794,0.671801745891571,0.000630724895459365,0.006490704018107872,0.11984882629372146,0.023320868554097506,0.010860903188586235,0.0008330247364938259,0.0023908100556582212,0.04125000163912773,0.06341399997472763
2166,0.0008396891061511425,6.785335508232898e-05,0.7673143148422241,0.6336433663964272,0.005732982967126923,0.0024763199167134498,0.01809814417868279,0.002434709925310266,0.014337371103465557,0.003616255708038807,0.0008345100213773549,0.005907000042498112,0.01763400062918663
2167,0.0007893484711213169,6.560561402772623e-05,0.4275533854961395,0.48605023324489594,0.004159128535768417,0.0026930481034002354,0.019012992172284308,0.00256835972792609,0.01174528244882822,0.002803156152367592,0.0008669099770486355,0.008578999899327755,0.014028999954462051
2168,0.000649853091567081,6.421206877821019e-05,1.0979104042053223,0.678191527724266,4.341101547990159e-05,0.0003688686516308201,0.024853150552773904,0.0016930542241501752,0.014681866392493248,0.001672943588346243,0.0006942100008018315,0.00673400005325675,0.017981000244617462
2169,0.0029411492601888636,0.00018377001477343897,1.5376713275909424,0.45738503336906433,0.09798248999428699,0.0339834451209195,0.3087803487866215,0.0976334885670077,0.018324853852391243,0.0014882935211062431,0.0034443100448697805,0.09057500213384628,0.22265499830245972
2170,0.0007699959442595912,6.372628719696012e-05,1.6630561351776123,0.38356131315231323,0.0010259310490044456,0.0021373037119722747,0.023867282194965922,0.0022068370400882033,0.013634725473821163,0.003037181682884693,0.0007238099933601916,0.004989999812096357,0.02002600021660328
2171,0.0003604637853176174,4.500993735075801e-05,1.608390212059021,0.45376765727996826,0.006358347356383669,0.0012369424927674076,0.007942132951016779,0.001010608978871039,0.015469901263713837,0.0034074108116328716,0.00035690999357029796,0.006845000199973583,0.006037000101059675
2172,0.0006614311410475483,5.352202108145079e-05,1.595454216003418,0.450900137424469,0.0049008630829992204,0.0016446255607597637,0.013504825961156649,0.0014349488621393349,0.015415799804031849,0.0032417415641248226,0.0006075099809095263,0.00661499984562397,0.008611000142991543
2173,0.0008026355027719353,7.184155424166022e-05,1.6477898359298706,0.4069565534591675,0.00294191953924976,0.003919719058570989,0.0447484191686197,0.004989822225235373,0.015348048880696297,0.0028366525657474995,0.0008853100007399917,0.008293000049889088,0.03734400123357773
2174,0.0009558402257538601,8.405022007298795e-05,1.3119840621948242,0.6074106097221375,0.0045336862694029005,0.005930890693463984,0.041374132588232554,0.007727008878298809,0.012066025286912918,0.003151159267872572,0.0009583099745213985,0.009309000335633755,0.03369100019335747
2175,0.0031454415383746722,0.00021149449410832327,0.9579671025276184,0.686043843626976,0.014687272949946742,0.019527265936193847,0.16056556644672088,0.0517805366104669,0.012923747301101685,0.0016926606185734272,0.0036341100931167603,0.05190400034189224,0.10133899748325348
2176,0.0003920789595804768,4.7856844253146624e-05,1.320425271987915,0.6370935142040253,0.0026506840424056683,0.001141211374811709,0.007788819228550837,0.0008630964448814735,0.014003652147948742,0.0035174014046788216,0.00025775001267902553,0.002346999943256378,0.00636899983510375
2177,0.0004674687650160425,5.9611372292928984e-05,0.7243036031723022,0.6604708358645439,0.00641070432024622,0.0021978460539652904,0.014712390507257693,0.0019577435181048755,0.013687639497220516,0.0036131814122200012,0.0004704100138042122,0.006041999906301498,0.01574300043284893
2178,0.0006175417750437607,6.046979600009966e-05,0.688188910484314,0.643644742667675,0.004355445686120374,0.0019556164267521296,0.01396198513255126,0.0017723098652340109,0.013073455542325974,0.0033588246442377567,0.0005552099901251495,0.005166000220924616,0.012811999768018723
2179,0.0007895170567426065,6.202848924853648e-05,0.5709563493728638,0.5464666336774826,0.00623207160805538,0.0016295120271836603,0.010839515257003484,0.0014218335239356587,0.012518765404820442,0.0032983291894197464,0.0006986099760979414,0.006314000114798546,0.01128700003027916
2180,0.0022555150805406154,0.00017788532410795382,0.5284730195999146,0.5288232192397118,0.11563584283192177,0.03932673907042923,0.07257021734943411,0.06863007425464365,0.014949755743145943,0.0033809905871748924,0.002717209979891777,0.05044100061058998,0.22060899436473846
2181,0.0006292450101898215,6.0769873311429046e-05,1.1877269744873047,0.6571646630764008,0.009206663459154477,0.0026997212222306037,0.017691055271803733,0.002620037437207596,0.013977119699120522,0.0034944135695695877,0.0006495100096799433,0.00786499958485365,0.01724100112915039
2182,0.001049187918540646,7.76873488233244e-05,1.568145513534546,0.4536864459514618,0.010122869107455168,0.004776171077621509,0.0369625882877079,0.005771514002453914,0.016251012682914734,0.003222845494747162,0.0011955100344493985,0.011625999584794044,0.031679000705480576
2183,0.000373929448532907,4.42559681979574e-05,1.4387609958648682,0.5814401209354401,0.0032032488378970045,0.0007907733464762035,0.0057865943476808675,0.0006012635881602196,0.015581918880343437,0.0033976524136960506,0.00028981000650674105,0.0029299999587237835,0.00508899986743927
2184,0.0008973077478269258,7.244558171360743e-05,0.6916652321815491,0.611143097281456,0.006325526474999472,0.0038930288148346258,0.025647412125686185,0.0042499714981215075,0.01239496748894453,0.003254213836044073,0.0008201100281439722,0.008255000226199627,0.022460000589489937
2185,0.0007054328302408696,6.796466548743025e-05,0.7602760195732117,0.6562223881483078,0.006087394639383168,0.004148923219387972,0.025545556815469085,0.004360260045889479,0.011950651183724403,0.0027641509659588337,0.0007059099734760821,0.010347999632358551,0.022797999903559685
2186,0.002769127780575436,0.00014298471913813844,0.5695692300796509,0.5215260908007622,0.07693139898176188,0.017887231564110425,0.0659236329921354,0.02775271291839245,0.015623738057911396,0.003129543736577034,0.0032340099569410086,0.048420000821352005,0.08504699915647507
2187,0.0006952029199213356,5.603596936012826e-05,1.5420209169387817,0.4812750220298767,0.005171384559647876,0.0018993291340560785,0.014838143478005422,0.001721338833551636,0.01505595538765192,0.0034763175062835217,0.0007197100203484297,0.005752999801188707,0.012117000296711922
2188,0.0008724189453925085,7.321595186983258e-05,1.4941924810409546,0.5199858844280243,0.004384165594482153,0.004474707249746024,0.030944292585426404,0.0048587802426604265,0.012927967123687267,0.0034382324665784836,0.0009826100431382656,0.006829000078141689,0.030949998646974564
2189,0.0007224567537008065,5.499921687837216e-05,1.6448092460632324,0.39220499992370605,0.005390329393266992,0.0016045644053577245,0.014362546576589051,0.001462280304295193,0.01621096208691597,0.00311103742569685,0.0007717100088484585,0.00737700005993247,0.011502999812364578
2190,0.003425782290043353,0.00020059837658383396,1.5108546018600464,0.5101659893989563,0.05409896877968329,0.04742542728106873,0.2874096849086398,0.10576200649815481,0.015648191794753075,0.0019369390793144703,0.0039314101450145245,0.07344900071620941,0.1445470005273819
2191,0.00023623743194652318,4.388228853297525e-05,1.3108527660369873,0.6535742878913879,0.0026709296244227855,0.0014062233981343535,0.010207754258553386,0.0010489283757661293,0.015537315979599953,0.0035577528178691864,0.00015765000716783106,0.003476999932900071,0.009233999997377396
2192,0.0003423753634237607,5.210941476918316e-05,0.555333137512207,0.5932648554444313,0.004253888350612835,0.001449085475526014,0.01007027630163786,0.0011851000656114647,0.01375957578420639,0.0036145634949207306,0.0003165800007991493,0.004645999986678362,0.008733000606298447
2193,0.0009072698778402498,8.631180287967067e-05,0.9195342659950256,0.6774801760911942,0.010932735299243636,0.007760867480117802,0.04159893503065388,0.009433120773930031,0.013236604630947113,0.003382123541086912,0.0008954100194387138,0.014918000437319279,0.036685001105070114
2194,0.0005399006761736888,5.365673277143396e-05,1.2602803707122803,0.6313712298870087,0.0044165382587971255,0.0011495770392438206,0.008329510649055988,0.0009213183101011747,0.0152428038418293,0.0035300981253385544,0.000600609986577183,0.005818000063300133,0.004763999953866005
2195,0.00037317478275649855,5.183938394369691e-05,1.4238934516906738,0.5864221751689911,0.003178978760243351,0.002700250537230534,0.01749062633551133,0.002198563538188744,0.013971267268061638,0.0035121189430356026,0.0003872299857903272,0.007381000090390444,0.013219999149441719
2196,0.000797504970375335,7.179934576763148e-05,1.1081914901733398,0.6757680326700211,0.0065289977006304884,0.003664759480437692,0.02581225193587191,0.003934695058575424,0.013502233661711216,0.0035655954852700233,0.000788410019595176,0.008255000226199627,0.02442299947142601
2197,0.0014871717787874254,7.383474574988952e-05,1.5946621894836426,0.3892258405685425,0.008792315038796286,0.0027408840288118243,0.030140307073603063,0.0035851385387040604,0.01689157262444496,0.0026637306436896324,0.0018049100181087852,0.011625999584794044,0.02314699999988079
2198,0.0015236774417097766,8.991361989522256e-05,1.0569967031478882,0.6299091130495071,0.018325518789731106,0.005618276391660704,0.0360236484767126,0.008236408416574218,0.012755469419062138,0.003275585360825062,0.0015692099696025252,0.018007000908255577,0.03459300100803375
2199,0.0004610955609819105,5.9602485476074424e-05,0.9630078077316284,0.705520361661911,0.005897520515109234,0.002617805748007189,0.017158358274262493,0.002432318854304831,0.012870593927800655,0.0032642134465277195,0.0003630499995779246,0.006310999859124422,0.015015000477433205
2200,0.0009219975901315135,7.098336017054936e-05,1.6334707736968994,0.4149612784385681,0.02789078110017871,0.00572227594073633,0.038898847415955,0.008049330276590928,0.017021706327795982,0.0025850115343928337,0.0009572100243531168,0.026398999616503716,0.033503998070955276
2201,0.0018357911454456367,0.0001010808948662381,1.0175985097885132,0.659191444516182,0.045794161662642316,0.010284220668018807,0.03871653355391626,0.013787230319989267,0.012698793783783913,0.00335878087207675,0.002050909912213683,0.03413400053977966,0.04621100053191185
2202,0.0007412131949257635,6.427278392113703e-05,0.9179693460464478,0.6587229520082474,0.006241312478660408,0.0022435070668974056,0.015892907153695048,0.002150559474143928,0.013283374719321728,0.00343380868434906,0.0006882100133225322,0.006829000078141689,0.016524000093340874
2203,0.00033419608651827864,5.8517577681575355e-05,0.7856084704399109,0.6987779960036278,0.008465346313782261,0.0031353802710033752,0.020414076057621404,0.0030913936982363745,0.014277707785367966,0.003604754339903593,0.0002281299966853112,0.00901500042527914,0.020535999909043312
2204,0.0007883342508450338,6.634351258379552e-05,1.3538262844085693,0.6074058413505554,0.0175668010673183,0.0037674185663962544,0.021022860002026994,0.00393302780215476,0.014782962389290333,0.0036348714493215084,0.0008533099899068475,0.011926000006496906,0.02249399945139885
2205,0.0007832125755136809,7.106705838886673e-05,1.0198206901550293,0.6793530881404877,0.006917966529770375,0.004277968934366459,0.027673292162852976,0.004672164722820423,0.013081969693303108,0.003483416046947241,0.0008251100080087781,0.006845000199973583,0.02909199893474579
2206,0.00047854503989268386,5.716348216303917e-05,0.6564789414405823,0.6432376205921173,0.006431410305304209,0.002002978990837877,0.01332407678840809,0.0018100526775141814,0.013054624199867249,0.0033476268872618675,0.00037712001358158886,0.007946000434458256,0.01153900008648634
2207,0.0012502724226635194,9.960693349280912e-05,1.3570997714996338,0.6094810366630554,0.025214081774390766,0.010829267392834891,0.05310831299358676,0.015851227047713096,0.013240833766758442,0.0033086780458688736,0.0014965099981054664,0.01648700051009655,0.0619719997048378
2208,0.0008201089032824276,7.007109503615153e-05,0.920071005821228,0.6671118587255478,0.016210029025633822,0.003678199894541747,0.02243708605069986,0.004135203972059376,0.015015963464975357,0.0034917742013931274,0.0008010099991224706,0.01648700051009655,0.019492000341415405
2209,0.00031968507188740667,6.317484354869253e-05,0.769931435585022,0.690817229449749,0.0020548399283179144,0.003918709438893481,0.030995042646199972,0.004259532211730211,0.01156563963741064,0.002397536300122738,0.0002944899897556752,0.006006000097841024,0.03044399991631508
2210,0.000668917345257359,6.295536926891483e-05,1.309372067451477,0.6263901889324188,0.008571048313992236,0.0028172802366951593,0.02005849879084405,0.0028353187295669362,0.014714386314153671,0.003602102864533663,0.0006333100027404726,0.006835999898612499,0.019314000383019447
2211,0.0004523026422796135,5.6504212481939514e-05,1.0536994934082031,0.6955129653215408,0.0058629602668222635,0.002294964844903718,0.01664134049922162,0.002059684265476004,0.015273702330887318,0.0036861528642475605,0.0003964299976360053,0.00698000006377697,0.01523900032043457
2212,0.0005894290260013638,6.295463587096357e-05,1.3198107481002808,0.6266847848892212,0.00016836972398439034,0.0013213385440363169,0.02252937320424198,0.0018441716431370526,0.012612760066986084,0.0021973028779029846,0.000587310001719743,0.00661499984562397,0.014411999844014645
2213,0.0007813749046657913,6.444491389866853e-05,0.7495514750480652,0.6354803219437599,0.0059369531720973425,0.0018216345546242475,0.0131035066424434,0.0016773677228736333,0.013468723744153976,0.0034065558575093746,0.0007271100184880197,0.00749000022187829,0.009627999737858772
2214,0.0018158578194064107,9.255401844522669e-05,0.8912466764450073,0.6038587838411331,0.018662496895872162,0.0053476198171543135,0.03568507863489905,0.00827701271153428,0.013915011659264565,0.0034330920316278934,0.0019345099572092295,0.022938000038266182,0.028889000415802002
2215,0.0008321082807054831,6.699781187679784e-05,1.0633071660995483,0.6640465259552002,0.006764024969023103,0.0025088504287230566,0.018181620450579906,0.00249928347493273,0.014225232414901257,0.0034404825419187546,0.0008973099756985903,0.006951000075787306,0.017319999635219574
2216,0.0007284549143884277,6.887784257980151e-05,0.8563918471336365,0.6668875813484192,0.0056972628413338765,0.004203745369986243,0.024419421252388482,0.004195521007696072,0.012479634024202824,0.0032073273323476315,0.0007675099768675864,0.006845000199973583,0.02305999957025051
2217,0.0007599040556316953,6.836627203117058e-05,1.2774643898010254,0.629971981048584,0.002316378435015524,0.002969093031502685,0.025076894518164437,0.0031231667027912403,0.01316803228110075,0.003197731915861368,0.0008619099971838295,0.008541000075638294,0.01872199960052967
2218,0.0014973489055382287,9.637697402026832e-05,1.2051434516906738,0.6132668256759644,0.02454656953403375,0.008573665504342274,0.05654087038574575,0.013665863373884729,0.015500348061323166,0.0031800796277821064,0.001689509954303503,0.030567999929189682,0.040428999811410904
2219,0.00047425981845530644,5.983427656186524e-05,0.9840143322944641,0.7037814557552338,0.006986159869003244,0.0028399697888529057,0.019092327451551636,0.0027314211956172146,0.014334624633193016,0.003489243797957897,0.0004566099960356951,0.010228999890387058,0.015557999722659588
2220,0.0018449264260907022,0.00011447688883056142,1.3444249629974365,0.582419365644455,0.06618504865542997,0.015164417649704411,0.053177105830074116,0.02012455133285783,0.015069197863340378,0.003467859234660864,0.0020751100964844227,0.05770900100469589,0.039420999586582184
2221,0.0005597270596433145,5.7945333538249376e-05,0.6994369029998779,0.644641324877739,0.0029348122181402218,0.0017887608519824329,0.012778850934690203,0.001397046287070232,0.014652096666395664,0.0036734077148139477,0.0004967100103385746,0.004484999924898148,0.01153900008648634
2222,0.0002605130119669453,5.0386051708062435e-05,1.1287696361541748,0.6971246600151062,0.0014467539227148024,0.0018179140721900292,0.014977176238506655,0.0014686789300200447,0.013621218502521515,0.003501777071505785,0.00021768000442534685,0.0025160000659525394,0.014111999422311783
2223,0.00035766962194880736,4.8849839411678925e-05,0.8841466307640076,0.704320140182972,0.0022581937243338576,0.001057650188716499,0.007670434830504171,0.0007735096378510492,0.014980180189013481,0.003656670916825533,0.00027690999559126794,0.0036140000447630882,0.004997000098228455
2224,0.0006239541307124961,5.955387092158366e-05,0.7790150046348572,0.6579219102859497,0.0027247838708945988,0.002014425213822741,0.013697047405175505,0.0016134497099489003,0.012241566553711891,0.0031075445003807545,0.0006228099809959531,0.0048859999515116215,0.011376999318599701
2225,0.0006236144257664402,6.49984937827981e-05,1.2210965156555176,0.6554303765296936,0.0001852204733021645,0.0013371187305215846,0.03782087823567064,0.0030558839666610382,0.01606212742626667,0.0019265757873654366,0.0006531099788844585,0.005903000012040138,0.03390200063586235
2226,0.0006991611893381793,6.971801879297133e-05,1.3087594509124756,0.6187570989131927,0.00017477865150403285,0.0016554610388291708,0.03351783399327784,0.0028698906743931593,0.013653066009283066,0.002169425133615732,0.0007962100207805634,0.006951000075787306,0.031233999878168106
2227,0.00030280166337082296,6.280189978268187e-05,1.0254969596862793,0.7166163325309753,0.00821901394693602,0.005178023645740983,0.028389042776631637,0.005258778614250717,0.013713196851313114,0.0036279698833823204,0.0002887799928430468,0.006895000115036964,0.028365999460220337
2228,0.0009607021618896126,6.61323135126858e-05,1.4067082405090332,0.5257986187934875,0.003577854890620115,0.0020303189471314407,0.015516946746192238,0.0019861193203106553,0.012731664814054966,0.00316788163036108,0.0009802100248634815,0.0078050000593066216,0.011291000992059708
2229,0.0018374638653475173,0.00015831843160441666,1.1534757614135742,0.6679681986570358,0.0006364196799689562,0.015534522031745338,0.25416115013359,0.05496230634668814,0.014533107168972492,0.0018544048070907593,0.0019514099694788456,0.03893499821424484,0.14686299860477448
2230,0.000988594079829514,6.725127208025231e-05,1.2725874185562134,0.5898285508155823,0.011043258992973178,0.002366401093950027,0.017460708153971608,0.0024511218856582712,0.015476617030799389,0.003318214789032936,0.0010433100396767259,0.012501000426709652,0.013097000308334827
2231,0.0008436600572573836,6.592632802319759e-05,0.7958186268806458,0.6240436360239983,0.007777009606623433,0.0019200482698101123,0.014357844100718373,0.001870749346098593,0.015045272186398506,0.003472865093499422,0.0008489100146107376,0.006835999898612499,0.013903999701142311
2232,0.0016556367337306251,7.71135320408702e-05,1.3317897319793701,0.48642539978027344,0.01282615841568666,0.002486908012462803,0.02488771399434112,0.0033836091419396502,0.017108192667365074,0.0025383378379046917,0.001887909951619804,0.012457000091671944,0.02316099964082241
2233,0.0006425269803802444,5.3382580091332755e-05,1.6334437131881714,0.401436448097229,0.006803276686914175,0.0018337468529186348,0.013121416425275293,0.001615927513663737,0.014566133730113506,0.0035139983519911766,0.0006731100147590041,0.0074800001457333565,0.011277999728918076
2234,0.0004897649024243885,6.215108077723512e-05,1.2862443923950195,0.6411044001579285,0.003849145621777675,0.0036860894715662804,0.026241229211366224,0.003523964115173679,0.014012864790856838,0.0034854779951274395,0.0004898100160062313,0.008603000082075596,0.019409000873565674
2235,0.0005067273900019703,5.028675231600081e-05,1.3531113862991333,0.5900786817073822,0.0027050209281823043,0.0009135001197945426,0.006571519718101982,0.0006617699477328327,0.014971524477005005,0.0037086731754243374,0.00040720999822951853,0.001979999942705035,0.005874000024050474
2236,0.0009956232632127836,7.094033775329313e-05,1.035142421722412,0.6364991813898087,0.002583863649974861,0.0028223568969369824,0.021766803742531274,0.003057958060353602,0.012079449370503426,0.0030647041276097298,0.0010807099752128124,0.006051999982446432,0.018818000331521034
2237,0.00038574251886052877,5.484221376093434e-05,0.9275665283203125,0.6966111809015274,0.004928136665889637,0.001976209025260244,0.013741385676107441,0.0017025926152850687,0.01383080892264843,0.003574097529053688,0.0004155100032221526,0.00661499984562397,0.01093200035393238
2238,0.0008276417458556337,6.62098018890375e-05,1.228376865386963,0.6274501085281372,0.018097503350130755,0.003226948373814106,0.01644631129252162,0.0032624040495737435,0.014631836675107479,0.003562544472515583,0.0009131099795922637,0.01308399997651577,0.018779000267386436
2239,0.0008080997661322997,8.500804218634233e-05,0.8296109437942505,0.6892121061682701,0.01439777535171097,0.0076052954264053075,0.04203709241077599,0.009591069088180654,0.01332531962543726,0.003445117734372616,0.0008671099785715342,0.01937600038945675,0.039000000804662704
2240,0.0015441804626752926,0.00013505577538447725,1.105606198310852,0.6879020929336548,0.08421293417272901,0.02985760401069741,0.04534546265513193,0.041533317362448176,0.013498421758413315,0.0036221356131136417,0.001712010009214282,0.06014600023627281,0.057590000331401825
2241,0.0005475416351540593,5.558864215089368e-05,0.8463234901428223,0.656200721859932,0.003587161413794893,0.0011016084311071576,0.007800556854033576,0.0008584261147406257,0.014176886528730392,0.0035901968367397785,0.0004519099893514067,0.0034890000242739916,0.007073999848216772
2242,0.0006555496169092372,6.083587607086632e-05,0.9148200750350952,0.6603311747312546,0.004770266187825572,0.00128310915489813,0.009969107356108599,0.0010953375050158825,0.01541815884411335,0.003420233726501465,0.0005767099792137742,0.005326000042259693,0.009589999914169312
2243,0.0013361602429387829,7.836340636736144e-05,1.577246904373169,0.4161379337310791,0.0049429685401599635,0.0035971610229526938,0.026157506395693603,0.004014672207344807,0.013025384396314621,0.0034576281905174255,0.0013874099822714925,0.010347999632358551,0.019074998795986176
2244,0.0007655282125935306,5.729833940401163e-05,1.4560496807098389,0.5157593488693237,0.006921928789041226,0.0012176045275971983,0.008107303271621371,0.0010396579220602878,0.015250186435878277,0.0034350319765508175,0.000836309976875782,0.007805999834090471,0.005284999962896109
2245,0.0009173073584018656,7.394365410688452e-05,1.4442558288574219,0.5399920642375946,0.0034478135621620826,0.003574388991423799,0.029505306553848087,0.003922277250216256,0.013966157101094723,0.003493100870400667,0.001076210057362914,0.009158999659121037,0.020438000559806824
2246,0.0006616101794166361,6.252596163006764e-05,0.9077192544937134,0.6773553937673569,0.0034272984557594034,0.0022561935798702235,0.01572193166154187,0.0020222800087249405,0.012907490134239197,0.003247471060603857,0.0006989099783822894,0.006310999859124422,0.01078999973833561
2247,0.0005844854449856977,5.5796339831746394e-05,1.380220890045166,0.5839414298534393,0.005719763886329845,0.001587696813187876,0.01145962706742572,0.0013605426250008108,0.0150639982894063,0.003538290038704872,0.0006711099995300174,0.008511999621987343,0.006037000101059675
2248,0.0006034818396224676,7.759454183722207e-05,1.4336261749267578,0.5890536904335022,0.0030191081047360167,0.005682306321382078,0.06029134329194997,0.008362457725197663,0.014964649453759193,0.0028565898537635803,0.0006988099776208401,0.01686299964785576,0.04452899843454361
2249,0.00040850105274245957,4.6212774078259076e-05,1.5420045852661133,0.5055259466171265,0.0056177481254145005,0.0011461933333864428,0.007357022424184901,0.0009260793313321139,0.01487380638718605,0.0034612128511071205,0.0003543499915394932,0.004000999964773655,0.007521999999880791
2250,0.000517050738865258,5.5782189600705865e-05,1.215443730354309,0.6647953987121582,0.00436530076558496,0.002022124434173646,0.013634112254773909,0.0017652086549354894,0.013872144743800163,0.0036273025907576084,0.0004271100042387843,0.00585100008174777,0.010255000554025173
2251,0.00032247658931135295,4.488988226461401e-05,1.149933099746704,0.6853080689907074,0.0021592463143465636,0.0008164973000741528,0.005505219398362677,0.0005877119641824638,0.013768636621534824,0.003460211679339409,0.00027277000481262803,0.003092000028118491,0.0034790001809597015
2252,0.0005016040257911174,6.518845200421331e-05,1.2490477561950684,0.6613943427801132,0.0003566167583064215,0.00216762066928833,0.027021719722743268,0.0026853979887785148,0.012159114703536034,0.002500781323760748,0.0005871100001968443,0.007325999904423952,0.025107000023126602
2253,0.0033256338178665108,0.00011833426373208857,0.8138665556907654,0.49745434522628784,0.024463176560787083,0.006978755590022076,0.05716155559752407,0.014476422049832311,0.015122298151254654,0.002898979000747204,0.003883309895172715,0.04359700158238411,0.024762999266386032
2254,0.001213068129653077,7.058760474251994e-05,1.4493507146835327,0.48743414878845215,0.008725698244552145,0.002285357285347928,0.02010885782231406,0.0026003190497529798,0.01580464094877243,0.0031449254602193832,0.0013529099524021149,0.010862000286579132,0.01737299934029579
2255,0.0009064389761014267,6.50960313747259e-05,1.4561893939971924,0.5325957238674164,0.012936676684954698,0.0028372059349831523,0.020502150017940014,0.0030184797330291557,0.015822231769561768,0.0033128117211163044,0.001040110015310347,0.009021000005304813,0.0234179999679327
2256,0.000932332099146572,8.935011854525703e-05,1.0713114738464355,0.6879755258560181,0.012018260513988457,0.01034221129791821,0.050412903252244116,0.013234199611497775,0.012186545878648758,0.003145082388073206,0.001027410035021603,0.01057399995625019,0.05312899872660637
2257,0.0007654924914150936,6.871270890417155e-05,0.9601700305938721,0.6710807532072067,0.009384124287722532,0.0036349107748938937,0.02356488577135674,0.003951337765365491,0.013181733898818493,0.0033587622456252575,0.000816810003016144,0.006829999852925539,0.025049999356269836
2258,0.00043640260356923844,6.796274133177878e-05,0.7697840929031372,0.687279112637043,0.01857059798978071,0.005193624992930867,0.02429871356231913,0.0057305047973060606,0.013588258996605873,0.0034927697852253914,0.00046300998656079173,0.011525999754667282,0.034942999482154846
2259,0.0004211454247407344,5.3541228130726896e-05,1.010369062423706,0.6934661269187927,0.0061915726875295726,0.0017276231782041235,0.011773483247165423,0.0015051381844409517,0.014714027754962444,0.00348832318559289,0.00038094999035820365,0.005628999788314104,0.012319999746978283
2260,0.00019704565814773086,9.254315112728472e-05,0.9879167675971985,0.7185979783535004,0.0005134214563568983,0.00591765273018734,0.07622452748649641,0.010940160344666036,0.012327855452895164,0.002345635090023279,0.00026485000853426754,0.006310999859124422,0.08596799522638321
2261,0.0005329830760260773,5.227227925890657e-05,1.4661579132080078,0.5557774603366852,0.006227061452457723,0.001497161304276132,0.011779172409614026,0.0013437735701153884,0.015972699970006943,0.0032112267799675465,0.0004934099852107465,0.005255000200122595,0.010854000225663185
2262,0.0010161526673241736,0.00011614228672648941,1.1070410013198853,0.6953749507665634,0.012681740399609256,0.013636786947716698,0.08526719187372293,0.02117724303875923,0.013228505849838257,0.003160858526825905,0.0011098099639639258,0.027272000908851624,0.06281600147485733
2263,0.0005937181324891669,7.708851991295194e-05,1.101343035697937,0.6998152434825897,0.0009129025563661421,0.003974908588839597,0.0419714882146945,0.005323523948439306,0.013025840744376183,0.002898666076362133,0.0006072099786251783,0.006845000199973583,0.037675000727176666
2264,0.000650889221863966,8.953165142917081e-05,0.8970368504524231,0.7135435566306114,0.0012964898672893506,0.007192856662596147,0.07006600945348858,0.012307169466664762,0.011216070502996445,0.0015052855014801025,0.0006793100037612021,0.023242000490427017,0.04796700179576874
2265,0.004699737513276797,0.00023454367023584884,0.6858320832252502,0.4839640110731125,0.14163912904426743,0.0226679809933535,0.08641445196144497,0.04353040037339126,0.017051786184310913,0.002485360484570265,0.0056470101699233055,0.08599799871444702,0.1461549997329712
2266,0.0005269464364295847,5.911391313967291e-05,0.9945539236068726,0.6955430954694748,0.006040376836986066,0.002430947113602806,0.01646186603165543,0.0022894076519143084,0.013690976426005363,0.0035268831998109818,0.0004892100114375353,0.0065299998968839645,0.016266999766230583
2267,0.0008926813640064139,6.947198834030195e-05,0.9577686190605164,0.6513498574495316,0.0025020713731822605,0.0027267424938464905,0.02025674104491915,0.0027044617037733643,0.012483072467148304,0.0032367263920605183,0.0009380099945701659,0.006647000089287758,0.017278000712394714
2268,0.001014699958633749,6.688148234690582e-05,0.5520985722541809,0.5063503161072731,0.005535075272966955,0.0019176587529001472,0.01426649797210114,0.0017862175418648521,0.01381351612508297,0.003444756381213665,0.0011092099593952298,0.007356000132858753,0.01310999970883131
2269,0.0008193034006303781,6.860019273468605e-05,1.6071903705596924,0.426181435585022,0.002297114745750374,0.003082783262725228,0.032291105490121645,0.0034922350848642716,0.014773789793252945,0.0029817703180015087,0.0007787100039422512,0.0061980001628398895,0.027136001735925674
2270,0.0008837294778793129,6.705780389309405e-05,1.1178772449493408,0.6350661516189575,0.005625583927460756,0.002576429552746489,0.020260322171053627,0.002651365505778696,0.015737343579530716,0.003472480922937393,0.000891309988219291,0.00673400005325675,0.01651899889111519
2271,0.000572519871974547,5.811449197301816e-05,0.915056586265564,0.6803970783948898,0.00736009663214009,0.0015655182498089154,0.009969052627946357,0.0013407242657817488,0.014647391624748707,0.003676657099276781,0.0006299099768511951,0.006314000114798546,0.009829999879002571
2272,0.001020392755097308,7.072886228127095e-05,0.8655467629432678,0.625336304306984,0.008206106046762288,0.0024982222996844084,0.01790493881456132,0.0025950530789162415,0.014386707916855812,0.003594685345888138,0.0010959099745377898,0.01071999967098236,0.017861999571323395
2273,0.0001724719272071517,5.478015153103199e-05,1.1742618083953857,0.6964479684829712,0.0004825191954732894,0.0018557701847537061,0.020609654038085016,0.0017726994050054935,0.012427190318703651,0.002813698723912239,0.00015774999337736517,0.004290000069886446,0.020090000703930855
2274,0.0006921750191627208,6.357480918783924e-05,1.4402132034301758,0.5683719515800476,0.006215660860336141,0.003855748977434118,0.02221653625103596,0.0035646651759411695,0.014587408863008022,0.003856432158499956,0.0006824100273661315,0.006940999999642372,0.02081400156021118
2275,0.0014912267708487715,0.00010820896872697802,1.4628620147705078,0.5278595089912415,0.013493165278916242,0.008842265616029642,0.05573557591143357,0.01328840211144347,0.012841240502893925,0.0030510183423757553,0.0017032099422067404,0.021359000355005264,0.04384399950504303
2276,0.00518484747173128,0.00015593853591003466,1.5123167037963867,0.3681352138519287,0.0719182811515695,0.014918708344468887,0.21259487724365742,0.04424882663446304,0.018563630059361458,0.0012519219890236855,0.005791409872472286,0.07551400363445282,0.13262100517749786
2277,0.003706601741443959,0.00018081869669895256,1.0775227546691895,0.6029509902000427,0.06342164621550507,0.02638849269067158,0.1581008473000344,0.06026548013650627,0.0157951507717371,0.0023009926080703735,0.004140709992498159,0.05286899954080582,0.1272279918193817
2278,0.0008421501459963453,6.500611188173477e-05,1.2108001708984375,0.6226691007614136,0.003628016522327204,0.002091749115738699,0.015168075972758991,0.0020001131483983947,0.01270479429513216,0.0034843189641833305,0.0008775099995546043,0.00673400005325675,0.010323000140488148
2279,0.0014462917502587927,8.306720136250592e-05,0.8619569540023804,0.6239247918128967,0.0016789806113848408,0.0036035952265726376,0.036435221237781354,0.00608896301132395,0.011020898818969727,0.0018701315857470036,0.0014850100269541144,0.011471999809145927,0.026561999693512917
2280,0.0005249155465676942,5.7000836681684117e-05,1.1973834037780762,0.6564899832010269,0.000433971237993854,0.001542743285752811,0.017409749122097248,0.0016403500788099322,0.011675767600536346,0.0023801526986062527,0.0005301099736243486,0.005297999829053879,0.012900999747216702
2281,0.0026729978858750425,0.00012459419120601934,0.6070297956466675,0.5310238376259804,0.03314875044361078,0.00863495625477257,0.052184921258701,0.016071685752526193,0.013488195836544037,0.003162811975926161,0.0031967100221663713,0.0332150012254715,0.0528239980340004
2282,0.00048358550645259213,5.347194777378345e-05,1.1329456567764282,0.6735601723194122,0.007533350473133581,0.0014057261698176278,0.008543069158665048,0.0011824454243602144,0.014792419038712978,0.0034987488761544228,0.0005012099863961339,0.006996000185608864,0.00808900035917759
2283,0.001179832886625431,7.682309715437575e-05,1.4591361284255981,0.505725771188736,0.0022094445363245027,0.0030637926873716774,0.034769417840821444,0.004143254114176317,0.01452275738120079,0.0028331931680440903,0.0012754099443554878,0.007290999870747328,0.029465001076459885
2284,0.0005653292476701106,5.677169973156658e-05,1.2123231887817383,0.6417307257652283,0.0002018833213127062,0.00106278235753742,0.014838424511806936,0.0011792040873414731,0.012602034956216812,0.0025593829341232777,0.0004420100012794137,0.0034890000242739916,0.011625999584794044
2285,0.0007192678994631865,6.210455442184134e-05,1.1991069316864014,0.6400638967752457,0.0055808032340288055,0.0022680472735548624,0.016157565709552214,0.0021736467452853677,0.013247399590909481,0.003522623796015978,0.0007579100201837718,0.00698000006377697,0.014677000232040882
2286,0.0004523341780735792,5.2595976822956134e-05,1.142435073852539,0.6816265434026718,0.0052254956325047735,0.0013470011052256897,0.009493555925442758,0.0011130492833623558,0.015394634567201138,0.003468948882073164,0.00045140998554416,0.007946000434458256,0.006318000145256519
2287,0.005068158598320034,0.0002136359572485788,1.5720524787902832,0.38746440410614014,0.10013863087121361,0.02715511279137124,0.3225137683627549,0.08344101271464634,0.01856311596930027,0.0012232596054673195,0.0056356098502874374,0.08062800019979477,0.1713939905166626
2288,0.0002317745854984309,4.7759491700086166e-05,1.0835895538330078,0.7045761197805405,0.001625110521739886,0.0018641578825201387,0.013247843100063137,0.0014210218368483065,0.012771272100508213,0.0034534772858023643,0.00011148000339744613,0.0023980000987648964,0.011506999842822552
2289,0.0017621145829707337,0.00011573500268828834,1.0493454933166504,0.6493894308805466,0.03677015757732323,0.012075340300930203,0.06522396997939697,0.02013691282089915,0.014692075550556183,0.0033530923537909985,0.0020865099504590034,0.028540000319480896,0.061191000044345856
2290,0.0009799491634977164,7.162364579504227e-05,0.6982938051223755,0.5914904177188873,0.004521507053390772,0.0025251475345487327,0.01862301739088496,0.0025412439965619166,0.013814846985042095,0.003482959233224392,0.0009223099914379418,0.00661499984562397,0.014196999371051788
2291,0.0007785241123458124,6.625721340865025e-05,1.5027375221252441,0.5015342533588409,0.003603880025362346,0.003366057876723773,0.02443527869954895,0.0032670463066960687,0.013576737605035305,0.0034595313481986523,0.0007442099740728736,0.0074800001457333565,0.018192999064922333
2292,0.0007958434499721775,6.30970399483057e-05,1.440958023071289,0.5332874357700348,0.0020385557624402802,0.0025132202486450573,0.01919291840378079,0.002409431684348354,0.012271872721612453,0.0034021753817796707,0.0009128099773079157,0.0050119999796152115,0.014832999557256699
2293,0.0007138871900616556,5.664984176216581e-05,1.5362744331359863,0.48520708084106445,0.0049089168928275065,0.002110652693547866,0.01561302903520701,0.0018930436848141,0.015235066413879395,0.0036419066600501537,0.0007507100235670805,0.006738999858498573,0.012110999785363674
2294,0.0012902720670800965,7.657465243807963e-05,1.2038644552230835,0.565178632736206,0.008979892766988413,0.002627074582426952,0.022252019530603507,0.003142811431469099,0.015587367117404938,0.0032629636116325855,0.0015296100173145533,0.01030499953776598,0.019898001104593277
2295,0.0009857272692600668,7.59658225753648e-05,1.1486315727233887,0.6603544652462006,0.0001464916832338678,0.0016877405932891954,0.04832463441512221,0.005426558884129087,0.010809102095663548,0.000916049350053072,0.0009802100248634815,0.006951000075787306,0.03991600126028061
2296,0.003692531097663892,0.00020217829138371264,0.20307737588882446,0.2579866908490658,0.1497303284500418,0.05057202536627335,0.06548036442893329,0.0840519379275941,0.012961768545210361,0.003294465597718954,0.004467510152608156,0.0833830013871193,0.17049700021743774
2297,0.0007816095801801726,6.461599957022549e-05,0.6484569311141968,0.6000981703400612,0.003682888526404793,0.0027153957846944993,0.01819100532113224,0.002454211671628013,0.012460917234420776,0.003305790014564991,0.0008186100167222321,0.004135999828577042,0.01840599998831749
2298,0.011362778302639572,0.00046374644328108297,1.236335039138794,0.36103883385658264,0.16594977334727187,0.03562116713351504,1.390846381703129,0.24815601405991516,0.019788548350334167,0.00025875307619571686,0.013494109734892845,0.35269999504089355,0.18703299760818481
2299,0.0008295135424396633,6.692132391209989e-05,1.3736917972564697,0.5687958896160126,0.0057954323693587715,0.0029920957409521427,0.021560682781125082,0.0030402074932133726,0.014012753963470459,0.0035593900829553604,0.0008748099789954722,0.0061980001628398895,0.02163800038397312
2300,0.0004268591033792772,5.736248427900249e-05,1.2893025875091553,0.6465138494968414,0.0038761076847160887,0.0035000328253549148,0.020855038991780362,0.002974969287467563,0.012892930768430233,0.0034330207854509354,0.0004465100064408034,0.006835999898612499,0.01655299961566925
2301,0.0006838415012073029,7.720302028663286e-05,0.6997745037078857,0.6554214805364609,0.008812910932392979,0.007475950696577578,0.03887860847193467,0.00844702166301127,0.012207205407321453,0.003135060425847769,0.0008057099767029285,0.011838000267744064,0.04493900015950203
2302,0.0003124043849934589,4.563174833061465e-05,1.2244043350219727,0.6687089204788208,0.0026653694041989815,0.0010669024306888993,0.007364348506808441,0.0007970621849151785,0.01342436857521534,0.0034188469871878624,0.00028169999131932855,0.0026700000744313,0.005781000014394522
2303,0.0005987730028028831,6.904411662108788e-05,1.157802700996399,0.6807316392660141,0.00037409432426121857,0.0021586649980023685,0.03017620101967532,0.002885211259465715,0.01299305260181427,0.0025674421340227127,0.0004916099715046585,0.006310999859124422,0.02491699904203415
2304,0.0034966337916595555,0.00023686687225949908,1.1820340156555176,0.6736952364444733,0.022404806673587203,0.03538848166530407,0.28439430855582865,0.09969511104135394,0.013514393009245396,0.001424451358616352,0.0040586101822555065,0.10181000083684921,0.13068801164627075
2305,0.0015918998468783946,9.558368445976393e-05,0.9889020919799805,0.655806377530098,0.03468398153195567,0.008323822706992294,0.04629153634015692,0.012083506461727813,0.015028969384729862,0.0034040468744933605,0.0019289100309833884,0.03951999917626381,0.03935199975967407
2306,0.0004235372505501487,4.912045213912935e-05,1.5294768810272217,0.5128087401390076,0.004596983694738221,0.0018320197387622702,0.013523529258693587,0.0015633370352563115,0.015104785561561584,0.0035406993702054024,0.00036509998608380556,0.0030610000248998404,0.014347000047564507
2307,0.0006168509050881738,6.146285719295299e-05,1.1652237176895142,0.6703083664178848,0.010053464753293273,0.0027442949529024596,0.017673150519387927,0.002735914375219116,0.01429162360727787,0.003560135141015053,0.0006803100113756955,0.00822100043296814,0.020631998777389526
2308,0.0009267871005916158,7.327972222483234e-05,1.176358938217163,0.6477003395557404,0.01635870541932208,0.004365981129649532,0.027692539594842892,0.005165589609291183,0.014934058301150799,0.0035376478917896748,0.0010295100510120392,0.013717000372707844,0.029222998768091202
2309,0.0025876623108926156,0.00030340297939043153,0.9834792613983154,0.6766356229782104,0.0040805054170774254,0.08551365941108928,1.3420050553261478,0.4107947956664166,0.01828167214989662,0.0015364782884716988,0.0033516099210828543,0.20268000662326813,0.5338000059127808
2310,0.001244215482650112,0.00010882322683356763,1.126285195350647,0.6700745970010757,0.01054130507703384,0.010461668377820296,0.0624398217604299,0.01580236121256182,0.012559225782752037,0.0030975076369941235,0.0013186100404709578,0.015157000161707401,0.05704199895262718
2311,0.001947071863153368,0.00011153765312282122,1.0587122440338135,0.6278432607650757,0.017982592168408907,0.009747404731559934,0.064419793325652,0.01768803822452852,0.015045523643493652,0.0030652149580419064,0.002315809950232506,0.023242000490427017,0.05170600116252899
2312,0.0030440337206593857,0.00020139597425500116,1.2605092525482178,0.5866786539554596,0.1124694495825615,0.032240416588305974,0.17883135665870042,0.07352095755931495,0.017054399475455284,0.002227277494966984,0.0033074100501835346,0.07551400363445282,0.15467800199985504
2313,0.00032732226503861145,5.1834740441140454e-05,1.139533281326294,0.6926637142896652,0.008189832195535198,0.001799311855328196,0.011839666307479641,0.0016417959169417323,0.015353642404079437,0.003464146051555872,0.00037742999847978354,0.006738999858498573,0.01360700000077486
2314,0.0005572365939522817,6.138623250180364e-05,0.45109787583351135,0.5137024149298668,0.0027359417565002066,0.003024865557062272,0.020825407205076803,0.0027127028166097824,0.0113455131649971,0.0025980942882597446,0.0006716100033372641,0.009864999912679195,0.012222000397741795
2315,0.00168298197236404,0.00010865243569052998,1.0681289434432983,0.6516659110784531,0.03155008613977708,0.010429684602947114,0.058940928769589014,0.016856177633588987,0.014501633122563362,0.0032945768907666206,0.0018551100511103868,0.026799999177455902,0.0659170001745224
2316,0.00032882488280051034,6.955975684835489e-05,0.9838239550590515,0.7168922573328018,0.00021530202038317394,0.0019494221495569648,0.03556840349150893,0.0030267532988303425,0.01296159066259861,0.0022750874049961567,0.0002498500107321888,0.006314000114798546,0.028673000633716583
2317,0.0010395170966056117,6.109778575843973e-05,1.5992095470428467,0.39388465881347656,0.007231396483110812,0.0016933631925066567,0.015057222410391384,0.0016573125684955035,0.016140662133693695,0.0031498107127845287,0.001026810030452907,0.008603000082075596,0.012171000242233276
2318,0.0004787250309116687,4.6703044744002926e-05,1.4677832126617432,0.5349529981613159,0.001875831550597202,0.0006483792436568455,0.00456338859539557,0.00044739700753322967,0.014864449389278889,0.0036609983071684837,0.00038976999348960817,0.0017320000333711505,0.003622000105679035
2319,0.0004916373929085389,6.02038287502313e-05,0.7483156323432922,0.6779590174555779,0.0057773289302086965,0.002632452525472095,0.01734220797439968,0.0024503482913021115,0.013341831043362617,0.0035054138861596584,0.00042140998994000256,0.007511999923735857,0.016582001000642776
2320,0.0020309398338874463,0.00015267465775523352,0.6286892294883728,0.6390017345547676,0.00012891250787762802,0.002599600622957213,0.18541038577410354,0.030443509937320923,0.010870441794395447,0.0008826781995594501,0.0022581100929528475,0.0467119999229908,0.12458500266075134
2321,0.0009330002776661205,7.016672477467726e-05,0.8642820715904236,0.6418404430150986,0.009334306228854639,0.0026125925683653044,0.01815656961628107,0.0027608629067083622,0.014043886214494705,0.003386296331882477,0.0009140099864453077,0.009417999535799026,0.01897599920630455
2322,0.0005823376448689233,5.88855276741521e-05,0.7169104814529419,0.6329665631055832,0.0008285364055893796,0.001388680288482435,0.012445994149922642,0.001139068261388194,0.012054750695824623,0.003005840815603733,0.0006094099953770638,0.003751999931409955,0.01027899980545044
2323,0.00024030843457749067,4.8713381765786714e-05,0.9822255373001099,0.7086417078971863,0.005838136081797338,0.0014964976990539777,0.009070417894618748,0.0012447561077238252,0.013736400753259659,0.0035907537676393986,0.00019038999744225293,0.004290000069886446,0.010701000690460205
2324,0.0008884040796403867,7.096568568557346e-05,1.2130416631698608,0.6489620059728622,0.014722267702468223,0.00406075943646594,0.03422627017980639,0.005252429346424734,0.016803376376628876,0.0028495443984866142,0.001051309984177351,0.008469999767839909,0.040803998708724976
2325,0.005516434287515417,0.0003294034102981477,0.777934193611145,0.5383168160915375,0.18137608733367214,0.031523836758284615,0.05901474968590314,0.058850132300678495,0.015031186863780022,0.003441869281232357,0.006027909927070141,0.09152299910783768,0.12950499355793
2326,0.0003922455931712886,4.694552593791719e-05,1.270264983177185,0.6487924754619598,0.0037505669137824532,0.0007694290063375389,0.0045837838150473795,0.0005708694501927259,0.014049614779651165,0.0035533392801880836,0.00022456000442616642,0.0034910000395029783,0.003355999942868948
2327,0.0002824172737392777,7.512926584809406e-05,1.1918779611587524,0.6973134428262711,0.005202724979126679,0.00722338021298724,0.059538585481440406,0.010054585266275888,0.014756784774363041,0.0030792439356446266,0.0002703199861571193,0.006845000199973583,0.054767999798059464
2328,0.0009808205266554522,6.590826095035556e-05,1.3032777309417725,0.5653428435325623,0.00988121485923382,0.001815682495895597,0.01247610073455828,0.0017283655752937657,0.01523277722299099,0.0033877170644700527,0.00112550996709615,0.007805999834090471,0.012796999886631966
2329,0.0019218744946955923,0.00016495616878241964,1.1862925291061401,0.6784254759550095,0.0749858600184676,0.04055167124496082,0.14627374411885946,0.07428819337030942,0.014790313318371773,0.00302197877317667,0.0023834099993109703,0.05881499871611595,0.16453400254249573
2330,0.0006522824900775237,6.17734385213658e-05,1.064448356628418,0.6723326295614243,0.005158973253439657,0.0021671322336650105,0.016280090277988334,0.0020032397224767793,0.014603232964873314,0.003521024715155363,0.0006255100015550852,0.00661499984562397,0.014097999781370163
2331,0.006916094458445859,0.0003268612406567275,1.1779978275299072,0.4617466926574707,0.18257997854292962,0.024468031916480226,0.15534263821601885,0.06886119354671769,0.017464779317378998,0.0019836267456412315,0.007555210031569004,0.11653999984264374,0.17398999631404877
2332,0.0007050077382657134,5.742939862131663e-05,1.4469443559646606,0.5388574302196503,0.003005531247085971,0.001999921681915416,0.014238432199232895,0.0016879297984438374,0.012938734143972397,0.0033767446875572205,0.0008261100156232715,0.0035600000992417336,0.014038000255823135
2333,0.0007662497167669143,6.181740692248522e-05,1.5182445049285889,0.4967971742153168,0.011495372083937134,0.0027803041749673444,0.025931202157466745,0.003292747349163839,0.017133548855781555,0.002636775840073824,0.0009570100228302181,0.010741000063717365,0.02747800014913082
2334,0.0016920942477928365,0.00010021307791741236,1.569852590560913,0.42817747592926025,0.0006283844114851273,0.004516170273410099,0.08363695435488024,0.01047751758300209,0.014611397869884968,0.0019241701811552048,0.0018182100029662251,0.014100000262260437,0.06684999912977219
2335,0.0017032388652764804,8.598118023320342e-05,1.384150743484497,0.49716439843177795,0.009551158395865613,0.00427328485261627,0.039906330390624245,0.006207112415284061,0.01644647866487503,0.0029917065985500813,0.0019909099210053682,0.015417000278830528,0.02783600054681301
2336,0.0005266742918377481,5.729439550525536e-05,0.7505516409873962,0.6596775054931641,0.005801878633170754,0.0015983126221959833,0.010936910377924351,0.0013704589708882177,0.01417161151766777,0.0035273469984531403,0.0004893100121989846,0.004989999812096357,0.010848999954760075
2337,0.0011542939454728344,7.443005791810565e-05,0.8622378706932068,0.5965029448270798,0.003711500817499086,0.0028492110250300426,0.02030763123038284,0.002752629873177809,0.014771915972232819,0.0036689662374556065,0.0011435099877417088,0.006951000075787306,0.017914000898599625
2338,0.0004971196868032313,4.88457250137614e-05,1.652003288269043,0.3956334590911865,0.006062775006270758,0.0016191950192931581,0.012497248166585168,0.0014112858650864946,0.015561114996671677,0.0032972441986203194,0.0005350100109353662,0.007805999834090471,0.011005000211298466
2339,0.0011396381704544011,8.415760823719863e-05,1.597642183303833,0.4239484667778015,0.007943188156773608,0.006133590704223611,0.0458364918955173,0.007274612108683607,0.015554702840745449,0.003158296924084425,0.001111609977670014,0.009309000335633755,0.04156000167131424
2340,0.0006622366501069745,6.12784394525115e-05,1.20913827419281,0.6486661732196808,0.006673375901063524,0.0023146341098737844,0.016753179892507103,0.002174376485569126,0.014418171718716621,0.0035662115551531315,0.0006421100115403533,0.006314000114798546,0.015610000118613243
2341,0.0014526049573984983,7.716625816020148e-05,0.8781192302703857,0.5716890096664429,0.013798390882351581,0.0028787098422022794,0.020554480448367708,0.0033590736551248144,0.015551875345408916,0.0033739516511559486,0.0015370099572464824,0.018628999590873718,0.01570899970829487
2342,0.0005461432807377863,5.504014225484209e-05,1.3051804304122925,0.6248106956481934,0.007881533699771414,0.001687658509083533,0.01071523352347922,0.0014751035252559518,0.014663008973002434,0.0035598818212747574,0.0005158099811524153,0.006845000199973583,0.010685999877750874
2343,0.008338294913521638,0.0007521253186067232,0.6966637372970581,0.5727250054478645,0.09369049690885506,0.11360254847980793,1.1256331067665601,0.36796700315385666,0.012933255173265934,0.0013344474136829376,0.010001109912991524,0.17890000343322754,0.7822099924087524
2344,0.0008465388139566812,6.832518472479199e-05,0.6679469347000122,0.6053529903292656,0.006208284505675301,0.002581238608275903,0.018031515455968004,0.002520630617226193,0.013192480430006981,0.003356626722961664,0.0007915099849924445,0.007594000082463026,0.014588000252842903
2345,0.0008410985564069445,7.051581338172092e-05,1.3701331615447998,0.6006943583488464,0.009654123253544016,0.004020364139775402,0.027519914387995923,0.004366402986227997,0.014872051775455475,0.0036856140941381454,0.0009346100268885493,0.011377999559044838,0.023864001035690308
2346,0.000457298358209503,5.447624998642747e-05,1.0273836851119995,0.6946419775485992,0.007857465936358693,0.001686286929823881,0.011168806658424724,0.0015100426688307864,0.015040900558233261,0.003456469625234604,0.00044631000491790473,0.006829999852925539,0.011913999915122986
2347,0.00045334149875444406,5.6836003172395936e-05,0.8941766619682312,0.6904591619968414,0.0064258553686938015,0.0021692510133084686,0.013934132105197835,0.0019143263362657644,0.01330188475549221,0.0035457159392535686,0.000427910010330379,0.006951000075787306,0.012569999322295189
2348,0.0006707151032300226,6.135357761553558e-05,1.1645283699035645,0.6591894179582596,0.003396251935368197,0.002530694926212627,0.01663123942926105,0.0021748406814168205,0.01242921594530344,0.0032998397946357727,0.0005890100146643817,0.00585100008174777,0.011618999764323235
2349,0.0005512023662780494,5.800324242269037e-05,1.1714582443237305,0.6778237074613571,0.005007060225449979,0.0025142845386731715,0.01662324785780874,0.0023166769280333777,0.013383829966187477,0.0035881618969142437,0.0005200100131332874,0.006314000114798546,0.0153609998524189
2350,0.000585650079373263,8.545614940989144e-05,0.9703534245491028,0.6991773843765259,0.013385826986876619,0.012298032871437993,0.058810285418009756,0.015926022269935277,0.013519443571567535,0.003431304357945919,0.0006726100109517574,0.021126000210642815,0.042445000261068344
2351,0.001590786862447311,9.81038734511688e-05,1.335565209388733,0.5776385068893433,0.03073990272769858,0.008496948344298226,0.05072248856870338,0.012504720638202644,0.014718754217028618,0.003428613767027855,0.0017388099804520607,0.029888000339269638,0.04886200278997421
2352,0.0008965908041817741,9.834929291297633e-05,0.600292444229126,0.6346305310726166,0.0003373635098943606,0.006920429021156156,0.10411662219863575,0.017224229345988128,0.010656578466296196,0.0008287793025374413,0.0011179100256413221,0.033562999218702316,0.07181300222873688
2353,0.00040137797129536344,5.4552924390723935e-05,0.9105796813964844,0.7008563727140427,0.006067409821452167,0.0017518035954397714,0.011468683530402249,0.0015023197910618378,0.013821792788803577,0.0035134810023009777,0.00032709998777136207,0.005140000022947788,0.011514000594615936
2354,0.00121910193329743,0.00013555344061464423,1.0618760585784912,0.6912203580141068,0.0008901801606823363,0.016708577514528013,0.31847557919357783,0.07194653272650725,0.01667540706694126,0.002141744364053011,0.0015068099601194263,0.03362400084733963,0.2594580054283142
2355,0.0008255661194678166,5.767543549052307e-05,1.6499032974243164,0.3828831911087036,0.007255995939548071,0.0021723574232922057,0.016581144564749115,0.002053630514794398,0.015071635134518147,0.0034478255547583103,0.0009591099806129932,0.00661499984562397,0.015368999913334846
2356,0.0013135831103054504,7.522284902185283e-05,0.8954842686653137,0.5573591887950897,0.006581722783867198,0.0014996738118096256,0.011659103901277766,0.0015027228056359743,0.015050983987748623,0.0034951772540807724,0.0013771100202575326,0.007234999909996986,0.009496999904513359
2357,0.0008201332156642665,6.42493154373016e-05,1.2813676595687866,0.6137078702449799,0.010928156852132272,0.002233177882579736,0.014514052912389051,0.0021446960467669165,0.014935038983821869,0.0034318016842007637,0.0009894099785014987,0.009379000402987003,0.016774000599980354
2358,0.0009658751185242667,8.391623799784448e-05,1.289433479309082,0.6228798031806946,0.0050117600798797205,0.005315584688710313,0.04096334429955464,0.0067612337789144,0.013706937432289124,0.0033424673601984978,0.0010130100417882204,0.010329999960958958,0.03081599995493889
2359,0.00048202515834001907,5.799984279827939e-05,0.8164188265800476,0.680682435631752,0.0036110709589620427,0.002785844437103777,0.01775063663895357,0.0022977269510987084,0.014153309166431427,0.003699307795614004,0.0004291099903639406,0.006940999999642372,0.01407300028949976
2360,0.0016099163901221033,0.00018169661317034096,1.1765086650848389,0.6700074821710587,0.12379065053956831,0.05474257841431114,0.08104557630205983,0.0864625677647841,0.01452599000185728,0.003461149986833334,0.0019718098919838667,0.056063998490571976,0.13106000423431396
2361,0.0008164056543766778,6.668070656490061e-05,1.57808256149292,0.4545668959617615,0.0023980303708911617,0.0029823855247333624,0.028894056358207104,0.0032322026514597195,0.01457112468779087,0.003206143621355295,0.0008459099917672575,0.0062409997917711735,0.02243099920451641
2362,0.0005564757008772699,7.311240308049624e-05,0.8569203615188599,0.694676585495472,0.00025491390620224237,0.0022527972715029737,0.03659690645999673,0.0035077822155084766,0.01247233897447586,0.0021850625053048134,0.00044711001100949943,0.006996000185608864,0.033330000936985016
2363,0.00038437968583041694,5.8988994799228614e-05,1.1319739818572998,0.6879256665706635,0.0013789001044306895,0.0028356289608195747,0.0245586870459636,0.0028692323178920766,0.012434854172170162,0.003019032534211874,0.00032838000333867967,0.0075079998932778835,0.02063699997961521
2364,0.0004289797110157955,5.1952081686499924e-05,1.1095519065856934,0.6852142363786697,0.006804901543488883,0.001376746088580722,0.009134575139613287,0.0011889152214085898,0.015368524938821793,0.0034239967353641987,0.0003994000144302845,0.006829999852925539,0.007942000404000282
2365,0.001535928814704709,0.00014962768705509364,1.1187243461608887,0.687671884894371,0.02035308414276402,0.026719546008295462,0.16086698165189678,0.05465381265729628,0.013716258108615875,0.002616343554109335,0.0015898100100457668,0.029888000339269638,0.14629599452018738
2366,0.0003892181044303004,7.337019655500086e-05,0.7468472719192505,0.680651344358921,0.005912120777320554,0.007150606296986131,0.042363538243834195,0.00871959277030607,0.011202202178537846,0.002176583744585514,0.00048411000170744956,0.01573999971151352,0.03595700114965439
2367,0.0008192930557461257,0.000119375448902222,1.0659313201904297,0.709574282169342,0.042031600328444524,0.0374788487432398,0.09989599514059856,0.05483713643287162,0.013160928152501583,0.003277009353041649,0.0006380099803209305,0.048298999667167664,0.06219800189137459
2368,0.0013662494337583976,8.956365383852962e-05,1.2095756530761719,0.636770486831665,0.0058619175194068816,0.0063308063798564644,0.04357691459455528,0.00957332388659218,0.011535285040736198,0.0025959312915802,0.0013878099853172898,0.017388999462127686,0.030338000506162643
2369,0.0010743441587447431,7.071735370759705e-05,0.9598102569580078,0.5543161332607269,0.0035055519907525473,0.0010807068655140925,0.008479420724313187,0.0009472373316512226,0.014711450785398483,0.003706943243741989,0.0011355100432410836,0.006314000114798546,0.006206999998539686
2370,0.0008662819463142776,6.913422049878958e-05,0.9302334785461426,0.6692545711994171,0.009112977367233793,0.0028085532582789747,0.019441041837320094,0.002894208809737552,0.014696290716528893,0.0035758321173489094,0.0009150099940598011,0.008836999535560608,0.017602000385522842
2371,0.0004026273022226137,5.734632357207002e-05,1.1448137760162354,0.6868333071470261,8.388597668451484e-05,0.000718557493735988,0.025155929472338072,0.001613541716384729,0.015446239151060581,0.001976695377379656,0.00042190999374724925,0.0034910000395029783,0.022146999835968018
2372,0.0008794941208435605,7.106161164810405e-05,0.9342423677444458,0.6435137987136841,0.002633750706224136,0.0026633182497105934,0.021190379511055273,0.0027001337406858464,0.0134871955960989,0.003493647091090679,0.0009238100028596818,0.006845000199973583,0.01871899887919426
2373,0.0007454371156076974,6.334608137455275e-05,0.8767509460449219,0.659858450293541,0.008113750505004545,0.0018252679714233062,0.01215680793317722,0.0016471809310466727,0.014930233359336853,0.0036776242777705193,0.0008435099734924734,0.007191000040620565,0.012581000104546547
2374,0.0008513680905458703,6.679172769154972e-05,1.4076334238052368,0.5550775825977325,0.013715230074622132,0.003626382440329857,0.022854894724519705,0.003855453150576572,0.014392121694982052,0.00351786520332098,0.0009238100028596818,0.010029999539256096,0.023050999268889427
2375,0.00043383093665559934,5.246486016454249e-05,1.5441467761993408,0.5081069469451904,0.004975275790541404,0.0021572506692317684,0.016455830275579633,0.0019225664469607242,0.015551299788057804,0.0033705527894198895,0.00041040999349206686,0.006752000190317631,0.012277999892830849
2376,0.0005923029656700444,4.99739738599524e-05,1.598833441734314,0.44148242473602295,0.006401370786414153,0.0012846663545773096,0.008839968354033216,0.0010774483506364734,0.015146797522902489,0.003409293480217457,0.0006125100189819932,0.006436000112444162,0.006521999835968018
2377,0.0014695564058811277,0.00012044500103780683,1.359557032585144,0.5934849381446838,0.0013160451879545604,0.007814509080001513,0.10403173455273204,0.018187060631447052,0.013057606294751167,0.0019912892021238804,0.001689509954303503,0.018641000613570213,0.06775699555873871
2378,0.0009771058129707027,7.064306346715531e-05,0.9882617592811584,0.6467746198177338,0.006272380884962307,0.002899526881181608,0.02063324080344431,0.003093851993383523,0.014895987696945667,0.0036751991137862206,0.0010651099728420377,0.006738999858498573,0.02019200101494789
2379,0.0010705337950942984,0.00010471091027179549,0.9568557143211365,0.689325362443924,0.06310896071311432,0.01813516116484146,0.04994948692997908,0.025237185387263997,0.01497159618884325,0.0034726951271295547,0.0012833100045099854,0.03648899868130684,0.10007300227880478
2380,0.0009981045270296,6.648590534053835e-05,1.5404772758483887,0.4773856997489929,0.011809811757592383,0.002744377543973743,0.020397658949974112,0.00290139951362727,0.01563195511698723,0.0033869734033942223,0.001060810056515038,0.009607000276446342,0.020052999258041382
2381,0.0008514830745917106,8.803574493096824e-05,1.05413818359375,0.6828908622264862,0.00229147461914047,0.006447058091602359,0.06643203595092602,0.01070373384861317,0.014347199350595474,0.0027998420409858227,0.000988009967841208,0.013073000125586987,0.052890002727508545
2382,0.0005791466307951362,5.689717566110343e-05,0.7866246700286865,0.6496811062097549,0.003047312533500042,0.0009197199013722087,0.006475923476512489,0.0007191277158892294,0.01323677971959114,0.0033204290084540844,0.0005006099818274379,0.002761000068858266,0.006126999855041504
2383,0.0004431825004422865,5.989457893068451e-05,1.322201132774353,0.6520308554172516,0.0003037074826205702,0.0016258686971995556,0.02697104121658175,0.0021422230581786723,0.014251882210373878,0.002532907761633396,0.0004407099913805723,0.00482999999076128,0.022357000038027763
2384,0.0009988192946314138,6.402705336064189e-05,0.46369245648384094,0.4563845917582512,0.005809716107316757,0.001192010354731625,0.008541985845180535,0.0010048826893379837,0.014754912815988064,0.0034974724985659122,0.0010221099946647882,0.006845000199973583,0.007811000104993582
2385,0.0006355988148847878,7.258220107861038e-05,1.336115837097168,0.6231904327869415,0.0034077733568083158,0.00435412805262131,0.034679450122402054,0.004856354076225025,0.013544777408242226,0.0034898174926638603,0.0006096099968999624,0.007381000090390444,0.03342800214886665
2386,0.0008285263989686791,6.06351232532833e-05,1.431912899017334,0.5238401591777802,0.006008600198541801,0.0015798593006838882,0.012422222385295988,0.0014707280367436664,0.014590973034501076,0.0033753057941794395,0.000822409987449646,0.006314000114798546,0.010462000034749508
2387,0.0007952005909015648,5.676876669458874e-05,1.716583013534546,0.3246297836303711,0.003006103842509561,0.0023559885385981494,0.01674235375371695,0.001811035333090483,0.014931382611393929,0.0037802159786224365,0.0008297099848277867,0.004966000095009804,0.012501000426709652
2388,0.001855902532279258,0.00010336942199440455,1.2169945240020752,0.5900419354438782,0.019893794067509855,0.006748904797929194,0.04545113492187352,0.011228283232861454,0.0130774462595582,0.0032326332293450832,0.0020792100112885237,0.021069999784231186,0.04210200160741806
2389,0.0007071233404468075,7.647952960133269e-05,1.2733986377716064,0.6471805274486542,0.007258410275392113,0.006144055956505379,0.03606835069065194,0.006652735375728108,0.012813991867005825,0.0034223413094878197,0.0005951100029051304,0.015336000360548496,0.02002200111746788
2390,0.0005651129723664255,5.4715488078584703e-05,1.3281031847000122,0.6172674596309662,0.006616454117381341,0.001634433075053729,0.010846682228345521,0.0014300641601483572,0.01396940927952528,0.003572623711079359,0.0005970100173726678,0.005166000220924616,0.011498999781906605
2391,0.0008411682828674246,6.014895610291596e-05,1.68330979347229,0.3620116710662842,0.004523711795640845,0.002698660878663349,0.019368618550860053,0.002381695896405014,0.015437735244631767,0.003674058709293604,0.0009701100061647594,0.00661499984562397,0.014374000020325184
2392,0.0012669385373128088,8.06384748571954e-05,1.0108758211135864,0.640233501791954,0.01361499067702701,0.0043669252545803896,0.028820493885546934,0.0056911983854666965,0.013146912679076195,0.0033536660484969616,0.0014300099574029446,0.0081599997356534,0.037696000188589096
2393,0.0009805330365308357,7.430533385843649e-05,1.0129685401916504,0.67771977186203,0.008436531100103324,0.004136724633720462,0.027843501167994413,0.00489959652317083,0.012497717514634132,0.0032201590947806835,0.001016109948977828,0.01184799987822771,0.021788999438285828
2394,0.0005968921041557347,5.738404276549845e-05,0.7596209049224854,0.6471520513296127,0.0012637473316854011,0.0011914685249637504,0.00815383973686412,0.0007790595620091887,0.011781766079366207,0.0028700795955955982,0.0005123100127093494,0.0023880000226199627,0.006416999734938145
2395,0.0008097868746324232,6.43798066817844e-05,1.3875963687896729,0.5684697926044464,0.005038264903426873,0.0025116438091527,0.018332985072329,0.002474358628438828,0.014045092277228832,0.003406777512282133,0.0009035100229084492,0.006835999898612499,0.01346299983561039
2396,0.0011654035724811876,7.584234338743297e-05,1.3214117288589478,0.5580203533172607,0.006455201755369511,0.0034404100503054535,0.02426646010331755,0.0039018470181885635,0.01454939879477024,0.003673085942864418,0.001288810046389699,0.009192000143229961,0.020005999132990837
2397,0.0005654593009206101,6.274542584587978e-05,0.9087719917297363,0.6972461640834808,0.005697143990808266,0.0037144634525524494,0.021613798682006018,0.0035961669094385345,0.012709969654679298,0.0033798376098275185,0.0005541099817492068,0.010122999548912048,0.014849000610411167
2398,0.005641848911282948,0.0002621703957807948,1.0573736429214478,0.5251268148422241,0.0021792312978469006,0.026986960071157216,1.1950812383932894,0.20915295024739528,0.01954634115099907,0.0004965830594301224,0.00669371010735631,0.19152000546455383,0.4032900035381317
2399,0.0011747064716094787,0.0001252514641032188,1.1828327178955078,0.6754948198795319,0.012798712698925975,0.017232432676059176,0.09947133563749125,0.028678517920884064,0.012841541320085526,0.002966228872537613,0.001314210006967187,0.02459299936890602,0.06595099717378616
2400,0.0003836096153333584,5.3575060772374425e-05,1.3873878717422485,0.6102735102176666,0.007792826776278352,0.002286215231191179,0.014903453429411585,0.0020746411133053862,0.014429986476898193,0.0035458840429782867,0.0003376099921297282,0.007495000027120113,0.013135000132024288
2401,0.0006371964784175015,5.905916877024727e-05,0.9035170674324036,0.6679977029561996,0.005936904283353513,0.0015615530566396715,0.011385410179277801,0.0013791541161182067,0.014698810875415802,0.003523819148540497,0.0005824100226163864,0.006951000075787306,0.00964299961924553
2402,0.000732532533753226,6.101096304412059e-05,1.041073203086853,0.6694859862327576,0.010180382624121898,0.001757319149779774,0.010076179567143613,0.001535757697681048,0.014771535992622375,0.003662764560431242,0.0007088099955581129,0.006335000041872263,0.01231900043785572
2403,0.0006110034239446803,5.9009273498628425e-05,0.892895519733429,0.6686371266841888,0.005942496505506645,0.0016949943814345268,0.01252324989346959,0.0015039090591368928,0.015153245069086552,0.0035338522866368294,0.000649410008918494,0.006951000075787306,0.010982000268995762
2404,0.0007038750251677337,6.713585190629623e-05,1.5653585195541382,0.4752518832683563,0.005048486969168138,0.004075210104113693,0.02696543752453156,0.0038728349551066243,0.014591708779335022,0.0036683566868305206,0.0007347100181505084,0.00661499984562397,0.022353999316692352
2405,0.0005491985784684711,5.649365958462402e-05,0.810558557510376,0.6674056202173233,0.0048877753042594054,0.0014075761488496655,0.009848423557150723,0.0011795562823154306,0.014220922254025936,0.003648457583039999,0.0004924099775962532,0.004734000191092491,0.008799999952316284
2406,0.0007932894990564482,6.0945076251730536e-05,0.3562546372413635,0.4191356673836708,0.007471672960410134,0.0017411747657489,0.011257356620077185,0.0015428846413534153,0.012671547010540962,0.0032790391705930233,0.0008732100250199437,0.006996000185608864,0.012597999535501003
2407,0.00032741122519562246,4.877268060195182e-05,1.1365959644317627,0.697644829750061,0.005283258022024049,0.001468523608302783,0.010273527421604275,0.0012222152021056209,0.015405411832034588,0.003532757982611656,0.00023571000201627612,0.005255000200122595,0.00968099944293499
2408,0.0009517565558784263,6.851471846520263e-05,0.8047043681144714,0.6207381635904312,0.0036915055162447656,0.0018924048128949496,0.01419361994162696,0.001794291315780786,0.01273883506655693,0.003359245602041483,0.0009373099892400205,0.006310999859124422,0.010627999901771545
2409,0.0020252304440653754,0.00013151028245326915,0.8654603362083435,0.663224920630455,0.00874792921210305,0.009308289989872409,0.06444174111931135,0.017710276354151608,0.0125485984608531,0.0029833922162652016,0.0022865100763738155,0.020847000181674957,0.05507200211286545
2410,0.0005942431259741189,5.923494106124111e-05,0.57450270652771,0.5884308442473412,0.006158087806172588,0.0016248482001426736,0.01084342852674391,0.001407488594440988,0.013238444924354553,0.003436270635575056,0.0005529099726118147,0.009171999990940094,0.0070510003715753555
2411,0.0007801910191620698,6.44946738788413e-05,1.2821688652038574,0.609846830368042,0.002836285649277151,0.0025555184445669654,0.018304057599997075,0.002307056740520617,0.013244213536381721,0.0034125223755836487,0.0008605099865235388,0.006246000062674284,0.014890000224113464
2412,0.0006095821934919486,6.079604297941685e-05,0.8490713834762573,0.6736507341265678,0.003810895420690995,0.0022700742761128452,0.015203978432745817,0.001898721475327418,0.013861622661352158,0.0038568349555134773,0.0006066099740564823,0.006314000114798546,0.01321600005030632
2413,0.0005766628248854301,5.94241667211404e-05,1.1977202892303467,0.6657360941171646,0.00818909038147201,0.002457576813617102,0.01755962754069978,0.002352107752525732,0.01496649719774723,0.0035919714719057083,0.0005441100220195949,0.008469999767839909,0.013772999867796898
2414,0.00106846708633426,6.579771225920152e-05,1.5165644884109497,0.4831697642803192,0.023766794006262297,0.002988076407780779,0.011121569044303016,0.002679351207583073,0.01514354906976223,0.0035678488202393055,0.001040410017594695,0.019226999953389168,0.011249000206589699
2415,0.0005163180738202292,4.8782298218447964e-05,1.5119898319244385,0.5136449635028839,0.00412228311520518,0.0009533032571681008,0.006429391056454513,0.0007458732857259873,0.01384967565536499,0.0033462299033999443,0.0005153099773451686,0.0034910000395029783,0.00597700010985136
2416,0.00013139228062763504,6.913750257301754e-05,0.8463155031204224,0.7137551531195641,0.0013545660131734616,0.003560989288278956,0.029725784538978527,0.003849904417771591,0.012631033547222614,0.0031241169199347496,0.00020768999820575118,0.00661499984562397,0.026500999927520752
2417,0.0006522509789686445,6.1959098376602e-05,1.620157241821289,0.4285156726837158,0.0011150531537569783,0.0025787623437126465,0.023819577368445952,0.002649703718599808,0.0125349136069417,0.0031862561590969563,0.0006964100175537169,0.007559000048786402,0.015123999677598476
2418,0.0010891009292285554,9.950588656592414e-05,0.9690563082695007,0.6837555915117264,0.0014875000183276843,0.0060172763004159085,0.06945664253599902,0.010846424847680433,0.013231119140982628,0.0025330325588583946,0.0011079099494963884,0.011045999825000763,0.07066100090742111
2419,0.000568576460469478,6.330426079888778e-05,0.9045599102973938,0.7004404366016388,0.01411749438490198,0.003215318297345552,0.01813267811646378,0.003221362325255203,0.014892159029841423,0.003610683139413595,0.0005625099875032902,0.011525999754667282,0.01894400082528591
2420,0.0049042704035067155,0.00015407702430046558,1.0525717735290527,0.4601277709007263,0.06010911309199379,0.012775117402034079,0.12814735487639597,0.03263588985748185,0.01711238920688629,0.0020551877096295357,0.00571070984005928,0.0650160014629364,0.07678700238466263
2421,0.0004617229949787591,4.519097345159729e-05,1.6423763036727905,0.4210246801376343,0.0029429759730511514,0.0013479575897784838,0.009593150333221778,0.0010259607648983827,0.014434287324547768,0.0035440530627965927,0.0004155100032221526,0.003092000028118491,0.007802000269293785
2422,0.000713884054795557,5.383404743784749e-05,1.5513122081756592,0.4579019248485565,0.005076111116859699,0.001233576979298215,0.009011206930375609,0.0010333026157038887,0.014407623559236526,0.003510070499032736,0.000802910013590008,0.0065299998968839645,0.006957000121474266
2423,0.002158816063905865,0.00017478446696984873,1.3607797622680664,0.6230806708335876,0.012226350548435776,0.021663115666090606,0.16085271979836951,0.04810588409439194,0.012786868959665298,0.002023018430918455,0.0023175100795924664,0.026799999177455902,0.11384700238704681
2424,0.0007515963610334604,6.038763093546421e-05,0.6398850083351135,0.5768810287117958,0.006274578162637423,0.0014042102482269667,0.009236384923195787,0.0012022258901522786,0.013926747255027294,0.0035233288072049618,0.0006896100239828229,0.005828999914228916,0.009975000284612179
2425,0.0007605171276187295,6.31827726441526e-05,1.0892009735107422,0.6517210006713867,0.008825465068366376,0.0018196110972704144,0.01269032746386731,0.0016963649027592793,0.015557992272078991,0.0034258635714650154,0.0008402100065723062,0.007511999923735857,0.014662999659776688
2426,0.0008854655885835642,7.322075952659806e-05,0.7474032640457153,0.6370000317692757,0.009957905296184837,0.004113350334758157,0.02675194782033542,0.0047466363620336325,0.012423385865986347,0.003117905929684639,0.0008490100153721869,0.009309000335633755,0.029722999781370163
2427,0.0007324581407011472,4.8774699286966675e-05,1.6676743030548096,0.35657811164855957,0.002331220077837225,0.0009092373170391483,0.007046010823438043,0.0007003625861271181,0.01352094579488039,0.0033896551467478275,0.0007066099788062274,0.0035600000992417336,0.004770999774336815
2428,0.0003533356794886826,5.7280152051360564e-05,1.3845771551132202,0.622445285320282,7.001021929197807e-05,0.0006954878700633108,0.026940512621459044,0.0016956055378072477,0.01563747227191925,0.0019668396562337875,0.000312040006974712,0.004844999872148037,0.02148200012743473
2429,0.0004956397291653362,5.306810556632676e-05,1.3461769819259644,0.6123963296413422,0.0038419129436648228,0.0016263011668878097,0.012135353828487579,0.0013703436531001933,0.014006607234477997,0.003466117661446333,0.0004705099854618311,0.005166000220924616,0.009239000268280506
2430,0.0012723033022075773,8.974149388598957e-05,0.7511202096939087,0.6231554374098778,0.01878044333564871,0.0070132592179694905,0.04389126438230473,0.009943536264445645,0.014718050137162209,0.00337441498413682,0.0013696099631488323,0.020733999088406563,0.038697000592947006
2431,0.0007206093138492122,7.620287608957273e-05,1.0847556591033936,0.6907025128602982,0.000777869193825478,0.003332883322462015,0.040494296720788824,0.004817640263807214,0.013365991413593292,0.0027885371819138527,0.0006832099752500653,0.004135999828577042,0.04659700021147728
2432,0.0007158077721713397,6.310327240499874e-05,1.0413633584976196,0.6760503649711609,0.007708642605138337,0.002261432376452634,0.015495767238017875,0.002169426366038712,0.014099710620939732,0.003614927176386118,0.0006790100014768541,0.006314000114798546,0.018334999680519104
2433,0.0007977887240133294,6.330582652776744e-05,1.414652705192566,0.5515497326850891,0.0053404538096950655,0.0028778097083373847,0.020650947173422356,0.0027877845115927852,0.014654334634542465,0.0036698738113045692,0.0008397100027650595,0.00761700002476573,0.018369998782873154
2434,0.0010000823502505155,6.289944836534073e-05,1.6639788150787354,0.3666419982910156,0.008462395793914994,0.002608269118487265,0.0254205245169893,0.0029266872503543907,0.016672834753990173,0.0028069131076335907,0.001176410005427897,0.012741000391542912,0.019166000187397003
2435,0.0005347579895601973,5.6013600221255884e-05,1.2142765522003174,0.6576990038156509,0.00359768685431953,0.0018030067152556093,0.012965115757178876,0.0015137576416290495,0.013544665649533272,0.0034822081215679646,0.0004907100228592753,0.0042860000394284725,0.011633999645709991
2436,0.0007083456600060381,6.61928680971699e-05,0.4920572340488434,0.543648112565279,0.003762212030310411,0.003553896611479844,0.0228983418265668,0.0033138272229756294,0.011720704846084118,0.0026965225115418434,0.0006291100289672613,0.005828999914228916,0.023664001375436783
2437,0.0006729272581860999,6.234505594015588e-05,1.3549126386642456,0.5940498411655426,0.002052201953061258,0.002707088453426581,0.0205548246126232,0.0026004952488756852,0.012042551301419735,0.0032925521954894066,0.0007901099743321538,0.006982999853789806,0.015058999881148338
2438,0.0007686815886483497,7.812191376688828e-05,0.962344229221344,0.6829614192247391,0.01333803677075834,0.007190788425795538,0.03663418407254767,0.008697583284427993,0.012449738569557667,0.0033059935085475445,0.0007996099884621799,0.01131800003349781,0.033174000680446625
2439,0.0009537320647175325,6.555304017877165e-05,0.9806524515151978,0.6254703104496002,0.010149824218023469,0.0016407372218326171,0.009889289932168248,0.0014463130890224512,0.015257884748280048,0.003455816302448511,0.0009338100207969546,0.007290999870747328,0.010951000265777111
2440,0.000965340779199486,7.606128535343401e-05,0.9694194793701172,0.6693556308746338,0.007883411753394583,0.004030291028500835,0.027279696470703208,0.004513236465333187,0.013441736809909344,0.003628653008490801,0.001138509949669242,0.00901500042527914,0.02704400010406971
2441,0.0018156385217049766,7.560049577355502e-05,1.5241551399230957,0.41356831789016724,0.02857810767747549,0.003624466968967203,0.018338138782202952,0.003979429486876715,0.015491153113543987,0.0033340491354465485,0.0021064099855720997,0.022616000846028328,0.022847000509500504
2442,0.002662617023658088,0.00013954328260419504,0.6404537558555603,0.5808356925845146,0.06922686929360221,0.017101479290071626,0.054245807505851035,0.02392025327915264,0.01361885666847229,0.003478720784187317,0.003300409996882081,0.06289499998092651,0.05620499700307846
2443,0.0005744680764223646,5.825382664614647e-05,1.227479338645935,0.6615927368402481,0.004780054727720632,0.0017866169118714405,0.013367798475760145,0.0015646623780315866,0.01446890365332365,0.003551098518073559,0.00044790998799726367,0.005032000131905079,0.012192999944090843
2444,0.0008088476282819276,6.855570991954989e-05,1.29787015914917,0.6175796091556549,0.00010552983831612077,0.0011345225899954416,0.03840392562007413,0.003192960759181837,0.015005216002464294,0.0017802650108933449,0.000942510028835386,0.006310999859124422,0.032384999096393585
2445,0.0010005469326630231,6.74722471745649e-05,1.1553643941879272,0.5650206506252289,0.005056328121308172,0.001175149798386028,0.009149375439145692,0.0010553991670259341,0.015521720051765442,0.0034451624378561974,0.0010888100368902087,0.006314000114798546,0.008313999511301517
2446,0.0016329912085880694,8.678077402972612e-05,1.2410452365875244,0.569966197013855,0.021272808522556565,0.004994439507082258,0.035729184181514446,0.007141008840985712,0.015328037552535534,0.003332683816552162,0.0016705100424587727,0.018099000677466393,0.03575199842453003
2447,0.0013132665725428584,0.00011481868197823076,1.1285408735275269,0.6693390011787415,0.04316728395564555,0.017781130617039224,0.07391558674006402,0.02860571283313371,0.014781530015170574,0.003443310037255287,0.0015104099875316024,0.05406799912452698,0.04588700085878372
2448,0.001107564993674926,7.384690083879876e-05,1.0479742288589478,0.6123869121074677,0.0006108008589643195,0.0018944726420587134,0.02082468124048045,0.0024251084097395414,0.01193819846957922,0.0028483178466558456,0.0011343100341036916,0.006310999859124422,0.015381000004708767
2449,0.0005649851699210755,5.879252485536322e-05,1.015160083770752,0.6864056289196014,0.0002777515201573821,0.001504900431405526,0.018239624448977438,0.0016921288489714012,0.011669326573610306,0.002337754238396883,0.0005541099817492068,0.004645999986678362,0.014585999771952629
2450,0.0010250854492458617,7.115831545145905e-05,1.1324011087417603,0.6198029220104218,0.007970095194185237,0.0024646573012547354,0.018530504132042245,0.0026723271591011268,0.014569725841283798,0.0033665900118649006,0.0011095099616795778,0.006996000185608864,0.017299000173807144
2451,0.0011866045552076734,8.125693860506838e-05,1.4390859603881836,0.5377764105796814,0.0004198607599870242,0.0029269607281738642,0.04173573582446733,0.005444233383323893,0.01117270439863205,0.0015998096205294132,0.0013259099796414375,0.009309000335633755,0.03491799905896187
2452,0.0006705115148061156,6.419520595266455e-05,1.3817905187606812,0.5839555561542511,0.00020003839764173392,0.0014450379705938168,0.029448927367662723,0.0023517340957197232,0.014514380134642124,0.002167651429772377,0.0008028100128285587,0.00673400005325675,0.023378999903798103
2453,0.00040356203302019167,5.499298275478851e-05,0.8046874403953552,0.6857044845819473,0.004887721638827578,0.0017357476511280544,0.0120435400413953,0.0014877585848699186,0.013759864494204521,0.0034881853498518467,0.00044920999789610505,0.007579000201076269,0.010224999859929085
2454,0.000933830406893733,7.88861803645375e-05,0.6664474010467529,0.621978759765625,0.0141824700750218,0.006351482775432419,0.03472238899366587,0.007851752063783886,0.011983567848801613,0.0028833276592195034,0.0011036100331693888,0.018211999908089638,0.027614999562501907
2455,0.0007312993897700607,6.73946900777589e-05,1.016107201576233,0.6761410236358643,0.008432710995100264,0.003624842536534311,0.02405444310309975,0.003874292753862814,0.01407098863273859,0.0035485774278640747,0.0008237099973484874,0.010979999788105488,0.021991999819874763
2456,0.002825373011043799,0.0001844464561150947,1.2410727739334106,0.617882251739502,0.024316761915458833,0.015633190836432526,0.09699251149236267,0.033953306965945576,0.013255985453724861,0.002579015213996172,0.0032881100196391344,0.03564999997615814,0.09452399611473083
2457,0.0005189124486660734,5.8431772480804106e-05,1.2105553150177002,0.6615103036165237,0.007174475192394506,0.002259805638539667,0.016372864948622515,0.0020961868643820415,0.014904113486409187,0.0034718764945864677,0.0004740100121125579,0.0035329998936504126,0.02114799991250038
2458,0.0005414753390994491,6.410173980965953e-05,1.3660204410552979,0.6167513430118561,0.005091969746508804,0.004004189849346031,0.02739481946477206,0.003817587286253088,0.014992062002420425,0.003569460939615965,0.00044020998757332563,0.006996000185608864,0.024325000122189522
2459,0.0005736115373760075,7.89908633469087e-05,1.252591848373413,0.6608894616365433,0.0013985785553854429,0.0048188783573748705,0.055684440088730136,0.007354844292491756,0.013788324780762196,0.0026193205267190933,0.00040700999670661986,0.011572999879717827,0.04625700041651726
2460,0.001328470915602608,0.0001041990117376893,0.6049980521202087,0.6009151935577393,0.0025145567143128617,0.006669030408660423,0.06349515297980915,0.01181711179772445,0.011670224368572235,0.0021055135875940323,0.001344710006378591,0.01682800054550171,0.04831799864768982
2461,0.00053107030173589,4.933536284526557e-05,1.4321331977844238,0.5451494753360748,0.0028490479247966333,0.0009002318376383983,0.0069221719929298,0.0006760018109187673,0.015460658818483353,0.003498747479170561,0.00046720998943783343,0.0027020000852644444,0.005967999808490276
2462,0.0002828208238705118,5.043220147062143e-05,1.289029836654663,0.6753262728452682,0.005432170974168761,0.0021636304418712967,0.015633579205350506,0.001917418834667335,0.01569189317524433,0.0034626061096787453,0.00018964000628329813,0.004135999828577042,0.015433999709784985
2463,0.0007551532024902503,6.837328984069207e-05,1.4388105869293213,0.5477449595928192,0.0038656673880725113,0.00369856759470175,0.02615029152936771,0.0036240480166746802,0.013603000901639462,0.0036225072108209133,0.0008832099847495556,0.00661499984562397,0.02206300012767315
2464,0.00101677318206118,7.860897062619777e-05,0.642296314239502,0.5927394330501556,0.0009886657211292586,0.0030785005384070157,0.03155118600033604,0.003994239264571197,0.011925801634788513,0.0027937134727835655,0.0009928100043907762,0.007290999870747328,0.025950001552700996
2465,0.0005901743876972723,6.539435961125134e-05,0.962225615978241,0.6981704533100128,0.01640398072160297,0.0038593751273277334,0.021020136476487393,0.00404149962715282,0.013962022960186005,0.003607729449868202,0.0005684099742211401,0.01764499954879284,0.019439999014139175
2466,0.0005874323416144748,5.799034481219421e-05,1.2027671337127686,0.6542061865329742,0.0024370913864076617,0.0023612043785051742,0.01582376070530505,0.0019534350165574758,0.012866117991507053,0.003419285174459219,0.0005509100155904889,0.005032000131905079,0.012755000032484531
2467,0.00046914911524817903,5.7746864485930255e-05,0.5553792715072632,0.5922502875328064,0.00662202113372095,0.0019150652576967768,0.012548492807654263,0.001694197629137988,0.012732705101370811,0.003295870963484049,0.00041430999408476055,0.006314000114798546,0.012298999354243279
2468,0.0008069152561345726,7.291644580924072e-05,1.163944125175476,0.6603042483329773,0.00023688403879715717,0.001929103286145576,0.03391610711745413,0.0033056951994925587,0.013217606581747532,0.0022616428323090076,0.0008240099996328354,0.008363000117242336,0.0289589986205101
2469,0.0008773236133618893,7.939227683860338e-05,0.8535670042037964,0.6616429835557938,0.025011430021279847,0.007261458729736617,0.035436582180067025,0.009147846452294224,0.01427401788532734,0.0035026627592742443,0.0011314100120216608,0.02211499959230423,0.04114999994635582
2470,0.0003199981423187149,4.758853167240347e-05,1.1944880485534668,0.6873392164707184,8.676412414320202e-05,0.000556560245009907,0.011434327086661197,0.0007320196147886527,0.011535313911736012,0.0016854065470397472,0.00023906999558676034,0.00215999991632998,0.009431999176740646
2471,0.0012352657414068863,7.562239834485386e-05,0.9397909045219421,0.6045946627855301,0.0052811614503348505,0.0028586499676433582,0.022842113050870038,0.0033756924236062365,0.013946964405477047,0.0033818455412983894,0.0015015100361779332,0.009530000388622284,0.01854199916124344
2472,0.0005495303270010409,6.74987420786451e-05,0.9374707937240601,0.6996454298496246,0.0001023005385822153,0.0011370683838890954,0.03239970689972019,0.0027282996277979542,0.01166453305631876,0.001592464279383421,0.0005393099854700267,0.007381000090390444,0.028193000704050064
2473,0.000758675228917861,6.833721296530356e-05,1.423563003540039,0.5705183148384094,0.0006220501339723698,0.00226222601635686,0.033194076150767575,0.003157038341016034,0.014394514262676239,0.0025698337703943253,0.000725110003259033,0.004689000081270933,0.028773000463843346
2474,0.0008079635832430503,6.383573125742325e-05,1.1927266120910645,0.6302220225334167,0.007818026933164144,0.0021419611532127168,0.014861201856329097,0.0020784502823535007,0.013907506130635738,0.003408818505704403,0.0007584100239910185,0.006845000199973583,0.01360199972987175
2475,0.0010736737739709468,7.25608281050066e-05,1.1195625066757202,0.6114116907119751,0.0059200454222273005,0.0026993750127507635,0.02102239259226605,0.0031416525093674284,0.013474611565470695,0.003344483207911253,0.0012269100407138467,0.007946000434458256,0.01959500089287758
2476,0.0007807188737648346,8.220616569756399e-05,0.8137151002883911,0.6730854138731956,0.007306529106486607,0.006599433333470485,0.0394195217012077,0.007284528109349531,0.013186203315854073,0.0035428102128207684,0.0009446099866181612,0.019226999953389168,0.026076998561620712
2477,0.0008962837180035421,6.835828228255657e-05,0.7532457113265991,0.6123943999409676,0.002950171086233042,0.002479425653468522,0.017905739931564944,0.0023230859144691193,0.01202127244323492,0.0030564977787435055,0.0009160100016742945,0.00585100008174777,0.01574699953198433
2478,0.000798657690055914,5.9760793004067045e-05,1.3685033321380615,0.5699569284915924,0.008692326448440936,0.0017068928520436772,0.011699754432061808,0.0015495216095718963,0.015547470189630985,0.003493351861834526,0.0008319100015796721,0.006845000199973583,0.014256000518798828
2479,0.0005654416069542691,5.28843750203138e-05,1.5453753471374512,0.47659051418304443,0.0019153399816101786,0.00197822755146503,0.014523577690217665,0.001624636988850548,0.012973843142390251,0.0034773088991642,0.0005719100008718669,0.00673400005325675,0.007198999635875225
2480,0.00035381278914487147,5.230920016279823e-05,1.1635748147964478,0.6890209019184113,0.00628797130947076,0.0018544983455959087,0.012643309276636646,0.0016237126202549995,0.014448020607233047,0.003593248315155506,0.00037602000520564616,0.00737700005993247,0.010917000472545624
2481,0.0006339129292116401,6.749670470155563e-05,1.3800674676895142,0.6004600524902344,0.02479567413963289,0.004955433843695121,0.02996435533206329,0.006316763520364773,0.016562337055802345,0.002974696923047304,0.000744909979403019,0.0137339998036623,0.045263998210430145
2482,0.0006891727913381521,6.543717336128654e-05,0.7774720788002014,0.6620350107550621,0.011889059747611131,0.003186052321594232,0.019412278796499184,0.0032695594694036444,0.013834215700626373,0.003584892489016056,0.0005921099800616503,0.009309000335633755,0.020640000700950623
2483,0.0011992813489149874,5.886117140776906e-05,1.7374712228775024,0.2907431125640869,0.011406919180482554,0.001708636796316873,0.014739395793405427,0.0017195254775310923,0.01664145290851593,0.002823874354362488,0.0013430099934339523,0.011989000253379345,0.011113000102341175
2484,0.0016370177649508847,9.202836948316929e-05,1.0607844591140747,0.620503380894661,0.016286195686377763,0.005359445693878558,0.03711290957198369,0.008149294886893347,0.013052497059106827,0.003332167863845825,0.0018973100231960416,0.018185999244451523,0.03356099873781204
2485,0.003466188223002369,0.00020570602517006932,0.7312303185462952,0.6029754281044006,0.004507140538605619,0.038398379496699137,0.5120148735888338,0.1430195203661814,0.017293155193328857,0.0014636842533946037,0.004205210134387016,0.09754399955272675,0.22739599645137787
2486,0.0020349453106129336,0.00018958191117441953,0.8653022646903992,0.6912656649947166,0.05158595172823777,0.06189340598168394,0.2816075713628999,0.1420873234300063,0.015810688957571983,0.002437618561089039,0.0026603098958730698,0.10599999874830246,0.10517899692058563
2487,0.000718810793396937,6.082448312701535e-05,1.2335563898086548,0.6306107044219971,0.0026849694123200238,0.002301918422905436,0.01485804077819041,0.001871541521049634,0.01227010041475296,0.0032900357618927956,0.0007179100066423416,0.004794000182300806,0.01231599971652031
2488,0.0004559772513120827,6.30978354817749e-05,1.1215276718139648,0.7011950016021729,0.00019679971604493778,0.0016719451060738563,0.025240395301126806,0.0020762580442143796,0.012798909097909927,0.0026172311045229435,0.0004676099924836308,0.0052720000967383385,0.021212000399827957
2489,0.0007920536446248962,6.953597642208388e-05,1.212186336517334,0.6502948254346848,0.00028973317410784254,0.001635768362487338,0.029286536217129188,0.002640791159616027,0.013875246047973633,0.002350414637476206,0.0006879100110381842,0.0061980001628398895,0.021390000358223915
2490,0.0021675551855498665,0.00010756686624018691,1.67950439453125,0.35436302423477173,0.0458818081758782,0.009099261999892815,0.04324152225666253,0.011983724429127738,0.013323212042450905,0.0034654648043215275,0.0022880099713802338,0.04083399847149849,0.035388000309467316
2491,0.0005505935718259541,6.329875041389711e-05,0.759250283241272,0.665068082511425,5.905354267150277e-05,0.0005358919671093117,0.020421316999175897,0.001402165468652631,0.01180601492524147,0.0015262113884091377,0.0004532099992502481,0.004000999964773655,0.017733000218868256
2492,0.0008796766472008076,7.004747375986543e-05,1.3210278749465942,0.5998042821884155,0.005828576947959788,0.0033877912948334157,0.0250151787973481,0.0037408982459386023,0.012485085986554623,0.0032279822044074535,0.0010520099895074964,0.006314000114798546,0.024941999465227127
2493,0.000348254949056518,4.664346563815311e-05,1.3512299060821533,0.617618590593338,0.0017275848783886768,0.001563607819724248,0.010036526993734158,0.001063325207175364,0.012736380100250244,0.003529645036906004,0.00026927998987957835,0.003932000137865543,0.006159000098705292
2494,0.0005970953011218971,6.313298982481026e-05,1.1170635223388672,0.6841593384742737,0.0037178797062648356,0.00295391000705021,0.019922105760941156,0.0025113674143547385,0.01452831830829382,0.003698097076267004,0.0006265100091695786,0.006314000114798546,0.01793600060045719
2495,0.0010535016532561153,0.00011269827779146089,1.092975378036499,0.686579555273056,0.0034020834086073144,0.014935900139122701,0.13362495524706824,0.032293819031635515,0.014429464004933834,0.0024419953115284443,0.0012146099470555782,0.032517001032829285,0.09931600093841553
2496,0.0006915790721829543,7.440219192157178e-05,1.2031855583190918,0.6567063629627228,0.0002461310750402195,0.002062405999665949,0.036498973870721804,0.0034273033822347296,0.01308626402169466,0.0022684973664581776,0.0006767099839635193,0.006845000199973583,0.029171999543905258
2497,0.0006988553478405709,6.254564142960621e-05,1.075156331062317,0.6632445007562637,0.0039914546638819505,0.0020986742145148694,0.014923741438701446,0.0018428771387983102,0.01368014793843031,0.0034542004577815533,0.0007799100130796432,0.007381000090390444,0.0103169996291399
2498,0.0007626301429297223,8.492448583405973e-05,1.3710346221923828,0.6193039417266846,0.04186514852920016,0.010755154344550445,0.04212494776027358,0.01397325064268383,0.015093028545379639,0.0034715798683464527,0.0009557100129313767,0.044658999890089035,0.046084001660346985
2499,0.0003873002192536589,5.089723137107334e-05,1.167615532875061,0.6813901364803314,0.004514765430142136,0.001407258780850532,0.010154372022053116,0.0011711376509326637,0.014369592070579529,0.0034208400174975395,0.00026795000303536654,0.0023980000987648964,0.010699000209569931
2500,0.0008089089081805088,5.668527559674893e-05,1.4944247007369995,0.46590039134025574,0.0032772394562413636,0.000842878277449105,0.006210309317425143,0.0006665323728792917,0.01301923580467701,0.0031270827166736126,0.0007969100261107087,0.004484999924898148,0.0038969998713582754
2501,0.0005982821056583243,5.717816246617009e-05,1.3039900064468384,0.6247560083866119,0.005280659904406953,0.001758371969375379,0.013566065776510802,0.001576185865966256,0.014992251060903072,0.0034918878227472305,0.0006451099761761725,0.006006000097841024,0.011251000687479973
2502,0.0008346731024093736,6.492481701300039e-05,0.7477189898490906,0.6132125481963158,0.006489425758614116,0.0017332618911964524,0.012599961410263753,0.0015830207992199863,0.014371800236403942,0.003647922072559595,0.0008175100083462894,0.00698000006377697,0.010660000145435333
2503,0.0014386010989585797,8.053764408336161e-05,1.5479925870895386,0.4188859462738037,0.0054210381101713855,0.003532136448143349,0.02814692413368813,0.00392054266281327,0.01543477177619934,0.0033681984059512615,0.0017139100236818194,0.010741000063717365,0.021688999608159065
2504,0.0008710502525019892,5.8917622555248854e-05,1.6160948276519775,0.4115660786628723,0.010088566922101725,0.0018239211871294214,0.012530257480412841,0.0016899750244242402,0.015247564762830734,0.003413492813706398,0.0011114099761471152,0.007594000082463026,0.0134660005569458
2505,0.0010731988029734308,7.318588823222619e-05,0.7802656888961792,0.6141594275832176,0.0002317024519883044,0.001315484517241524,0.02138242832645735,0.0021733914649271022,0.011221256107091904,0.001638361718505621,0.0010579100344330072,0.005255000200122595,0.017814001068472862
2506,0.0008002547910949389,7.052988535655446e-05,1.3093771934509277,0.6124023795127869,0.005974674619065287,0.004556874359621247,0.02815595731904434,0.0048694321879843745,0.012811657041311264,0.0033057397231459618,0.0007164099952206016,0.006750999949872494,0.02549399808049202
2507,0.0005173781215531313,6.29851207671051e-05,1.2281209230422974,0.6696650683879852,0.007927805636653622,0.0037320083448286363,0.02451865733250712,0.003784132706453962,0.015284847468137741,0.0036503360606729984,0.0005025099962949753,0.012994999997317791,0.016519999131560326
2508,0.0014088228970752573,8.34691615545309e-05,1.4730958938598633,0.4807981550693512,0.016495527896383477,0.004674822473943518,0.034789914507071036,0.006118747836240486,0.015310456976294518,0.0033630640245974064,0.00158780999481678,0.02118000015616417,0.02433599904179573
2509,0.00581267663619868,0.000335341437331512,0.7859954833984375,0.5878542810678482,0.047405847374345146,0.050670467928718856,0.2960991875844024,0.12104470471505138,0.011996100656688213,0.0010400325991213322,0.006944209802895784,0.10599999874830246,0.16771599650382996
2510,0.0008345580975998954,7.315927492434235e-05,1.021928310394287,0.6879579573869705,0.0016474468737777935,0.003973667868771995,0.03794393188986525,0.005794749553675829,0.010877162218093872,0.0015363157726824284,0.0008475100039504468,0.008045000024139881,0.032538000494241714
2511,0.0012957093172094288,8.186333891051884e-05,0.7307259440422058,0.603550374507904,0.008698489161724679,0.004099690344598701,0.029044455562535598,0.005097049761397163,0.01395643875002861,0.003582768142223358,0.0015283100074157119,0.00954199954867363,0.03014099970459938
2512,0.0007131382529475503,6.492874003916082e-05,0.9923675060272217,0.676335021853447,0.0015384022020806408,0.002418849808126674,0.020830209497982456,0.0024259894321910867,0.012844255194067955,0.003498830832540989,0.0007617099909111857,0.00661499984562397,0.01407100073993206
2513,0.0005165667174036017,5.335764263099171e-05,1.3371548652648926,0.608792781829834,0.005503406346854767,0.0014040118413900697,0.009861137215500923,0.001175539004428165,0.014667819254100323,0.0036036046221852303,0.0004850100085604936,0.006829000078141689,0.00724400021135807
2514,0.0005289210088688943,6.043002169210863e-05,1.1699323654174805,0.6855573803186417,0.007390945969944366,0.003283749329194454,0.02090281297576265,0.003222408009632473,0.01425439678132534,0.003647430334240198,0.0005581100122071803,0.006951000075787306,0.021534999832510948
2515,0.001067887716200639,6.715252599494531e-05,1.4279162883758545,0.5040241479873657,0.0037073099357635606,0.0020407743498758743,0.01582145449787756,0.001982096994983403,0.01372980885207653,0.003516693599522114,0.0010944099631160498,0.006752000190317631,0.012102999724447727
2516,0.0008653574550496648,5.8584051901106006e-05,1.4948474168777466,0.476127952337265,0.005095470771301148,0.0011789147871050431,0.008618107956872012,0.0010056714777572926,0.014437069185078144,0.0034352592192590237,0.0008948100148700178,0.00661499984562397,0.005203000269830227
2517,0.0007459570181274581,6.230919214882574e-05,1.348494529724121,0.5897668600082397,0.005454849705754103,0.0023932450718280466,0.017901547980056314,0.002304535059875495,0.014340799301862717,0.0036595077253878117,0.0006474099936895072,0.007290999870747328,0.015169999562203884
2518,0.0009629240491174921,7.527521032507731e-05,1.019476294517517,0.659040167927742,0.004774809307912282,0.003932513253150697,0.025526246091118598,0.00406140478932537,0.013136209920048714,0.003642916213721037,0.0011709099635481834,0.008469999767839909,0.02341499924659729
2519,0.0015372827354846116,8.642361776971925e-05,1.1246488094329834,0.6136517375707626,0.02672231268940147,0.006321930913913655,0.04175580014148942,0.009189847140103326,0.015707438811659813,0.0031647197902202606,0.001690709963440895,0.018588999286293983,0.0548349991440773
2520,0.0036739023695383176,0.00020081487028455222,0.867344081401825,0.6171097159385681,0.061530661920431426,0.019968237606375224,0.10766258311412226,0.041540894163309555,0.013655278831720352,0.0027133519761264324,0.00462681008502841,0.06476700305938721,0.08879299461841583
2521,0.0011532292153531188,7.310147087875385e-05,0.9653380513191223,0.5886815190315247,0.0046149846962212655,0.0019960846070942997,0.015919868042626135,0.002068107404520597,0.013865161687135696,0.0034609497524797916,0.0011910100001841784,0.00661499984562397,0.012126000598073006
2522,0.0018156275575151408,0.00013697957637563013,1.132244348526001,0.6795025914907455,0.012861632123207858,0.012363018733189006,0.07108731271699736,0.02246523631458013,0.012019536457955837,0.0027853110805153847,0.002114709932357073,0.025614000856876373,0.052156999707221985
2523,0.0010847783885561213,7.693659673121251e-05,1.0290337800979614,0.65668123960495,0.009218477797204767,0.004090010818080332,0.02944633270340831,0.005160900957005436,0.01333142165094614,0.0032862373627722263,0.0011266099754720926,0.01488099992275238,0.019965000450611115
2524,0.0004946318240078818,5.297896400557309e-05,1.2045682668685913,0.6562919914722443,0.00329681290277904,0.0011935871541055678,0.009091026398161004,0.0009387560519854418,0.014984926208853722,0.003565235063433647,0.00044440999045036733,0.003930999897420406,0.007764000445604324
2525,0.0006540520574096049,5.7266948271698405e-05,1.5983281135559082,0.45159876346588135,0.004440958074013008,0.0028973704435988484,0.018680998864037356,0.0025125450033238687,0.013832243159413338,0.003682762384414673,0.0006054100231267512,0.006835999898612499,0.01367500051856041
2526,0.0010804314834506395,7.76747315576142e-05,1.4272656440734863,0.5297604501247406,0.00313395184855746,0.0036299903279575422,0.02828181844167282,0.004186291523903273,0.012798282317817211,0.0034226705320179462,0.001161010004580021,0.008553000167012215,0.02197900041937828
2527,0.0008278448687999051,8.372015446654927e-05,0.8742449283599854,0.6820218861103058,0.002090344412166205,0.005142753691975922,0.06299986982186635,0.008768517727810766,0.014973435550928116,0.002563856076449156,0.0009919099975377321,0.01308399997651577,0.05929499864578247
2528,0.0014964219616781676,9.824311571551164e-05,1.2206642627716064,0.6113708019256592,0.0013570222110339393,0.005907342975895395,0.09181305814406951,0.01428003562776499,0.015015222132205963,0.002088119275867939,0.0016371100209653378,0.023243999108672142,0.05612799897789955
2529,0.0015829951341731834,0.00010896019242241954,1.328357458114624,0.6020697355270386,0.028719514219332012,0.016554184336460658,0.11073582827685106,0.03159358788827402,0.016211096197366714,0.0025627664290368557,0.001708409981802106,0.048298999667167664,0.05691300332546234
2530,0.0007327967906886307,6.860413247064583e-05,1.1418246030807495,0.6696733087301254,0.004640066148014578,0.004166687997468107,0.02676965796554957,0.0041211592772035285,0.012836553156375885,0.00344846211373806,0.0006518100271932781,0.005828999914228916,0.027358999475836754
2531,0.001574166157647497,0.00011739581045532184,1.2872096300125122,0.6162258684635162,0.0016594321406439047,0.00676963464379976,0.07545931279884383,0.01355600285273639,0.01278293039649725,0.002532974351197481,0.0016909099649637938,0.01974800042808056,0.05501199886202812
2532,0.0004492901065645323,5.292234009565469e-05,1.0773402452468872,0.6892803758382797,0.005050338679801236,0.0014632578512398407,0.010832367888102795,0.0012393244539176075,0.015308423899114132,0.0035760742612183094,0.000431010004831478,0.006845000199973583,0.007842999882996082
2533,0.002029279247396783,0.00010443536659288598,0.7222282886505127,0.5859751254320145,0.03584707550297064,0.008687040760900376,0.04440047576970478,0.01329336475788449,0.013472357764840126,0.0033977669663727283,0.0024044099263846874,0.03648100048303604,0.039747998118400574
2534,0.00048294559650329075,5.178288109116509e-05,1.3120882511138916,0.6390064656734467,0.0038828824545816616,0.001466568485486826,0.01076757346695376,0.001188315342679297,0.014456147328019142,0.0036011957563459873,0.0004625100118573755,0.003092000028118491,0.010592999868094921
2535,0.0007061097117212069,7.018157875310994e-05,1.372797966003418,0.6102587878704071,0.012309657293520283,0.0043625696777986,0.031250884806668947,0.005040971461194971,0.015418270602822304,0.0034287385642528534,0.0006858099950477481,0.006845000199973583,0.04028100147843361
2536,0.0004882939732562452,5.978944203375989e-05,1.0643086433410645,0.6856009066104889,0.006593313373398064,0.002838790714804018,0.01874997604302839,0.002688942003087419,0.013424312695860863,0.0035548186860978603,0.0005487099988386035,0.008834999985992908,0.016777999699115753
2537,0.000641055299030613,9.041281175989666e-05,1.052992820739746,0.7028484791517258,0.0003576633387036761,0.004751547903661773,0.07483602281181166,0.009948391206848324,0.013563137501478195,0.002233507577329874,0.000614509976003319,0.010379999876022339,0.07139799743890762
2538,0.0006920583721867824,6.242294353388044e-05,0.5752398371696472,0.5759652480483055,0.0022431605436878926,0.0023638030126815514,0.016616906626119747,0.0019801586919222427,0.011858359910547733,0.00299068633466959,0.000545609975233674,0.0025480000767856836,0.015812000259757042
2539,0.0007230388202546926,6.633660940599692e-05,0.900157630443573,0.6612605154514313,6.214053890017451e-05,0.0006216979112239448,0.022273976207707675,0.0017817132500211625,0.011894864030182362,0.001590365543961525,0.0006360100232996047,0.005140000022947788,0.018199998885393143
2540,0.0009219434328829153,6.954448262484606e-05,0.5955299735069275,0.5678015351295471,0.0007409951229687071,0.0017959824011457403,0.019141710909412118,0.001987064901434925,0.01129835844039917,0.002255745232105255,0.0009223099914379418,0.005907000042498112,0.015128999948501587
2541,0.0009575797332182725,6.529916571698565e-05,1.3954102993011475,0.5345661342144012,0.007402478185460705,0.0020447815034423267,0.016677278167954855,0.0020837547115444928,0.015700841322541237,0.0033542937599122524,0.0008972099749371409,0.007290999870747328,0.016621999442577362
2542,0.0005253202899047417,6.6738578775483e-05,1.1567623615264893,0.6851768642663956,0.005011952678176115,0.0048354786109170165,0.029373903850864955,0.004864771752197886,0.01309395395219326,0.003577527590095997,0.0005199100123718381,0.011478000320494175,0.020576998591423035
2543,0.0011144191561554566,0.0001307549505105513,1.018916368484497,0.7131667733192444,0.00470274682337612,0.01965101196200803,0.12646731609412173,0.03589848523088418,0.011945596896111965,0.002297694329172373,0.0009087100042961538,0.02144799940288067,0.1208139955997467
2544,0.0012896913652644482,0.00013527226279681738,1.091340184211731,0.7028540968894958,0.0030799083157034145,0.017079148091085333,0.1482888048871139,0.038101958151343734,0.013114387169480324,0.0021950528025627136,0.0014254100387915969,0.030215999111533165,0.09485699981451035
2545,0.0006706970612536885,5.290719754275216e-05,1.6252598762512207,0.4052082896232605,0.004772049907875531,0.0015238373452466105,0.013996431177629049,0.0013649796950702293,0.016677021980285645,0.0030548395588994026,0.0006942100008018315,0.004153000190854073,0.013222000561654568
2546,0.0008019964030903209,6.449820869784749e-05,1.1972501277923584,0.6202964782714844,0.003141672507380905,0.001867743123399218,0.014301844466290868,0.0015915532718776418,0.015053831040859222,0.0036532916128635406,0.0007502100197598338,0.004511999897658825,0.012404000386595726
2547,0.0005700566626883814,6.938727147466839e-05,1.321114182472229,0.6309467256069183,0.0004911698809970775,0.002676276421430686,0.04084957827010825,0.003885755939014031,0.014547702856361866,0.002568046096712351,0.0006915099802426994,0.00673400005325675,0.03456899896264076
2548,0.004754916102684266,0.00025680140783343117,0.9758136868476868,0.62979556620121,0.08562627566863779,0.049117525889383076,0.25935701024818864,0.11982298128867343,0.01566563919186592,0.002013538498431444,0.005452109966427088,0.07013099640607834,0.17594099044799805
2549,0.0009236623243622917,6.50508707381208e-05,0.6039758324623108,0.5676808431744576,0.008152774450076087,0.0019266594100036546,0.012406118259867496,0.0018022669000436068,0.01273168995976448,0.0033823330886662006,0.000941610021982342,0.006647000089287758,0.013860000297427177
2550,0.0009684369431268731,7.323721987204129e-05,1.2546623945236206,0.609495609998703,0.0014636266458984408,0.002630098659846676,0.02580171840376951,0.003246184069691368,0.01237448863685131,0.0030063404701650143,0.0010326099582016468,0.008255000226199627,0.020709998905658722
2551,0.00044916926389565356,5.730187610409368e-05,1.3398091793060303,0.6386398375034332,0.0036036821853238205,0.0032216440324049868,0.021401699893368792,0.002818967660254027,0.013778502121567726,0.003567811567336321,0.0003830700006801635,0.006314000114798546,0.01592000015079975
2552,0.0009309746892965149,7.062205866514436e-05,0.6387161612510681,0.5822663307189941,0.0006133421325092927,0.0021079769497949763,0.023292065568297698,0.0026008752611748013,0.011550315655767918,0.0024640625342726707,0.0010190099710598588,0.009213999845087528,0.016690000891685486
2553,0.00802484380880051,0.0004642837639155209,0.714117705821991,0.576902948319912,0.13202667193389483,0.08130500303219604,0.6084078963233954,0.2680480809913529,0.014169188216328621,0.001253687310963869,0.008983209729194641,0.15232999622821808,0.5218799710273743
2554,0.0014142378960991244,0.00012252366689715938,1.1587860584259033,0.6727945804595947,0.004205791345575247,0.01010849100259191,0.09198027245358135,0.020783194947874804,0.011415377259254456,0.001622932031750679,0.0015130100073292851,0.02017899975180626,0.06830500066280365
2555,0.0009480394930201922,6.791376995763667e-05,1.2320916652679443,0.6181977689266205,0.014436454439416527,0.002870443283266945,0.0169049168378153,0.0028952311286390116,0.014524128288030624,0.003627009689807892,0.0010902100475504994,0.0133670000359416,0.018756000325083733
2556,0.0015609232443724967,7.955167243378148e-05,1.1855055093765259,0.520169198513031,0.009506568184720428,0.0022863084070892225,0.020143678421594945,0.002809182581716675,0.01568291150033474,0.003083544783294201,0.0018806100124493241,0.015258999541401863,0.012914000079035759
2557,0.0012157829072520449,8.32321069279342e-05,0.9497711062431335,0.6530031263828278,0.017506419128905885,0.005288214074307949,0.03501980062330281,0.006932419050805777,0.014869346283376217,0.003418672364205122,0.0013897099997848272,0.01648700051009655,0.03491400182247162
2558,0.0010542034258685736,7.721856536728846e-05,1.3812094926834106,0.5694189965724945,0.019761786211729256,0.005346925514817173,0.036100620571248423,0.006786320120856672,0.015566919930279255,0.003274328075349331,0.0011887099826708436,0.017861999571323395,0.031971000134944916
2559,0.0008553233667352984,6.975342341021773e-05,0.9043530225753784,0.668177917599678,0.0003643461117659001,0.0019077988263890245,0.024474151145320283,0.002539020258652448,0.012461300007998943,0.002674897201359272,0.0008019100059755147,0.00661499984562397,0.019356999546289444
2560,0.0007657060027772385,6.216682893378354e-05,1.4676696062088013,0.5195972919464111,0.007063973987828024,0.00231883584510603,0.017025952101773514,0.00226865999856766,0.013976292684674263,0.0034310086630284786,0.0007841099868528545,0.008892999961972237,0.012722000479698181
2561,0.0012193890802675137,7.327588479833576e-05,0.9176262021064758,0.6020439565181732,0.010692070022185154,0.00197394349097487,0.012828531550764029,0.0020079429580638006,0.014229790307581425,0.0034880382008850574,0.0012120100436732173,0.01095999963581562,0.010501000098884106
2562,0.0005878281677607756,6.0451147301022014e-05,1.2009141445159912,0.6627184450626373,0.0028298995551527236,0.002940858907172802,0.02009360723764374,0.0026563127817310003,0.011816168203949928,0.0029673264361917973,0.00047830998664721847,0.005140000022947788,0.019770000129938126
2563,0.0005327665985524545,5.838453003439409e-05,1.0110645294189453,0.6876498907804489,0.005702879790470412,0.00233646734482503,0.016552850229589144,0.002172410920947167,0.01478093396872282,0.003492714837193489,0.0004948099958710372,0.006752000190317631,0.013922999612987041
2564,0.004075025305958678,0.00023359938864496313,1.1110516786575317,0.5911554396152496,0.12030332250823779,0.03306241077530165,0.19016207266373258,0.07707837430643201,0.016875360161066055,0.0022132997401058674,0.004774509929120541,0.08022399991750717,0.1928269863128662
2565,0.002813169251333186,0.00018931702117320494,1.509555697441101,0.4913770854473114,0.003106048568623014,0.03850517194820639,0.6875884660453151,0.16765066782215915,0.01826946996152401,0.0013117743656039238,0.003454810008406639,0.09057500213384628,0.3039399981498718
2566,0.0006328454538788748,6.39759753490039e-05,1.4041974544525146,0.58424973487854,0.00013088804085522967,0.00110889953803685,0.023517430317362024,0.0018161795466723352,0.013025292195379734,0.0021538925357162952,0.0006245099939405918,0.003930999897420406,0.01923999935388565
2567,0.0008207268414029225,5.617405630864734e-05,1.6652473211288452,0.3678587079048157,0.0019569854249426697,0.0019401400143429788,0.014634763990378892,0.0015541328648903735,0.013196904212236404,0.0036177365109324455,0.0008465099963359535,0.004821000155061483,0.010706000030040741
2568,0.0015314722733172372,0.00011276565603669645,1.0849647521972656,0.6704214811325073,0.039957002275239746,0.01498497719701882,0.0723193045239535,0.023683126623037423,0.014802366495132446,0.003344398457556963,0.0017160100396722555,0.0332150012254715,0.0873659998178482
2569,0.0004127831311007431,5.7228221497777654e-05,0.9399316310882568,0.699857547879219,0.010050429683588099,0.0024155727411565597,0.01543929980920698,0.002389754542559415,0.0152352973818779,0.0033644740469753742,0.0002896999940276146,0.009309000335633755,0.014289000071585178
2570,0.0014525778443612942,0.00013948892028118915,1.2608946561813354,0.6531780064105988,0.039402505127988416,0.03001851469906269,0.13555317728375976,0.04954486827077778,0.014525679871439934,0.003035600297152996,0.0017163100419566035,0.04052799940109253,0.09809499979019165
2571,0.0006457268104302395,6.046480145691503e-05,1.4022631645202637,0.5745414793491364,0.004620237157088352,0.00307140574850046,0.019779673135652244,0.002798568911447946,0.013886705040931702,0.0036991024389863014,0.0006131100235506892,0.007946000434458256,0.013755999505519867
2572,0.0010297482801534222,0.00010549133291852628,0.8329356908798218,0.6757772788405418,0.0001065703248478007,0.0017170113978867577,0.09007922744918065,0.010813492389905553,0.011899434030056,0.001500663347542286,0.0009980100439861417,0.02249700017273426,0.06868000328540802
2573,0.0005999621538887086,6.165564821169052e-05,1.4340864419937134,0.5668063461780548,0.002067656185136539,0.002601125017719088,0.021071776112447628,0.0024215117411678453,0.012911519035696983,0.0033737830817699432,0.0004139099910389632,0.004251000005751848,0.01840199902653694
2574,0.001300426090820553,7.802541694659879e-05,0.684526801109314,0.5705508813261986,0.008933721304344878,0.003383675406330932,0.02434042186857877,0.004048967304993687,0.012379558756947517,0.003097980748862028,0.0014262100448831916,0.01184799987822771,0.021421998739242554
2575,0.0003444841290653654,5.306034941884161e-05,1.0284912586212158,0.7075870186090469,0.006596383501151066,0.0019594564595056493,0.013571790377086987,0.0017689834075116052,0.015064810402691364,0.003499658778309822,0.0003655499895103276,0.006845000199973583,0.014124000445008278
2576,0.0025867703451663625,0.0001306740078225706,1.287990689277649,0.5551906526088715,0.06988954411425273,0.016228924405408098,0.07911128166574538,0.027560194298177184,0.016218893229961395,0.0028275414370000362,0.0029992100317031145,0.057440001517534256,0.06364800035953522
2577,0.000655620877619376,7.41576285006525e-05,1.037447214126587,0.7010633647441864,0.005658570956108007,0.006148240274517275,0.036566511458114875,0.006995969652880763,0.01228623278439045,0.0032585402950644493,0.0005843099788762629,0.013073000125586987,0.02848000079393387
2578,0.0024372278572681737,0.00020099044560323103,0.5555214881896973,0.5665149763226509,0.14074018854132292,0.046679771827952674,0.0474655598570284,0.06609889657639093,0.013800823129713535,0.0036011720076203346,0.002780510112643242,0.05785699933767319,0.149057999253273
2579,0.002083679730049802,0.00012834166775350648,1.164652943611145,0.6582145988941193,0.00397408329219142,0.008677148720101696,0.08366698811496343,0.02059884211420801,0.010903091169893742,0.0013053207658231258,0.002325610024854541,0.02721099928021431,0.061594001948833466
2580,0.004647841918520367,0.0001761217555939355,1.2527811527252197,0.484203040599823,0.07474224710703543,0.020616562732560576,0.23356132554168035,0.06149219659659458,0.018217017874121666,0.001449097879230976,0.005183610133826733,0.07344900071620941,0.15296199917793274
2581,0.0014348073553418614,7.201354044330925e-05,1.467165470123291,0.4713429808616638,0.014613107831288554,0.0026171752281119653,0.017281364656391143,0.0028058672466653722,0.015092004090547562,0.003622590098530054,0.0016289099585264921,0.012090999633073807,0.01728699915111065
2582,0.0019680133663547523,0.00014067437261652328,0.6483242511749268,0.6175814047455788,0.033114774059782685,0.019798621198579145,0.11494138404648428,0.038543698788963375,0.014999410137534142,0.0027831485494971275,0.0025178100913763046,0.04687900096178055,0.08433900028467178
2583,0.0029754127537509386,0.00016524164392458292,0.434386670589447,0.47679801657795906,0.03492812080810439,0.022820659753048228,0.12378467033815756,0.04461517690526244,0.01427340880036354,0.002354974392801523,0.0038367100059986115,0.05719999969005585,0.08762000501155853
2584,0.0013343540616689764,0.00013428964572346515,0.6621130704879761,0.6245592832565308,0.1146524639287904,0.03456375943382399,0.017048001663371167,0.04380311101293059,0.014733642339706421,0.0035975873470306396,0.0013406099751591682,0.058090999722480774,0.067951999604702
2585,0.0016886273430349685,9.023960054857093e-05,0.7131050825119019,0.598921999335289,0.017871265380704104,0.005919600409053959,0.03783494769666466,0.008826210881671352,0.012338276952505112,0.002997279167175293,0.001991109922528267,0.02486800029873848,0.032641999423503876
2586,0.000528194430506438,5.2510997862502016e-05,1.287663221359253,0.6371240615844727,0.003532753587579714,0.00113203011749441,0.008464737539646192,0.000900842962195115,0.014641577377915382,0.0034683248959481716,0.0004842100024688989,0.003602999961003661,0.006907999981194735
2587,0.005655716860528743,0.00022560611107100325,0.6130857467651367,0.4620233178138733,0.00565588763096566,0.02620125137623222,0.6174645050753768,0.13172611288858602,0.018484538421034813,0.0009873025119304657,0.007360510062426329,0.14180999994277954,0.233365997672081
2588,0.0035410737320688292,0.0001847724995034587,0.7379662990570068,0.5837322697043419,0.03489477257372116,0.04287866398824591,0.6808593230532807,0.19348413682778412,0.01926351711153984,0.0007924381643533707,0.004010709933936596,0.12991000711917877,0.2187490016222
2589,0.004041253770503168,0.00022765019986155767,0.8706120252609253,0.5827925950288773,0.06088236844398818,0.05484332121934104,0.7064105840169214,0.22134793911924627,0.0192743968218565,0.0007741209119558334,0.004893110133707523,0.15397000312805176,0.2504599988460541
2590,0.003808515352369334,0.0003150215641739779,0.8727080821990967,0.6768108010292053,0.058959342969655444,0.08920359976134501,0.6802598610827966,0.2936879775506789,0.016135308891534805,0.001805395819246769,0.00488641019910574,0.18378999829292297,0.21851800382137299
2591,0.001773411727191674,8.50196165126482e-05,0.5621505975723267,0.48979996144771576,0.019822448016087933,0.004411999869776392,0.03079587924785402,0.0059487765906298794,0.015266097150743008,0.0033932896330952644,0.002135809976607561,0.01723399944603443,0.03785300254821777
2592,0.0013219451509169102,8.08817476180471e-05,0.91768878698349,0.6402140110731125,0.013486552033592116,0.004093422818972382,0.028274382404922895,0.005321047697977976,0.013600323349237442,0.0034605367109179497,0.0016026099910959601,0.01895499974489212,0.02480200119316578
2593,0.0009095209636631783,7.114585035275294e-05,1.2835593223571777,0.6052725315093994,0.005980594618253639,0.003815647975287326,0.027322396427800544,0.004035475389872532,0.015503429807722569,0.0035023153759539127,0.0009648100240156054,0.011362000368535519,0.019037000834941864
2594,0.0013161347786799244,0.00010734307221411238,1.3559147119522095,0.5978437662124634,0.00023398567091133414,0.004365782637377823,0.19776641096621286,0.029713121460268832,0.016917012631893158,0.0017741951160132885,0.0015327100409194827,0.018588000908493996,0.17104800045490265
2595,0.0014034178453315948,7.655844572281728e-05,1.687554955482483,0.34921377897262573,0.016740501828999825,0.004657008068487155,0.045340882443871834,0.006576535202646838,0.016767680644989014,0.0026177922263741493,0.0016192100010812283,0.017388999462127686,0.04092000052332878
2596,0.000752991866413205,7.094821303335841e-05,1.2492088079452515,0.653520867228508,0.007546571332286197,0.004679933615197238,0.029152610692384378,0.005196727822839992,0.012626349925994873,0.003356941044330597,0.0010153099428862333,0.013201000168919563,0.023982999846339226
2597,0.0013612311388054826,7.369472813610134e-05,0.8253518342971802,0.5914669781923294,0.016591388266601944,0.0030725563597816877,0.018297888833427388,0.0033833676874614298,0.013907523825764656,0.0035321987234055996,0.0015416099922731519,0.015734000131487846,0.01812100037932396
2598,0.0010852292913565021,9.574662079050078e-05,1.479067325592041,0.5425463914871216,0.036155172489584116,0.016838655505780863,0.13434312061325535,0.0372598847397858,0.017803415656089783,0.0020269821397960186,0.0014415100449696183,0.041057001799345016,0.10235299915075302
2599,0.0012454900199969413,9.279290353930356e-05,0.7621325850486755,0.6296191811561584,0.0017982345368436129,0.004810819151178065,0.06296691835629795,0.008566991416111568,0.014502141624689102,0.0026451125741004944,0.0014397100312635303,0.017116999253630638,0.0451740026473999
2600,0.002326359386800853,0.00011935106791197267,0.5451036691665649,0.5164649039506912,0.042485077322474224,0.02165495699455138,0.1819823197528684,0.05492182404474136,0.017996687442064285,0.001737763173878193,0.002768009901046753,0.052191998809576035,0.15949198603630066
2601,0.0009209312275248283,8.881039038006674e-05,1.1015989780426025,0.6705368757247925,0.00034273078633478425,0.0036425313962390373,0.06004811307151206,0.007534349964627346,0.01330874115228653,0.0021579056046903133,0.000961409998126328,0.012896999716758728,0.048645999282598495
2602,0.002042127776114922,0.00017872941241606438,0.8843567967414856,0.6994190812110901,0.022464373554568363,0.027761519491413925,0.170924656438429,0.05852322091879596,0.013669943436980247,0.0025589950382709503,0.0024122099857777357,0.03473600000143051,0.12763400375843048
2603,0.0012872446701285545,6.913830848122055e-05,1.5161867141723633,0.45318275690078735,0.020300374876774628,0.002935803245123164,0.017308642622017978,0.0030802969073444875,0.015788977965712547,0.0032860138453543186,0.0014109100447967649,0.018588999286293983,0.018792999908328056
2604,0.0012564264422026366,6.854650565576677e-05,1.6761947870254517,0.34776467084884644,0.012487965620834237,0.0029585292197599313,0.025074919075942403,0.003340562385531088,0.016143133863806725,0.003088526427745819,0.0015400099800899625,0.009882000274956226,0.02737800031900406
2605,0.0010012777409240674,6.75878794561214e-05,1.1736400127410889,0.5923764109611511,0.00776405419479006,0.0015690149504921495,0.010815720891536927,0.0014134757532565899,0.015470851212739944,0.0035615572705864906,0.0010698100086301565,0.006949000060558319,0.011074000038206577
2606,0.0008019479738365961,6.847514852217402e-05,0.8873472809791565,0.6654302477836609,0.010679604134271303,0.0032144275710455513,0.020507170474553003,0.0033618229179142086,0.013809535652399063,0.003493859898298979,0.0007367099751718342,0.008791999891400337,0.02185000106692314
2607,0.0005115114863537014,6.474510946949437e-05,1.3277876377105713,0.642446756362915,0.01918271124032789,0.004650682239711455,0.02759074793108564,0.005570743515694365,0.016055826097726822,0.0031842454336583614,0.0004943099920637906,0.015584000386297703,0.03327000141143799
2608,0.001505704055729181,7.795226976707343e-05,1.185400366783142,0.5611930787563324,0.014748416662973685,0.0032560279286380804,0.03240437626087558,0.004796761255019884,0.017183205112814903,0.0024331635795533657,0.001740109990350902,0.01719599962234497,0.02645299956202507
2609,0.0008941512928591905,5.927054018521583e-05,1.5392448902130127,0.4689916670322418,0.014747327714242022,0.0018018834269179166,0.008336500707237909,0.0014924443027394228,0.015545514412224293,0.0035037309862673283,0.0010279100388288498,0.011471999809145927,0.009863000363111496
2610,0.0016161983655775768,0.00011024900777794602,1.062730312347412,0.6886258274316788,0.020942600911575984,0.012231120330838783,0.05839509592052322,0.02068714772527615,0.011183908209204674,0.0020401575602591038,0.0020120099652558565,0.027758000418543816,0.04971100017428398
2611,0.0011441416249162821,7.327355806337503e-05,0.321982204914093,0.3613472953438759,0.011428914277877194,0.0035897762688251456,0.02294109066909677,0.003883801712020324,0.012272248975932598,0.003010806627571583,0.0012541100149974227,0.014759999699890614,0.02011999860405922
2612,0.0009792360727644486,7.100191400017357e-05,1.3979477882385254,0.5490814745426178,0.009484778164473,0.0032359719930780246,0.023804348175480657,0.0035230895326132747,0.014737540856003761,0.003492775373160839,0.0010319099528715014,0.009309000335633755,0.02285199984908104
2613,0.0012536401798581493,7.518362782184989e-05,1.1745381355285645,0.599349319934845,0.012745179737293713,0.0031420717902690175,0.024862184429149014,0.0038668843510704844,0.015985626727342606,0.003228942397981882,0.0014159099664539099,0.014252999797463417,0.02374900132417679
2614,0.0018665791056985811,8.352587384472074e-05,1.5248031616210938,0.42206478118896484,0.02170203233706434,0.004281175656096037,0.030734832039251998,0.005716508003100725,0.015257398597896099,0.003286326304078102,0.0020786100067198277,0.015208999626338482,0.03644099831581116
2615,0.0005745986548330794,6.599013425730448e-05,0.8750880360603333,0.6825790405273438,0.005522442888449114,0.00430404469043265,0.024196349147403384,0.003938638820566184,0.013171923346817493,0.0036499095149338245,0.0005277100135572255,0.010077999904751778,0.018807001411914825
2616,0.0009251726018731594,6.140121978403168e-05,1.5628644227981567,0.4464421570301056,0.005681998364169741,0.0020167665340576095,0.01665027765931437,0.001958764045299469,0.014921496622264385,0.0034149279817938805,0.0010541100054979324,0.006335000041872263,0.015138999558985233
2617,0.0010411282127125606,8.392212564110071e-05,1.0359587669372559,0.6724227368831635,0.010601155216912872,0.006423476653994482,0.03760855323193096,0.007813860558594165,0.013570907525718212,0.0035622771829366684,0.0011085099540650845,0.019982000812888145,0.028824999928474426
2618,0.0010290175933635774,7.154260650769223e-05,1.377234935760498,0.5827553272247314,0.02936239238706308,0.004596335174016666,0.018873805496953708,0.0047791136853379485,0.015128498896956444,0.0035633472725749016,0.0011855099583044648,0.01848899945616722,0.026765000075101852
2619,0.001051666990264,7.481741504690984e-05,1.3337607383728027,0.5707484781742096,0.007454498018261656,0.0037845553566644317,0.026676845104713638,0.004241130144616179,0.014838354662060738,0.003611483611166477,0.001107809948734939,0.009607000276446342,0.020573999732732773
2620,0.0009149059007235921,7.775199514250815e-05,1.5161113739013672,0.5003407001495361,0.0035729753008693216,0.004367808732729342,0.03742761208284618,0.005398556382674363,0.01379065029323101,0.0031337253749370575,0.000985609949566424,0.011886999942362309,0.022748999297618866
2621,0.0016157237516768025,7.619047564094998e-05,1.6269505023956299,0.35453271865844727,0.009381492144475494,0.00297030451826841,0.027073303457437827,0.0035570810115725573,0.015732984989881516,0.003031738568097353,0.001963909948244691,0.013073000125586987,0.01929299905896187
2622,0.0010133917374499132,8.45625569276508e-05,0.7030135989189148,0.6459678187966347,0.00039306903453520105,0.0035679098717121024,0.05571448281416267,0.00749018969784488,0.010964855551719666,0.0012140097096562386,0.001162210013717413,0.01594500057399273,0.0418890006840229
2623,0.0008062838144405957,7.819826034949703e-05,1.3864768743515015,0.5941099226474762,0.0019004555136315697,0.004795262537017184,0.042287928510031145,0.0064455987246602835,0.011634685099124908,0.002579691354185343,0.0008552100043743849,0.010712999850511551,0.032437000423669815
2624,0.0008125188239531923,7.484113454597275e-05,0.8229950666427612,0.6714884638786316,0.01637588082116613,0.005026615907603913,0.030881738980568025,0.005981679647280393,0.014851067215204239,0.0035519530065357685,0.0009734099730849266,0.01604500040411949,0.03340499848127365
2625,0.002694168103921496,0.00021477762554548735,0.39943674206733704,0.43991106003522873,0.1628912629082706,0.04590921740243097,0.08135831405331694,0.09591804752983031,0.015453921630978584,0.0032165138982236385,0.0028670099563896656,0.08304399996995926,0.17750199139118195
2626,0.009945645615742271,0.0004911639852671016,0.46009933948516846,0.3836524859070778,0.10754293347555186,0.06445700253802618,0.8580040641826189,0.2170331242866987,0.016075482591986656,0.0009784772992134094,0.012191110290586948,0.2611899971961975,0.36027997732162476
2627,0.006443942395654272,0.0001638541998483221,1.4374116659164429,0.3346671462059021,0.08482139694436756,0.011608466340551786,0.19387150037466125,0.03781008317146688,0.01908065192401409,0.0009128618985414505,0.006788509897887707,0.08988100290298462,0.07669799774885178
2628,0.001158312137847202,0.00010602270227242023,1.1765475273132324,0.6713912189006805,0.02957201959243945,0.013961881284674425,0.06070118432095535,0.02053461956446364,0.012596921995282173,0.003166754264384508,0.0013258099788799882,0.029178999364376068,0.06085300073027611
2629,0.0038625151287045587,0.00017541514878869052,1.1021462678909302,0.5805653035640717,0.004966791352220795,0.026249215643627054,0.49932392723374364,0.12115285844878187,0.01842210628092289,0.0011166911572217941,0.0045788101851940155,0.05881499871611595,0.24577400088310242
2630,0.0006902761605892681,7.420391251045994e-05,1.102670669555664,0.6883390992879868,0.015078071536342138,0.006024971740038435,0.03805232129112864,0.007516143640441675,0.015462281182408333,0.003504467196762562,0.0008736100280657411,0.0160910002887249,0.04306599870324135
2631,0.002419353989483932,0.0001384659994733391,0.78312087059021,0.6218283399939537,0.041264322357462094,0.014102159073479255,0.0827973948200877,0.027022357337519048,0.014573984779417515,0.0030965935438871384,0.0028212100733071566,0.04062600061297417,0.07927500456571579
2632,0.0022518776189050416,0.00012691689021492795,0.9856498837471008,0.6403207927942276,0.031391890412095884,0.009794259819320342,0.05846792827659613,0.01784653042511492,0.013063034042716026,0.003188389353454113,0.0028782100416719913,0.030195999890565872,0.0633229985833168
2633,0.0017687272844810024,0.00012767529660544143,0.9783576726913452,0.6756298840045929,0.053843522109514055,0.019347037461925044,0.09537776171729694,0.03397727486136395,0.015589266084134579,0.003086190205067396,0.0020319100003689528,0.04225200042128563,0.13238799571990967
2634,0.0007349392953968837,7.373607224105887e-05,1.3919439315795898,0.5877392888069153,0.010704092098079428,0.0062957366325009576,0.04088131154878036,0.007564665249800685,0.015845835208892822,0.0033229291439056396,0.0007694099913351238,0.011572999879717827,0.03986799716949463
2635,0.0013059305056911839,7.500014343713053e-05,1.1169002056121826,0.6186761558055878,0.026538079491099285,0.004353480852284881,0.021404384727733407,0.004866935111829349,0.015613800846040249,0.003341069445014,0.0014930099714547396,0.01937600038945675,0.02498599886894226
2636,0.000700092200113447,8.28079149364782e-05,1.1706576347351074,0.6790139377117157,0.008084059287150691,0.008072420963642517,0.05394872165068421,0.01073087314859748,0.014444290660321712,0.003316519781947136,0.0007017099997028708,0.0133670000359416,0.046966999769210815
2637,0.001030886312763706,8.007280393525375e-05,1.1949888467788696,0.6406052261590958,0.009521547799175932,0.004959483472668584,0.031685587494462146,0.006066050532638078,0.013291604816913605,0.003640672191977501,0.0010174099588766694,0.016731999814510345,0.022526999935507774
2638,0.0011566079381460158,7.52877404343853e-05,1.2110737562179565,0.6242344379425049,0.016388206273870425,0.00407984522078207,0.026155596595599084,0.004902208855808277,0.014251548796892166,0.003586643375456333,0.0013473100261762738,0.013495000079274178,0.03230799734592438
2639,0.0006979987835611949,7.848987521939088e-05,1.049688696861267,0.6930630803108215,0.00015036975823971363,0.0019072516779235675,0.04518998232615716,0.004420429162747437,0.012728958390653133,0.0018678437918424606,0.0007017099997028708,0.007720999885350466,0.03972899913787842
2640,0.0005935323764231232,5.891795627440316e-05,0.988924503326416,0.6828697323799133,0.0084528682298034,0.001757973661032326,0.011358621484538225,0.0015556896412929023,0.015227819792926311,0.003549255896359682,0.0006288100266829133,0.0075079998932778835,0.01195400021970272
2641,0.0013641981093791208,9.814574751945508e-05,0.7673978805541992,0.6566253900527954,0.013164924798480537,0.009221074554524098,0.0476402972417118,0.013344776523078049,0.011927778832614422,0.002918615937232971,0.0018017099937424064,0.018384000286459923,0.047047004103660583
2642,0.0009052857387838591,6.635163350054724e-05,0.659210205078125,0.5710029453039169,0.005316289068197222,0.0014865502887285431,0.011378677416656682,0.0013270694349985417,0.014721149578690529,0.0035018534399569035,0.0008796100155450404,0.006845000199973583,0.008941000327467918
2643,0.0006468902316086639,5.821232473725952e-05,1.238053560256958,0.64200758934021,0.007188344705115672,0.0016445768301621383,0.011233705715842498,0.001479931212248261,0.014779645018279552,0.003495965152978897,0.0005523100262507796,0.0069610001519322395,0.010486000217497349
2644,0.0007102985147026996,6.470474579769493e-05,1.362621784210205,0.5993428230285645,0.006264366317546132,0.0029878868071161664,0.02082173191232433,0.0028993873129035154,0.014538485556840897,0.003683139104396105,0.0006923099863342941,0.007579000201076269,0.020925000309944153
2645,0.0010283845250597776,5.649456096001442e-05,1.653833031654358,0.35908985137939453,0.006599324633118935,0.0011870495667776616,0.00877449328397889,0.0010035190262177984,0.015353245660662651,0.0034686503931879997,0.0010403100168332458,0.005828999914228916,0.00784900039434433
2646,0.0008116708685505117,6.641798924049506e-05,0.9538291692733765,0.6566154360771179,0.004053452058277145,0.0021857962114293587,0.0159087026561313,0.0020094034625393227,0.013684031553566456,0.0035437336191534996,0.0008264100179076195,0.005464999936521053,0.015613999217748642
2647,0.0005460761249118665,5.203927847150804e-05,1.2945783138275146,0.6240440309047699,0.002062812719861359,0.0012075278403656212,0.008436304160686399,0.0008907480314542938,0.012775455601513386,0.003412584774196148,0.0005024099955335259,0.0029299999587237835,0.006687999702990055
2648,0.00027183876590871085,4.210898458043237e-05,1.1304001808166504,0.6949809044599533,0.0017113490355546936,0.0008188838693814678,0.00546035355760713,0.0005748872313056548,0.01335419062525034,0.003444219473749399,0.0001602200063643977,0.0014990000054240227,0.004480000119656324
2649,0.0002724577451509702,4.063273962196743e-05,1.4031704664230347,0.6101822257041931,0.0022326992324773367,0.0007547433429868966,0.005215092665037067,0.0005448974446664425,0.014389652758836746,0.0034995852038264275,0.00013501000648830086,0.001623000018298626,0.004569999873638153
2650,0.0010634047339435333,6.724189483262022e-05,0.48411494493484497,0.4804684929549694,0.006716340442985176,0.0018227015803236627,0.01310802137317769,0.0016694712678248288,0.013975162990391254,0.0036964775063097477,0.0010024099610745907,0.006041999906301498,0.01222199946641922
2651,0.0006049203948020609,5.853170179318662e-05,1.0146903991699219,0.6689412146806717,0.004878398175172103,0.001848948932077814,0.013316029459080527,0.0016319212095175619,0.014629164710640907,0.0036139842122793198,0.0005340100033208728,0.006010999903082848,0.011675999499857426
2652,0.0018291004173187162,0.0001430077176408401,0.6905816197395325,0.6395446434617043,0.01898061061240112,0.015879390692215112,0.0908597712831383,0.028129724183917737,0.0135591309517622,0.0029810690321028233,0.0020174100063741207,0.03648899868130684,0.06915300339460373
2653,0.0005869906990753694,5.175670228323089e-05,1.4018821716308594,0.5536672472953796,0.002973627940107832,0.0007771947395632038,0.0054623413412603775,0.0005766385236478087,0.015028540976345539,0.0034905793145298958,0.0005572100053541362,0.003261999925598502,0.004466999787837267
2654,0.0005285082687418181,5.275712802625416e-05,1.2256531715393066,0.6397707164287567,0.00621954523420447,0.0009376646205825198,0.004939436713232079,0.0007162011250672548,0.015094077214598656,0.0035752044059336185,0.0005319099873304367,0.005628999788314104,0.004866999574005604
2655,0.0009639892889394133,7.455350637080254e-05,1.7118865251541138,0.3419933319091797,0.0009346977062045487,0.0031190950832031116,0.03717831742178194,0.003997528931232515,0.013224934227764606,0.002593565732240677,0.0011207100469619036,0.008469999767839909,0.02755799889564514
2656,0.0006419681403770171,6.423887409270039e-05,0.5929248332977295,0.6059720516204834,0.0004789221790105037,0.0018427453955684005,0.022824683054207744,0.002191907716517163,0.011142818257212639,0.0017765969969332218,0.0006283100228756666,0.00558699993416667,0.021216001361608505
2657,0.0004639997371446418,5.667631074848705e-05,0.9971071481704712,0.6940634250640869,0.003158497124993433,0.0024984817734207574,0.01589069119037121,0.0020745065568716836,0.012161651626229286,0.0032541914843022823,0.0004137099895160645,0.00585100008174777,0.01147099956870079
2658,0.0003868229696654838,5.147079856451404e-05,1.2090215682983398,0.6592804342508316,4.237242323318053e-05,0.0002762851340659023,0.01412795328899761,0.0007821162078789252,0.015573041513562202,0.001930969301611185,0.00033005999284796417,0.0015569999814033508,0.01266700029373169
2659,0.0007957578219058308,6.351735998927187e-05,0.9299273490905762,0.6246214359998703,0.005071885485010291,0.001153303576534808,0.008357551978566288,0.0009782209796216621,0.01509777270257473,0.0035138195380568504,0.0007284100283868611,0.003751999931409955,0.008786999620497227
2660,0.0005433307291445828,5.8280298203176634e-05,1.344580054283142,0.6177754402160645,7.955320002364163e-05,0.0006773563066490032,0.023759971157729872,0.001613694211734535,0.014623300172388554,0.0018720305524766445,0.0005158099811524153,0.003386999946087599,0.02247299998998642
2661,0.0004829835111557235,5.202471798309427e-05,1.1204556226730347,0.66127510368824,0.0017028714332191213,0.0007535016005308065,0.005422228655459165,0.0005291145662831001,0.014741667546331882,0.0036545228213071823,0.0004926099791191518,0.0019470000406727195,0.005033999681472778
2662,0.0004867328616147634,5.3896847309501886e-05,0.5574888586997986,0.57773407548666,0.006428671058148208,0.0011982353992206463,0.0073929100485807635,0.0009888331056235452,0.014493269845843315,0.003585157450288534,0.0003879099967889488,0.006829000078141689,0.006068000104278326
2663,0.0002580496938501326,3.9778684437177965e-05,1.1938062906265259,0.6702897250652313,0.0003805712627786904,0.00047611568638444775,0.003193808989712012,0.000300655086441122,0.012766404077410698,0.0033167097717523575,0.00022594000620301813,0.0008520000264979899,0.002205000026151538
2664,0.0014875816812063177,0.00012880598912663743,0.7297439575195312,0.6625469699501991,0.03375223610011727,0.02219740196521626,0.08025683094961265,0.034727739365417704,0.013139385730028152,0.003179574850946665,0.001670610043220222,0.027362000197172165,0.09939199686050415
2665,0.0005518684852836434,5.6504463589307215e-05,0.7036477327346802,0.6326738148927689,0.0027164348904789026,0.0011802700795366747,0.00839353585774409,0.0009268710300246144,0.012745125219225883,0.0033219801262021065,0.0005281100166030228,0.0034829999785870314,0.007859000004827976
2666,0.0005586832873709943,5.681372998668434e-05,1.2947478294372559,0.6371950805187225,0.0036118897839597882,0.002012694762856771,0.014817133978241408,0.0017148907223203747,0.014480158686637878,0.0035457639023661613,0.0005900100222788751,0.00546000013127923,0.01210399903357029
2667,0.0004551049637077427,7.471080019034578e-05,1.31355619430542,0.6536419093608856,0.016635097387125913,0.008560615711114947,0.04285397855984838,0.010315331695727004,0.014957678504288197,0.0036521758884191513,0.0003843299928121269,0.010960999876260757,0.045750997960567474
2668,0.0006380355189881664,6.211473670151012e-05,0.9691067934036255,0.6815375685691833,0.008983068102168838,0.0026006284195429063,0.017379206000798786,0.0025537626691107167,0.01416307408362627,0.003613994922488928,0.0006266100099310279,0.009096999652683735,0.01713399961590767
2669,0.0005280312039256175,5.625352794554197e-05,0.9371137022972107,0.6866517663002014,0.007045697513296336,0.001398162278551933,0.008359047839889526,0.0011590404009648274,0.01411574985831976,0.0035310881212353706,0.0004674099909607321,0.006647000089287758,0.008724000304937363
2670,0.0007032527895769329,6.977662909358269e-05,1.2160000801086426,0.6617650240659714,0.014330550523373863,0.004861284728247448,0.03172172823482672,0.0055620963611579255,0.014992361888289452,0.003514716401696205,0.0007044100202620029,0.009902999736368656,0.03338199853897095
2671,0.0014415705049634112,8.971918486362423e-05,1.107677698135376,0.6188206672668457,0.017489728572701355,0.005684103672187248,0.04141492347409977,0.00816793660262613,0.01508790347725153,0.0034234998747706413,0.0016193100018426776,0.018099000677466393,0.03993699699640274
2672,0.0012260061025121994,7.399599788529044e-05,0.5994699001312256,0.5387620031833649,0.010635635358466424,0.0029404118129060493,0.019944506013365133,0.0032111871817803554,0.01328231580555439,0.0034526558592915535,0.0014110100455582142,0.008844000287353992,0.025162000209093094
2673,0.0007527397487990918,6.36066326475741e-05,0.9434231519699097,0.6319110691547394,0.0028448186997976107,0.0009785257128503346,0.007303834123240438,0.0007667011359445246,0.014115024358034134,0.0034754881635308266,0.000738709990400821,0.0031769999768584967,0.0056940000504255295
2674,0.0005622231003049508,5.828382060007488e-05,1.3169567584991455,0.623198539018631,0.005579222565939622,0.0026083089174915937,0.01796812060880632,0.0024384063177114237,0.013567319139838219,0.0035615237429738045,0.0005662100156769156,0.0048340000212192535,0.01809299923479557
2675,0.0035273932564979446,0.00020556274582537158,1.3576143980026245,0.5519115626811981,0.10237155053692978,0.03226855795390686,0.12968395595633575,0.05427531702236244,0.015744246542453766,0.002821352332830429,0.004013310186564922,0.06014600023627281,0.13672800362110138
2676,0.0016141651605083023,8.98767170337244e-05,0.8303357362747192,0.5995021462440491,0.01763062370828311,0.005523370168540699,0.037706078423245484,0.008259336372676066,0.014479778707027435,0.003439266700297594,0.0017283100169152021,0.017379000782966614,0.03665599972009659
2677,0.0012564202344516383,6.965594664733578e-05,0.45719555020332336,0.4376711919903755,0.006344285340846158,0.001899576829966478,0.01451305695766013,0.0017881237877356258,0.014143720269203186,0.0034660189412534237,0.001304810051806271,0.00889699999243021,0.013435999862849712
2678,0.0009297335792671136,7.171842386054157e-05,1.3571499586105347,0.5844879746437073,0.005926204087486829,0.004452699476279498,0.028125029341576124,0.004932510291001266,0.012325179763138294,0.00315170269459486,0.0009754099883139133,0.009651999920606613,0.022082999348640442
2679,0.0009176463320644897,6.707490029314323e-05,0.7905099987983704,0.6350562572479248,0.009616931399379391,0.0024427680527326066,0.016220381828372786,0.002453219802759891,0.013498418964445591,0.0034548272378742695,0.0009524099878035486,0.009441000409424305,0.016894999891519547
2680,0.0009401253809433275,7.671291512485685e-05,1.1791619062423706,0.643113449215889,0.0052434355749025946,0.00512802141753525,0.03240811223430926,0.0056526469533837095,0.011867859400808811,0.0029927249997854233,0.0009645100217312574,0.012004000134766102,0.02447500079870224
2681,0.0014231945898089296,0.00011795261514907268,1.3979730606079102,0.5873644053936005,0.023022985307911758,0.013153077771373728,0.06943266275374704,0.020510952011763593,0.013211214914917946,0.0032265717163681984,0.0017121100099757314,0.022988999262452126,0.07587499916553497
2682,0.002125581167290079,0.0001258120580358796,1.441310167312622,0.5236082375049591,0.07352542683093956,0.016413171988587372,0.08180281422114746,0.026916144996649745,0.016869988292455673,0.0026340214535593987,0.002396309981122613,0.04931899905204773,0.10120800137519836
2683,0.0005491889306004877,6.71401467389504e-05,0.9961500763893127,0.703833669424057,0.013970012524251412,0.004230216830693905,0.026558563911680707,0.004746047697854541,0.015043421648442745,0.0035027023404836655,0.0004698100092355162,0.01269499957561493,0.024197999387979507
2684,0.001430429824339585,8.520151472947652e-05,0.8257602453231812,0.6055914908647537,0.0101899971320475,0.005101729913077163,0.03325345369247594,0.006968421105115219,0.013700493611395359,0.003518960438668728,0.001647209981456399,0.014595000073313713,0.02965099923312664
2685,0.0013951423150962625,9.980750677750629e-05,1.1957931518554688,0.6567407697439194,0.016625360618252028,0.008756426949089569,0.0492926902422038,0.014136165302006485,0.011732321232557297,0.0027712490409612656,0.0015040100552141666,0.023885000497102737,0.043494999408721924
2686,0.0010997346251094174,8.446633472851102e-05,1.1033587455749512,0.657695934176445,0.013120191907317101,0.00591159380171502,0.03649176120134157,0.007582719173288961,0.013674226589500904,0.0035367924720048904,0.0012880100402981043,0.016742000356316566,0.0317860022187233
2687,0.0010075609827251849,7.995322766647867e-05,1.267364501953125,0.6234503984451294,0.010439025279825416,0.005041917049053747,0.03256142619043883,0.006161089209311351,0.014684520661830902,0.0036376696079969406,0.0010679099941626191,0.012233000248670578,0.02834700047969818
2688,0.0005375860710979837,6.829527328205766e-05,0.8673020601272583,0.6952639743685722,0.012253268450736687,0.004816417860040646,0.026521876593743544,0.005297649422786984,0.012286094017326832,0.0032044812105596066,0.0004806100041605532,0.009959000162780285,0.028349999338388443
2689,0.0011859754492896592,7.190631312373684e-05,0.7736977934837341,0.5535639226436615,0.004845860660015176,0.0013762771231946413,0.010809577216592797,0.001300343797549828,0.0142910685390234,0.0036387722939252853,0.0012519099982455373,0.00824700016528368,0.0069770002737641335
2690,0.0009367535078447654,6.505148925945966e-05,1.4722813367843628,0.5018017292022705,0.006342916716713169,0.0023429671813744645,0.01929250355307022,0.0023598273003797438,0.015408838167786598,0.0033623087219893932,0.0009789100149646401,0.007590000052005053,0.015783000737428665
2691,0.0010008776534602805,6.745240628325787e-05,1.2761902809143066,0.5767978131771088,0.008407730888163923,0.001845746914187697,0.013893473003682464,0.001789462905162879,0.015615277923643589,0.003278838936239481,0.0011711099650710821,0.01030499953776598,0.011050000786781311
2692,0.0004957453135941175,6.044408004375761e-05,1.3056156635284424,0.6395140886306763,0.003565366952649415,0.0032904997024552707,0.021995618465158594,0.0028622539075223302,0.013042368926107883,0.0033570420928299427,0.0004806100041605532,0.006692999973893166,0.015402999706566334
2693,0.0010388079918786375,7.318350287420917e-05,1.349443793296814,0.5849944949150085,0.017701571656849133,0.004326983713491904,0.02567746917470657,0.005004821433315931,0.013703646138310432,0.003564458340406418,0.0010908100521191955,0.01592000015079975,0.02707500010728836
2694,0.00213054043227129,9.18503993600577e-05,0.8880841732025146,0.5768575370311737,0.015051032374281436,0.004494945463557168,0.03509549477639213,0.007810610759029392,0.01168860588222742,0.0025185048580169678,0.0024771098978817463,0.021069999784231186,0.02805500105023384
2695,0.001845798675392284,0.00010526952823801492,1.2602459192276,0.5901244878768921,0.022382659591592097,0.007866910197377225,0.05111872546491972,0.012664610033311863,0.01367433462291956,0.003286427818238735,0.002046409994363785,0.020524000748991966,0.04721299931406975
2696,0.0016242275315694445,0.00012752977971945158,1.0789505243301392,0.6678795367479324,0.02485531319857376,0.014834372661930148,0.07884145354375337,0.025117027575020635,0.013641118071973324,0.003111747093498707,0.0020046099089086056,0.029670000076293945,0.07158900052309036
2697,0.002803124106905259,0.00016224185731745166,1.485284447669983,0.4948252737522125,0.02084270064279785,0.01761962576207425,0.1208946762276302,0.035038712041901,0.014345675706863403,0.002312634140253067,0.003170809941366315,0.03161200135946274,0.08899600058794022
2698,0.0010564083963550673,7.194117745490489e-05,1.1003397703170776,0.6429818123579025,0.015017436597888241,0.0032525993407265894,0.019930408536234102,0.0034770279031674043,0.013967838138341904,0.003579564858227968,0.0012853100197389722,0.010458000004291534,0.023646000772714615
2699,0.0012516637887628201,7.076633870765122e-05,1.4944143295288086,0.4624539315700531,0.009922315350993324,0.00270813701463302,0.024464156953774886,0.003108346687922056,0.016438564285635948,0.003054835367947817,0.0015000100247561932,0.009936000220477581,0.02437799982726574
2700,0.0005141079563860078,6.721352895619302e-05,0.922330915927887,0.7023203521966934,0.011896078176665386,0.00489691135413547,0.028199703752813207,0.005371122796867004,0.01386268436908722,0.003574141301214695,0.000566310016438365,0.008834999985992908,0.03503800183534622
2701,0.000832764518537349,7.108203386391155e-05,1.1891841888427734,0.6360603868961334,0.006082530846651181,0.0037955194965197487,0.023813294963175184,0.003783378037925127,0.013992642983794212,0.003719060681760311,0.0008344100206159055,0.007356000132858753,0.02174600027501583
2702,0.0008088631698457836,6.540030337855613e-05,1.2610690593719482,0.6254898309707642,0.007220943397706151,0.002663077662888359,0.019442141159074514,0.0027536670852557846,0.013726668432354927,0.003547410015016794,0.0009111100225709379,0.00761700002476573,0.01827099919319153
2703,0.0005936920579556724,6.228615563196819e-05,1.2811899185180664,0.6489603221416473,0.0076561521114202865,0.003343571162427416,0.02215271887935825,0.0033348176670265368,0.015267442911863327,0.003658497706055641,0.0005652100080624223,0.006982999853789806,0.02179500088095665
2704,0.0012182041152091214,7.207361031620803e-05,0.44671428203582764,0.45805471763014793,0.001709984493914014,0.0024369906686468514,0.023291694752413758,0.00280690455212901,0.01100372988730669,0.0018985713832080364,0.0011750099947676063,0.008057000115513802,0.01842600107192993
2705,0.0006773511691104128,8.854708874715922e-05,1.0525593757629395,0.6963944137096405,0.00019206141008748062,0.0029338685473454945,0.08857271501225486,0.010368716379647779,0.014868002384901047,0.0021025887690484524,0.0007241099956445396,0.013942999765276909,0.07872100174427032
2706,0.002101417711031742,9.370935428417403e-05,0.9952341318130493,0.5808521062135696,0.033533772691983814,0.00649444835304052,0.03559348411066767,0.009677408454690473,0.014710474759340286,0.0033642007037997246,0.002339209895581007,0.03199699893593788,0.0346979983150959
2707,0.0008715687629436573,8.744973455798369e-05,0.9330453276634216,0.6937640160322189,0.0004909221425138288,0.00455301986434058,0.06172519830914827,0.009010273548764654,0.011131017468869686,0.0013826447539031506,0.0009042100282385945,0.011524000205099583,0.05550500005483627
2708,0.001853052956420683,0.00015551585767455188,0.4918878674507141,0.5377291478216648,0.005693026413461631,0.02090164034467376,0.18350752354243424,0.04808361276463871,0.013613498769700527,0.0021267211996018887,0.002162409946322441,0.04303999990224838,0.1352670043706894
2709,0.0009610408158156512,7.008366848368109e-05,0.8517395257949829,0.6381526440382004,0.009765036094750221,0.0029100746290971623,0.019820347880310635,0.003157188392147098,0.013283181935548782,0.0033809198066592216,0.001012910041026771,0.012202000245451927,0.017365001142024994
2710,0.0017154944016431412,0.00011961716098426555,1.3710558414459229,0.570087343454361,0.08243489927863025,0.01916875041891284,0.03357213206387875,0.024883737331836655,0.015074044466018677,0.0034351092763245106,0.0020121100824326277,0.04612100124359131,0.06332000344991684
2711,0.0007620036544243415,6.214835838141747e-05,1.2964262962341309,0.6346536576747894,0.015618571316341253,0.0026219214858970987,0.013046596517409042,0.002406525529854075,0.01468028873205185,0.003568171989172697,0.0008811100269667804,0.015332999639213085,0.011136000044643879
2712,0.001568769955271502,8.614255860627472e-05,0.9190301299095154,0.6194440275430679,0.019451696135240358,0.005061156779294532,0.03226504824845303,0.007187623519320348,0.013333494774997234,0.003362583462148905,0.0017402099911123514,0.015193999744951725,0.037588998675346375
2713,0.0006955212904412052,7.518820338021654e-05,0.9557393193244934,0.6906747072935104,0.004404656820681765,0.005807804296215442,0.03772379130208548,0.006966161613361431,0.011638693511486053,0.0028199274092912674,0.0007290099747478962,0.012613999657332897,0.027580000460147858
2714,0.0006262540471512763,6.638658997873919e-05,1.160180926322937,0.6791802942752838,0.00620562325778682,0.004975058452073389,0.02768185421185115,0.004907161550382301,0.012290777638554573,0.003194579854607582,0.0007032100111246109,0.010564999654889107,0.024441000074148178
2715,0.0008860948281374124,5.8349411951321274e-05,1.6416805982589722,0.38111770153045654,0.00649940502602452,0.001878162627983882,0.01654356120739482,0.0018136210515382629,0.016032502055168152,0.0031334557570517063,0.0009169100085273385,0.010040000081062317,0.011036000214517117
2716,0.0016322634306844453,9.780094210823799e-05,1.5345754623413086,0.455227792263031,0.0001052685338983912,0.001576847269647756,0.06739757577461844,0.007203868371364833,0.012075398117303848,0.001268864143639803,0.0019316100515425205,0.013791999779641628,0.053947001695632935
2717,0.0013093899582034456,9.342495381620358e-05,0.5496107935905457,0.5839359238743782,0.0014707710749335217,0.005876610317575103,0.06426349260084198,0.011502393566563792,0.010716461576521397,0.0010051466524600983,0.0011848099529743195,0.020781999453902245,0.0539029985666275
2718,0.0011839191836773468,9.976154671824129e-05,1.5911282300949097,0.4464256763458252,0.011525538968495102,0.010676551213321797,0.07154251280496789,0.015851207299484475,0.014868135564029217,0.003064081072807312,0.0012341099791228771,0.02211499959230423,0.04374200105667114
2719,0.0016065428900439982,8.126787313520129e-05,1.0226058959960938,0.5761390030384064,0.013426673571988703,0.003606245315389136,0.025177475511843118,0.004821825276032378,0.013372459448873997,0.0033477325923740864,0.001761110033839941,0.014436000026762486,0.024302002042531967
2720,0.0019350115400647734,8.298037504722024e-05,1.5459619760513306,0.4209967851638794,0.028589845296839816,0.0042517587963867495,0.024536673735739124,0.005253886488358086,0.014568418264389038,0.003528470639139414,0.002051709918305278,0.024112999439239502,0.02412700094282627
2721,0.000553483218706861,8.038973440125999e-05,1.2424883842468262,0.6780750155448914,0.01601280063635572,0.010447729911632632,0.04602245986433559,0.012418312150815593,0.01314596924930811,0.0034555774182081223,0.0006694099865853786,0.016800999641418457,0.045190997421741486
2722,0.001301473813787208,9.91144763100722e-05,1.077939510345459,0.6636450588703156,0.013874993095750337,0.009354317604296768,0.05193580373532599,0.013171604341968818,0.014671672135591507,0.0034328633919358253,0.0013529099524021149,0.018602000549435616,0.04576599970459938
2723,0.0007948776106369283,9.064028114799672e-05,1.2627403736114502,0.6521581709384918,0.013044927806284756,0.010559233866077293,0.05399999773511671,0.013420125716649408,0.014036092907190323,0.003447628580033779,0.0009982100455090404,0.015137000009417534,0.0625080019235611
2724,0.0017417827157304776,7.743063327369268e-05,1.5659666061401367,0.41506117582321167,0.017058884968687973,0.0033624032446148717,0.022410619068652316,0.004128005294134743,0.013064590282738209,0.0035277358256280422,0.0018550100503489375,0.018825000151991844,0.014069000259041786
2725,0.0010974163290224063,7.838067385582072e-05,1.329780101776123,0.5923180282115936,0.019416920446396195,0.005457621661716408,0.03822385794800768,0.007154124442054634,0.015570192597806454,0.0032859458588063717,0.0012141099432483315,0.020157000049948692,0.02710000053048134
2726,0.0015278302943227862,0.00013231980135660455,1.26632559299469,0.6605776101350784,0.0023487200281586762,0.008980116975136057,0.10159603679266137,0.02033785915648366,0.012121053412556648,0.0019867559894919395,0.0015640100464224815,0.021389000117778778,0.07679000496864319
2727,0.0009494322085586409,0.00012500010405799952,1.1030057668685913,0.6961280107498169,0.11328613177574885,0.026452591623482728,0.005797962270376256,0.02676295771428186,0.014732299372553825,0.003637832123786211,0.0009042100282385945,0.025647999718785286,0.12954199314117432
2728,0.0006649083303334403,6.558312791382414e-05,1.288696527481079,0.634902834892273,0.0003053604145373297,0.001825309578767145,0.029683133257975936,0.002944361913609911,0.011305337771773338,0.0016069728881120682,0.0006588100222870708,0.007325999904423952,0.025304000824689865
2729,0.0008349723724411943,9.282440208204624e-05,0.8176109790802002,0.6866854205727577,0.016146898423497112,0.013885465059705766,0.05575776363330659,0.018381906140820574,0.011579547077417374,0.0026008826680481434,0.0008649100200273097,0.01807199977338314,0.055556997656822205
2730,0.0011752844345220795,9.568249790420326e-05,1.1810710430145264,0.6543566882610321,0.0031265522371202647,0.005840852794395546,0.0510751900669904,0.009037183374469737,0.012321922928094864,0.002945682965219021,0.0012064100010320544,0.01131800003349781,0.04328799992799759
2731,0.000294283703196172,6.77480598525393e-05,1.1517963409423828,0.7046942859888077,0.015576464211868968,0.006517513187408246,0.03498757490419727,0.007641710271574918,0.015064649283885956,0.003593257162719965,0.0004711099900305271,0.020490000024437904,0.03760199993848801
2732,0.0013835839520085502,7.471517592130491e-05,1.304151177406311,0.5503630936145782,0.020707112913286203,0.0035959124857165604,0.024949772685479554,0.00440373552107657,0.016303671523928642,0.003124302253127098,0.001535109942778945,0.01973400078713894,0.020313000306487083
2733,0.0019616902521702824,8.408169165315831e-05,1.3514840602874756,0.4704577326774597,0.016670792774121954,0.003415300678878303,0.025368399031935985,0.004695515434439267,0.014356153085827827,0.003436577972024679,0.002258310094475746,0.019207000732421875,0.021209999918937683
2734,0.0014754065103309581,8.171166940177982e-05,1.622705101966858,0.400546133518219,0.024083122475975677,0.00537497770701191,0.036721561531647205,0.006817734756372243,0.015613413415849209,0.003293885849416256,0.0018648100085556507,0.01760300062596798,0.036883000284433365
2735,0.0006636323486091133,6.732309340750953e-05,0.888556182384491,0.6813819408416748,0.016314262601306865,0.0039260366009087454,0.023747126559989045,0.004391752892418421,0.015155209228396416,0.0034391330555081367,0.0007598099764436483,0.013225000351667404,0.024202000349760056
2736,0.0018406845307465834,9.089129329212177e-05,0.5560636520385742,0.5190110206604004,0.02842435693300113,0.006233938379745176,0.03360128317147234,0.008528812277968855,0.013619078323245049,0.0034880307503044605,0.002148509956896305,0.026660000905394554,0.03537900000810623
2737,0.0009484293930981084,0.00010662450984240499,1.4934465885162354,0.5474744141101837,0.00628202983520462,0.010487825423763888,0.07695087119407477,0.015971836866914103,0.012759830802679062,0.0029941676184535027,0.0011014100164175034,0.021438999101519585,0.05006600171327591
2738,0.0010742763347536262,8.366069943664645e-05,1.2767330408096313,0.6187960207462311,0.012105125821832251,0.006307082238434247,0.04342422027107629,0.008584248074083943,0.015685059130191803,0.003332660999149084,0.001126109971664846,0.015177999623119831,0.03878999873995781
2739,0.0005261318684084474,6.0145478053846374e-05,0.9952176809310913,0.6947837769985199,0.00999179064469172,0.002711186348695234,0.016455617980150127,0.002570976435972425,0.013525323010981083,0.0035294280387461185,0.0005144100286997855,0.010029999539256096,0.016645999625325203
2740,0.0008215486268127257,7.32479840341682e-05,1.243294358253479,0.6510317623615265,0.019955381449864622,0.00505986376408848,0.027492069596132464,0.005794676308547025,0.013804394751787186,0.0035049566067755222,0.0009166100062429905,0.014665000140666962,0.03077099844813347
2741,0.0008985741381716858,6.375660679611503e-05,1.3848824501037598,0.5433595776557922,0.01098349331307655,0.002220071994063188,0.015883800995715586,0.002275039103985425,0.01572396606206894,0.0033380668610334396,0.0009343100246042013,0.009096000343561172,0.01546500064432621
2742,0.00031571189364648406,5.067249441523616e-05,0.9158238172531128,0.7090781405568123,0.004759716346256454,0.0016918002610958264,0.012200057711281553,0.0014401346560704237,0.014692644588649273,0.0035791336558759212,0.00013247999595478177,0.004480000119656324,0.012168999761343002
2743,0.0016655351495135384,0.0002395117450582952,1.1091516017913818,0.7180343568325043,0.0004604073035035012,0.08241306100812582,0.3331828714899586,0.13397917921616007,0.011600837111473083,0.0015903543680906296,0.0015056099509820342,0.061510998755693436,0.2255759835243225
2744,0.0027596383094881543,0.0001797016219729653,1.4820363521575928,0.5093035697937012,0.08594043449608507,0.03875733612732971,0.22456734887898697,0.08336472979631168,0.016837401315569878,0.0021737758070230484,0.0029388100374490023,0.07134299725294113,0.1526550054550171
2745,0.002218358161503987,0.00017357927729110922,1.11453115940094,0.6566920280456543,0.09463921282046264,0.03464077862003098,0.12752498780161795,0.06044154391265948,0.01551923155784607,0.003006882034242153,0.0023034100886434317,0.07652900367975235,0.08518999814987183
2746,0.003488956239482117,0.00012781681662522707,0.8820379376411438,0.5222924202680588,0.04844315286091357,0.008355879459952118,0.04979079244197832,0.015212043265825825,0.0148051418364048,0.003285524435341358,0.004067710135132074,0.04820999875664711,0.04376799985766411
2747,0.0019403376969235264,0.00016013914346539278,0.5864108204841614,0.6338773593306541,0.006096859431575667,0.024485299877293976,0.17663923720868632,0.054139717546033916,0.010910805314779282,0.0010374728590250015,0.0020612101070582867,0.05332300066947937,0.0975629985332489
2748,0.001079727069671445,0.00012369420099878672,1.380573034286499,0.6032243967056274,0.11177347954380866,0.02481366302987341,0.013608243016252564,0.028085756252055578,0.015459590591490269,0.003497510217130184,0.0009294099872931838,0.05959299951791763,0.06075499951839447
2749,0.002887501209634147,0.00014600081632986772,1.1147878170013428,0.6001975387334824,0.0752967684260375,0.01718504125585139,0.061772639766854084,0.025651481317638544,0.014654349535703659,0.003334337379783392,0.003379310015588999,0.0481639988720417,0.08714500069618225
2750,0.001966105228481771,0.00011522570250816389,1.196767807006836,0.6171799600124359,0.033139661803742664,0.010193436329881862,0.05808092923136525,0.01708766356143009,0.013956324197351933,0.0033348705619573593,0.002264109905809164,0.034446001052856445,0.06241299957036972
2751,0.00161803248273774,0.00012778018834174744,1.4097996950149536,0.5752884149551392,0.0247140464786761,0.015881429230642216,0.07705228231603747,0.02442905101806331,0.013387353159487247,0.003157667350023985,0.001984009984880686,0.029733000323176384,0.0663359984755516
2752,0.0007186328453796653,7.3456189901969e-05,1.2498940229415894,0.6497441530227661,0.005790506210624521,0.0051328024286449786,0.032467812740748024,0.005538131397161791,0.01368192583322525,0.0035672932863235474,0.0009241100051440299,0.014147000387310982,0.02078999951481819
2753,0.0027790510973585716,0.00015257936915352688,0.7403174042701721,0.6218371167778969,0.0414035457063026,0.021106665722203766,0.12221434989146127,0.046157521422828064,0.015332374721765518,0.0025621033273637295,0.0033504099119454622,0.04520700126886368,0.11768899857997894
2754,0.0026404188288289884,0.00013169758452397117,1.0543427467346191,0.6206271350383759,0.03752780973460545,0.014789449265201446,0.10696283845723988,0.03167822253133303,0.015813548117876053,0.0026262979954481125,0.0032567100133746862,0.04068699851632118,0.09425299614667892
2755,0.0015197477770142634,0.00011720287012145065,0.7149304747581482,0.674982339143753,0.010067244446701745,0.013553256634030812,0.08159999195353104,0.025325681349266504,0.01086196955293417,0.0013400628231465816,0.0017579100094735622,0.03282900154590607,0.053624000400304794
2756,0.0020778654238496536,0.00016939132644411888,1.1035680770874023,0.6963180303573608,0.017645133422380697,0.020027655523538,0.11804201760192323,0.041293432275427346,0.011890380643308163,0.0020726132206618786,0.002452509943395853,0.042684998363256454,0.08204200118780136
2757,0.0011484907367853758,0.00016061317714566846,1.0825750827789307,0.7028743177652359,0.0005215814185073103,0.019550318539369536,0.3342802853847524,0.08166182698190097,0.014692449010908604,0.0023666960187256336,0.0014365100068971515,0.04083399847149849,0.19527000188827515
2758,0.0020793728411770585,8.955826319349477e-05,0.4702051281929016,0.42732323706150055,0.022416814465577098,0.004904518813439193,0.03661832966521716,0.007122156903610682,0.015599902719259262,0.003182993270456791,0.00239101005718112,0.021183999255299568,0.04512699693441391
2759,0.0007623911209757571,9.515972713075284e-05,1.1656246185302734,0.6819951832294464,0.022846728178854275,0.016736889052082867,0.05987092357128854,0.020908643925024343,0.012895624153316021,0.003455266822129488,0.0008933100034482777,0.02603299915790558,0.056022003293037415
2760,0.0018825319897874252,0.00015566903254115075,1.0336284637451172,0.707599937915802,0.013288808469667653,0.018560357743698096,0.11595720419753737,0.038532013989197,0.01165700238198042,0.0018994356505572796,0.0018996100407093763,0.03691599890589714,0.08326900005340576
2761,0.0029709356015150657,0.00011715500326249279,1.6737500429153442,0.32689231634140015,0.05316991021339063,0.01212543430315683,0.10854029716724238,0.022954299674548845,0.017207805067300797,0.00213646050542593,0.0035215099342167377,0.039753999561071396,0.08632999658584595
2762,0.0026813576153939113,0.00014265012301300454,1.380963921546936,0.5385436415672302,0.05429589047665237,0.014377954000565282,0.07052893620910584,0.024067524591746638,0.013665635138750076,0.0031992653384804726,0.003175310092046857,0.054910000413656235,0.05556900054216385
2763,0.0005261376451477961,5.853418503883409e-05,1.4002102613449097,0.5950822234153748,0.00884567727477702,0.0027646436017690888,0.020052790039026384,0.0027822844677609423,0.015479913912713528,0.003356133121997118,0.00047910999273881316,0.008293000049889088,0.017309999093413353
2764,0.0008580511239414137,7.605442078571068e-05,1.204119324684143,0.6557682156562805,0.012870153760155116,0.004874525346688684,0.03400238648441798,0.005869744566836312,0.014984757639467716,0.003414762672036886,0.0008069099858403206,0.015096999704837799,0.029137998819351196
2765,0.0016437646042711644,9.398690777776128e-05,1.2287651300430298,0.597226470708847,0.0271137601363733,0.008462159890365679,0.06385394034433993,0.014271370286695659,0.016203898936510086,0.002808382734656334,0.0019806099589914083,0.022870000451803207,0.06145799905061722
2766,0.0011613136011880793,7.835145125864454e-05,0.6942828297615051,0.5953052863478661,0.008773337276984483,0.0038670342766715313,0.025531298412641002,0.004613187156010706,0.012759394012391567,0.003439658787101507,0.0013176100328564644,0.011710000224411488,0.025888999924063683
2767,0.002110385533422046,0.0001027066430806258,0.7347718477249146,0.560547761619091,0.022793998264101483,0.007122397189748372,0.053513066088172634,0.012504937868636507,0.01560888160020113,0.0031159408390522003,0.002435009926557541,0.027674000710248947,0.04621899873018265
2768,0.004311304978167687,0.0002762019789527936,0.5904275178909302,0.5115016549825668,0.18690620978959563,0.03304584934014475,0.05156594780501331,0.06126729867117263,0.015497769229114056,0.00337479030713439,0.004537209868431091,0.09207899868488312,0.13253100216388702
2769,0.00102307671259334,7.225919751016179e-05,0.9355570673942566,0.6482569575309753,0.015673702333357874,0.0033614739139277133,0.021415039260484565,0.003728961742491068,0.015109394676983356,0.00347622437402606,0.0010648099705576897,0.014918000437319279,0.02335200086236
2770,0.0011871831581305712,7.922638208815089e-05,0.5507159233093262,0.5458671599626541,0.023324246723017666,0.005532412737472845,0.02706210674638345,0.00658162332780785,0.013285426422953606,0.00347890704870224,0.0014247100334614515,0.02280700020492077,0.030621999874711037
2771,0.0010817846762792554,8.57244728073958e-05,1.4531878232955933,0.5598008334636688,0.046521407456761414,0.009723098712494355,0.033160590337087674,0.011373812664526388,0.014574972912669182,0.0035498538054525852,0.0012758099474012852,0.021128999069333076,0.06520399451255798
2772,0.0003247290193424854,7.98347180603911e-05,0.8921642303466797,0.7083051204681396,0.00019188014284829394,0.002834804966404683,0.059816978823423614,0.006426127126524881,0.011449882760643959,0.0015381197445094585,0.0002710399858187884,0.015300000086426735,0.04736799746751785
2773,0.0075204169982949435,0.0004953936032538746,0.5369231700897217,0.4484453946352005,0.27923474892065747,0.05016119536974249,0.6003388205155832,0.2291397741611799,0.018681928515434265,0.0013125883415341377,0.008633109740912914,0.2311599999666214,0.4081510305404663
2774,0.005106969467745886,0.0003140589076713958,0.9350787401199341,0.569999173283577,0.1127726006033121,0.052515665548476816,0.593462081285833,0.20040483508682685,0.018694277852773666,0.0011253533884882927,0.006383010186254978,0.22597000002861023,0.20557399094104767
2775,0.0007018300146144473,6.789977522032831e-05,1.4193087816238403,0.5800729990005493,0.004249355623091522,0.0036828049617949467,0.02644563398751631,0.003623283132913633,0.014540736563503742,0.003667935263365507,0.0007627099985256791,0.007637999951839447,0.02486800029873848
2776,0.0014315099865065165,0.00014399439441999074,1.322792887687683,0.6196580231189728,0.06950855718826394,0.04220169853438211,0.17633985007009492,0.08259298156586314,0.016546664759516716,0.0025006099604070187,0.0015752100152894855,0.06991899758577347,0.09747099876403809
2777,0.002079958529644145,0.00017475068700136996,1.2160859107971191,0.6227034032344818,0.12174867378548325,0.03336113938986914,0.06663919673874338,0.059027935965257565,0.015617636032402515,0.00327674625441432,0.0019763100426644087,0.08918599784374237,0.0672449991106987
2778,0.0029304412028726334,0.00018108952040858228,1.162142038345337,0.6353806406259537,0.0048655279798333,0.031057634853474788,0.3931320223161806,0.10745140808195133,0.01667654514312744,0.0015875627286732197,0.003603910095989704,0.07080300152301788,0.21917299926280975
2779,0.0018896785350103282,0.00013682316535427563,1.4541199207305908,0.5442880094051361,0.0005936754360382744,0.0073448319452748745,0.16717918410489807,0.026328081225965777,0.01432864647358656,0.0016109640710055828,0.0020910101011395454,0.035335998982191086,0.09587399661540985
2780,0.0011095251908516636,7.086276710706893e-05,1.4142436981201172,0.5212565064430237,0.007461581169897196,0.002705074351966894,0.024983750423023067,0.003197557522676312,0.016244491562247276,0.003026303369551897,0.0012677100021392107,0.008363000117242336,0.02465999871492386
2781,0.004910862990948096,0.00041632537876436096,1.0369936227798462,0.6476060748100281,0.22547097553634196,0.08637032560279576,0.39318851758744755,0.244439000229522,0.01637471839785576,0.002382105216383934,0.0049407100304961205,0.11580000072717667,0.4106559753417969
2782,0.0035622268507711167,0.00016612865801989484,1.1059285402297974,0.6108755618333817,0.048341589555757514,0.029779409055289745,0.1777400768764748,0.07348075187689218,0.01627863384783268,0.002129744738340378,0.004049209877848625,0.06491100043058395,0.1494779884815216
2783,0.0009295284193888871,7.059547772453323e-05,0.7460966110229492,0.6175001263618469,0.009810687834893155,0.0029555041272888377,0.019839872485348468,0.003165774775612532,0.013801483437418938,0.003427294082939625,0.0009207099792547524,0.010219000279903412,0.016906000673770905
2784,0.0005978132709178291,7.706952585776145e-05,0.8463244438171387,0.6997016444802284,0.01865456870260393,0.00815088794918746,0.03746185900279138,0.009970592723522206,0.013392160646617413,0.0035399775952100754,0.0007403100025840104,0.01826000027358532,0.043744999915361404
2785,0.0012027349082798903,7.342936040286756e-05,1.09298837184906,0.6249177902936935,0.01744592868116215,0.0035057051362066298,0.023073166734106445,0.004156788391810476,0.015361151657998562,0.0033637164160609245,0.00150201003998518,0.017844000831246376,0.01873200014233589
2786,0.0011387926223864013,9.081546278426962e-05,0.7390118837356567,0.6451534926891327,0.018608055985208555,0.008805702220306084,0.04318583157348733,0.011976666968512031,0.012979604303836823,0.003407352603971958,0.0013409099774435163,0.030817000195384026,0.024447999894618988
2787,0.0007474364220564194,6.660051338833764e-05,0.9791072607040405,0.6808164268732071,0.01428747967323686,0.0032694974570774095,0.01837162280070155,0.003389649005731102,0.01339294295758009,0.0035017477348446846,0.0008662099717184901,0.012199999764561653,0.02044999971985817
2788,0.0007560118362986264,6.911987801716584e-05,0.7578656673431396,0.6551727578043938,0.016266314594402368,0.00417628787159315,0.023898217901446358,0.004556458352596136,0.014283549971878529,0.0035764118656516075,0.0006918099825270474,0.014208000153303146,0.02224699966609478
2789,0.0012937291019486223,0.00011505527994522128,1.384442925453186,0.5849393010139465,0.02573397321082559,0.01815068471594537,0.09777075827295811,0.02751946092281128,0.015237534418702126,0.0030745319090783596,0.0014291099505499005,0.019703000783920288,0.11169999837875366
2790,0.0015622563148453173,7.116689799153432e-05,1.5565346479415894,0.38783758878707886,0.012443503919937546,0.0021406200568725078,0.01602647599918502,0.002282696655565057,0.015129189006984234,0.0033123106695711613,0.001738309976644814,0.014072000049054623,0.009202999994158745
2791,0.002142625193014371,0.00010795696666107842,1.4869049787521362,0.45679402351379395,0.020966171620348733,0.007197881632638372,0.0565151753096002,0.012249802134937173,0.014847911894321442,0.003056578803807497,0.0024783099070191383,0.018628999590873718,0.047516997903585434
2792,0.0011409753159793885,8.399862300910985e-05,1.0835378170013428,0.660696879029274,0.026540111923511137,0.007118240851495414,0.03857110731040145,0.009443768241320356,0.015070758759975433,0.0034215953201055527,0.0013388099614530802,0.020239999517798424,0.044842999428510666
2793,0.0006827960205246989,7.642806529418691e-05,1.4229140281677246,0.595488041639328,0.015607043181523384,0.008063951849555781,0.05194404426135949,0.01055733446831121,0.01590023748576641,0.003215948585420847,0.0007451099809259176,0.012357999570667744,0.061333999037742615
2794,0.0005084634354724547,6.43985304232508e-05,1.0634894371032715,0.6915553063154221,0.012943400441239193,0.0036847414984243687,0.023175378279088613,0.00395117104568769,0.015255394391715527,0.0034140567295253277,0.0004847100062761456,0.011115999892354012,0.025196000933647156
2795,0.0009761487889678786,7.771793663219009e-05,0.9881007075309753,0.6820221394300461,0.00926426441002899,0.004529174940430206,0.03088166269023524,0.005558509744806098,0.01291685737669468,0.0034494358114898205,0.0009447099873796105,0.011126999743282795,0.028560999780893326
2796,0.0008709847431609815,6.736126875313373e-05,1.521229863166809,0.4911589026451111,0.011818003054725343,0.0036719952579874608,0.029288425407257745,0.004292641567993208,0.0162081066519022,0.003104820381850004,0.0007874100119806826,0.009855000302195549,0.028423000127077103
2797,0.0014047582924397043,0.00010835335367100085,0.8143677711486816,0.6605919525027275,0.00747836187373574,0.009108828044820544,0.06154062754573957,0.01500077699583188,0.011793685145676136,0.0025135823525488377,0.001631809980608523,0.01670300029218197,0.05397399887442589
2798,0.000912842418619882,6.143300962245128e-05,1.4228109121322632,0.5251504182815552,0.01392237971063926,0.0019862563905108273,0.010218667969822395,0.001742699078174573,0.01512894220650196,0.0034708906896412373,0.00097590999212116,0.010805999860167503,0.012589000165462494
2799,0.0006985074575999203,5.1426300159428e-05,1.5894806385040283,0.4256577491760254,0.005329055435797975,0.0013073984155334548,0.009813962985696867,0.0011004296905470466,0.015340222045779228,0.003500897902995348,0.0007026100065559149,0.005255000200122595,0.008834999985992908
2800,0.0006015937453050557,4.8418026967730996e-05,1.6162797212600708,0.4220135807991028,0.0045452644526099845,0.0011001228189158453,0.008288780677211218,0.0008857906864714713,0.015018372796475887,0.0034012137912213802,0.0006058100261725485,0.0035669999197125435,0.00776899978518486
2801,0.0005992712114285539,5.0996208275707754e-05,1.4968855381011963,0.5155822932720184,0.004062804473838927,0.0009959920016776105,0.0069219819891617,0.0007805204807030401,0.013932537287473679,0.0034244689159095287,0.0006159099866636097,0.004153000190854073,0.005160999950021505
2802,0.0010822182934736983,7.933917951901336e-05,1.5075719356536865,0.49163052439689636,0.008401054668258847,0.004760022607370163,0.03179739755370563,0.005472376876234043,0.014666583389043808,0.003625731449574232,0.001202409970574081,0.007594000082463026,0.030369000509381294
2803,0.0006449034998178398,5.817216664221294e-05,1.516537070274353,0.5183121860027313,0.007985783352086698,0.0022624487832677218,0.015945644708416678,0.002128644801049649,0.014432660304009914,0.003546064253896475,0.0006768099847249687,0.008045000024139881,0.015130000188946724
2804,0.0008058014888640261,5.628153517806797e-05,1.7278883457183838,0.32313740253448486,0.0060411727391213605,0.0019514886303367098,0.016582205063358033,0.0017742800062867025,0.01589951664209366,0.003323956858366728,0.0009246100089512765,0.0061980001628398895,0.012863999232649803
2805,0.0006674262537526515,6.356211374278784e-05,1.1038810014724731,0.6778934001922607,0.0076857356677337485,0.0027112461825080773,0.01941882858757939,0.002713830955735375,0.014167066663503647,0.0035070208832621574,0.0008124100277200341,0.01071999967098236,0.01745999976992607
2806,0.0017272349513054596,9.533400095348965e-05,1.089034914970398,0.6147006452083588,0.02236772284206704,0.007294402007285575,0.056479072991266775,0.012444475455890017,0.01594722643494606,0.0030019464902579784,0.002011910080909729,0.02556299977004528,0.04399799928069115
2807,0.0031893271082962175,0.00022451661090641954,0.5592553615570068,0.6099702715873718,0.09515867603379836,0.05790717517029193,0.09902983231353162,0.09988883077600916,0.011548951268196106,0.002848394215106964,0.0037560099735856056,0.056063998490571976,0.15287800133228302
2808,0.00490186673152584,0.00027114547216869995,0.43526530265808105,0.45595882833004,0.0002249558403406313,0.006316535949545318,0.4575009668098712,0.08339598974474893,0.01334245502948761,0.0011026118882000446,0.005783809814602137,0.10181000083684921,0.2958499789237976
2809,0.0020918137991836837,0.00012109808535514443,1.6204522848129272,0.4260637164115906,0.0020773852426965783,0.005513465764121846,0.06422855794111489,0.010601315914448697,0.011769388802349567,0.0020882911048829556,0.002232810016721487,0.01627499982714653,0.04377199709415436
2810,0.0016779587292306455,0.00016282774945530006,0.532095730304718,0.5631765574216843,0.159664814722072,0.029880899459955326,0.0018398884311010724,0.030629168648016073,0.014671152457594872,0.003648795187473297,0.0015590100083500147,0.061973001807928085,0.16427099704742432
2811,0.001297132733073826,0.0001239206000894277,1.2941884994506836,0.6379681825637817,0.0035901441378309836,0.010201573846313431,0.09577482320798134,0.02004253497234864,0.01283680647611618,0.0025429376401007175,0.0015386099694296718,0.033562999218702316,0.05097999796271324
2812,0.0008213822198718582,5.899462836986665e-05,1.4344606399536133,0.5012646317481995,0.0029020755322720936,0.0012709254917264118,0.009932435854133287,0.0010231949433410856,0.014225101098418236,0.0035347547382116318,0.0008331100107170641,0.003932000137865543,0.006736000068485737
2813,0.000596494431625304,5.425467130706766e-05,1.531204104423523,0.5037265717983246,0.005215049720563369,0.0017154436209554415,0.013738564609555103,0.0015053861817854227,0.015483515337109566,0.003362602088600397,0.0006263100076466799,0.003711000084877014,0.01462200004607439
2814,0.0012158663400353208,7.246245490326786e-05,0.41542088985443115,0.44513076916337013,0.010159956456556894,0.0030023666016428586,0.02096472141185188,0.003253663720870447,0.012057507410645485,0.0029102563858032227,0.0013812100514769554,0.009463000111281872,0.021358000114560127
2815,0.0011592275438137274,7.24990156129936e-05,1.1569299697875977,0.5972281992435455,0.008508835520408563,0.0021280628766849868,0.015535366102852631,0.0022634922572925664,0.014703279361128807,0.003604799509048462,0.0012361099943518639,0.009952999651432037,0.011173000559210777
2816,0.000801385088334077,8.327098937545394e-05,1.3103280067443848,0.6317076683044434,0.004422314975166265,0.005801729604554164,0.04815234322322185,0.00761990034487944,0.013992519117891788,0.0033097434788942337,0.000878610007930547,0.00749000022187829,0.053651001304388046
2817,0.0007132337848508981,7.180858078575063e-05,1.2003811597824097,0.6633998900651932,0.0022234191472600153,0.004112190483833465,0.033382284871659375,0.004924760053915912,0.011966711841523647,0.0029754266142845154,0.0007078099879436195,0.00712599977850914,0.030400998890399933
2818,0.0006048244287999437,6.322906112583149e-05,1.2670667171478271,0.6342902481555939,0.0068899196785819706,0.003394080750654647,0.023285353435997358,0.00345437027135264,0.014398225583136082,0.00354552548378706,0.0005198100116103888,0.006587000098079443,0.021866001188755035
2819,0.0016790036546731712,9.841471066186411e-05,1.2035398483276367,0.5951709747314453,0.00031185194684085093,0.0033378005769118327,0.07038502951923205,0.009513205562406011,0.01360525656491518,0.001763305626809597,0.0019058099715039134,0.01566999964416027,0.04835300147533417
2820,0.0005501917069743527,5.978125797154822e-05,0.7037833333015442,0.6510725021362305,0.005257181300689796,0.002137151357883417,0.0151382988997105,0.0019081003271731777,0.013569534756243229,0.0035980967804789543,0.0005064100259914994,0.005903000012040138,0.014494000002741814
2821,0.0009675882675874528,7.373288858729903e-05,1.0077095031738281,0.6709825098514557,8.306331797217389e-05,0.0009544860914926774,0.0320357857672149,0.0030383365658891246,0.011984778568148613,0.0015288610011339188,0.0010582100367173553,0.008012999780476093,0.02372800000011921
2822,0.00027489209702748283,6.0467673733157875e-05,1.1431469917297363,0.7008887380361557,0.0005962020788726865,0.002252534412359902,0.030956925569564666,0.002695927667294682,0.014513770118355751,0.002788738813251257,0.00020059999951627105,0.007414000108838081,0.026399999856948853
2823,0.001477695631926293,9.050699732881758e-05,1.4233447313308716,0.5444117784500122,0.0009806530830195588,0.003925413984700324,0.04612484779463907,0.00698326457555044,0.01221040915697813,0.00239761546254158,0.0015809099422767758,0.009882999584078789,0.03443099930882454
2824,0.0009452498093367215,8.376832816631754e-05,1.2012286186218262,0.6613831669092178,0.005235353123439914,0.006249059137255459,0.041653299614553864,0.008071311097189733,0.01229720376431942,0.0032774475403130054,0.0010970099829137325,0.011432000435888767,0.03584799915552139
2825,0.0007249887991696111,9.515248927118475e-05,1.1686499118804932,0.6845798641443253,0.020828174105317163,0.016825583131533015,0.07386745648965844,0.02387048305405957,0.01474666502326727,0.003273630514740944,0.0009290099842473865,0.04240500181913376,0.029430001974105835
2826,0.001043728612498715,8.04893055569002e-05,0.9035563468933105,0.668134793639183,0.009371855842368675,0.006649827132055242,0.036993078970953594,0.008386339704467827,0.012068981304764748,0.003052234649658203,0.0012458099517971277,0.015531999990344048,0.03151800110936165
2827,0.0012951034165875925,9.008773612916119e-05,1.0274417400360107,0.6510008275508881,0.006117230051621428,0.006317076658733989,0.04197473718748295,0.008951562903717254,0.012844481505453587,0.003362187184393406,0.0014240100281313062,0.013674999587237835,0.033427998423576355
2828,0.0016628254121075596,0.00012842372873654248,0.7077230215072632,0.689408577978611,0.033496900662369586,0.022780078516526137,0.07199693205411001,0.03659066439100646,0.011093400418758392,0.0019962042570114136,0.00191810994874686,0.045722998678684235,0.049327999353408813
2829,0.0007343315231439295,6.446124424987486e-05,0.7836108803749084,0.660163439810276,0.017362946512923735,0.0029352718642484147,0.012473943448880621,0.002731003432831742,0.013597317039966583,0.003530623856931925,0.0007716100080870092,0.01308399997651577,0.015814000740647316
2830,0.001268856848794199,8.879040308584199e-05,0.5060713887214661,0.5435165725648403,0.02607840970843084,0.008627621130782708,0.040992082819469734,0.011346172140953683,0.012865864671766758,0.0032554748468101025,0.0014255100395530462,0.022616000846028328,0.05689999833703041
2831,0.001067639762086979,7.777527286067674e-05,0.5643907785415649,0.5702283605933189,0.015639536600489258,0.006069241570057964,0.03414675156053292,0.007763317640267704,0.011542187072336674,0.0024228133261203766,0.0011009100126102567,0.014595000073313713,0.041116997599601746
2832,0.001033047617288411,9.655520465520415e-05,0.5462152361869812,0.5809993371367455,0.0016916651391763655,0.006427741339820801,0.064577537745527,0.01077232698421628,0.01136565301567316,0.0017420416697859764,0.0009672099840827286,0.013326999731361866,0.05940299853682518
2833,0.002477192523987702,9.530363810246337e-05,1.005969762802124,0.5796315521001816,0.030951037464636736,0.0058504092602945194,0.03361202991829505,0.009974469484002947,0.012044843286275864,0.0029344074428081512,0.0027325099799782038,0.032517001032829285,0.03071499988436699
2834,0.0013087704753337278,7.954797885905438e-05,1.349924921989441,0.5464175939559937,0.011256639756740489,0.004309105600599706,0.03479283676681603,0.005737698553410225,0.015569278970360756,0.0031575928442180157,0.0014157099649310112,0.014127999544143677,0.025655999779701233
2835,0.0009625324175468557,9.528492787669204e-05,1.5005780458450317,0.5479224026203156,0.007565586346067407,0.009930314131895069,0.0806793003031475,0.015801814482470943,0.014615570195019245,0.002879926934838295,0.001229909947142005,0.014291999861598015,0.0639289990067482
2836,0.001496081897531008,7.548140740772059e-05,1.2751431465148926,0.5029754340648651,0.009925344424994393,0.002132690477081558,0.017716164074435888,0.0024354421622301836,0.01576387509703636,0.00316473376005888,0.0015921100275591016,0.011926000006496906,0.014821999706327915
2837,0.0008472403852307659,7.461616513023588e-05,0.6791812181472778,0.621656134724617,0.010540628024947197,0.004531940929951558,0.028799592896152536,0.005027910552879808,0.014457518234848976,0.0036752047017216682,0.0009256100165657699,0.008689000271260738,0.03265000134706497
2838,0.00043511248151266435,6.082466167408351e-05,1.066659927368164,0.6943632364273071,0.0011761306047735672,0.002752563441035671,0.024884489774388202,0.0028264383936474815,0.012194681912660599,0.0029136608354747295,0.0004037100006826222,0.008346999995410442,0.018123000860214233
2839,0.0004330064824327109,7.14660167132694e-05,1.2432708740234375,0.6599982529878616,0.001322215146405007,0.004175339176894512,0.04326633630526183,0.005369013142727499,0.013361191377043724,0.002841582056134939,0.00032051000744104385,0.009232999756932259,0.034657999873161316
2840,0.0004943750114785035,6.126022955958604e-05,0.4938601553440094,0.5538438409566879,0.009320833825560308,0.0025963046708037695,0.01588284183851043,0.002504464299625922,0.012879854999482632,0.003272763919085264,0.00042950999340973794,0.00937699992209673,0.015975000336766243
2841,0.000898973305203467,9.065630650803032e-05,1.2484995126724243,0.6581234335899353,0.011632846232907734,0.01003890096295191,0.05226341963909273,0.012847122792317249,0.012416938319802284,0.0031199371442198753,0.0009811100317165256,0.022033000364899635,0.037321001291275024
2842,0.0005385511047123796,5.792784809512607e-05,1.0913405418395996,0.6832624226808548,0.0074647564405161265,0.00205654737452865,0.015194507917774176,0.0019368929247514004,0.015795446932315826,0.0034424900077283382,0.000516309984959662,0.006314000114798546,0.015079000033438206
2843,0.0006323696689189522,5.975755527125147e-05,1.1748498678207397,0.6534900814294815,0.00447153042502643,0.0020256619983420416,0.014788313761076723,0.001858993305216835,0.012992597185075283,0.0033609699457883835,0.000579309999011457,0.005907000042498112,0.011859999969601631
2844,0.0009215927531360297,6.876899997732629e-05,1.2406091690063477,0.6121680736541748,0.006867066447682579,0.0028155433202214255,0.020629701351663903,0.002960032764616833,0.014151683077216148,0.0035448409616947174,0.0009570100228302181,0.011018999852240086,0.014072999358177185
2845,0.0007179124289359012,7.958698173191769e-05,0.8556970357894897,0.6982015818357468,0.0036409977242589206,0.005709409814629235,0.0434359267917992,0.007460137759702681,0.011579743586480618,0.002508074976503849,0.0008902099798433483,0.011932999826967716,0.036793000996112823
2846,0.0008713788298586591,7.475393118897369e-05,0.9222062230110168,0.6757400184869766,0.008803530007702697,0.004926545005639949,0.030729821232282056,0.005569315636341245,0.013794374652206898,0.0036387965083122253,0.0008716100128367543,0.011618999764323235,0.028302999213337898
2847,0.0014085011934714257,7.891650791253446e-05,0.6833170652389526,0.5418415814638138,0.009809249915059406,0.003092926057779271,0.023895758099044328,0.0036896014238156673,0.014643458649516106,0.003461036365479231,0.0015488100470975041,0.00950700044631958,0.025479000061750412
2848,0.0005894109055649122,6.734636235416688e-05,1.4908839464187622,0.5465520322322845,0.0060063641667997885,0.004648788771168888,0.03293780936825928,0.0047345147260481404,0.0152590312063694,0.003453811164945364,0.000434710003901273,0.009633000008761883,0.026722000911831856
2849,0.0007602883676561803,8.239524937913662e-05,0.6412208676338196,0.6343336179852486,0.00023686323261039934,0.002668555053553153,0.056122119441964304,0.006234139195224416,0.011059533804655075,0.0011700047180056572,0.0007022100035101175,0.008193000219762325,0.04364100098609924
2850,0.0015052792432644973,7.732328858753453e-05,1.4312041997909546,0.4605158269405365,0.0075346326342611795,0.002484074578083232,0.02054120349442108,0.0029222507506553915,0.014799157157540321,0.003527001477777958,0.001753409975208342,0.012494999915361404,0.013394000008702278
2851,0.000675575306733325,6.054844962962374e-05,1.1691467761993408,0.6487966328859329,0.005053822178576648,0.0020884714020664155,0.015097146779793243,0.0019502841562968193,0.013659133575856686,0.003455792088061571,0.0007033100118860602,0.007474999874830246,0.011225000023841858
2852,0.001065503765518404,8.312389820578324e-05,0.6409661173820496,0.6064002141356468,0.01623083480191013,0.006179933186554597,0.035958130155029744,0.008010727990578795,0.012698749080300331,0.003116699866950512,0.0011910100001841784,0.018967999145388603,0.03726400062441826
2853,0.0006698323523355468,6.253708539007732e-05,1.315757155418396,0.6182724833488464,0.008031269557175926,0.003126008525295931,0.023360415504112667,0.0033766538190418884,0.015537621453404427,0.0033170352689921856,0.0006333100027404726,0.00887100026011467,0.0212009996175766
2854,0.0005642886587775623,6.554431479007997e-05,1.490615963935852,0.5499442517757416,0.0014391864315641456,0.003180990422343959,0.043836349238646,0.004455159202779786,0.015445753931999207,0.0025561582297086716,0.0005724100046791136,0.009213999845087528,0.03687800094485283
2855,0.0008513587429320012,6.736959021053573e-05,0.8170713186264038,0.6207764446735382,0.0002021694645770453,0.0010420576105703958,0.01475750381511393,0.0013362043421599763,0.011296077631413937,0.0019062221981585026,0.0008328100084327161,0.006246000062674284,0.009238999336957932
2856,0.0006681609295019613,6.495805855395096e-05,1.0401479005813599,0.676606610417366,0.006201519472804636,0.002837363312061471,0.02005796473070108,0.002787384478025118,0.013189338147640228,0.0034454618580639362,0.0005850099842064083,0.006752000190317631,0.01693600043654442
2857,0.0004180784497267219,4.99200148399294e-05,1.2258250713348389,0.6668933629989624,0.0002544815713428546,0.0008765541169848157,0.010789567727482137,0.0008329189859329631,0.011571829207241535,0.0021435171365737915,0.0002369699941482395,0.0017320000333711505,0.008756999857723713
2858,0.00026565475776251906,5.270866721237611e-05,1.0075477361679077,0.704879879951477,6.200246318876002e-05,0.0004283603991307541,0.020298229677565227,0.0011322594480527252,0.016327591612935066,0.0019435575231909752,0.0001521300000604242,0.0017719999887049198,0.02031799964606762
2859,0.001163352957520713,8.715311331116901e-05,1.3839738368988037,0.5641668140888214,0.004727954831507796,0.0053831657947002705,0.038240564939994635,0.0069566203744170635,0.012342135421931744,0.003253340255469084,0.001300010015256703,0.00940100010484457,0.03296300023794174
2860,0.0011324392701295737,7.220411728602928e-05,1.2215806245803833,0.5876038372516632,0.009971460951329695,0.0026713394604834795,0.02286366038590633,0.003143348375043483,0.016065720468759537,0.0032013291493058205,0.001330510014668107,0.011838000267744064,0.01787799969315529
2861,0.001101296982964824,7.321358538737457e-05,1.4076073169708252,0.5366283059120178,0.007614132097329116,0.003267060974164685,0.023162016833448623,0.003634638962282763,0.013434579595923424,0.0035541588440537453,0.0013220099499449134,0.010954000055789948,0.02137099951505661
2862,0.000525656660106125,5.178514320565024e-05,1.4602078199386597,0.5516925752162933,0.0001334520356895864,0.0008560678861244019,0.014622023314371672,0.0011231510469889346,0.011220293119549751,0.001567318569868803,0.0004564099945127964,0.003705000039190054,0.010786999948322773
2863,0.001257667228232928,8.501828287892771e-05,1.4399298429489136,0.5176844894886017,0.012857001094129272,0.00538525439784702,0.03510854075101643,0.007100215136690926,0.013807873241603374,0.003499663434922695,0.001379610039293766,0.014510000124573708,0.031286001205444336
2864,0.0006306653424516134,6.48198842568498e-05,0.7156853675842285,0.6416585519909859,0.0004105581805735195,0.0018317245976545054,0.023163173969427717,0.002243848921162613,0.011326583102345467,0.0020160977728664875,0.0005681099719367921,0.003593999892473221,0.020553000271320343
2865,0.0008427703491349238,6.344917497565244e-05,1.2958279848098755,0.5562635660171509,0.0035543350301452644,0.0007394970320566338,0.004667428081560988,0.0005687565939520465,0.013470808044075966,0.0034092264249920845,0.0008213099790737033,0.003700000001117587,0.0030930000357329845
2866,0.00038600562013894353,5.4789934172369634e-05,1.0756685733795166,0.6949173510074615,0.003228088741039893,0.0026544682084565403,0.016897605428349324,0.0020724646265179083,0.014282405376434326,0.0038673393428325653,0.00030909001361578703,0.0034890000242739916,0.016870999708771706
2867,0.0003478640048055476,5.511512219599898e-05,1.2992258071899414,0.6518842577934265,7.90661703078922e-05,0.000677723522648315,0.0315151271020387,0.002092380346322203,0.016766462475061417,0.0017917724326252937,0.0003093699924647808,0.004511999897658825,0.026069000363349915
2868,0.0005321258730024495,6.314215412412877e-05,1.4240548610687256,0.5904069542884827,0.0018083331442196118,0.0030318351677045005,0.026293950018188454,0.0031048504490208406,0.012986579909920692,0.0034300065599381924,0.00039038999238982797,0.0048409998416900635,0.02314699999988079
2869,0.0006891164207698066,6.854960025200576e-05,1.0642186403274536,0.6830189079046249,0.0048866699153075465,0.004318807119175518,0.02737737956677032,0.004331742213204624,0.012995927594602108,0.003281455487012863,0.0007037100149318576,0.007586000021547079,0.022808998823165894
2870,0.000796231512991405,7.250968921349569e-05,1.049501895904541,0.6719081848859787,0.00013418225422162237,0.0012556573735913843,0.030371781999760584,0.002748092330151818,0.011913731694221497,0.001660983543843031,0.0008092100033536553,0.005921000149101019,0.024898000061511993
2871,0.001184864583660386,7.400443953887157e-05,0.6247379779815674,0.5686213821172714,0.011505066277717711,0.0030872629066533465,0.02081236085188295,0.0034130483916706526,0.01383008249104023,0.0035788826644420624,0.0013040100457146764,0.014213000424206257,0.017829999327659607
2872,0.0003897434522134086,4.850782040713344e-05,1.345605492591858,0.6289056539535522,0.0022542945155775854,0.0017713677667532406,0.011663780480138747,0.0012959153207308532,0.013871780596673489,0.0035917232744395733,0.00037898001028224826,0.004645999986678362,0.008836000226438046
2873,0.0008994294310737537,7.130989423706821e-05,0.8480892181396484,0.6532607227563858,8.412375532862444e-05,0.0008938301233852872,0.025734107421595088,0.0022190466790404893,0.012902004644274712,0.001817717682570219,0.0008879100205376744,0.005464999936521053,0.022411998361349106
2874,0.0016272075377960478,0.00010531459039169887,1.0641393661499023,0.6435637474060059,0.01784073528267161,0.008103659417113673,0.053117935131332006,0.013186336944491638,0.014382623136043549,0.003336448222398758,0.0017821099609136581,0.019229000434279442,0.055597998201847076
2875,0.0010396415107914818,5.8559696617891104e-05,1.7083969116210938,0.32247352600097656,0.006073118304278018,0.0017596203802624833,0.015742785056111645,0.0016835274209729247,0.015585271641612053,0.003117356449365616,0.001177610014565289,0.006940999999642372,0.013532999902963638
2876,0.0006337459088529838,6.81050789956001e-05,1.4732506275177002,0.5649142563343048,0.006334752901499476,0.005152261568138246,0.03204144927396532,0.00511821923893902,0.014135911129415035,0.0036596530117094517,0.0007054100278764963,0.00698000006377697,0.03564799949526787
2877,0.000658223949575683,5.76453699238125e-05,1.336956262588501,0.6044655442237854,0.005777639758568699,0.0015696143901845756,0.011274302707617654,0.0013671222437457997,0.014292399398982525,0.003553639631718397,0.0005609099753201008,0.006738999858498573,0.0075079998932778835
2878,0.0008736904982635948,6.257456910021349e-05,1.5811972618103027,0.4351581931114197,0.01126933993655553,0.0025071062768549602,0.018318985772651397,0.002576704235418637,0.015629680827260017,0.0032534231431782246,0.0009374099900014699,0.007805999834090471,0.017719000577926636
2879,0.0012342469248305683,8.577035293358436e-05,1.4534813165664673,0.5027409195899963,0.0036023866015887323,0.004149159352757626,0.03711538512111177,0.005238059989548856,0.013965685851871967,0.0032558748498559,0.0013824099441990256,0.011347999796271324,0.025086000561714172
2880,0.0019282132280384456,0.00013955848516267286,0.7508404850959778,0.600942000746727,0.12451570792545426,0.020631992746927,0.002207087841075058,0.01818557943132294,0.015117242000997066,0.0035357517190277576,0.0017777100438252091,0.06785500049591064,0.06384299695491791
2881,0.0005963673895290755,6.746585976367161e-05,0.7385625839233398,0.6570924893021584,8.839395723587328e-05,0.0009386472006454303,0.029112132258754867,0.002202430061827283,0.013523386791348457,0.0018666377291083336,0.0005248099914751947,0.004362000152468681,0.028385000303387642
2882,0.0005524856653412642,5.1137108229950753e-05,1.4105048179626465,0.5648016333580017,0.003051737245960688,0.00129599318416595,0.00974111338984021,0.00100219559883428,0.015218977816402912,0.003624092321842909,0.0005089099868200719,0.003727999981492758,0.00774900009855628
2883,0.0006868710310224311,6.580425785646912e-05,1.1330186128616333,0.6573855578899384,0.002681762448481723,0.0029162999960303027,0.021367296880042595,0.0027451308184570228,0.012669824063777924,0.0033736350014805794,0.0007059099734760821,0.0053889998234808445,0.019361000508069992
2884,0.0009560611652562331,7.36107749931958e-05,1.070502758026123,0.6578367650508881,0.01650679703413927,0.00402700072181433,0.027666866668368678,0.004825052104368292,0.01576671190559864,0.003322283271700144,0.0009680099901743233,0.019338000565767288,0.022096000611782074
2885,0.0013641179776988025,7.33688567940478e-05,0.29846107959747314,0.3333173021674156,0.007451576643406817,0.0027490362899056857,0.020681028952195757,0.0027582038953263433,0.013226775452494621,0.003305953461676836,0.0014460099628195167,0.00901500042527914,0.02140599861741066
2886,0.0028737398897055,0.00011569222966005305,1.678008794784546,0.3326765298843384,0.051070507733536386,0.010799294863923455,0.07259581876234275,0.016889966099315333,0.015867628157138824,0.0027673374861478806,0.0031189098954200745,0.03720000013709068,0.055769000202417374
2887,0.0002623219827551139,6.810790107441116e-05,1.1792802810668945,0.7014307975769043,0.001346912726897073,0.004348786737939662,0.055973289796409434,0.0070815395627806775,0.015670275315642357,0.002564764115959406,0.0002996200055349618,0.006845999974757433,0.05175900086760521
2888,0.0004890845947942166,5.0383605803547174e-05,1.553401231765747,0.4955325722694397,0.006022450447429708,0.001556460423921542,0.012256676042525373,0.0013780694065485839,0.015744738280773163,0.0031800279393792152,0.0004956100019626319,0.006829999852925539,0.011531000025570393
2889,0.0009878058257915413,6.991690000716368e-05,1.485988736152649,0.5122084617614746,0.0003698491588451018,0.0019145984968903472,0.03517004925136558,0.0031514666437474324,0.014885695651173592,0.0021512508392333984,0.0011315100127831101,0.0065299998968839645,0.031063999980688095
2890,0.0006835798872381768,5.0359032557639836e-05,1.584763765335083,0.43459761142730713,0.003664751029837226,0.0009123865551222447,0.007060360640666965,0.0007054387500041942,0.015485753305256367,0.003353692125529051,0.0006277100183069706,0.004025000147521496,0.005582000128924847
2891,0.0014110691341179785,0.00010293307914715675,0.7799537181854248,0.6572041660547256,0.0008548065433017351,0.004814203624012101,0.06991441093406811,0.011432806029305187,0.011421836912631989,0.001466673333197832,0.0013873099815100431,0.015824999660253525,0.05418799817562103
2892,0.000986881662924341,8.571413272921333e-05,1.6074718236923218,0.4452117681503296,0.008291251894844535,0.007243924303260184,0.04330121875461592,0.008378339264948402,0.013374842703342438,0.0034994054585695267,0.0010188099695369601,0.013292999938130379,0.034866999834775925
2893,0.000810795310567115,7.024078837482956e-05,0.6218132376670837,0.5937430635094643,7.427357881879e-05,0.0007447383505975503,0.025622819312123825,0.0019758254474426095,0.012147912755608559,0.0015734988264739513,0.0008123100269585848,0.007215000223368406,0.021675998345017433
2894,0.0009921836013951299,7.235967343230355e-05,0.5766642689704895,0.5523783564567566,0.008627888080419031,0.002997991521701964,0.021544183288636477,0.0032858272480827816,0.012618053704500198,0.0031729135662317276,0.0010538100032135844,0.010099000297486782,0.019501999020576477
2895,0.0015658161649064982,9.538378027587255e-05,0.9746261835098267,0.6542174816131592,0.006613047901934213,0.006676978832254594,0.04505462021176154,0.010551521639199105,0.011479707434773445,0.0024420474655926228,0.001599309965968132,0.013883999548852444,0.03418999910354614
2896,0.0008007324778482275,6.593122182309118e-05,0.9425487518310547,0.6537327915430069,0.0025114471291094605,0.0023750238695191693,0.015959183866760103,0.001959188225502428,0.012922614812850952,0.0037104832008481026,0.0007988099823705852,0.00406600022688508,0.014848999679088593
2897,0.000697049892436046,6.319180515752115e-05,0.8249849081039429,0.6606626808643341,0.005908405698085088,0.0025245421688589844,0.017380565620869266,0.0024486095300726195,0.013627210631966591,0.0036376421339809895,0.0006552099948748946,0.0075090001337230206,0.014198999851942062
2898,0.0003057217170831176,4.386866613024986e-05,1.1475155353546143,0.693383201956749,0.002380126430629239,0.0008380094494681368,0.005680566786689279,0.0006137407172465701,0.014089984819293022,0.00352065684273839,0.00017389000277034938,0.0027020000852644444,0.004759000148624182
2899,0.0005519160527200974,5.708941736794627e-05,1.1040008068084717,0.6719891577959061,0.00016165257973375347,0.0009346263329668328,0.014460761996955293,0.001120457546345311,0.012367071583867073,0.0025620749220252037,0.0004899100167676806,0.0036140000447630882,0.011226999573409557
2900,0.0009253412401705969,6.404846109793873e-05,1.3260071277618408,0.5411103665828705,0.004038253168303361,0.0013072958759462413,0.010423051429629576,0.0011335906736931675,0.014955952763557434,0.0034855525009334087,0.0009867099579423666,0.0055740000680089,0.00773000018671155
2901,0.0007150470064664642,6.617114848764299e-05,1.119592547416687,0.6827394664287567,0.00791438612004881,0.003743575056418771,0.023698926806497853,0.003998935520924195,0.013587997294962406,0.0036656013689935207,0.0007161099929362535,0.007381000090390444,0.023811999708414078
2902,0.0005494090647626069,5.837021074209345e-05,1.3647658824920654,0.6083731353282928,0.007342057565332341,0.0024164604322735243,0.017486713963151507,0.002303656106244124,0.014989262446761131,0.0035372301936149597,0.0005351100116968155,0.006750999949872494,0.01648700051009655
2903,0.00039333410990755936,5.505874912614629e-05,0.8673954010009766,0.6926841884851456,0.0009819788774886589,0.001947334385907302,0.017391169534872835,0.0017745544111248037,0.011554131284356117,0.0026395409367978573,0.00036145999911241233,0.005326000042259693,0.012729999609291553
2904,0.0006502509959894398,6.145739679041601e-05,1.3925014734268188,0.5786558389663696,0.003159215061379729,0.002791757551863657,0.019662941239124876,0.0024235072736610366,0.014168346300721169,0.0036912127397954464,0.0005890100146643817,0.005297999829053879,0.017285000532865524
2905,0.003089596618307624,0.0002570843007705598,1.3133025169372559,0.6418340802192688,0.029226539525298786,0.07055722269058243,0.37496132113119307,0.15044855077351993,0.013254798948764801,0.001786528155207634,0.0031343100126832724,0.08260100334882736,0.17186300456523895
2906,0.004819463075170844,0.00030374709875291735,0.4476098418235779,0.44502028077840805,0.1820131179158483,0.04685477946159068,0.22742189074270586,0.11320642258877281,0.01629708707332611,0.0025035347789525986,0.0048284102231264114,0.11650999635457993,0.25898998975753784
2907,0.0010619800814043877,0.00010611480967916571,1.1494539976119995,0.6798332035541534,0.007989655387116679,0.010878091725496508,0.06873266920984941,0.017085007886835615,0.012162130326032639,0.0028179711662232876,0.0011101099662482738,0.023027999326586723,0.06029200181365013
2908,0.0004200152198862005,7.049537910241679e-05,0.9132637977600098,0.7138973698019981,0.009204439850898933,0.007400977350438477,0.03565306276499298,0.007816248012167463,0.012914903461933136,0.003539414145052433,0.00043141000787727535,0.014100000262260437,0.028811000287532806
2909,0.0018023162698902226,8.94162518958767e-05,1.4763822555541992,0.4632895588874817,0.01897352115538095,0.005535289117490581,0.04874396000717208,0.008480840040001145,0.016201727092266083,0.002859008964151144,0.0020683100447058678,0.01925100013613701,0.04014600068330765
2910,0.001486153227879536,0.0001262855473553689,1.4564590454101562,0.5686372220516205,0.012804222445207783,0.01682200156856808,0.12854684440691774,0.03204273123212541,0.014461297541856766,0.0026765232905745506,0.0015612100251019,0.023243999108672142,0.12531700730323792
2911,0.0006068089359222196,8.399863433197286e-05,1.4978066682815552,0.5523921549320221,0.0033025189610509085,0.008033691652904185,0.09909773066277126,0.015525496418723958,0.015997622162103653,0.0024928362108767033,0.0005832100287079811,0.018177999183535576,0.08979300409555435
2912,0.002496891459809907,0.0001741863926071859,0.9908150434494019,0.6618232429027557,0.0002300481740104939,0.005553068725779648,0.3431523177358412,0.06212955879794585,0.015788136050105095,0.0015335208736360073,0.002921910025179386,0.037105001509189606,0.2642059922218323
2913,0.002233883577651715,0.00017703728130493844,0.8130823373794556,0.6825127378106117,0.022989030052115392,0.020603972185973263,0.10721379492810612,0.03952017528816644,0.012245098128914833,0.0024001188576221466,0.0024367100559175014,0.04943700134754181,0.07145500183105469
2914,0.002757631686030679,0.00021245505715459514,1.1822408437728882,0.6881461441516876,0.0433900367046702,0.026312129493498357,0.13677283795883527,0.056380758345375315,0.011415115557610989,0.001597022172063589,0.0032880099024623632,0.048416998237371445,0.09597399830818176
2915,0.0031873754813574406,0.00016772608086407215,0.8729260563850403,0.6330397874116898,0.06579065791101558,0.016986377954169227,0.06700072278923852,0.03109674788729406,0.013219350948929787,0.00306479400023818,0.0036731099244207144,0.044721998274326324,0.08842200040817261
2916,0.0007192134104305081,7.476674937181621e-05,1.1351044178009033,0.6779265701770782,0.014745409093174169,0.005720763821356133,0.0355706002690998,0.006942341222532145,0.015119634568691254,0.0035809152759611607,0.000704710022546351,0.02321000024676323,0.023423999547958374
2917,0.0031349791398443427,0.00018790343787571367,0.6415719985961914,0.5858658626675606,0.08672624140806125,0.04059931320730066,0.22712070280397928,0.09672843485742241,0.016726957634091377,0.0021563726477324963,0.0036919100675731897,0.07013099640607834,0.2379239946603775
2918,0.0003538599915961907,5.307776150990356e-05,1.0739696025848389,0.6999396681785583,0.002324307955805645,0.0021169645276454363,0.01433527160420963,0.0016057820334713629,0.013479499146342278,0.0035625812597572803,0.00022770999930799007,0.003742000088095665,0.011698000133037567
2919,0.001257353810718963,9.210028616455279e-05,1.3260315656661987,0.5902424454689026,0.01897457320720562,0.007541564231783397,0.04403066021652481,0.010473653003731195,0.013340516947209835,0.0033678472973406315,0.0014545100275427103,0.021351000294089317,0.040063999593257904
2920,0.002829318584996606,0.00011868850204251567,1.3782075643539429,0.4934619069099426,0.07172714837792328,0.011818678217018388,0.058650157302505924,0.01774818109974389,0.0167897529900074,0.0026762322522699833,0.0034298100508749485,0.07054899632930756,0.035592999309301376
2921,0.0012433824427777837,9.644236431585783e-05,1.057360291481018,0.6585922390222549,0.001286767049584102,0.00518180283593602,0.06042897553531974,0.009129720170599414,0.013582056388258934,0.002761437091976404,0.0013598100049421191,0.014535999856889248,0.043912000954151154
2922,0.0007849028784907232,6.193863897785949e-05,1.3023208379745483,0.5841852724552155,0.005662166245402879,0.0015413757610186112,0.011937368167537495,0.0014050890680185274,0.015024539083242416,0.0033439146354794502,0.0008077099919319153,0.007584999781101942,0.008839000016450882
2923,0.0004838027164851771,6.0783932712491433e-05,1.3233779668807983,0.6437361538410187,0.0014269004435048787,0.002830919349660848,0.02709833633990489,0.002944859977327593,0.013575052842497826,0.0031449617817997932,0.0004954100004397333,0.004844999872148037,0.026384999975562096
2924,0.0012247716745411137,7.535282494073973e-05,1.2591521739959717,0.5784210860729218,0.005886467953390822,0.003614947767712328,0.02568114859688616,0.004192056319637752,0.01430579088628292,0.0036388286389410496,0.0013567099813371897,0.01055500004440546,0.021209999918937683
2925,0.0008768079367833494,7.278047030077775e-05,0.3731057643890381,0.4279533475637436,0.008914844522325797,0.004545631290959573,0.026522357076612286,0.0048681546885977825,0.01246808934956789,0.0031930776312947273,0.0006977100274525583,0.010041000321507454,0.024420998990535736
2926,0.00047400629685533644,5.397044590338477e-05,1.4943058490753174,0.5345747172832489,0.008409891298422317,0.002378672054019931,0.019583895589103326,0.002452810058812264,0.016782155260443687,0.002994338981807232,0.00044440999045036733,0.008218999952077866,0.01720000058412552
2927,0.001034872522939053,7.16638745347354e-05,1.4322922229766846,0.5205301344394684,0.0068178844313823,0.003022457200093626,0.0240764335132364,0.0032993333010359997,0.01530016865581274,0.0034508290700614452,0.0011393099557608366,0.007782999891787767,0.020787999033927917
2928,0.001915566063486397,0.00010120652751365294,0.4609285295009613,0.4605463296175003,0.01580393656691753,0.006030103329126507,0.04318563005495886,0.00866681885119169,0.014192134141921997,0.0034117340110242367,0.0022997099440544844,0.021976999938488007,0.03848600015044212
2929,0.0011276320618294135,6.713729966678628e-05,1.4122343063354492,0.4830569326877594,0.0052233761022563475,0.001695963107679615,0.013969234117628971,0.0016765794488448615,0.014712298288941383,0.003338038921356201,0.0012722100364044309,0.007466000039130449,0.01067500002682209
2930,0.001329452919836731,7.594254198205349e-05,1.460599660873413,0.48700150847435,0.019974353717976952,0.004071747554585175,0.029315321389806942,0.0051012126901555915,0.01607963629066944,0.003185250796377659,0.0015555099816992879,0.01982099935412407,0.024658001959323883
2931,0.001977675238079448,0.00012818846333074996,0.9263584017753601,0.664440780878067,0.011359057988104326,0.00964718337675828,0.06272516900966157,0.017700009045153415,0.01372386422008276,0.0032378737814724445,0.0023535098880529404,0.025614000856876373,0.05106700211763382
2932,0.001429972081669876,0.0001420246380003596,1.2328490018844604,0.6639575064182281,0.00032114910396436295,0.007342420120387377,0.15395148774131004,0.02683333797214571,0.011820120736956596,0.0014675804413855076,0.0016187099972739816,0.026750000193715096,0.13205499947071075
2933,0.002151956699863234,0.00010664564322607662,0.7666789293289185,0.5959882065653801,0.01611802661868118,0.006882653116027617,0.04808316067782917,0.012789505978469309,0.011511975899338722,0.0021875733509659767,0.0026262099854648113,0.023321999236941338,0.039423998445272446
2934,0.001988952976613986,8.914510221655803e-05,0.33828073740005493,0.3611000366508961,0.03836384677481705,0.006491701914506494,0.02828535085598261,0.008181378713460617,0.014268510043621063,0.0035448488779366016,0.002366810105741024,0.035162001848220825,0.031047001481056213
2935,0.0013128434396361495,0.00010641199306563607,1.1538300514221191,0.6505480855703354,0.018463429003029393,0.012964418377129503,0.07396851953942532,0.01978111820382265,0.01540757343173027,0.003087220247834921,0.0015980099560692906,0.02993600070476532,0.06021600216627121
2936,0.0005605480946530175,6.946106348309898e-05,1.0710461139678955,0.693906620144844,0.0007049686488659495,0.002982352131433368,0.038670852579115796,0.004070010452468031,0.014129631221294403,0.0025853272527456284,0.0006419100100174546,0.009530000388622284,0.03032599948346615
2937,0.0004652531513052887,6.657701026835605e-05,1.0957669019699097,0.7079743891954422,0.018204047345225547,0.005665690057147497,0.030418303233683722,0.006741119947512163,0.015034210868179798,0.003510960377752781,0.00043770999764092267,0.019361000508069992,0.02234099991619587
2938,0.001481806945185356,9.188086896235153e-05,1.2942185401916504,0.5855054557323456,0.00038488054276526474,0.003404324889921102,0.06047483973466647,0.007980228748531853,0.01365828700363636,0.0020422087982296944,0.0018193100113421679,0.013611000031232834,0.051325999200344086
2939,0.001632167553105871,9.466531271565834e-05,1.439131736755371,0.48374518752098083,0.006927155753323496,0.005680826340380658,0.03974791313183729,0.007793378206048005,0.014350777491927147,0.0033391336910426617,0.00169601000379771,0.012501000426709652,0.03297800198197365
2940,0.0010608787737103275,7.205493412178654e-05,1.2737802267074585,0.5774644613265991,0.006137453092175007,0.0030421692510225165,0.021951618481098303,0.003346714360393988,0.013664213940501213,0.0035005491226911545,0.0011678100563585758,0.009424000047147274,0.01686999946832657
2941,0.0008885830891665916,7.382507591098542e-05,1.3742221593856812,0.5853208899497986,0.009239422701237314,0.004330801826286083,0.029059750649760976,0.004882317695285713,0.014545910060405731,0.003662903793156147,0.0009595099836587906,0.01488099992275238,0.01964700035750866
2942,0.0004170730021160912,6.84824734270571e-05,0.7032715678215027,0.6641088873147964,0.005599102275565157,0.005818831109012389,0.03372263005252765,0.00628639195843792,0.011330380104482174,0.002473232802003622,0.0004961100057698786,0.008907999843358994,0.03254599869251251
2943,0.0012476607579594997,7.602138829381952e-05,0.8894724249839783,0.5795408636331558,0.007351814150431102,0.002487821845420564,0.02081882300367605,0.0028601400762632446,0.014878115616738796,0.003256990574300289,0.0014137099497020245,0.010490999557077885,0.016791999340057373
2944,0.0010899963438494693,0.00012435260899467207,0.8957284092903137,0.7037144154310226,0.0002043260386337901,0.004141370696777303,0.13539615781922548,0.02035540111409291,0.011611105874180794,0.0015150029212236404,0.0012741100508719683,0.032239001244306564,0.08420399576425552
2945,0.00218696384960643,0.0001066216824258425,0.945364773273468,0.5908042937517166,0.0007006208615654519,0.0040045490069465645,0.055358152313739695,0.009411820502737391,0.012565593235194683,0.0022339611314237118,0.002380110090598464,0.023141000419855118,0.029691999778151512
2946,0.0011956164895546902,7.773708157341093e-05,1.4576833248138428,0.5146385133266449,0.00011482026356277218,0.001534409670162787,0.052555422613966084,0.004981251072956848,0.014726093038916588,0.0015997011214494705,0.001279909978620708,0.011525999754667282,0.036327000707387924
2947,0.0009362712579550262,7.075803584523859e-05,1.2019355297088623,0.637243002653122,0.020205628972667936,0.00397879304005121,0.023880978380239042,0.004491085607158277,0.015696821734309196,0.0033144536428153515,0.0010074099991470575,0.015684999525547028,0.022397000342607498
2948,0.00035976532785451243,6.77451652497703e-05,0.9439660310745239,0.7137629091739655,0.01011482819314906,0.007206195829784227,0.03350351219522669,0.007593711274268319,0.012422285974025726,0.003267384134232998,0.0003238299977965653,0.013187999837100506,0.02890000119805336
2949,0.011614130611965102,0.0008576896024135115,0.22563733160495758,0.26581795886158943,0.3460344224443781,0.09105191377261984,0.9628608928735235,0.24502871562849188,0.012076592072844505,0.001365814357995987,0.013424109667539597,0.39570000767707825,0.9483099579811096
2950,0.006141028996092802,0.0005907117242260024,0.6083148717880249,0.5360950976610184,0.31879879710435677,0.08472739037080937,1.2968527749755545,0.45522030167055566,0.019028931856155396,0.0010858159512281418,0.007794210221618414,0.4714300036430359,0.5021499991416931
2951,0.004263024482900603,0.0002979395557224612,0.3549155592918396,0.408114992082119,0.17074475399852637,0.06307009042081022,0.20216047484580835,0.11520369682438907,0.014809589833021164,0.0028968527913093567,0.005557510070502758,0.12766000628471375,0.2750589847564697
2952,0.0011834337729192286,6.885781965949183e-05,1.7643221616744995,0.27771997451782227,0.008611335596877002,0.004315369406111485,0.0410567985061913,0.005216204936777633,0.017294632270932198,0.0026595015078783035,0.001279009971767664,0.01256600022315979,0.03168100118637085
2953,0.0013247472193040277,7.762986313431908e-05,0.7673617601394653,0.5985349863767624,0.01119945679135756,0.0036236269008629203,0.024759274352115362,0.004449739606896423,0.012605429627001286,0.003313056193292141,0.0014950099866837263,0.015417000278830528,0.019829999655485153
2954,0.00398505484920461,0.00018339407743593692,1.2762627601623535,0.5867744982242584,0.01580629662336954,0.017875402423493274,0.21369851283480581,0.05829516137712433,0.015981756150722504,0.0015830802731215954,0.004546809941530228,0.04911699891090393,0.11634999513626099
2955,0.004646469377682033,0.0003641111993479694,1.2102696895599365,0.6468633115291595,0.01676053002329555,0.0833433763300982,0.7025274709277619,0.24809963029660953,0.014135811477899551,0.0014368179254233837,0.004712809808552265,0.15421000123023987,0.21257099509239197
2956,0.0037899131285777624,0.0006235214488970028,0.9406410455703735,0.6930045932531357,0.21558371855006206,0.20462902637499325,1.2567788901402508,0.6339990035170744,0.016824975609779358,0.0022980570793151855,0.00409020995721221,0.30428001284599304,0.2672550082206726
2957,0.00028513777736702056,4.696001743131763e-05,1.0101101398468018,0.697443038225174,0.00010144704803836446,0.000550790117801943,0.009172841938976531,0.0005550552363385855,0.013611599802970886,0.002713998779654503,0.00019255999359302223,0.0015569999814033508,0.007956000044941902
2958,0.0003729001596972731,5.192540531926665e-05,0.7638367414474487,0.6788493245840073,0.003841826470317025,0.0015345676272914162,0.010548573104493676,0.0012770840114493922,0.01258467324078083,0.003261242061853409,0.00024324000696651638,0.0023880000226199627,0.010548999533057213
2959,0.0004981649312927603,5.60461266767335e-05,0.775942325592041,0.6635392382740974,0.004270517716250376,0.0015434543245120792,0.011548441135719916,0.0012832273108229209,0.015177148394286633,0.00362396240234375,0.0004030900017824024,0.002761000068858266,0.011022999882698059
2960,0.00048504997403329227,5.21128116912119e-05,1.2863844633102417,0.6432010531425476,0.003236632946040421,0.0012473020185362373,0.009078293853389008,0.0010110896486054564,0.013341765850782394,0.0033085569739341736,0.00048121000872924924,0.0029299999587237835,0.008301000110805035
2961,0.0004299161411085612,4.886045586354013e-05,1.205208659172058,0.6605748683214188,0.002404740566216413,0.0009660742860474903,0.006766769660433848,0.000711661395883168,0.013727448880672455,0.003527464345097542,0.00039040998672135174,0.003386999946087599,0.005446000024676323
2962,0.0007119811417052219,6.307402504686572e-05,0.6379530429840088,0.5991301834583282,0.001915395710943307,0.002407774164139915,0.02045877882605729,0.00243718537835645,0.011051743291318417,0.0018912497907876968,0.0006895100232213736,0.00482999999076128,0.01929599978029728
2963,0.0005772332598868871,7.359388090359123e-05,1.2654037475585938,0.6471898555755615,0.00041310798998890727,0.003244177327506107,0.038958750585440856,0.004309543699032008,0.012408941052854061,0.0024824729189276695,0.0006056100246496499,0.010243000462651253,0.033740997314453125
2964,0.0004435215440597099,4.680365074678062e-05,1.4378089904785156,0.5692482590675354,0.00036513002586877416,0.0006270337008857035,0.005415339022154801,0.0004550340323398062,0.0118788443505764,0.002732058521360159,0.00038186999154277146,0.001623000018298626,0.0035210000351071358
2965,0.0005409936972038737,5.1753657784178936e-05,1.3032732009887695,0.5944564342498779,0.0005019549700215818,0.000890737147935949,0.008643594482932573,0.0007053012508380155,0.013417924754321575,0.003280085511505604,0.0004956100019626319,0.00215999991632998,0.006310999859124422
2966,0.0004392165918258626,4.4906972524709385e-05,1.4695249795913696,0.5520181953907013,0.0009156832334570498,0.0008980622272336079,0.0059795243838979125,0.00055296180980849,0.012839440256357193,0.0033914372324943542,0.00038010001298971474,0.0023880000226199627,0.004236999899148941
2967,0.0007357341500356609,6.237082542070402e-05,1.39936363697052,0.5591335594654083,0.00021639764165025965,0.0013824128104137014,0.01974411598555055,0.0017340981480806466,0.012359727174043655,0.0024015698581933975,0.0006320099928416312,0.0031840000301599503,0.016112999990582466
2968,0.0006466175498742406,6.11001405101032e-05,1.0192878246307373,0.6690304577350616,0.0014910409483598769,0.0016500483478741597,0.012756043455486754,0.0013237385447333874,0.012883886694908142,0.00347759947180748,0.0006458099815063179,0.0035600000992417336,0.011090000160038471
2969,0.0006802272084699785,6.618429556543817e-05,1.1241199970245361,0.6694047898054123,0.00017135498067392775,0.0012656053365183793,0.0221620121216048,0.0019288885493727523,0.01233451534062624,0.0021732142195105553,0.000663610000628978,0.005903000012040138,0.01533300057053566
2970,0.0009530825245406611,7.920244056568371e-05,1.443943738937378,0.5454804599285126,0.002838539612315831,0.004381325669366652,0.04862374465004606,0.006444018398848277,0.014675997197628021,0.002790966536849737,0.0009332100162282586,0.008898000232875347,0.03788900002837181
2971,0.0010350674075963147,6.610326124935708e-05,1.6092075109481812,0.410400390625,0.013781085230211355,0.002818173680440186,0.01945945566651295,0.0029129421673174723,0.015088411048054695,0.0034363088198006153,0.001201509963721037,0.009379000402987003,0.021421000361442566
2972,0.0011899608542618695,9.459850286547787e-05,1.5789214372634888,0.4539637565612793,0.0011039767534649486,0.004645843109558624,0.0529643498324114,0.007179697119974644,0.012633167207241058,0.0025993632152676582,0.0013779100263491273,0.013810000382363796,0.03713199868798256
2973,0.0006646554190628927,6.026310848072198e-05,1.3592768907546997,0.6031283438205719,0.014478595265934882,0.0026051646376492417,0.015575279922232873,0.002611330753248337,0.01572645641863346,0.00330965593457222,0.0006854099920019507,0.015157000161707401,0.013024000450968742
2974,0.0010610966137620107,8.114018159319041e-05,1.1304328441619873,0.6496277153491974,0.009830506255034618,0.005217631473812647,0.03399652567768291,0.006633728544117996,0.013097036629915237,0.003280612174421549,0.0013301100116223097,0.012524000369012356,0.029238998889923096
2975,0.00035325111699267744,4.580452081011407e-05,1.034842610359192,0.6904289722442627,0.002086574653575286,0.0006272392295274641,0.003941734689173578,0.00044815583691818015,0.013668437488377094,0.00349920941516757,0.0003066200006287545,0.0020179999992251396,0.002814000006765127
2976,0.00044412652717575697,4.966235812497026e-05,1.20256769657135,0.6549239605665207,0.0018354898347139159,0.0007346427183185786,0.005271877533258492,0.0005360639728970414,0.013145030476152897,0.0032512694597244263,0.00037321000127121806,0.0023880000226199627,0.003816000185906887
2977,0.0004905199349390312,4.564543444576986e-05,1.6000561714172363,0.4462301731109619,0.0012074094811958028,0.0012846971466724507,0.009424445346382147,0.0009052969987985741,0.012693547643721104,0.0033188736997544765,0.0005154099781066179,0.0026700000744313,0.00725299958139658
2978,0.0004558255814311939,5.092727507179803e-05,1.225296974182129,0.6431777626276016,0.0045183284566895025,0.0012727545465068117,0.00929713163320389,0.0010539769579607514,0.014652397483587265,0.003457136917859316,0.0002881099935621023,0.003602999961003661,0.009576000273227692
2979,0.0005454086136635416,5.521135289402476e-05,0.8783215284347534,0.6644658595323563,0.0028919097805422166,0.0009077406904559708,0.006503316771600669,0.0006962357202367608,0.013827485963702202,0.0035359724424779415,0.0005724100046791136,0.003711000084877014,0.004279999993741512
2980,0.000389158494342485,4.816350225808077e-05,1.2748334407806396,0.6524873971939087,0.0034570930657984735,0.0011860246455111922,0.008272697103020235,0.0009127364652709445,0.013751077465713024,0.003472771029919386,0.0002961900027003139,0.004290000069886446,0.00684100016951561
2981,0.0006909134647863145,5.591373025264106e-05,1.3955235481262207,0.5569857954978943,0.005104141399176764,0.0011530683101953427,0.008453160583064527,0.0009457842600609175,0.015427632257342339,0.0034875362180173397,0.0007782100001350045,0.005166000220924616,0.008950999937951565
2982,0.0004487014902145291,5.312885575310214e-05,1.0149626731872559,0.6985796540975571,0.006475240924371861,0.001366590694163615,0.008659191618906024,0.001124870693161153,0.014644543640315533,0.003683358896523714,0.00043320999247953296,0.005828999914228916,0.008899999782443047
2983,0.0006809273773230712,6.344614648293661e-05,1.5627683401107788,0.4772482216358185,0.010898820582728688,0.0036619650607569746,0.024779589613036338,0.003879010402980181,0.015122838318347931,0.003486447501927614,0.0005871100001968443,0.00824700016528368,0.02241399884223938
2984,0.0007763994522774274,0.00010062844653412875,1.0431699752807617,0.6967283338308334,0.0009456333707582976,0.007186815531059413,0.08422426156327803,0.013080230160379576,0.012929705902934074,0.0024329693987965584,0.0008550100028514862,0.015531999990344048,0.08025799691677094
2985,0.00185198612927356,9.462244945548828e-05,0.8065474629402161,0.5915420204401016,0.02404081240579998,0.006413921074328657,0.04323287036963546,0.010045735863716192,0.015010383911430836,0.0032847649417817593,0.0021563100162893534,0.0222609993070364,0.03847300261259079
2986,0.0009485590482623101,0.00012391866033704333,0.739622950553894,0.6820782348513603,0.06073221659616755,0.051156488890769486,0.07728594203228517,0.06945823969728282,0.012505273334681988,0.003366772085428238,0.001225210027769208,0.05552100017666817,0.07698899507522583
2987,0.0003321324301213704,4.363069388962649e-05,1.1443440914154053,0.6765661090612411,0.0014143093255068718,0.0005993917492707146,0.004080868331367627,0.00040621493670078856,0.014970635063946247,0.003632912877947092,0.00023998999677132815,0.0014990000054240227,0.0029609999619424343
2988,0.000513493053186975,4.434744090485711e-05,1.635712742805481,0.4120563268661499,0.0028869147534418328,0.0008062650683602207,0.00558534861662846,0.0006023393684899303,0.014221562072634697,0.003410093951970339,0.00048330999561585486,0.00215999991632998,0.004476999863982201
2989,0.0003997127390371032,5.2124445940327136e-05,1.1441212892532349,0.6866034269332886,0.0022447496744719673,0.0019870784712556384,0.013147114413705396,0.001481582753351968,0.013305210508406162,0.0035630925558507442,0.0002828800061251968,0.0025480000767856836,0.01179100014269352
2990,0.0005496485985397154,5.3455264261090924e-05,1.3281193971633911,0.6105766296386719,0.004352479405478279,0.0013935233751905336,0.010032453291632167,0.0011808584704322365,0.013588030822575092,0.0034629888832569122,0.0004991100286133587,0.0034630000591278076,0.009469999931752682
2991,0.0007979582361419918,6.582600340522326e-05,1.6663402318954468,0.386735737323761,0.0009470157929694953,0.002187121426711634,0.024828399281091824,0.002318361153755749,0.013365095481276512,0.0030138972215354443,0.0008535099914297462,0.003930999897420406,0.02359900064766407
2992,0.0007760866646486939,6.367507573923586e-05,0.9578365087509155,0.6569753736257553,0.006348671802275755,0.0015919652700186015,0.01116529695998544,0.0014341735623520455,0.014361674897372723,0.003509172238409519,0.0007621099939569831,0.0061980001628398895,0.010764000006020069
2993,0.0008340822103661483,6.267717048692007e-05,0.5297179222106934,0.5180485472083092,0.003496355463818159,0.0015839051312562633,0.011829371964907713,0.0013587932466250022,0.01304048765450716,0.003584143705666065,0.0007750099757686257,0.006310999859124422,0.006771000102162361
2994,0.0010037675861794433,6.791561311641169e-05,1.0339977741241455,0.6208751499652863,0.011387166663623912,0.001936401303612681,0.012293000597138335,0.0018210427355746872,0.015423225238919258,0.003367837518453598,0.00111220998223871,0.010077999904751778,0.013313999399542809
2995,0.00035403700829124977,5.028563940504113e-05,1.3471506834030151,0.6291233003139496,4.5816277663068065e-05,0.00036110219129327796,0.015019468945072827,0.0008455412428488686,0.014781146310269833,0.0020144060254096985,0.0003162199864163995,0.00215999991632998,0.012533999979496002
2996,0.0006896159715939421,5.727635578037449e-05,0.5167965888977051,0.5147507563233376,0.003347884743553747,0.0008509497605619998,0.005840008110335587,0.0006472306067756665,0.013581782579421997,0.0034747575409710407,0.0006721100071445107,0.003476999932900071,0.005450000055134296
2997,0.0008282790009676262,6.951705641144984e-05,0.5233626365661621,0.5607708990573883,0.005443317736257875,0.00408074982181484,0.027382369851468646,0.004408329545515085,0.011202088557183743,0.0022106776013970375,0.0007023100042715669,0.00786499958485365,0.02401699870824814
2998,0.0008161560509258169,7.16765235691344e-05,0.8236504793167114,0.6657905206084251,0.00021881827955140014,0.0017139567123965432,0.026108427198827434,0.002505800633336115,0.012268436141312122,0.0022111833095550537,0.0008078099926933646,0.004821000155061483,0.025637999176979065
2999,0.0005223958242092716,5.6533251745635455e-05,1.1222331523895264,0.681464672088623,0.006433878744915643,0.0017720476863894315,0.012409391232501735,0.001585379460875622,0.014532553032040596,0.0034708031453192234,0.0004923099768348038,0.005828999914228916,0.014290999621152878
3000,0.0006572879934143489,5.681066125610214e-05,1.3966128826141357,0.5566023290157318,0.004624299740141574,0.001396441454825089,0.011660960224192577,0.001226717213612347,0.01550944335758686,0.0032819630578160286,0.0007065099780447781,0.006335000041872263,0.010181000456213951
3001,0.0003356204293743369,5.8573234475756516e-05,0.9651684761047363,0.7173275053501129,0.010346697227762689,0.00301884849020838,0.019336905138500005,0.002987071847413328,0.014997772872447968,0.003578745760023594,0.00026194998645223677,0.009417999535799026,0.021927999332547188
3002,0.0004808936429041656,5.320199438629304e-05,1.3277068138122559,0.6262321770191193,7.661041839404346e-05,0.0006001122774556663,0.011629139640801698,0.0007866876453056356,0.012535867281258106,0.0022820462472736835,0.0004119100049138069,0.002208000048995018,0.009360999800264835
3003,0.00024564525534663263,5.21568189601146e-05,0.7341617941856384,0.6750161051750183,0.0017109479182926726,0.0021433559005814883,0.016094365525991465,0.0018300631768460003,0.01130901649594307,0.002288119401782751,9.855000098468736e-05,0.0034890000242739916,0.01428299956023693
3004,0.0007481006260051456,6.264587128675163e-05,0.6304337382316589,0.585657387971878,0.0022987686008555832,0.0017827815883080054,0.013071042863827216,0.0014265770103541898,0.012123973108828068,0.0031031258404254913,0.0006800100090913475,0.004734000191092491,0.010828999802470207
3005,0.0006892530043901052,6.443674979465563e-05,0.7357938289642334,0.6534242406487465,0.007572026776033113,0.0026438784848604488,0.017811645793473406,0.002567734445756217,0.013499940745532513,0.0035448139533400536,0.0005755100282840431,0.005047000013291836,0.020173000171780586
3006,0.0006584538090447192,6.282782812488735e-05,0.7173179984092712,0.6330147013068199,0.005260940323339648,0.0022763469772135317,0.016517556998266576,0.002129074780286808,0.014073816128075123,0.003514313604682684,0.0006893100216984749,0.007782999891787767,0.01372699998319149
3007,0.0006885752710483378,7.702576488560086e-05,1.2370549440383911,0.6589303761720657,0.011428148846878186,0.006839166212928828,0.04017419309299349,0.008062679437849135,0.01499971840530634,0.00352593045681715,0.0007911099819466472,0.009530000388622284,0.03557500243186951
3008,0.001686489133312897,8.825981177142345e-05,1.3702175617218018,0.5342175364494324,0.009105026332125784,0.0044118692784375114,0.03454772747701067,0.006765159025726381,0.012128596194088459,0.0029330113902688026,0.001817009993828833,0.013694999739527702,0.027518000453710556
3009,0.0015510384646117482,8.090907940410015e-05,1.2178012132644653,0.5575873553752899,0.020117713323901092,0.0039289383481247424,0.027981910318041352,0.00511492399189604,0.016170291230082512,0.0031129540875554085,0.0019916100427508354,0.015584000386297703,0.03142800182104111
3010,0.0005199093177328661,4.804364933355795e-05,1.5126442909240723,0.5096744298934937,0.0019607632372280856,0.0008661624003985688,0.006165441751345686,0.0006316199425642883,0.01303029153496027,0.003233665134757757,0.0004367099900264293,0.00215999991632998,0.005036000162363052
3011,0.0005089767459673425,5.307005961606949e-05,0.9156219363212585,0.6638357937335968,0.0025987351467771365,0.0005440049994888496,0.00300160687388408,0.00039001252722232604,0.014061431400477886,0.003544353414326906,0.0003931600076612085,0.0023880000226199627,0.0023679998703300953
3012,0.0004036316048083082,4.9412719295636326e-05,0.8788228034973145,0.6869191899895668,0.0025294986305646203,0.0009722078628044202,0.006675061343955579,0.0007131400458845012,0.014805477112531662,0.003669637255370617,0.00037304998841136694,0.0025480000767856836,0.0059529999271035194
3013,0.00039099799468302765,4.9372852822881786e-05,1.1007628440856934,0.6880903542041779,0.001213138722301964,0.0012579668299371215,0.009283748560813206,0.0008916596544438953,0.012573420070111752,0.003233133815228939,0.0003441600129008293,0.0034910000395029783,0.0069670001976192
3014,0.0004765314035376825,5.2638995814865795e-05,1.3720035552978516,0.6144436597824097,0.00338444801924719,0.001989613678357797,0.013517324106307712,0.0015784708385849049,0.014664077199995518,0.0037954458966851234,0.0003889499930664897,0.003751999931409955,0.011605000123381615
3015,0.0007630233735111606,6.222782250245404e-05,1.1572706699371338,0.6326281279325485,0.00498354216870848,0.0017441521500175092,0.01426249637694481,0.001652514383256214,0.015295404009521008,0.003368905745446682,0.0008643100154586136,0.004379000049084425,0.014669000171124935
3016,0.0007383694764711753,6.190230874088829e-05,0.8893471956253052,0.6449922472238541,0.004333291771136827,0.0013302394820789967,0.010146854754621838,0.0011401039051866808,0.01494330633431673,0.003478778526186943,0.0006997099844738841,0.0042860000394284725,0.009591000154614449
3017,0.0006567671507526512,6.308876199213632e-05,1.1744377613067627,0.6544567048549652,0.005400533407506987,0.0027184502078540446,0.019349902945648426,0.0025349894157025883,0.015172285959124565,0.0035819103941321373,0.0006421100115403533,0.007805999834090471,0.01714000105857849
3018,0.0005645024493024943,6.38980914705153e-05,1.1791479587554932,0.6729461252689362,0.010877418688841093,0.0036064084201350268,0.024366766689301503,0.00392247234925823,0.01521332561969757,0.003479341045022011,0.0006332100019790232,0.007946000434458256,0.028212999925017357
3019,0.0026157764875592506,0.00019573650119575716,0.9870989918708801,0.6881664544343948,0.027142033825188806,0.024337203892156833,0.12166477155206824,0.05039861422685109,0.012296974658966064,0.0020423228852450848,0.003240610007196665,0.044902998954057693,0.08794400095939636
3020,0.0008029127069553964,6.484780932534837e-05,1.4179792404174805,0.5553613007068634,0.013712809594427177,0.0030168251127671714,0.01961237456681073,0.003155753586995406,0.015352241694927216,0.003372392151504755,0.000885710003785789,0.010979999788105488,0.020802000537514687
3021,0.00067357331948686,6.543275552876757e-05,0.7542891502380371,0.6598424166440964,0.00950368256722923,0.002761316107129443,0.018728542120474378,0.0027042515286072894,0.01425025425851345,0.003618451301008463,0.0006455099792219698,0.012230000458657742,0.015894999727606773
3022,0.00044502638777060285,5.227148157089419e-05,1.2439403533935547,0.6508464217185974,0.00021310913955068886,0.0009700120671031434,0.013939778614513374,0.0011034068455124078,0.011446614749729633,0.0019131619483232498,0.0003420999855734408,0.0027020000852644444,0.011386999860405922
3023,0.00042479025326578376,4.331455190394954e-05,1.6352479457855225,0.4223758578300476,0.003543487027454086,0.0010035057307526429,0.00726918097478527,0.0007792081724769364,0.01431288942694664,0.00346202589571476,0.00036298000486567616,0.0030849999748170376,0.006884000264108181
3024,0.0006409863252573424,6.376977058575274e-05,1.3960214853286743,0.5896125137805939,0.00387733993579136,0.0033968950998934937,0.023301536160322205,0.0030878455864103652,0.014178532175719738,0.0036415448412299156,0.0006418100092560053,0.005140000022947788,0.020128998905420303
3025,0.0006807453538119345,5.9486138959363364e-05,0.5573967695236206,0.5651232376694679,0.0041360359123772715,0.0014674348051647004,0.011280874623871395,0.0012397601496318845,0.01455579325556755,0.003577963914722204,0.0006227099802345037,0.00585100008174777,0.00837399996817112
3026,0.000255535166616694,5.150317668864406e-05,0.9575536847114563,0.7135207504034042,0.00793881563474778,0.0017838491174914724,0.01158617722869823,0.0015933341426459168,0.015458768233656883,0.00350949726998806,0.0002106000029016286,0.0081599997356534,0.00999400019645691
3027,0.0008331019785654348,6.346674893355063e-05,1.1805394887924194,0.638791486620903,0.011840342298588007,0.0020778341305044967,0.012166171588331161,0.0019407788495656537,0.01464616134762764,0.003586688544601202,0.0008794100140221417,0.011970000341534615,0.010877000167965889
3028,0.0004983142749108055,5.4678324767194156e-05,0.9489468336105347,0.6748561710119247,0.0008938828270932795,0.0007829622902331197,0.005086887479544734,0.0004917436714672744,0.012052735313773155,0.002928731497377157,0.00045481001143343747,0.001979999942705035,0.0034829999785870314
3029,0.0004578444606945389,5.250914187908057e-05,0.9057804942131042,0.6778295934200287,0.002116929923885215,0.0008795887539243173,0.006244376387269602,0.0006391357325962774,0.013797884806990623,0.0035119266249239445,0.0003215000033378601,0.00215999991632998,0.00534799974411726
3030,0.0010442323879927742,7.998661571450975e-05,0.6016891598701477,0.5833003222942352,0.021734134397859203,0.006533115700985509,0.03344349536950779,0.008319860698578324,0.013557391241192818,0.0033858586102724075,0.001017909962683916,0.0253090001642704,0.025630999356508255
3031,0.00031141876908991447,4.734665394364205e-05,1.3935141563415527,0.6159267425537109,0.00011385575814806592,0.0005972665882546791,0.011472852284338652,0.0006817676313903825,0.014420499093830585,0.0025381618179380894,0.00031075000879354775,0.0023880000226199627,0.009971000254154205
3032,0.0004295695748928695,4.966462858903357e-05,1.0377732515335083,0.6763648688793182,0.0019314540489406102,0.0006306096789834119,0.004114322622360098,0.00045497594419463636,0.013111202046275139,0.0033582616597414017,0.00030151999089866877,0.0026700000744313,0.0025549998972564936
3033,0.0005417476964745906,5.571810059384216e-05,0.440551221370697,0.4895673394203186,0.0032118542466992067,0.0015329858764301738,0.010791365582661283,0.0012311556087714337,0.013017773628234863,0.0036852224729955196,0.00047540999366901815,0.0035669999197125435,0.00965300016105175
3034,0.000321550799492663,4.78743543036423e-05,1.1628432273864746,0.6917931735515594,0.0021820816753083294,0.0013532553790174223,0.00895337530908702,0.000994832408276176,0.013121264055371284,0.0033583850599825382,0.0002840899978764355,0.003930999897420406,0.006353000178933144
3035,0.0009351611769877048,5.863865369499431e-05,1.6101428270339966,0.40040892362594604,0.005411353819944668,0.0014511844540377157,0.011301075559188288,0.0012908108751652292,0.014384648762643337,0.0034777275286614895,0.0011132099898532033,0.00558699993416667,0.010688000358641148
3036,0.0007372883911709532,6.29814680412712e-05,1.0686302185058594,0.6633727848529816,0.005748706307298013,0.0020423313132875835,0.015955298721882838,0.001972684224353774,0.014439508318901062,0.003391241654753685,0.0007226099842227995,0.006845000199973583,0.0149300005286932
3037,0.0008499474971927031,7.336446553637055e-05,1.2378650903701782,0.6493655294179916,0.0011574832351684383,0.003429998103798774,0.03495663579227163,0.0047880168785493175,0.011347447521984577,0.002192745916545391,0.0008956100209616125,0.00749000022187829,0.02813899889588356
3038,0.0006853158399838938,6.669530909825797e-05,1.348192811012268,0.6036488711833954,0.0010967863382335132,0.0025899654284782235,0.02457404807957765,0.0028181949368045484,0.012431501410901546,0.003163441549986601,0.0007982099778018892,0.009192000143229961,0.01635799929499626
3039,0.0013704945043074635,8.446618884505727e-05,0.6796718835830688,0.5772310718894005,0.0019349913568342991,0.0035487000384743653,0.034486398585260244,0.005156840716904122,0.011490654200315475,0.0024498188868165016,0.0015012100338935852,0.011838000267744064,0.02455100044608116
3040,0.0016424891165945932,8.913953096573808e-05,1.5721111297607422,0.42340534925460815,0.0017444947020194008,0.004099227757449479,0.06229791744154204,0.007619018103721065,0.015049444511532784,0.002294893842190504,0.001902709947898984,0.013942999765276909,0.04866199940443039
3041,0.00186234058935117,0.00014146096152153713,0.937247633934021,0.6848786026239395,0.026813863197269458,0.016279077092671866,0.08048739347492609,0.02962043600814276,0.013569795526564121,0.0031493431888520718,0.002114709932357073,0.026799999177455902,0.09491000324487686
3042,0.0006294568019775825,5.658051330734718e-05,1.0844099521636963,0.6380680650472641,0.00308925571621924,0.000839271292322764,0.005920971739277842,0.000646565042277203,0.014590281061828136,0.003626191522926092,0.0005735100130550563,0.0025480000767856836,0.004681999795138836
3043,0.0007379703152581243,5.1376170854628735e-05,1.5742053985595703,0.4186774492263794,0.0029719535082797614,0.0005959332603312885,0.003857893216691096,0.0004424024750908726,0.014347570948302746,0.003519609570503235,0.00069140997948125,0.0029299999587237835,0.002810999983921647
3044,0.0002967607003443148,4.7105910982445895e-05,1.2924258708953857,0.6541243195533752,0.004583897054507227,0.001378420896661951,0.010113515034353678,0.0011400247784079214,0.015325804241001606,0.0034245443530380726,0.00016994000179693103,0.0033229999244213104,0.01029299944639206
3045,0.00044002194910899357,5.150619598568988e-05,1.333598017692566,0.6252701878547668,0.00324953359747769,0.0016599319600327034,0.01187281248857282,0.0013280570773019787,0.014333770610392094,0.0036776745691895485,0.0003515999997034669,0.0050119999796152115,0.009246000088751316
3046,0.000961255041752262,6.908815354221825e-05,1.420005202293396,0.535041093826294,0.00699832437206251,0.0031924332898696033,0.023301254736799327,0.0035895405661604245,0.012771252542734146,0.0032464060932397842,0.0010310099460184574,0.00558699993416667,0.0249439999461174
3047,0.0008113011128351887,6.369741788226149e-05,0.7474925518035889,0.6065350770950317,0.006192623081150262,0.001331883319673298,0.008634602354535075,0.0011360095875325889,0.013424664735794067,0.0035108686424791813,0.000865310023073107,0.008201999589800835,0.006297999992966652
3048,0.0011095002177824852,7.308729651543764e-05,0.8917878866195679,0.6292086243629456,0.011033278538498649,0.0028717271756433255,0.021071313398969168,0.0032110301275306043,0.015100400894880295,0.0033295941539108753,0.0013463100185617805,0.009336000308394432,0.022223999723792076
3049,0.0007966954264981994,7.052034597951101e-05,0.5212805271148682,0.5608099810779095,0.010067675539034924,0.0036722562075630696,0.023307875486022384,0.00384277898765578,0.013095753267407417,0.0035058921203017235,0.0008401100058108568,0.01071999967098236,0.026468999683856964
3050,0.00036334798955465044,4.728424860395253e-05,1.0388405323028564,0.6820047199726105,0.0009232957845734788,0.0010023742766705787,0.007244524886828934,0.000656560656601904,0.01200234517455101,0.00302108284085989,0.00028005000785924494,0.0020179999992251396,0.005451999604701996
3051,0.0005929477873572923,5.498100327697711e-05,1.2584497928619385,0.6198967099189758,0.002531917411649596,0.000896646143190697,0.00661986935562019,0.0007003138202112138,0.013589316979050636,0.0034504616633057594,0.0004780100134667009,0.0023880000226199627,0.005543000064790249
3052,0.004058196862902483,0.00014053417553111774,0.41121113300323486,0.37978728860616684,0.05126684626965872,0.014517615492218968,0.14365152718720942,0.03324310321988419,0.017195239663124084,0.001973374281078577,0.004751710221171379,0.05985499918460846,0.1307400017976761
3053,0.0004244865010723318,5.04380698533004e-05,0.8801329135894775,0.6696245968341827,0.002708874274801123,0.0008500196182060888,0.006398282533485339,0.0006440577546633478,0.015143523924052715,0.0035406844690442085,0.0003740600077435374,0.0033229999244213104,0.004541999660432339
3054,0.0006163709029262569,5.7643321666640444e-05,0.7998172640800476,0.6458932608366013,0.005241841108234629,0.0013125739559642232,0.008828920226377237,0.0010743499295743598,0.013778654858469963,0.0035587307065725327,0.000572210003156215,0.005166000220924616,0.008218999952077866
3055,0.0002234236795906185,5.9072170676152715e-05,0.7772964835166931,0.6958716586232185,0.0018311067801812023,0.003402809746468413,0.026254911165242662,0.003563333847436921,0.011147811077535152,0.002238416112959385,0.00017852999735623598,0.0061980001628398895,0.022432999685406685
3056,0.0006308911196460327,6.893075435593257e-05,1.2912739515304565,0.6437357664108276,0.00011014027911204255,0.0011802828129281633,0.03385606674992058,0.0028695066650692384,0.012303641997277737,0.0017095953226089478,0.0005816100165247917,0.006951000075787306,0.027650000527501106
3057,0.0006102290761540181,6.513887548346292e-05,1.0910475254058838,0.6933972239494324,0.0064024848906354395,0.004101292128786942,0.02382199663442335,0.003945997660212135,0.013702735304832458,0.003604678902775049,0.0005413100006990135,0.007381000090390444,0.02093999832868576
3058,0.0011347561719632546,7.593188659367153e-05,1.4337773323059082,0.5382676720619202,0.0003369566737002585,0.00245124139730486,0.03684603436289366,0.004392072448473814,0.011258129961788654,0.0017519136890769005,0.0012839100090786815,0.010122999548912048,0.028557999059557915
3059,0.0005557100503625911,5.285871659346233e-05,1.5836844444274902,0.4495922923088074,0.003390644511213991,0.002401959577871937,0.015800418828173804,0.0019404622933465263,0.014422500506043434,0.0036251922138035297,0.0004722099984064698,0.0034149999264627695,0.013918999582529068
3060,0.0005686988311732038,6.948819170425841e-05,0.7568267583847046,0.6720292642712593,5.743066291875665e-05,0.0005666780496322874,0.034472741627813136,0.002482374222960562,0.014112550765275955,0.0017510419711470604,0.0004911100259050727,0.004135999828577042,0.033045001327991486
3061,0.0005764153157267545,4.691143830045101e-05,1.7246233224868774,0.3257278800010681,0.006436019532231331,0.0011000213893091627,0.008661293015844736,0.0009282835904807305,0.016578182578086853,0.0030442001298069954,0.0004921099753119051,0.005255000200122595,0.008684000000357628
3062,0.0007820838654851822,6.214662035670184e-05,1.1629914045333862,0.637757882475853,0.007874229126638304,0.001729152360499329,0.011357418068726964,0.0015144908045100734,0.014480775222182274,0.003661339171230793,0.0008255100110545754,0.005628999788314104,0.0128409992903471
3063,0.0008820476133553447,6.883938489841746e-05,0.5137501955032349,0.5372258722782135,0.014444576204563455,0.0032591702395533256,0.019398999471469308,0.0034462908023596105,0.01408742368221283,0.003529028967022896,0.0009902099845930934,0.013790000230073929,0.019738998264074326
3064,0.0006878041777527226,5.972353751911545e-05,1.205003261566162,0.6308090686798096,0.006466686689425806,0.0017924851066056973,0.012194406266260215,0.0016200619974565738,0.013533009216189384,0.0033794580958783627,0.0006934099947102368,0.008511999621987343,0.008429000154137611
3065,0.0004984447820757785,5.447016216247278e-05,0.8406180739402771,0.6692436262965202,0.0027070293932660787,0.0013833857286543192,0.00972775873189136,0.0010628092599306123,0.0144718699157238,0.003742784261703491,0.0003809200134128332,0.0035669999197125435,0.00800700020045042
3066,0.0008069883510763695,5.839583494721655e-05,1.6833611726760864,0.3508523106575012,0.0013789031323831807,0.0018823433229445616,0.01735543224084581,0.0016514568044337808,0.01360435038805008,0.0034530037082731724,0.0008400100050494075,0.005297999829053879,0.012242999859154224
3067,0.0006889707866224274,6.398335328527456e-05,0.8779052495956421,0.6698104739189148,0.00019071423493264206,0.0012643279426045875,0.023059705975386015,0.002074592761630998,0.011204415932297707,0.0015498236753046513,0.0008412100141867995,0.005818000063300133,0.01830100081861019
3068,0.000625084500360871,6.187562224976758e-05,1.5039340257644653,0.5201285183429718,0.008420049891483147,0.0035180225799032166,0.024428512043343804,0.0036415139870229884,0.015597520396113396,0.003598923794925213,0.0006182100041769445,0.007348999846726656,0.025039000436663628
3069,0.0006742621974999359,6.677344209309386e-05,1.3769171237945557,0.5804703533649445,0.004805550494639827,0.004030502426372004,0.026686490599979226,0.003940301745271041,0.014307687990367413,0.0036002714186906815,0.0006269100122153759,0.0091540003195405,0.01982799917459488
3070,0.0003248486601669454,5.018832836282074e-05,0.9339752793312073,0.7036189287900925,0.00344639994726494,0.0016999993122818594,0.01129161523686298,0.0013931162573736994,0.013043712824583054,0.003316170070320368,0.0002327999973203987,0.004511999897658825,0.009266000241041183
3071,0.0010118679813157921,7.616208974576925e-05,0.9954376220703125,0.654708668589592,0.0013161940275097151,0.002731355555820156,0.027886586077035255,0.0035243414110421364,0.012939938344061375,0.0030402084812521935,0.001023510005325079,0.006134999915957451,0.024056000635027885
3072,0.0006550132508768421,6.305110255181736e-05,0.7157863974571228,0.6399690508842468,0.003544586292539081,0.0024261652828224452,0.01757369291829791,0.0022409739866220794,0.011798443272709846,0.002867352217435837,0.0005605099722743034,0.00661499984562397,0.012197999283671379
3073,0.0005975560276950758,5.965259559319449e-05,1.4797176122665405,0.5360099673271179,0.004493384527346794,0.003086695493411638,0.021768936836290484,0.0027417723924865346,0.015086517669260502,0.003620283678174019,0.0005774099845439196,0.008218999952077866,0.014262000098824501
3074,0.0009861916798652242,9.417166986221056e-05,1.2694016695022583,0.6559965014457703,0.007500197810928782,0.009055476507639267,0.05821653568160648,0.013331401620219684,0.01189018040895462,0.0028252266347408295,0.0009656099718995392,0.014588999561965466,0.052046000957489014
3075,0.0008303395674806204,6.356976226365359e-05,0.9581777453422546,0.65033820271492,0.006373833030202027,0.0019229100977714844,0.013921493139847292,0.0017747697668707664,0.014612162485718727,0.0036375634372234344,0.0009531099931336939,0.009530000388622284,0.009018000215291977
3076,0.0012634018810358735,7.679537380163965e-05,1.2465333938598633,0.5675463974475861,0.005700106610159463,0.0031813106964198794,0.02461021608858397,0.003606479258182629,0.015247817151248455,0.0035093161277472973,0.0014944099821150303,0.010122999548912048,0.01954999938607216
3077,0.001507032160722182,7.686553014408658e-05,0.8750214576721191,0.5118891298770905,0.00882341587317903,0.00167070237740025,0.01247122853860704,0.0017310585894615167,0.015000728890299797,0.003467278555035591,0.0015734100015833974,0.011572999879717827,0.010735999792814255
3078,0.00046959953404747797,4.8328909707570276e-05,1.3066799640655518,0.6008588373661041,0.002223758502892586,0.0006299330106434048,0.004413397111541127,0.0004580708942297997,0.01505209505558014,0.0035273772664368153,0.00044550999882631004,0.0023880000226199627,0.003252999857068062
3079,0.00024801684701119853,4.621729795198677e-05,1.1735830307006836,0.6855004727840424,0.0026100015095054134,0.0015829177348539614,0.010445612053495028,0.0011529385966649146,0.013811943121254444,0.0036529703065752983,0.00010961999942082912,0.0034910000395029783,0.007335000205785036
3080,0.00041938782079255135,5.1474908416813644e-05,1.1980397701263428,0.6663115471601486,0.004472951966588878,0.0013197533673199133,0.009672281906963244,0.0010700335678588578,0.015182605013251305,0.0036169830709695816,0.00025233998894691467,0.0034149999264627695,0.009248999878764153
3081,0.00031746867407770105,5.854987762836524e-05,0.9586055874824524,0.7090902328491211,0.001437091077515881,0.002725553605797745,0.02298121298402754,0.0026278634925561567,0.012096635065972805,0.002925638109445572,0.0002871000033337623,0.006215999834239483,0.018290000036358833
3082,0.0006394486622384717,5.924905786594125e-05,1.3237731456756592,0.6121477484703064,0.005091038968452039,0.002365020342020878,0.017330339962250977,0.0022067102240000787,0.014787406660616398,0.0034971171990036964,0.0006759099778719246,0.006940999999642372,0.01547900028526783
3083,0.0008221924745207786,6.52379832447146e-05,1.4117151498794556,0.5565142333507538,0.007524447544253604,0.0028777315805202015,0.021100889635475926,0.0030020148087427628,0.014675859361886978,0.003481343388557434,0.0008247100049629807,0.006845000199973583,0.020702999085187912
3084,0.0010006957984322901,7.596994674293817e-05,0.7801801562309265,0.6319038346409798,0.0007955660659381003,0.002589718903997468,0.03163600787364112,0.00360040628407734,0.013148903846740723,0.002788133453577757,0.0010344099719077349,0.008255000226199627,0.02784399874508381
3085,0.0020933037550601237,0.0002355803292975172,0.9177824258804321,0.6553620994091034,0.2264307513430729,0.042030871165130226,0.0007853808868173486,0.02566659874605248,0.015005131252110004,0.00353700527921319,0.0021087098866701126,0.11793000251054764,0.07746100425720215
3086,0.0010262228356889825,7.01071504688446e-05,1.0629609823226929,0.6331982314586639,0.010236966785966169,0.002262781655408069,0.015649250130861568,0.002278173216783903,0.015104549005627632,0.003477628342807293,0.0012017099652439356,0.00887100026011467,0.01610799878835678
3087,0.0003341604958823847,4.304426377683645e-05,1.4548759460449219,0.5668869614601135,0.002637087003015113,0.0009618694518939652,0.00698915200888634,0.0007173285339674125,0.014630461111664772,0.003445593174546957,0.0002595999976620078,0.002346999943256378,0.006033000070601702
3088,0.0006207909612989545,5.46102242195318e-05,1.416872262954712,0.5561753511428833,0.0002472779417255688,0.0010096704741847672,0.011640975497611816,0.0009934912791877944,0.011587978340685368,0.002484072931110859,0.0006273100152611732,0.0031840000301599503,0.008431999944150448
3089,0.0005847640267520788,6.230307183082903e-05,1.0665119886398315,0.6823184788227081,5.626871907577249e-05,0.0005749105402888604,0.0208358250111138,0.0014750081560707881,0.013167918659746647,0.0019101761281490326,0.00046131000271998346,0.003930999897420406,0.017423000186681747
3090,0.0005902881203324439,5.854022480032364e-05,1.2080754041671753,0.6618460863828659,0.0020628036603532484,0.002135230091769145,0.0155348160184867,0.0017622127914196017,0.013217221014201641,0.0035260217264294624,0.0005781099898740649,0.00406600022688508,0.012497000396251678
3091,0.0008226173200825559,5.7725494450316744e-05,1.4979532957077026,0.4838443398475647,0.006362726075299715,0.0013784851667471751,0.010253142328315786,0.0012086951114998572,0.01503567025065422,0.003360743634402752,0.0008352100267075002,0.005032000131905079,0.00926399976015091
3092,0.0007610153777840345,6.229363172492226e-05,0.9385225772857666,0.6512380838394165,0.005943615581884734,0.0014130265045080143,0.009661827097193241,0.0012424364626738259,0.013453284278512001,0.0034116264432668686,0.0007687099860049784,0.006310999859124422,0.007865999825298786
3093,0.0008086283020581167,6.054104225558049e-05,1.3559584617614746,0.5635632276535034,0.007237226623657072,0.0014655488619137688,0.01007762065502001,0.0012868312080038255,0.014841806143522263,0.0035174405202269554,0.0008265100186690688,0.006845000199973583,0.009701000526547432
3094,0.0009106451007197602,6.895992488476817e-05,0.7390538454055786,0.6241333931684494,0.01215074293233015,0.002751082225142534,0.017194411861877187,0.002837453319526226,0.014158554375171661,0.0035968017764389515,0.0009808100294321775,0.009996999986469746,0.01925100013613701
3095,0.0004301637921050084,4.729756607929083e-05,1.347586989402771,0.6186698377132416,0.0026335338340531603,0.0008576903170860019,0.006029380919443357,0.0006427565781023025,0.013716643676161766,0.003405518364161253,0.00035238999407738447,0.0027020000852644444,0.004889999981969595
3096,0.002058907235290785,0.00011868777095579229,0.672221839427948,0.5841097980737686,0.027949355245871218,0.010239309428071523,0.06614874257789667,0.017783848348443643,0.014595991000533104,0.003294970840215683,0.0024024099111557007,0.03081200085580349,0.06474199891090393
3097,0.0004372889750041206,6.131318654468577e-05,1.3935081958770752,0.6111513376235962,0.00012047345647890927,0.0010711279729656395,0.04679910431271362,0.003679236652028524,0.016883665695786476,0.0018099546432495117,0.0003587499959394336,0.003501000115647912,0.0425880029797554
3098,0.00030790410547679284,4.923614651461156e-05,0.9722745418548584,0.7058276981115341,9.456385621017951e-05,0.000688297088257439,0.011428340199821864,0.0007491216414808296,0.011622820049524307,0.0020122695714235306,0.00019922999490518123,0.003602999961003661,0.008603000082075596
3099,0.00023869896314453176,4.8149287946692046e-05,1.2383140325546265,0.6739929467439651,0.00011743047742963598,0.0006998355036091514,0.014475817550646053,0.0008491782132258301,0.014562207274138927,0.00241796113550663,0.00020973000209778547,0.003957000095397234,0.01030999980866909
3100,0.0005964292700564671,6.25168255323676e-05,0.7970269322395325,0.6624699980020523,0.004183734822452942,0.002616568939524593,0.017317733750553482,0.0023810711790817193,0.012909915298223495,0.003524007275700569,0.0004899100167676806,0.004645999986678362,0.015278000384569168
3101,0.0009600610509661496,6.824049015926659e-05,1.0538156032562256,0.6031402051448822,0.004220960344777664,0.0013560889209216314,0.010538088020599428,0.0012673260046282674,0.01370030827820301,0.0034607993438839912,0.0009479100117459893,0.004989999812096357,0.009035000577569008
3102,0.0007710576818481495,6.382178304965375e-05,1.311985731124878,0.609536200761795,0.0042245999466567295,0.0024925795167937146,0.017938124219508918,0.002347804901107064,0.013500234112143517,0.0034357383847236633,0.0008258100133389235,0.007511999923735857,0.01586199924349785
3103,0.0010674985184677566,7.447805275251124e-05,0.9785897731781006,0.6479209065437317,0.009673322699493399,0.0035479235181554054,0.02417485969224721,0.004176766355645454,0.012857336550951004,0.003235114738345146,0.0012041099835187197,0.011886999942362309,0.022898999974131584
3104,0.00035064084865902873,5.0591226542238315e-05,0.9324537515640259,0.7064675539731979,0.0020493367176163723,0.0018798203320869674,0.012225984749335448,0.0013442590456986796,0.012590650469064713,0.003492103423923254,0.0002873399935197085,0.0034890000242739916,0.011017000302672386
3105,0.00044727678036057047,5.111975876168523e-05,1.083066701889038,0.6792750805616379,0.0025707152177353704,0.000948371888440784,0.006845882329750578,0.0007117380590872554,0.01318264752626419,0.0032693827524781227,0.0003675199986901134,0.0036140000447630882,0.004579999949783087
3106,0.0005958532765213693,5.479119173557815e-05,1.2417361736297607,0.6199414134025574,0.0038367722185120236,0.0009320037720399134,0.006184316585144345,0.0007223846248799147,0.013777950778603554,0.0034950426779687405,0.0006069099763408303,0.004379000049084425,0.005528000183403492
3107,0.0005247389295199766,5.08408224166929e-05,1.4823710918426514,0.5378822386264801,0.005665347042680687,0.0013025653833117737,0.009594240547979098,0.00110209308647727,0.015470771118998528,0.0033413441851735115,0.0005389099824242294,0.005255000200122595,0.009370999410748482
3108,0.001944288296955651,0.00010935168339379798,1.4238184690475464,0.5432523787021637,0.0016040418408873195,0.0056404373977218475,0.0779961693650463,0.014124888421380204,0.010740718804299831,0.0009391624480485916,0.0021306099370121956,0.020927000790834427,0.05065300315618515
3109,0.0005045015456662884,6.914489359970306e-05,1.358943223953247,0.6255110502243042,0.0009821875258748973,0.003691894650181299,0.04631638429659432,0.005119294168778293,0.014287778176367283,0.0026854141615331173,0.0005579100106842816,0.005628999788314104,0.04269900172948837
3110,0.0009157943348912986,8.184199275957917e-05,1.1781424283981323,0.6598766446113586,0.0005454098113365022,0.0032712176557774513,0.042064817607678745,0.005252140371663452,0.012304248288273811,0.0023191007785499096,0.0008625100017525256,0.006835999898612499,0.03592900186777115
3111,0.0005652833171555161,6.260298333988124e-05,1.0787986516952515,0.6838045418262482,0.0021129927383597316,0.003096439142108286,0.022181389625398402,0.003027967999233829,0.012037675827741623,0.003331526182591915,0.000530809978954494,0.007290999870747328,0.018629999831318855
3112,0.0011948251712179594,7.140424179486891e-05,0.6701008677482605,0.5328793525695801,0.005907364597095747,0.0018268291055127317,0.014361241711826527,0.0018329201142013602,0.013610363006591797,0.0033696736209094524,0.0011386099504306912,0.007946000434458256,0.012883000075817108
3113,0.0007773842345467624,6.807891441416646e-05,1.082561731338501,0.6747661083936691,0.008290054877921196,0.0036046793878209494,0.023875610374266824,0.003806176358626732,0.013048538006842136,0.0034507489763200283,0.0007029100088402629,0.011106000281870365,0.01894400082528591
3114,0.0004781188494948413,5.27637367527928e-05,0.669816792011261,0.6227067336440086,0.0014602558318203922,0.0013171381894099504,0.008675135978986896,0.0008744158076591647,0.012672379612922668,0.0035461457446217537,0.0004730100044980645,0.0029299999587237835,0.007443999871611595
3115,0.000525984294228692,5.555745084442716e-05,1.1447728872299194,0.662627562880516,0.0007279943677477149,0.0013263378492128336,0.012111590257802845,0.0010920801411231614,0.012378600426018238,0.0032479288056492805,0.0004863099893555045,0.0031840000301599503,0.008806000463664532
3116,0.0006328659519263068,6.86545121286075e-05,1.2724757194519043,0.6513056755065918,8.901806493727438e-05,0.0011399287526799558,0.0321448607958005,0.002537001243222309,0.01353156752884388,0.001978193409740925,0.000656810007058084,0.0048409998416900635,0.02651599980890751
3117,0.0005424789213279758,5.9765721954432226e-05,1.1078792810440063,0.680849239230156,0.009717238622428345,0.0027870975177354406,0.01779409764820652,0.002718367042561341,0.01464312244206667,0.0035006366670131683,0.000573110010009259,0.006829999852925539,0.021693000569939613
3118,0.0011608253506224411,8.234608819394592e-05,1.2547881603240967,0.6013033092021942,0.011280800308547986,0.005531794079703738,0.04126715411076586,0.00769327431656416,0.016122907400131226,0.0031491476111114025,0.0012718100333586335,0.008603000082075596,0.044533997774124146
3119,0.000755424375565413,9.29363035711617e-05,1.1013282537460327,0.6960948705673218,0.06345149153848255,0.015339380871420016,0.023685348033944998,0.019623685276673745,0.015245883725583553,0.003496455028653145,0.0007462099893018603,0.046248000115156174,0.043939001858234406
3120,0.0005055048630989557,4.85209036842005e-05,1.4237054586410522,0.5535842180252075,0.0027493284574919715,0.000552309830112294,0.003120711600955646,0.00039888720503659806,0.014088721945881844,0.0034639700315892696,0.00045031000627204776,0.0023980000987648964,0.0023499999660998583
3121,0.0004197817077246235,4.394821037428107e-05,1.5054832696914673,0.5223173201084137,0.0026209871943041574,0.0007331967480837624,0.0050836211927905075,0.0005369554208459232,0.014607316814363003,0.0035212812945246696,0.0003805599990300834,0.0026700000744313,0.004162999801337719
3122,0.0006062828259889617,5.444077347186333e-05,1.4663035869598389,0.5468991696834564,0.0016074453869029492,0.001787796145196638,0.013225004434756124,0.0014219848977670693,0.012280339375138283,0.0032100086100399494,0.0005571100045926869,0.0037589999847114086,0.009684000164270401
3123,0.0007153607193884968,6.068311152683021e-05,0.7769372463226318,0.6170593425631523,0.004396829255542613,0.0009841948753931372,0.006433585590220695,0.0007664207049268316,0.01391826942563057,0.0035147308371961117,0.000720410025678575,0.004290000069886446,0.007233999669551849
3124,0.0005048209825409343,6.057971330110281e-05,0.8381724953651428,0.6842638254165649,0.003262825983301587,0.0032027404232989726,0.020424585230890798,0.0027555849267274918,0.01182343065738678,0.0029822010546922684,0.0006439100252464414,0.007325999904423952,0.018059000372886658
3125,0.0006009243459138528,5.515444175303695e-05,1.3566172122955322,0.5940321385860443,0.008564247112287614,0.0015343972311831584,0.00913563330059968,0.0013101164669286156,0.014570101164281368,0.0035382057540118694,0.0005462099798023701,0.00901500042527914,0.006062000058591366
3126,0.00031757605096479035,4.363077676763471e-05,1.376882553100586,0.6126761734485626,0.002807306758484201,0.0009165270394672582,0.006668087840271839,0.0006797373324676278,0.014761735685169697,0.00350034236907959,0.00021657999604940414,0.002346999943256378,0.005508000031113625
3127,0.0005165380761819167,5.154392314546296e-05,1.2463628053665161,0.634547233581543,0.003309540966076305,0.0008877671746393972,0.0058894384949822,0.0006645606578922578,0.013662805780768394,0.0035086674615740776,0.00047261000145226717,0.003092000028118491,0.00585799990221858
3128,0.000801966464661058,6.115741343260304e-05,1.3723374605178833,0.5509753823280334,0.00028978057710451154,0.0011266110544076858,0.014245640929777217,0.0013007685654299501,0.011883290484547615,0.0024645556695759296,0.0007167099975049496,0.003261999925598502,0.01093599945306778
3129,0.0005398618499336842,4.587959232279701e-05,1.6548078060150146,0.39196228981018066,0.004022227923779677,0.0009656567432097781,0.007827204176424466,0.0007733574124595285,0.01605183631181717,0.0032380884513258934,0.0005186100024729967,0.003727999981492758,0.006426000036299229
3130,0.0010338890009508209,7.45146237078739e-05,0.6889534592628479,0.609431304037571,0.0002732835934929978,0.0018221825843983083,0.028390445460400607,0.003057732128060618,0.011560616083443165,0.0019211163744330406,0.0010917099425569177,0.006895000115036964,0.02194400131702423
3131,0.0008076513807913834,6.526619750686435e-05,0.928244411945343,0.6501113176345825,0.002098993017957381,0.002276077632623919,0.016247438887723554,0.002038864257322164,0.011795107275247574,0.00318716187030077,0.0008888100273907185,0.004290000069886446,0.015982000157237053
3132,0.0003847480858797473,5.345133700049344e-05,1.1864676475524902,0.6876591891050339,0.005788576960002741,0.0019235465092868867,0.013079024710439308,0.0016984676157454593,0.01413167454302311,0.0035183364525437355,0.00032684000325389206,0.005532999988645315,0.011986999772489071
3133,0.0007754469933014781,6.288651963653075e-05,1.0580238103866577,0.633144810795784,0.004159244984398044,0.0016005761834202762,0.01174327337918973,0.0014311238929677087,0.013126951642334461,0.003507950808852911,0.0008517099777236581,0.006041999906301498,0.01029600016772747
3134,0.0010441951266457112,7.104749244772488e-05,0.9061626195907593,0.6188536733388901,0.005013716672530411,0.0021523988581453263,0.016406943779603684,0.002220765556552833,0.013691523112356663,0.0036214524880051613,0.0009709100122563541,0.006829999852925539,0.015440000221133232
3135,0.001060747741749391,6.628535066978988e-05,1.292551040649414,0.5479307174682617,0.007981737919359501,0.0015846369311023488,0.010522000130346687,0.0014356365008752897,0.014339130371809006,0.0037712291814386845,0.0012074100086465478,0.007569999899715185,0.010276000015437603
3136,0.0007376329189076043,7.252534612085598e-05,1.2277159690856934,0.6578630357980728,0.00014348207459507803,0.0015820715451235182,0.06336164983433135,0.006010375616520982,0.016269614920020103,0.0017783213406801224,0.0006804100121371448,0.011944999918341637,0.04985800012946129
3137,0.0005317068373196003,5.449476856684204e-05,0.7333544492721558,0.6355305388569832,0.0012912931778391505,0.0014489148407849457,0.010528075723983088,0.001065873774534853,0.012054670602083206,0.0031571658328175545,0.0004433100111782551,0.003593999892473221,0.008340999484062195
3138,0.00029644237156796596,4.851935596756531e-05,1.1399714946746826,0.691907599568367,0.0019728389289362692,0.0019259568521628866,0.013076946233540932,0.0014196515511548918,0.013112916611135006,0.0036080344580113888,0.00024117999419104308,0.003932000137865543,0.01012600027024746
3139,0.0008942411266441457,6.626909209899112e-05,1.2071738243103027,0.5813626646995544,0.0031128595964414084,0.0012614543909604788,0.010102813459911519,0.0010795346946364014,0.014361288398504257,0.003588130697607994,0.0009606099920347333,0.004844999872148037,0.0071760001592338085
3140,0.0006147154323091418,5.46690360721028e-05,1.534644603729248,0.49845579266548157,0.005282196582974997,0.0018989052917620845,0.015102290370687627,0.0017087025085009335,0.015556110069155693,0.0034425081685185432,0.0005459099775180221,0.006041999906301498,0.012474999763071537
3141,0.0014476532791187291,0.00010073950555086221,1.6994469165802002,0.3457173705101013,0.05601269716877354,0.01265681435191375,0.07072025368472558,0.01976864770757375,0.017100965604186058,0.002505045849829912,0.0015982099575921893,0.04366099834442139,0.055285997688770294
3142,0.0007892314791296991,6.223000480420156e-05,0.32118040323257446,0.38018257915973663,0.00709042463193465,0.0020363459074502193,0.01382832952419964,0.0018275873656860868,0.013145358301699162,0.003498450852930546,0.0008563100127503276,0.007637999951839447,0.013892000541090965
3143,0.0004027959864603823,6.14377223892382e-05,1.099153757095337,0.6987819671630859,0.004272156783669761,0.0040183368307430125,0.025689757120506904,0.00381035451905618,0.013601581566035748,0.003493445459753275,0.0003908300132025033,0.009607000276446342,0.020117999985814095
3144,0.000987286995616336,6.943662691670396e-05,1.0867021083831787,0.6231582760810852,0.007603242633897655,0.0026725554845107684,0.019202071544964,0.0028372942371832615,0.013805747963488102,0.003486477769911289,0.0010876100277528167,0.011436999775469303,0.01498700026422739
3145,0.00031602731877308565,4.86769595492487e-05,1.0095316171646118,0.700914278626442,0.0030688264736036456,0.0014407745219932712,0.00996547405840979,0.0011113479096684165,0.013928566128015518,0.0035622427240014076,0.0002568399941083044,0.0034149999264627695,0.009708999656140804
3146,0.0006202564743726566,6.340802446663552e-05,0.7127478718757629,0.645918183028698,0.006486704534327941,0.0031514021398655412,0.02005849879084405,0.003118676198061993,0.01291415374726057,0.003480156883597374,0.0005810100119560957,0.005255000200122595,0.02145799994468689
3147,0.0004295839604406856,6.381858806305183e-05,0.8561707735061646,0.7031265944242477,0.006051027389387345,0.004792802953750126,0.026189685221114915,0.00460662589854563,0.012706753797829151,0.0033904886804521084,0.00031659999513067305,0.006829000078141689,0.02627900056540966
3148,0.0006718029360979972,6.344522150209875e-05,0.7526501417160034,0.6508332714438438,0.005382174155769096,0.0028973011773684816,0.01909840756657336,0.002754031757588798,0.014034245163202286,0.0036964602768421173,0.0006680099759250879,0.007215000223368406,0.017262998968362808
3149,0.0009322676106955304,5.8282906042517754e-05,1.6189117431640625,0.3949776887893677,0.007993849650442206,0.0016246658310926604,0.013447479476063876,0.0015345690198364367,0.016013819724321365,0.0031278198584914207,0.0010095100151374936,0.010347999632358551,0.008162000216543674
3150,0.000995466408163416,7.60988847249923e-05,1.033003568649292,0.6660803854465485,0.011488255796922855,0.003872537276448116,0.026019685215648167,0.004413728117375358,0.01406801026314497,0.00370619585737586,0.0010280100395902991,0.011989000253379345,0.02621600031852722
3151,0.00045507398421804627,4.947295268808695e-05,1.1590838432312012,0.6636503040790558,0.0031168301802330565,0.0006093340025157537,0.003694546607070714,0.00045084845657105007,0.014952294528484344,0.003547999542206526,0.00043260998791083694,0.0034890000242739916,0.0025059999898076057
3152,0.002919393872736537,0.0001468643515547569,0.9442465305328369,0.6178054511547089,0.06356672089313087,0.017791880744346986,0.10325704947481744,0.03389088287779228,0.016004513949155807,0.002745389472693205,0.003267809981480241,0.04736600071191788,0.0979200005531311
3153,0.0006342014909546291,6.457455606761033e-05,0.7868999242782593,0.6550324633717537,0.0032969269272707566,0.0032889430637509055,0.022621853664279427,0.0030404887353126155,0.012178068980574608,0.003109624143689871,0.0005341100040823221,0.0048859999515116215,0.024041999131441116
3154,0.0008504399063433101,6.135923509124013e-05,1.4198256731033325,0.537144273519516,0.004668184027262884,0.0016751437248027279,0.013113696670550548,0.0015817950711772546,0.013352561742067337,0.0033089369535446167,0.0009461099980399013,0.00585100008174777,0.011447999626398087
3155,0.0005982706102164553,6.659429948211246e-05,1.1056032180786133,0.6877378970384598,0.012889955756907514,0.0038754937090735037,0.025913513234325385,0.004307262190308907,0.015607398003339767,0.0033346102572977543,0.0005414100014604628,0.011572999879717827,0.026381000876426697
3156,0.0002811595977348544,5.7895605918471295e-05,0.9589329361915588,0.7072920799255371,0.00016401589950983708,0.0012596473195071163,0.02085348771271137,0.0014928959995642848,0.011880408972501755,0.0021143220365047455,0.000152470005559735,0.0025480000767856836,0.018811000511050224
3157,0.00022127206846670171,4.730600099904907e-05,1.1148260831832886,0.7090003043413162,0.00286398468766848,0.001949419695439019,0.012219016521505649,0.0014724163195386619,0.013583368621766567,0.00358263636007905,0.0001746500056469813,0.0032240001019090414,0.01150600053369999
3158,0.0007703532184686427,6.130924707093186e-05,1.4574368000030518,0.5347656905651093,0.00011790533092109898,0.0008276126021561123,0.01960986068408937,0.001439336716656853,0.013707362115383148,0.00207327539101243,0.0008169100037775934,0.003788999980315566,0.01680300012230873
3159,0.00037603041071568625,6.564739511723448e-05,0.9888821840286255,0.7147115468978882,0.0002020164716928534,0.0018304857731148982,0.03155896406125099,0.0026615428262053986,0.011855179443955421,0.0019860039465129375,0.00031766999745741487,0.006479000207036734,0.02612600103020668
3160,0.0009826793997539393,6.988510446659033e-05,0.7133752107620239,0.5997369810938835,0.009986624843092646,0.002419909746245143,0.016052482560322653,0.0024450220538785065,0.01430817786604166,0.0035921838134527206,0.0010200099786743522,0.009607000276446342,0.017470000311732292
3161,0.0006318293753077141,6.73061910947784e-05,0.9373945593833923,0.6918715238571167,0.012188386073637387,0.0040198070717280595,0.02636348052878252,0.004587700915558145,0.015197966247797012,0.0033545992337167263,0.0006167099927552044,0.010754000395536423,0.027871999889612198
3162,0.0004572544270553133,5.305676482532428e-05,1.0423009395599365,0.6945957690477371,0.0019458878802038368,0.0014889282633225196,0.010224360732340499,0.001071177886897568,0.012430508621037006,0.0032281498424708843,0.0004223099967930466,0.0032240001019090414,0.009178999811410904
3163,0.0026756699247130885,0.0001644946172620434,0.8265493512153625,0.6388395875692368,0.019797538209955216,0.039853669051789435,0.43034867895652174,0.1425304195553964,0.01808863878250122,0.0014666318893432617,0.0031887099612504244,0.10227999836206436,0.17301398515701294
3164,0.0006146540165828223,5.5864855344934454e-05,1.2203636169433594,0.6262983977794647,0.005639901072984817,0.001097517048733568,0.006752023077802215,0.0008634010374197624,0.014299244619905949,0.003549671731889248,0.0006388099864125252,0.003751999931409955,0.008565999567508698
3165,0.0009587058998350583,6.913083701493223e-05,0.9510213136672974,0.6223839223384857,0.005013036869523665,0.0018438959901611227,0.014575211621502167,0.0017862452156963077,0.013978661969304085,0.003522478509694338,0.0009193100268021226,0.006279999855905771,0.013174000196158886
3166,0.0007687554404634348,6.066057734326996e-05,1.177965521812439,0.6157644391059875,0.006889371249268009,0.0011976299087604475,0.007703105059659541,0.0009946464172156753,0.015316277742385864,0.0034809219650924206,0.0007585100247524679,0.006845000199973583,0.006943999789655209
3167,0.0010241910664259316,7.159298185993644e-05,0.692405104637146,0.6096238195896149,0.0050354610593108294,0.002865581449367784,0.02231735423472903,0.003212579751543052,0.01156735047698021,0.002433852758258581,0.0010490099666640162,0.008511999621987343,0.019414998590946198
3168,0.0010128995042325408,7.137165495367482e-05,1.5191271305084229,0.49028778076171875,0.011895892053231615,0.003996656885664768,0.030406616171219182,0.0046490147369129455,0.015857813879847527,0.0033251079730689526,0.0011484100250527263,0.010479000397026539,0.028909999877214432
3169,0.0006075759418136867,4.7245815714013764e-05,1.614953637123108,0.41845107078552246,0.0034099853555560173,0.0007236428830862927,0.004921026482655272,0.0005534215785872039,0.013667726889252663,0.003318400587886572,0.000523709983099252,0.0034910000395029783,0.0027620000764727592
3170,0.00047137241357813,5.093446589810041e-05,1.1037092208862305,0.6785241663455963,0.0038209675329685107,0.0009041763732747447,0.006206103629152181,0.0007013842278846207,0.01520554255694151,0.003584202378988266,0.00036959999124519527,0.0037589999847114086,0.00496899988502264
3171,0.00045247425336279674,4.681034320926547e-05,1.5657069683074951,0.47701743245124817,0.00423528415145105,0.0012423805038847516,0.009218882666201866,0.0010101347118266317,0.015100616030395031,0.0033854390494525433,0.00045990999205969274,0.005297999829053879,0.007178999949246645
3172,0.0005873920319902725,6.023313326587433e-05,1.1616638898849487,0.6733509302139282,0.0026675373319848907,0.002669427061920342,0.01818730071391301,0.0023670417206482636,0.012422474101185799,0.0032664272002875805,0.0006372099742293358,0.005818000063300133,0.013929000124335289
3173,0.00044781116098666605,5.7015163976938414e-05,0.9478363394737244,0.701296478509903,0.00495776067927345,0.002717447772977102,0.0171199506013114,0.002400797701138941,0.013666275888681412,0.0036707217805087566,0.0005269100074656308,0.007290999870747328,0.01436999998986721
3174,0.0037790701067633367,0.0001923965624257549,0.9510356187820435,0.6033144742250443,0.08458684711044558,0.021204875579379757,0.093987381139585,0.04056046431418025,0.014622128568589687,0.002941691782325506,0.004318709950894117,0.05892999842762947,0.1222819983959198
3175,0.0007233020348492061,6.344460127963406e-05,1.5062193870544434,0.5190303921699524,0.005070847025445188,0.003305698165642845,0.023820950435199915,0.003079669034156291,0.015161395072937012,0.0035664555616676807,0.0008444099803455174,0.008473999798297882,0.01995299942791462
3176,0.0006370327895231107,5.839491655060665e-05,1.1042120456695557,0.6491526365280151,0.0024336259842442903,0.0012444603619001073,0.009042357263016311,0.000967628272751867,0.01394882332533598,0.00370614230632782,0.0006076099816709757,0.003092000028118491,0.007350000087171793
3177,0.0006863474695759177,6.241599623256933e-05,0.7463827133178711,0.6485395804047585,0.004464375572012636,0.0013302726227126626,0.00966433628156187,0.001129399769796249,0.013657374307513237,0.0033925105817615986,0.0006860099965706468,0.0034149999264627695,0.010955000296235085
3178,0.0002713610411047881,5.014226135832178e-05,1.234989881515503,0.6801170408725739,0.005081542470703971,0.002361856630022274,0.01609702964059533,0.002121597022201737,0.01552161667495966,0.003556208685040474,0.00017174999811686575,0.005140000022947788,0.01565299928188324
3179,0.0007656685919567723,5.9713443388812295e-05,1.4118828773498535,0.5413497686386108,0.004544820318914183,0.0013609722814702451,0.010968290890711878,0.001189343705520196,0.015244312584400177,0.0034085530787706375,0.0007753099780529737,0.006982999853789806,0.007033000234514475
3180,0.0004666047195226206,5.7328888628403925e-05,1.387112021446228,0.6224351823329926,0.0048477391789272855,0.0030282874142594915,0.019889491549902404,0.0026873027990943453,0.014592526480555534,0.0036408123560249805,0.00045260999468155205,0.007805999834090471,0.01750500127673149
3181,0.0006727961258074404,5.9648495426191535e-05,0.9713252782821655,0.6633606553077698,0.007517209797854043,0.0012500766914210113,0.0065604896473918746,0.0010071262609878647,0.01382385939359665,0.0034514949657022953,0.0006242099916562438,0.007946000434458256,0.004356000106781721
3182,0.0007941518205682582,6.488702299403313e-05,0.8711859583854675,0.6545519083738327,0.007939321207102262,0.002159908182403855,0.014461281988247084,0.002066411526511488,0.013491442427039146,0.003467037808150053,0.0009442099835723639,0.008363000117242336,0.013310999609529972
3183,0.0006149230088793306,5.677358331139466e-05,1.2232425212860107,0.6399502158164978,0.002106266252822763,0.0012360728218808376,0.008384306752938093,0.0009126098664383568,0.012885763309895992,0.0032849572598934174,0.0005165099864825606,0.003003000048920512,0.006311000324785709
3184,0.0007219821631313877,5.5669072598066446e-05,1.3973299264907837,0.5274617075920105,0.00315280450536058,0.0010540152987568178,0.008116918115655214,0.0008466786803735605,0.01492354366928339,0.003618590533733368,0.0006469099898822606,0.0036140000447630882,0.0056929998099803925
3185,0.0026482826450877303,0.0001479731663416588,1.171691656112671,0.6150776743888855,0.009044372897963298,0.011933195484317288,0.12874559819136297,0.030997829856409843,0.014894254505634308,0.002263049129396677,0.0030083099845796824,0.030215999111533165,0.08180999755859375
3186,0.0003773242818205072,5.887232382003317e-05,0.8335526585578918,0.6948168873786926,0.00015160745859583627,0.0010180891051753832,0.018740652591876194,0.0013197988857766747,0.012220439501106739,0.0022517205215990543,0.0002830600133165717,0.003957000095397234,0.01674799993634224
3187,0.0008005663318185743,6.333541286556447e-05,0.7721915245056152,0.6176410466432571,0.005569448310522489,0.001109922511244723,0.007283289547326775,0.0009171060500901907,0.014078806154429913,0.00340780196711421,0.0007628099992871284,0.004689000081270933,0.006874999962747097
3188,0.0010568422851131905,6.574818755049913e-05,1.3834996223449707,0.5110440254211426,0.006856789923761731,0.001425984700575604,0.011618703042553455,0.0013506205971899428,0.01606675796210766,0.003212942276149988,0.0012102100299671292,0.006982999853789806,0.010021999478340149
3189,0.0009581397580726319,8.343421145518487e-05,1.4388020038604736,0.5564780235290527,0.0010016719394330218,0.003658659547191128,0.04400842767352103,0.0054544521171464265,0.013061841949820518,0.002723237033933401,0.0009491100208833814,0.007381000090390444,0.03807700052857399
3190,0.0008473199240113416,7.715838758749787e-05,1.060637354850769,0.6708687096834183,0.0076397189675614955,0.0056228553055161215,0.032710428011381056,0.0060181342846027976,0.013341758400201797,0.003590939100831747,0.0008681099861860275,0.008844000287353992,0.029774999246001244
3191,0.0006430171145618123,5.843550867491471e-05,1.4543360471725464,0.552796870470047,0.013476312717165121,0.002420748577335088,0.015152703879384083,0.002376970174150877,0.01595035195350647,0.003265197854489088,0.0007110100123099983,0.011126999743282795,0.016266999766230583
3192,0.00045558616589010066,5.1495809754815996e-05,1.0511550903320312,0.6928109228610992,0.0019242097246222494,0.001414969009273965,0.009128018278807106,0.0009522551099082222,0.0140640027821064,0.0038372986018657684,0.00039821999962441623,0.003003000048920512,0.006353000178933144
3193,0.0004485125966206154,5.257037659888919e-05,0.7414531111717224,0.6705611050128937,0.0028943239365007618,0.0010442526584161338,0.007358270535094945,0.0008032629571070394,0.012902772054076195,0.00331130251288414,0.00043400999857112765,0.0030610000248998404,0.0073460000567138195
3194,0.0005829264938407818,5.0086671328502847e-05,1.4806835651397705,0.5089429020881653,0.003025525844410519,0.0009323336504833716,0.006859410331298653,0.0007073879631265458,0.014727386645972729,0.0036145462654531,0.0005560099962167442,0.0036140000447630882,0.004421999678015709
3195,0.0008207741517612293,7.262104412590511e-05,1.5013014078140259,0.5310648679733276,0.006505341381449096,0.004585453423011665,0.028218720888013162,0.004702706865873603,0.013881370425224304,0.003695405088365078,0.0008955100202001631,0.004480000119656324,0.028738999739289284
3196,0.0018412009672881184,8.374212205205112e-05,1.6219359636306763,0.3818829655647278,0.037734582532121544,0.005646485512567783,0.032412160024929436,0.0071688488633874625,0.016229353845119476,0.003104402218014002,0.0021111099049448967,0.03675200045108795,0.022454001009464264
3197,0.0005931284762193668,5.661874243152021e-05,1.441780686378479,0.5668772459030151,0.00330316445702955,0.002519837433272519,0.016134958183763027,0.0020724802821884694,0.013213268481194973,0.003592338878661394,0.0006069099763408303,0.006895000115036964,0.01158900000154972
3198,0.0014779179240117346,8.239923335317384e-05,1.0177322626113892,0.6095873564481735,0.00126377577660955,0.002990101655265126,0.031677317382549655,0.004915801658044049,0.011540170758962631,0.0024414476938545704,0.00146030995529145,0.009607000276446342,0.026123998686671257
3199,0.0006736713176928043,5.910592831676498e-05,1.2739007472991943,0.6180736422538757,0.002586296081003353,0.0020411505929571355,0.013676568625910159,0.0015999897570984608,0.013208471238613129,0.0034622922539711,0.0006411100039258599,0.003386999946087599,0.01252800039947033
3200,0.0006410831017827149,5.687672133630051e-05,1.3262032270431519,0.6057443916797638,0.00606484558510673,0.001626292427885703,0.011011023225159813,0.0014273173472819905,0.013581475242972374,0.003408517222851515,0.0007065099780447781,0.0046629998832941055,0.010750999674201012
3201,0.0005357394159974498,5.5991882474042896e-05,0.9982969760894775,0.6768641024827957,0.005411864807903407,0.0013369840549537345,0.009173466386807414,0.001099782890266277,0.014857213944196701,0.003556622192263603,0.0005603100289590657,0.005297999829053879,0.008555999957025051
3202,0.001023897609039944,7.032472733064474e-05,1.0957281589508057,0.6106048077344894,0.004884457205845533,0.0025133772420748326,0.01903926120544462,0.002679113743527771,0.013126775622367859,0.0034279972314834595,0.0010968099813908339,0.006895000115036964,0.016154000535607338
3203,0.00046014224091669856,4.976943674174741e-05,1.37373685836792,0.5993670225143433,0.0014600017309182927,0.001432150356741323,0.01051998726220781,0.0010173185963934092,0.013256439939141273,0.003432029392570257,0.00042801001109182835,0.0034910000395029783,0.00829899962991476
3204,0.00031311212275155945,4.724883036275949e-05,1.1732516288757324,0.6818534135818481,0.003817451424246096,0.0012335552574818565,0.00863598186756042,0.000983970664527556,0.01376894861459732,0.0034145847894251347,0.00023627000337000936,0.004251000005751848,0.008012999780476093
3205,0.0005265418854963815,5.451307876550921e-05,1.361100435256958,0.6007374227046967,0.0063719857726612416,0.0017666032946772195,0.012423224898133321,0.0015586839846803372,0.01505357213318348,0.0035829665139317513,0.0004646099987439811,0.005140000022947788,0.012234000489115715
3206,0.0004716089919856591,5.134079611275992e-05,1.2616181373596191,0.640497624874115,0.005083880743966344,0.0012840333767152666,0.008997934116653835,0.001057701270925522,0.01504202838987112,0.0035002296790480614,0.0004800099995918572,0.00661499984562397,0.004931999836117029
3207,0.0006388903951846255,6.551406738138489e-05,1.229702115058899,0.6518959701061249,0.018565149631403655,0.004138355029377389,0.02345254750728867,0.00447699964040354,0.015593115240335464,0.0034365751780569553,0.0007307099876925349,0.013365999795496464,0.03189599886536598
3208,0.003541235085698956,0.00018590022865388068,1.4924187660217285,0.49567630887031555,0.0017905371314994782,0.02201636837874714,0.46655060965814515,0.0974653006465035,0.017324820160865784,0.0013014180585741997,0.004111710004508495,0.06829199939966202,0.22128500044345856
3209,0.0008320073318134508,6.167906619127547e-05,1.600359559059143,0.4324348568916321,0.009470703831866387,0.0025839162561031204,0.023052858313250477,0.002837107973781172,0.016427531838417053,0.002902093343436718,0.0009283099789172411,0.008553000167012215,0.020961999893188477
3210,0.000740944275862025,7.45889829888689e-05,1.4400756359100342,0.5586493909358978,0.00027173939437056144,0.002559981610503851,0.09126161858411339,0.010037760190636513,0.017302976921200752,0.0017142300494015217,0.0007360100280493498,0.009171999990940094,0.08103000372648239
3211,0.0004670534647157763,5.6508749569029304e-05,1.0609407424926758,0.6954089999198914,0.00044594080165595936,0.001573766080866481,0.01811116436793787,0.0016116119212960054,0.01189835648983717,0.0024817921221256256,0.00037274000351317227,0.003930999897420406,0.014591999351978302
3212,0.000825481825127325,6.569511290712722e-05,0.5748186707496643,0.5588580369949341,0.004608996785797333,0.0021342120815090733,0.016068463123884935,0.0019325113973468096,0.013751253485679626,0.003604886122047901,0.0007802100153639913,0.005861999932676554,0.014305999502539635
3213,0.0006522932328489545,6.313340567830529e-05,1.2180638313293457,0.660247877240181,0.006313928280626856,0.0030524571705787314,0.019839883377026128,0.0029468066071820804,0.014636009000241756,0.003656159620732069,0.0006780099938623607,0.009424000047147274,0.01558700017631054
3214,0.00045958204402992016,6.56407539505327e-05,0.7575523257255554,0.6773926839232445,0.016630440555747996,0.0043169357043367565,0.022215639832742006,0.004677252545034587,0.014081252738833427,0.0035456903278827667,0.0003064500051550567,0.011106000281870365,0.026822000741958618
3215,0.0004727793910256283,5.0297585930440434e-05,1.2237005233764648,0.6487843543291092,0.0026483858705725217,0.0008959814187976761,0.006320364853219759,0.0006750805506530117,0.013689251616597176,0.0034605287946760654,0.00037495000287890434,0.0029299999587237835,0.0044999998062849045
3216,0.0006504209379044126,6.129142114385026e-05,1.3277043104171753,0.605325847864151,0.0029406665256262276,0.0028667394107844387,0.019680274115806907,0.0025894619088049995,0.013225320726633072,0.0035800645127892494,0.0006729100132361054,0.003930999897420406,0.019693000242114067
3217,0.0006013322343615218,5.716028104025986e-05,0.5929633378982544,0.5739272087812424,0.001810339585345466,0.001743864578079981,0.012555759213432206,0.0012888865884640869,0.012288513593375683,0.00319490535184741,0.0004939099890179932,0.004000999964773655,0.009654000401496887
3218,0.0007097987887570945,5.7931607345801904e-05,1.4933751821517944,0.49839887022972107,0.006351711700896042,0.0017294862426230962,0.01428184521021485,0.0016051741442940177,0.01611385866999626,0.0033401818946003914,0.0007400100002996624,0.004821000155061483,0.014910999685525894
3219,0.0015570325694055276,8.781253395227708e-05,1.3549588918685913,0.5444873571395874,0.018757100390471366,0.005953613573878638,0.04117240738053162,0.008696588713474788,0.015714630484580994,0.0033192303963005543,0.0016568100545555353,0.017250999808311462,0.0376180000603199
3220,0.0007829928930341628,6.385040044276419e-05,1.0412713289260864,0.6488944441080093,0.006293134114902278,0.0018924947696776747,0.01358487626059202,0.001773906784504906,0.014149636961519718,0.0035317856818437576,0.0008043100242502987,0.007946000434458256,0.011535000056028366
3221,0.0008790852640967328,6.157337381928243e-05,1.333917498588562,0.5619631707668304,0.009772232939621615,0.0015133313238190902,0.009353383112104102,0.0013212617650155524,0.015575076453387737,0.0033695907332003117,0.0009291099850088358,0.009417999535799026,0.007964000105857849
3222,0.00028592152588243755,5.750367724696396e-05,0.9717425107955933,0.708698034286499,0.0029141913865686087,0.0034072222861954867,0.02249284876292503,0.0031519707923213687,0.011820846237242222,0.0030792229808866978,0.000212180006201379,0.00953499972820282,0.011687999591231346
3223,0.000620600141936461,5.83540900060819e-05,0.653551459312439,0.6045383661985397,0.003298592496198477,0.0012309521185253605,0.008959324695747194,0.0009739183372434578,0.013666551560163498,0.0035070255398750305,0.00051660998724401,0.00343300006352365,0.00804699957370758
3224,0.0006809322369337962,5.629260672318552e-05,1.405431866645813,0.5662111937999725,0.003045210410024561,0.0012884158561403457,0.009870241606603934,0.001050190247666582,0.014369002543389797,0.0035430267453193665,0.0006860099965706468,0.003727999981492758,0.008069000206887722
3225,0.0005247985635405884,5.5173895797018454e-05,0.8754719495773315,0.666695311665535,0.002913468353088754,0.0015262674769167621,0.01121961971765896,0.001199340997202221,0.014479191973805428,0.00373257277533412,0.00047540999366901815,0.003711000084877014,0.009327000007033348
3226,0.0005812038463675362,5.739086842594947e-05,0.9416095018386841,0.6757989227771759,0.005570448206212607,0.0013941611009822869,0.009748142759757277,0.001164644045407945,0.014635156840085983,0.0037533664144575596,0.0005615099798887968,0.004989999812096357,0.00954899936914444
3227,0.00045597825260104447,5.691691311388868e-05,0.7376788854598999,0.6659603714942932,0.008192728161329786,0.002039011364125087,0.012480128666091404,0.001828782507628998,0.013285541906952858,0.003469992894679308,0.0005059100221842527,0.006279999855905771,0.014818999916315079
3228,0.0006235076213188065,5.991576774963943e-05,1.446263074874878,0.5665687620639801,0.008053057467260446,0.003042343508768679,0.020935019979864185,0.0030476747240589398,0.014680298045277596,0.0035215038806200027,0.0006261100061237812,0.006829000078141689,0.021503999829292297
3229,0.001117444287439797,7.710112790370444e-05,1.0389702320098877,0.6508404463529587,0.001251855514729099,0.0029861950736890836,0.033996451024241196,0.004770870422687829,0.011293322779238224,0.0019141240045428276,0.001210410031490028,0.008603000082075596,0.02806999906897545
3230,0.0015799746599788288,8.65476235101944e-05,0.5614132881164551,0.5253097042441368,0.018053633308451063,0.005412017161491635,0.03380787899314565,0.007256762323750885,0.013826096430420876,0.003394302912056446,0.0017846099799498916,0.014626000076532364,0.039378002285957336
3231,0.0002803104101842737,4.977088103679633e-05,0.9736427068710327,0.704400971531868,0.0009694683644573881,0.001683585601106364,0.014670471201367084,0.0014095356780185293,0.01164848543703556,0.0027453619986772537,0.00019777999841608107,0.0037589999847114086,0.012128999456763268
3232,0.00041477255403034487,5.980757852332491e-05,0.9519131183624268,0.7124054133892059,8.916675089813446e-05,0.0008461686151389873,0.030094574468479195,0.002065347154341351,0.015590926632285118,0.0019462904892861843,0.0004210099868942052,0.003932000137865543,0.026715001091361046
3233,0.0009144469464103573,6.551847910049146e-05,1.2714914083480835,0.598153829574585,0.006133249604381378,0.0018356809946862935,0.013909827767140302,0.0017707533781921823,0.014342802576720715,0.0035011335276067257,0.0009736099746078253,0.006738999858498573,0.011978999711573124
3234,0.0008068948793310088,6.878116337303165e-05,0.8857489824295044,0.6770647466182709,0.011862026964759456,0.0034107029171042205,0.021900377362104935,0.003669602311614969,0.014346914365887642,0.003637352492660284,0.0008714100113138556,0.01095999963581562,0.021699000149965286
3235,0.00040521504899989957,5.483159216260224e-05,0.9104357361793518,0.6946268826723099,0.004212471650376353,0.0020594632841160862,0.013263863823211288,0.0017205398231779296,0.013256246224045753,0.0036043282598257065,0.00036515999818220735,0.0033629999961704016,0.013710999861359596
3236,0.0007720267882263545,7.22239603260202e-05,1.288564920425415,0.6239927709102631,0.0002400311578637884,0.0017800788788995224,0.031545877578649795,0.0031038086943780564,0.011793144978582859,0.0019098306074738503,0.0006811100174672902,0.004734000191092491,0.029458999633789062
3237,0.0010304042488859134,6.704104220054579e-05,1.2927916049957275,0.5375219583511353,0.004512701301886447,0.0013222986318245798,0.010496528391574271,0.001221508540187385,0.014416782185435295,0.0034194919280707836,0.0010915100574493408,0.005921000149101019,0.00862099975347519
3238,0.0005149974814998372,5.445979873655251e-05,1.5033682584762573,0.5298908352851868,0.007917306385985487,0.0022921104081113277,0.017066233370502507,0.002149046929299572,0.015953674912452698,0.0033776345662772655,0.0004491099971346557,0.009379000402987003,0.014170000329613686
3239,0.0006162744736741037,5.532813446591019e-05,1.2655103206634521,0.6127721071243286,0.0026939832300286004,0.0011332772470775635,0.008360984597865266,0.0008964110230402461,0.013502364978194237,0.0034830281510949135,0.0005268100067041814,0.003501000115647912,0.007322000339627266
3240,0.0009055432125434597,5.735111950669764e-05,1.5775136947631836,0.4202119708061218,0.0057462893812382865,0.0012058228809861179,0.009121986918798897,0.001044490541485395,0.0150168901309371,0.0034519797191023827,0.0010233100038021803,0.006951000075787306,0.00658200029283762
3241,0.001043775025328512,7.569735571084436e-05,1.1157759428024292,0.6457325965166092,0.006386105679960867,0.0037604494279200322,0.02632847189984639,0.004228629623589917,0.013523467816412449,0.0035473634488880634,0.0011859099613502622,0.010379999876022339,0.022746998816728592
3242,0.0009445064860180251,6.87282400905252e-05,1.6845026016235352,0.363349974155426,0.006805050975069352,0.00391896530491477,0.029536033562926903,0.004067334102895689,0.01597893238067627,0.003396864514797926,0.0010920099448412657,0.010379999876022339,0.02396100014448166
3243,0.0005738909223370231,5.154605225847546e-05,1.6302225589752197,0.42289113998413086,0.005868457064630234,0.0017312861491099677,0.013761678199322,0.001529983869083885,0.01574380323290825,0.003364059142768383,0.0006078099831938744,0.004689000081270933,0.01180100068449974
3244,0.0008550135168208033,8.315333109181698e-05,1.4868364334106445,0.5229237675666809,0.00622028961797586,0.006582525910364374,0.053119232795414466,0.008665967119516869,0.014711967669427395,0.003151753917336464,0.0009358099778182805,0.0061160000041127205,0.051291000097990036
3245,0.0005365249702179152,5.749702449862944e-05,1.159850001335144,0.6746420115232468,0.008746613445241943,0.002009666602868396,0.013095157590896585,0.0018573737327101806,0.014924180693924427,0.003448896575719118,0.00038216999382711947,0.007381000090390444,0.012848000973463058
3246,0.0011308041755864408,6.850608598676043e-05,1.593171238899231,0.4129260778427124,0.010726943029018025,0.0027979774415003915,0.022898096699027776,0.003089652753425435,0.015766140073537827,0.0032232138328254223,0.0013156100176274776,0.009309000335633755,0.021953999996185303
3247,0.0006931397244122545,6.2241583477123e-05,0.8826949000358582,0.6648962199687958,0.0006448904005255984,0.0014594540941793197,0.014571447408467723,0.0013763685286744551,0.011733433231711388,0.0027694334276020527,0.0006330100004561245,0.0036140000447630882,0.01206399966031313
3248,0.0005792811347679344,5.746537139298736e-05,1.063423991203308,0.6743890345096588,0.004726971221059392,0.0015781217633025766,0.01162792352301502,0.0013442697157849464,0.014023888856172562,0.003436711151152849,0.00047880999045446515,0.004689000081270933,0.010209999978542328
3249,0.0005120933727168488,7.471798124964517e-05,1.076772689819336,0.7078256905078888,0.004325662269983637,0.005616051697285125,0.041435265754167463,0.006730637129537996,0.012900637462735176,0.0032446016557514668,0.0004184099962003529,0.005047000013291836,0.03740599751472473
3250,0.0008157882826371547,6.304583351738442e-05,1.2222110033035278,0.6232829391956329,0.008663385410706964,0.00210966533285951,0.014161397691519455,0.0020335412831137146,0.014151027426123619,0.003452287521213293,0.0008932100026868284,0.007805999834090471,0.01271199993789196
3251,0.00045757735675133445,6.156792283242479e-05,1.2344117164611816,0.6655267626047134,0.002105787600640892,0.002973836619797571,0.025311898670843113,0.002953679279269218,0.013558950275182724,0.0033196411095559597,0.00043340999400243163,0.0034910000395029783,0.02286200039088726
3252,0.0011744401625354204,8.376045436750803e-05,0.9697142243385315,0.6507671922445297,0.01377894813447084,0.005314941022142229,0.0354173960622503,0.0068844042988702465,0.013845033943653107,0.0033898423425853252,0.0013349100481718779,0.016912000253796577,0.0272659994661808
3253,0.0006574922590870634,6.341093550189645e-05,0.8874306678771973,0.6779505759477615,0.0019982678268229436,0.0022770253528416667,0.016818810177555082,0.001952397721145159,0.012718047015368938,0.0034816693514585495,0.0006180100026540458,0.0034149999264627695,0.01601400040090084
3254,0.0005662352753118789,6.923965836237652e-05,0.42974650859832764,0.5108866542577744,5.9921100976757755e-05,0.000499010979239535,0.02770080345405559,0.0017706499144210415,0.012246173806488514,0.001612845342606306,0.0004862099885940552,0.00482999999076128,0.023761000484228134
3255,0.0005417146851763618,5.825487392022879e-05,1.1053372621536255,0.6839659512042999,0.004984781667553628,0.00235532520985893,0.015948498710791365,0.0021536887289898892,0.013740964233875275,0.0035367198288440704,0.0005443100235424936,0.00712599977850914,0.011979999952018261
3256,0.0009445313750318041,8.613782169755496e-05,1.1849277019500732,0.6678178757429123,0.00830000948138318,0.007534476435000942,0.04296350212332236,0.009532235828602586,0.011716276407241821,0.002776654902845621,0.0010352099779993296,0.009158999659121037,0.04666600003838539
3257,0.0005407882162402329,5.323718648484713e-05,1.1201993227005005,0.6526482701301575,0.003345716701857931,0.0008798755852774654,0.005911426253181986,0.000675984513169726,0.0137459896504879,0.003469071350991726,0.0006028100033290684,0.004135999828577042,0.004747999832034111
3258,0.0005588394222479362,6.789080282477067e-05,1.0826350450515747,0.6959167718887329,0.0001460061845434854,0.0015353493219421482,0.029892892263558575,0.0026119856649282312,0.012399309314787388,0.0019998112693428993,0.00040811000508256257,0.004821000155061483,0.027281999588012695
3259,0.0007954795943128723,6.117107231010246e-05,1.3229503631591797,0.5669021904468536,0.004508781315194719,0.0012833349266120869,0.00972260133504808,0.001070808242664741,0.014953485690057278,0.0035711489617824554,0.0008400100050494075,0.005903000012040138,0.006347999908030033
3260,0.0004964392466979245,7.28467863004634e-05,0.9190012216567993,0.6982399076223373,9.459241298876747e-05,0.0010839752455129182,0.04179095598396411,0.0034583759441837204,0.011745554395020008,0.0014868788421154022,0.00045310999848879874,0.003727999981492758,0.04338099807500839
3261,0.00033598304209761244,5.002914503012787e-05,1.1086355447769165,0.6949556469917297,0.00179796604036262,0.0019033726273886458,0.012983249778594089,0.0014127630946975502,0.01218199823051691,0.0033640293404459953,0.00027143998886458576,0.003788999980315566,0.010591999627649784
3262,0.0006104428454946132,6.216609653200564e-05,0.7361421585083008,0.6461198702454567,0.004810845531815184,0.0023887939411900826,0.017352154997776797,0.002186562457171204,0.013452716171741486,0.003505936823785305,0.0005028099985793233,0.005166000220924616,0.0178849995136261
3263,0.0015908479952299562,7.255625967648733e-05,1.330816388130188,0.4768393337726593,0.016155255196698717,0.002036103171048037,0.012917001464942691,0.0020416217397775036,0.016398275271058083,0.0030884561128914356,0.001717310049571097,0.01682800054550171,0.008828000165522099
3264,0.0008585925335461286,6.658085510350954e-05,0.42923709750175476,0.45622534677386284,0.0033859979386225017,0.0026901627131925374,0.01807234518177706,0.0023815138176242964,0.012189703062176704,0.0032484163530170918,0.000878910010214895,0.006279999855905771,0.016332998871803284
3265,0.0005400302159634722,5.1367566698213554e-05,1.4196840524673462,0.5657324194908142,0.0023099477763495473,0.0015843065166503967,0.010163378892550945,0.0010788086079437133,0.014417337253689766,0.0037235626950860023,0.0004997099749743938,0.0035600000992417336,0.008222999982535839
3266,0.0007985989404055651,5.9536122813355684e-05,1.6169769763946533,0.41279006004333496,0.00570755280032554,0.002186244288643396,0.01835812813508047,0.0020914155003165184,0.015658143907785416,0.003318960312753916,0.0008284099749289453,0.005166000220924616,0.016578998416662216
3267,0.001028857736501431,7.051661796396924e-05,1.410996437072754,0.538568377494812,0.00568713504938912,0.0028646033864339684,0.02194060664919688,0.002981064308419202,0.015522858127951622,0.0035531707108020782,0.001080309972167015,0.007805999834090471,0.018501000478863716
3268,0.0007550661492153645,7.332503758600035e-05,1.343745231628418,0.616652250289917,0.0015779809609868698,0.003739278447627723,0.032211529068445814,0.00456329115942207,0.011899271979928017,0.003034543711692095,0.0006870100041851401,0.008255000226199627,0.02633100003004074
3269,0.0007946511662613538,6.998677701304751e-05,0.7902085185050964,0.6501350849866867,0.007786848288659817,0.003296949456531806,0.02309475452562579,0.0033531309734789235,0.015670539811253548,0.0035775615833699703,0.0008282099734060466,0.009213999845087528,0.017574001103639603
3270,0.0004921418221622475,5.157004866684938e-05,1.287673830986023,0.6308480799198151,0.00437338190584538,0.0012543649783359632,0.008973057774164114,0.0010098965138056887,0.014827368780970573,0.003640758339315653,0.0003964299976360053,0.004025000147521496,0.007311000023037195
3271,0.0007609560551216945,6.795950325227154e-05,1.431126356124878,0.548560619354248,0.0002284746819099311,0.001694962951419063,0.027228489292463572,0.002498020982299216,0.012623260729014874,0.0021782820113003254,0.0007194100180640817,0.0055740000680089,0.021887000650167465
3272,0.000763331315270558,5.933216438609257e-05,1.4093151092529297,0.5404234528541565,0.004376725229130566,0.0016266122753296345,0.012678012791198267,0.0014398122422540592,0.014195088297128677,0.003537548240274191,0.0008269100217148662,0.00585100008174777,0.010166999883949757
3273,0.0011284866695369564,7.136701065693543e-05,0.9475889205932617,0.5717547237873077,0.00507813464884677,0.0014991684544248852,0.011594856293548776,0.0014210420020029126,0.01435268297791481,0.0035550869069993496,0.0012312099570408463,0.006845000199973583,0.009690999984741211
3274,0.0006668644280864145,8.38875373074025e-05,0.8955655694007874,0.6883579343557358,0.0018657718065989567,0.005535937700598781,0.055225959917011326,0.008042934868064403,0.013392460532486439,0.0028363908641040325,0.0005486099980771542,0.015258999541401863,0.04048500210046768
3275,0.0004982248274772485,6.939051838171287e-05,1.031926155090332,0.7012094855308533,0.007749975799819091,0.006336559389439894,0.033836463910323245,0.006578952033999356,0.013436907902359962,0.003576986026018858,0.0003666600096039474,0.008469999767839909,0.03199800103902817
3276,0.0004858758851808846,5.273076586343725e-05,1.5104703903198242,0.521560937166214,0.00035542745417386796,0.0011191567269328154,0.015183505337868922,0.0010698207978256848,0.013949835672974586,0.0028497627936303616,0.00046720998943783343,0.003386999946087599,0.013026000000536442
3277,0.0008998452797736998,6.144636992776187e-05,1.7057061195373535,0.32692354917526245,0.003741957907759083,0.0027812427237661926,0.019803919008788914,0.0023321671466241395,0.01475890539586544,0.003583904355764389,0.0009482100140303373,0.006134999915957451,0.015552999451756477
3278,0.0007706395802539351,5.7318258777574235e-05,1.6158974170684814,0.4168456196784973,0.007055811694241336,0.0019059793126293052,0.01465739768874019,0.0017425944897781938,0.014955787919461727,0.003494083881378174,0.0007903099758550525,0.00661499984562397,0.012420999817550182
3279,0.0009531097324914327,7.42451726736451e-05,0.9052137732505798,0.6541809439659119,0.00019899839912544974,0.0016308899879213775,0.02853596732910563,0.002937813339798869,0.011603442952036858,0.0018488839268684387,0.0009855099488049746,0.0075079998932778835,0.02772200107574463
3280,0.001125995254165032,7.354851274014136e-05,1.202402949333191,0.5885621607303619,0.006947870438449733,0.002390543924612278,0.02052976647685186,0.0026774875647361546,0.015946147963404655,0.0033089774660766125,0.0013460100162774324,0.008553000167012215,0.016316000372171402
3281,0.0009059519409056751,6.731893993529574e-05,1.2025505304336548,0.6203100085258484,0.007426640282883967,0.0022727992839021824,0.01640997944254608,0.0022454160245065444,0.014725946821272373,0.003585724625736475,0.0009866099571809173,0.009213999845087528,0.012987000867724419
3282,0.0007473888256458617,6.718536022356315e-05,1.2355140447616577,0.6455554664134979,0.00019616913290974606,0.0015732855112542538,0.02663793237928861,0.002515713990184071,0.011775828897953033,0.0020117610692977905,0.0007087099947966635,0.003593999892473221,0.022406000643968582
3283,0.000668811960954792,6.339789987246856e-05,0.8230881094932556,0.6697319000959396,0.006671731172669838,0.002016308354200529,0.013799618091415448,0.0018291953297877332,0.012862840667366982,0.0033098221756517887,0.0006096099968999624,0.004734000191092491,0.016433000564575195
3284,0.0004794385657274401,5.537535314044476e-05,1.0677032470703125,0.6868754625320435,0.0075976932120934235,0.001716446520580173,0.011320936657652252,0.0015249201505972846,0.015329692512750626,0.003477721009403467,0.000516309984959662,0.006279999855905771,0.012296000495553017
3285,0.0011438175661598322,7.56653234791542e-05,1.025345802307129,0.6565908342599869,0.014419781294785904,0.003788398096752627,0.02369633791518791,0.004461787413173976,0.01268560066819191,0.0033919070847332478,0.0012999100144952536,0.014804000034928322,0.019655000418424606
3286,0.00044527027612583416,6.0039792741510225e-05,1.2986540794372559,0.6504016518592834,0.005522391349695437,0.004228831573509275,0.02437685491806442,0.003786350235186373,0.013952178880572319,0.00368725648149848,0.00046571000711992383,0.005166000220924616,0.023274999111890793
3287,0.0008055047145001447,6.106187394098995e-05,1.2767152786254883,0.5954969823360443,0.006102565470173765,0.0012746194666868522,0.008256712728600204,0.0010586292108251895,0.01418258249759674,0.003580257296562195,0.0009647100232541561,0.005628999788314104,0.008735000155866146
3288,0.00036879870606510427,5.790492170374895e-05,1.2098569869995117,0.6803965717554092,0.004730828976645355,0.0041829111302684975,0.02428686431990083,0.003785458441564025,0.013393512926995754,0.0036000385880470276,0.0003542299964465201,0.00661499984562397,0.02320599928498268
3289,0.0005437637017797088,6.92358250266544e-05,0.9320027828216553,0.7066799700260162,0.00023618309833513102,0.0020011405022616223,0.03369657379480147,0.0030461242715335464,0.013380059041082859,0.0022477717138826847,0.0005004099803045392,0.00786499958485365,0.02985600009560585
3290,0.000768548673259387,5.8153676146778944e-05,1.4084699153900146,0.5189630687236786,0.004398200489100794,0.0012440940567920854,0.00967972391077655,0.0010745076310741892,0.01448558084666729,0.003366331569850445,0.0007792100077494979,0.0055740000680089,0.009216000325977802
3291,0.0004539406876169837,5.396054216305014e-05,1.0005977153778076,0.6852345317602158,0.006143945859953338,0.0015209763149970509,0.009582223434227134,0.0012823612506262178,0.013615520671010017,0.0035254904069006443,0.0004071099974680692,0.006279999855905771,0.008390000090003014
3292,0.0009600747544528463,6.429433176346344e-05,1.4257667064666748,0.508721262216568,0.00804291775302369,0.0017694349287966141,0.013961613392878524,0.001714551029295422,0.015895741060376167,0.003300753887742758,0.0008995099924504757,0.008553000167012215,0.010464999824762344
3293,0.0007037471341992811,6.45932054599598e-05,1.2443633079528809,0.6427944600582123,0.008074598617437697,0.0034363754768228527,0.02317273844896074,0.003602335406364737,0.015039737336337566,0.0036147162318229675,0.0007786100031808019,0.009309000335633755,0.023559000343084335
3294,0.0006344079854263346,6.262860709944467e-05,1.471913456916809,0.540383517742157,0.004103747558528758,0.003288343270815042,0.024501642778470428,0.0030016993667674498,0.015152422711253166,0.003448106348514557,0.0006177100003696978,0.005628999788314104,0.023781001567840576
3295,0.0010612690536412994,7.067025287460949e-05,0.7259812951087952,0.5814779102802277,0.00705269034956482,0.002160144330969529,0.017232253407652963,0.0022635343225927366,0.015111302956938744,0.0032930849120020866,0.0011898099910467863,0.007381000090390444,0.016826000064611435
3296,0.0007106682730979152,7.154050323005087e-05,1.2487461566925049,0.6497353762388229,0.01055572445011066,0.00488609676082986,0.0327111732494895,0.0056826224197675315,0.015140771865844727,0.003502227831631899,0.0008194100228138268,0.014179999940097332,0.028714999556541443
3297,0.0010913471371080037,6.488959140878744e-05,1.629869818687439,0.3798901438713074,0.008218522146391002,0.0021678980072366537,0.018973432619027158,0.002268518814471052,0.015672318637371063,0.00317020108923316,0.0010139100486412644,0.008062000386416912,0.016940999776124954
3298,0.0003849331579101911,6.594059055844444e-05,1.0919721126556396,0.7043944299221039,0.0012562940168333783,0.0036017645538098577,0.03713818219391825,0.004365163019427576,0.013918517157435417,0.0029837116599082947,0.0004220099945086986,0.00901500042527914,0.0329740010201931
3299,0.0006350700563926877,5.803773124086315e-05,0.6488431096076965,0.6129703298211098,0.004776141098949749,0.0012460876686905605,0.00861879873404013,0.0010233507728985539,0.01358052995055914,0.0035462025552988052,0.000675709976349026,0.00406600022688508,0.00888300035148859
3300,0.0007222346842027554,6.097654761806875e-05,0.8212874531745911,0.6400775760412216,0.005869320533049338,0.001434096575293285,0.009668252547349387,0.0012220270411439317,0.013840236701071262,0.0035110940225422382,0.0007648100145161152,0.004989999812096357,0.010042000561952591
3301,0.0010209738211890147,6.123006651906159e-05,1.7305998802185059,0.3022887706756592,0.004507308795900829,0.002440376407443173,0.02018480805388106,0.0021328204981343676,0.015826448798179626,0.0034129018895328045,0.0010787099599838257,0.00661499984562397,0.01620499975979328
3302,0.0007034354248993259,6.379285736870041e-05,0.9414340257644653,0.6754058301448822,0.007167538669938583,0.0022758435237184315,0.01650181827876431,0.002193277332677132,0.01486219558864832,0.003597335424274206,0.0007271100184880197,0.007594000082463026,0.014829999767243862
3303,0.0010290356706141195,7.243677755613634e-05,1.1797174215316772,0.6218585073947906,0.007419284816343428,0.003097391652413287,0.023234340625884815,0.0035180725671966617,0.014277602545917034,0.003586126957088709,0.0009888099739328027,0.009213999845087528,0.017451999709010124
3304,0.00042433295930822127,5.077702245161013e-05,1.2576178312301636,0.6575017273426056,0.0003187998471892817,0.001174730108527416,0.012679411821072805,0.0010704123309528812,0.01156554650515318,0.0025877077132463455,0.0003906399942934513,0.003711000084877014,0.008933000266551971
3305,0.0008060266857137392,6.178675620043672e-05,1.310660719871521,0.577201247215271,0.003389358532679446,0.0015203150398266012,0.012079942498676915,0.0013548553909943743,0.014022765681147575,0.003455040045082569,0.0008098100079223514,0.00661499984562397,0.007197000086307526
3306,0.001153545808150676,6.898948734208345e-05,1.3277970552444458,0.5319872498512268,0.00796761471971405,0.0019207982549653965,0.014129659701174486,0.0019612240354229043,0.014221622608602047,0.0034118671901524067,0.0012263100361451507,0.008511999621987343,0.009827999398112297
3307,0.0006703326436313122,7.653311025505665e-05,1.419937252998352,0.5845941305160522,0.0015221859150517216,0.0041021012155014755,0.04278752231776284,0.005347515090183361,0.013482491485774517,0.0029408102855086327,0.0007619099924340844,0.008541000075638294,0.03499700129032135
3308,0.0006867828004804323,6.124760173726538e-05,0.9579442739486694,0.6542045176029205,0.0033896134563685897,0.0014165778881317466,0.010740422274438239,0.0011790391838853677,0.014030540362000465,0.0036301640793681145,0.0007845099898986518,0.004689000081270933,0.008503999561071396
3309,0.0007336912247044576,6.611938859816022e-05,0.508830189704895,0.5448779240250587,0.0003825719522463145,0.0018588259770207893,0.02298138330342405,0.002219219572000282,0.011280025355517864,0.002070507500320673,0.0006888100178912282,0.00482999999076128,0.019425000995397568
3310,0.0006764949645940969,6.891102093430947e-05,1.1279728412628174,0.6854580342769623,0.008094748564179646,0.004528499157115915,0.027102040821517664,0.004800596643974895,0.013732550665736198,0.003661991562694311,0.0007610099855810404,0.006845000199973583,0.02975199930369854
3311,0.00047371051956506227,5.650010881078299e-05,1.3514857292175293,0.6211384534835815,0.009771578461878616,0.002490746129256717,0.01557786666405658,0.0023376638803956984,0.014679815620183945,0.003601900301873684,0.000371300004189834,0.008255000226199627,0.01524799969047308
3312,0.0006713686233758606,5.592281810553473e-05,1.4233437776565552,0.555717945098877,0.0014457201948201673,0.0016422731427130678,0.013168285907142767,0.001409835503579363,0.011781714856624603,0.0027005625888705254,0.0006157099851407111,0.003711000084877014,0.009238000027835369
3313,0.0005540514071088425,5.1409807307408514e-05,1.4243686199188232,0.5540430545806885,0.004395875920858737,0.0010891986902340466,0.007422327995226614,0.0008721470438641174,0.013741509988904,0.003403028007596731,0.0004976100171916187,0.004484999924898148,0.005664000287652016
3314,0.0009220795912727422,4.898655064237837e-05,1.7896974086761475,0.24770766496658325,0.006546918575760492,0.0010569158796416666,0.008724112823903566,0.0009038376386170189,0.016195788979530334,0.003166602924466133,0.0009521099855192006,0.005828999914228916,0.00788199994713068
3315,0.0006628553443867234,6.302252120253131e-05,1.0037275552749634,0.6810408234596252,0.0010377723027722551,0.0020554648319982506,0.01896342546634543,0.0020371492309980248,0.012237582355737686,0.0031495681032538414,0.0006988099776208401,0.006314000114798546,0.014006000012159348
3316,0.0007894004731285624,6.892714712145406e-05,0.8760263919830322,0.6713526695966721,0.00014695652802206594,0.0013317132656882594,0.030488997025721484,0.00286451779868669,0.011208618059754372,0.0013499967753887177,0.000751709972973913,0.006895000115036964,0.022822000086307526
3317,0.000638225392568598,6.751066471499746e-05,0.8021665811538696,0.6638065874576569,0.003939625422138479,0.004020767674824991,0.0263529969260523,0.0039443706681090394,0.01195504143834114,0.003065630327910185,0.0006436100229620934,0.007946000434458256,0.020690999925136566
3318,0.0007298751653631231,7.924212894368574e-05,0.968341052532196,0.6905504316091537,0.004930466603660669,0.006051821991594269,0.03949640951582514,0.007305930925935164,0.012371459044516087,0.003167513757944107,0.0008203099714592099,0.012792999856173992,0.030727000907063484
3319,0.0017858466675354941,8.559251611726319e-05,1.5237177610397339,0.4452981650829315,0.031317091533481924,0.005625273151380495,0.03731202926069156,0.007738240165100305,0.016183916479349136,0.0031181322410702705,0.0019284100271761417,0.021716000512242317,0.034561000764369965
