cruise,filename,profile,lat,lon,time,solar_angle,pace_ids,closest_id,closest_file,closest_dist_km,closest_time,Bnw,Bnw_std,Bnw_lsig,Bnw_hsig,beta,aph,FLH,GIOP_bbp_700,GIOP_bbp_442,GIOP_bbp_s,GIOP_Y,GIOP_Chl,GIOP_CDOM,PACE_lat,PACE_lon
1902368,1902368QC.nc,13,56.348,-147.356,2024-07-09 04:35:00.000002048+00:00,13.134824655289316,PACE_OCI_L2_AOP_PACE_OCI.20240708T202028.L2.OC_AOP.V3_0.nc_3.0,PACE_OCI_L2_AOP_PACE_OCI.20240708T202028.L2.OC_AOP.V3_0.nc_3.0,PACE_OCI.20240708T202028.L2.OC_AOP.V3_0.nc,671.3926736642136,2024-07-08 20:22:57.500000+00:00,0.0014665599446743,0.000453354063211,7.512199226766825e-05,7.678067777305841e-05,1.9305531978607176,0.041114866733551,-32767.0,0.0010407131987658,0.0029700100421905,1.5131349563598633,1.6834510564804075,0.0241681190721991,0.0470976396856075,56.67502975463867,-136.41744995117188
1902369,1902369QC.nc,4,45.006,-133.357,2024-05-09 22:07:00.000001536+00:00,58.27658878937238,PACE_OCI_L2_AOP_PACE_OCI.20240510T203409.L2.OC_AOP.V3_0.nc_3.0,PACE_OCI_L2_AOP_PACE_OCI.20240510T203409.L2.OC_AOP.V3_0.nc_3.0,PACE_OCI.20240510T203409.L2.OC_AOP.V3_0.nc,0.6205978716706221,2024-05-10 20:36:38.500000+00:00,0.0005008206353522,5.674498606822453e-05,3.680356894619763e-05,3.853137604892254e-05,1.874987363815308,0.0057462765835225,-32767.0,0.0003531738061545,0.0011399984359741,1.8863645792007449,2.1204934120178223,0.0087732171466413,0.0470974177426644,45.003074645996094,-133.35028076171875
1902369,1902369QC.nc,5,45.02,-133.356,2024-05-10 09:02:59.999999488+00:00,-27.116449784571635,PACE_OCI_L2_AOP_PACE_OCI.20240510T203409.L2.OC_AOP.V3_0.nc_3.0,PACE_OCI_L2_AOP_PACE_OCI.20240510T203409.L2.OC_AOP.V3_0.nc_3.0,PACE_OCI.20240510T203409.L2.OC_AOP.V3_0.nc,0.5798409764791633,2024-05-10 20:36:38.500000+00:00,0.0004746729391627,0.0001238257973454,3.681247471831739e-05,3.73672810383141e-05,1.8687124252319336,0.006338182836771,-32767.0,0.0003357023035104,0.0011350065469741,1.886341452598572,2.11852502822876,0.0083366761423948,0.0473766029191567,45.02324295043945,-133.36178588867188
1902369,1902369QC.nc,6,45.02,-133.354,2024-05-10 19:52:59.999998464+00:00,60.42138072694716,PACE_OCI_L2_AOP_PACE_OCI.20240510T203409.L2.OC_AOP.V3_0.nc_3.0,PACE_OCI_L2_AOP_PACE_OCI.20240510T203409.L2.OC_AOP.V3_0.nc_3.0,PACE_OCI.20240510T203409.L2.OC_AOP.V3_0.nc,0.7097435985429317,2024-05-10 20:36:38.500000+00:00,0.0004746729391627,0.0001264384773094,3.681247471831739e-05,3.73672810383141e-05,1.8687124252319336,0.006338182836771,-32767.0,0.0003357023035104,0.0011350065469741,1.886341452598572,2.11852502822876,0.0083366761423948,0.0473766029191567,45.02324295043945,-133.36178588867188
1902369,1902369QC.nc,7,45.038,-133.348,2024-05-11 08:18:59.999995904+00:00,-26.535429573583343,PACE_OCI_L2_AOP_PACE_OCI.20240510T203409.L2.OC_AOP.V3_0.nc_3.0,PACE_OCI_L2_AOP_PACE_OCI.20240510T203409.L2.OC_AOP.V3_0.nc_3.0,PACE_OCI.20240510T203409.L2.OC_AOP.V3_0.nc,1.4714720055773651,2024-05-10 20:36:38.500000+00:00,0.0006027951021678,0.0001233748189406,3.975443542003632e-05,4.295224789530039e-05,1.8173953294754028,0.0066173402592539,-32767.0,0.0004156479756434,0.0012650042772293,1.869459748268128,2.1154561042785645,0.0103171281205979,0.0479694197872409,45.04252624511719,-133.3303985595703
1902369,1902369QC.nc,25,45.367,-132.841,2024-08-02 19:35:00.000002048+00:00,57.235309935917606,PACE_OCI_L2_AOP_PACE_OCI.20240802T200036.L2.OC_AOP.V3_0.nc_3.0,PACE_OCI_L2_AOP_PACE_OCI.20240802T200036.L2.OC_AOP.V3_0.nc_3.0,PACE_OCI.20240802T200036.L2.OC_AOP.V3_0.nc,40.3237041326638,2024-08-02 20:03:05.500000+00:00,0.0081796590238809,0.0014269289094954,9.59327444434166e-05,9.083561599254608e-05,0.0856627225875854,0.0119605371728539,-32767.0,0.0050105878431213,0.011350005865097,1.849877953529358,2.104457139968872,0.1241610786663757,0.0061700223308823,45.42979431152344,-132.3323516845703
1902369,1902369QC.nc,27,45.161,-132.562,2024-08-23 03:24:00.000004608+00:00,2.82553152324834,PACE_OCI_L2_AOP_PACE_OCI.20240822T200221.L2.OC_AOP.V3_0.nc_3.0,PACE_OCI_L2_AOP_PACE_OCI.20240822T200221.L2.OC_AOP.V3_0.nc_3.0,PACE_OCI.20240822T200221.L2.OC_AOP.V3_0.nc,75.15197353379419,2024-08-22 20:04:50.500000+00:00,0.0033364375121891,0.0001886020327219,0.0001141810789704,0.000109673012048,0.660706102848053,0.0133670391514897,-32767.0,0.0020582304060921,0.0049550086259841,1.8615514039993288,2.104888200759888,0.0510058097368186,0.0165908196857717,45.835758209228516,-132.50698852539062
1902369,1902369QC.nc,32,44.734,-131.99,2024-10-12 21:48:59.999995904+00:00,34.81050169351446,PACE_OCI_L2_AOP_PACE_OCI.20241013T202218.L2.OC_AOP.V3_0.nc_3.0,PACE_OCI_L2_AOP_PACE_OCI.20241013T202218.L2.OC_AOP.V3_0.nc_3.0,PACE_OCI.20241013T202218.L2.OC_AOP.V3_0.nc,224.8622829853097,2024-10-13 20:24:48+00:00,0.0041532875038683,0.0018750554881989,0.000108768697828,0.0001081530936062,0.6689710021018982,0.0118065122514963,-32767.0,0.0025849840828263,0.0061350017786026,1.9117733240127563,2.1499693393707275,0.064506217550741,0.007451220732807,42.89114761352539,-130.83590698242188
1902369,1902369QC.nc,33,44.703,-131.969,2024-10-23 02:34:00.000002560+00:00,-8.416317408526254,PACE_OCI_L2_AOP_PACE_OCI.20241022T203443.L2.OC_AOP.V3_0.nc_3.0,PACE_OCI_L2_AOP_PACE_OCI.20241022T203443.L2.OC_AOP.V3_0.nc_3.0,PACE_OCI.20241022T203443.L2.OC_AOP.V3_0.nc,2.036980044149471,2024-10-22 20:37:13+00:00,0.0009202256915159,0.0004701888537965,7.065094541758299e-05,7.860508048906922e-05,1.6525678634643557,0.010402507148683,-32767.0,0.0006087745058297,0.0017250031232833,1.838090896606445,2.079486608505249,0.0150273208841888,0.0394121123561434,44.690921783447266,-131.9496307373047
1902370,1902370QC.nc,16,5.055,160.529,2024-08-13 13:32:00.000003072+00:00,-70.4036173041354,PACE_OCI_L2_AOP_PACE_OCI.20240814T021023.L2.OC_AOP.V3_0.nc_3.0,PACE_OCI_L2_AOP_PACE_OCI.20240814T021023.L2.OC_AOP.V3_0.nc_3.0,PACE_OCI.20240814T021023.L2.OC_AOP.V3_0.nc,0.5547993914568898,2024-08-14 02:12:52.500000+00:00,0.0008081672131083,9.508239600108936e-05,2.854864578694105e-05,2.900004619732499e-05,1.9448363780975344,0.0036139485891908,-32767.0,0.0005511603573142,0.0014950037002563,1.9981157779693604,2.1998114585876465,0.0138598471553178,0.007142506397765,5.052367210388184,160.52474975585938
1902370,1902370QC.nc,28,5.898,165.981,2024-12-14 04:27:59.999996928+00:00,29.545721592544705,PACE_OCI_L2_AOP_PACE_OCI.20241214T013518.L2.OC_AOP.V3_0.nc_3.0,PACE_OCI_L2_AOP_PACE_OCI.20241214T013518.L2.OC_AOP.V3_0.nc_3.0,PACE_OCI.20241214T013518.L2.OC_AOP.V3_0.nc,0.8079100472837961,2024-12-14 01:37:48+00:00,0.0011824986431747,0.0002378168719587,3.8541038520634174e-05,4.071008879691362e-05,1.9126436710357664,0.0077412500977516,-32767.0,0.000797773647743,0.0022049993276596,1.9781670570373533,2.193476438522339,0.0200417697499551,0.0094147083637761,5.894320011138916,165.9873046875
1902370,1902370QC.nc,34,5.828,167.535,2025-02-12 21:38:00.000005120+00:00,35.40181836064746,PACE_OCI_L2_AOP_PACE_OCI.20250213T023006.L2.OC_AOP.V3_0.nc_3.0,PACE_OCI_L2_AOP_PACE_OCI.20250213T023006.L2.OC_AOP.V3_0.nc_3.0,PACE_OCI.20250213T023006.L2.OC_AOP.V3_0.nc,4.355696794417756,2025-02-13 02:32:35.500000+00:00,0.0010135842021554,0.0002869587624445,8.3856750279665e-05,8.697900921106339e-05,1.655924916267395,0.0145092690363526,-32767.0,0.0006588321581116,0.0022200047969818,1.89002788066864,2.1231017112731934,0.0163726812497988,0.0222263947804305,5.789614677429199,167.5271453857422
1902371,1902371QC.nc,0,51.955,-142.958,2024-05-11 02:31:59.999999488+00:00,22.702201966968484,PACE_OCI_L2_AOP_PACE_OCI.20240510T203409.L2.OC_AOP.V3_0.nc_3.0,PACE_OCI_L2_AOP_PACE_OCI.20240510T203409.L2.OC_AOP.V3_0.nc_3.0,PACE_OCI.20240510T203409.L2.OC_AOP.V3_0.nc,351.2843360630494,2024-05-10 20:36:38.500000+00:00,0.0032442717347294,0.0005424032569862,7.660267874598503e-05,7.7409902587533e-05,1.902276873588562,0.0244442746043205,-32767.0,0.0021797511578051,0.0051899999380111,1.802123427391052,2.0510265827178955,0.0535706254497519,0.0138603084870326,50.8326530456543,-138.2239532470703
1902371,1902371QC.nc,1,51.953,-142.962,2024-05-11 03:33:00.000002560+00:00,13.417189685919896,PACE_OCI_L2_AOP_PACE_OCI.20240510T203409.L2.OC_AOP.V3_0.nc_3.0,PACE_OCI_L2_AOP_PACE_OCI.20240510T203409.L2.OC_AOP.V3_0.nc_3.0,PACE_OCI.20240510T203409.L2.OC_AOP.V3_0.nc,351.471545338784,2024-05-10 20:36:38.500000+00:00,0.0032442717347294,0.0005424032569862,7.660267874598503e-05,7.7409902587533e-05,1.902276873588562,0.0244442746043205,-32767.0,0.0021797511578051,0.0051899999380111,1.802123427391052,2.0510265827178955,0.0535706254497519,0.0138603084870326,50.8326530456543,-138.2239532470703
1902371,1902371QC.nc,2,51.953,-142.968,2024-05-11 04:33:59.999995904+00:00,4.611542022291182,PACE_OCI_L2_AOP_PACE_OCI.20240510T203409.L2.OC_AOP.V3_0.nc_3.0,PACE_OCI_L2_AOP_PACE_OCI.20240510T203409.L2.OC_AOP.V3_0.nc_3.0,PACE_OCI.20240510T203409.L2.OC_AOP.V3_0.nc,351.86060879008005,2024-05-10 20:36:38.500000+00:00,0.0032442717347294,0.0005424032569862,7.660267874598503e-05,7.7409902587533e-05,1.902276873588562,0.0244442746043205,-32767.0,0.0021797511578051,0.0051899999380111,1.802123427391052,2.0510265827178955,0.0535706254497519,0.0138603084870326,50.8326530456543,-138.2239532470703
1902371,1902371QC.nc,3,51.953,-142.973,2024-05-11 05:32:59.999995904+00:00,-3.4442826882915227,PACE_OCI_L2_AOP_PACE_OCI.20240510T203409.L2.OC_AOP.V3_0.nc_3.0,PACE_OCI_L2_AOP_PACE_OCI.20240510T203409.L2.OC_AOP.V3_0.nc_3.0,PACE_OCI.20240510T203409.L2.OC_AOP.V3_0.nc,352.18487505304995,2024-05-10 20:36:38.500000+00:00,0.0032442717347294,0.0005424032569862,7.660267874598503e-05,7.7409902587533e-05,1.902276873588562,0.0244442746043205,-32767.0,0.0021797511578051,0.0051899999380111,1.802123427391052,2.0510265827178955,0.0535706254497519,0.0138603084870326,50.8326530456543,-138.2239532470703
1902371,1902371QC.nc,4,51.956,-142.975,2024-05-11 06:31:00+00:00,-10.121253116170143,PACE_OCI_L2_AOP_PACE_OCI.20240510T203409.L2.OC_AOP.V3_0.nc_3.0,PACE_OCI_L2_AOP_PACE_OCI.20240510T203409.L2.OC_AOP.V3_0.nc_3.0,PACE_OCI.20240510T203409.L2.OC_AOP.V3_0.nc,352.42242716755493,2024-05-10 20:36:38.500000+00:00,0.0032442717347294,0.0005424032569862,7.660267874598503e-05,7.7409902587533e-05,1.902276873588562,0.0244442746043205,-32767.0,0.0021797511578051,0.0051899999380111,1.802123427391052,2.0510265827178955,0.0535706254497519,0.0138603084870326,50.8326530456543,-138.2239532470703
1902371,1902371QC.nc,5,51.96,-142.974,2024-05-11 07:29:00.000003584+00:00,-15.346293882918683,PACE_OCI_L2_AOP_PACE_OCI.20240510T203409.L2.OC_AOP.V3_0.nc_3.0,PACE_OCI_L2_AOP_PACE_OCI.20240510T203409.L2.OC_AOP.V3_0.nc_3.0,PACE_OCI.20240510T203409.L2.OC_AOP.V3_0.nc,352.50184113337974,2024-05-10 20:36:38.500000+00:00,0.0032442717347294,0.0005424032569862,7.660267874598503e-05,7.7409902587533e-05,1.902276873588562,0.0244442746043205,-32767.0,0.0021797511578051,0.0051899999380111,1.802123427391052,2.0510265827178955,0.0535706254497519,0.0138603084870326,50.8326530456543,-138.2239532470703
1902371,1902371QC.nc,6,51.963,-142.971,2024-05-11 08:28:00.000003584+00:00,-18.77455102751568,PACE_OCI_L2_AOP_PACE_OCI.20240510T203409.L2.OC_AOP.V3_0.nc_3.0,PACE_OCI_L2_AOP_PACE_OCI.20240510T203409.L2.OC_AOP.V3_0.nc_3.0,PACE_OCI.20240510T203409.L2.OC_AOP.V3_0.nc,352.4160299562378,2024-05-10 20:36:38.500000+00:00,0.0032442717347294,0.0005424032569862,7.660267874598503e-05,7.7409902587533e-05,1.902276873588562,0.0244442746043205,-32767.0,0.0021797511578051,0.0051899999380111,1.802123427391052,2.0510265827178955,0.0535706254497519,0.0138603084870326,50.8326530456543,-138.2239532470703
1902371,1902371QC.nc,7,51.962,-142.973,2024-05-11 12:16:00.000003072+00:00,-11.025397970130346,PACE_OCI_L2_AOP_PACE_OCI.20240510T203409.L2.OC_AOP.V3_0.nc_3.0,PACE_OCI_L2_AOP_PACE_OCI.20240510T203409.L2.OC_AOP.V3_0.nc_3.0,PACE_OCI.20240510T203409.L2.OC_AOP.V3_0.nc,352.5093684358202,2024-05-10 20:36:38.500000+00:00,0.0032442717347294,0.0005424032569862,7.660267874598503e-05,7.7409902587533e-05,1.902276873588562,0.0244442746043205,-32767.0,0.0021797511578051,0.0051899999380111,1.802123427391052,2.0510265827178955,0.0535706254497519,0.0138603084870326,50.8326530456543,-138.2239532470703
1902371,1902371QC.nc,8,51.957,-142.978,2024-05-11 16:07:00.000001536+00:00,20.136778781557258,PACE_OCI_L2_AOP_PACE_OCI.20240510T203409.L2.OC_AOP.V3_0.nc_3.0,PACE_OCI_L2_AOP_PACE_OCI.20240510T203409.L2.OC_AOP.V3_0.nc_3.0,PACE_OCI.20240510T203409.L2.OC_AOP.V3_0.nc,352.65292811857347,2024-05-10 20:36:38.500000+00:00,0.0032442717347294,0.0005424032569862,7.660267874598503e-05,7.7409902587533e-05,1.902276873588562,0.0244442746043205,-32767.0,0.0021797511578051,0.0051899999380111,1.802123427391052,2.0510265827178955,0.0535706254497519,0.0138603084870326,50.8326530456543,-138.2239532470703
1902372,1902372QC.nc,13,0.35,93.043,2025-04-30 06:38:00.000005120+00:00,70.45272319446211,PACE_OCI_L2_AOP_PACE_OCI.20250429T072423.L2.OC_AOP.V3_0.nc_3.0,PACE_OCI_L2_AOP_PACE_OCI.20250429T072423.L2.OC_AOP.V3_0.nc_3.0,PACE_OCI.20250429T072423.L2.OC_AOP.V3_0.nc,0.8140584915372303,2025-04-29 07:26:52.500000+00:00,0.0024070518556982,0.0005755659658461,7.48923048377037e-05,7.359310984611511e-05,1.1094945669174194,0.0115448785945773,0.0969500541687011,0.0015212737145636,0.0040049999952316,1.892373323440552,2.126572847366333,0.0378255049438026,0.0157044934201738,0.34603747725486755,93.04915618896484
1902380,1902380QC.nc,81,17.269,-44.988,2024-04-06 17:23:00.000001536+00:00,54.0921495828314,"PACE_OCI_L2_AOP_PACE_OCI.20240406T152502.L2.OC_AOP.V3_0.nc_3.0,PACE_OCI_L2_AOP_PACE_OCI.20240407T160005.L2.OC_AOP.V3_0.nc_3.0",PACE_OCI_L2_AOP_PACE_OCI.20240407T160005.L2.OC_AOP.V3_0.nc_3.0,PACE_OCI.20240407T160005.L2.OC_AOP.V3_0.nc,0.3144337686447583,2024-04-07 16:02:34.500000+00:00,0.0018035693792626,0.0002300295309396,5.744106601923704e-05,5.5992393754422665e-05,0.1848554015159607,0.004264349117875,-32767.0,0.0010286812226171,0.0019949972629547,1.9875693321228027,2.1908764839172363,0.0258323033978981,0.0122212520319819,17.266366958618164,-44.98692321777344
1902380,1902380QC.nc,84,18.394,-44.495000000000005,2024-05-06 16:38:59.999997952+00:00,65.07758307264673,PACE_OCI_L2_AOP_PACE_OCI.20240507T152746.L2.OC_AOP.V3_0.nc_3.0,PACE_OCI_L2_AOP_PACE_OCI.20240507T152746.L2.OC_AOP.V3_0.nc_3.0,PACE_OCI.20240507T152746.L2.OC_AOP.V3_0.nc,25.08535935553161,2024-05-07 15:30:15.500000+00:00,0.0025555172469466,0.0003889248473569,7.61016272008419e-05,8.515967056155205e-05,1.5720497369766235,0.0071376375854015,-32767.0,0.0016745530594501,0.0042600035667419,1.96915340423584,2.187157154083252,0.0420273724903349,0.0080472455988906,18.207063674926758,-44.36198425292969
1902380,1902380QC.nc,93,18.572,-42.78699999999998,2024-08-04 15:22:00.000001536+00:00,83.88315461199217,"PACE_OCI_L2_AOP_PACE_OCI.20240803T153515.L2.OC_AOP.V3_0.nc_3.0,PACE_OCI_L2_AOP_PACE_OCI.20240805T150602.L2.OC_AOP.V3_0.nc_3.0",PACE_OCI_L2_AOP_PACE_OCI.20240803T153515.L2.OC_AOP.V3_0.nc_3.0,PACE_OCI.20240803T153515.L2.OC_AOP.V3_0.nc,2.507783208678702,2024-08-03 15:37:44.500000+00:00,0.0014598085545003,0.0001776766002876,0.0001333970576524,0.0001384688075631,1.0812628269195557,0.0029609447810798,-32767.0,0.0009080408697775,0.002360001206398,1.9676438570022583,2.185901165008545,0.0227852937436174,0.0158712345792188,18.556379318237305,-42.804161071777344
1902380,1902380QC.nc,94,18.677,-42.743,2024-08-14 14:09:00.000001536+00:00,77.94171848160043,PACE_OCI_L2_AOP_PACE_OCI.20240813T144717.L2.OC_AOP.V3_0.nc_3.0,PACE_OCI_L2_AOP_PACE_OCI.20240813T144717.L2.OC_AOP.V3_0.nc_3.0,PACE_OCI.20240813T144717.L2.OC_AOP.V3_0.nc,433.6951129134627,2024-08-13 14:49:46.500000+00:00,0.0003547786909621,0.0001794657582649,4.453409928828478e-05,4.816349246539176e-05,1.8041951656341555,4.68518519483041e-05,-32767.0,0.0002396202268806,0.0008700042963027,1.9981235265731807,2.199779272079468,0.0060256208232683,0.0136116460781894,21.841184616088867,-40.311729431152344
1902380,1902380QC.nc,95,18.753,-42.779,2024-08-24 14:04:59.999995392+00:00,75.88972786005633,PACE_OCI_L2_AOP_PACE_OCI.20240824T161119.L2.OC_AOP.V3_0.nc_3.0,PACE_OCI_L2_AOP_PACE_OCI.20240824T161119.L2.OC_AOP.V3_0.nc_3.0,PACE_OCI.20240824T161119.L2.OC_AOP.V3_0.nc,1.054107535040372,2024-08-24 16:13:49+00:00,0.0003599514311645,0.0001043478696374,4.798459121957421e-05,5.0204398576170206e-05,1.8069349527359009,0.000174103421159,-32767.0,0.0002469696600785,0.0008200109004974,1.9975332021713257,2.1995630264282227,0.0062102263620801,0.0135197349024141,18.753929138183594,-42.788963317871094
1902380,1902380QC.nc,96,18.806,-42.685,2024-09-03 13:38:59.999997952+00:00,69.25333419261494,PACE_OCI_L2_AOP_PACE_OCI.20240902T162613.L2.OC_AOP.V3_0.nc_3.0,PACE_OCI_L2_AOP_PACE_OCI.20240902T162613.L2.OC_AOP.V3_0.nc_3.0,PACE_OCI.20240902T162613.L2.OC_AOP.V3_0.nc,46.40290514068571,2024-09-02 16:28:42.500000+00:00,0.002841024659574,0.0003889501094818,0.0001196162775158,0.0001193187199532,0.8489151000976562,0.0066159744746983,-32767.0,0.0017477689858496,0.0043200105428695,1.960452675819397,2.180774450302124,0.0438217822986354,0.0096673222617015,19.118610382080078,-42.97731399536133
1902380,1902380QC.nc,98,18.774,-41.93799999999999,2024-09-23 13:41:00.000001024+00:00,65.99109916251179,"PACE_OCI_L2_AOP_PACE_OCI.20240922T144628.L2.OC_AOP.V3_0.nc_3.0,PACE_OCI_L2_AOP_PACE_OCI.20240923T152047.L2.OC_AOP.V3_0.nc_3.0",PACE_OCI_L2_AOP_PACE_OCI.20240922T144628.L2.OC_AOP.V3_0.nc_3.0,PACE_OCI.20240922T144628.L2.OC_AOP.V3_0.nc,0.3819517478633276,2024-09-22 14:48:58+00:00,0.001456988742575,0.0001107383941416,3.861053846776485e-05,4.050892312079668e-05,1.9456191062927248,0.0060316985473036,-32767.0,0.0009904427458647,0.0026150047779083,1.9808169603347776,2.191554546356201,0.0248746564793959,0.0094939311179456,18.771427154541016,-41.94040298461914
1902380,1902380QC.nc,100,18.611,-41.692999999999984,2024-10-13 15:00:00+00:00,62.46095565991157,PACE_OCI_L2_AOP_PACE_OCI.20241013T152228.L2.OC_AOP.V3_0.nc_3.0,PACE_OCI_L2_AOP_PACE_OCI.20241013T152228.L2.OC_AOP.V3_0.nc_3.0,PACE_OCI.20241013T152228.L2.OC_AOP.V3_0.nc,0.0958757462777741,2024-10-13 15:24:57.500000+00:00,0.0006098325829952,8.038413216127083e-05,2.6555266231298447e-05,2.741109346970916e-05,1.9470386505126955,0.0039985342882573,-32767.0,0.0004177373191538,0.0013200044631958,1.9903507232666016,2.1981019973754883,0.0105019343857239,0.0134593351675822,18.610137939453125,-41.693016052246094
1902380,1902380QC.nc,112,18.11,-42.64499999999998,2025-02-11 07:55:59.999997440+00:00,-20.32327155004884,PACE_OCI_L2_AOP_PACE_OCI.20250211T160918.L2.OC_AOP.V3_0.nc_3.0,PACE_OCI_L2_AOP_PACE_OCI.20250211T160918.L2.OC_AOP.V3_0.nc_3.0,PACE_OCI.20250211T160918.L2.OC_AOP.V3_0.nc,1.516695900390595,2025-02-11 16:11:47.500000+00:00,0.001661370974034,0.0002179160364903,9.709701407700776e-05,9.300140663981438e-05,0.6873739361763,0.007252212613821,-32767.0,0.0010005434817304,0.002810001373291,1.9358476400375368,2.168673276901245,0.025039857140489,0.0174230188053634,18.12303352355957,-42.649234771728516
1902380,1902380QC.nc,114,17.827,-42.579999999999984,2025-03-03 13:26:00.000004096+00:00,55.961813815007964,PACE_OCI_L2_AOP_PACE_OCI.20250302T155622.L2.OC_AOP.V3_0.nc_3.0,PACE_OCI_L2_AOP_PACE_OCI.20250302T155622.L2.OC_AOP.V3_0.nc_3.0,PACE_OCI.20250302T155622.L2.OC_AOP.V3_0.nc,0.4341999980834881,2025-03-02 15:58:51.500000+00:00,0.0021218236070126,0.0001866277452791,5.912291817367077e-05,5.741370841860771e-05,0.0517994202673435,0.0049720075912773,-32767.0,0.0011889930412342,0.0021300017833709,1.9716798067092896,2.1759121417999268,0.0297892668037556,0.0162976054474634,17.827550888061523,-42.58406066894531
1902380,1902380QC.nc,116,18.235,-42.77600000000001,2025-03-23 16:01:59.999999488+00:00,66.82436048135574,PACE_OCI_L2_AOP_PACE_OCI.20250322T161300.L2.OC_AOP.V3_0.nc_3.0,PACE_OCI_L2_AOP_PACE_OCI.20250322T161300.L2.OC_AOP.V3_0.nc_3.0,PACE_OCI.20250322T161300.L2.OC_AOP.V3_0.nc,1.542884812756236,2025-03-22 16:15:29.500000+00:00,0.0015992015833035,0.0002237286389572,6.869586650282145e-05,6.969261448830366e-05,1.865302801132202,0.0066378503106534,-32767.0,0.0010749048518569,0.0028949975967407,1.975844383239746,2.1907193660736084,0.0269924198739471,0.0108291141276711,18.228551864624023,-42.788936614990234
1902380,1902380QC.nc,117,18.466,-43.15899999999999,2025-04-02 18:31:59.999996416+00:00,35.76077933276543,PACE_OCI_L2_AOP_PACE_OCI.20250402T160925.L2.OC_AOP.V3_0.nc_3.0,PACE_OCI_L2_AOP_PACE_OCI.20250402T160925.L2.OC_AOP.V3_0.nc_3.0,PACE_OCI.20250402T160925.L2.OC_AOP.V3_0.nc,9.820967364531912,2025-04-02 16:11:54.500000+00:00,0.0006540319300256,0.0002014635247178,6.122997729107738e-05,6.274477345868945e-05,1.719969391822815,0.0013296324759721,-32767.0,0.0004244776429731,0.001469999551773,1.9876710176467896,2.197638988494873,0.0106706250865682,0.0156464011204979,18.37798500061035,-43.16675567626953
1902380,1902380QC.nc,118,18.66,-43.49400000000003,2025-04-12 20:21:59.999994880+00:00,10.600113345958258,PACE_OCI_L2_AOP_PACE_OCI.20250413T160528.L2.OC_AOP.V3_0.nc_3.0,PACE_OCI_L2_AOP_PACE_OCI.20250413T160528.L2.OC_AOP.V3_0.nc_3.0,PACE_OCI.20250413T160528.L2.OC_AOP.V3_0.nc,0.987791719011068,2025-04-13 16:07:57.500000+00:00,0.0010006116935983,0.0002896488877013,3.497936995700002e-05,3.750703763216734e-05,1.9300024509429927,0.0041468809358775,-32767.0,0.0006801335283056,0.0019700080156326,1.9897316694259644,2.1978094577789307,0.0170978156627314,0.0117021824959651,18.658531188964844,-43.50324630737305
1902381,1902381QC.nc,81,16.511,-33.52999999999997,2024-04-06 02:15:59.999996416+00:00,-66.89785327948857,PACE_OCI_L2_AOP_PACE_OCI.20240406T152502.L2.OC_AOP.V3_0.nc_3.0,PACE_OCI_L2_AOP_PACE_OCI.20240406T152502.L2.OC_AOP.V3_0.nc_3.0,PACE_OCI.20240406T152502.L2.OC_AOP.V3_0.nc,4.819920053779724,2024-04-06 15:27:32+00:00,0.0017920249374583,0.0004225016164127,6.490945816040039e-05,6.394891534000635e-05,0.0829281955957412,0.004511653445661,-32767.0,0.0009992067889765,0.0021850019693374,1.9749999046325684,2.1897096633911133,0.0250876267841851,0.0136439819801831,16.539134979248047,-33.564395904541016
1902381,1902381QC.nc,94,17.077,-34.41699999999997,2024-08-14 01:38:59.999997952+00:00,-56.902567932505065,PACE_OCI_L2_AOP_PACE_OCI.20240813T144717.L2.OC_AOP.V3_0.nc_3.0,PACE_OCI_L2_AOP_PACE_OCI.20240813T144717.L2.OC_AOP.V3_0.nc_3.0,PACE_OCI.20240813T144717.L2.OC_AOP.V3_0.nc,207.5281541596517,2024-08-13 14:49:46.500000+00:00,5.237756340648048e-06,0.0001809915993362,3.6504816307569854e-06,1.7611117073101923e-05,0.9900888204574584,3.149986150674522e-05,-32767.0,7.123954299070609e-07,-32767.0,-32767.0,2.199939250946045,1.7914725912133567e-05,0.0278879911160356,18.60250473022461,-33.28743362426758
1902381,1902381QC.nc,98,17.564,-34.41500000000002,2024-09-23 02:25:00.000004608+00:00,-72.26745587104367,"PACE_OCI_L2_AOP_PACE_OCI.20240922T144628.L2.OC_AOP.V3_0.nc_3.0,PACE_OCI_L2_AOP_PACE_OCI.20240923T152047.L2.OC_AOP.V3_0.nc_3.0",PACE_OCI_L2_AOP_PACE_OCI.20240922T144628.L2.OC_AOP.V3_0.nc_3.0,PACE_OCI.20240922T144628.L2.OC_AOP.V3_0.nc,0.7451019612965069,2024-09-22 14:48:58+00:00,0.0009629848646,0.000155509711476,4.6934583224356174e-05,4.853378050029278e-05,1.9107460975646973,0.0084163481369614,-32767.0,0.0006509413764627,0.0020250082015991,1.963246703147888,2.1852121353149414,0.0163322101623177,0.014023863457005,17.558685302734375,-34.419281005859375
1902382,1902382QC.nc,94,19.015,-30.154,2024-08-12 22:41:00.000001024+00:00,-29.48844580684457,PACE_OCI_L2_AOP_PACE_OCI.20240813T144717.L2.OC_AOP.V3_0.nc_3.0,PACE_OCI_L2_AOP_PACE_OCI.20240813T144717.L2.OC_AOP.V3_0.nc_3.0,PACE_OCI.20240813T144717.L2.OC_AOP.V3_0.nc,70.85364854527407,2024-08-13 14:49:46.500000+00:00,0.0008289508987218,0.0004417433228809,0.0001498665660619,0.0001596779329702,1.20553457736969,0.0001877065660664,-32767.0,0.0005089838654841,0.0014650076627731,1.9351662397384644,2.1622371673583984,0.0127253291449335,0.0322228678037276,19.145145416259766,-29.493968963623047
1902382,1902382QC.nc,98,19.109,-31.20299999999997,2024-09-21 22:47:59.999995904+00:00,-39.68853425544004,PACE_OCI_L2_AOP_PACE_OCI.20240922T144628.L2.OC_AOP.V3_0.nc_3.0,PACE_OCI_L2_AOP_PACE_OCI.20240922T144628.L2.OC_AOP.V3_0.nc_3.0,PACE_OCI.20240922T144628.L2.OC_AOP.V3_0.nc,0.5135412081364813,2024-09-22 14:48:58+00:00,0.0014362834626808,0.0001563743426231,5.134078674018383e-05,5.384755786508322e-05,1.524790644645691,0.0070764566771686,-32767.0,0.0009271439508053,0.002355009317398,1.97383201122284,2.186777353286743,0.023267784775228,0.01363682603525,19.10447120666504,-31.202041625976562
1902382,1902382QC.nc,111,20.086,-32.50400000000002,2025-01-30 11:11:00.000004096+00:00,29.70221484207717,PACE_OCI_L2_AOP_PACE_OCI.20250130T140244.L2.OC_AOP.V3_0.nc_3.0,PACE_OCI_L2_AOP_PACE_OCI.20250130T140244.L2.OC_AOP.V3_0.nc_3.0,PACE_OCI.20250130T140244.L2.OC_AOP.V3_0.nc,26.100542769989826,2025-01-30 14:05:13.500000+00:00,0.0017125942977145,0.0003648507699836,9.936909191310406e-05,9.424146264791489e-05,0.6304748058319092,0.0097513813525438,-32767.0,0.0010250426277731,0.0026250034570693,1.910154938697815,2.156468629837036,0.0256047617964646,0.0183826921282163,19.92777442932129,-32.319480895996094
1902382,1902382QC.nc,113,19.997,-32.218999999999994,2025-02-19 13:55:59.999997440+00:00,58.2716235389318,PACE_OCI_L2_AOP_PACE_OCI.20250219T142024.L2.OC_AOP.V3_0.nc_3.0,PACE_OCI_L2_AOP_PACE_OCI.20250219T142024.L2.OC_AOP.V3_0.nc_3.0,PACE_OCI.20250219T142024.L2.OC_AOP.V3_0.nc,1.837318736293129,2025-02-19 14:22:53.500000+00:00,0.0021513057872653,0.00046328510507,6.900751031935215e-05,6.475555710494518e-05,0.3154653906822204,0.0094450283795595,-32767.0,0.0012653296466161,0.0030049979686737,1.93690037727356,2.1640119552612305,0.0316437169181235,0.0130463290359784,20.01274871826172,-32.22432327270508
1902382,1902382QC.nc,114,19.829,-32.09699999999998,2025-03-01 14:14:00.000003584+00:00,62.7820678075293,PACE_OCI_L2_AOP_PACE_OCI.20250301T152050.L2.OC_AOP.V3_0.nc_3.0,PACE_OCI_L2_AOP_PACE_OCI.20250301T152050.L2.OC_AOP.V3_0.nc_3.0,PACE_OCI.20250301T152050.L2.OC_AOP.V3_0.nc,2.9604022461338144,2025-03-01 15:23:19.500000+00:00,0.0024459511041641,0.000695141556207,7.135584019124508e-05,7.069366984069347e-05,0.09766186773777,0.0090827699750661,-32767.0,0.0014156139445243,0.0029499977827072,1.947224378585816,2.1644718647003174,0.0354045784589403,0.0125005667643147,19.83921241760254,-32.123138427734375
1902382,1902382QC.nc,115,19.563,-31.92500000000001,2025-03-11 16:27:00.000000512+00:00,50.76465907295536,PACE_OCI_L2_AOP_PACE_OCI.20250311T144235.L2.OC_AOP.V3_0.nc_3.0,PACE_OCI_L2_AOP_PACE_OCI.20250311T144235.L2.OC_AOP.V3_0.nc_3.0,PACE_OCI.20250311T144235.L2.OC_AOP.V3_0.nc,4.263938390762061,2025-03-11 14:45:04.500000+00:00,0.0022118752822279,0.0003978254389949,5.522347055375576e-05,6.18568155914545e-05,1.9486624002456665,0.0120401913300156,-32767.0,0.0015056060647111,0.0040600001811981,1.918135404586792,2.149778127670288,0.0375700920262532,0.0156088385165139,19.55322265625,-31.9643497467041
1902384,1902384QC.nc,81,20.736,-41.61099999999999,2024-04-07 19:13:00.000000512+00:00,24.8273677307139,PACE_OCI_L2_AOP_PACE_OCI.20240407T160005.L2.OC_AOP.V3_0.nc_3.0,PACE_OCI_L2_AOP_PACE_OCI.20240407T160005.L2.OC_AOP.V3_0.nc_3.0,PACE_OCI.20240407T160005.L2.OC_AOP.V3_0.nc,0.4318067539573336,2024-04-07 16:02:34.500000+00:00,0.0010105512337759,0.0002399778750259,3.626715624704957e-05,3.815989475697279e-05,1.9338011741638184,0.0043759229592978,-32767.0,0.0006883296384365,0.0019000023603439,1.991424798965454,2.19759464263916,0.0173032838261587,0.0103952308912496,20.7388973236084,-41.613765716552734
1902384,1902384QC.nc,84,20.254,-41.01799999999997,2024-05-07 23:45:00.000003584+00:00,-32.95444153574336,PACE_OCI_L2_AOP_PACE_OCI.20240507T152746.L2.OC_AOP.V3_0.nc_3.0,PACE_OCI_L2_AOP_PACE_OCI.20240507T152746.L2.OC_AOP.V3_0.nc_3.0,PACE_OCI.20240507T152746.L2.OC_AOP.V3_0.nc,96.98862729398606,2024-05-07 15:30:15.500000+00:00,0.0012260176008567,0.0008981109131127,8.258863817900419e-05,8.548737969249487e-05,1.8541346788406368,0.0043718623928725,-32767.0,0.0008355194442855,0.0022900104522705,1.992755651473999,2.1986851692199707,0.0210068840830615,0.0066910137770693,19.86186408996582,-40.188568115234375
1902384,1902384QC.nc,91,20.106,-42.43099999999998,2024-07-17 12:06:59.999994880+00:00,50.58087700299982,PACE_OCI_L2_AOP_PACE_OCI.20240716T150240.L2.OC_AOP.V3_0.nc_3.0,PACE_OCI_L2_AOP_PACE_OCI.20240716T150240.L2.OC_AOP.V3_0.nc_3.0,PACE_OCI.20240716T150240.L2.OC_AOP.V3_0.nc,453.7098060457869,2024-07-16 15:05:09.500000+00:00,0.0002186172787332,8.519855327904224e-05,4.073964373674244e-05,4.4649073970504105e-05,1.6115291118621826,2.80527619906934e-05,-32767.0,0.0001476315299663,0.0006050020456314,1.9952257871627808,2.1988413333892822,0.0037118862703903,0.0195857928341913,24.167612075805664,-42.85236358642578
1902384,1902384QC.nc,92,20.079,-42.58100000000002,2024-07-27 14:23:00.000001536+00:00,81.96247632919413,PACE_OCI_L2_AOP_PACE_OCI.20240726T155344.L2.OC_AOP.V3_0.nc_3.0,PACE_OCI_L2_AOP_PACE_OCI.20240726T155344.L2.OC_AOP.V3_0.nc_3.0,PACE_OCI.20240726T155344.L2.OC_AOP.V3_0.nc,96.08545052932598,2024-07-26 15:56:13.500000+00:00,0.001009845174849,9.864069579634815e-05,2.792722079902888e-05,3.0621420592069626e-05,1.9317811727523804,0.0037726752925664,-32767.0,0.0006876640179379,0.0017649978399276,1.9938558340072632,2.198535919189453,0.0172890602458682,0.011060382076799,20.9304141998291,-42.738609313964844
1902384,1902384QC.nc,93,20.052,-42.759000000000015,2024-08-06 16:18:00.000002560+00:00,70.4102861445775,PACE_OCI_L2_AOP_PACE_OCI.20240807T161507.L2.OC_AOP.V3_0.nc_3.0,PACE_OCI_L2_AOP_PACE_OCI.20240807T161507.L2.OC_AOP.V3_0.nc_3.0,PACE_OCI.20240807T161507.L2.OC_AOP.V3_0.nc,50.77165302320813,2024-08-07 16:17:36.500000+00:00,0.0018032960360869,0.000244155206019,7.564376574009657e-05,8.15150560811162e-05,1.7420470714569092,0.0060455319471657,-32767.0,0.0011932437858183,0.0027749985456466,1.9782326221466064,2.1887941360473637,0.0299551899488635,0.0090087029802345,19.841806411743164,-42.327789306640625
1902384,1902384QC.nc,94,19.908,-42.93099999999998,2024-08-16 17:28:00.000003584+00:00,53.07308796818512,PACE_OCI_L2_AOP_PACE_OCI.20240817T152659.L2.OC_AOP.V3_0.nc_3.0,PACE_OCI_L2_AOP_PACE_OCI.20240817T152659.L2.OC_AOP.V3_0.nc_3.0,PACE_OCI.20240817T152659.L2.OC_AOP.V3_0.nc,2.053733455014762,2024-08-17 15:29:28.500000+00:00,0.0013435687869787,0.0002616664860397,0.0001111384481191,0.0001081472728401,0.4166422486305237,0.0026155798695981,-32767.0,0.0007729342097907,0.002235010266304,1.9605478048324585,2.1865522861480717,0.0193970350024944,0.017139541660026,19.925411224365234,-42.937557220458984
1902384,1902384QC.nc,95,19.62,-43.048,2024-08-26 19:41:00.000001024+00:00,20.40091548206629,PACE_OCI_L2_AOP_PACE_OCI.20240827T161621.L2.OC_AOP.V3_0.nc_3.0,PACE_OCI_L2_AOP_PACE_OCI.20240827T161621.L2.OC_AOP.V3_0.nc_3.0,PACE_OCI.20240827T161621.L2.OC_AOP.V3_0.nc,18.24004228820465,2024-08-27 16:18:50.500000+00:00,0.0014518364332616,0.0002847737632691,6.001954898238182e-05,6.269337609410286e-05,1.8601943254470823,0.0052032964304089,-32767.0,0.0009740376743282,0.0026150047779083,1.982465147972107,2.1940314769744877,0.0244719892859271,0.0100406969981443,19.646190643310547,-43.21992874145508
1902384,1902384QC.nc,96,19.385,-43.041,2024-09-05 21:14:59.999996416+00:00,-3.617334314373613,PACE_OCI_L2_AOP_PACE_OCI.20240906T152711.L2.OC_AOP.V3_0.nc_3.0,PACE_OCI_L2_AOP_PACE_OCI.20240906T152711.L2.OC_AOP.V3_0.nc_3.0,PACE_OCI.20240906T152711.L2.OC_AOP.V3_0.nc,0.6241185462075646,2024-09-06 15:29:40.500000+00:00,0.0009689224534668,0.0005684588686563,3.817619290202856e-05,3.978359745815396e-05,1.935332536697388,0.0045822565443813,-32767.0,0.0006608757360714,0.0020000040531158,1.989657998085022,2.1977813243865967,0.016613623496244,0.0106562321743659,19.37987518310547,-43.043426513671875
1902384,1902384QC.nc,97,19.27,-42.77999999999997,2024-09-15 23:26:59.999997440+00:00,-36.50568516443989,PACE_OCI_L2_AOP_PACE_OCI.20240916T161535.L2.OC_AOP.V3_0.nc_3.0,PACE_OCI_L2_AOP_PACE_OCI.20240916T161535.L2.OC_AOP.V3_0.nc_3.0,PACE_OCI.20240916T161535.L2.OC_AOP.V3_0.nc,30.588178008703743,2024-09-16 16:18:04.500000+00:00,0.0010396135039627,0.0004830740799661,7.296126568689942e-05,7.551000453531742e-05,1.7711886167526243,0.0068259402178227,-32767.0,0.0006922817985172,0.0020200014114379,1.971611380577088,2.1889147758483887,0.0173793647870775,0.0101761499958091,19.008440017700195,-42.87018585205078
1902384,1902384QC.nc,100,19.188,-41.66699999999997,2024-10-16 03:16:59.999999488+00:00,-75.1379667364807,PACE_OCI_L2_AOP_PACE_OCI.20241015T145224.L2.OC_AOP.V3_0.nc_3.0,PACE_OCI_L2_AOP_PACE_OCI.20241015T145224.L2.OC_AOP.V3_0.nc_3.0,PACE_OCI.20241015T145224.L2.OC_AOP.V3_0.nc,28.4911154815362,2024-10-15 14:54:53.500000+00:00,0.0015693565364927,0.000100134195236,6.091559771448374e-05,6.388570182025433e-05,1.7816522121429443,0.0072254482656717,-32767.0,0.0010348497184685,0.0026250034570693,1.96864664554596,2.184668064117432,0.0259623481895635,0.0112321078259492,19.4440860748291,-41.65797805786133
1902384,1902384QC.nc,112,19.344,-41.05500000000001,2025-02-14 03:31:59.999996416+00:00,-79.69973763186778,"PACE_OCI_L2_AOP_PACE_OCI.20250213T154204.L2.OC_AOP.V3_0.nc_3.0,PACE_OCI_L2_AOP_PACE_OCI.20250214T161739.L2.OC_AOP.V3_0.nc_3.0",PACE_OCI_L2_AOP_PACE_OCI.20250213T154204.L2.OC_AOP.V3_0.nc_3.0,PACE_OCI.20250213T154204.L2.OC_AOP.V3_0.nc,0.3938298558842437,2025-02-13 15:44:33.500000+00:00,0.0024405939038842,0.0004277199332136,6.303098052740097e-05,6.330781616270542e-05,0.0745559111237526,0.0075797252357006,-32767.0,0.0014108225607929,0.003270000219345,1.937799453735352,2.1631975173950195,0.0352778149210222,0.0159782448340273,19.34377670288086,-41.05125427246094
1902385,1902385QC.nc,80,24.994,-55.40499999999997,2024-04-03 08:48:00.000002560+00:00,-10.379965113886495,PACE_OCI_L2_AOP_PACE_OCI.20240403T165633.L2.OC_AOP.V3_0.nc_3.0,PACE_OCI_L2_AOP_PACE_OCI.20240403T165633.L2.OC_AOP.V3_0.nc_3.0,PACE_OCI.20240403T165633.L2.OC_AOP.V3_0.nc,0.7186814959312375,2024-04-03 16:59:03+00:00,0.0006731910980306,6.592986028408632e-05,3.383122384548187e-05,3.5500735975801945e-05,1.910846829414368,0.0002147494524251,-32767.0,0.0004581479545317,0.0013300031423568,1.9979381561279297,2.1996634006500244,0.0115206318939705,0.0114658027101979,24.99074935913086,-55.411163330078125
1902385,1902385QC.nc,82,25.584,-56.418000000000006,2024-04-23 07:57:00.000004096+00:00,-17.484226364351485,PACE_OCI_L2_AOP_PACE_OCI.20240422T163338.L2.OC_AOP.V3_0.nc_3.0,PACE_OCI_L2_AOP_PACE_OCI.20240422T163338.L2.OC_AOP.V3_0.nc_3.0,PACE_OCI.20240422T163338.L2.OC_AOP.V3_0.nc,0.6613182145122077,2024-04-22 16:36:07.500000+00:00,0.0009749325690791,0.0006660295184701,3.286200808361173e-05,3.478128928691149e-05,1.928102970123291,0.0016812164103612,-32767.0,0.0006576237614095,0.0015899986028671,1.997363567352295,2.1994311809539795,0.0165360773131036,0.0104265067016997,25.578933715820312,-56.42145538330078
1902385,1902385QC.nc,84,26.777,-57.11599999999999,2024-05-13 06:45:59.999996416+00:00,-26.89020799364416,PACE_OCI_L2_AOP_PACE_OCI.20240513T171853.L2.OC_AOP.V3_0.nc_3.0,PACE_OCI_L2_AOP_PACE_OCI.20240513T171853.L2.OC_AOP.V3_0.nc_3.0,PACE_OCI.20240513T171853.L2.OC_AOP.V3_0.nc,131.397892376284,2024-05-13 17:21:22.500000+00:00,0.0009449670324102,0.0003054278495255,5.950435297563672e-05,6.120163016021252e-05,1.891906261444092,0.0016565895639359,-32767.0,0.0006463339397941,0.0023349970579147,1.9852646589279173,2.197610378265381,0.0162476321057289,0.0102395639754436,25.600034713745117,-56.99837112426758
1902385,1902385QC.nc,90,25.544,-58.12099999999998,2024-07-12 04:35:59.999998464+00:00,-41.67868522565673,PACE_OCI_L2_AOP_PACE_OCI.20240712T160047.L2.OC_AOP.V3_0.nc_3.0,PACE_OCI_L2_AOP_PACE_OCI.20240712T160047.L2.OC_AOP.V3_0.nc_3.0,PACE_OCI.20240712T160047.L2.OC_AOP.V3_0.nc,1.7962566464811096,2024-07-12 16:03:16.500000+00:00,0.0003523727355059,0.0001132801990024,3.029935760423541e-05,3.360936534591019e-05,1.866926670074463,1.4366327377501875e-05,-32767.0,0.0002420568235494,0.0007549971342086,1.999762773513794,2.1999852657318115,0.0060870858286905,0.0105990035044333,25.557479858398438,-58.11113357543945
1902385,1902385QC.nc,92,25.143,-58.93599999999998,2024-08-01 05:17:00.000003072+00:00,-43.26509962449313,PACE_OCI_L2_AOP_PACE_OCI.20240801T160427.L2.OC_AOP.V3_0.nc_3.0,PACE_OCI_L2_AOP_PACE_OCI.20240801T160427.L2.OC_AOP.V3_0.nc_3.0,PACE_OCI.20240801T160427.L2.OC_AOP.V3_0.nc,0.3767357967320344,2024-08-01 16:06:56.500000+00:00,0.0011698745656758,0.0002976672840304,3.999064210802317e-05,4.337343852967024e-05,1.9400622844696045,0.0015929593937471,-32767.0,0.0007941340657199,0.0021000057458877,1.9958338737487795,2.1987464427948,0.0199665490400124,0.0103822045656246,25.14142608642578,-58.93931579589844
1902385,1902385QC.nc,93,24.86,-59.285000000000025,2024-08-11 06:30:00.000003584+00:00,-36.21359594860384,"PACE_OCI_L2_AOP_PACE_OCI.20240810T162025.L2.OC_AOP.V3_0.nc_3.0,PACE_OCI_L2_AOP_PACE_OCI.20240811T165456.L2.OC_AOP.V3_0.nc_3.0",PACE_OCI_L2_AOP_PACE_OCI.20240811T165456.L2.OC_AOP.V3_0.nc_3.0,PACE_OCI.20240811T165456.L2.OC_AOP.V3_0.nc,0.7095094464620085,2024-08-11 16:57:25.500000+00:00,0.0008710545371286,5.747708200942725e-05,5.2525720093399286e-05,5.732948193326592e-05,1.7266323566436768,9.892520756693556e-05,-32767.0,0.0005609721220506,0.0016999989748001,1.9941309690475464,2.199249029159546,0.0141053577291524,0.0119186483266804,24.863651275634766,-59.279232025146484
1902385,1902385QC.nc,94,24.662,-59.519000000000005,2024-08-21 07:04:59.999998976+00:00,-32.13218794896438,PACE_OCI_L2_AOP_PACE_OCI.20240821T160619.L2.OC_AOP.V3_0.nc_3.0,PACE_OCI_L2_AOP_PACE_OCI.20240821T160619.L2.OC_AOP.V3_0.nc_3.0,PACE_OCI.20240821T160619.L2.OC_AOP.V3_0.nc,1.5161693534773362,2024-08-21 16:08:48.500000+00:00,0.0006449017091654,0.0002006888971664,3.5435601603239775e-05,3.782869316637516e-05,1.9323980808258057,0.0003411331563256,-32767.0,0.0004428559963544,0.0013000071048736,1.998028993606568,2.199819803237915,0.0111363681303111,0.0101694218595704,24.671030044555664,-59.507755279541016
1902385,1902385QC.nc,95,24.691,-59.668000000000006,2024-08-31 06:14:59.999996416+00:00,-43.117263565497566,"PACE_OCI_L2_AOP_PACE_OCI.20240830T162117.L2.OC_AOP.V3_0.nc_3.0,PACE_OCI_L2_AOP_PACE_OCI.20240831T165541.L2.OC_AOP.V3_0.nc_3.0",PACE_OCI_L2_AOP_PACE_OCI.20240831T165541.L2.OC_AOP.V3_0.nc_3.0,PACE_OCI.20240831T165541.L2.OC_AOP.V3_0.nc,0.4148134332603754,2024-08-31 16:58:10.500000+00:00,0.0013539808569476,0.0005628135404549,5.6324643082916737e-05,5.398143548518419e-05,0.8934720754623413,0.0018743770197033,-32767.0,0.0008144766438242,0.0018500089645385,1.99546217918396,2.198471546173096,0.0204771446895126,0.0100959327635968,24.69464683532715,-59.66713333129883
1902385,1902385QC.nc,97,25.238,-59.95600000000002,2024-09-20 06:17:59.999995904+00:00,-46.31075565542568,PACE_OCI_L2_AOP_PACE_OCI.20240920T165429.L2.OC_AOP.V3_0.nc_3.0,PACE_OCI_L2_AOP_PACE_OCI.20240920T165429.L2.OC_AOP.V3_0.nc_3.0,PACE_OCI.20240920T165429.L2.OC_AOP.V3_0.nc,82.941788488621,2024-09-20 16:56:58.500000+00:00,0.0028947608079761,0.0006599594489671,7.051369175314903e-05,7.051089778542519e-05,0.0601958557963371,0.0031708164606243,0.0853049755096435,0.0016401230390611,0.0032500028610229,1.982266187667847,2.1885790824890137,0.0411722807167318,0.0104883610880007,24.545515060424805,-60.26161193847656
1902385,1902385QC.nc,102,26.394,-60.83600000000001,2024-11-09 05:51:00.000002048+00:00,-59.82994646827088,PACE_OCI_L2_AOP_PACE_OCI.20241108T170955.L2.OC_AOP.V3_0.nc_3.0,PACE_OCI_L2_AOP_PACE_OCI.20241108T170955.L2.OC_AOP.V3_0.nc_3.0,PACE_OCI.20241108T170955.L2.OC_AOP.V3_0.nc,0.6334435487844435,2024-11-08 17:12:24.500000+00:00,0.0020868552383035,0.0003799062687903,9.59786120802164e-05,9.142281487584114e-05,0.6515106558799744,0.0051615992560982,-32767.0,0.0012655403613326,0.0025500059127807,1.9780434370040887,2.18859601020813,0.0317691518767753,0.0105681500682249,26.390310287475586,-60.84084701538086
1902385,1902385QC.nc,111,25.623,-60.910000000000025,2025-02-07 19:16:00+00:00,30.564776555552804,PACE_OCI_L2_AOP_PACE_OCI.20250207T170349.L2.OC_AOP.V3_0.nc_3.0,PACE_OCI_L2_AOP_PACE_OCI.20250207T170349.L2.OC_AOP.V3_0.nc_3.0,PACE_OCI.20250207T170349.L2.OC_AOP.V3_0.nc,0.4540949629307029,2025-02-07 17:06:18.500000+00:00,0.0012012725928798,0.0003136916493531,5.396781489253044e-05,5.397771019488573e-05,1.7128112316131592,0.0018927039345726,-32767.0,0.0007746558676981,0.0018250048160552,1.9886153936386108,2.1957943439483643,0.0194679567218698,0.0147326645013702,25.626495361328125,-60.907657623291016
1902385,1902385QC.nc,112,25.582,-60.61099999999999,2025-02-17 20:08:00.000005120+00:00,22.477511549011005,"PACE_OCI_L2_AOP_PACE_OCI.20250217T162600.L2.OC_AOP.V3_0.nc_3.0,PACE_OCI_L2_AOP_PACE_OCI.20250218T170135.L2.OC_AOP.V3_0.nc_3.0",PACE_OCI_L2_AOP_PACE_OCI.20250217T162600.L2.OC_AOP.V3_0.nc_3.0,PACE_OCI.20250217T162600.L2.OC_AOP.V3_0.nc,0.615828669726635,2025-02-17 16:28:29.500000+00:00,0.0008346286485902,9.696465713204816e-05,3.567407839000225e-05,3.895681584253907e-05,1.803507328033448,0.0018081931630149,-32767.0,0.0005449020231151,0.0014249980449676,1.9937388896942136,2.198363780975342,0.0136994140367377,0.0137151725561495,25.578815460205078,-60.60597610473633
1902385,1902385QC.nc,113,25.468,-60.10700000000003,2025-02-27 22:43:00.000003584+00:00,-10.172875119667385,PACE_OCI_L2_AOP_PACE_OCI.20250227T172628.L2.OC_AOP.V3_0.nc_3.0,PACE_OCI_L2_AOP_PACE_OCI.20250227T172628.L2.OC_AOP.V3_0.nc_3.0,PACE_OCI.20250227T172628.L2.OC_AOP.V3_0.nc,9.903098790983192,2025-02-27 17:28:57.500000+00:00,0.0001560343225719,0.0001372379629174,4.574132617563009e-05,4.760571755468845e-05,1.5781772136688232,1.5493033060920425e-05,-32767.0,0.0001140841746419,0.0007200092077255,1.9995052814483645,2.1999988555908203,0.002868919806227,0.0122257945113132,25.517559051513672,-60.025020599365234
1902385,1902385QC.nc,116,25.569,-58.250999999999976,2025-03-30 03:41:00.000004096+00:00,-60.324193447350886,PACE_OCI_L2_AOP_PACE_OCI.20250330T160134.L2.OC_AOP.V3_0.nc_3.0,PACE_OCI_L2_AOP_PACE_OCI.20250330T160134.L2.OC_AOP.V3_0.nc_3.0,PACE_OCI.20250330T160134.L2.OC_AOP.V3_0.nc,5.371681509446692,2025-03-30 16:04:03.500000+00:00,0.0035150717012584,0.0009260314400307,5.8969249948859215e-05,5.748984403908253e-05,0.0673437565565109,0.0048849266022443,-32767.0,0.0020139666816663,0.0046350061893463,1.9623039960861208,2.18222975730896,0.0505074824411554,0.0088623477463626,25.559499740600586,-58.303504943847656
1902385,1902385QC.nc,118,26.034,-58.137,2025-04-19 08:29:00+00:00,-12.98360266397694,PACE_OCI_L2_AOP_PACE_OCI.20250418T172400.L2.OC_AOP.V3_0.nc_3.0,PACE_OCI_L2_AOP_PACE_OCI.20250418T172400.L2.OC_AOP.V3_0.nc_3.0,PACE_OCI.20250418T172400.L2.OC_AOP.V3_0.nc,137.80175875377972,2025-04-18 17:26:29.500000+00:00,0.0020301896147429,0.0003834446833934,7.213931530714035e-05,7.39686656743288e-05,1.8858917951583865,0.0044065481051802,-32767.0,0.0013676204577256,0.0038750022649765,1.976212859153748,2.192474603652954,0.0343522266677161,0.0095856694158075,25.82202911376953,-59.49468231201172
1902453,1902453QC.nc,36,-2.189,72.368,2024-06-05 19:49:59.999998976+00:00,-67.25384722245343,PACE_OCI_L2_AOP_PACE_OCI.20240605T073318.L2.OC_AOP.V3_0.nc_3.0,PACE_OCI_L2_AOP_PACE_OCI.20240605T073318.L2.OC_AOP.V3_0.nc_3.0,PACE_OCI.20240605T073318.L2.OC_AOP.V3_0.nc,3.0190417857917784,2024-06-05 07:35:47.500000+00:00,0.0009484939510002,0.0002142904704669,6.124452920630574e-05,6.511807441711426e-05,1.7583664655685425,0.0072770067490637,-32767.0,0.0006203804561238,0.0016400068998336,1.953102469444275,2.175211906433105,0.015541456950313,0.0195940481858289,-2.1950461864471436,72.34151458740234
1902453,1902453QC.nc,62,-3.52,74.473,2025-02-22 02:20:00.000002048+00:00,16.525172442298956,PACE_OCI_L2_AOP_PACE_OCI.20250221T085303.L2.OC_AOP.V3_0.nc_3.0,PACE_OCI_L2_AOP_PACE_OCI.20250221T085303.L2.OC_AOP.V3_0.nc_3.0,PACE_OCI.20250221T085303.L2.OC_AOP.V3_0.nc,143.2236916794683,2025-02-21 08:55:32.500000+00:00,0.0010020685149356,0.0001345405325992,5.513383075594902e-05,5.784793756902218e-05,1.872603297233581,0.0090054105967283,-32767.0,0.0006725673744848,0.0018749982118606,1.952708125114441,2.1712660789489746,0.0168385717303627,0.0169810730502423,-4.036766052246094,73.29059600830078
1902453,1902453QC.nc,64,-3.521,73.842,2025-03-14 06:19:00.000002560+00:00,76.28654061904781,PACE_OCI_L2_AOP_PACE_OCI.20250313T073647.L2.OC_AOP.V3_0.nc_3.0,PACE_OCI_L2_AOP_PACE_OCI.20250313T073647.L2.OC_AOP.V3_0.nc_3.0,PACE_OCI.20250313T073647.L2.OC_AOP.V3_0.nc,24.59924999887949,2025-03-13 07:39:16.500000+00:00,0.0007056036265566,0.0001867733080871,5.5124866776168346e-05,5.917646922171116e-05,1.8010051250457764,0.0074495887383818,-32767.0,0.0004673825738954,0.0015449970960617,1.9571293592453003,2.1851603984832764,0.0117266011402927,0.018005416942772,-3.311521053314209,73.77074432373047
1902453,1902453QC.nc,68,-3.207,74.71,2025-04-23 15:08:59.999997952+00:00,-32.298938049752486,"PACE_OCI_L2_AOP_PACE_OCI.20250423T084223.L2.OC_AOP.V3_0.nc_3.0,PACE_OCI_L2_AOP_PACE_OCI.20250424T074423.L2.OC_AOP.V3_0.nc_3.0",PACE_OCI_L2_AOP_PACE_OCI.20250424T074423.L2.OC_AOP.V3_0.nc_3.0,PACE_OCI.20250424T074423.L2.OC_AOP.V3_0.nc,0.9705898806850612,2025-04-24 07:46:52.500000+00:00,0.0009270827285945,8.300910121761262e-05,2.50483863055706e-05,2.5521148927509785e-05,1.9450956583023071,0.0097773149609565,0.0625250339508056,0.0006274058970151,0.0017800033092498,1.9633355140686035,2.1829540729522705,0.0157362238485885,0.0145309190307352,-3.2006897926330566,74.7160415649414
1902454,1902454QC.nc,47,2.749,57.133,2024-09-25 12:58:00.000003584+00:00,16.197951717667994,PACE_OCI_L2_AOP_PACE_OCI.20240925T095112.L2.OC_AOP.V3_0.nc_3.0,PACE_OCI_L2_AOP_PACE_OCI.20240925T095112.L2.OC_AOP.V3_0.nc_3.0,PACE_OCI.20240925T095112.L2.OC_AOP.V3_0.nc,1.3462727154171334,2024-09-25 09:53:41.500000+00:00,0.0009536797297187,0.0001650175836402,8.253910345956683e-05,8.54373793117702e-05,1.752819299697876,0.0133164208382368,-32767.0,0.0006375558704604,0.0018700063228607,1.8512914180755613,2.083425521850586,0.0157473345790629,0.0320807164054399,2.751664876937866,57.121177673339844
1902454,1902454QC.nc,50,2.03,57.172,2024-10-25 12:50:59.999998464+00:00,15.281252998470356,"PACE_OCI_L2_AOP_PACE_OCI.20241025T090056.L2.OC_AOP.V3_0.nc_3.0,PACE_OCI_L2_AOP_PACE_OCI.20241026T093505.L2.OC_AOP.V3_0.nc_3.0",PACE_OCI_L2_AOP_PACE_OCI.20241025T090056.L2.OC_AOP.V3_0.nc_3.0,PACE_OCI.20241025T090056.L2.OC_AOP.V3_0.nc,0.7957710102546965,2024-10-25 09:03:25.500000+00:00,0.0011498010717332,0.0002803074603434,3.721390385180712e-05,3.772042691707611e-05,1.9514105319976809,0.0184141434729099,-32767.0,0.0007931058385946,0.0023000091314315,1.8247358798980715,2.068002939224243,0.0195428304602166,0.028674076947265,2.0238888263702393,57.16827392578125
1902454,1902454QC.nc,51,2.735,57.293,2024-11-04 11:53:00.000005120+00:00,28.26581512370602,"PACE_OCI_L2_AOP_PACE_OCI.20241104T094759.L2.OC_AOP.V3_0.nc_3.0,PACE_OCI_L2_AOP_PACE_OCI.20241105T084359.L2.OC_AOP.V3_0.nc_3.0",PACE_OCI_L2_AOP_PACE_OCI.20241105T084359.L2.OC_AOP.V3_0.nc_3.0,PACE_OCI.20241105T084359.L2.OC_AOP.V3_0.nc,0.4138898462001219,2024-11-05 08:46:29+00:00,0.000506609736476,0.0001302999735344,2.91193719021976e-05,2.982979640364647e-05,1.9356359243392944,0.0114872558042407,0.0634601116180419,0.0003532269822786,0.00135999917984,1.885175466537476,2.125234842300415,0.008780953654441,0.0342103227508892,2.737849235534668,57.29060363769531
1902454,1902454QC.nc,52,3.975,57.994,2024-11-14 14:18:59.999995904+00:00,-7.537132309446839,PACE_OCI_L2_AOP_PACE_OCI.20241115T093129.L2.OC_AOP.V3_0.nc_3.0,PACE_OCI_L2_AOP_PACE_OCI.20241115T093129.L2.OC_AOP.V3_0.nc_3.0,PACE_OCI.20241115T093129.L2.OC_AOP.V3_0.nc,2.313375935337779,2024-11-15 09:33:58.500000+00:00,0.0021074309479445,0.0002420541859464,9.67669766396284e-05,9.912019595503808e-05,1.4840927124023438,0.0141948824748396,-32767.0,0.0013588630021604,0.0024899989366531,1.874272346496582,2.091754198074341,0.0336064053526931,0.0228794254042687,3.9668078422546387,57.974830627441406
1902454,1902454QC.nc,53,2.54,57.857,2024-11-24 16:23:00.000005120+00:00,-35.219725519282896,PACE_OCI_L2_AOP_PACE_OCI.20241124T094432.L2.OC_AOP.V3_0.nc_3.0,PACE_OCI_L2_AOP_PACE_OCI.20241124T094432.L2.OC_AOP.V3_0.nc_3.0,PACE_OCI.20241124T094432.L2.OC_AOP.V3_0.nc,2.340277850957115,2024-11-24 09:47:02+00:00,0.0020854454487562,0.0004690293280873,0.0001002843491733,0.0001025716774165,1.3303905725479126,0.0160762947052717,-32767.0,0.0013389807854555,0.0031650066375732,1.842578887939453,2.068052291870117,0.0329939242919309,0.0223195997332409,2.5407724380493164,57.8780517578125
1902454,1902454QC.nc,55,1.973,55.761,2024-12-14 20:54:59.999997952+00:00,-66.28561041196207,PACE_OCI_L2_AOP_PACE_OCI.20241214T094653.L2.OC_AOP.V3_0.nc_3.0,PACE_OCI_L2_AOP_PACE_OCI.20241214T094653.L2.OC_AOP.V3_0.nc_3.0,PACE_OCI.20241214T094653.L2.OC_AOP.V3_0.nc,1.4693767265828717,2024-12-14 09:49:23+00:00,0.0013613133924081,0.0002061787672573,9.341957047581673e-05,0.0001019798219203,1.7845067977905271,0.0195721108466386,-32767.0,0.0009325537111559,0.0024200081825256,1.6926318407058716,1.9354512691497805,0.0225141867896253,0.0389383803934599,1.975101113319397,55.747947692871094
1902454,1902454QC.nc,56,2.18,55.086,2024-12-24 23:09:00.000001536+00:00,-43.87224302586292,"PACE_OCI_L2_AOP_PACE_OCI.20241224T090112.L2.OC_AOP.V3_0.nc_3.0,PACE_OCI_L2_AOP_PACE_OCI.20241225T093557.L2.OC_AOP.V3_0.nc_3.0",PACE_OCI_L2_AOP_PACE_OCI.20241224T090112.L2.OC_AOP.V3_0.nc_3.0,PACE_OCI.20241224T090112.L2.OC_AOP.V3_0.nc,0.4658716932460188,2024-12-24 09:03:41.500000+00:00,0.0006016819388605,0.0004425366059876,5.8419827837497e-05,6.206228863447905e-05,1.781613826751709,0.0096873687580227,-32767.0,0.0004102908701447,0.0014450103044509,1.8212980031967163,2.068426609039306,0.0101105911434833,0.0477692954136262,2.176126003265381,55.08440399169922
1902455,1902455QC.nc,52,2.493,70.456,2024-11-03 06:39:59.999997952+00:00,71.48612987613548,PACE_OCI_L2_AOP_PACE_OCI.20241102T083935.L2.OC_AOP.V3_0.nc_3.0,PACE_OCI_L2_AOP_PACE_OCI.20241102T083935.L2.OC_AOP.V3_0.nc_3.0,PACE_OCI.20241102T083935.L2.OC_AOP.V3_0.nc,1.3631340897092872,2024-11-02 08:42:05+00:00,0.0016387226060032,0.0004592654586303,6.188126280903816e-05,6.218394264578819e-05,1.4598840475082395,0.0094847157597541,0.0673699378967285,0.0010490250349181,0.0024150013923645,1.9398019313812256,2.158447742462158,0.0262118184187766,0.0178462511208837,2.4858994483947754,70.44599914550781
1902455,1902455QC.nc,65,2.212,74.423,2025-03-14 11:34:59.999998976+00:00,23.99092223317317,PACE_OCI_L2_AOP_PACE_OCI.20250315T084748.L2.OC_AOP.V3_0.nc_3.0,PACE_OCI_L2_AOP_PACE_OCI.20250315T084748.L2.OC_AOP.V3_0.nc_3.0,PACE_OCI.20250315T084748.L2.OC_AOP.V3_0.nc,8.87209449933207,2025-03-15 08:50:17.500000+00:00,0.0031144886743277,0.0006349185132421,9.573530405759811e-05,9.318930096924304e-05,0.1522698700428009,0.0103075075894594,-32767.0,0.0018284884107553,0.0039499998092651,1.908037543296814,2.134324550628662,0.045518563702442,0.0149151673435593,2.291773796081543,74.42145538330078
1902455,1902455QC.nc,69,2.979,73.668,2025-04-23 19:32:59.999999488+00:00,-72.59099740825181,"PACE_OCI_L2_AOP_PACE_OCI.20250423T084723.L2.OC_AOP.V3_0.nc_3.0,PACE_OCI_L2_AOP_PACE_OCI.20250424T074423.L2.OC_AOP.V3_0.nc_3.0",PACE_OCI_L2_AOP_PACE_OCI.20250424T074423.L2.OC_AOP.V3_0.nc_3.0,PACE_OCI.20250424T074423.L2.OC_AOP.V3_0.nc,0.2694859781987926,2025-04-24 07:46:52.500000+00:00,0.0013036140007898,0.0012444052845239,3.957317676395178e-05,4.2513711377978325e-05,1.9379663467407229,0.0121353436261415,-32767.0,0.0008820997672963,0.0024550110101699,1.922831892967224,2.1527791023254395,0.0220216334158043,0.0172344782915367,2.9767355918884277,73.6671371459961
1902456,1902456QC.nc,33,-26.363,56.827,2024-04-12 08:25:00.000004608+00:00,54.62223306065155,PACE_OCI_L2_AOP_PACE_OCI.20240412T085514.L2.OC_AOP.V3_0.nc_3.0,PACE_OCI_L2_AOP_PACE_OCI.20240412T085514.L2.OC_AOP.V3_0.nc_3.0,PACE_OCI.20240412T085514.L2.OC_AOP.V3_0.nc,54.38474863379355,2024-04-12 08:57:44+00:00,0.0022681332193315,0.0004815875145141,6.526871584355831e-05,6.801937706768513e-05,1.8828058242797847,0.0119660142809152,-32767.0,0.0015283932716725,0.0038900077342987,1.9454963207244875,2.1748147010803223,0.038286188589742,0.0087315151006132,-25.980405807495117,57.16649627685547
1902456,1902456QC.nc,36,-25.837,55.624,2024-05-12 08:04:59.999995392+00:00,45.83571379831677,"PACE_OCI_L2_AOP_PACE_OCI.20240511T092046.L2.OC_AOP.V3_0.nc_3.0,PACE_OCI_L2_AOP_PACE_OCI.20240512T095540.L2.OC_AOP.V3_0.nc_3.0",PACE_OCI_L2_AOP_PACE_OCI.20240511T092046.L2.OC_AOP.V3_0.nc_3.0,PACE_OCI.20240511T092046.L2.OC_AOP.V3_0.nc,0.5399846544444197,2024-05-11 09:23:15.500000+00:00,0.0010690297931432,0.000567995943129,4.835857544094324e-05,5.21769979968667e-05,1.8063541650772093,0.0101064555346965,-32767.0,0.0007096152023337,0.0020350068807601,1.9287739992141724,2.157320499420166,0.0177279597245763,0.0220337818777365,-25.839399337768555,55.628692626953125
1902456,1902456QC.nc,38,-25.566,54.261,2024-06-01 08:12:59.999996928+00:00,42.27656106701639,PACE_OCI_L2_AOP_PACE_OCI.20240601T100406.L2.OC_AOP.V3_0.nc_3.0,PACE_OCI_L2_AOP_PACE_OCI.20240601T100406.L2.OC_AOP.V3_0.nc_3.0,PACE_OCI.20240601T100406.L2.OC_AOP.V3_0.nc,0.9704619480262896,2024-06-01 10:06:36+00:00,0.0001687195763224,0.0001899633789435,4.509775317274034e-05,4.594265192281455e-05,1.7312607765197754,0.0005116125685162,-32767.0,0.0001326823715984,0.0008900016546249,1.9801214933395384,2.195643663406372,0.0033343768949289,0.0240962273279593,-25.567533493041992,54.2514762878418
1902456,1902456QC.nc,40,-25.305,52.855,2024-06-21 08:26:00.000001024+00:00,41.26414826323457,PACE_OCI_L2_AOP_PACE_OCI.20240621T101056.L2.OC_AOP.V3_0.nc_3.0,PACE_OCI_L2_AOP_PACE_OCI.20240621T101056.L2.OC_AOP.V3_0.nc_3.0,PACE_OCI.20240621T101056.L2.OC_AOP.V3_0.nc,5.742040155596713,2024-06-21 10:13:25.500000+00:00,0.0025220941752195,0.0007527957204729,9.703962132334708e-05,9.742728434503078e-05,0.5536120533943176,0.0141089837998151,-32767.0,0.0015530279303336,0.004050001502037,1.817166090011597,2.0670382976531982,0.0382622937092676,0.0263870640951385,-25.33466911315918,52.80824279785156
1902456,1902456QC.nc,41,-25.465,51.778,2024-07-11 07:43:00.000003584+00:00,40.666047290077614,"PACE_OCI_L2_AOP_PACE_OCI.20240710T094135.L2.OC_AOP.V3_0.nc_3.0,PACE_OCI_L2_AOP_PACE_OCI.20240711T101614.L2.OC_AOP.V3_0.nc_3.0",PACE_OCI_L2_AOP_PACE_OCI.20240710T094135.L2.OC_AOP.V3_0.nc_3.0,PACE_OCI.20240710T094135.L2.OC_AOP.V3_0.nc,0.6083437160088888,2024-07-10 09:44:04.500000+00:00,0.0003904394397977,0.0002465340949129,4.10086358897388e-05,4.352655378170312e-05,1.8573170900344849,0.0034868901129812,-32767.0,0.0002753768509357,0.0011800080537796,1.923411130905152,2.167120695114136,0.00689000213181,0.0364514802306823,-25.470428466796875,51.77724075317383
1902456,1902456QC.nc,42,-25.887,51.498,2024-07-21 06:56:59.999997440+00:00,37.40443844803761,"PACE_OCI_L2_AOP_PACE_OCI.20240720T085435.L2.OC_AOP.V3_0.nc_3.0,PACE_OCI_L2_AOP_PACE_OCI.20240720T103253.L2.OC_AOP.V3_0.nc_3.0,PACE_OCI_L2_AOP_PACE_OCI.20240721T092911.L2.OC_AOP.V3_0.nc_3.0",PACE_OCI_L2_AOP_PACE_OCI.20240721T092911.L2.OC_AOP.V3_0.nc_3.0,PACE_OCI.20240721T092911.L2.OC_AOP.V3_0.nc,0.2608621900011866,2024-07-21 09:31:40.500000+00:00,0.0004216976522002,0.0001981998648261,5.981817957945168e-05,6.329134339466691e-05,1.4955755472183228,0.0001288892235606,0.0102500915527343,0.0002822409916437,0.0009649991989135,1.9073013067245483,2.1290533542633057,0.007020427401884,0.0476500296732234,-25.88634490966797,51.50050354003906
1902456,1902456QC.nc,43,-26.139,51.339,2024-07-31 07:16:59.999996416+00:00,41.28437768502304,"PACE_OCI_L2_AOP_PACE_OCI.20240730T094526.L2.OC_AOP.V3_0.nc_3.0,PACE_OCI_L2_AOP_PACE_OCI.20240731T101959.L2.OC_AOP.V3_0.nc_3.0",PACE_OCI_L2_AOP_PACE_OCI.20240730T094526.L2.OC_AOP.V3_0.nc_3.0,PACE_OCI.20240730T094526.L2.OC_AOP.V3_0.nc,0.3952675983781732,2024-07-30 09:47:55.500000+00:00,0.0016081364592537,0.0003011990047525,9.046797640621662e-05,9.110604878515004e-05,1.380073308944702,0.0113110681995749,-32767.0,0.0010212500567275,0.0020750015974044,1.9121490716934204,2.132987260818481,0.025417855665509,0.0225539687144496,-26.137283325195312,51.34246826171875
1902456,1902456QC.nc,44,-26.265,51.17,2024-08-10 06:19:00.000002560+00:00,35.97763134610452,PACE_OCI_L2_AOP_PACE_OCI.20240809T103559.L2.OC_AOP.V3_0.nc_3.0,PACE_OCI_L2_AOP_PACE_OCI.20240809T103559.L2.OC_AOP.V3_0.nc_3.0,PACE_OCI.20240809T103559.L2.OC_AOP.V3_0.nc,0.3710076601084126,2024-08-09 10:38:28.500000+00:00,0.0008676188299432,0.0002754559973254,8.656043792143464e-05,9.134184801951052e-05,0.8298361301422119,0.002716509392485,0.0292050838470459,0.0005104619432495,0.0014600008726119,1.8524202108383176,2.101487636566162,0.0126433273644038,0.0427488805131919,-26.2679443359375,51.171749114990234
1902456,1902456QC.nc,45,-26.185,51.17,2024-08-20 07:15:00.000003584+00:00,46.53502073341411,PACE_OCI_L2_AOP_PACE_OCI.20240820T102200.L2.OC_AOP.V3_0.nc_3.0,PACE_OCI_L2_AOP_PACE_OCI.20240820T102200.L2.OC_AOP.V3_0.nc_3.0,PACE_OCI.20240820T102200.L2.OC_AOP.V3_0.nc,105.36707867421327,2024-08-20 10:24:29.500000+00:00,0.0030835152138024,0.0003864707541652,8.968589827418327e-05,9.243539534509182e-05,0.0385717712342739,0.018082020804286,-32767.0,0.0017883314722327,0.003600001335144,1.886990308761597,2.122675895690918,0.0444390254918725,0.0092704560085601,-25.318077087402344,51.59477615356445
1902456,1902456QC.nc,47,-25.865,51.901,2024-09-09 07:41:59.999997440+00:00,56.97819680785189,PACE_OCI_L2_AOP_PACE_OCI.20240908T095247.L2.OC_AOP.V3_0.nc_3.0,PACE_OCI_L2_AOP_PACE_OCI.20240908T095247.L2.OC_AOP.V3_0.nc_3.0,PACE_OCI.20240908T095247.L2.OC_AOP.V3_0.nc,0.474981151853893,2024-09-08 09:55:16.500000+00:00,0.0016844664933159,0.0005990469362586,5.808414425700903e-05,6.16052420809865e-05,1.4616434574127195,0.0107960971072316,-32767.0,0.0010891088335952,0.0026649981737136,1.876592993736267,2.11157488822937,0.0270174644576573,0.0282782361429838,-25.863664627075195,51.89649200439453
1902456,1902456QC.nc,51,-24.792,53.141,2024-10-19 07:12:00.000004096+00:00,69.54674528036553,PACE_OCI_L2_AOP_PACE_OCI.20241019T102555.L2.OC_AOP.V3_0.nc_3.0,PACE_OCI_L2_AOP_PACE_OCI.20241019T102555.L2.OC_AOP.V3_0.nc_3.0,PACE_OCI.20241019T102555.L2.OC_AOP.V3_0.nc,6.282924974117558,2024-10-19 10:28:25+00:00,0.0007666999590583,0.0003105852229055,8.793611777946353e-05,9.302597027271986e-05,1.5255838632583618,0.0005985965253785,-32767.0,0.000475067496205,0.0014349967241287,1.928171277046204,2.171149730682373,0.01189370039821,0.0289286759534581,-24.750446319580078,53.09883499145508
1902456,1902456QC.nc,54,-23.716,54.905,2024-11-18 06:22:59.999998464+00:00,65.79752103661666,PACE_OCI_L2_AOP_PACE_OCI.20241118T093048.L2.OC_AOP.V3_0.nc_3.0,PACE_OCI_L2_AOP_PACE_OCI.20241118T093048.L2.OC_AOP.V3_0.nc_3.0,PACE_OCI.20241118T093048.L2.OC_AOP.V3_0.nc,1.3137947526308615,2024-11-18 09:33:17.500000+00:00,0.0011869042646139,0.0002933351206593,7.117143832147121e-05,7.635192014276981e-05,1.673548936843872,0.0065036271698772,-32767.0,0.0007766984586665,0.0018400102853775,1.985304474830628,2.192574977874756,0.0195096043451702,0.0122155506199669,-23.705331802368164,54.89945602416992
1902456,1902456QC.nc,58,-24.477,56.181,2025-01-07 15:14:59.999996416+00:00,-2.12564375284734,PACE_OCI_L2_AOP_PACE_OCI.20250108T092042.L2.OC_AOP.V3_0.nc_3.0,PACE_OCI_L2_AOP_PACE_OCI.20250108T092042.L2.OC_AOP.V3_0.nc_3.0,PACE_OCI.20250108T092042.L2.OC_AOP.V3_0.nc,0.474997299460399,2025-01-08 09:23:11.500000+00:00,0.0018421685090288,0.0007236570818349,8.464104030281305e-05,9.014992974698544e-05,1.6832748651504517,0.0088210720568895,-32767.0,0.0012182172775127,0.0030599981546401,1.960470080375672,2.183235883712769,0.0305559315953742,0.0107921517155849,-24.47418975830078,56.18453598022461
1902456,1902456QC.nc,59,-23.861,56.106,2025-01-17 18:05:59.999998464+00:00,-34.02687072298582,PACE_OCI_L2_AOP_PACE_OCI.20250118T083434.L2.OC_AOP.V3_0.nc_3.0,PACE_OCI_L2_AOP_PACE_OCI.20250118T083434.L2.OC_AOP.V3_0.nc_3.0,PACE_OCI.20250118T083434.L2.OC_AOP.V3_0.nc,6.614398216942896,2025-01-18 08:37:03.500000+00:00,0.0030808958690613,0.000583691522479,8.991663344204426e-05,9.844754822552204e-05,1.4617964029312134,0.0105397198349237,-32767.0,0.0020062903782063,0.0050249993801116,1.9322209358215328,2.1640965938568115,0.0501745251192657,0.0087743079964452,-23.91114616394043,56.071006774902344
1902456,1902456QC.nc,66,-25.254,55.742,2025-03-29 08:25:00.000004608+00:00,61.2163153631609,"PACE_OCI_L2_AOP_PACE_OCI.20250328T094534.L2.OC_AOP.V3_0.nc_3.0,PACE_OCI_L2_AOP_PACE_OCI.20250329T084240.L2.OC_AOP.V3_0.nc_3.0",PACE_OCI_L2_AOP_PACE_OCI.20250328T094534.L2.OC_AOP.V3_0.nc_3.0,PACE_OCI.20250328T094534.L2.OC_AOP.V3_0.nc,0.4784871091187002,2025-03-28 09:48:03.500000+00:00,0.0008680343162268,0.0002628739748615,3.389077028259635e-05,3.5457604099065065e-05,1.9173508882522583,0.0057282797060906,-32767.0,0.0005890526030748,0.0016950070858001,1.9883512258529663,2.196730613708496,0.0148056786192299,0.0123004108430816,-25.252273559570312,55.74635696411133
1902456,1902456QC.nc,68,-25.424,55.857,2025-04-18 12:16:59.999999488+00:00,20.96825306828599,PACE_OCI_L2_AOP_PACE_OCI.20250418T090213.L2.OC_AOP.V3_0.nc_3.0,PACE_OCI_L2_AOP_PACE_OCI.20250418T090213.L2.OC_AOP.V3_0.nc_3.0,PACE_OCI.20250418T090213.L2.OC_AOP.V3_0.nc,0.5066590632402947,2025-04-18 09:04:42.500000+00:00,0.0006266622804105,9.687904821475968e-05,2.748647239059209e-05,2.8472160920500755e-05,1.933063268661499,0.0051859407685697,-32767.0,0.0004260742622894,0.0013049989938735,1.9906665086746216,2.197020530700684,0.0107097401538469,0.0127382040682526,-25.421642303466797,55.852684020996094
1902457,1902457QC.nc,31,5.941,66.221,2024-04-08 01:27:00.000000512+00:00,-1.6875370686630968,PACE_OCI_L2_AOP_PACE_OCI.20240407T074824.L2.OC_AOP.V3_0.nc_3.0,PACE_OCI_L2_AOP_PACE_OCI.20240407T074824.L2.OC_AOP.V3_0.nc_3.0,PACE_OCI.20240407T074824.L2.OC_AOP.V3_0.nc,102.78699895896143,2024-04-07 07:50:53.500000+00:00,0.0006761504337191,0.0001120242086471,6.0910009779036045e-05,6.227457197383046e-05,1.817565679550171,0.0058815837837755,-32767.0,0.0004496491451827,0.0015150010585784,1.9540916681289675,2.187145948410034,0.0112851240334209,0.0185548496337914,6.798173904418945,65.87281036376953
1902457,1902457QC.nc,51,6.037,67.638,2024-10-25 10:19:59.999995392+00:00,40.144011082324894,PACE_OCI_L2_AOP_PACE_OCI.20241025T090056.L2.OC_AOP.V3_0.nc_3.0,PACE_OCI_L2_AOP_PACE_OCI.20241025T090056.L2.OC_AOP.V3_0.nc_3.0,PACE_OCI.20241025T090056.L2.OC_AOP.V3_0.nc,31.00379883249299,2024-10-25 09:03:25.500000+00:00,0.0019421526230871,0.0002335922181373,8.902337867766619e-05,9.081070311367512e-05,1.8016141653060915,0.0102768810465931,-32767.0,0.0012843182778973,0.0030550062656402,1.920085310935974,2.150404930114746,0.0320512918412385,0.0171606220472793,6.307408809661865,67.70638275146484
1902457,1902457QC.nc,52,6.219,67.64,2024-11-04 09:53:00.000001536+00:00,44.794600704187125,PACE_OCI_L2_AOP_PACE_OCI.20241105T084359.L2.OC_AOP.V3_0.nc_3.0,PACE_OCI_L2_AOP_PACE_OCI.20241105T084359.L2.OC_AOP.V3_0.nc_3.0,PACE_OCI.20241105T084359.L2.OC_AOP.V3_0.nc,4.973093041012568,2024-11-05 08:46:29+00:00,0.0015468437923118,0.0003811838978435,8.521007839590311e-05,8.37681582197547e-05,0.4186847805976867,0.0090145273134112,-32767.0,0.0009133705398148,0.0017900019884109,1.917646408081055,2.136728286743164,0.0227459596689219,0.021199072779546,6.224532604217529,67.5953598022461
1902457,1902457QC.nc,57,5.979,67.541,2024-12-24 20:04:59.999995392+00:00,-70.63076492624063,PACE_OCI_L2_AOP_PACE_OCI.20241224T090112.L2.OC_AOP.V3_0.nc_3.0,PACE_OCI_L2_AOP_PACE_OCI.20241224T090112.L2.OC_AOP.V3_0.nc_3.0,PACE_OCI.20241224T090112.L2.OC_AOP.V3_0.nc,3.2792939532637253,2024-12-24 09:03:41.500000+00:00,0.001890497165732,0.0002670272660907,0.0001005850499495,0.0001028260448947,1.4640898704528809,0.0153384581208229,-32767.0,0.0012158758404778,0.0034350007772445,1.842124104499817,2.084826707839966,0.0300380570449316,0.0238563967758347,5.9506707191467285,67.53276062011719
1902457,1902457QC.nc,65,5.296,67.817,2025-03-15 13:13:59.999996928+00:00,5.811959001832682,"PACE_OCI_L2_AOP_PACE_OCI.20250315T084748.L2.OC_AOP.V3_0.nc_3.0,PACE_OCI_L2_AOP_PACE_OCI.20250316T074457.L2.OC_AOP.V3_0.nc_3.0",PACE_OCI_L2_AOP_PACE_OCI.20250316T074457.L2.OC_AOP.V3_0.nc_3.0,PACE_OCI.20250316T074457.L2.OC_AOP.V3_0.nc,0.4504597031913279,2025-03-16 07:47:26.500000+00:00,0.0022309459745883,0.0001514257746748,7.396494038403034e-05,7.814588025212288e-05,1.5326632261276243,0.0115199340507388,-32767.0,0.0014403050424333,0.0037399977445602,1.9239287376403809,2.1515860557556152,0.0359506218926803,0.0133428745897801,5.296067714691162,67.81293487548828
1902457,1902457QC.nc,66,5.547,67.955,2025-03-25 15:50:59.999998464+00:00,-33.81022580635086,PACE_OCI_L2_AOP_PACE_OCI.20250325T080911.L2.OC_AOP.V3_0.nc_3.0,PACE_OCI_L2_AOP_PACE_OCI.20250325T080911.L2.OC_AOP.V3_0.nc_3.0,PACE_OCI.20250325T080911.L2.OC_AOP.V3_0.nc,114.23386246593138,2025-03-25 08:11:40.500000+00:00,0.0011808145791292,0.0005271605332382,6.67917774990201e-05,6.981415208429098e-05,1.7745163440704346,0.0102778235450387,-32767.0,0.0007719021778315,0.0023850053548812,1.9190888404846191,2.156436920166016,0.0192814171285476,0.0199020141201392,5.3148980140686035,66.94972229003906
1902457,1902457QC.nc,67,6.171,68.98,2025-04-24 21:20:59.999995392+00:00,-54.69750972436574,PACE_OCI_L2_AOP_PACE_OCI.20250424T074423.L2.OC_AOP.V3_0.nc_3.0,PACE_OCI_L2_AOP_PACE_OCI.20250424T074423.L2.OC_AOP.V3_0.nc_3.0,PACE_OCI.20250424T074423.L2.OC_AOP.V3_0.nc,3.7146716732798586,2025-04-24 07:46:52.500000+00:00,0.0007549376459792,0.0003180781204719,5.439214874058962e-05,5.671626422554255e-05,1.8389134407043457,0.0066650207154452,-32767.0,0.0005009995730205,0.0016449987888336,1.9592819213867188,2.186143398284912,0.0125719544587304,0.0183099960595258,6.202103614807129,68.96774291992188
1902458,1902458QC.nc,50,12.927,67.837,2024-10-26 10:02:59.999995904+00:00,40.60879276295279,PACE_OCI_L2_AOP_PACE_OCI.20241026T080148.L2.OC_AOP.V3_0.nc_3.0,PACE_OCI_L2_AOP_PACE_OCI.20241026T080148.L2.OC_AOP.V3_0.nc_3.0,PACE_OCI.20241026T080148.L2.OC_AOP.V3_0.nc,1.131308336225931,2024-10-26 08:04:17.500000+00:00,0.0007047070539556,0.0001031644060276,5.480117397382856e-05,5.549326306208968e-05,1.897803544998169,0.0094968760386109,-32767.0,0.000480971197494,0.0015100091695785,1.9357761144638064,2.164215564727783,0.0120286392531009,0.0219971638037407,12.936598777770996,67.83354187011719
1902458,1902458QC.nc,60,12.742,67.261,2025-02-14 07:10:59.999997440+00:00,63.006784228089415,PACE_OCI_L2_AOP_PACE_OCI.20250214T080547.L2.OC_AOP.V3_0.nc_3.0,PACE_OCI_L2_AOP_PACE_OCI.20250214T080547.L2.OC_AOP.V3_0.nc_3.0,PACE_OCI.20250214T080547.L2.OC_AOP.V3_0.nc,45.14086888352466,2025-02-14 08:08:16.500000+00:00,0.000386285217246,0.0003105019568465,6.700318772345781e-05,7.042731158435345e-05,1.672065496444702,0.002535758074373,-32767.0,0.0002642947407018,0.0011000037193298,1.8542165756225584,2.116438150405884,0.0065612626507612,0.0450834694017462,12.507837295532227,66.9211654663086
1902458,1902458QC.nc,63,12.359,67.317,2025-03-16 14:25:00.000004608+00:00,-11.504964830123942,PACE_OCI_L2_AOP_PACE_OCI.20250316T074457.L2.OC_AOP.V3_0.nc_3.0,PACE_OCI_L2_AOP_PACE_OCI.20250316T074457.L2.OC_AOP.V3_0.nc_3.0,PACE_OCI.20250316T074457.L2.OC_AOP.V3_0.nc,210.4441828991755,2025-03-16 07:47:26.500000+00:00,0.0009144394425675,0.0001081919690477,6.776675581932068e-05,7.088202983140945e-05,1.8090733289718628,0.0105570256710052,-32767.0,0.0006050256986773,0.0019150078296661,1.910572528839112,2.1552188396453857,0.0151101570339822,0.0225199900013565,10.503864288330078,66.93484497070312
1902458,1902458QC.nc,64,12.396,67.261,2025-03-26 16:18:59.999998976+00:00,-38.775522817961786,PACE_OCI_L2_AOP_PACE_OCI.20250327T074145.L2.OC_AOP.V3_0.nc_3.0,PACE_OCI_L2_AOP_PACE_OCI.20250327T074145.L2.OC_AOP.V3_0.nc_3.0,PACE_OCI.20250327T074145.L2.OC_AOP.V3_0.nc,68.04676414880886,2025-03-27 07:44:14.500000+00:00,0.0006543332710862,0.0001216256205225,6.091588875278831e-05,6.252212915569544e-05,1.8060952425003047,0.0073437304235994,-32767.0,0.0004360756966403,0.0016350001096725,1.9490965604782104,2.1846535205841064,0.0109402586245736,0.0192856027659824,12.69178295135498,67.80982971191406
1902458,1902458QC.nc,65,12.414,67.248,2025-04-05 18:55:00.000004608+00:00,-68.90656150298959,"PACE_OCI_L2_AOP_PACE_OCI.20250405T080532.L2.OC_AOP.V3_0.nc_3.0,PACE_OCI_L2_AOP_PACE_OCI.20250406T084057.L2.OC_AOP.V3_0.nc_3.0",PACE_OCI_L2_AOP_PACE_OCI.20250405T080532.L2.OC_AOP.V3_0.nc_3.0,PACE_OCI.20250405T080532.L2.OC_AOP.V3_0.nc,0.5455087383082332,2025-04-05 08:08:01.500000+00:00,0.0007873317226767,0.0001121056484407,5.288893589749932e-05,5.644460907205939e-05,1.830024242401123,0.0094407210126519,-32767.0,0.0005213846961723,0.0018250048160552,1.9270211458206177,2.168786764144897,0.0130485349549029,0.0217783807764045,12.418830871582031,67.2488784790039
1902458,1902458QC.nc,66,12.242,67.311,2025-04-15 20:42:00.000004096+00:00,-61.48627996678693,"PACE_OCI_L2_AOP_PACE_OCI.20250415T085927.L2.OC_AOP.V3_0.nc_3.0,PACE_OCI_L2_AOP_PACE_OCI.20250416T080128.L2.OC_AOP.V3_0.nc_3.0",PACE_OCI_L2_AOP_PACE_OCI.20250416T080128.L2.OC_AOP.V3_0.nc_3.0,PACE_OCI.20250416T080128.L2.OC_AOP.V3_0.nc,101.27029218764513,2025-04-16 08:03:57.500000+00:00,0.0003919664013665,0.0001079892826965,5.8794510550796986e-05,6.19030324742198e-05,1.764760136604309,0.005055365152657,-32767.0,0.0002651749018328,0.0010650008916854,1.9308232069015503,2.1651065349578857,0.0066326871564322,0.027519626435106,12.892574310302734,67.96399688720703
1902458,1902458QC.nc,67,12.039,67.248,2025-04-25 23:04:59.999995392+00:00,-30.634489972869044,PACE_OCI_L2_AOP_PACE_OCI.20250426T085506.L2.OC_AOP.V3_0.nc_3.0,PACE_OCI_L2_AOP_PACE_OCI.20250426T085506.L2.OC_AOP.V3_0.nc_3.0,PACE_OCI.20250426T085506.L2.OC_AOP.V3_0.nc,96.27051146719612,2025-04-26 08:57:35.500000+00:00,0.0004388890229165,0.0001647259341552,6.636921898461878e-05,6.735982606187463e-05,1.7425131797790527,0.0045826542191207,-32767.0,0.0002954409534763,0.0007200092077255,1.9709078073501587,2.164856433868408,0.0073894320438014,0.0243732556335951,12.210309982299805,66.37997436523438
1902490,1902490QC.nc,6,-29.092,1.053,2024-04-29 18:33:00.000002560+00:00,-15.718013075834218,PACE_OCI_L2_AOP_PACE_OCI.20240430T124635.L2.OC_AOP.V3_0.nc_3.0,PACE_OCI_L2_AOP_PACE_OCI.20240430T124635.L2.OC_AOP.V3_0.nc_3.0,PACE_OCI.20240430T124635.L2.OC_AOP.V3_0.nc,6.507477403079343,2024-04-30 12:49:04.500000+00:00,0.0020252005197107,0.000486755016027,8.598098065704107e-05,8.33368394523859e-05,0.4206060171127319,0.0074984151870012,-32767.0,0.0011963589652656,0.0029050111770629,1.9432504177093504,2.169275045394897,0.0299431629920109,0.0151569437404178,-29.049419403076172,1.0070651769638062
1902490,1902490QC.nc,8,-29.715,0.158,2024-05-19 17:59:00.000003584+00:00,-10.407899554353111,PACE_OCI_L2_AOP_PACE_OCI.20240519T122133.L2.OC_AOP.V3_0.nc_3.0,PACE_OCI_L2_AOP_PACE_OCI.20240519T122133.L2.OC_AOP.V3_0.nc_3.0,PACE_OCI.20240519T122133.L2.OC_AOP.V3_0.nc,97.77596210250172,2024-05-19 12:24:02.500000+00:00,0.0020233991090208,0.0003196998150087,8.796260226517916e-05,8.99103470146656e-05,1.782898187637329,0.0087637286633253,-32767.0,0.0013469311961104,0.0035099983215332,1.959777593612671,2.182560920715332,0.0337808855045486,0.0105739725149409,-29.066099166870117,0.8390712141990662
1902490,1902490QC.nc,14,-30.794,-0.6890000000000214,2024-07-18 09:19:59.999998976+00:00,24.322785924205164,PACE_OCI_L2_AOP_PACE_OCI.20240718T124017.L2.OC_AOP.V3_0.nc_3.0,PACE_OCI_L2_AOP_PACE_OCI.20240718T124017.L2.OC_AOP.V3_0.nc_3.0,PACE_OCI.20240718T124017.L2.OC_AOP.V3_0.nc,6.179374980290815,2024-07-18 12:42:46.500000+00:00,0.0042337267659604,0.0006715689087286,8.235173299908638e-05,8.261529728770256e-05,0.0247641876339912,0.0143128680065274,-32767.0,0.0025036048610006,0.0054600089788436,1.888794541358948,2.122196674346924,0.0622085665440562,0.0096380527172379,-30.75619888305664,-0.7364113330841064
1902490,1902490QC.nc,26,-31.218,-2.4110000000000014,2024-11-15 06:19:59.999998976+00:00,14.915150490932747,PACE_OCI_L2_AOP_PACE_OCI.20241115T124302.L2.OC_AOP.V3_0.nc_3.0,PACE_OCI_L2_AOP_PACE_OCI.20241115T124302.L2.OC_AOP.V3_0.nc_3.0,PACE_OCI.20241115T124302.L2.OC_AOP.V3_0.nc,0.7160239283826642,2024-11-15 12:45:31.500000+00:00,0.0012622198555618,0.0002748800034169,5.920825060456991e-05,5.908973980695009e-05,1.1198314428329468,0.0053132809698581,-32767.0,0.000778875423719,0.0020100027322769,1.962368130683899,2.182835817337036,0.0195349359755443,0.0189338438962865,-31.219329833984375,-2.418367385864258
1902490,1902490QC.nc,33,-32.133,-4.845000000000027,2025-01-24 18:33:59.999998976+00:00,9.565978170482447,PACE_OCI_L2_AOP_PACE_OCI.20250125T141554.L2.OC_AOP.V3_0.nc_3.0,PACE_OCI_L2_AOP_PACE_OCI.20250125T141554.L2.OC_AOP.V3_0.nc_3.0,PACE_OCI.20250125T141554.L2.OC_AOP.V3_0.nc,41.70731424571204,2025-01-25 14:18:23.500000+00:00,0.0014448537258431,0.0004973490722477,8.135044481605291e-05,7.999350782483816e-05,0.3693887293338775,0.0054525444284081,-32767.0,0.000850484425167,0.0018400102853775,1.9733326435089111,2.18763279914856,0.0213467386404157,0.0118892278278078,-32.18561935424805,-5.283679962158203
1902492,1902492QC.nc,31,-1.274,-2.901999999999987,2024-12-28 04:58:59.999996928+00:00,-16.46538783681772,PACE_OCI_L2_AOP_PACE_OCI.20241227T122346.L2.OC_AOP.V3_0.nc_3.0,PACE_OCI_L2_AOP_PACE_OCI.20241227T122346.L2.OC_AOP.V3_0.nc_3.0,PACE_OCI.20241227T122346.L2.OC_AOP.V3_0.nc,1531.4957622795882,2024-12-27 12:26:15.500000+00:00,2.8718220619339263e-06,5.804874376735825e-07,1.257017856914899e-06,2.581898797870963e-06,0.93898606300354,99274.9140625,-32767.0,0.0004861815603388,-32767.0,-32767.0,1.12665593624115,0.0103617868860376,0.171329376404307,10.36310863494873,4.501430511474609
1902492,1902492QC.nc,39,-0.263,-1.4159999999999968,2025-03-18 22:44:00+00:00,-67.62274536200383,PACE_OCI_L2_AOP_PACE_OCI.20250319T124810.L2.OC_AOP.V3_0.nc_3.0,PACE_OCI_L2_AOP_PACE_OCI.20250319T124810.L2.OC_AOP.V3_0.nc_3.0,PACE_OCI.20250319T124810.L2.OC_AOP.V3_0.nc,82.13863550640907,2025-03-19 12:50:39.500000+00:00,3.87849786420702e-06,0.9737017750740052,2.4514533834008034e-06,9.735644198372029e-06,1.0435621738433838,0.0077534057199954,-32767.0,7.155147194876091e-07,0.000119999051094,1.932220697402954,2.171597003936768,1.7914725904728022e-05,0.0332128146885839,-0.2569015920162201,-0.6773270964622498
1902493,1902493QC.nc,7,-31.342,-0.4150000000000204,2024-05-12 05:53:00.000005120+00:00,-10.411159591887998,PACE_OCI_L2_AOP_PACE_OCI.20240511T123725.L2.OC_AOP.V3_0.nc_3.0,PACE_OCI_L2_AOP_PACE_OCI.20240511T123725.L2.OC_AOP.V3_0.nc_3.0,PACE_OCI.20240511T123725.L2.OC_AOP.V3_0.nc,1.748694571537012,2024-05-11 12:39:55+00:00,0.0002704864891711,0.0001073412204277,4.350999370217323e-05,4.552054451778531e-05,1.787791132926941,0.0016396827995777,-32767.0,0.0001905940813094,0.0008400082588195,1.981119155883789,2.195676326751709,0.0047897522602065,0.0205489678363661,-31.344482421875,-0.3968173563480377
1902493,1902493QC.nc,8,-31.288,-0.6669999999999732,2024-05-22 05:15:59.999996416+00:00,-19.402752562821654,PACE_OCI_L2_AOP_PACE_OCI.20240522T122750.L2.OC_AOP.V3_0.nc_3.0,PACE_OCI_L2_AOP_PACE_OCI.20240522T122750.L2.OC_AOP.V3_0.nc_3.0,PACE_OCI.20240522T122750.L2.OC_AOP.V3_0.nc,9.474119631877516,2024-05-22 12:30:19.500000+00:00,0.0020815862808376,0.0003255266638007,0.0001214127987623,0.0001148213632404,0.6853046417236328,0.0075598694384098,-32767.0,0.0012615686620623,0.0033850073814392,1.9508512020111084,2.1771066188812256,0.0316134093926991,0.0124873411566484,-31.230592727661133,-0.7406517863273621
1902493,1902493QC.nc,28,-31.335,-4.7309999999999945,2024-12-08 08:28:00.000003584+00:00,40.167827326046485,"PACE_OCI_L2_AOP_PACE_OCI.20241207T134730.L2.OC_AOP.V3_0.nc_3.0,PACE_OCI_L2_AOP_PACE_OCI.20241208T124324.L2.OC_AOP.V3_0.nc_3.0,PACE_OCI_L2_AOP_PACE_OCI.20241208T142141.L2.OC_AOP.V3_0.nc_3.0",PACE_OCI_L2_AOP_PACE_OCI.20241208T124324.L2.OC_AOP.V3_0.nc_3.0,PACE_OCI.20241208T124324.L2.OC_AOP.V3_0.nc,0.5238209012716551,2024-12-08 12:45:54+00:00,0.0007864189101383,9.644700912758708e-05,3.827066393569112e-05,4.0488026570528746e-05,1.9113727807998653,0.0025900898035615,-32767.0,0.0005311870394476,0.0016700029373168,1.9930347204208367,2.198639392852783,0.0133551712039725,0.0132505878383565,-31.339401245117188,-4.729032516479492
1902493,1902493QC.nc,31,-30.208,-6.670000000000016,2025-01-17 15:34:59.999995392+00:00,48.92085470591953,"PACE_OCI_L2_AOP_PACE_OCI.20250117T143307.L2.OC_AOP.V3_0.nc_3.0,PACE_OCI_L2_AOP_PACE_OCI.20250118T132931.L2.OC_AOP.V3_0.nc_3.0",PACE_OCI_L2_AOP_PACE_OCI.20250118T132931.L2.OC_AOP.V3_0.nc_3.0,PACE_OCI.20250118T132931.L2.OC_AOP.V3_0.nc,24.911863699792026,2025-01-18 13:32:00.500000+00:00,0.001954233739525,0.0003825855092145,6.64775725454092e-05,7.338286377489567e-05,1.6056345701217651,0.0048344084061682,-32767.0,0.001273227609717,0.0032750070095062,1.9814438819885247,2.1941020488739014,0.0319892667857517,0.0093727491606023,-29.986265182495117,-6.632965564727783
1902493,1902493QC.nc,33,-29.728,-7.584000000000003,2025-02-06 18:59:59.999996416+00:00,4.438396357261717,"PACE_OCI_L2_AOP_PACE_OCI.20250206T143950.L2.OC_AOP.V3_0.nc_3.0,PACE_OCI_L2_AOP_PACE_OCI.20250207T133704.L2.OC_AOP.V3_0.nc_3.0",PACE_OCI_L2_AOP_PACE_OCI.20250207T133704.L2.OC_AOP.V3_0.nc_3.0,PACE_OCI.20250207T133704.L2.OC_AOP.V3_0.nc,0.4717499299156171,2025-02-07 13:39:33.500000+00:00,0.0010045183589681,0.0001382848713546,3.0238006729632616e-05,3.289279993623495e-05,1.9058820009231567,0.0031225245911628,-32767.0,0.0006800853314861,0.001795008778572,1.994795680046081,2.198793411254883,0.0170991969718937,0.0108751893967088,-29.72575569152832,-7.579854488372803
1902493,1902493QC.nc,36,-29.491,-8.586999999999989,2025-03-09 00:47:59.999999488+00:00,-56.03080144583801,PACE_OCI_L2_AOP_PACE_OCI.20250309T131631.L2.OC_AOP.V3_0.nc_3.0,PACE_OCI_L2_AOP_PACE_OCI.20250309T131631.L2.OC_AOP.V3_0.nc_3.0,PACE_OCI.20250309T131631.L2.OC_AOP.V3_0.nc,4.704865117165749,2025-03-09 13:19:00.500000+00:00,0.0012906617484986,0.0003778828831855,4.8631452955305576e-05,5.010270979255438e-05,1.9080300331115725,0.004264669958502,-32767.0,0.0008746661660243,0.0023349970579147,1.992450475692749,2.1984808444976807,0.0219904293660222,0.0080021782848002,-29.532224655151367,-8.576051712036133
1902493,1902493QC.nc,39,-29.392,-8.456999999999994,2025-04-08 05:37:00.000001536+00:00,-16.328164416664233,PACE_OCI_L2_AOP_PACE_OCI.20250408T125830.L2.OC_AOP.V3_0.nc_3.0,PACE_OCI_L2_AOP_PACE_OCI.20250408T125830.L2.OC_AOP.V3_0.nc_3.0,PACE_OCI.20250408T125830.L2.OC_AOP.V3_0.nc,16.848469052755416,2025-04-08 13:00:59.500000+00:00,0.0029071080498397,0.0003427014453336,8.534523658454418e-05,8.021993562579155e-05,0.1099830865859985,0.0058972388505935,-32767.0,0.0016653638988149,0.003705009818077,1.9630725383758545,2.181899070739746,0.0417628804975532,0.008724800892213,-29.2569580078125,-8.535821914672852
1902495,1902495QC.nc,15,-19.583,0.002,2024-07-23 15:02:59.999999488+00:00,31.49127785754361,PACE_OCI_L2_AOP_PACE_OCI.20240723T121640.L2.OC_AOP.V3_0.nc_3.0,PACE_OCI_L2_AOP_PACE_OCI.20240723T121640.L2.OC_AOP.V3_0.nc_3.0,PACE_OCI.20240723T121640.L2.OC_AOP.V3_0.nc,100.7654822983894,2024-07-23 12:19:09.500000+00:00,0.0048081367276608,0.0004992893664166,9.583542123436928e-05,9.478488937020302e-05,0.0842799097299575,0.0118413073942065,-32767.0,0.002868137298288,0.0065750032663345,1.881428480148316,2.12366271018982,0.0712824275006494,0.0108699477933875,-20.472618103027344,0.1857069879770279
1902495,1902495QC.nc,21,-19.371,-0.535000000000025,2024-09-21 12:56:59.999997440+00:00,65.07324832792749,PACE_OCI_L2_AOP_PACE_OCI.20240921T122355.L2.OC_AOP.V3_0.nc_3.0,PACE_OCI_L2_AOP_PACE_OCI.20240921T122355.L2.OC_AOP.V3_0.nc_3.0,PACE_OCI.20240921T122355.L2.OC_AOP.V3_0.nc,238.6872227072801,2024-09-21 12:26:24.500000+00:00,0.0063908440060913,0.0005252773989923,8.487608283758163e-05,8.510099723935127e-05,0.0231933612376451,0.0134493662044405,-32767.0,0.0038400267270217,0.0089500099420547,1.8468345403671265,2.103344202041626,0.09513855230291,0.0072415676201055,-21.35484504699707,-1.409531593322754
1902495,1902495QC.nc,33,-19.209,-1.8940000000000048,2025-01-19 23:29:00+00:00,-48.848701884831016,PACE_OCI_L2_AOP_PACE_OCI.20250119T122555.L2.OC_AOP.V3_0.nc_3.0,PACE_OCI_L2_AOP_PACE_OCI.20250119T122555.L2.OC_AOP.V3_0.nc_3.0,PACE_OCI.20250119T122555.L2.OC_AOP.V3_0.nc,1.1445606356010551,2025-01-19 12:28:24.500000+00:00,0.0032031047157943,0.0012391571654006,6.777793169021606e-05,6.418977864086628e-05,0.0643224045634269,0.0064945006743073,-32767.0,0.0018195160356932,0.0043950080871582,1.936035394668579,2.1702985763549805,0.0455470816523428,0.0125770291059475,-19.212934494018555,-1.9040725231170654
1902495,1902495QC.nc,37,-17.228,-1.841000000000008,2025-03-01 06:28:59.999996928+00:00,4.600399922042682,PACE_OCI_L2_AOP_PACE_OCI.20250301T133227.L2.OC_AOP.V3_0.nc_3.0,PACE_OCI_L2_AOP_PACE_OCI.20250301T133227.L2.OC_AOP.V3_0.nc_3.0,PACE_OCI.20250301T133227.L2.OC_AOP.V3_0.nc,0.6056594622626066,2025-03-01 13:34:56.500000+00:00,0.0016751046059653,0.0003556563460733,4.6251690946519375e-05,4.919909406453371e-05,1.8452576398849487,0.0057246582582592,-32767.0,0.0011130554407976,0.0027400106191635,1.978372573852539,2.190040349960327,0.0279475107545286,0.0127230178019337,-17.22636604309082,-1.8464398384094238
1902495,1902495QC.nc,41,-19.072,-2.629000000000019,2025-04-10 12:47:59.999999488+00:00,61.3470340241044,"PACE_OCI_L2_AOP_PACE_OCI.20250409T133354.L2.OC_AOP.V3_0.nc_3.0,PACE_OCI_L2_AOP_PACE_OCI.20250410T123056.L2.OC_AOP.V3_0.nc_3.0,PACE_OCI_L2_AOP_PACE_OCI.20250410T140918.L2.OC_AOP.V3_0.nc_3.0",PACE_OCI_L2_AOP_PACE_OCI.20250410T123056.L2.OC_AOP.V3_0.nc_3.0,PACE_OCI.20250410T123056.L2.OC_AOP.V3_0.nc,0.3370980510025693,2025-04-10 12:33:25.500000+00:00,0.0014233133988454,0.0004107686108909,5.618692375719547e-05,6.0151563957333565e-05,1.691507339477539,0.0063202744349837,0.0246999263763427,0.0009270528707279,0.0024750083684921,1.970825433731079,2.185497760772705,0.0232609114237157,0.0125726088097952,-19.070100784301758,-2.6314995288848877
1902496,1902496QC.nc,11,-16.112,-2.704999999999984,2024-06-21 15:56:00.000001024+00:00,22.67514511193523,PACE_OCI_L2_AOP_PACE_OCI.20240622T140217.L2.OC_AOP.V3_0.nc_3.0,PACE_OCI_L2_AOP_PACE_OCI.20240622T140217.L2.OC_AOP.V3_0.nc_3.0,PACE_OCI.20240622T140217.L2.OC_AOP.V3_0.nc,170.72492099813704,2024-06-22 14:04:47+00:00,0.0034745119046419,0.0007153110927902,0.0001101908273994,0.0001082036178559,0.0662737563252449,0.0115592973306775,-32767.0,0.0020156986898099,0.0045350044965744,1.935019493103028,2.159959316253662,0.0503776755673322,0.0068113783319254,-14.690767288208008,-2.1024422645568848
1902496,1902496QC.nc,22,-15.91,-2.062999999999988,2024-10-09 13:49:00.000002560+00:00,60.66014724536044,PACE_OCI_L2_AOP_PACE_OCI.20241009T125542.L2.OC_AOP.V3_0.nc_3.0,PACE_OCI_L2_AOP_PACE_OCI.20241009T125542.L2.OC_AOP.V3_0.nc_3.0,PACE_OCI.20241009T125542.L2.OC_AOP.V3_0.nc,26.316232546438297,2024-10-09 12:58:11.500000+00:00,0.0021392202470451,0.0002774479507934,7.126317359507084e-05,7.274141535162926e-05,1.839893817901612,0.0201290920376777,0.0097401142120361,0.0014089080060004,0.0037350058555603,1.8271849155426023,2.0829551219940186,0.03479685278005,0.0175033466032984,-16.06416893005371,-2.249788522720337
1902496,1902496QC.nc,34,-15.422,-1.7819999999999825,2025-02-07 00:31:00+00:00,-59.19439110554848,PACE_OCI_L2_AOP_PACE_OCI.20250207T133704.L2.OC_AOP.V3_0.nc_3.0,PACE_OCI_L2_AOP_PACE_OCI.20250207T133704.L2.OC_AOP.V3_0.nc_3.0,PACE_OCI.20250207T133704.L2.OC_AOP.V3_0.nc,11.023121380455548,2025-02-07 13:39:33.500000+00:00,0.002574339043349,0.0002724836813285,7.635890506207943e-05,8.061784319579601e-05,1.4964487552642822,0.0107412301003932,-32767.0,0.0016813315200296,0.0037849992513656,1.9485427141189573,2.169255495071411,0.04208120997586,0.0094497116636615,-15.476153373718262,-1.6958521604537964
1902496,1902496QC.nc,36,-15.287,-1.3980000000000246,2025-02-27 03:00:00+00:00,-43.516704287428965,PACE_OCI_L2_AOP_PACE_OCI.20250227T135944.L2.OC_AOP.V3_0.nc_3.0,PACE_OCI_L2_AOP_PACE_OCI.20250227T135944.L2.OC_AOP.V3_0.nc_3.0,PACE_OCI.20250227T135944.L2.OC_AOP.V3_0.nc,5.034062808737485,2025-02-27 14:02:13.500000+00:00,0.0011481414549052,0.0002857184445019,7.158797234296799e-05,7.476040627807379e-05,1.7162083387374878,0.0058647887781262,-32767.0,0.0007511177735553,0.0022799968719482,1.972256064414978,2.190046787261963,0.0188597012592233,0.0141036585959766,-15.252154350280762,-1.3680400848388672
1902496,1902496QC.nc,40,-15.88,-1.002999999999986,2025-04-08 11:46:59.999996416+00:00,66.2682089723951,PACE_OCI_L2_AOP_PACE_OCI.20250408T125830.L2.OC_AOP.V3_0.nc_3.0,PACE_OCI_L2_AOP_PACE_OCI.20250408T125830.L2.OC_AOP.V3_0.nc_3.0,PACE_OCI.20250408T125830.L2.OC_AOP.V3_0.nc,0.3616853276832976,2025-04-08 13:00:59.500000+00:00,0.0008328797412104,0.0002212935214629,2.334313467144966e-05,2.3584463633596897e-05,1.963900804519653,0.0060541373677551,-32767.0,0.0005720515263927,0.001675009727478,1.9808272123336792,2.19325852394104,0.0143706674059209,0.0157328094969078,-15.883222579956055,-1.00346040725708
1902497,1902497QC.nc,5,-12.117,1.536,2024-04-20 13:58:59.999996928+00:00,50.56053375748337,PACE_OCI_L2_AOP_PACE_OCI.20240421T123202.L2.OC_AOP.V3_0.nc_3.0,PACE_OCI_L2_AOP_PACE_OCI.20240421T123202.L2.OC_AOP.V3_0.nc_3.0,PACE_OCI.20240421T123202.L2.OC_AOP.V3_0.nc,0.7784289778053947,2024-04-21 12:34:31.500000+00:00,0.000636312062852,0.0001326308993156,2.974458038806916e-05,3.0011869966983795e-05,1.9532824754714968,0.0066316546872258,-32767.0,0.0004377534105534,0.0014600008726119,1.971806764602661,2.191627025604248,0.0109941607135749,0.0171546598397791,-12.11491584777832,1.5428353548049927
1902497,1902497QC.nc,6,-12.412,1.653,2024-04-30 12:08:59.999997952+00:00,62.20398759154096,PACE_OCI_L2_AOP_PACE_OCI.20240429T121639.L2.OC_AOP.V3_0.nc_3.0,PACE_OCI_L2_AOP_PACE_OCI.20240429T121639.L2.OC_AOP.V3_0.nc_3.0,PACE_OCI.20240429T121639.L2.OC_AOP.V3_0.nc,48.67161694847436,2024-04-29 12:19:08.500000+00:00,0.001657917862758,0.0003441336739342,6.651866715401411e-05,6.888667121529579e-05,1.8835325241088867,0.0110076330602169,-32767.0,0.0011127051417121,0.0031799972057342,1.931364178657532,2.165217161178589,0.0278320118557471,0.0138876115415593,-12.75796127319336,1.9277526140213013
1902497,1902497QC.nc,41,-11.625,-2.1229999999999905,2025-04-26 13:50:59.999995392+00:00,53.719736360654565,PACE_OCI_L2_AOP_PACE_OCI.20250426T134510.L2.OC_AOP.V3_0.nc_3.0,PACE_OCI_L2_AOP_PACE_OCI.20250426T134510.L2.OC_AOP.V3_0.nc_3.0,PACE_OCI.20250426T134510.L2.OC_AOP.V3_0.nc,0.7268403184643236,2025-04-26 13:47:39.500000+00:00,0.0012526027858257,0.0002714463626034,7.252185605466366e-05,7.588928565382957e-05,1.8526597023010247,0.008813994936645,-32767.0,0.0008408512929626,0.0023349970579147,1.9514451026916504,2.177598476409912,0.0210723315446972,0.0149248086826289,-11.623809814453125,-2.116438150405884
1902499,1902499QC.nc,17,-3.953,-5.314999999999998,2024-08-03 15:42:00.000000512+00:00,37.53115255538338,PACE_OCI_L2_AOP_PACE_OCI.20240803T134657.L2.OC_AOP.V3_0.nc_3.0,PACE_OCI_L2_AOP_PACE_OCI.20240803T134657.L2.OC_AOP.V3_0.nc_3.0,PACE_OCI.20240803T134657.L2.OC_AOP.V3_0.nc,2.311864459512746,2024-08-03 13:49:27+00:00,0.0007579679368063,0.0002462711127009,7.71190389059484e-05,8.028786396607757e-05,1.8340940475463867,0.0001514296163804,-32767.0,0.0006064604699249,0.0015500038862228,1.5429121255874634,1.6609632968902588,0.0140348833397332,0.1118367731037334,-3.969090700149536,-5.301802158355713
1902500,1902500QC.nc,10,-23.561,-1.0400000000000205,2024-06-06 05:34:59.999998976+00:00,-14.88507472405653,PACE_OCI_L2_AOP_PACE_OCI.20240605T122315.L2.OC_AOP.V3_0.nc_3.0,PACE_OCI_L2_AOP_PACE_OCI.20240605T122315.L2.OC_AOP.V3_0.nc_3.0,PACE_OCI.20240605T122315.L2.OC_AOP.V3_0.nc,28.328104509191107,2024-06-05 12:25:44.500000+00:00,0.0041481195949018,0.0007605087594129,0.0001055677421391,0.0001014787703752,0.1719282269477844,0.0089846514165401,-32767.0,0.0024614876653622,0.0056650042533874,1.929074764251709,2.156812906265259,0.0614892938720392,0.0085826329645613,-23.815654754638672,-1.031941533088684
1902500,1902500QC.nc,12,-23.683,-1.3050000000000068,2024-06-26 03:13:00.000003584+00:00,-47.805630174356935,PACE_OCI_L2_AOP_PACE_OCI.20240625T122945.L2.OC_AOP.V3_0.nc_3.0,PACE_OCI_L2_AOP_PACE_OCI.20240625T122945.L2.OC_AOP.V3_0.nc_3.0,PACE_OCI.20240625T122945.L2.OC_AOP.V3_0.nc,59.25518914134568,2024-06-25 12:32:14.500000+00:00,0.0052429144270718,0.0011671500978991,9.072525426745416e-05,9.087100625038148e-05,0.0326656438410282,0.0097193783149123,-32767.0,0.0030705827761119,0.0068100094795227,1.9259129762649536,2.160830497741699,0.0767523440742565,0.0064928984886102,-24.07320785522461,-0.908103346824646
1902500,1902500QC.nc,14,-23.828,-1.440999999999974,2024-07-15 23:12:59.999996928+00:00,-76.19528333848706,PACE_OCI_L2_AOP_PACE_OCI.20240715T123445.L2.OC_AOP.V3_0.nc_3.0,PACE_OCI_L2_AOP_PACE_OCI.20240715T123445.L2.OC_AOP.V3_0.nc_3.0,PACE_OCI.20240715T123445.L2.OC_AOP.V3_0.nc,43.67886925599135,2024-07-15 12:37:15+00:00,0.0017843923997133,0.0002395903720753,8.791813161224127e-05,9.22611216083169e-05,1.275270938873291,0.0090034827589988,0.0096549987792968,0.0011302775982986,0.0028250068426132,1.9376938343048096,2.1639890670776367,0.0282661988245011,0.0150140477171236,-23.444103240966797,-1.3501566648483276
1902500,1902500QC.nc,33,-21.431,-2.180999999999983,2025-01-21 21:58:00.000003584+00:00,-36.16482724932554,PACE_OCI_L2_AOP_PACE_OCI.20250122T141004.L2.OC_AOP.V3_0.nc_3.0,PACE_OCI_L2_AOP_PACE_OCI.20250122T141004.L2.OC_AOP.V3_0.nc_3.0,PACE_OCI.20250122T141004.L2.OC_AOP.V3_0.nc,11.283702289292536,2025-01-22 14:12:33.500000+00:00,0.001209961483255,0.0002820187946781,7.666205056011677e-05,8.988147601485252e-05,1.4377574920654297,0.0026157994288951,-32767.0,0.0007680846882396,0.0020499974489212,1.99288296699524,2.1985907554626465,0.0193111378474689,0.0106435566276178,-21.521940231323242,-2.132612705230713
1902500,1902500QC.nc,35,-20.931,-2.4499999999999886,2025-02-11 01:41:00.000001024+00:00,-50.28606985959883,PACE_OCI_L2_AOP_PACE_OCI.20250210T134521.L2.OC_AOP.V3_0.nc_3.0,PACE_OCI_L2_AOP_PACE_OCI.20250210T134521.L2.OC_AOP.V3_0.nc_3.0,PACE_OCI.20250210T134521.L2.OC_AOP.V3_0.nc,6.481466040868446,2025-02-10 13:47:50.500000+00:00,0.003158462466672,0.0003825174353551,7.702200673520565e-05,7.401173934340477e-05,0.1813929080963134,0.0064211231656372,-32767.0,0.001853809936367,0.0037550032138824,1.9616786241531368,2.176454782485962,0.046449604366239,0.0100935476982839,-20.969335556030273,-2.402981758117676
1902500,1902500QC.nc,36,-20.996,-2.019999999999982,2025-02-21 03:03:59.999995904+00:00,-39.18042805143892,PACE_OCI_L2_AOP_PACE_OCI.20250221T134310.L2.OC_AOP.V3_0.nc_3.0,PACE_OCI_L2_AOP_PACE_OCI.20250221T134310.L2.OC_AOP.V3_0.nc_3.0,PACE_OCI.20250221T134310.L2.OC_AOP.V3_0.nc,0.8742961387949363,2025-02-21 13:45:39.500000+00:00,0.0013800981687381,0.0003468525537755,5.121075082570314e-05,5.330855492502451e-05,1.4393019676208496,0.0044148559682071,-32767.0,0.000884559152967,0.002140000462532,1.9853973388671875,2.193918466567993,0.0222235200078537,0.0125343410957278,-20.99571418762207,-2.028416395187378
1902500,1902500QC.nc,37,-21.117,-1.3410000000000082,2025-03-03 05:18:59.999995904+00:00,-10.994988462909983,PACE_OCI_L2_AOP_PACE_OCI.20250302T140800.L2.OC_AOP.V3_0.nc_3.0,PACE_OCI_L2_AOP_PACE_OCI.20250302T140800.L2.OC_AOP.V3_0.nc_3.0,PACE_OCI.20250302T140800.L2.OC_AOP.V3_0.nc,0.8661782242482532,2025-03-02 14:10:29.500000+00:00,0.0009530527167953,0.0001093606624635,4.6747096348553896e-05,4.707957850769162e-05,1.8952195644378664,0.0031183790415525,-32767.0,0.0006434644861984,0.0020250082015991,1.989503264427185,2.197968006134033,0.0161763909838615,0.0130535339426275,-21.119300842285156,-1.3330217599868774
1902500,1902500QC.nc,39,-20.964,0.205,2025-03-23 08:20:59.999998464+00:00,30.857094304044583,PACE_OCI_L2_AOP_PACE_OCI.20250323T132146.L2.OC_AOP.V3_0.nc_3.0,PACE_OCI_L2_AOP_PACE_OCI.20250323T132146.L2.OC_AOP.V3_0.nc_3.0,PACE_OCI.20250323T132146.L2.OC_AOP.V3_0.nc,16.58278722481357,2025-03-23 13:24:15.500000+00:00,0.002835321938619,0.0006458502612076,7.04124104231596e-05,7.088435813784599e-05,0.0534017980098724,0.0047994102351367,-32767.0,0.0016059755231015,0.0027849972248077,1.9875444173812864,2.18837833404541,0.0403138241424215,0.0097538953451861,-20.866052627563477,0.3253900706768036
1902500,1902500QC.nc,41,-21.325,1.2,2025-04-12 12:20:59.999995392+00:00,59.17760219392285,"PACE_OCI_L2_AOP_PACE_OCI.20250411T130620.L2.OC_AOP.V3_0.nc_3.0,PACE_OCI_L2_AOP_PACE_OCI.20250412T134144.L2.OC_AOP.V3_0.nc_3.0",PACE_OCI_L2_AOP_PACE_OCI.20250411T130620.L2.OC_AOP.V3_0.nc_3.0,PACE_OCI.20250411T130620.L2.OC_AOP.V3_0.nc,0.2770433613162197,2025-04-11 13:08:49.500000+00:00,0.0010489812120795,0.0001182157502626,2.663664054125548e-05,2.7669710107147694e-05,1.935233473777771,0.0055450568906962,-32767.0,0.0007137923719042,0.0019399970769882,1.9877604246139529,2.1947755813598637,0.0179355720283352,0.0125763650012233,-21.327085494995117,1.2014647722244263
1902501,1902501QC.nc,29,-5.771,-91.09300000000002,2025-03-09 07:38:00.000001536+00:00,-66.89602039990332,PACE_OCI_L2_AOP_PACE_OCI.20250308T191928.L2.OC_AOP.V3_0.nc_3.0,PACE_OCI_L2_AOP_PACE_OCI.20250308T191928.L2.OC_AOP.V3_0.nc_3.0,PACE_OCI.20250308T191928.L2.OC_AOP.V3_0.nc,116.48144599096084,2025-03-08 19:21:57.500000+00:00,0.002806975506246,0.0003512809926178,9.499280713498592e-05,9.385612793266772e-05,0.7271476984024048,0.0147412084043025,0.1915550231933593,0.0017464275763317,0.0036749988794326,1.8509800434112549,2.0789384841918945,0.0431061248846998,0.0213842930976137,-6.256499767303467,-92.02638244628906
1902644,1902644QC.nc,16,-19.268,-73.40699999999998,2024-05-31 18:16:59.999999488+00:00,43.696000671165045,PACE_OCI_L2_AOP_PACE_OCI.20240531T174054.L2.OC_AOP.V3_0.nc_3.0,PACE_OCI_L2_AOP_PACE_OCI.20240531T174054.L2.OC_AOP.V3_0.nc_3.0,PACE_OCI.20240531T174054.L2.OC_AOP.V3_0.nc,123.03096272186184,2024-05-31 17:43:23.500000+00:00,0.0062125055119395,0.000869688054081,9.012827649712564e-05,9.050313383340836e-05,0.7903971672058105,0.0158472452312707,-32767.0,0.0040233496695789,0.0092149972915649,1.8565528392791748,2.102818012237549,0.09967238377248,0.0053174452126024,-20.369768142700195,-73.51500701904297
1902644,1902644QC.nc,17,-19.081,-73.20800000000003,2024-06-11 01:24:59.999997952+00:00,-41.68318890550352,PACE_OCI_L2_AOP_PACE_OCI.20240611T173009.L2.OC_AOP.V3_0.nc_3.0,PACE_OCI_L2_AOP_PACE_OCI.20240611T173009.L2.OC_AOP.V3_0.nc_3.0,PACE_OCI.20240611T173009.L2.OC_AOP.V3_0.nc,82.53904023599817,2024-06-11 17:32:38.500000+00:00,0.0034631944727152,0.0007344026817008,7.865903899073601e-05,8.159992285072803e-05,1.6279854774475098,0.0247321110218763,-32767.0,0.0023027915726733,0.0055450052022933,1.8197704553604128,2.0555665493011475,0.0566341488032797,0.0113400261189365,-19.82139015197754,-73.26431274414062
1902644,1902644QC.nc,19,-18.961,-72.86900000000003,2024-07-01 14:48:59.999998976+00:00,37.89689661558592,PACE_OCI_L2_AOP_PACE_OCI.20240701T173612.L2.OC_AOP.V3_0.nc_3.0,PACE_OCI_L2_AOP_PACE_OCI.20240701T173612.L2.OC_AOP.V3_0.nc_3.0,PACE_OCI.20240701T173612.L2.OC_AOP.V3_0.nc,43.94809923772896,2024-07-01 17:38:42+00:00,0.003426288254559,0.0018080595182254,7.53309577703476e-05,7.48171005398035e-05,0.7381085753440857,0.0256696045398712,-32767.0,0.0021821311013287,0.0051250010728836,1.7919518947601318,2.0373098850250244,0.0535158403278261,0.0103469271646244,-18.657756805419922,-72.6012191772461
1902644,1902644QC.nc,23,-19.506,-72.04000000000002,2024-08-11 16:35:59.999998464+00:00,55.27233822853415,PACE_OCI_L2_AOP_PACE_OCI.20240811T181815.L2.OC_AOP.V3_0.nc_3.0,PACE_OCI_L2_AOP_PACE_OCI.20240811T181815.L2.OC_AOP.V3_0.nc_3.0,PACE_OCI.20240811T181815.L2.OC_AOP.V3_0.nc,204.6815420299962,2024-08-11 18:20:44.500000+00:00,0.0029914735350757,0.0002160186995752,0.0001070885919034,0.0001083267852663,0.1657564342021942,0.0484206192195415,0.041529893875122,0.0018845677168127,0.0039750039577484,1.5518513917922974,1.7659012079238892,0.044324445331752,0.0194414679580823,-20.39098358154297,-70.3228988647461
1902644,1902644QC.nc,32,-18.245,-71.714,2024-11-11 20:01:00+00:00,40.24383606143618,PACE_OCI_L2_AOP_PACE_OCI.20241112T173329.L2.OC_AOP.V3_0.nc_3.0,PACE_OCI_L2_AOP_PACE_OCI.20241112T173329.L2.OC_AOP.V3_0.nc_3.0,PACE_OCI.20241112T173329.L2.OC_AOP.V3_0.nc,36.430996627054,2024-11-12 17:35:58.500000+00:00,0.0022189526353031,0.0002544909948483,7.524155080318451e-05,7.731979712843895e-05,1.8817389011383057,0.0237328093498945,-32767.0,0.0014854700073895,0.0037949979305267,1.8062505722045896,2.044736385345459,0.0364722518677384,0.0198359320240848,-18.405696868896484,-72.0147705078125
1902644,1902644QC.nc,34,-18.38,-72.094,2024-12-02 07:15:00.000003584+00:00,-34.23189987880702,PACE_OCI_L2_AOP_PACE_OCI.20241202T172941.L2.OC_AOP.V3_0.nc_3.0,PACE_OCI_L2_AOP_PACE_OCI.20241202T172941.L2.OC_AOP.V3_0.nc_3.0,PACE_OCI.20241202T172941.L2.OC_AOP.V3_0.nc,96.66687210935876,2024-12-02 17:32:10.500000+00:00,0.0035113166086375,0.0003340098483022,9.343354031443596e-05,9.476020932197572e-05,1.8190044164657595,0.0392994806170463,-32767.0,0.0023480546807308,0.0053649991750717,1.6800459623336792,1.9192723035812376,0.0565467265118954,0.0132033327963755,-18.98975944519043,-71.43988037109375
1902644,1902644QC.nc,36,-19.089,-72.827,2024-12-22 19:18:00.000002560+00:00,55.39873586745912,PACE_OCI_L2_AOP_PACE_OCI.20241222T173134.L2.OC_AOP.V3_0.nc_3.0,PACE_OCI_L2_AOP_PACE_OCI.20241222T173134.L2.OC_AOP.V3_0.nc_3.0,PACE_OCI.20241222T173134.L2.OC_AOP.V3_0.nc,196.70999050655456,2024-12-22 17:34:03.500000+00:00,0.0032603819854557,0.0005208041402511,8.091982454061508e-05,8.17696563899517e-05,1.1060892343521118,0.025372939184308,-32767.0,0.0020937133750723,0.0046750009059906,1.738351821899414,1.9947248697280884,0.0510114684654839,0.0178065690840803,-19.56896209716797,-71.02257537841797
1902644,1902644QC.nc,38,-19.443,-72.40100000000001,2025-01-12 08:31:00.000003072+00:00,-23.70331116975946,PACE_OCI_L2_AOP_PACE_OCI.20250111T173808.L2.OC_AOP.V3_0.nc_3.0,PACE_OCI_L2_AOP_PACE_OCI.20250111T173808.L2.OC_AOP.V3_0.nc_3.0,PACE_OCI.20250111T173808.L2.OC_AOP.V3_0.nc,0.6811391701005116,2025-01-11 17:40:37.500000+00:00,0.0014315539738163,0.0003255089977756,6.21740473434329e-05,6.638607010245323e-05,1.7394583225250244,0.0148946363478899,-32767.0,0.000930610920426,0.0026500076055526,1.862431287765503,2.112799406051636,0.0230899736791342,0.0242624522926824,-19.438444137573242,-72.39665985107422
1902644,1902644QC.nc,40,-19.264,-71.697,2025-02-01 21:47:59.999999488+00:00,22.13749358326687,PACE_OCI_L2_AOP_PACE_OCI.20250202T171508.L2.OC_AOP.V3_0.nc_3.0,PACE_OCI_L2_AOP_PACE_OCI.20250202T171508.L2.OC_AOP.V3_0.nc_3.0,PACE_OCI.20250202T171508.L2.OC_AOP.V3_0.nc,2.396781262705996,2025-02-02 17:17:37.500000+00:00,0.0016968309646472,0.0002653702686075,5.225767381489277e-05,5.869462620466948e-05,1.9266226291656487,0.0181657522916793,0.0876851081848144,0.0011481358857892,0.0030699968338012,1.8278400897979736,2.076037883758545,0.0283261470544024,0.0240616021737699,-19.244281768798828,-71.70622253417969
1902652,1902652QC.nc,0,12.467,-111.892,2025-03-17 09:56:00.000001024+00:00,-53.47693797534574,PACE_OCI_L2_AOP_PACE_OCI.20250317T194900.L2.OC_AOP.V3_0.nc_3.0,PACE_OCI_L2_AOP_PACE_OCI.20250317T194900.L2.OC_AOP.V3_0.nc_3.0,PACE_OCI.20250317T194900.L2.OC_AOP.V3_0.nc,6.204331188357664,2025-03-17 19:51:29.500000+00:00,0.0005370875587686,0.0008137987460941,5.9873127611353993e-05,6.11341092735529e-05,1.5934815406799316,0.0146670080721378,-32767.0,0.0003390783270705,0.0012049973011016,1.921546936035156,2.159390926361084,0.0084737272662611,0.018923945021076,12.48530387878418,-111.83802032470703
1902652,1902652QC.nc,1,11.773,-111.519,2025-03-27 16:50:59.999995392+00:00,49.35100677332293,PACE_OCI_L2_AOP_PACE_OCI.20250326T201312.L2.OC_AOP.V3_0.nc_3.0,PACE_OCI_L2_AOP_PACE_OCI.20250326T201312.L2.OC_AOP.V3_0.nc_3.0,PACE_OCI.20250326T201312.L2.OC_AOP.V3_0.nc,3.3068725006780824,2025-03-26 20:15:41.500000+00:00,0.0011896936921402,0.0003384466399438,9.464006870985032e-05,9.66312363743782e-05,1.211217164993286,0.0117728598415851,-32767.0,0.0007386134638655,0.0018400102853775,1.9131848812103271,2.151873826980591,0.0184369214882912,0.0215073898353585,11.802359580993652,-111.52384185791016
1902652,1902652QC.nc,3,11.763,-111.891,2025-04-17 07:27:00.000000512+00:00,-67.64091469337625,PACE_OCI_L2_AOP_PACE_OCI.20250416T192958.L2.OC_AOP.V3_0.nc_3.0,PACE_OCI_L2_AOP_PACE_OCI.20250416T192958.L2.OC_AOP.V3_0.nc_3.0,PACE_OCI.20250416T192958.L2.OC_AOP.V3_0.nc,155.08120414493874,2025-04-16 19:32:27.500000+00:00,0.001860570628196,0.0006940034218132,7.675029337406158e-05,8.080166298896074e-05,1.6326743364334106,0.015631390735507,-32767.0,0.0012065901068732,0.0034200102090835,1.8643265962600708,2.1194212436676025,0.0299680421286065,0.0151655662831537,11.879220962524414,-110.47105407714844
1902722,1902722QC.nc,0,-22.123,-34.65499999999997,2025-02-22 21:41:00.000004096+00:00,-11.91604852607474,PACE_OCI_L2_AOP_PACE_OCI.20250223T145418.L2.OC_AOP.V3_0.nc_3.0,PACE_OCI_L2_AOP_PACE_OCI.20250223T145418.L2.OC_AOP.V3_0.nc_3.0,PACE_OCI.20250223T145418.L2.OC_AOP.V3_0.nc,0.8425786962048151,2025-02-23 14:56:47.500000+00:00,0.0012552564730867,0.0003060043964069,4.054303281009197e-05,4.274176899343729e-05,1.918975114822388,0.0063209338113665,-32767.0,0.0008492200307364,0.0022300034761428,1.9865152835845947,2.194261312484741,0.0213367928629026,0.010099227170091,-22.125633239746094,-34.64733123779297
1902722,1902722QC.nc,2,-22.209,-34.47500000000002,2025-03-14 22:19:59.999995392+00:00,-25.10544899761565,PACE_OCI_L2_AOP_PACE_OCI.20250314T144046.L2.OC_AOP.V3_0.nc_3.0,PACE_OCI_L2_AOP_PACE_OCI.20250314T144046.L2.OC_AOP.V3_0.nc_3.0,PACE_OCI.20250314T144046.L2.OC_AOP.V3_0.nc,43.94426702051013,2025-03-14 14:43:15.500000+00:00,0.001141304266639,0.0001413161808159,4.995707422494888e-05,5.162286106497049e-05,1.9244933128356927,0.0046231243759393,-32767.0,0.0007771572328749,0.0023050010204315,1.992039918899536,2.198741912841797,0.0195396935975779,0.0078826656374411,-22.236562728881836,-34.049129486083984
1902742,1902742QC.nc,1,28.721,-74.447,2025-03-01 15:58:00.000003584+00:00,50.012658826616565,PACE_OCI_L2_AOP_PACE_OCI.20250228T180201.L2.OC_AOP.V3_0.nc_3.0,PACE_OCI_L2_AOP_PACE_OCI.20250228T180201.L2.OC_AOP.V3_0.nc_3.0,PACE_OCI.20250228T180201.L2.OC_AOP.V3_0.nc,4.133963654622512,2025-02-28 18:04:30.500000+00:00,0.0022454040590673,0.000288690556772,9.09117516130209e-05,8.812849409878254e-05,0.4517582356929779,0.0113847600296139,-32767.0,0.0013546465968972,0.0025500059127807,1.9044864177703853,2.121817350387573,0.0336577465043925,0.0187411670744602,28.752578735351562,-74.46937561035156
1902742,1902742QC.nc,2,28.784,-74.40499999999997,2025-03-11 22:24:00.000001536+00:00,7.962452441817757,"PACE_OCI_L2_AOP_PACE_OCI.20250311T175919.L2.OC_AOP.V3_0.nc_3.0,PACE_OCI_L2_AOP_PACE_OCI.20250312T165628.L2.OC_AOP.V3_0.nc_3.0",PACE_OCI_L2_AOP_PACE_OCI.20250312T165628.L2.OC_AOP.V3_0.nc_3.0,PACE_OCI.20250312T165628.L2.OC_AOP.V3_0.nc,3.2556668100913657,2025-03-12 16:58:57.500000+00:00,0.0023060489911586,0.000587991962675,7.261289283633232e-05,7.117330096662045e-05,0.0641466751694679,0.0072653228417038,-32767.0,0.0012812182108018,0.0026749968528747,1.8752729892730715,2.1068902015686035,0.0317601693704729,0.0280016359978158,28.792724609375,-74.4368896484375
1902742,1902742QC.nc,3,28.796,-74.67500000000001,2025-03-22 04:19:59.999995392+00:00,-58.54599578658628,PACE_OCI_L2_AOP_PACE_OCI.20250322T175622.L2.OC_AOP.V3_0.nc_3.0,PACE_OCI_L2_AOP_PACE_OCI.20250322T175622.L2.OC_AOP.V3_0.nc_3.0,PACE_OCI.20250322T175622.L2.OC_AOP.V3_0.nc,0.7336906106233498,2025-03-22 17:58:51.500000+00:00,0.0017355899326503,0.0002312280121259,5.9877289459109306e-05,5.551741924136877e-05,0.1462033241987228,0.004593389108777,-32767.0,0.0009818052419025,0.0019749999046325,1.9215435981750488,2.1377391815185547,0.0244540202303804,0.0274799323271718,28.792890548706055,-74.6683578491211
1902742,1902742QC.nc,5,28.726,-75.76400000000001,2025-04-11 16:32:00.000003072+00:00,68.50647872640799,PACE_OCI_L2_AOP_PACE_OCI.20250411T181125.L2.OC_AOP.V3_0.nc_3.0,PACE_OCI_L2_AOP_PACE_OCI.20250411T181125.L2.OC_AOP.V3_0.nc_3.0,PACE_OCI.20250411T181125.L2.OC_AOP.V3_0.nc,1.2270096863709057,2025-04-11 18:13:54.500000+00:00,0.0005552026559598,0.0001316433772444,4.2546133045107126e-05,4.447664832696319e-05,1.884218454360962,0.0009553413256071,-32767.0,0.0003836083710525,0.0013100057840347,1.9646180868148804,2.1832709312438965,0.0096219081312668,0.028603562844208,28.722867965698242,-75.75193786621094
1902742,1902742QC.nc,7,28.266,-75.822,2025-05-02 04:38:00.000001536+00:00,-45.958179403162,PACE_OCI_L2_AOP_PACE_OCI.20250501T165149.L2.OC_AOP.V3_0.nc_3.0,PACE_OCI_L2_AOP_PACE_OCI.20250501T165149.L2.OC_AOP.V3_0.nc_3.0,PACE_OCI.20250501T165149.L2.OC_AOP.V3_0.nc,0.6257814858276539,2025-05-01 16:54:18.500000+00:00,0.0007180795655585,0.0001010706764645,4.194624489173293e-05,4.476035246625543e-05,1.8896849155426023,0.0008256077999249,-32767.0,0.0004819297434578,0.0015050023794174,1.9903604984283447,2.197619676589966,0.0121148338711246,0.0156181286594577,28.264894485473633,-75.81573486328125
2903439,2903439QC.nc,0,-35.654,-108.048,2024-10-22 00:19:00.000002560+00:00,14.123030175357904,PACE_OCI_L2_AOP_PACE_OCI.20241021T211851.L2.OC_AOP.V3_0.nc_3.0,PACE_OCI_L2_AOP_PACE_OCI.20241021T211851.L2.OC_AOP.V3_0.nc_3.0,PACE_OCI.20241021T211851.L2.OC_AOP.V3_0.nc,268.22647704805223,2024-10-21 21:21:20.500000+00:00,0.0003125314833596,0.0002041761326836,7.517581980209798e-05,7.571966852992773e-05,1.6451481580734253,0.0011181205045431,-32767.0,0.0002299831620101,0.001910001039505,1.901780366897583,2.181845426559448,0.0057673160697735,0.0303505082038505,-36.973445892333984,-110.55430603027344
2903439,2903439QC.nc,15,-34.917,-109.831,2025-03-22 08:20:59.999998464+00:00,-53.54178630786411,PACE_OCI_L2_AOP_PACE_OCI.20250321T202237.L2.OC_AOP.V3_0.nc_3.0,PACE_OCI_L2_AOP_PACE_OCI.20250321T202237.L2.OC_AOP.V3_0.nc_3.0,PACE_OCI.20250321T202237.L2.OC_AOP.V3_0.nc,3.1244742453873218,2025-03-21 20:25:06.500000+00:00,0.0017495355568826,0.0002587861090432,4.8613990657031536e-05,5.093833897262812e-05,1.928373336791992,0.0116712618619203,-32767.0,0.0011886752490098,0.0032300055027008,1.9442943334579468,2.171561479568481,0.029761338783615,0.0123017177491697,-34.94428253173828,-109.83920288085938
2903440,2903440QC.nc,8,-37.658,-99.29000000000002,2025-01-12 04:24:00.000001536+00:00,-22.04742400441779,PACE_OCI_L2_AOP_PACE_OCI.20250111T191627.L2.OC_AOP.V3_0.nc_3.0,PACE_OCI_L2_AOP_PACE_OCI.20250111T191627.L2.OC_AOP.V3_0.nc_3.0,PACE_OCI.20250111T191627.L2.OC_AOP.V3_0.nc,183.81214042136008,2025-01-11 19:18:56.500000+00:00,0.0016906559467315,0.0002545928582549,5.6422664783895016e-05,5.930906627327204e-05,1.919453501701355,0.0081409094855189,-32767.0,0.0011465581919486,0.003040000796318,1.965819001197815,2.1870546340942383,0.0287754773976766,0.0123774099512916,-36.510772705078125,-97.79801940917969
2903440,2903440QC.nc,9,-37.685,-99.46499999999996,2025-01-22 06:14:59.999996416+00:00,-32.13935909423605,PACE_OCI_L2_AOP_PACE_OCI.20250122T190501.L2.OC_AOP.V3_0.nc_3.0,PACE_OCI_L2_AOP_PACE_OCI.20250122T190501.L2.OC_AOP.V3_0.nc_3.0,PACE_OCI.20250122T190501.L2.OC_AOP.V3_0.nc,277.25335494285133,2025-01-22 19:07:30.500000+00:00,0.0057056886143982,0.0008460620883852,7.877033203840256e-05,7.803784683346748e-05,0.0458221659064292,0.0096841622143983,-32767.0,0.0033498279873578,0.0079099982976913,1.9151760339736936,2.1548285484313965,0.0836549293106371,0.006087255470637,-35.200836181640625,-99.73155975341797
2903441,2903441QC.nc,13,-39.538,-88.68299999999999,2025-03-05 03:31:59.999996416+00:00,-32.24600639288196,PACE_OCI_L2_AOP_PACE_OCI.20250304T183045.L2.OC_AOP.V3_0.nc_3.0,PACE_OCI_L2_AOP_PACE_OCI.20250304T183045.L2.OC_AOP.V3_0.nc_3.0,PACE_OCI.20250304T183045.L2.OC_AOP.V3_0.nc,262.915170499665,2025-03-04 18:33:14.500000+00:00,0.0021269153803586,0.0003249405999667,9.049265645444392e-05,8.942699059844017e-05,0.8258972764015198,0.0144372666254639,-32767.0,0.0013184239548518,0.0033050030469894,1.87542462348938,2.1100962162017822,0.0326986182601767,0.0201405617897917,-41.89726638793945,-88.88959503173828
2903442,2903442QC.nc,5,-40.541,-78.88600000000002,2024-12-15 14:01:00+00:00,46.80866878758577,PACE_OCI_L2_AOP_PACE_OCI.20241214T174828.L2.OC_AOP.V3_0.nc_3.0,PACE_OCI_L2_AOP_PACE_OCI.20241214T174828.L2.OC_AOP.V3_0.nc_3.0,PACE_OCI.20241214T174828.L2.OC_AOP.V3_0.nc,37.475083891354174,2024-12-14 17:50:57.500000+00:00,0.0073950937949121,0.0013472507707774,9.44104976952076e-05,9.692320600152016e-05,1.2736170291900637,0.029751481488347,0.007699966430664,0.0050455128964898,0.0107600092887878,1.6894475221633911,1.949557185173035,0.1220765023010581,0.0033417159227552,-40.86289596557617,-79.01769256591797
2903442,2903442QC.nc,6,-40.541,-78.69999999999999,2024-12-25 15:47:59.999999488+00:00,64.91088672983845,PACE_OCI_L2_AOP_PACE_OCI.20241225T173732.L2.OC_AOP.V3_0.nc_3.0,PACE_OCI_L2_AOP_PACE_OCI.20241225T173732.L2.OC_AOP.V3_0.nc_3.0,PACE_OCI.20241225T173732.L2.OC_AOP.V3_0.nc,128.23744519752455,2024-12-25 17:40:02+00:00,0.0042179976589977,0.0008269800455309,8.21365974843502e-05,8.386699482798576e-05,1.9247483015060425,0.050086285918951,-32767.0,0.0028586700709389,0.0063550025224685,1.5844348669052124,1.8348103761672971,0.0679530345763744,0.0092690321092087,-41.688133239746094,-78.54229736328125
2903442,2903442QC.nc,8,-40.549,-78.01400000000001,2025-01-14 20:29:00+00:00,45.941278320132525,PACE_OCI_L2_AOP_PACE_OCI.20250114T174354.L2.OC_AOP.V3_0.nc_3.0,PACE_OCI_L2_AOP_PACE_OCI.20250114T174354.L2.OC_AOP.V3_0.nc_3.0,PACE_OCI.20250114T174354.L2.OC_AOP.V3_0.nc,133.24465795013674,2025-01-14 17:46:23.500000+00:00,0.0151074733585119,0.0006348062888719,0.0001059276983141,0.0001017730683088,0.0667430758476257,0.0113824289292097,-32767.0,0.0097528123959724,0.0213100016117095,1.7656419277191162,2.037930965423584,0.2392064852136166,1.0000000000206536e-06,-41.19660186767578,-79.3473892211914
2903442,2903442QC.nc,10,-40.275,-78.017,2025-02-04 02:06:00.000002048+00:00,-16.918381985085734,PACE_OCI_L2_AOP_PACE_OCI.20250203T174450.L2.OC_AOP.V3_0.nc_3.0,PACE_OCI_L2_AOP_PACE_OCI.20250203T174450.L2.OC_AOP.V3_0.nc_3.0,PACE_OCI.20250203T174450.L2.OC_AOP.V3_0.nc,38.37945554932852,2025-02-03 17:47:19.500000+00:00,0.0035566168371587,0.0004066974797751,8.686073124408722e-05,8.073891513049603e-05,0.3622253537178039,0.0245138462632894,-32767.0,0.0022103595169921,0.0047000050544738,1.7724992036819458,2.018826961517334,0.0540539045072523,0.0112944260877996,-40.44344711303711,-77.62164306640625
2903442,2903442QC.nc,12,-39.957,-78.54899999999998,2025-02-24 06:53:59.999997952+00:00,-36.77339676641207,PACE_OCI_L2_AOP_PACE_OCI.20250223T180602.L2.OC_AOP.V3_0.nc_3.0,PACE_OCI_L2_AOP_PACE_OCI.20250223T180602.L2.OC_AOP.V3_0.nc_3.0,PACE_OCI.20250223T180602.L2.OC_AOP.V3_0.nc,24.21715178998067,2025-02-23 18:08:31.500000+00:00,0.0019638075027614,0.0005365513497963,6.895884871482849e-05,6.86135608702898e-05,1.8071235418319704,0.0256752278655767,-32767.0,0.0012907793176365,0.0031149983406066,1.7974069118499756,2.0423948764801025,0.0316806396786317,0.0177100782052003,-40.119258880615234,-78.3592529296875
2903442,2903442QC.nc,15,-40.015,-79.33800000000002,2025-03-26 12:05:00.000002048+00:00,6.601181527880283,PACE_OCI_L2_AOP_PACE_OCI.20250325T174422.L2.OC_AOP.V3_0.nc_3.0,PACE_OCI_L2_AOP_PACE_OCI.20250325T174422.L2.OC_AOP.V3_0.nc_3.0,PACE_OCI.20250325T174422.L2.OC_AOP.V3_0.nc,17.860235793527774,2025-03-25 17:46:51.500000+00:00,0.0047231554053723,0.0009309359593316,9.530037641525269e-05,9.80566255748272e-05,1.7599072456359863,0.0250283796340227,-32767.0,0.0031669670338245,0.0074900090694427,1.787678360939026,2.0457561016082764,0.0777697132264185,0.0117337244952141,-39.90252685546875,-79.48759460449219
2903442,2903442QC.nc,16,-40.122,-79.582,2025-04-05 13:32:59.999999488+00:00,20.13617854811225,PACE_OCI_L2_AOP_PACE_OCI.20250405T174042.L2.OC_AOP.V3_0.nc_3.0,PACE_OCI_L2_AOP_PACE_OCI.20250405T174042.L2.OC_AOP.V3_0.nc_3.0,PACE_OCI.20250405T174042.L2.OC_AOP.V3_0.nc,3.2022212379921102,2025-04-05 17:43:11.500000+00:00,0.0021895237732678,0.0001700893044471,0.0001179398968815,0.0001058059278875,0.3896674513816833,0.0009854512754827,-32767.0,0.0012757573961795,0.0032349973917007,1.6542011499404907,1.8675793409347532,0.0304794209545078,0.0699268713085143,-40.12565231323242,-79.6193618774414
2903451,2903451QC.nc,41,-0.141,148.291,2024-04-20 07:21:00.000002048+00:00,10.976028053287362,PACE_OCI_L2_AOP_PACE_OCI.20240420T035021.L2.OC_AOP.V3_0.nc_3.0,PACE_OCI_L2_AOP_PACE_OCI.20240420T035021.L2.OC_AOP.V3_0.nc_3.0,PACE_OCI.20240420T035021.L2.OC_AOP.V3_0.nc,3.51012865260703,2024-04-20 03:52:50.500000+00:00,0.0013943429803475,0.0002479945833329,6.731890607625246e-05,6.972241681069136e-05,1.7917249202728271,0.0103091914206743,-32767.0,0.0009211475671919,0.0027050077915191,1.9271210432052608,2.167059898376465,0.02304714251393,0.013666075293665,-0.13199467957019806,148.2607421875
2903451,2903451QC.nc,56,0.082,149.869,2024-09-17 12:56:00.000001024+00:00,-75.1685892376874,PACE_OCI_L2_AOP_PACE_OCI.20240918T023437.L2.OC_AOP.V3_0.nc_3.0,PACE_OCI_L2_AOP_PACE_OCI.20240918T023437.L2.OC_AOP.V3_0.nc_3.0,PACE_OCI.20240918T023437.L2.OC_AOP.V3_0.nc,3.088817555294008,2024-09-18 02:37:07+00:00,0.0001633609936106,0.0002377310156589,3.802766150329262e-05,3.829790512099862e-05,1.7854642868041992,0.0018256474286317,-32767.0,0.000117144435616,0.0007050037384033,1.9974747896194456,2.1999025344848637,0.002945833771928,0.0118556524673105,0.09870739281177521,149.8911895751953
2903451,2903451QC.nc,57,0.419,148.914,2024-09-27 13:27:00.000000512+00:00,-82.81279687534196,PACE_OCI_L2_AOP_PACE_OCI.20240928T032736.L2.OC_AOP.V3_0.nc_3.0,PACE_OCI_L2_AOP_PACE_OCI.20240928T032736.L2.OC_AOP.V3_0.nc_3.0,PACE_OCI.20240928T032736.L2.OC_AOP.V3_0.nc,11.760234370716384,2024-09-28 03:30:05.500000+00:00,0.0019369267392903,0.0004342483880463,7.402373012155294e-05,7.362780161201954e-05,0.1010945588350296,0.0068552694283425,-32767.0,0.0010988847133349,0.0022750049829483,1.952341198921204,2.1707212924957275,0.02750965365927,0.0148724732922757,0.4083612561225891,148.80877685546875
2903451,2903451QC.nc,60,1.342,146.224,2024-10-27 14:37:59.999998464+00:00,-74.78353181871267,PACE_OCI_L2_AOP_PACE_OCI.20241028T023154.L2.OC_AOP.V3_0.nc_3.0,PACE_OCI_L2_AOP_PACE_OCI.20241028T023154.L2.OC_AOP.V3_0.nc_3.0,PACE_OCI.20241028T023154.L2.OC_AOP.V3_0.nc,2.391921115788435,2024-10-28 02:34:23.500000+00:00,0.0008979454287327,0.0002220528986072,4.858471220359206e-05,4.989682929590344e-05,1.9536361694335933,0.008512508124113,-32767.0,0.0006190725769481,0.0021950006484985,1.948538899421692,2.1778125762939453,0.0155149114386568,0.0143559480018442,1.3212403059005737,146.22964477539062
2903451,2903451QC.nc,75,0.909,141.29,2025-03-26 20:03:00.000002560+00:00,-9.268634530541917,PACE_OCI_L2_AOP_PACE_OCI.20250327T024639.L2.OC_AOP.V3_0.nc_3.0,PACE_OCI_L2_AOP_PACE_OCI.20250327T024639.L2.OC_AOP.V3_0.nc_3.0,PACE_OCI.20250327T024639.L2.OC_AOP.V3_0.nc,35.987595446261615,2025-03-27 02:49:08.500000+00:00,0.0055310958996415,0.001249065506272,0.0001157745718955,0.0001182565465569,1.0078424215316772,0.0134999444708228,-32767.0,0.0035857111395862,0.0085300058126449,1.8837475776672363,2.124460458755493,0.0891274095659552,0.004536045501102,1.2137218713760376,141.18093872070312
2903459,2903459QC.nc,36,-9.778,-93.35000000000002,2024-05-15 02:37:59.999998464+00:00,-38.09690147685912,PACE_OCI_L2_AOP_PACE_OCI.20240515T195659.L2.OC_AOP.V3_0.nc_3.0,PACE_OCI_L2_AOP_PACE_OCI.20240515T195659.L2.OC_AOP.V3_0.nc_3.0,PACE_OCI.20240515T195659.L2.OC_AOP.V3_0.nc,9.554275009793336,2024-05-15 19:59:28.500000+00:00,0.0033256886526942,0.0006751808105036,9.209453128278255e-05,9.295647032558918e-05,0.1037931591272354,0.0156337600201368,-32767.0,0.0019939833200134,0.0044199973344802,1.8595473766326904,2.0937013626098637,0.0493285392929672,0.0126281966877936,-9.756429672241211,-93.2656021118164
2903459,2903459QC.nc,38,-10.038,-93.54500000000002,2024-06-04 16:21:00.000002048+00:00,47.48504911611203,PACE_OCI_L2_AOP_PACE_OCI.20240604T200504.L2.OC_AOP.V3_0.nc_3.0,PACE_OCI_L2_AOP_PACE_OCI.20240604T200504.L2.OC_AOP.V3_0.nc_3.0,PACE_OCI.20240604T200504.L2.OC_AOP.V3_0.nc,140.4118785674093,2024-06-04 20:07:33.500000+00:00,0.0037613860331475,0.0003549823595676,0.0001104767434298,0.0001074085012078,0.3554997444152832,0.0154115194454789,-32767.0,0.0023092727799453,0.0049450099468231,1.857635259628296,2.1006579399108887,0.0571896855489883,0.0120694730145889,-10.547863006591797,-94.71914672851562
2903459,2903459QC.nc,41,-9.63,-93.226,2024-07-05 12:42:59.999996928+00:00,2.338823735681056,PACE_OCI_L2_AOP_PACE_OCI.20240705T195953.L2.OC_AOP.V3_0.nc_3.0,PACE_OCI_L2_AOP_PACE_OCI.20240705T195953.L2.OC_AOP.V3_0.nc_3.0,PACE_OCI.20240705T195953.L2.OC_AOP.V3_0.nc,66.25027665715865,2024-07-05 20:02:22.500000+00:00,0.0050466083921492,0.0002682795748114,9.47178341448307e-05,9.595043957233428e-05,0.0552710853517055,0.0150506477802991,0.0901501178741455,0.0030376682125259,0.0064550042152404,1.870903730392456,2.102102041244507,0.0752453165977277,0.0086820198455768,-9.241318702697754,-92.76824188232422
2903459,2903459QC.nc,53,-9.652,-94.14100000000002,2024-11-16 06:58:00.000003584+00:00,-58.23851970193894,PACE_OCI_L2_AOP_PACE_OCI.20241116T195523.L2.OC_AOP.V3_0.nc_3.0,PACE_OCI_L2_AOP_PACE_OCI.20241116T195523.L2.OC_AOP.V3_0.nc_3.0,PACE_OCI.20241116T195523.L2.OC_AOP.V3_0.nc,30.015957305987687,2024-11-16 19:57:52.500000+00:00,0.0033842492848634,0.0005441704997792,8.133682422339916e-05,7.924367673695087e-05,0.1420602351427078,0.0168679468333721,-32767.0,0.0020553331019573,0.0043600052595138,1.8315613269805908,2.0735559463500977,0.0506886006910407,0.0155866773033573,-9.642446517944336,-94.41464233398438
2903459,2903459QC.nc,54,-9.806,-93.856,2024-11-26 14:12:59.999996928+00:00,33.78805163307072,PACE_OCI_L2_AOP_PACE_OCI.20241125T200826.L2.OC_AOP.V3_0.nc_3.0,PACE_OCI_L2_AOP_PACE_OCI.20241125T200826.L2.OC_AOP.V3_0.nc_3.0,PACE_OCI.20241125T200826.L2.OC_AOP.V3_0.nc,6.77058638681772,2024-11-25 20:10:55.500000+00:00,0.0013810478849336,0.0002370418660575,8.586060721427202e-05,9.14472620934248e-05,1.5256109237670898,0.0133306980133056,-32767.0,0.0008996596301852,0.0027900040149688,1.8289300203323364,2.1037814617156982,0.0222910132256248,0.0330509650159295,-9.80105209350586,-93.91758728027344
2903459,2903459QC.nc,60,-9.674,-93.01799999999996,2025-01-27 09:02:00.000003072+00:00,-42.15301356030368,PACE_OCI_L2_AOP_PACE_OCI.20250126T195033.L2.OC_AOP.V3_0.nc_3.0,PACE_OCI_L2_AOP_PACE_OCI.20250126T195033.L2.OC_AOP.V3_0.nc_3.0,PACE_OCI.20250126T195033.L2.OC_AOP.V3_0.nc,1.805754835830193,2025-01-26 19:53:02.500000+00:00,0.002256765961647,0.0001935092004714,5.421461537480354e-05,5.4842326790094376e-05,1.941751837730408,0.0188621319830417,0.0347299575805664,0.0015597734393203,0.0041850060224533,1.827966809272766,2.069365978240967,0.0384422769483388,0.023046479054695,-9.685797691345215,-93.0293197631836
2903459,2903459QC.nc,64,-10.461,-91.92700000000002,2025-03-09 12:41:00.000004096+00:00,6.52120322663634,"PACE_OCI_L2_AOP_PACE_OCI.20250308T191928.L2.OC_AOP.V3_0.nc_3.0,PACE_OCI_L2_AOP_PACE_OCI.20250309T195459.L2.OC_AOP.V3_0.nc_3.0",PACE_OCI_L2_AOP_PACE_OCI.20250308T191928.L2.OC_AOP.V3_0.nc_3.0,PACE_OCI.20250308T191928.L2.OC_AOP.V3_0.nc,0.5335387324839392,2025-03-08 19:21:57.500000+00:00,0.0015886120963841,0.0008920863620005,7.864506915211678e-05,7.686729077249765e-05,0.0587068907916545,0.0126570668071508,-32767.0,0.0008542706779344,0.0009649991989135,1.942030906677246,2.1476454734802246,0.0213100094570906,0.0226990314407024,-10.463805198669434,-91.93096160888672
2903459,2903459QC.nc,69,-10.066,-91.74,2025-04-30 00:19:00.000002560+00:00,-6.098550681113504,PACE_OCI_L2_AOP_PACE_OCI.20250430T192312.L2.OC_AOP.V3_0.nc_3.0,PACE_OCI_L2_AOP_PACE_OCI.20250430T192312.L2.OC_AOP.V3_0.nc_3.0,PACE_OCI.20250430T192312.L2.OC_AOP.V3_0.nc,1.0412612825002647,2025-04-30 19:25:41.500000+00:00,0.003773168195039,0.000788282835856,8.225021883845329e-05,8.15198291093111e-05,0.0181234031915664,0.0138313435018062,-32767.0,0.0021837866322671,0.0032799988985061,1.897139310836792,2.115493059158325,0.0542058091971917,0.0168788685489043,-10.062662124633789,-91.73111724853516
2903461,2903461QC.nc,30,-2.993,-98.68099999999998,2024-04-02 18:38:00.000005120+00:00,81.6796374008032,"PACE_OCI_L2_AOP_PACE_OCI.20240401T185808.L2.OC_AOP.V3_0.nc_3.0,PACE_OCI_L2_AOP_PACE_OCI.20240402T193311.L2.OC_AOP.V3_0.nc_3.0",PACE_OCI_L2_AOP_PACE_OCI.20240402T193311.L2.OC_AOP.V3_0.nc_3.0,PACE_OCI.20240402T193311.L2.OC_AOP.V3_0.nc,0.6921712129036512,2024-04-02 19:35:40.500000+00:00,0.0013501159846782,0.0001993149489862,5.934445653110743e-05,6.527302321046591e-05,1.7965446710586548,0.0177992805838584,-32767.0,0.0008925017219337,0.0030350089073181,1.8322707414627075,2.0808181762695312,0.0220355203078576,0.0265981232735766,-2.9985973834991455,-98.68373107910156
2903461,2903461QC.nc,32,-3.137,-99.05200000000002,2024-04-23 08:54:59.999997952+00:00,-53.94266901631072,PACE_OCI_L2_AOP_PACE_OCI.20240422T194518.L2.OC_AOP.V3_0.nc_3.0,PACE_OCI_L2_AOP_PACE_OCI.20240422T194518.L2.OC_AOP.V3_0.nc_3.0,PACE_OCI.20240422T194518.L2.OC_AOP.V3_0.nc,6.043456665266645,2024-04-22 19:47:47.500000+00:00,0.0034165962133556,0.0004624434222932,7.953587919473648e-05,7.845438085496426e-05,0.3174741566181183,0.0216822400689125,0.0423800945281982,0.0021218341067405,0.0043449997901916,1.8050906658172607,2.058191299438477,0.0522048559255547,0.0105557358214276,-3.173236608505249,-99.09256744384766
2903461,2903461QC.nc,37,-3.058,-100.29500000000002,2024-06-13 19:10:59.999997440+00:00,62.71371768733594,PACE_OCI_L2_AOP_PACE_OCI.20240613T202258.L2.OC_AOP.V3_0.nc_3.0,PACE_OCI_L2_AOP_PACE_OCI.20240613T202258.L2.OC_AOP.V3_0.nc_3.0,PACE_OCI.20240613T202258.L2.OC_AOP.V3_0.nc,1.921015259163932,2024-06-13 20:25:28+00:00,0.0006046753842383,9.647191473050044e-05,4.858814645558596e-05,5.049502942711115e-05,1.8147815465927124,0.0095474626868963,-32767.0,0.0004103622171633,0.0013950020074844,1.915261149406433,2.141652107238769,0.0102271415029795,0.031072881843044,-3.0568673610687256,-100.27774047851562
2903461,2903461QC.nc,39,-3.08,-101.16500000000002,2024-07-04 09:39:59.999997952+00:00,-44.19930944265547,PACE_OCI_L2_AOP_PACE_OCI.20240703T202852.L2.OC_AOP.V3_0.nc_3.0,PACE_OCI_L2_AOP_PACE_OCI.20240703T202852.L2.OC_AOP.V3_0.nc_3.0,PACE_OCI.20240703T202852.L2.OC_AOP.V3_0.nc,14.033717775474084,2024-07-03 20:31:21.500000+00:00,0.0020190139766782,0.0002488397294655,9.93506982922554e-05,9.632902219891548e-05,0.7141302227973938,0.0112570477649569,-32767.0,0.0012357648255067,0.0031400024890899,1.904006838798523,2.1378424167633057,0.0307799322925257,0.0169923437890444,-2.9595253467559814,-101.2026596069336
2903461,2903461QC.nc,51,-2.734,-104.349,2024-11-15 01:07:59.999998464+00:00,-5.294819364774454,PACE_OCI_L2_AOP_PACE_OCI.20241114T202513.L2.OC_AOP.V3_0.nc_3.0,PACE_OCI_L2_AOP_PACE_OCI.20241114T202513.L2.OC_AOP.V3_0.nc_3.0,PACE_OCI.20241114T202513.L2.OC_AOP.V3_0.nc,1.1359476508682151,2024-11-14 20:27:42.500000+00:00,0.0012641767971217,0.0001284957688767,5.281367339193821e-05,5.65794762223959e-05,1.7802101373672483,0.0133226616308093,0.0489249229431152,0.0008425510910803,0.0021450072526931,1.8863025903701784,2.1241579055786133,0.0209417018825376,0.0263090133317765,-2.7337450981140137,-104.33877563476562
2903461,2903461QC.nc,52,-2.353,-104.369,2024-11-25 08:09:00.000001536+00:00,-58.90276978505011,PACE_OCI_L2_AOP_PACE_OCI.20241125T200826.L2.OC_AOP.V3_0.nc_3.0,PACE_OCI_L2_AOP_PACE_OCI.20241125T200826.L2.OC_AOP.V3_0.nc_3.0,PACE_OCI.20241125T200826.L2.OC_AOP.V3_0.nc,4.12092694035556,2024-11-25 20:10:55.500000+00:00,0.0026172501966357,0.0007075227913446,8.404115214943886e-05,8.342904038727283e-05,1.883478045463562,0.0206711199134588,-32767.0,0.0017691890746335,0.0035199970006942,1.8515006303787231,2.083752155303955,0.0437003517887982,0.0168457100293072,-2.373211622238159,-104.40009307861328
2903461,2903461QC.nc,56,-2.401,-103.959,2025-01-05 11:23:59.999997952+00:00,-21.34959068217916,PACE_OCI_L2_AOP_PACE_OCI.20250104T201321.L2.OC_AOP.V3_0.nc_3.0,PACE_OCI_L2_AOP_PACE_OCI.20250104T201321.L2.OC_AOP.V3_0.nc_3.0,PACE_OCI.20250104T201321.L2.OC_AOP.V3_0.nc,2.311661094851739,2025-01-04 20:15:50.500000+00:00,0.0020741363987326,0.0004304617759771,7.562385872006416e-05,7.75875523686409e-05,1.2117908000946045,0.01329792663455,0.036600112915039,0.0013173477011871,0.0031300038099288,1.892561674118042,2.126716136932373,0.0327557376212137,0.0180944544980023,-2.4214727878570557,-103.96261596679688
2903461,2903461QC.nc,57,-2.532,-104.239,2025-01-15 18:33:59.999998976+00:00,69.93894921765461,PACE_OCI_L2_AOP_PACE_OCI.20250115T200156.L2.OC_AOP.V3_0.nc_3.0,PACE_OCI_L2_AOP_PACE_OCI.20250115T200156.L2.OC_AOP.V3_0.nc_3.0,PACE_OCI.20250115T200156.L2.OC_AOP.V3_0.nc,50.29969592100503,2025-01-15 20:04:25.500000+00:00,0.0046266638673841,0.0004694534291047,7.426505908370018e-05,7.42478296160698e-05,0.0649409517645835,0.0159135200083255,0.0047249794006347,0.0028178809706526,0.0061549991369247,1.8110229969024656,2.061873435974121,0.0693695048719533,0.0164062917686938,-2.6205594539642334,-104.68305206298828
2903461,2903461QC.nc,58,-2.771,-104.281,2025-01-26 01:13:59.999996928+00:00,0.335371889442106,PACE_OCI_L2_AOP_PACE_OCI.20250126T195033.L2.OC_AOP.V3_0.nc_3.0,PACE_OCI_L2_AOP_PACE_OCI.20250126T195033.L2.OC_AOP.V3_0.nc_3.0,PACE_OCI.20250126T195033.L2.OC_AOP.V3_0.nc,0.0435758241756982,2025-01-26 19:53:02.500000+00:00,0.0016727778129279,0.000481819442939,8.247990626841784e-05,8.092820644378662e-05,0.7714904546737671,0.0139532079920172,-32767.0,0.0010255769088299,0.0023300051689147,1.865834355354309,2.1008124351501465,0.0253992590839,0.0250548931208061,-2.771054983139038,-104.28138732910156
2903461,2903461QC.nc,65,-3.577,-108.831,2025-04-28 18:00:00+00:00,64.55778385305014,PACE_OCI_L2_AOP_PACE_OCI.20250427T205356.L2.OC_AOP.V3_0.nc_3.0,PACE_OCI_L2_AOP_PACE_OCI.20250427T205356.L2.OC_AOP.V3_0.nc_3.0,PACE_OCI.20250427T205356.L2.OC_AOP.V3_0.nc,53.31757287382331,2025-04-27 20:56:25.500000+00:00,0.0034509361721575,0.0005317473551258,0.0001013949513435,0.0001057293266057,1.6209324598312378,0.0169059243053197,-32767.0,0.0022921838968167,0.0053099989891052,1.889552116394043,2.1162679195404053,0.0569032343541511,0.0099142994181071,-3.6390905380249023,-109.30740356445312
2903462,2903462QC.nc,31,0.81,-97.64800000000002,2024-04-01 01:38:00.000001536+00:00,-15.782634689793772,PACE_OCI_L2_AOP_PACE_OCI.20240401T185808.L2.OC_AOP.V3_0.nc_3.0,PACE_OCI_L2_AOP_PACE_OCI.20240401T185808.L2.OC_AOP.V3_0.nc_3.0,PACE_OCI.20240401T185808.L2.OC_AOP.V3_0.nc,24.04565946115025,2024-04-01 19:00:38+00:00,0.0017628596397116,0.0001775695709511,7.908383850008249e-05,8.082145359367132e-05,1.7928929328918457,0.0259536541998386,-32767.0,0.0011686312009568,-32767.0,-32767.0,2.0243279933929443,0.0286028877357297,0.0201051085438114,0.6310299634933472,-97.526611328125
2903462,2903462QC.nc,32,0.868,-98.29399999999998,2024-04-11 01:29:00.000003584+00:00,-13.428455432195635,"PACE_OCI_L2_AOP_PACE_OCI.20240410T191830.L2.OC_AOP.V3_0.nc_3.0,PACE_OCI_L2_AOP_PACE_OCI.20240411T195333.L2.OC_AOP.V3_0.nc_3.0",PACE_OCI_L2_AOP_PACE_OCI.20240410T191830.L2.OC_AOP.V3_0.nc_3.0,PACE_OCI.20240410T191830.L2.OC_AOP.V3_0.nc,0.2533559086352685,2024-04-10 19:20:59.500000+00:00,0.0011257912265136,0.0001128661024267,4.117423668503761e-05,4.122382961213589e-05,1.9525024890899656,0.0215617250651121,0.0360050201416015,0.0007764918097413,0.002360001206398,1.8017007112503047,2.044766902923584,0.0190650359148541,0.0275406328206448,0.866619884967804,-98.29219055175781
2903462,2903462QC.nc,36,0.375,-102.41199999999998,2024-05-21 03:11:00.000001024+00:00,-33.483790091716074,PACE_OCI_L2_AOP_PACE_OCI.20240521T200935.L2.OC_AOP.V3_0.nc_3.0,PACE_OCI_L2_AOP_PACE_OCI.20240521T200935.L2.OC_AOP.V3_0.nc_3.0,PACE_OCI.20240521T200935.L2.OC_AOP.V3_0.nc,0.3996427162349515,2024-05-21 20:12:04.500000+00:00,0.0011304739164188,0.0002063120482489,6.173760630190372e-05,6.303819827735424e-05,1.867329835891724,0.0201439820230007,-32767.0,0.0007739271795806,0.0020800083875656,1.7779995203018188,2.007504463195801,0.018893231557815,0.029407818419192,0.37859398126602173,-102.41202545166016
2903462,2903462QC.nc,37,0.656,-103.303,2024-05-31 04:26:00.000004096+00:00,-48.05235969202176,PACE_OCI_L2_AOP_PACE_OCI.20240530T202745.L2.OC_AOP.V3_0.nc_3.0,PACE_OCI_L2_AOP_PACE_OCI.20240530T202745.L2.OC_AOP.V3_0.nc_3.0,PACE_OCI.20240530T202745.L2.OC_AOP.V3_0.nc,30.415709714062096,2024-05-30 20:30:14.500000+00:00,0.0030511610675603,0.0006423511658795,9.149848483502863e-05,9.537884034216404e-05,1.7815468311309814,0.0264507811516523,-32767.0,0.0020452306556612,0.0049050003290176,1.816511869430542,2.0505545139312744,0.0502609263930038,0.0114162684179473,0.38324669003486633,-103.32366943359375
2903462,2903462QC.nc,38,0.913,-104.103,2024-06-10 04:52:59.999998464+00:00,-51.69333509160515,PACE_OCI_L2_AOP_PACE_OCI.20240610T201702.L2.OC_AOP.V3_0.nc_3.0,PACE_OCI_L2_AOP_PACE_OCI.20240610T201702.L2.OC_AOP.V3_0.nc_3.0,PACE_OCI.20240610T201702.L2.OC_AOP.V3_0.nc,0.4413158056700494,2024-06-10 20:19:31.500000+00:00,0.000803769158665,0.0002575671533122,4.365900531411171e-05,4.530342994257808e-05,1.9212654829025269,0.0107246404513716,-32767.0,0.0005521590398257,0.0016250014305114,1.9327691793441768,2.156174659729004,0.0137918755431651,0.0222218277136687,0.9145556092262268,-104.10665130615234
2903462,2903462QC.nc,43,-0.443,-106.701,2024-07-30 05:29:00+00:00,-58.75517886954734,PACE_OCI_L2_AOP_PACE_OCI.20240729T204400.L2.OC_AOP.V3_0.nc_3.0,PACE_OCI_L2_AOP_PACE_OCI.20240729T204400.L2.OC_AOP.V3_0.nc_3.0,PACE_OCI.20240729T204400.L2.OC_AOP.V3_0.nc,41.18164978904149,2024-07-29 20:46:29.500000+00:00,0.0026204534806311,0.0003185516397934,0.0001137515064328,0.0001181871630251,1.2444932460784912,0.0251985900104045,0.1054499149322509,0.0016852361066536,0.004145011305809,1.812610387802124,2.0575411319732666,0.041458795741042,0.0120499643649524,-0.26165834069252014,-106.3780746459961
2903462,2903462QC.nc,54,1.336,-104.207,2024-11-17 11:26:00.000001024+00:00,-18.328856745228773,"PACE_OCI_L2_AOP_PACE_OCI.20241116T195523.L2.OC_AOP.V3_0.nc_3.0,PACE_OCI_L2_AOP_PACE_OCI.20241117T202937.L2.OC_AOP.V3_0.nc_3.0",PACE_OCI_L2_AOP_PACE_OCI.20241116T195523.L2.OC_AOP.V3_0.nc_3.0,PACE_OCI.20241116T195523.L2.OC_AOP.V3_0.nc,3.738657211412818,2024-11-16 19:57:52.500000+00:00,0.0033641178160905,0.0009748712764121,7.786299102008343e-05,7.469230331480503e-05,0.0599473640322685,0.0185356568545103,-32767.0,0.0020302331771122,0.0036600083112716,1.826054096221924,2.0519888401031494,0.0499034009159996,0.0160073339382322,1.3176411390304565,-104.23517608642578
2903462,2903462QC.nc,55,1.875,-104.138,2024-11-27 12:05:59.999998464+00:00,-9.59805060485601,"PACE_OCI_L2_AOP_PACE_OCI.20241126T190922.L2.OC_AOP.V3_0.nc_3.0,PACE_OCI_L2_AOP_PACE_OCI.20241127T194335.L2.OC_AOP.V3_0.nc_3.0",PACE_OCI_L2_AOP_PACE_OCI.20241127T194335.L2.OC_AOP.V3_0.nc_3.0,PACE_OCI.20241127T194335.L2.OC_AOP.V3_0.nc,25.991155216993825,2024-11-27 19:46:05+00:00,0.0018692216835916,0.0003896972339134,7.642130367457867e-05,7.695041131228209e-05,1.1945879459381104,0.0165623128414154,-32767.0,0.0011741702820821,0.0028650015592575,1.8570390939712524,2.102951765060425,0.029088886678574,0.0200284906848735,1.6428148746490479,-104.11103820800781
2903462,2903462QC.nc,57,1.945,-102.959,2024-12-17 13:35:00.000002048+00:00,10.033999545115304,PACE_OCI_L2_AOP_PACE_OCI.20241216T190800.L2.OC_AOP.V3_0.nc_3.0,PACE_OCI_L2_AOP_PACE_OCI.20241216T190800.L2.OC_AOP.V3_0.nc_3.0,PACE_OCI.20241216T190800.L2.OC_AOP.V3_0.nc,5.73976496869335,2024-12-16 19:10:29.500000+00:00,0.0031709556933492,0.0004726441111415,8.371751755475998e-05,8.906470611691475e-05,1.6323466300964355,0.0207857564091682,-32767.0,0.0021006764819072,0.0051999986171722,1.849462389945984,2.098534345626831,0.0520067195693163,0.0099488247389536,1.8935489654541016,-102.96316528320312
2903462,2903462QC.nc,58,1.536,-102.634,2024-12-27 13:49:59.999998976+00:00,12.779948849521675,"PACE_OCI_L2_AOP_PACE_OCI.20241226T200036.L2.OC_AOP.V3_0.nc_3.0,PACE_OCI_L2_AOP_PACE_OCI.20241227T203021.L2.OC_AOP.V3_0.nc_3.0",PACE_OCI_L2_AOP_PACE_OCI.20241226T200036.L2.OC_AOP.V3_0.nc_3.0,PACE_OCI.20241226T200036.L2.OC_AOP.V3_0.nc,36.38081776167749,2024-12-26 20:03:05.500000+00:00,0.0029393963050097,0.001264852238819,7.78555404394865e-05,7.961411029100418e-05,1.1790885925292969,0.0205589160323143,0.0934650897979736,0.0019063577546486,0.004270002245903,1.8385862112045288,2.08168363571167,0.0470735111531718,0.0126137115261922,1.5884904861450195,-102.95706176757812
2903462,2903462QC.nc,60,0.663,-102.25,2025-01-16 14:56:00.000004096+00:00,26.979682817725063,PACE_OCI_L2_AOP_PACE_OCI.20250115T200156.L2.OC_AOP.V3_0.nc_3.0,PACE_OCI_L2_AOP_PACE_OCI.20250115T200156.L2.OC_AOP.V3_0.nc_3.0,PACE_OCI.20250115T200156.L2.OC_AOP.V3_0.nc,26.186086121374824,2025-01-15 20:04:25.500000+00:00,0.0029697404243052,0.0004005147202406,7.933680899441242e-05,7.843552157282829e-05,0.1242688000202179,0.0224267486482858,0.0832650661468505,0.0018156041889749,0.0041650086641311,1.7529677152633667,2.0047450065612797,0.0443039614916747,0.0192237500886894,0.4323613941669464,-102.20240783691406
2903462,2903462QC.nc,61,1.266,-102.356,2025-01-26 15:47:59.999999488+00:00,38.41567776177587,PACE_OCI_L2_AOP_PACE_OCI.20250126T195033.L2.OC_AOP.V3_0.nc_3.0,PACE_OCI_L2_AOP_PACE_OCI.20250126T195033.L2.OC_AOP.V3_0.nc_3.0,PACE_OCI.20250126T195033.L2.OC_AOP.V3_0.nc,15.049437474152132,2025-01-26 19:53:02.500000+00:00,0.0028774496167898,0.0006910302327014,8.113891817629337e-05,8.109351620078087e-05,0.2150255441665649,0.018001239746809,-32767.0,0.0017584393354587,0.0038550049066543,1.8163732290267944,2.052486658096313,0.0432259881235285,0.0183915063146646,1.1488300561904907,-102.28824615478516
2903462,2903462QC.nc,66,0.872,-102.08499999999998,2025-03-17 19:46:59.999999488+00:00,77.2287338656607,PACE_OCI_L2_AOP_PACE_OCI.20250317T194900.L2.OC_AOP.V3_0.nc_3.0,PACE_OCI_L2_AOP_PACE_OCI.20250317T194900.L2.OC_AOP.V3_0.nc_3.0,PACE_OCI.20250317T194900.L2.OC_AOP.V3_0.nc,3.4831384425392966,2025-03-17 19:51:29.500000+00:00,0.0024571483954787,0.0004752573149744,6.536580622196198e-05,6.51355367153883e-05,1.913978576660156,0.0199110507965087,0.0005600452423095,0.0016564369317836,0.00415500998497,1.8770054578781128,2.1095378398895264,0.0410782415847859,0.0123697668222902,0.8468214273452759,-102.1036376953125
2903463,2903463QC.nc,31,4.121,-97.753,2024-04-02 20:03:59.999998976+00:00,67.62020056901166,PACE_OCI_L2_AOP_PACE_OCI.20240402T193311.L2.OC_AOP.V3_0.nc_3.0,PACE_OCI_L2_AOP_PACE_OCI.20240402T193311.L2.OC_AOP.V3_0.nc_3.0,PACE_OCI.20240402T193311.L2.OC_AOP.V3_0.nc,0.6258326879615237,2024-04-02 19:35:40.500000+00:00,0.0021555877756327,0.0002256484003737,7.678684778511524e-05,7.458170875906944e-05,0.5477584600448608,0.0153003530576825,0.0100800991058349,0.001318969467683,0.0025800019502639,1.866721153259277,2.0851545333862305,0.032586619190532,0.0195985019716177,4.126552104949951,-97.7520751953125
2903463,2903463QC.nc,33,4.41,-97.05599999999998,2024-04-22 23:31:00.000003072+00:00,14.545973786173324,PACE_OCI_L2_AOP_PACE_OCI.20240422T194518.L2.OC_AOP.V3_0.nc_3.0,PACE_OCI_L2_AOP_PACE_OCI.20240422T194518.L2.OC_AOP.V3_0.nc_3.0,PACE_OCI.20240422T194518.L2.OC_AOP.V3_0.nc,7.0981659459265325,2024-04-22 19:47:47.500000+00:00,0.0030655968002974,0.000640773854684,8.867611177265644e-05,8.518854156136513e-05,0.2946794331073761,0.0173714943230152,-32767.0,0.0018771855841446,0.0038499981164932,1.8276872634887693,2.072852373123169,0.046290107393018,0.0151083932552551,4.46949577331543,-97.03279876708984
2903463,2903463QC.nc,37,3.505,-97.37900000000002,2024-06-02 03:33:00.000002560+00:00,-40.21254129966963,PACE_OCI_L2_AOP_PACE_OCI.20240601T195901.L2.OC_AOP.V3_0.nc_3.0,PACE_OCI_L2_AOP_PACE_OCI.20240601T195901.L2.OC_AOP.V3_0.nc_3.0,PACE_OCI.20240601T195901.L2.OC_AOP.V3_0.nc,0.8328117432259399,2024-06-01 20:01:30.500000+00:00,0.0008935550577007,0.0001243418664671,4.681915743276477e-05,4.7601060941815376e-05,1.931281566619873,0.0152604226022958,-32767.0,0.0006162926226884,0.0018350034952163,1.870964288711548,2.101907968521118,0.0152655731207816,0.0263375127227137,3.506422281265259,-97.38636779785156
2903463,2903463QC.nc,49,2.024,-102.168,2024-09-30 10:24:00.000001536+00:00,-33.67075616289678,PACE_OCI_L2_AOP_PACE_OCI.20240929T201941.L2.OC_AOP.V3_0.nc_3.0,PACE_OCI_L2_AOP_PACE_OCI.20240929T201941.L2.OC_AOP.V3_0.nc_3.0,PACE_OCI.20240929T201941.L2.OC_AOP.V3_0.nc,2.1563763376226754,2024-09-29 20:22:11+00:00,0.0003470678057055,0.000635193020571,6.441553705371916e-05,6.702652899548411e-05,1.5754683017730713,0.0026160120032727,-32767.0,0.0002283453996137,0.000909999012947,1.971114158630371,2.18318510055542,0.005727428422097,0.0263506871927682,2.0048372745513916,-102.16502380371094
2903463,2903463QC.nc,53,2.841,-103.046,2024-11-09 13:52:59.999998464+00:00,17.513279851432188,PACE_OCI_L2_AOP_PACE_OCI.20241108T201629.L2.OC_AOP.V3_0.nc_3.0,PACE_OCI_L2_AOP_PACE_OCI.20241108T201629.L2.OC_AOP.V3_0.nc_3.0,PACE_OCI.20241108T201629.L2.OC_AOP.V3_0.nc,18.656226704013346,2024-11-08 20:18:59+00:00,0.0024878131225705,0.000383045815397,9.583868086338045e-05,9.486079216003418e-05,0.2720946967601776,0.0132225472480058,-32767.0,0.001500193376229,0.0030100047588348,1.9206793308258057,2.13006329536438,0.0373214336671823,0.011875493477569,2.93170166015625,-103.18733215332031
2903463,2903463QC.nc,60,2.582,-102.43400000000004,2025-01-18 20:34:59.999998976+00:00,57.36913658823445,PACE_OCI_L2_AOP_PACE_OCI.20250119T190910.L2.OC_AOP.V3_0.nc_3.0,PACE_OCI_L2_AOP_PACE_OCI.20250119T190910.L2.OC_AOP.V3_0.nc_3.0,PACE_OCI.20250119T190910.L2.OC_AOP.V3_0.nc,47.873968031969554,2025-01-19 19:11:39.500000+00:00,0.0062010018154978,0.0011129098711535,9.365379810333252e-05,8.946564048528671e-05,0.2220350205898285,0.0132248811423778,0.0751900672912597,0.0038668252995037,0.0089650005102157,1.8544484376907349,2.104910135269165,0.0958256284943044,0.0049726044967287,2.153113842010498,-102.39625549316406
2903463,2903463QC.nc,61,3.087,-102.365,2025-01-28 20:54:59.999997952+00:00,55.20157837659139,PACE_OCI_L2_AOP_PACE_OCI.20250129T195618.L2.OC_AOP.V3_0.nc_3.0,PACE_OCI_L2_AOP_PACE_OCI.20250129T195618.L2.OC_AOP.V3_0.nc_3.0,PACE_OCI.20250129T195618.L2.OC_AOP.V3_0.nc,22.262036984504093,2025-01-29 19:58:47.500000+00:00,0.0041393614374101,0.000464720709715,7.030926644802094e-05,7.061799988150597e-05,0.0557590425014495,0.0184109695255756,0.0156049728393554,0.0025128189303728,0.0050249993801116,1.8377491235733032,2.0774736404418945,0.0620085434164927,0.0099434171273245,3.2664949893951416,-102.27618408203125
2903463,2903463QC.nc,62,2.843,-102.26100000000002,2025-02-07 22:24:59.999997952+00:00,36.9808859771752,PACE_OCI_L2_AOP_PACE_OCI.20250207T201534.L2.OC_AOP.V3_0.nc_3.0,PACE_OCI_L2_AOP_PACE_OCI.20250207T201534.L2.OC_AOP.V3_0.nc_3.0,PACE_OCI.20250207T201534.L2.OC_AOP.V3_0.nc,2.6504158869027736,2025-02-07 20:18:03.500000+00:00,0.0015288211870938,0.0003128643729723,8.3116814494133e-05,8.386210538446903e-05,1.4894429445266724,0.0175498891621828,-32767.0,0.0009845156660675,0.0026300102472305,1.871919631958008,2.105420589447021,0.0243996700917138,0.0184598449671392,2.8662338256835938,-102.25566864013672
2903463,2903463QC.nc,65,3.147,-101.92399999999998,2025-03-10 00:28:00.000000512+00:00,7.351339403070535,"PACE_OCI_L2_AOP_PACE_OCI.20250309T195959.L2.OC_AOP.V3_0.nc_3.0,PACE_OCI_L2_AOP_PACE_OCI.20250310T185710.L2.OC_AOP.V3_0.nc_3.0",PACE_OCI_L2_AOP_PACE_OCI.20250309T195959.L2.OC_AOP.V3_0.nc_3.0,PACE_OCI.20250309T195959.L2.OC_AOP.V3_0.nc,2.756884206081358,2025-03-09 20:02:28.500000+00:00,0.0018843351863324,0.0007166301948018,6.036367267370224e-05,5.94152370467782e-05,1.457493543624878,0.0221757460385561,-32767.0,0.0012114817343777,0.0028350055217742,1.8287752866744995,2.070127010345459,0.0298617587077353,0.0183065984689424,3.1482932567596436,-101.94879913330078
2903463,2903463QC.nc,66,3.345,-102.14999999999998,2025-03-20 01:40:00.000004608+00:00,-10.976192605148258,PACE_OCI_L2_AOP_PACE_OCI.20250319T192138.L2.OC_AOP.V3_0.nc_3.0,PACE_OCI_L2_AOP_PACE_OCI.20250319T192138.L2.OC_AOP.V3_0.nc_3.0,PACE_OCI.20250319T192138.L2.OC_AOP.V3_0.nc,98.4849533260575,2025-03-19 19:24:07.500000+00:00,0.0012341439723968,0.0004076066543348,7.196050137281418e-05,7.288029883056879e-05,1.92815363407135,0.0287162587046623,-32767.0,0.0008612194839611,0.002810001373291,1.673615336418152,1.9214705228805544,0.0207472382568313,0.0291325807346491,4.119153022766113,-101.71879577636719
2903464,2903464QC.nc,48,3.074,82.007,2024-11-05 13:49:59.999998976+00:00,-23.54107466590731,PACE_OCI_L2_AOP_PACE_OCI.20241106T073958.L2.OC_AOP.V3_0.nc_3.0,PACE_OCI_L2_AOP_PACE_OCI.20241106T073958.L2.OC_AOP.V3_0.nc_3.0,PACE_OCI.20241106T073958.L2.OC_AOP.V3_0.nc,0.7391305592449738,2024-11-06 07:42:27.500000+00:00,0.0012452123919501,0.0009465359034948,4.094990435987711e-05,4.585320129990578e-05,1.8319597244262693,0.0132895521819591,0.0477349758148193,0.0008338519289951,0.0020850002765655,1.8878966569900515,2.1236517429351807,0.020723865419701,0.0251015135575666,3.074472665786743,82.01364135742188
2903464,2903464QC.nc,53,3.614,80.895,2024-12-27 04:01:00.000003072+00:00,43.34040308802581,PACE_OCI_L2_AOP_PACE_OCI.20241226T065404.L2.OC_AOP.V3_0.nc_3.0,PACE_OCI_L2_AOP_PACE_OCI.20241226T065404.L2.OC_AOP.V3_0.nc_3.0,PACE_OCI.20241226T065404.L2.OC_AOP.V3_0.nc,13.659038562602776,2024-12-26 06:56:34+00:00,0.0025371769443154,0.0003028807404916,8.952803909778595e-05,9.0157613158226e-05,1.2750849723815918,0.0198133252561092,-32767.0,0.0016089979127464,0.0037600100040435,1.7855782508850098,2.029404640197754,0.0394119369823232,0.0215296509621758,3.6626527309417725,80.781982421875
2903464,2903464QC.nc,61,3.496,83.353,2025-03-19 14:54:59.999997952+00:00,-35.15397876857024,PACE_OCI_L2_AOP_PACE_OCI.20250319T075304.L2.OC_AOP.V3_0.nc_3.0,PACE_OCI_L2_AOP_PACE_OCI.20250319T075304.L2.OC_AOP.V3_0.nc_3.0,PACE_OCI.20250319T075304.L2.OC_AOP.V3_0.nc,18.806242413566675,2025-03-19 07:55:33.500000+00:00,0.0034237254876643,0.0008038731757551,9.07971989363432e-05,8.67815688252449e-05,0.2671049237251282,0.009463645517826,0.009315013885498,0.0020474987329808,0.0045350044965744,1.9362270832061768,2.163563966751098,0.0512008837339916,0.0091079220871182,3.368680238723755,83.46453094482422
2903464,2903464QC.nc,65,2.118,82.209,2025-04-29 19:52:00.000001536+00:00,-63.3129287553085,PACE_OCI_L2_AOP_PACE_OCI.20250429T072423.L2.OC_AOP.V3_0.nc_3.0,PACE_OCI_L2_AOP_PACE_OCI.20250429T072423.L2.OC_AOP.V3_0.nc_3.0,PACE_OCI.20250429T072423.L2.OC_AOP.V3_0.nc,0.294662911435913,2025-04-29 07:26:52.500000+00:00,0.0010620185639709,6.655687320744619e-05,3.3077201806008816e-05,3.593286965042353e-05,1.874450445175171,0.0080190440639853,-32767.0,0.0007106816218656,0.0018550008535385,1.9753696918487549,2.1887598037719727,0.0178408563350336,0.013152396790165,2.1200692653656006,82.21065521240234
2903465,2903465QC.nc,36,-4.781,86.538,2024-06-04 12:28:00.000000512+00:00,-5.463832915995082,PACE_OCI_L2_AOP_PACE_OCI.20240605T073318.L2.OC_AOP.V3_0.nc_3.0,PACE_OCI_L2_AOP_PACE_OCI.20240605T073318.L2.OC_AOP.V3_0.nc_3.0,PACE_OCI.20240605T073318.L2.OC_AOP.V3_0.nc,89.3968245116853,2024-06-05 07:35:47.500000+00:00,0.0026102135889232,0.000424323225161,9.459513239562511e-05,9.467964991927148e-05,1.1842117309570312,0.0090742530301213,0.0470550060272216,0.0016517255437078,0.0036900043487548,1.9321699142456048,2.1579267978668213,0.0412680841333062,0.0154950778453426,-4.013713836669922,86.77877807617188
2903465,2903465QC.nc,62,-4.926,89.688,2025-02-20 03:13:00.000003584+00:00,44.62588471865938,PACE_OCI_L2_AOP_PACE_OCI.20250219T074155.L2.OC_AOP.V3_0.nc_3.0,PACE_OCI_L2_AOP_PACE_OCI.20250219T074155.L2.OC_AOP.V3_0.nc_3.0,PACE_OCI.20250219T074155.L2.OC_AOP.V3_0.nc,25.73791030864629,2025-02-19 07:44:24.500000+00:00,0.0014176900731399,0.0003310654428787,6.795499939471483e-05,7.127807475626469e-05,1.899087190628052,0.0113673144951462,-32767.0,0.0009590613207616,0.0027400106191635,1.922598361968994,2.1583800315856934,0.0239636606574404,0.0161220601256381,-5.137693881988525,89.59403228759766
2903465,2903465QC.nc,65,-5.087,91.085,2025-03-22 04:26:00.000004096+00:00,65.22426906510945,PACE_OCI_L2_AOP_PACE_OCI.20250321T072041.L2.OC_AOP.V3_0.nc_3.0,PACE_OCI_L2_AOP_PACE_OCI.20250321T072041.L2.OC_AOP.V3_0.nc_3.0,PACE_OCI.20250321T072041.L2.OC_AOP.V3_0.nc,0.9298558501200312,2025-03-21 07:23:10.500000+00:00,0.0012409043265506,0.0002956264361273,4.22910088673234e-05,4.3762847781181335e-05,1.9025681018829343,0.0123958690091967,0.0038750171661376,0.0008346649793684,0.0021599978208541,1.940651535987854,2.1669533252716064,0.0208830011100762,0.0155686579617939,-5.083793640136719,91.0772476196289
2903465,2903465QC.nc,68,-5.615,93.918,2025-04-21 05:32:59.999995904+00:00,72.26652413409849,PACE_OCI_L2_AOP_PACE_OCI.20250421T073139.L2.OC_AOP.V3_0.nc_3.0,PACE_OCI_L2_AOP_PACE_OCI.20250421T073139.L2.OC_AOP.V3_0.nc_3.0,PACE_OCI.20250421T073139.L2.OC_AOP.V3_0.nc,175.10399492233097,2025-04-21 07:34:08.500000+00:00,0.0014649088261649,0.0002200267626903,7.771456148475409e-05,8.045637514442205e-05,1.8921197652816768,0.0108179124072194,-32767.0,0.000992620588836,0.003040000796318,1.920504331588745,2.1445558071136475,0.0247493942484686,0.0171197893761266,-6.667233943939209,92.7396240234375
2903465,2903465QC.nc,69,-5.836,94.528,2025-05-01 06:50:59.999998464+00:00,62.436705042749416,PACE_OCI_L2_AOP_PACE_OCI.20250501T065141.L2.OC_AOP.V3_0.nc_3.0,PACE_OCI_L2_AOP_PACE_OCI.20250501T065141.L2.OC_AOP.V3_0.nc_3.0,PACE_OCI.20250501T065141.L2.OC_AOP.V3_0.nc,0.2806926936173667,2025-05-01 06:54:10.500000+00:00,2.2407616597774904e-06,0.0012652581790462,1.0053948926724845e-06,3.3880937735375483e-06,1.0139131546020508,0.0002462558331899,-32767.0,,0.0039650052785873,1.846420764923096,,,,-5.836887359619141,94.52562713623047
2903466,2903466QC.nc,48,1.248,66.457,2024-10-27 18:00:00+00:00,-67.3475246735738,PACE_OCI_L2_AOP_PACE_OCI.20241027T083056.L2.OC_AOP.V3_0.nc_3.0,PACE_OCI_L2_AOP_PACE_OCI.20241027T083056.L2.OC_AOP.V3_0.nc_3.0,PACE_OCI.20241027T083056.L2.OC_AOP.V3_0.nc,0.5281899289514302,2024-10-27 08:33:25.500000+00:00,0.002377521013841,0.0004753551038447,6.341002881526947e-05,6.284099072217941e-05,0.9182199239730836,0.0146211721003055,-32767.0,0.0014900189101268,0.0034050047397613,1.8662521839141848,2.100353479385376,0.0368989370501861,0.0198736682532452,1.2499781847000122,66.46131896972656
2903466,2903466QC.nc,49,1.412,65.927,2024-11-06 18:22:59.999998464+00:00,-69.56232082896314,PACE_OCI_L2_AOP_PACE_OCI.20241106T091815.L2.OC_AOP.V3_0.nc_3.0,PACE_OCI_L2_AOP_PACE_OCI.20241106T091815.L2.OC_AOP.V3_0.nc_3.0,PACE_OCI.20241106T091815.L2.OC_AOP.V3_0.nc,5.874345076810557,2024-11-06 09:20:44.500000+00:00,0.0018754042685031,0.0002311600546818,0.0001006241654977,9.812903590500356e-05,0.2008683383464813,0.0090674357488751,-32767.0,0.001080856006572,0.0023850053548812,1.913887619972229,2.133897304534912,0.0269051601990799,0.0230048358987094,1.4646841287612915,65.93091583251953
2903466,2903466QC.nc,50,1.091,65.011,2024-11-26 19:27:00.000000512+00:00,-69.95355951832978,PACE_OCI_L2_AOP_PACE_OCI.20241126T091441.L2.OC_AOP.V3_0.nc_3.0,PACE_OCI_L2_AOP_PACE_OCI.20241126T091441.L2.OC_AOP.V3_0.nc_3.0,PACE_OCI.20241126T091441.L2.OC_AOP.V3_0.nc,2.1748148943630405,2024-11-26 09:17:11+00:00,0.0012091527460142,0.0002487846941221,8.060911204665899e-05,8.39912099763751e-05,1.856212019920349,0.0095340646803379,-32767.0,0.0008179674186405,0.0027400106191635,1.9014946222305296,2.1488149166107178,0.0204080922164353,0.0212985444114435,1.0718833208084106,65.00686645507812
2903466,2903466QC.nc,63,-1.157,74.559,2025-04-06 02:34:59.999998976+00:00,22.444803677237086,PACE_OCI_L2_AOP_PACE_OCI.20250406T083557.L2.OC_AOP.V3_0.nc_3.0,PACE_OCI_L2_AOP_PACE_OCI.20250406T083557.L2.OC_AOP.V3_0.nc_3.0,PACE_OCI.20250406T083557.L2.OC_AOP.V3_0.nc,1.684445298677268,2025-04-06 08:38:26.500000+00:00,0.0022945310920476,0.0008852785103954,7.332139648497105e-05,7.380987517535686e-05,1.6370878219604492,0.0123562077060341,-32767.0,0.0014973732958657,0.0036450028419494,1.909704566001892,2.136683225631714,0.0372893081871896,0.0144820534319685,-1.158829689025879,74.57404327392578
2903467,2903467QC.nc,46,-8.225,86.523,2024-10-31 14:59:00.000003584+00:00,-40.30729206607463,PACE_OCI_L2_AOP_PACE_OCI.20241101T080516.L2.OC_AOP.V3_0.nc_3.0,PACE_OCI_L2_AOP_PACE_OCI.20241101T080516.L2.OC_AOP.V3_0.nc_3.0,PACE_OCI.20241101T080516.L2.OC_AOP.V3_0.nc,96.87145689352414,2024-11-01 08:07:46+00:00,4.3582849684753455e-06,7.705029361204652e-07,2.880697138607502e-06,1.2416908248269465e-05,0.9981381297111512,8.765383972786367e-05,-32767.0,7.123904228210464e-07,0.0001000016927719,1.9998141527175903,2.1999852657318115,1.7914725904693693e-05,0.0181050434227096,-9.096049308776855,86.50736999511719
2903467,2903467QC.nc,52,-8.777,86.005,2024-12-30 17:20:00.000002048+00:00,-55.03196174523477,PACE_OCI_L2_AOP_PACE_OCI.20241231T080428.L2.OC_AOP.V3_0.nc_3.0,PACE_OCI_L2_AOP_PACE_OCI.20241231T080428.L2.OC_AOP.V3_0.nc_3.0,PACE_OCI.20241231T080428.L2.OC_AOP.V3_0.nc,1.5711706539297647,2024-12-31 08:06:57.500000+00:00,0.0012845550663769,0.0001316802809014,5.7928962633013725e-05,6.389210466295481e-05,1.7109978199005127,0.0059962202794849,-32767.0,0.0008424356695162,0.0024300068616867,1.9727071523666384,2.18798828125,0.0211458772687062,0.0117034066076256,-8.782968521118164,85.9920425415039
2903467,2903467QC.nc,57,-9.405,89.056,2025-02-18 21:05:00.000002048+00:00,-43.508784310467966,PACE_OCI_L2_AOP_PACE_OCI.20250218T070121.L2.OC_AOP.V3_0.nc_3.0,PACE_OCI_L2_AOP_PACE_OCI.20250218T070121.L2.OC_AOP.V3_0.nc_3.0,PACE_OCI.20250218T070121.L2.OC_AOP.V3_0.nc,0.5851475351139988,2025-02-18 07:03:50.500000+00:00,0.0016811462119221,0.0002864732814487,0.0001093323808163,0.0001092582242563,0.694042444229126,0.0104406159371137,-32767.0,0.0010200451131659,0.0027849972248077,1.9241766929626465,2.160677671432495,0.0254964643872248,0.0167978917883376,-9.408683776855469,89.05219268798828
2903467,2903467QC.nc,60,-10.078,90.545,2025-03-20 23:04:59.999995392+00:00,-14.810529396110704,PACE_OCI_L2_AOP_PACE_OCI.20250321T072041.L2.OC_AOP.V3_0.nc_3.0,PACE_OCI_L2_AOP_PACE_OCI.20250321T072041.L2.OC_AOP.V3_0.nc_3.0,PACE_OCI.20250321T072041.L2.OC_AOP.V3_0.nc,1.9816654217665937,2025-03-21 07:23:10.500000+00:00,0.0017446221318095,0.0002202155737904,6.843847222626209e-05,6.851728539913893e-05,0.5638169050216675,0.0160290542989969,-32767.0,0.0010620051477449,0.0025600045919418,1.8519961833953853,2.094224691390991,0.0262747376895326,0.0186437973139075,-10.061119079589844,90.53919982910156
2903467,2903467QC.nc,64,-9.934,91.907,2025-04-30 02:23:00.000001536+00:00,33.17430164883396,PACE_OCI_L2_AOP_PACE_OCI.20250430T061621.L2.OC_AOP.V3_0.nc_3.0,PACE_OCI_L2_AOP_PACE_OCI.20250430T061621.L2.OC_AOP.V3_0.nc_3.0,PACE_OCI.20250430T061621.L2.OC_AOP.V3_0.nc,5.118454803368424,2025-04-30 06:18:50.500000+00:00,0.001187921850942,0.0003759987012017,5.42572233825922e-05,5.790183786302805e-05,1.7207354307174685,0.0108548523858189,-32767.0,0.0007763199496411,0.0020550042390823,1.9479588270187376,2.1714541912078857,0.0194367116211451,0.0150150808140056,-9.888941764831543,91.89744567871094
2903468,2903468QC.nc,26,-17.927,101.994,2024-04-09 23:37:00.000001536+00:00,3.32476880745638,PACE_OCI_L2_AOP_PACE_OCI.20240409T053147.L2.OC_AOP.V3_0.nc_3.0,PACE_OCI_L2_AOP_PACE_OCI.20240409T053147.L2.OC_AOP.V3_0.nc_3.0,PACE_OCI.20240409T053147.L2.OC_AOP.V3_0.nc,0.9917815748669776,2024-04-09 05:34:17+00:00,0.0013787691714242,0.0001552401517983,5.531078204512596e-05,6.0057034716010094e-05,1.7699978351593018,0.0069335284642875,-32767.0,0.0009079315875769,0.0023050010204315,1.972488045692444,2.1893630027771,0.0227947121223924,0.0126750425793094,-17.931076049804688,102.0023422241211
2903468,2903468QC.nc,29,-18.909,100.728,2024-05-10 21:05:59.999998464+00:00,-35.08988311181263,"PACE_OCI_L2_AOP_PACE_OCI.20240510T070732.L2.OC_AOP.V3_0.nc_3.0,PACE_OCI_L2_AOP_PACE_OCI.20240511T060407.L2.OC_AOP.V3_0.nc_3.0",PACE_OCI_L2_AOP_PACE_OCI.20240510T070732.L2.OC_AOP.V3_0.nc_3.0,PACE_OCI.20240510T070732.L2.OC_AOP.V3_0.nc,1.7686705595435983,2024-05-10 07:10:02+00:00,0.002734747948125,0.0004977270727977,0.0001033919397741,0.0001090262085199,1.3789451122283936,0.0115789920091629,-32767.0,0.0017839099683908,0.0041100084781646,1.939064860343933,2.1611733436584477,0.0445930016339311,0.0081731704944519,-18.920665740966797,100.73943328857422
2903468,2903468QC.nc,31,-19.374,100.869,2024-05-31 11:39:00.000004608+00:00,-12.631625726812487,PACE_OCI_L2_AOP_PACE_OCI.20240531T061240.L2.OC_AOP.V3_0.nc_3.0,PACE_OCI_L2_AOP_PACE_OCI.20240531T061240.L2.OC_AOP.V3_0.nc_3.0,PACE_OCI.20240531T061240.L2.OC_AOP.V3_0.nc,0.5411607348395736,2024-05-31 06:15:09.500000+00:00,0.0006254689651541,0.000107540123281,3.1867821235209703e-05,3.234570613130927e-05,1.908874750137329,0.0060907173901796,-32767.0,0.0004243914545847,0.0014300048351287,1.9802180528640747,2.1933257579803467,0.01066136767711,0.0158831925818983,-19.376920700073242,100.86487579345703
2903468,2903468QC.nc,33,-18.816,100.961,2024-06-21 00:17:59.999995904+00:00,5.6940953093932025,PACE_OCI_L2_AOP_PACE_OCI.20240620T061935.L2.OC_AOP.V3_0.nc_3.0,PACE_OCI_L2_AOP_PACE_OCI.20240620T061935.L2.OC_AOP.V3_0.nc_3.0,PACE_OCI.20240620T061935.L2.OC_AOP.V3_0.nc,0.3484427240944971,2024-06-20 06:22:04.500000+00:00,0.000681807519868,0.0002110779023496,4.404166247695685e-05,4.558084765449166e-05,1.8763246536254885,0.0066076554358005,-32767.0,0.00046012869844,0.0014000087976455,1.9704972505569456,2.1896588802337646,0.011552610073147,0.0184759496995736,-18.81791114807129,100.963623046875
2903468,2903468QC.nc,38,-18.206,98.678,2024-08-11 11:29:00+00:00,-4.329091309609494,PACE_OCI_L2_AOP_PACE_OCI.20240812T055116.L2.OC_AOP.V3_0.nc_3.0,PACE_OCI_L2_AOP_PACE_OCI.20240812T055116.L2.OC_AOP.V3_0.nc_3.0,PACE_OCI.20240812T055116.L2.OC_AOP.V3_0.nc,22.57315268432041,2024-08-12 05:53:45.500000+00:00,0.005680582486093,0.0008509712060913,8.822325617074966e-05,8.44886526465416e-05,0.0628886669874191,0.0090051097795367,-32767.0,0.003346250915679,0.0077400058507919,1.9212417602539065,2.159083843231201,0.0836204319974497,0.0065211891751799,-18.22443389892578,98.46517181396484
2903468,2903468QC.nc,39,-18.227,98.098,2024-08-21 18:45:59.999996416+00:00,-70.67600992958538,PACE_OCI_L2_AOP_PACE_OCI.20240821T060633.L2.OC_AOP.V3_0.nc_3.0,PACE_OCI_L2_AOP_PACE_OCI.20240821T060633.L2.OC_AOP.V3_0.nc_3.0,PACE_OCI.20240821T060633.L2.OC_AOP.V3_0.nc,0.724445753431811,2024-08-21 06:09:03+00:00,0.0006015247199684,8.570863428758457e-05,3.2188312616199255e-05,3.272655885666609e-05,1.886588335037232,0.0050084376707673,0.054534912109375,0.0004048626483707,0.0011849999427795,1.9875388145446773,2.1956863403320312,0.0101744749382393,0.0161370895364564,-18.22266960144043,98.0928726196289
2903468,2903468QC.nc,40,-18.355,97.548,2024-09-01 01:09:00.000004608+00:00,20.5013175073534,PACE_OCI_L2_AOP_PACE_OCI.20240901T055201.L2.OC_AOP.V3_0.nc_3.0,PACE_OCI_L2_AOP_PACE_OCI.20240901T055201.L2.OC_AOP.V3_0.nc_3.0,PACE_OCI.20240901T055201.L2.OC_AOP.V3_0.nc,0.947339184115812,2024-09-01 05:54:30.500000+00:00,0.0015679313801229,0.0003191142750438,7.340183947235346e-05,8.194742258638144e-05,1.4340567588806152,0.0072619854472577,0.0063400268554687,0.0010028872076164,0.002590000629425,1.9715092182159424,2.188002109527588,0.0251734047487938,0.0112525605376805,-18.351533889770508,97.53980255126953
2903468,2903468QC.nc,46,-18.704,96.73,2024-11-01 22:01:00.000003072+00:00,-12.398176241582313,PACE_OCI_L2_AOP_PACE_OCI.20241101T062158.L2.OC_AOP.V3_0.nc_3.0,PACE_OCI_L2_AOP_PACE_OCI.20241101T062158.L2.OC_AOP.V3_0.nc_3.0,PACE_OCI.20241101T062158.L2.OC_AOP.V3_0.nc,3.4533145643319254,2024-11-01 06:24:27.500000+00:00,0.000853138975799,0.0004990228917449,4.480761708691716e-05,4.662876017391682e-05,1.8944283723831177,0.0050122747197747,-32767.0,0.0005762899727735,0.0015050023794174,1.9900293350219729,2.196420907974243,0.0144842017103726,0.0130177649593985,-18.71692657470703,96.70018768310547
2903468,2903468QC.nc,48,-18.241,96.242,2024-11-22 12:34:59.999995392+00:00,-9.976272383145252,PACE_OCI_L2_AOP_PACE_OCI.20241123T072702.L2.OC_AOP.V3_0.nc_3.0,PACE_OCI_L2_AOP_PACE_OCI.20241123T072702.L2.OC_AOP.V3_0.nc_3.0,PACE_OCI.20241123T072702.L2.OC_AOP.V3_0.nc,68.33523240269061,2024-11-23 07:29:32+00:00,0.0040996158495545,0.0003419488784857,0.0001191785559058,0.0001129736192524,0.4450363516807556,0.008560731075704,-32767.0,0.0024785172680162,0.0057100057601928,1.9426617622375488,2.167457103729248,0.0620163782700117,0.007321380574742,-18.679317474365234,96.69612884521484
2903468,2903468QC.nc,53,-18.181,95.974,2025-01-13 03:06:59.999994880+00:00,52.869852377711226,PACE_OCI_L2_AOP_PACE_OCI.20250113T071918.L2.OC_AOP.V3_0.nc_3.0,PACE_OCI_L2_AOP_PACE_OCI.20250113T071918.L2.OC_AOP.V3_0.nc_3.0,PACE_OCI.20250113T071918.L2.OC_AOP.V3_0.nc,1.6079023606148664,2025-01-13 07:21:47.500000+00:00,0.0024101433809846,0.0005385132972151,9.531830437481403e-05,8.88928771018982e-05,0.3624319434165954,0.0057805934920907,-32767.0,0.0014136903715644,0.0034549981355667,1.9733753204345703,2.187870740890503,0.0354842303512497,0.0092635308486033,-18.18075180053711,95.98921966552734
2903468,2903468QC.nc,57,-18.541,97.572,2025-02-23 07:54:00.000004608+00:00,57.09606190103187,PACE_OCI_L2_AOP_PACE_OCI.20250224T071758.L2.OC_AOP.V3_0.nc_3.0,PACE_OCI_L2_AOP_PACE_OCI.20250224T071758.L2.OC_AOP.V3_0.nc_3.0,PACE_OCI.20250224T071758.L2.OC_AOP.V3_0.nc,1.6132261799935552,2025-02-24 07:20:27.500000+00:00,0.0010507286060601,0.0001804314815672,4.919792991131544e-05,5.130376666784287e-05,1.8961862325668333,0.0040400093421339,-32767.0,0.0007120743348488,0.0022000074386596,1.9887858629226685,2.197639942169189,0.0179003056055738,0.0101662092217508,-18.53354263305664,97.58512878417969
2903468,2903468QC.nc,60,-19.239,97.027,2025-03-26 06:31:59.999996416+00:00,64.62400296254023,PACE_OCI_L2_AOP_PACE_OCI.20250327T055323.L2.OC_AOP.V3_0.nc_3.0,PACE_OCI_L2_AOP_PACE_OCI.20250327T055323.L2.OC_AOP.V3_0.nc_3.0,PACE_OCI.20250327T055323.L2.OC_AOP.V3_0.nc,508.8305187057878,2025-03-27 05:55:52.500000+00:00,0.0005950984777882,7.335483678616583e-05,4.579313099384308e-05,4.585162969306111e-05,1.923854112625122,0.0059385080821812,-32767.0,0.0004085021707943,0.0014950037002563,1.981695532798767,2.1956722736358643,0.0102659163056198,0.0136711108847044,-19.58843994140625,101.8648910522461
2903472,2903472QC.nc,32,-41.079,34.997,2024-08-17 12:56:59.999997440+00:00,19.86846084538288,PACE_OCI_L2_AOP_PACE_OCI.20240817T101705.L2.OC_AOP.V3_0.nc_3.0,PACE_OCI_L2_AOP_PACE_OCI.20240817T101705.L2.OC_AOP.V3_0.nc_3.0,PACE_OCI.20240817T101705.L2.OC_AOP.V3_0.nc,313.8465514769172,2024-08-17 10:19:34.500000+00:00,0.000894628057722,0.0001831912668421,0.0001067697303369,0.000112127920147,1.0077391862869265,0.0058403448201715,-32767.0,0.0005321493912079,0.0017400085926055,1.716987133026123,1.94418466091156,0.0128647295099419,0.0547984107312456,-39.29217529296875,37.85743713378906
2903829,2903829QC.nc,7,8.897,87.493,2025-04-23 17:31:59.999999488+00:00,-66.52763649726892,PACE_OCI_L2_AOP_PACE_OCI.20250424T074423.L2.OC_AOP.V3_0.nc_3.0,PACE_OCI_L2_AOP_PACE_OCI.20250424T074423.L2.OC_AOP.V3_0.nc_3.0,PACE_OCI.20250424T074423.L2.OC_AOP.V3_0.nc,84.58509960774629,2025-04-24 07:46:52.500000+00:00,0.0013797527644783,0.0001968233700608,7.369252853095531e-05,7.718079723417759e-05,1.886794090270996,0.0086704082787036,-32767.0,0.0009346602316113,0.0029700100421905,1.9186975955963133,2.1501197814941406,0.0233242414423175,0.019008317380296,9.246859550476074,86.8089828491211
2903831,2903831QC.nc,9,16.614,89.456,2025-04-28 18:47:59.999999488+00:00,-56.75207591230307,PACE_OCI_L2_AOP_PACE_OCI.20250429T072423.L2.OC_AOP.V3_0.nc_3.0,PACE_OCI_L2_AOP_PACE_OCI.20250429T072423.L2.OC_AOP.V3_0.nc_3.0,PACE_OCI.20250429T072423.L2.OC_AOP.V3_0.nc,79.87798297637121,2025-04-29 07:26:52.500000+00:00,0.0010871558915823,0.000142800505273,6.105308420956135e-05,6.316218059509993e-05,1.9063690900802608,0.0073232427239418,-32767.0,0.0007414065898229,0.002369999885559,1.9416773319244385,2.169641733169556,0.0185574015218601,0.021013983949089,16.521141052246094,88.71281433105469
2903832,2903832QC.nc,0,-29.9,-90.00400000000002,2024-12-15 08:00:00.000003584+00:00,-28.949616205208983,PACE_OCI_L2_AOP_PACE_OCI.20241215T200132.L2.OC_AOP.V3_0.nc_3.0,PACE_OCI_L2_AOP_PACE_OCI.20241215T200132.L2.OC_AOP.V3_0.nc_3.0,PACE_OCI.20241215T200132.L2.OC_AOP.V3_0.nc,1.674668656108746,2024-12-15 20:04:01.500000+00:00,0.0015930607914924,0.0005108715267851,6.79665245115757e-05,7.545598782598972e-05,1.5386269092559814,0.0036017894744873,-32767.0,0.001037015470221,0.002915009856224,1.9866514205932613,2.196291208267212,0.0260633392383557,0.0085588722588335,-29.89197540283203,-89.98930358886719
2903832,2903832QC.nc,1,-29.9,-90.007,2024-12-15 09:05:00.000002048+00:00,-19.96941163169521,PACE_OCI_L2_AOP_PACE_OCI.20241215T200132.L2.OC_AOP.V3_0.nc_3.0,PACE_OCI_L2_AOP_PACE_OCI.20241215T200132.L2.OC_AOP.V3_0.nc_3.0,PACE_OCI.20241215T200132.L2.OC_AOP.V3_0.nc,1.9255605110218967,2024-12-15 20:04:01.500000+00:00,0.0015930607914924,0.0005108715267851,6.79665245115757e-05,7.545598782598972e-05,1.5386269092559814,0.0036017894744873,-32767.0,0.001037015470221,0.002915009856224,1.9866514205932613,2.196291208267212,0.0260633392383557,0.0085588722588335,-29.89197540283203,-89.98930358886719
2903832,2903832QC.nc,2,-29.902,-90.00999999999999,2024-12-15 10:09:00.000004608+00:00,-9.154573656953092,PACE_OCI_L2_AOP_PACE_OCI.20241215T200132.L2.OC_AOP.V3_0.nc_3.0,PACE_OCI_L2_AOP_PACE_OCI.20241215T200132.L2.OC_AOP.V3_0.nc_3.0,PACE_OCI.20241215T200132.L2.OC_AOP.V3_0.nc,2.285741134940241,2024-12-15 20:04:01.500000+00:00,0.0015930607914924,0.0005108714685775,6.79665245115757e-05,7.545598782598972e-05,1.5386269092559814,0.0036017894744873,-32767.0,0.001037015470221,0.002915009856224,1.9866514205932613,2.196291208267212,0.0260633392383557,0.0085588722588335,-29.89197540283203,-89.98930358886719
2903832,2903832QC.nc,3,-29.905,-90.01299999999998,2024-12-15 11:15:59.999996416+00:00,3.709139865550276,PACE_OCI_L2_AOP_PACE_OCI.20241215T200132.L2.OC_AOP.V3_0.nc_3.0,PACE_OCI_L2_AOP_PACE_OCI.20241215T200132.L2.OC_AOP.V3_0.nc_3.0,PACE_OCI.20241215T200132.L2.OC_AOP.V3_0.nc,1.895572103923317,2024-12-15 20:04:01.500000+00:00,0.0003852297668345,0.0005108714685775,4.211266059428453e-05,4.658219404518604e-05,1.791298270225525,2.619334372866433e-05,-32767.0,0.0002516855071016,0.0009550005197525,1.9998289346694944,2.1999988555908203,0.0063292348700447,0.0078019681577308,-29.912639617919922,-90.03057861328125
2903832,2903832QC.nc,4,-29.909,-90.01400000000001,2024-12-15 12:25:00.000001024+00:00,17.498952924352594,PACE_OCI_L2_AOP_PACE_OCI.20241215T200132.L2.OC_AOP.V3_0.nc_3.0,PACE_OCI_L2_AOP_PACE_OCI.20241215T200132.L2.OC_AOP.V3_0.nc_3.0,PACE_OCI.20241215T200132.L2.OC_AOP.V3_0.nc,1.6486066348093067,2024-12-15 20:04:01.500000+00:00,0.0003852297668345,0.0005108714685775,4.211266059428453e-05,4.658219404518604e-05,1.791298270225525,2.619334372866433e-05,-32767.0,0.0002516855071016,0.0009550005197525,1.9998289346694944,2.1999988555908203,0.0063292348700447,0.0078019681577308,-29.912639617919922,-90.03057861328125
2903832,2903832QC.nc,5,-29.912,-90.01499999999999,2024-12-15 13:29:00.000003584+00:00,30.9183128254138,PACE_OCI_L2_AOP_PACE_OCI.20241215T200132.L2.OC_AOP.V3_0.nc_3.0,PACE_OCI_L2_AOP_PACE_OCI.20241215T200132.L2.OC_AOP.V3_0.nc_3.0,PACE_OCI.20241215T200132.L2.OC_AOP.V3_0.nc,1.50344401373741,2024-12-15 20:04:01.500000+00:00,0.0003852297668345,0.0005108714685775,4.211266059428453e-05,4.658219404518604e-05,1.791298270225525,2.619334372866433e-05,-32767.0,0.0002516855071016,0.0009550005197525,1.9998289346694944,2.1999988555908203,0.0063292348700447,0.0078019681577308,-29.912639617919922,-90.03057861328125
2903832,2903832QC.nc,6,-29.915,-90.01499999999999,2024-12-15 14:35:59.999995392+00:00,45.29251429174934,PACE_OCI_L2_AOP_PACE_OCI.20241215T200132.L2.OC_AOP.V3_0.nc_3.0,PACE_OCI_L2_AOP_PACE_OCI.20241215T200132.L2.OC_AOP.V3_0.nc_3.0,PACE_OCI.20241215T200132.L2.OC_AOP.V3_0.nc,1.381557549000788,2024-12-15 20:04:01.500000+00:00,0.0007584645063616,0.0005108714685775,4.800257738679648e-05,5.2800984121859074e-05,1.8046793937683103,0.0005658468580804,-32767.0,0.0005056023343864,0.0015550106763839,1.99780547618866,2.1999051570892334,0.0127143986570845,0.0083547117097019,-29.92279624938965,-90.02616119384766
2903832,2903832QC.nc,7,-29.917,-90.01499999999999,2024-12-15 15:41:00.000004096+00:00,59.35515278087795,PACE_OCI_L2_AOP_PACE_OCI.20241215T200132.L2.OC_AOP.V3_0.nc_3.0,PACE_OCI_L2_AOP_PACE_OCI.20241215T200132.L2.OC_AOP.V3_0.nc_3.0,PACE_OCI.20241215T200132.L2.OC_AOP.V3_0.nc,1.254024272527155,2024-12-15 20:04:01.500000+00:00,0.0007584645063616,0.0005108714685775,4.800257738679648e-05,5.2800984121859074e-05,1.8046793937683103,0.0005658468580804,-32767.0,0.0005056023343864,0.0015550106763839,1.99780547618866,2.1999051570892334,0.0127143986570845,0.0083547117097019,-29.92279624938965,-90.02616119384766
2903832,2903832QC.nc,8,-29.919,-90.01499999999999,2024-12-15 16:44:59.999996416+00:00,72.9491882904713,PACE_OCI_L2_AOP_PACE_OCI.20241215T200132.L2.OC_AOP.V3_0.nc_3.0,PACE_OCI_L2_AOP_PACE_OCI.20241215T200132.L2.OC_AOP.V3_0.nc_3.0,PACE_OCI.20241215T200132.L2.OC_AOP.V3_0.nc,1.1555807993071332,2024-12-15 20:04:01.500000+00:00,0.0007584645063616,0.0005108715267851,4.800257738679648e-05,5.2800984121859074e-05,1.8046793937683103,0.0005658468580804,-32767.0,0.0005056023343864,0.0015550106763839,1.99780547618866,2.1999051570892334,0.0127143986570845,0.0083547117097019,-29.92279624938965,-90.02616119384766
2903832,2903832QC.nc,9,-29.919,-90.01499999999999,2024-12-15 17:51:59.999998464+00:00,83.34904482148059,PACE_OCI_L2_AOP_PACE_OCI.20241215T200132.L2.OC_AOP.V3_0.nc_3.0,PACE_OCI_L2_AOP_PACE_OCI.20241215T200132.L2.OC_AOP.V3_0.nc_3.0,PACE_OCI.20241215T200132.L2.OC_AOP.V3_0.nc,1.1555807993071332,2024-12-15 20:04:01.500000+00:00,0.0007584645063616,0.0005108715267851,4.800257738679648e-05,5.2800984121859074e-05,1.8046793937683103,0.0005658468580804,-32767.0,0.0005056023343864,0.0015550106763839,1.99780547618866,2.1999051570892334,0.0127143986570845,0.0083547117097019,-29.92279624938965,-90.02616119384766
2903832,2903832QC.nc,10,-29.919,-90.01600000000002,2024-12-15 18:59:00+00:00,74.37443911926526,PACE_OCI_L2_AOP_PACE_OCI.20241215T200132.L2.OC_AOP.V3_0.nc_3.0,PACE_OCI_L2_AOP_PACE_OCI.20241215T200132.L2.OC_AOP.V3_0.nc_3.0,PACE_OCI.20241215T200132.L2.OC_AOP.V3_0.nc,1.0664460451246869,2024-12-15 20:04:01.500000+00:00,0.0007584645063616,0.0005108715267851,4.800257738679648e-05,5.2800984121859074e-05,1.8046793937683103,0.0005658468580804,-32767.0,0.0005056023343864,0.0015550106763839,1.99780547618866,2.1999051570892334,0.0127143986570845,0.0083547117097019,-29.92279624938965,-90.02616119384766
2903832,2903832QC.nc,11,-29.919,-90.01799999999997,2024-12-15 20:03:00.000002560+00:00,60.867633658380974,PACE_OCI_L2_AOP_PACE_OCI.20241215T200132.L2.OC_AOP.V3_0.nc_3.0,PACE_OCI_L2_AOP_PACE_OCI.20241215T200132.L2.OC_AOP.V3_0.nc_3.0,PACE_OCI.20241215T200132.L2.OC_AOP.V3_0.nc,0.8927012738824582,2024-12-15 20:04:01.500000+00:00,0.0007584645063616,0.0005108715267851,4.800257738679648e-05,5.2800984121859074e-05,1.8046793937683103,0.0005658468580804,-32767.0,0.0005056023343864,0.0015550106763839,1.99780547618866,2.1999051570892334,0.0127143986570845,0.0083547117097019,-29.92279624938965,-90.02616119384766
2903832,2903832QC.nc,12,-29.919,-90.02100000000002,2024-12-15 21:13:00.000003584+00:00,45.73118134567648,PACE_OCI_L2_AOP_PACE_OCI.20241215T200132.L2.OC_AOP.V3_0.nc_3.0,PACE_OCI_L2_AOP_PACE_OCI.20241215T200132.L2.OC_AOP.V3_0.nc_3.0,PACE_OCI.20241215T200132.L2.OC_AOP.V3_0.nc,0.6524172255909712,2024-12-15 20:04:01.500000+00:00,0.0007584645063616,0.0005108715267851,4.800257738679648e-05,5.2800984121859074e-05,1.8046793937683103,0.0005658468580804,-32767.0,0.0005056023343864,0.0015550106763839,1.99780547618866,2.1999051570892334,0.0127143986570845,0.0083547117097019,-29.92279624938965,-90.02616119384766
2903832,2903832QC.nc,13,-29.92,-90.024,2024-12-15 22:19:59.999995392+00:00,31.35589199024198,PACE_OCI_L2_AOP_PACE_OCI.20241215T200132.L2.OC_AOP.V3_0.nc_3.0,PACE_OCI_L2_AOP_PACE_OCI.20241215T200132.L2.OC_AOP.V3_0.nc_3.0,PACE_OCI.20241215T200132.L2.OC_AOP.V3_0.nc,0.3742514869729103,2024-12-15 20:04:01.500000+00:00,0.0007584645063616,0.0005108715267851,4.800257738679648e-05,5.2800984121859074e-05,1.8046793937683103,0.0005658468580804,-32767.0,0.0005056023343864,0.0015550106763839,1.99780547618866,2.1999051570892334,0.0127143986570845,0.0083547117097019,-29.92279624938965,-90.02616119384766
2903832,2903832QC.nc,14,-29.922,-90.02699999999999,2024-12-15 23:26:59.999997440+00:00,17.311801062851544,PACE_OCI_L2_AOP_PACE_OCI.20241215T200132.L2.OC_AOP.V3_0.nc_3.0,PACE_OCI_L2_AOP_PACE_OCI.20241215T200132.L2.OC_AOP.V3_0.nc_3.0,PACE_OCI.20241215T200132.L2.OC_AOP.V3_0.nc,0.1197930065715421,2024-12-15 20:04:01.500000+00:00,0.0007584645063616,0.0004920209757983,4.800257738679648e-05,5.2800984121859074e-05,1.8046793937683103,0.0005658468580804,-32767.0,0.0005056023343864,0.0015550106763839,1.99780547618866,2.1999051570892334,0.0127143986570845,0.0083547117097019,-29.92279624938965,-90.02616119384766
2903832,2903832QC.nc,16,-29.938,-90.03300000000002,2024-12-16 07:41:59.999997440+00:00,-30.940013535902366,PACE_OCI_L2_AOP_PACE_OCI.20241215T200132.L2.OC_AOP.V3_0.nc_3.0,PACE_OCI_L2_AOP_PACE_OCI.20241215T200132.L2.OC_AOP.V3_0.nc_3.0,PACE_OCI.20241215T200132.L2.OC_AOP.V3_0.nc,1.1325398355596217,2024-12-15 20:04:01.500000+00:00,0.0007884545484557,0.0004255326930433,4.3076754081994295e-05,4.4056272599846125e-05,1.8871458768844604,0.0009618615731596,-32767.0,0.0005326927428935,0.0016100108623504,1.9977232217788696,2.1998507976531982,0.013395529980491,0.0083531087619743,-29.93316078186035,-90.02265930175781
2903832,2903832QC.nc,17,-29.937,-90.03500000000003,2024-12-16 12:16:59.999999488+00:00,15.76429157744728,PACE_OCI_L2_AOP_PACE_OCI.20241215T200132.L2.OC_AOP.V3_0.nc_3.0,PACE_OCI_L2_AOP_PACE_OCI.20241215T200132.L2.OC_AOP.V3_0.nc_3.0,PACE_OCI.20241215T200132.L2.OC_AOP.V3_0.nc,1.2635657149068815,2024-12-15 20:04:01.500000+00:00,0.0007884545484557,0.0004255326930433,4.3076754081994295e-05,4.4056272599846125e-05,1.8871458768844604,0.0009618615731596,-32767.0,0.0005326927428935,0.0016100108623504,1.9977232217788696,2.1998507976531982,0.013395529980491,0.0083531087619743,-29.93316078186035,-90.02265930175781
2903832,2903832QC.nc,25,-29.726,-90.077,2025-01-08 13:41:00.000001024+00:00,30.514334390653136,"PACE_OCI_L2_AOP_PACE_OCI.20250107T183551.L2.OC_AOP.V3_0.nc_3.0,PACE_OCI_L2_AOP_PACE_OCI.20250107T201410.L2.OC_AOP.V3_0.nc_3.0,PACE_OCI_L2_AOP_PACE_OCI.20250108T191035.L2.OC_AOP.V3_0.nc_3.0",PACE_OCI_L2_AOP_PACE_OCI.20250108T191035.L2.OC_AOP.V3_0.nc_3.0,PACE_OCI.20250108T191035.L2.OC_AOP.V3_0.nc,0.6558346206053965,2025-01-08 19:13:04.500000+00:00,0.0010147161083295,0.0002595173718873,2.432079054415226e-05,2.6671099476516247e-05,1.9409254789352417,0.0028185378760099,-32767.0,0.0006924383219372,0.0018900036811828,1.9966827630996704,2.199280023574829,0.0174110912603151,0.0087835127265315,-29.729652404785156,-90.08233642578125
2903832,2903832QC.nc,26,-29.398,-90.04899999999998,2025-01-18 18:22:59.999998464+00:00,80.5606121571324,PACE_OCI_L2_AOP_PACE_OCI.20250118T182427.L2.OC_AOP.V3_0.nc_3.0,PACE_OCI_L2_AOP_PACE_OCI.20250118T182427.L2.OC_AOP.V3_0.nc_3.0,PACE_OCI.20250118T182427.L2.OC_AOP.V3_0.nc,19.376421114408544,2025-01-18 18:26:56.500000+00:00,0.0007193121127784,0.0001090817168005,4.159938544034958e-05,4.31476510129869e-05,1.92120897769928,0.0002472449559718,-32767.0,0.0004879973629237,0.0016700029373168,1.9988449811935425,2.199962615966797,0.0122717946918478,0.0076880354024443,-29.31300926208496,-89.87446594238281
2903832,2903832QC.nc,27,-29.114,-89.99200000000002,2025-01-28 23:18:59.999995904+00:00,20.14808335709966,"PACE_OCI_L2_AOP_PACE_OCI.20250128T191636.L2.OC_AOP.V3_0.nc_3.0,PACE_OCI_L2_AOP_PACE_OCI.20250129T195118.L2.OC_AOP.V3_0.nc_3.0",PACE_OCI_L2_AOP_PACE_OCI.20250128T191636.L2.OC_AOP.V3_0.nc_3.0,PACE_OCI.20250128T191636.L2.OC_AOP.V3_0.nc,12.257310670713167,2025-01-28 19:19:05.500000+00:00,0.0040279752574861,0.0004594570491462,5.953432992100716e-05,5.91035932302475e-05,0.0176519975066185,0.0049871657975018,-32767.0,0.0022936725183736,0.0045299977064132,1.980229377746582,2.189076662063598,0.057582856744848,0.0056405219605795,-29.190086364746094,-90.08332824707031
2903832,2903832QC.nc,28,-28.917,-89.79000000000002,2025-02-08 03:53:00.000001536+00:00,-34.590142660830274,PACE_OCI_L2_AOP_PACE_OCI.20250207T201034.L2.OC_AOP.V3_0.nc_3.0,PACE_OCI_L2_AOP_PACE_OCI.20250207T201034.L2.OC_AOP.V3_0.nc_3.0,PACE_OCI.20250207T201034.L2.OC_AOP.V3_0.nc,77.24704768175415,2025-02-07 20:13:03.500000+00:00,0.0002733866858761,0.0002510556951165,4.18766139773652e-05,4.54926339443773e-05,1.821872353553772,2.741397838690318e-05,-32767.0,0.0001827093586152,0.0010150074958801,1.999640226364136,2.1999943256378174,0.0045946613410762,0.0081553524285862,-29.26945686340332,-90.47509002685547
2903832,2903832QC.nc,32,-29.998,-89.87799999999999,2025-03-20 14:15:59.999996416+00:00,27.544194339693096,PACE_OCI_L2_AOP_PACE_OCI.20250320T194707.L2.OC_AOP.V3_0.nc_3.0,PACE_OCI_L2_AOP_PACE_OCI.20250320T194707.L2.OC_AOP.V3_0.nc_3.0,PACE_OCI.20250320T194707.L2.OC_AOP.V3_0.nc,0.6395478246954871,2025-03-20 19:49:36.500000+00:00,0.0008851618040353,7.53380372771062e-05,3.6487646866589785e-05,4.076329059898853e-05,1.76072359085083,0.0028475373983383,-32767.0,0.0005882916800307,0.0015999972820281,1.9980390071868896,2.199670553207397,0.0147932556794669,0.0070530763026881,-29.993867874145508,-89.88262176513672
2903833,2903833QC.nc,11,-30.296,-106.313,2025-01-21 13:24:00.000001536+00:00,11.432640774623856,PACE_OCI_L2_AOP_PACE_OCI.20250120T193354.L2.OC_AOP.V3_0.nc_3.0,PACE_OCI_L2_AOP_PACE_OCI.20250120T193354.L2.OC_AOP.V3_0.nc_3.0,PACE_OCI.20250120T193354.L2.OC_AOP.V3_0.nc,6.464812303253255,2025-01-20 19:36:23.500000+00:00,0.001354708103463,0.0001517983910162,5.356071051210165e-05,6.042909808456898e-05,1.8104946613311768,0.0016088676638901,-32767.0,0.0009077774130116,0.0023650079965591,1.9975206851959229,2.19956636428833,0.0228267169374183,0.0057760726290785,-30.240955352783203,-106.33467102050781
2903833,2903833QC.nc,12,-30.143,-106.422,2025-01-31 17:49:59.999995392+00:00,65.89181486350621,"PACE_OCI_L2_AOP_PACE_OCI.20250130T202559.L2.OC_AOP.V3_0.nc_3.0,PACE_OCI_L2_AOP_PACE_OCI.20250131T210041.L2.OC_AOP.V3_0.nc_3.0",PACE_OCI_L2_AOP_PACE_OCI.20250131T210041.L2.OC_AOP.V3_0.nc_3.0,PACE_OCI.20250131T210041.L2.OC_AOP.V3_0.nc,0.578363748721262,2025-01-31 21:03:10.500000+00:00,0.0009395474917255,8.773696754360572e-05,3.4048513043671846e-05,3.82891739718616e-05,1.8373149633407595,0.0007580715464428,0.0323500633239746,0.0006293867745403,0.0016950070858001,1.9992501735687256,2.199885368347168,0.0158271610794189,0.0061671826324279,-30.140743255615234,-106.41658020019531
2903833,2903833QC.nc,16,-30.425,-106.378,2025-03-13 19:30:00+00:00,61.943455760852565,PACE_OCI_L2_AOP_PACE_OCI.20250313T203343.L2.OC_AOP.V3_0.nc_3.0,PACE_OCI_L2_AOP_PACE_OCI.20250313T203343.L2.OC_AOP.V3_0.nc_3.0,PACE_OCI.20250313T203343.L2.OC_AOP.V3_0.nc,0.5175667458843333,2025-03-13 20:36:12.500000+00:00,0.0014115092344582,0.0010275950189679,5.828263238072395e-05,5.9112440794706345e-05,1.2600005865097046,0.0032232012599706,-32767.0,0.0008961051887005,0.0022149980068206,1.995849251747132,2.198817014694214,0.0225306072910295,0.0061985644491747,-30.42871856689453,-106.374755859375
2903833,2903833QC.nc,17,-30.6,-106.283,2025-03-23 11:54:00.000001536+00:00,-17.259531187167767,PACE_OCI_L2_AOP_PACE_OCI.20250322T205806.L2.OC_AOP.V3_0.nc_3.0,PACE_OCI_L2_AOP_PACE_OCI.20250322T205806.L2.OC_AOP.V3_0.nc_3.0,PACE_OCI.20250322T205806.L2.OC_AOP.V3_0.nc,3.767177442000176,2025-03-22 21:00:35.500000+00:00,0.0011405394179746,0.0006109846872277,5.301518831402064e-05,5.438551306724548e-05,1.85595977306366,0.0028215460479259,-32767.0,0.0007777638371817,0.0021300017833709,1.9969165325164795,2.199502229690552,0.0195572372121242,0.0051973493257559,-30.62209129333496,-106.25315856933594
2903856,2903856QC.nc,28,1.387,-168.199,2024-06-26 17:08:00.000005120+00:00,-1.2412803161717267,PACE_OCI_L2_AOP_PACE_OCI.20240626T000256.L2.OC_AOP.V3_0.nc_3.0,PACE_OCI_L2_AOP_PACE_OCI.20240626T000256.L2.OC_AOP.V3_0.nc_3.0,PACE_OCI.20240626T000256.L2.OC_AOP.V3_0.nc,0.4748043743982138,2024-06-26 00:05:25.500000+00:00,0.0015249887946993,0.0001286348851863,4.715763498097658e-05,4.689244087785482e-05,0.6712215542793274,0.0188056472688913,0.0756149291992187,0.0009415835629543,0.0023100078105926,1.8314117193222048,2.0730881690979004,0.0232196479900945,0.0211178854284553,1.3828271627426147,-168.19808959960938
2903856,2903856QC.nc,30,1.09,-170.164,2024-07-17 07:24:00.000001536+00:00,-26.71444900772389,PACE_OCI_L2_AOP_PACE_OCI.20240717T233849.L2.OC_AOP.V3_0.nc_3.0,PACE_OCI_L2_AOP_PACE_OCI.20240717T233849.L2.OC_AOP.V3_0.nc_3.0,PACE_OCI.20240717T233849.L2.OC_AOP.V3_0.nc,9.74252593671739,2024-07-17 23:41:18.500000+00:00,0.0035465192049741,0.0005477055674418,8.305488154292107e-05,8.709635585546494e-05,1.5559735298156738,0.0273743439465761,-32767.0,0.0023478765263744,0.0054650008678436,1.7816734313964844,2.0187652111053467,0.0574163091720584,0.0119855705344315,1.0727827548980713,-170.2499237060547
2903856,2903856QC.nc,32,0.887,-172.214,2024-08-06 21:58:00.000003584+00:00,61.61796712862091,PACE_OCI_L2_AOP_PACE_OCI.20240806T005051.L2.OC_AOP.V3_0.nc_3.0,PACE_OCI_L2_AOP_PACE_OCI.20240806T005051.L2.OC_AOP.V3_0.nc_3.0,PACE_OCI.20240806T005051.L2.OC_AOP.V3_0.nc,0.6928102481008505,2024-08-06 00:53:20.500000+00:00,0.002349164802581,0.0005205636844038,7.441896013915539e-05,7.326179184019566e-05,0.632361888885498,0.0187045559287071,0.0316700935363769,0.0014639377132327,0.0034050047397613,1.8197838068008425,2.057664632797241,0.0360152811307255,0.0196894457068651,0.8858310580253601,-172.2078857421875
2903856,2903856QC.nc,34,1.342,-174.341,2024-08-27 11:53:00.000005120+00:00,-78.31614833418912,"PACE_OCI_L2_AOP_PACE_OCI.20240826T234824.L2.OC_AOP.V3_0.nc_3.0,PACE_OCI_L2_AOP_PACE_OCI.20240828T002249.L2.OC_AOP.V3_0.nc_3.0",PACE_OCI_L2_AOP_PACE_OCI.20240826T234824.L2.OC_AOP.V3_0.nc_3.0,PACE_OCI.20240826T234824.L2.OC_AOP.V3_0.nc,6.818968426352235,2024-08-26 23:50:54+00:00,0.0016751911025494,0.0002658870071172,7.300707511603832e-05,7.529277354478836e-05,1.8201204538345337,0.020024936646223,-32767.0,0.0011102182236259,0.0028900057077407,1.8369086980819704,2.0789239406585693,0.0274028536496427,0.0184056772095199,1.3427138328552246,-174.40234375
2903856,2903856QC.nc,40,1.277,-178.81,2024-10-28 06:38:00.000005120+00:00,-14.659051818615682,PACE_OCI_L2_AOP_PACE_OCI.20241029T012745.L2.OC_AOP.V3_0.nc_3.0,PACE_OCI_L2_AOP_PACE_OCI.20241029T012745.L2.OC_AOP.V3_0.nc_3.0,PACE_OCI.20241029T012745.L2.OC_AOP.V3_0.nc,1.494877030945789,2024-10-29 01:30:15+00:00,0.0009983248310163,0.000219598354306,7.271277718245983e-05,7.738557178527117e-05,1.733855962753296,0.0151277063414454,-32767.0,0.0006609564429168,0.0018749982118606,1.88372540473938,2.117616891860962,0.016411590335798,0.0237368084953369,1.271244764328003,-178.82215881347656
2903856,2903856QC.nc,55,0.774,178.739,2025-03-31 14:40:00.000001024+00:00,-51.94141743629421,PACE_OCI_L2_AOP_PACE_OCI.20250331T014639.L2.OC_AOP.V3_0.nc_3.0,PACE_OCI_L2_AOP_PACE_OCI.20250331T014639.L2.OC_AOP.V3_0.nc_3.0,PACE_OCI.20250331T014639.L2.OC_AOP.V3_0.nc,1.9905566580581733,2025-03-31 01:49:08.500000+00:00,0.0009946513455361,0.0002156781265512,5.984841845929623e-05,6.377312820404768e-05,1.8033535480499268,0.0139452591538429,-32767.0,0.0006610211428361,0.0021499991416931,1.857833981513977,2.1038243770599365,0.0163783365609689,0.0256631473653078,0.7706810235977173,178.72140502929688
2903856,2903856QC.nc,56,0.324,179.158,2025-04-10 21:44:00.000003584+00:00,54.13282746099238,PACE_OCI_L2_AOP_PACE_OCI.20250411T014249.L2.OC_AOP.V3_0.nc_3.0,PACE_OCI_L2_AOP_PACE_OCI.20250411T014249.L2.OC_AOP.V3_0.nc_3.0,PACE_OCI.20250411T014249.L2.OC_AOP.V3_0.nc,1.9848871937672248,2025-04-11 01:45:18.500000+00:00,0.000770928163547,9.657575719757006e-05,5.500286351889372e-05,5.580083234235644e-05,1.881240725517273,0.0164504013955593,-32767.0,0.0005301026377163,0.001919999718666,1.804354548454285,2.0411624908447266,0.0130082654526584,0.0312669477150928,0.324343204498291,179.14015197753906
2903858,2903858QC.nc,39,-16.968,-79.67000000000002,2025-01-15 07:29:00.000003584+00:00,-41.78465844632253,PACE_OCI_L2_AOP_PACE_OCI.20250115T181837.L2.OC_AOP.V3_0.nc_3.0,PACE_OCI_L2_AOP_PACE_OCI.20250115T181837.L2.OC_AOP.V3_0.nc_3.0,PACE_OCI.20250115T181837.L2.OC_AOP.V3_0.nc,0.7105199450261472,2025-01-15 18:21:06.500000+00:00,0.0014247886138036,0.000167867357959,0.0001149363815784,0.0001248226035386,1.7370396852493286,0.0183523148298263,-32767.0,0.0009761468412388,0.0031100064516067,1.7043309211730957,1.9150619506835935,0.0234926805977232,0.0510202722511033,-16.96409797668457,-79.67529296875
2903858,2903858QC.nc,40,-17.045,-79.76600000000002,2025-01-25 14:45:00.000003584+00:00,50.479320786795085,PACE_OCI_L2_AOP_PACE_OCI.20250125T191050.L2.OC_AOP.V3_0.nc_3.0,PACE_OCI_L2_AOP_PACE_OCI.20250125T191050.L2.OC_AOP.V3_0.nc_3.0,PACE_OCI.20250125T191050.L2.OC_AOP.V3_0.nc,7.614456040628048,2025-01-25 19:13:19.500000+00:00,0.0032097497023642,0.0004455487651284,9.155389852821828e-05,9.416183456778526e-05,0.1000054478645324,0.01900190487504,-32767.0,0.0019246188796191,0.0040950030088424,1.8249657154083248,2.052534341812134,0.0473113649915297,0.0160892933018317,-17.018524169921875,-79.8320541381836
2903858,2903858QC.nc,41,-16.935,-79.96600000000001,2025-02-04 22:07:59.999998464+00:00,24.63365164725549,"PACE_OCI_L2_AOP_PACE_OCI.20250204T182432.L2.OC_AOP.V3_0.nc_3.0,PACE_OCI_L2_AOP_PACE_OCI.20250205T185921.L2.OC_AOP.V3_0.nc_3.0",PACE_OCI_L2_AOP_PACE_OCI.20250205T185921.L2.OC_AOP.V3_0.nc_3.0,PACE_OCI.20250205T185921.L2.OC_AOP.V3_0.nc,0.612174426406212,2025-02-05 19:01:50.500000+00:00,0.0012510180240496,0.0001058908455888,5.992129445075989e-05,6.369128823280334e-05,1.828879356384277,0.0222302731126546,0.1226201057434082,0.0008619654693933,0.0021550059318542,1.721442699432373,1.943750262260437,0.0208366482635224,0.0420748299134333,-16.94050407409668,-79.9661636352539
2903858,2903858QC.nc,44,-16.523,-80.75,2025-03-07 20:26:59.999997440+00:00,46.03848456979788,PACE_OCI_L2_AOP_PACE_OCI.20250308T191928.L2.OC_AOP.V3_0.nc_3.0,PACE_OCI_L2_AOP_PACE_OCI.20250308T191928.L2.OC_AOP.V3_0.nc_3.0,PACE_OCI.20250308T191928.L2.OC_AOP.V3_0.nc,57.12983192068992,2025-03-08 19:21:57.500000+00:00,0.0032307195942848,0.0004448026011232,0.0001107240095734,0.0001048424746841,0.3943574726581573,0.0164858680218458,-32767.0,0.0019776932282894,0.004485011100769,1.862021803855896,2.1001298427581787,0.048974052775218,0.0122304414203034,-16.992448806762695,-80.5319595336914
2903863,2903863QC.nc,52,19.087,-156.475,2024-04-24 00:05:59.999998464+00:00,64.77031762136184,PACE_OCI_L2_AOP_PACE_OCI.20240423T234158.L2.OC_AOP.V3_0.nc_3.0,PACE_OCI_L2_AOP_PACE_OCI.20240423T234158.L2.OC_AOP.V3_0.nc_3.0,PACE_OCI.20240423T234158.L2.OC_AOP.V3_0.nc,1.1333042280571937,2024-04-23 23:44:27.500000+00:00,0.0015954055124893,0.000454926630482,4.726962652057409e-05,5.036813672631979e-05,1.7283778190612793,0.0076855709776282,-32767.0,0.0010500178585086,0.0026400089263916,1.9720079898834229,2.186992883682251,0.0263523279923171,0.0104688071917245,19.08517837524414,-156.46438598632812
2903863,2903863QC.nc,66,19.496,-158.688,2024-07-04 10:32:00.000003072+00:00,-47.659037804250445,PACE_OCI_L2_AOP_PACE_OCI.20240703T235029.L2.OC_AOP.V3_0.nc_3.0,PACE_OCI_L2_AOP_PACE_OCI.20240703T235029.L2.OC_AOP.V3_0.nc_3.0,PACE_OCI.20240703T235029.L2.OC_AOP.V3_0.nc,36.97750055289745,2024-07-03 23:52:59+00:00,0.0004074841854162,0.0006689663860015,4.551649908535183e-05,4.519231151789427e-05,1.8807541131973269,0.0017793095903471,-32767.0,0.0002795723378996,0.000785008072853,1.99980890750885,2.1999740600585938,0.0070304895497844,0.0075760919723171,19.761167526245117,-158.47494506835938
2903863,2903863QC.nc,74,18.641,-159.144,2024-08-14 03:28:59.999996928+00:00,21.3353115655854,"PACE_OCI_L2_AOP_PACE_OCI.20240813T225847.L2.OC_AOP.V3_0.nc_3.0,PACE_OCI_L2_AOP_PACE_OCI.20240814T232818.L2.OC_AOP.V3_0.nc_3.0",PACE_OCI_L2_AOP_PACE_OCI.20240814T232818.L2.OC_AOP.V3_0.nc_3.0,PACE_OCI.20240814T232818.L2.OC_AOP.V3_0.nc,0.2840761674198451,2024-08-14 23:30:47.500000+00:00,0.0021194673608988,0.000397328811232,6.070826202630997e-05,5.924352444708347e-05,0.048526894301176,0.0067431549541652,-32767.0,0.0011864547106072,0.0023050010204315,1.963290452957153,2.177029609680176,0.0297307911697072,0.0141269874630652,18.64310073852539,-159.14247131347656
2903863,2903863QC.nc,75,18.644,-159.305,2024-08-19 04:54:00.000004608+00:00,1.303252624529624,"PACE_OCI_L2_AOP_PACE_OCI.20240819T001246.L2.OC_AOP.V3_0.nc_3.0,PACE_OCI_L2_AOP_PACE_OCI.20240819T230855.L2.OC_AOP.V3_0.nc_3.0",PACE_OCI_L2_AOP_PACE_OCI.20240819T230855.L2.OC_AOP.V3_0.nc_3.0,PACE_OCI.20240819T230855.L2.OC_AOP.V3_0.nc,9.959102167072514,2024-08-19 23:11:24.500000+00:00,0.0009612450376152,0.0001156369107775,4.879344487562776e-05,5.1909126341342926e-05,1.861866235733032,0.0076554836705327,-32767.0,0.0006433789239528,0.0017400085926055,1.977811336517334,2.19300389289856,0.0161618681421778,0.0118940805708586,18.555265426635742,-159.31784057617188
2903863,2903863QC.nc,78,18.737,-159.667,2024-09-03 12:16:59.999999488+00:00,-54.31852872985386,"PACE_OCI_L2_AOP_PACE_OCI.20240902T225924.L2.OC_AOP.V3_0.nc_3.0,PACE_OCI_L2_AOP_PACE_OCI.20240903T233347.L2.OC_AOP.V3_0.nc_3.0",PACE_OCI_L2_AOP_PACE_OCI.20240902T225924.L2.OC_AOP.V3_0.nc_3.0,PACE_OCI.20240902T225924.L2.OC_AOP.V3_0.nc,1.1544204088555283,2024-09-02 23:01:53.500000+00:00,0.0011739553883671,0.0003372016362845,4.041276406496763e-05,4.156387876719237e-05,1.9282984733581543,0.0078590363264083,-32767.0,0.0007951282078696,0.0021650046110153,1.9770994186401367,2.1917564868927,0.0199700143505739,0.0119246213909256,18.73308563232422,-159.65684509277344
2903863,2903863QC.nc,79,18.675,-159.808,2024-09-08 13:54:00.000004608+00:00,-35.78590971823791,PACE_OCI_L2_AOP_PACE_OCI.20240908T001302.L2.OC_AOP.V3_0.nc_3.0,PACE_OCI_L2_AOP_PACE_OCI.20240908T001302.L2.OC_AOP.V3_0.nc_3.0,PACE_OCI.20240908T001302.L2.OC_AOP.V3_0.nc,23.6254181940484,2024-09-08 00:15:31.500000+00:00,0.0016160191735252,0.0004143161640968,7.57130328565836e-05,8.087791502475739e-05,1.7302531003952026,0.0080291097983717,-32767.0,0.0010652206614596,0.0032100081443786,1.9562647342681885,2.18606948852539,0.0267300676260047,0.0117946203317351,18.71080780029297,-160.0290985107422
2903863,2903863QC.nc,80,18.595,-159.987,2024-09-13 16:40:00.000004608+00:00,2.4004713238630178,PACE_OCI_L2_AOP_PACE_OCI.20240912T234806.L2.OC_AOP.V3_0.nc_3.0,PACE_OCI_L2_AOP_PACE_OCI.20240912T234806.L2.OC_AOP.V3_0.nc_3.0,PACE_OCI.20240912T234806.L2.OC_AOP.V3_0.nc,0.777694479852572,2024-09-12 23:50:36+00:00,0.0008788328850641,0.0001551445748191,3.670493606477976e-05,3.737129736691713e-05,1.9242781400680544,0.006234145257622,-32767.0,0.0005961492520873,0.0016100108623504,1.989968180656433,2.1957075595855717,0.0149816880749911,0.0111944015336059,18.59914207458496,-159.99295043945312
2903863,2903863QC.nc,84,18.155,-161.002,2024-10-04 01:47:59.999995904+00:00,36.83133809020503,PACE_OCI_L2_AOP_PACE_OCI.20241003T224642.L2.OC_AOP.V3_0.nc_3.0,PACE_OCI_L2_AOP_PACE_OCI.20241003T224642.L2.OC_AOP.V3_0.nc_3.0,PACE_OCI.20241003T224642.L2.OC_AOP.V3_0.nc,3.909373503653248,2024-10-03 22:49:11.500000+00:00,0.0006492151878774,0.0005649871891364,4.492310108616948e-05,4.686496686190367e-05,1.888037204742432,0.0052059218287467,-32767.0,0.0004381417022379,0.0012599974870681,1.9907411336898804,2.197132110595703,0.0110132552887407,0.0118254632669758,18.190061569213867,-160.99925231933594
2903863,2903863QC.nc,85,18.062,-161.276,2024-10-09 03:13:00.000003584+00:00,16.654060807991915,PACE_OCI_L2_AOP_PACE_OCI.20241009T225523.L2.OC_AOP.V3_0.nc_3.0,PACE_OCI_L2_AOP_PACE_OCI.20241009T225523.L2.OC_AOP.V3_0.nc_3.0,PACE_OCI.20241009T225523.L2.OC_AOP.V3_0.nc,0.4325194701688869,2024-10-09 22:57:52.500000+00:00,0.0007004428189247,0.0003862840530928,4.473736044019461e-05,4.808383528143168e-05,1.781212568283081,0.0064329677261412,-32767.0,0.0004602566226293,0.0012450069189071,1.98388421535492,2.1948790550231934,0.0115651244645296,0.0115170979149254,18.063352584838867,-161.2798309326172
2903863,2903863QC.nc,86,17.977,-161.552,2024-10-14 05:57:00.000000512+00:00,-22.672859597247,"PACE_OCI_L2_AOP_PACE_OCI.20241013T233344.L2.OC_AOP.V3_0.nc_3.0,PACE_OCI_L2_AOP_PACE_OCI.20241015T000754.L2.OC_AOP.V3_0.nc_3.0",PACE_OCI_L2_AOP_PACE_OCI.20241013T233344.L2.OC_AOP.V3_0.nc_3.0,PACE_OCI.20241013T233344.L2.OC_AOP.V3_0.nc,0.6121927111105595,2024-10-13 23:36:13.500000+00:00,0.0009880498982965,0.0003678535867948,3.1703151762485504e-05,3.2965908758342266e-05,1.940027356147766,0.0070723593235015,-32767.0,0.0006711282479848,0.0017600059509277,1.984429717063904,2.193819761276245,0.0168610602179842,0.011750851468443,17.982004165649414,-161.54959106445312
2903863,2903863QC.nc,87,17.886,-161.82,2024-10-19 07:23:00.000005120+00:00,-43.60838840266511,PACE_OCI_L2_AOP_PACE_OCI.20241018T230758.L2.OC_AOP.V3_0.nc_3.0,PACE_OCI_L2_AOP_PACE_OCI.20241018T230758.L2.OC_AOP.V3_0.nc_3.0,PACE_OCI.20241018T230758.L2.OC_AOP.V3_0.nc,24.85642716072063,2024-10-18 23:10:28+00:00,0.000566600007005,0.0004010255215689,4.080712096765637e-05,4.251918289810419e-05,1.9151511192321773,0.0049337726086378,-32767.0,0.0003872107821503,0.0012450069189071,1.990060329437256,2.1977460384368896,0.0097339618083388,0.0122172317331202,17.840213775634766,-161.59011840820312
2903863,2903863QC.nc,103,18.387,-164.838,2025-01-08 21:19:00.000002560+00:00,41.7639261239907,PACE_OCI_L2_AOP_PACE_OCI.20250107T234048.L2.OC_AOP.V3_0.nc_3.0,PACE_OCI_L2_AOP_PACE_OCI.20250107T234048.L2.OC_AOP.V3_0.nc_3.0,PACE_OCI.20250107T234048.L2.OC_AOP.V3_0.nc,0.5565986839813175,2025-01-07 23:43:17.500000+00:00,0.001464202068746,0.0007800531457178,4.028459079563618e-05,4.317425191402435e-05,1.805490016937256,0.0093817189335823,-32767.0,0.0009764201004579,0.0026150047779083,1.950411438941956,2.174363851547241,0.0244575833246537,0.0164563095713845,18.391990661621094,-164.83758544921875
2903863,2903863QC.nc,105,18.177,-165.024,2025-01-19 01:10:00.000001024+00:00,41.67403519175961,PACE_OCI_L2_AOP_PACE_OCI.20250118T232924.L2.OC_AOP.V3_0.nc_3.0,PACE_OCI_L2_AOP_PACE_OCI.20250118T232924.L2.OC_AOP.V3_0.nc_3.0,PACE_OCI.20250118T232924.L2.OC_AOP.V3_0.nc,0.229497119207735,2025-01-18 23:31:53.500000+00:00,0.0008799857459962,0.00011049387831,3.453739918768406e-05,3.6567565985023975e-05,1.8831939697265625,0.0085990438237786,-32767.0,0.0005885103263716,0.0017099976539611,1.9656463861465447,2.1868667602539062,0.0147695730084086,0.0157286720392853,18.17860221862793,-165.0226287841797
2903863,2903863QC.nc,108,17.927,-165.033,2025-02-03 07:55:00.000001024+00:00,-42.61028588189071,PACE_OCI_L2_AOP_PACE_OCI.20250203T225447.L2.OC_AOP.V3_0.nc_3.0,PACE_OCI_L2_AOP_PACE_OCI.20250203T225447.L2.OC_AOP.V3_0.nc_3.0,PACE_OCI.20250203T225447.L2.OC_AOP.V3_0.nc,2.1250815317322616,2025-02-03 22:57:16.500000+00:00,0.0006467758794315,0.000286112743197,6.305455463007092e-05,6.673793541267514e-05,1.6377487182617188,0.0055043972097337,-32767.0,0.0004166449887638,0.0011650025844573,1.9870777130126955,2.1966893672943115,0.0104721922085786,0.0127182471034495,17.93247413635254,-165.05224609375
2903863,2903863QC.nc,109,17.841,-164.987,2025-02-08 09:41:00.000004096+00:00,-67.49185327881247,PACE_OCI_L2_AOP_PACE_OCI.20250209T001255.L2.OC_AOP.V3_0.nc_3.0,PACE_OCI_L2_AOP_PACE_OCI.20250209T001255.L2.OC_AOP.V3_0.nc_3.0,PACE_OCI.20250209T001255.L2.OC_AOP.V3_0.nc,0.1055093946089789,2025-02-09 00:15:24.500000+00:00,0.0014526775339618,0.0002532402868382,5.848542787134648e-05,6.10152492299676e-05,1.8226443529129028,0.0074500716291368,-32767.0,0.000970201517323,0.0023750066757202,1.980553388595581,2.1913020610809326,0.0243653556629967,0.0093400877846095,17.841854095458984,-164.986572265625
2903863,2903863QC.nc,110,17.8,-165.004,2025-02-13 12:16:59.999999488+00:00,-74.17271551314747,"PACE_OCI_L2_AOP_PACE_OCI.20250212T231822.L2.OC_AOP.V3_0.nc_3.0,PACE_OCI_L2_AOP_PACE_OCI.20250213T235356.L2.OC_AOP.V3_0.nc_3.0",PACE_OCI_L2_AOP_PACE_OCI.20250213T235356.L2.OC_AOP.V3_0.nc_3.0,PACE_OCI.20250213T235356.L2.OC_AOP.V3_0.nc,0.5429994252357628,2025-02-13 23:56:25.500000+00:00,0.0013652109773829,0.0002153794921468,6.065052002668381e-05,6.086798384785652e-05,1.016590595245361,0.0056863608770072,-32767.0,0.0008473281494622,0.0019550025463104,1.985363483428955,2.193586587905884,0.0212870453560721,0.0104073675755443,17.802570343017578,-164.9996337890625
2903863,2903863QC.nc,111,17.8,-165.096,2025-02-18 14:14:00.000003584+00:00,-46.13727364372584,"PACE_OCI_L2_AOP_PACE_OCI.20250218T003752.L2.OC_AOP.V3_0.nc_3.0,PACE_OCI_L2_AOP_PACE_OCI.20250218T233504.L2.OC_AOP.V3_0.nc_3.0",PACE_OCI_L2_AOP_PACE_OCI.20250218T003752.L2.OC_AOP.V3_0.nc_3.0,PACE_OCI.20250218T003752.L2.OC_AOP.V3_0.nc,1.4115756778509154,2025-02-18 00:40:21.500000+00:00,0.0006348392926156,0.0001187010275316,4.875566810369492e-05,4.914449527859688e-05,1.867440223693848,0.0023604906164109,-32767.0,0.0004299229258543,0.0016350001096725,1.993917346000672,2.199306964874268,0.010810289337345,0.0104457106036568,17.796489715576172,-165.1088104248047
2903863,2903863QC.nc,112,17.916,-165.235,2025-02-23 16:43:00.000003584+00:00,-10.269189188380162,"PACE_OCI_L2_AOP_PACE_OCI.20250223T001858.L2.OC_AOP.V3_0.nc_3.0,PACE_OCI_L2_AOP_PACE_OCI.20250223T231607.L2.OC_AOP.V3_0.nc_3.0",PACE_OCI_L2_AOP_PACE_OCI.20250223T001858.L2.OC_AOP.V3_0.nc_3.0,PACE_OCI.20250223T001858.L2.OC_AOP.V3_0.nc,1.4816057146464618,2025-02-23 00:21:27.500000+00:00,0.0009806219022721,0.0004118480428587,4.994106711819768e-05,5.1676295697689056e-05,1.9001826047897337,0.0045291041024029,-32767.0,0.0006660405618313,0.0022249966859817,1.989600419998169,2.19781231880188,0.0167435408468762,0.0093252281250053,17.905746459960938,-165.2439422607422
2903863,2903863QC.nc,113,18.04,-165.402,2025-02-28 19:16:59.999996416+00:00,26.18319598907331,PACE_OCI_L2_AOP_PACE_OCI.20250301T003030.L2.OC_AOP.V3_0.nc_3.0,PACE_OCI_L2_AOP_PACE_OCI.20250301T003030.L2.OC_AOP.V3_0.nc_3.0,PACE_OCI.20250301T003030.L2.OC_AOP.V3_0.nc,1.2730656661155968,2025-03-01 00:32:59.500000+00:00,0.001147212809883,0.0002452278276905,6.973114795982838e-05,7.800676394253969e-05,1.584930181503296,0.0061992118135094,-32767.0,0.0007424585736581,0.0024100095033645,1.9741348028182983,2.1934256553649902,0.0186519909654111,0.0107940171831607,18.04055404663086,-165.41403198242188
2903863,2903863QC.nc,114,18.142,-165.479,2025-03-05 21:41:00.000004096+00:00,57.07052676988686,PACE_OCI_L2_AOP_PACE_OCI.20250306T001123.L2.OC_AOP.V3_0.nc_3.0,PACE_OCI_L2_AOP_PACE_OCI.20250306T001123.L2.OC_AOP.V3_0.nc_3.0,PACE_OCI.20250306T001123.L2.OC_AOP.V3_0.nc,8.545964175508963,2025-03-06 00:13:52.500000+00:00,0.0032497725915163,0.0004766961501445,0.0001003984361886,9.75902657955885e-05,0.5408623218536377,0.0083202198147773,-32767.0,0.0019801030408937,0.0040200054645538,1.9637645483016968,2.1759731769561768,0.0496103604999588,0.0073258001777424,18.16851806640625,-165.40309143066406
2903863,2903863QC.nc,116,18.127,-165.424,2025-03-16 01:52:59.999998464+00:00,45.353883747350025,"PACE_OCI_L2_AOP_PACE_OCI.20250315T233307.L2.OC_AOP.V3_0.nc_3.0,PACE_OCI_L2_AOP_PACE_OCI.20250317T000836.L2.OC_AOP.V3_0.nc_3.0",PACE_OCI_L2_AOP_PACE_OCI.20250315T233307.L2.OC_AOP.V3_0.nc_3.0,PACE_OCI.20250315T233307.L2.OC_AOP.V3_0.nc,0.6298789983527476,2025-03-15 23:35:36.500000+00:00,0.0008934226352721,0.0003449783253017,3.568612737581134e-05,3.780709812417626e-05,1.9028520584106443,0.0051482389681041,-32767.0,0.000604843631845,0.0017500072717666,1.9918057918548584,2.1983397006988525,0.0152063523331821,0.0094514920746249,18.12546157836914,-165.4297332763672
2903863,2903863QC.nc,117,17.943,-165.286,2025-03-21 03:34:59.999995392+00:00,22.263525225604937,PACE_OCI_L2_AOP_PACE_OCI.20250321T234921.L2.OC_AOP.V3_0.nc_3.0,PACE_OCI_L2_AOP_PACE_OCI.20250321T234921.L2.OC_AOP.V3_0.nc_3.0,PACE_OCI.20250321T234921.L2.OC_AOP.V3_0.nc,0.7631543414696937,2025-03-21 23:51:50.500000+00:00,2.7922533263335936e-06,0.0006210188730619,1.4883530639053788e-06,5.500892257259693e-06,1.0548038482666016,0.0001090192599804,-32767.0,7.123887538909942e-07,-28040.0,2.0,2.200000047683716,1.7914725904693734e-05,0.0081220811067276,17.948650360107422,-165.2819061279297
2903863,2903863QC.nc,118,17.657,-165.101,2025-03-26 06:17:59.999995904+00:00,-16.37690494430619,"PACE_OCI_L2_AOP_PACE_OCI.20250325T225428.L2.OC_AOP.V3_0.nc_3.0,PACE_OCI_L2_AOP_PACE_OCI.20250326T003250.L2.OC_AOP.V3_0.nc_3.0,PACE_OCI_L2_AOP_PACE_OCI.20250326T232956.L2.OC_AOP.V3_0.nc_3.0",PACE_OCI_L2_AOP_PACE_OCI.20250326T232956.L2.OC_AOP.V3_0.nc_3.0,PACE_OCI.20250326T232956.L2.OC_AOP.V3_0.nc,0.4564001359146623,2025-03-26 23:32:25.500000+00:00,0.0007699545240029,6.987660162849352e-05,2.5605957489460707e-05,2.6419060304760933e-05,1.938285231590271,0.0041760271415114,-32767.0,0.00052442913235,0.0015249997377395,1.995869278907776,2.1994428634643555,0.0131868967454552,0.0089402161609053,17.661088943481445,-165.10061645507812
2903863,2903863QC.nc,122,17.3,-163.816,2025-04-15 15:22:00.000001536+00:00,-18.667782744823725,PACE_OCI_L2_AOP_PACE_OCI.20250414T231418.L2.OC_AOP.V3_0.nc_3.0,PACE_OCI_L2_AOP_PACE_OCI.20250414T231418.L2.OC_AOP.V3_0.nc_3.0,PACE_OCI.20250414T231418.L2.OC_AOP.V3_0.nc,4.027403279931225,2025-04-14 23:16:47.500000+00:00,0.0008201602031476,0.0002585063921287,5.048967432230711e-05,5.484354915097356e-05,1.7105650901794434,0.0048577268607914,-32767.0,0.0005352810947536,0.0014950037002563,1.992417573928833,2.1987318992614746,0.0134582969683863,0.0090650549861195,17.333660125732422,-163.83001708984375
2903884,2903884QC.nc,0,0.513,-139.96,2024-11-22 06:08:00.000001536+00:00,-42.25132824713839,"PACE_OCI_L2_AOP_PACE_OCI.20241121T224625.L2.OC_AOP.V3_0.nc_3.0,PACE_OCI_L2_AOP_PACE_OCI.20241122T214221.L2.OC_AOP.V3_0.nc_3.0",PACE_OCI_L2_AOP_PACE_OCI.20241122T214221.L2.OC_AOP.V3_0.nc_3.0,PACE_OCI.20241122T214221.L2.OC_AOP.V3_0.nc,1.3427092206037117,2024-11-22 21:44:51+00:00,0.0008400063379667,0.0001169734314316,4.817964509129524e-05,4.901981446892023e-05,1.8346604108810425,0.0243739448487758,0.0915949344635009,0.0005678124210599,0.0017300099134445,1.7115994691848757,1.976342797279358,0.0137950997311868,0.0360340639178709,0.5118712782859802,-139.97203063964844
2903884,2903884QC.nc,1,0.524,-139.927,2024-11-22 07:18:59.999998976+00:00,-57.2664828125908,"PACE_OCI_L2_AOP_PACE_OCI.20241121T224625.L2.OC_AOP.V3_0.nc_3.0,PACE_OCI_L2_AOP_PACE_OCI.20241122T214221.L2.OC_AOP.V3_0.nc_3.0",PACE_OCI_L2_AOP_PACE_OCI.20241122T214221.L2.OC_AOP.V3_0.nc_3.0,PACE_OCI.20241122T214221.L2.OC_AOP.V3_0.nc,1.4000579276433125,2024-11-22 21:44:51+00:00,0.0008214268600568,8.012468606466427e-05,4.916690522804856e-05,5.165231414139271e-05,1.8247907161712649,0.0229634940624237,0.1279749870300293,0.0005499887011457,0.0016400068998336,1.750428318977356,2.021365165710449,0.0134551284737943,0.0347103881076062,0.5210514664649963,-139.91476440429688
2903884,2903884QC.nc,5,0.536,-139.805,2024-11-23 04:18:00.000002560+00:00,-17.121671500344544,"PACE_OCI_L2_AOP_PACE_OCI.20241122T214221.L2.OC_AOP.V3_0.nc_3.0,PACE_OCI_L2_AOP_PACE_OCI.20241123T221634.L2.OC_AOP.V3_0.nc_3.0",PACE_OCI_L2_AOP_PACE_OCI.20241123T221634.L2.OC_AOP.V3_0.nc_3.0,PACE_OCI.20241123T221634.L2.OC_AOP.V3_0.nc,0.4468235236421254,2024-11-23 22:19:03.500000+00:00,0.001367284101434,0.0001317771093454,5.877867806702852e-05,6.062956526875496e-05,0.6783463954925537,0.0197963695973157,0.0256350040435791,0.000843503072225,0.0018250048160552,1.7968077659606934,2.0329458713531494,0.0206726441496536,0.0303618649494389,0.533908486366272,-139.80157470703125
2903884,2903884QC.nc,6,0.536,-139.777,2024-11-23 13:52:00.000001536+00:00,-17.395126432534468,"PACE_OCI_L2_AOP_PACE_OCI.20241122T214221.L2.OC_AOP.V3_0.nc_3.0,PACE_OCI_L2_AOP_PACE_OCI.20241123T221634.L2.OC_AOP.V3_0.nc_3.0",PACE_OCI_L2_AOP_PACE_OCI.20241123T221634.L2.OC_AOP.V3_0.nc_3.0,PACE_OCI.20241123T221634.L2.OC_AOP.V3_0.nc,0.5604110177791327,2024-11-23 22:19:03.500000+00:00,0.0017151506617665,0.0002424501726636,6.0534337535500526e-05,6.0515361838042736e-05,0.8995407223701477,0.0205532796680927,-32767.0,0.0010773183176172,0.0022049993276596,1.7717773914337158,2.017975091934204,0.0263421469268941,0.0280655417165258,0.5383463501930237,-139.78146362304688
2903884,2903884QC.nc,7,0.539,-139.749,2024-11-23 23:37:00.000001536+00:00,47.39201990931252,"PACE_OCI_L2_AOP_PACE_OCI.20241123T221634.L2.OC_AOP.V3_0.nc_3.0,PACE_OCI_L2_AOP_PACE_OCI.20241124T225047.L2.OC_AOP.V3_0.nc_3.0",PACE_OCI_L2_AOP_PACE_OCI.20241123T221634.L2.OC_AOP.V3_0.nc_3.0,PACE_OCI.20241123T221634.L2.OC_AOP.V3_0.nc,0.5144104269859207,2024-11-23 22:19:03.500000+00:00,0.001676041050814,0.0001684552553342,6.213819142431021e-05,6.21109502390027e-05,0.153247594833374,0.0184775535017251,0.0323500633239746,0.0009931021356134,0.0020499974489212,1.77315354347229,2.020985841751098,0.0242941988188953,0.0304854371564166,0.534375011920929,-139.7489013671875
2903884,2903884QC.nc,8,0.54,-139.72,2024-11-24 11:06:59.999998464+00:00,-54.16175424981149,"PACE_OCI_L2_AOP_PACE_OCI.20241123T221634.L2.OC_AOP.V3_0.nc_3.0,PACE_OCI_L2_AOP_PACE_OCI.20241124T225047.L2.OC_AOP.V3_0.nc_3.0",PACE_OCI_L2_AOP_PACE_OCI.20241123T221634.L2.OC_AOP.V3_0.nc_3.0,PACE_OCI.20241123T221634.L2.OC_AOP.V3_0.nc,0.1921122909658134,2024-11-23 22:19:03.500000+00:00,0.0012587150558829,0.0001331614766968,5.9382407926023006e-05,6.3661253079772e-05,1.170915961265564,0.0205293670296669,0.0242750644683837,0.0008019026046485,0.0018400102853775,1.781806707382202,2.0235486030578613,0.0196246475883996,0.0303270114016241,0.5410611629486084,-139.71864318847656
2903884,2903884QC.nc,9,0.54,-139.692,2024-11-24 22:36:59.999994880+00:00,59.13279028166806,"PACE_OCI_L2_AOP_PACE_OCI.20241124T225047.L2.OC_AOP.V3_0.nc_3.0,PACE_OCI_L2_AOP_PACE_OCI.20241125T214643.L2.OC_AOP.V3_0.nc_3.0",PACE_OCI_L2_AOP_PACE_OCI.20241125T214643.L2.OC_AOP.V3_0.nc_3.0,PACE_OCI.20241125T214643.L2.OC_AOP.V3_0.nc,1.6784351169243457,2024-11-25 21:49:12.500000+00:00,0.0027131412643939,0.0003438154817558,8.018128573894501e-05,7.644761353731155e-05,0.3341767191886902,0.0215573329478502,-32767.0,0.0016547605714913,0.0038399994373321,1.8100539445877075,2.0659778118133545,0.0407620407774443,0.0120770734747545,0.5541794300079346,-139.69717407226562
2903884,2903884QC.nc,10,0.522,-139.67,2024-11-25 09:47:59.999999488+00:00,-67.17845545864911,"PACE_OCI_L2_AOP_PACE_OCI.20241124T225047.L2.OC_AOP.V3_0.nc_3.0,PACE_OCI_L2_AOP_PACE_OCI.20241125T214643.L2.OC_AOP.V3_0.nc_3.0",PACE_OCI_L2_AOP_PACE_OCI.20241125T214643.L2.OC_AOP.V3_0.nc_3.0,PACE_OCI.20241125T214643.L2.OC_AOP.V3_0.nc,4.683389848921458,2024-11-25 21:49:12.500000+00:00,0.0027131412643939,0.0002015666977968,8.018128573894501e-05,7.644761353731155e-05,0.3341767191886902,0.0215573329478502,-32767.0,0.0016547605714913,0.0038399994373321,1.8100539445877075,2.0659778118133545,0.0407620407774443,0.0120770734747545,0.5541794300079346,-139.69717407226562
2903884,2903884QC.nc,11,0.494,-139.652,2024-11-25 20:53:00.000005120+00:00,68.32290335224957,"PACE_OCI_L2_AOP_PACE_OCI.20241124T225047.L2.OC_AOP.V3_0.nc_3.0,PACE_OCI_L2_AOP_PACE_OCI.20241125T214643.L2.OC_AOP.V3_0.nc_3.0",PACE_OCI_L2_AOP_PACE_OCI.20241125T214643.L2.OC_AOP.V3_0.nc_3.0,PACE_OCI.20241125T214643.L2.OC_AOP.V3_0.nc,4.081514588209656,2024-11-25 21:49:12.500000+00:00,0.0025289945770055,0.0002722097560763,6.612134166061878e-05,6.686896085739136e-05,1.7492129802703855,0.0236847177147865,0.0330300331115722,0.0016720255947881,0.0040950030088424,1.8298234939575195,2.081596851348877,0.0412866164736847,0.0121054752598581,0.46944135427474976,-139.6792755126953
2903884,2903884QC.nc,12,0.462,-139.624,2024-11-26 08:57:59.999996928+00:00,-69.31623231441792,"PACE_OCI_L2_AOP_PACE_OCI.20241125T214643.L2.OC_AOP.V3_0.nc_3.0,PACE_OCI_L2_AOP_PACE_OCI.20241126T222056.L2.OC_AOP.V3_0.nc_3.0",PACE_OCI_L2_AOP_PACE_OCI.20241126T222056.L2.OC_AOP.V3_0.nc_3.0,PACE_OCI.20241126T222056.L2.OC_AOP.V3_0.nc,0.6204636037578205,2024-11-26 22:23:25.500000+00:00,0.0026031115557998,0.0008567697368562,5.630427040159702e-05,5.721300840377808e-05,0.2132861465215683,0.0219914652407169,0.0458650588989257,0.0016097147555618,0.0034850090742111,1.7648286819458008,2.000654935836792,0.0392551373058599,0.0196303316098312,0.45727086067199707,-139.62696838378906
2903884,2903884QC.nc,15,0.943,-138.307,2024-12-26 17:09:00.000001536+00:00,25.806223472663675,PACE_OCI_L2_AOP_PACE_OCI.20241225T223729.L2.OC_AOP.V3_0.nc_3.0,PACE_OCI_L2_AOP_PACE_OCI.20241225T223729.L2.OC_AOP.V3_0.nc_3.0,PACE_OCI.20241225T223729.L2.OC_AOP.V3_0.nc,6.1843222168316645,2024-12-25 22:39:58.500000+00:00,0.0030484301969408,0.0005824276013299,9.83255449682474e-05,9.965267963707448e-05,0.1265698671340942,0.0239954274147748,0.012545108795166,0.0018845083818892,0.0038949996232986,1.7165437936782837,1.9687581062316892,0.0457309560293536,0.0237880246448496,0.8908340930938721,-138.3262939453125
2903884,2903884QC.nc,16,0.362,-138.387,2025-01-05 21:28:59.999996928+00:00,67.01809976253939,PACE_OCI_L2_AOP_PACE_OCI.20250105T222625.L2.OC_AOP.V3_0.nc_3.0,PACE_OCI_L2_AOP_PACE_OCI.20250105T222625.L2.OC_AOP.V3_0.nc_3.0,PACE_OCI.20250105T222625.L2.OC_AOP.V3_0.nc,0.3809396090137932,2025-01-05 22:28:54.500000+00:00,0.0026806041132658,0.0006038602441549,8.84688924998045e-05,8.782139047980309e-05,1.653689980506897,0.0180142987519502,-32767.0,0.0017612945346533,0.004715010523796,1.8233355283737185,2.0748698711395264,0.0434458231630684,0.0197345260502845,0.363436758518219,-138.39010620117188
2903884,2903884QC.nc,17,-0.347,-138.044,2025-01-16 01:49:00.000002560+00:00,21.769312393827907,"PACE_OCI_L2_AOP_PACE_OCI.20250115T214015.L2.OC_AOP.V3_0.nc_3.0,PACE_OCI_L2_AOP_PACE_OCI.20250116T221458.L2.OC_AOP.V3_0.nc_3.0",PACE_OCI_L2_AOP_PACE_OCI.20250115T214015.L2.OC_AOP.V3_0.nc_3.0,PACE_OCI.20250115T214015.L2.OC_AOP.V3_0.nc,0.5495833678818233,2025-01-15 21:42:44.500000+00:00,0.000796929874923,7.472267316188663e-05,2.839684020727873e-05,2.9255112167447805e-05,1.942604780197144,0.0169485826045274,0.1048550605773925,0.0005468352160987,0.0016999989748001,1.850945949554444,2.091224431991577,0.0135228234648416,0.0304597673661449,-0.3515472114086151,-138.0459442138672
2903884,2903884QC.nc,18,-0.227,-137.417,2025-01-26 06:10:00.000004608+00:00,-39.22226773030465,"PACE_OCI_L2_AOP_PACE_OCI.20250125T223228.L2.OC_AOP.V3_0.nc_3.0,PACE_OCI_L2_AOP_PACE_OCI.20250126T212852.L2.OC_AOP.V3_0.nc_3.0",PACE_OCI_L2_AOP_PACE_OCI.20250126T212852.L2.OC_AOP.V3_0.nc_3.0,PACE_OCI.20250126T212852.L2.OC_AOP.V3_0.nc,0.4766281906349096,2025-01-26 21:31:21.500000+00:00,0.0008114423253573,0.0001215808661072,3.6978512071073055e-05,3.725371789187193e-05,1.920726537704468,0.0198013689368963,0.1125049591064453,0.0005512328024773,0.0017750114202499,1.8136122226715088,2.0701346397399902,0.013587328121952,0.0281655846256584,-0.22774937748908997,-137.4212188720703
2903884,2903884QC.nc,19,0.154,-136.761,2025-02-05 10:30:00+00:00,-66.8915673877149,"PACE_OCI_L2_AOP_PACE_OCI.20250204T214610.L2.OC_AOP.V3_0.nc_3.0,PACE_OCI_L2_AOP_PACE_OCI.20250205T222106.L2.OC_AOP.V3_0.nc_3.0",PACE_OCI_L2_AOP_PACE_OCI.20250204T214610.L2.OC_AOP.V3_0.nc_3.0,PACE_OCI.20250204T214610.L2.OC_AOP.V3_0.nc,0.4335328377843856,2025-02-04 21:48:39.500000+00:00,0.000525064242538,0.000445642741397,3.2549723982810974e-05,3.387767355889082e-05,1.9384844303131104,0.0146297076717019,-32767.0,0.0003623219991632,0.0011350065469741,1.8773938417434688,2.1176884174346924,0.0089965770349755,0.0303081971528995,0.15161791443824768,-136.75791931152344
2903884,2903884QC.nc,20,0.513,-136.033,2025-02-15 14:53:00.000005120+00:00,-6.254740894238342,"PACE_OCI_L2_AOP_PACE_OCI.20250214T224608.L2.OC_AOP.V3_0.nc_3.0,PACE_OCI_L2_AOP_PACE_OCI.20250215T214320.L2.OC_AOP.V3_0.nc_3.0",PACE_OCI_L2_AOP_PACE_OCI.20250214T224608.L2.OC_AOP.V3_0.nc_3.0,PACE_OCI.20250214T224608.L2.OC_AOP.V3_0.nc,0.4728379743824648,2025-02-14 22:48:37.500000+00:00,0.0010555394692346,0.0001400070614181,6.263493560254574e-05,6.579223554581404e-05,1.784993290901184,0.0216610934585332,-32767.0,0.0007187057114537,0.0023149996995925,1.7308307886123655,1.97856879234314,0.0174670715873935,0.0351572965205667,0.5143635272979736,-136.0370330810547
2903884,2903884QC.nc,21,0.448,-135.653,2025-02-26 03:08:59.999997952+00:00,1.83419595263667,PACE_OCI_L2_AOP_PACE_OCI.20250225T224351.L2.OC_AOP.V3_0.nc_3.0,PACE_OCI_L2_AOP_PACE_OCI.20250225T224351.L2.OC_AOP.V3_0.nc_3.0,PACE_OCI.20250225T224351.L2.OC_AOP.V3_0.nc,1.4917357721887488,2025-02-25 22:46:20.500000+00:00,0.0012241646181792,0.0001959866785909,6.936676800251007e-05,7.247680332511663e-05,1.887198090553284,0.0181393977254629,-32767.0,0.0008346556595259,0.0025449991226196,1.8355716466903689,2.071118831634521,0.0205765352379264,0.0251759090280883,0.4425540566444397,-135.66526794433594
2903884,2903884QC.nc,24,1.097,-133.798,2025-03-28 04:16:00+00:00,-18.85381161541121,PACE_OCI_L2_AOP_PACE_OCI.20250327T222202.L2.OC_AOP.V3_0.nc_3.0,PACE_OCI_L2_AOP_PACE_OCI.20250327T222202.L2.OC_AOP.V3_0.nc_3.0,PACE_OCI.20250327T222202.L2.OC_AOP.V3_0.nc,1.6941845544809366,2025-03-27 22:24:31.500000+00:00,0.0023612813092768,0.000351620663423,9.04907938092947e-05,9.130407124757768e-05,1.655416488647461,0.0225409902632236,-32767.0,0.0015604347185142,0.0039200037717819,1.8192921876907349,2.0698814392089844,0.0384616309881462,0.0165355915608263,1.082561731338501,-133.7931365966797
2903885,2903885QC.nc,3,-11.969,95.057,2025-04-07 14:14:00.000003584+00:00,-38.61228217940368,PACE_OCI_L2_AOP_PACE_OCI.20250408T062503.L2.OC_AOP.V3_0.nc_3.0,PACE_OCI_L2_AOP_PACE_OCI.20250408T062503.L2.OC_AOP.V3_0.nc_3.0,PACE_OCI.20250408T062503.L2.OC_AOP.V3_0.nc,0.8349070218938707,2025-04-08 06:27:32.500000+00:00,0.0014442019164562,0.0004275040118955,5.869264714419842e-05,5.733442958444357e-05,1.0623977184295654,0.0132324341684579,-32767.0,0.0008957240861637,0.0023400038480758,1.9027390480041504,2.138545274734497,0.0223127531769105,0.0171446777360621,-11.964159965515137,95.05113220214844
2903885,2903885QC.nc,4,-11.977,95.054,2025-04-08 11:04:59.999995392+00:00,7.426949874949683,PACE_OCI_L2_AOP_PACE_OCI.20250408T062503.L2.OC_AOP.V3_0.nc_3.0,PACE_OCI_L2_AOP_PACE_OCI.20250408T062503.L2.OC_AOP.V3_0.nc_3.0,PACE_OCI.20250408T062503.L2.OC_AOP.V3_0.nc,0.9504579543641636,2025-04-08 06:27:32.500000+00:00,0.0012362636625766,0.0004412922426126,4.555715713649988e-05,4.765263292938471e-05,1.729295015335083,0.0143151506781578,-32767.0,0.0008056410253456,0.0021499991416931,1.910816311836243,2.146505832672119,0.020093399360068,0.0169852991121832,-11.98543930053711,95.05538940429688
2903885,2903885QC.nc,7,-11.91,94.799,2025-04-20 20:06:59.999998464+00:00,-53.95004261946703,PACE_OCI_L2_AOP_PACE_OCI.20250421T073139.L2.OC_AOP.V3_0.nc_3.0,PACE_OCI_L2_AOP_PACE_OCI.20250421T073139.L2.OC_AOP.V3_0.nc_3.0,PACE_OCI.20250421T073139.L2.OC_AOP.V3_0.nc,52.28012418031575,2025-04-21 07:34:08.500000+00:00,0.0063497209921479,0.000567041861359,0.0001325006596744,0.0001324946060776,0.632683277130127,0.0118888868018984,-32767.0,0.0040356746110124,0.0091499984264373,1.892020583152771,2.123424530029297,0.1002957988549452,0.0045434930972554,-11.650927543640137,95.19979095458984
2903885,2903885QC.nc,8,-11.729,94.29,2025-05-01 07:55:59.999997440+00:00,46.88739964381182,PACE_OCI_L2_AOP_PACE_OCI.20250501T065141.L2.OC_AOP.V3_0.nc_3.0,PACE_OCI_L2_AOP_PACE_OCI.20250501T065141.L2.OC_AOP.V3_0.nc_3.0,PACE_OCI.20250501T065141.L2.OC_AOP.V3_0.nc,1.543194928472652,2025-05-01 06:54:10.500000+00:00,0.0013241750421002,0.0003743534907698,6.32571754977107e-05,6.63854880258441e-05,1.6811076402664185,0.0160202179104089,-32767.0,0.0008639498547257,0.0018150061368942,1.9122003316879272,2.132653951644897,0.0215017109259924,0.0172606467573171,-11.733646392822266,94.27664184570312
2903886,2903886QC.nc,48,32.079,-119.565,2024-04-17 01:52:00.000001536+00:00,6.9378905180243695,PACE_OCI_L2_AOP_PACE_OCI.20240417T201159.L2.OC_AOP.V3_0.nc_3.0,PACE_OCI_L2_AOP_PACE_OCI.20240417T201159.L2.OC_AOP.V3_0.nc_3.0,PACE_OCI.20240417T201159.L2.OC_AOP.V3_0.nc,106.08614585771834,2024-04-17 20:14:29+00:00,0.0016486211679875,0.0003176032041665,6.420537829399109e-05,7.31578329578042e-05,1.8974745273590088,0.0107665155082941,-32767.0,0.0011084344174508,0.0025050044059753,1.900645732879639,2.132561445236206,0.0275859725615746,0.0248026561648089,32.114376068115234,-118.4395751953125
2903886,2903886QC.nc,50,32.669,-120.155,2024-05-07 18:45:00+00:00,67.50362370688886,"PACE_OCI_L2_AOP_PACE_OCI.20240506T194750.L2.OC_AOP.V3_0.nc_3.0,PACE_OCI_L2_AOP_PACE_OCI.20240507T202245.L2.OC_AOP.V3_0.nc_3.0",PACE_OCI_L2_AOP_PACE_OCI.20240507T202245.L2.OC_AOP.V3_0.nc_3.0,PACE_OCI.20240507T202245.L2.OC_AOP.V3_0.nc,0.5064878902049341,2024-05-07 20:25:15+00:00,0.001498625264503,0.0002000179665628,6.875291001051664e-05,7.196201477199793e-05,1.901111721992493,0.0162432510405778,-32767.0,0.0011008438281313,0.0025850087404251,1.5495306253433228,1.83109712600708,0.026153026881853,0.066651149513381,32.673519134521484,-120.15431213378906
2903886,2903886QC.nc,51,33.209,-120.641,2024-05-18 00:42:00.000000512+00:00,26.367356086778656,"PACE_OCI_L2_AOP_PACE_OCI.20240517T193826.L2.OC_AOP.V3_0.nc_3.0,PACE_OCI_L2_AOP_PACE_OCI.20240518T201318.L2.OC_AOP.V3_0.nc_3.0",PACE_OCI_L2_AOP_PACE_OCI.20240517T193826.L2.OC_AOP.V3_0.nc_3.0,PACE_OCI.20240517T193826.L2.OC_AOP.V3_0.nc,45.25462220136208,2024-05-17 19:40:56+00:00,0.0083052646368741,0.0013325980398803,9.043700993061066e-05,8.985213935375214e-05,0.0119204493239521,0.0164792127907276,-32767.0,0.0052783139007473,0.0107050091028213,1.7765703201293943,2.0211668014526367,0.1291266856967443,0.00346183044671,33.5161247253418,-120.3212661743164
2903886,2903886QC.nc,53,33.603,-120.404,2024-06-07 12:31:59.999996416+00:00,-4.281504806002802,"PACE_OCI_L2_AOP_PACE_OCI.20240606T194618.L2.OC_AOP.V3_0.nc_3.0,PACE_OCI_L2_AOP_PACE_OCI.20240607T202105.L2.OC_AOP.V3_0.nc_3.0",PACE_OCI_L2_AOP_PACE_OCI.20240607T202105.L2.OC_AOP.V3_0.nc_3.0,PACE_OCI.20240607T202105.L2.OC_AOP.V3_0.nc,57.97200533371437,2024-06-07 20:23:34.500000+00:00,0.0043540447950363,0.0004176115035079,5.6667253375053406e-05,5.76055608689785e-05,0.0125720547512173,0.0321417637169361,0.3737950325012207,0.0028063677931612,0.0051250010728836,1.6395280361175537,1.8563483953475952,0.0669316168606636,0.0046335405053815,33.95436477661133,-119.94060516357422
2903886,2903886QC.nc,54,33.541,-120.601,2024-06-17 18:24:00.000004608+00:00,65.99358831259342,PACE_OCI_L2_AOP_PACE_OCI.20240616T203852.L2.OC_AOP.V3_0.nc_3.0,PACE_OCI_L2_AOP_PACE_OCI.20240616T203852.L2.OC_AOP.V3_0.nc_3.0,PACE_OCI.20240616T203852.L2.OC_AOP.V3_0.nc,0.3976721958286101,2024-06-16 20:41:21.500000+00:00,0.0025801414158195,0.0006013993988744,0.0001617553643882,0.0001649083569645,1.5512714385986328,0.0002799882204271,0.0739150047302246,0.0017672427607165,0.0038650035858154,1.3414937257766724,1.296605944633484,0.0386642838782913,0.1842245118709528,33.54425811767578,-120.59922790527344
2903886,2903886QC.nc,56,33.728,-120.975,2024-07-08 06:17:59.999995904+00:00,-27.95464813684408,"PACE_OCI_L2_AOP_PACE_OCI.20240707T194055.L2.OC_AOP.V3_0.nc_3.0,PACE_OCI_L2_AOP_PACE_OCI.20240707T211913.L2.OC_AOP.V3_0.nc_3.0,PACE_OCI_L2_AOP_PACE_OCI.20240708T201528.L2.OC_AOP.V3_0.nc_3.0",PACE_OCI_L2_AOP_PACE_OCI.20240708T201528.L2.OC_AOP.V3_0.nc_3.0,PACE_OCI.20240708T201528.L2.OC_AOP.V3_0.nc,38.69392008202808,2024-07-08 20:17:57.500000+00:00,0.002844467293471,0.0003060494200326,6.967410445213318e-05,6.788480095565319e-05,1.8163301944732664,0.0196268875151872,-32767.0,0.0018701490857419,0.00450000166893,1.829295635223389,2.0717523097991943,0.0461087727471181,0.0173236074883063,33.722137451171875,-121.3933334350586
2903886,2903886QC.nc,59,33.025,-121.377,2024-08-08 02:23:59.999997952+00:00,6.175344673292906,PACE_OCI_L2_AOP_PACE_OCI.20240808T200615.L2.OC_AOP.V3_0.nc_3.0,PACE_OCI_L2_AOP_PACE_OCI.20240808T200615.L2.OC_AOP.V3_0.nc_3.0,PACE_OCI.20240808T200615.L2.OC_AOP.V3_0.nc,142.02986876192517,2024-08-08 20:08:45+00:00,0.0037512525450438,0.0015396930975839,7.910234853625298e-05,8.258246816694736e-05,1.737069845199585,0.0313181579113006,0.1214299201965332,0.0025424638112695,0.0051349997520446,1.7766013145446775,2.0117716789245605,0.0621078655853836,0.0058416189735278,34.00579071044922,-120.39552307128906
2903886,2903886QC.nc,61,33.073,-121.632,2024-08-28 23:04:59.999995392+00:00,42.7717496719834,PACE_OCI_L2_AOP_PACE_OCI.20240828T201221.L2.OC_AOP.V3_0.nc_3.0,PACE_OCI_L2_AOP_PACE_OCI.20240828T201221.L2.OC_AOP.V3_0.nc_3.0,PACE_OCI.20240828T201221.L2.OC_AOP.V3_0.nc,163.28944877897004,2024-08-28 20:14:51+00:00,0.003719663945958,0.0006687365239486,8.408911526203156e-05,8.588144555687904e-05,1.463258981704712,0.0126646189019083,-32767.0,0.0024316152722225,0.0058550089597702,1.9159308671951287,2.14983344078064,0.0606777515852734,0.009325774642246,31.826324462890625,-122.55170440673828
2903886,2903886QC.nc,64,33.247,-121.839,2024-09-28 08:06:59.999998464+00:00,-58.9410050552075,PACE_OCI_L2_AOP_PACE_OCI.20240928T195526.L2.OC_AOP.V3_0.nc_3.0,PACE_OCI_L2_AOP_PACE_OCI.20240928T195526.L2.OC_AOP.V3_0.nc_3.0,PACE_OCI.20240928T195526.L2.OC_AOP.V3_0.nc,205.15975534559664,2024-09-28 19:57:55.500000+00:00,0.0030394133646041,0.0003616360772866,6.534787826240063e-05,6.595323793590069e-05,1.981291890144348,0.028485232964158,-32767.0,0.0020882705824068,0.0050349980592727,1.7891483306884766,2.0416970252990723,0.0512485963138233,0.0073589728939807,34.07868194580078,-119.86015319824219
2903886,2903886QC.nc,68,33.281,-122.316,2024-11-07 18:22:00.000001536+00:00,35.63980440152033,"PACE_OCI_L2_AOP_PACE_OCI.20241106T205614.L2.OC_AOP.V3_0.nc_3.0,PACE_OCI_L2_AOP_PACE_OCI.20241107T195213.L2.OC_AOP.V3_0.nc_3.0",PACE_OCI_L2_AOP_PACE_OCI.20241107T195213.L2.OC_AOP.V3_0.nc_3.0,PACE_OCI.20241107T195213.L2.OC_AOP.V3_0.nc,0.6651215108552795,2024-11-07 19:54:42.500000+00:00,0.0006876324187032,0.0002496617962606,7.409194950014353e-05,7.988954894244671e-05,1.3905845880508425,0.0003518921730574,-32767.0,0.0005045970550131,0.0016650110483169,1.5575145483016968,1.7312061786651611,0.0118046626335542,0.1314065221483356,33.28548049926758,-122.3112564086914
2903886,2903886QC.nc,72,32.336,-122.331,2024-12-18 10:16:00+00:00,-60.062069949922,"PACE_OCI_L2_AOP_PACE_OCI.20241217T194745.L2.OC_AOP.V3_0.nc_3.0,PACE_OCI_L2_AOP_PACE_OCI.20241218T202231.L2.OC_AOP.V3_0.nc_3.0",PACE_OCI_L2_AOP_PACE_OCI.20241218T202231.L2.OC_AOP.V3_0.nc_3.0,PACE_OCI.20241218T202231.L2.OC_AOP.V3_0.nc,0.5912937078142387,2024-12-18 20:25:00.500000+00:00,0.0008776521426625,0.0001171249750768,5.609903018921614e-05,6.173137808218598e-05,1.6773416996002195,0.0058556362055242,0.0269949436187744,0.0006097683897763,0.0017450004816055,1.7009986639022827,1.9408133029937744,0.0147335123272319,0.0759242479546097,32.335350036621094,-122.32475280761719
2903886,2903886QC.nc,77,32.073,-123.12,2025-02-07 02:32:59.999995904+00:00,-9.372878161607536,PACE_OCI_L2_AOP_PACE_OCI.20250206T194957.L2.OC_AOP.V3_0.nc_3.0,PACE_OCI_L2_AOP_PACE_OCI.20250206T194957.L2.OC_AOP.V3_0.nc_3.0,PACE_OCI.20250206T194957.L2.OC_AOP.V3_0.nc,108.7694883454718,2025-02-06 19:52:26.500000+00:00,0.0020051435567438,0.0003071457613259,9.427557233721018e-05,9.796838276088238e-05,1.6494485139846802,0.0118988640606403,-32767.0,0.0012992539443398,0.00381501019001,1.885972023010254,2.1254615783691406,0.0322995905216017,0.0187451990603532,31.61000633239746,-122.10566711425781
2903886,2903886QC.nc,79,31.803,-123.041,2025-02-27 18:45:00+00:00,43.60284108397058,PACE_OCI_L2_AOP_PACE_OCI.20250227T204313.L2.OC_AOP.V3_0.nc_3.0,PACE_OCI_L2_AOP_PACE_OCI.20250227T204313.L2.OC_AOP.V3_0.nc_3.0,PACE_OCI.20250227T204313.L2.OC_AOP.V3_0.nc,83.45763324823207,2025-02-27 20:45:42.500000+00:00,0.0012436308898031,0.0005915882647968,0.000105250859633,0.0001126093557104,0.4056819081306457,6.3173400121741e-05,-32767.0,0.0008354948553349,0.0028250068426132,1.6590222120285034,1.8103468418121336,0.0197856746573555,0.1283196066992563,31.850650787353516,-122.15940856933594
2903886,2903886QC.nc,80,31.834,-122.998,2025-03-09 10:44:59.999996416+00:00,-46.72581433061497,PACE_OCI_L2_AOP_PACE_OCI.20250309T200459.L2.OC_AOP.V3_0.nc_3.0,PACE_OCI_L2_AOP_PACE_OCI.20250309T200459.L2.OC_AOP.V3_0.nc_3.0,PACE_OCI.20250309T200459.L2.OC_AOP.V3_0.nc,39.65419490748534,2025-03-09 20:07:28.500000+00:00,0.0009071951499208,0.0001681540888966,7.491599535569549e-05,8.074729703366756e-05,1.7440519332885742,0.0148160606622695,-32767.0,0.0006035034345752,0.001469999551773,1.814525365829468,2.0530354976654053,0.0148365884611387,0.0415619221997335,31.747867584228516,-122.59085845947266
2903886,2903886QC.nc,81,32.001,-122.818,2025-03-19 14:43:00.000000512+00:00,5.111335334347693,PACE_OCI_L2_AOP_PACE_OCI.20250318T202930.L2.OC_AOP.V3_0.nc_3.0,PACE_OCI_L2_AOP_PACE_OCI.20250318T202930.L2.OC_AOP.V3_0.nc_3.0,PACE_OCI.20250318T202930.L2.OC_AOP.V3_0.nc,0.6756660922267514,2025-03-18 20:31:59.500000+00:00,0.0008314311271533,0.0001222435821546,4.3602194637060165e-05,4.808470839634538e-05,1.8003877401351929,0.0090204328298568,-32767.0,0.0005904372696978,0.0015550106763839,1.751867651939392,1.9785504341125488,0.0143496575936961,0.0682645548687207,32.00383758544922,-122.81166076660156
2903886,2903886QC.nc,85,31.982,-122.107,2025-04-29 06:47:00.000003072+00:00,-39.77958641971171,PACE_OCI_L2_AOP_PACE_OCI.20250428T200053.L2.OC_AOP.V3_0.nc_3.0,PACE_OCI_L2_AOP_PACE_OCI.20250428T200053.L2.OC_AOP.V3_0.nc_3.0,PACE_OCI.20250428T200053.L2.OC_AOP.V3_0.nc,7.040741041338162,2025-04-28 20:03:22.500000+00:00,0.0019920081831514,0.0009819963015615,7.841922342777252e-05,7.972936145961285e-05,1.668210506439209,0.0112896906211972,-32767.0,0.0012896856793306,0.0032100081443786,1.918814778327942,2.1531548500061035,0.0321988857161046,0.0145510097674305,32.043758392333984,-122.12348175048828
2903887,2903887QC.nc,32,15.264,158.966,2024-10-26 04:21:59.999998464+00:00,34.53237040430001,PACE_OCI_L2_AOP_PACE_OCI.20241027T020250.L2.OC_AOP.V3_0.nc_3.0,PACE_OCI_L2_AOP_PACE_OCI.20241027T020250.L2.OC_AOP.V3_0.nc_3.0,PACE_OCI.20241027T020250.L2.OC_AOP.V3_0.nc,44.95740753567482,2024-10-27 02:05:19.500000+00:00,0.0029439439531415,0.0004454916052054,8.496735244989395e-05,8.822139352560043e-05,1.4731796979904177,0.007224841043353,-32767.0,0.0019400680585163,0.0047550052404403,1.9739691019058228,2.190478563308716,0.048716111594181,0.0047526414551322,15.109182357788086,158.57899475097656
2903887,2903887QC.nc,33,15.329,158.627,2024-11-05 09:08:59.999997952+00:00,-32.41061983703325,PACE_OCI_L2_AOP_PACE_OCI.20241105T021550.L2.OC_AOP.V3_0.nc_3.0,PACE_OCI_L2_AOP_PACE_OCI.20241105T021550.L2.OC_AOP.V3_0.nc_3.0,PACE_OCI.20241105T021550.L2.OC_AOP.V3_0.nc,0.5083526908775985,2024-11-05 02:18:19.500000+00:00,0.0014379220083355,0.0002637479337863,5.068513564765453e-05,5.7763303630054e-05,1.745897889137268,0.0045064627192914,-32767.0,0.0009599236960004,0.0021599978208541,1.9959503412246704,2.198477029800415,0.0241339183946078,0.0063412455784446,15.327533721923828,158.6225128173828
2903887,2903887QC.nc,34,15.568,158.107,2024-11-15 13:46:59.999999488+00:00,-81.12203051339986,"PACE_OCI_L2_AOP_PACE_OCI.20241115T030321.L2.OC_AOP.V3_0.nc_3.0,PACE_OCI_L2_AOP_PACE_OCI.20241116T015918.L2.OC_AOP.V3_0.nc_3.0",PACE_OCI_L2_AOP_PACE_OCI.20241116T015918.L2.OC_AOP.V3_0.nc_3.0,PACE_OCI.20241116T015918.L2.OC_AOP.V3_0.nc,0.5596907586848724,2024-11-16 02:01:47.500000+00:00,0.000536678766366,5.980105197522789e-05,1.860631164163351e-05,1.875986345112324e-05,1.9726554155349727,0.00269421399571,0.0425500869750976,0.0003691798869738,0.0011000037193298,1.9991298913955688,2.199914693832397,0.0092837920561112,0.0063636660440357,15.57296085357666,158.10787963867188
2903887,2903887QC.nc,40,16.603,156.308,2025-01-15 13:43:00.000003584+00:00,-85.5828984764409,PACE_OCI_L2_AOP_PACE_OCI.20250115T020529.L2.OC_AOP.V3_0.nc_3.0,PACE_OCI_L2_AOP_PACE_OCI.20250115T020529.L2.OC_AOP.V3_0.nc_3.0,PACE_OCI.20250115T020529.L2.OC_AOP.V3_0.nc,0.8501559017095945,2025-01-15 02:07:58.500000+00:00,0.0009002889855764,9.427451004739852e-05,2.840388333424925e-05,3.029685467481613e-05,1.886425256729126,0.0037700769025832,-32767.0,0.0006080611246073,0.001685008406639,1.9962351322174072,2.199408054351806,0.0152897614516437,0.0069742491676414,16.60576057434082,156.30056762695312
2903887,2903887QC.nc,42,17.298,156.543,2025-02-05 06:45:59.999996416+00:00,9.501780965038984,PACE_OCI_L2_AOP_PACE_OCI.20250206T014250.L2.OC_AOP.V3_0.nc_3.0,PACE_OCI_L2_AOP_PACE_OCI.20250206T014250.L2.OC_AOP.V3_0.nc_3.0,PACE_OCI.20250206T014250.L2.OC_AOP.V3_0.nc,32.92020739500343,2025-02-06 01:45:19.500000+00:00,0.0016561376396566,0.0005940236151218,9.272817987948656e-05,8.725409861654043e-05,0.7172825932502747,0.0044098948128521,-32767.0,0.0009922053845654,0.002355009317398,1.988973617553711,2.19594144821167,0.0249357811609969,0.0064004527800987,17.529666900634766,156.3498077392578
2903887,2903887QC.nc,45,17.382,157.295,2025-03-07 08:46:00+00:00,-16.83952247185628,PACE_OCI_L2_AOP_PACE_OCI.20250307T022517.L2.OC_AOP.V3_0.nc_3.0,PACE_OCI_L2_AOP_PACE_OCI.20250307T022517.L2.OC_AOP.V3_0.nc_3.0,PACE_OCI.20250307T022517.L2.OC_AOP.V3_0.nc,0.4811062097432307,2025-03-07 02:27:46.500000+00:00,0.0015200088964775,0.0005702232010662,6.159173790365458e-05,5.7344092056155205e-05,0.3279674053192138,0.0041064745746552,-32767.0,0.0008792872870674,0.0018450021743774,1.9929656982421875,2.1969900131225586,0.0221015327524648,0.008209791338897,17.377805709838867,157.29611206054688
2903887,2903887QC.nc,47,17.161,156.822,2025-03-27 18:25:00.000001024+00:00,-16.460542975066364,"PACE_OCI_L2_AOP_PACE_OCI.20250327T024639.L2.OC_AOP.V3_0.nc_3.0,PACE_OCI_L2_AOP_PACE_OCI.20250328T014345.L2.OC_AOP.V3_0.nc_3.0",PACE_OCI_L2_AOP_PACE_OCI.20250328T014345.L2.OC_AOP.V3_0.nc_3.0,PACE_OCI.20250328T014345.L2.OC_AOP.V3_0.nc,2.5249166563748893,2025-03-28 01:46:14.500000+00:00,0.0009897170821204,0.0001484056992921,4.802091279998422e-05,5.274824798107147e-05,1.8240278959274288,0.0038042922969907,0.0286099910736084,0.0006623418233543,0.0018199980258941,1.9957408905029297,2.19935154914856,0.0166545104703284,0.0069130676149425,17.18168830871582,156.83180236816406
2903939,2903939QC.nc,0,-18.965,5.996,2025-03-28 15:39:59.999997952+00:00,27.21414997449704,PACE_OCI_L2_AOP_PACE_OCI.20250329T115924.L2.OC_AOP.V3_0.nc_3.0,PACE_OCI_L2_AOP_PACE_OCI.20250329T115924.L2.OC_AOP.V3_0.nc_3.0,PACE_OCI.20250329T115924.L2.OC_AOP.V3_0.nc,14.662315347540153,2025-03-29 12:01:53.500000+00:00,0.0018439219566062,0.0007494655437767,7.024349179118872e-05,7.507752161473036e-05,1.913267731666565,0.0098170610144734,-32767.0,0.0012524395843879,0.0037150084972381,1.92064905166626,2.155425786972046,0.031279929305477,0.0185522113241595,-18.922157287597656,6.127848148345947
2903939,2903939QC.nc,1,-18.95,5.811,2025-04-07 15:39:59.999997952+00:00,25.16415512546547,PACE_OCI_L2_AOP_PACE_OCI.20250408T125830.L2.OC_AOP.V3_0.nc_3.0,PACE_OCI_L2_AOP_PACE_OCI.20250408T125830.L2.OC_AOP.V3_0.nc_3.0,PACE_OCI.20250408T125830.L2.OC_AOP.V3_0.nc,0.673778790715369,2025-04-08 13:00:59.500000+00:00,0.0025135506875813,0.0004334222758188,5.28641976416111e-05,5.2377814427018166e-05,0.1809499114751815,0.007111974991858,-32767.0,0.0014746213900425,0.003025010228157,1.947872281074524,2.1670000553131104,0.036894734902953,0.0148735148078517,-18.947250366210938,5.816709041595459
2903940,2903940QC.nc,0,-15.996,-10.00400000000002,2025-03-22 00:56:00.000001024+00:00,-74.49759852093673,PACE_OCI_L2_AOP_PACE_OCI.20250321T135409.L2.OC_AOP.V3_0.nc_3.0,PACE_OCI_L2_AOP_PACE_OCI.20250321T135409.L2.OC_AOP.V3_0.nc_3.0,PACE_OCI.20250321T135409.L2.OC_AOP.V3_0.nc,0.229432895601917,2025-03-21 13:56:38.500000+00:00,0.0011931989574804,0.0002332301955902,3.5865698009729385e-05,3.899598959833384e-05,1.8826053142547607,0.0049155266024172,-32767.0,0.0008028505785786,0.0020399987697601,1.9912792444229128,2.19697904586792,0.0201802044177389,0.0107124164990119,-15.994217872619629,-10.005082130432129
2903940,2903940QC.nc,2,-15.632,-10.009000000000016,2025-04-11 03:56:59.999997440+00:00,-41.64618745337923,"PACE_OCI_L2_AOP_PACE_OCI.20250410T140918.L2.OC_AOP.V3_0.nc_3.0,PACE_OCI_L2_AOP_PACE_OCI.20250411T130620.L2.OC_AOP.V3_0.nc_3.0",PACE_OCI_L2_AOP_PACE_OCI.20250410T140918.L2.OC_AOP.V3_0.nc_3.0,PACE_OCI.20250410T140918.L2.OC_AOP.V3_0.nc,0.6885155541069549,2025-04-10 14:11:47.500000+00:00,0.0013381370808929,0.0004826976801268,4.940398503094912e-05,5.275174044072628e-05,1.7771596908569336,0.0038697314448654,-32767.0,0.0008850975584312,0.0021900087594985,1.991078734397888,2.196826934814453,0.0222470181819169,0.0108708736660079,-15.635819435119629,-10.003938674926758
2903940,2903940QC.nc,3,-15.456,-10.019000000000004,2025-04-21 06:00:59.999996416+00:00,-12.108164000288664,PACE_OCI_L2_AOP_PACE_OCI.20250421T140505.L2.OC_AOP.V3_0.nc_3.0,PACE_OCI_L2_AOP_PACE_OCI.20250421T140505.L2.OC_AOP.V3_0.nc_3.0,PACE_OCI.20250421T140505.L2.OC_AOP.V3_0.nc,0.1825715417052124,2025-04-21 14:07:34.500000+00:00,0.0012728824513033,0.000212417638977,4.702236037701368e-05,5.1634968258440495e-05,1.6916744709014893,0.0043480112217366,-32767.0,0.0008347272258028,0.002015009522438,1.99024760723114,2.195930242538452,0.0209780547519416,0.011132089864615,-15.454493522644043,-10.01832389831543
2903940,2903940QC.nc,4,-15.406,-10.011000000000024,2025-05-01 06:42:59.999996928+00:00,-2.613707685112344,PACE_OCI_L2_AOP_PACE_OCI.20250430T142808.L2.OC_AOP.V3_0.nc_3.0,PACE_OCI_L2_AOP_PACE_OCI.20250430T142808.L2.OC_AOP.V3_0.nc_3.0,PACE_OCI.20250430T142808.L2.OC_AOP.V3_0.nc,1.6161836434739096,2025-04-30 14:30:37.500000+00:00,0.0010961554944515,0.0002703706850297,6.250315345823765e-05,6.912520620971918e-05,1.4292030334472656,0.0034955111332237,-32767.0,0.0006991359841765,0.0021049976348876,1.98657500743866,2.196086883544922,0.0175708506059202,0.0131183832814748,-15.39940071105957,-9.997567176818848
2903941,2903941QC.nc,0,-15.987,-19.031999999999982,2025-03-14 02:17:00.000003072+00:00,-67.5441391488686,PACE_OCI_L2_AOP_PACE_OCI.20250314T144046.L2.OC_AOP.V3_0.nc_3.0,PACE_OCI_L2_AOP_PACE_OCI.20250314T144046.L2.OC_AOP.V3_0.nc_3.0,PACE_OCI.20250314T144046.L2.OC_AOP.V3_0.nc,0.2673680841367649,2025-03-14 14:43:15.500000+00:00,0.0001162823027698,0.0004369246889837,2.953818329842761e-05,3.1088507967069745e-05,1.7182602882385254,1.0690602721297182e-05,-32767.0,8.639242389931071e-05,-28027.0,2.0,2.200000047683716,0.0021725449565913,0.0077910627532121,-15.986892700195312,-19.02950096130371
2903941,2903941QC.nc,2,-15.875,-19.60500000000001,2025-04-03 05:26:59.999997440+00:00,-29.02121602588333,PACE_OCI_L2_AOP_PACE_OCI.20250403T145629.L2.OC_AOP.V3_0.nc_3.0,PACE_OCI_L2_AOP_PACE_OCI.20250403T145629.L2.OC_AOP.V3_0.nc_3.0,PACE_OCI.20250403T145629.L2.OC_AOP.V3_0.nc,0.4067474265051943,2025-04-03 14:58:58.500000+00:00,0.0008446522406302,0.0001338745350949,4.084868123754859e-05,4.245009040459991e-05,1.8981168270111084,0.002620254876092,-32767.0,0.0005732297561281,0.0017700046300888,1.9954731464385984,2.1990902423858643,0.0144132163845275,0.0101017455174435,-15.873089790344238,-19.601757049560547
2903941,2903941QC.nc,3,-15.751,-19.945,2025-04-13 06:47:59.999999488+00:00,-10.166610222159672,"PACE_OCI_L2_AOP_PACE_OCI.20250412T134144.L2.OC_AOP.V3_0.nc_3.0,PACE_OCI_L2_AOP_PACE_OCI.20250413T141707.L2.OC_AOP.V3_0.nc_3.0",PACE_OCI_L2_AOP_PACE_OCI.20250413T141707.L2.OC_AOP.V3_0.nc_3.0,PACE_OCI.20250413T141707.L2.OC_AOP.V3_0.nc,0.1938338247528689,2025-04-13 14:19:36.500000+00:00,0.0008233103435486,9.073135151993485e-05,2.259237226098776e-05,2.29045981541276e-05,1.9647700786590576,0.0028902560006827,-32767.0,0.0005652382655742,0.0015750080347061,1.9971964359283447,2.1994900703430176,0.0142131556729578,0.0093226005692875,-15.752279281616211,-19.946229934692383
3902261,3902261QC.nc,25,58.832,-23.88900000000001,2025-04-04 00:22:59.999998464+00:00,-23.710863027499823,PACE_OCI_L2_AOP_PACE_OCI.20250403T115946.L2.OC_AOP.V3_0.nc_3.0,PACE_OCI_L2_AOP_PACE_OCI.20250403T115946.L2.OC_AOP.V3_0.nc_3.0,PACE_OCI.20250403T115946.L2.OC_AOP.V3_0.nc,368.06019100692936,2025-04-03 12:02:15.500000+00:00,0.0007237838581204,0.0002858472580555,0.0001053396263159,0.0001117144711315,1.485267162322998,0.0084664849564433,-32767.0,0.0004590717307941,0.001910001039505,1.7787342071533203,2.0353779792785645,0.0112551875119889,0.046758437497006,56.992984771728516,-18.704910278320312
3902332,3902332QC.nc,0,41.502,-44.75599999999997,2024-06-30 09:16:00.000003072+00:00,17.509721982640777,PACE_OCI_L2_AOP_PACE_OCI.20240629T150331.L2.OC_AOP.V3_0.nc_3.0,PACE_OCI_L2_AOP_PACE_OCI.20240629T150331.L2.OC_AOP.V3_0.nc_3.0,PACE_OCI.20240629T150331.L2.OC_AOP.V3_0.nc,10.223948304311635,2024-06-29 15:06:00.500000+00:00,0.0003146674716845,0.0004747472412418,5.2277231588959694e-05,5.496430094353855e-05,1.8041070699691768,0.0003817411488853,-32767.0,0.0002390171128201,0.0009450018405914,1.899029970169068,2.1399126052856445,0.005955242458439,0.0435891681041555,41.46781921386719,-44.642059326171875
3902332,3902332QC.nc,1,41.957,-46.14699999999999,2024-07-10 07:40:00.000004608+00:00,-0.0807885840309038,PACE_OCI_L2_AOP_PACE_OCI.20240710T145131.L2.OC_AOP.V3_0.nc_3.0,PACE_OCI_L2_AOP_PACE_OCI.20240710T145131.L2.OC_AOP.V3_0.nc_3.0,PACE_OCI.20240710T145131.L2.OC_AOP.V3_0.nc,92.51351713966947,2024-07-10 14:54:01+00:00,0.0012054881080985,0.000244177354034,5.383230745792389e-05,5.641649477183819e-05,1.940279245376587,0.0091880019754171,-32767.0,0.0008265270332366,0.0024349987506866,1.9396528005599976,2.1661417484283447,0.0206768058053285,0.0189584299384795,41.93683624267578,-45.02869415283203
3902334,3902334QC.nc,0,37.331,-72.30200000000002,2025-03-21 19:16:00+00:00,41.1324340310026,PACE_OCI_L2_AOP_PACE_OCI.20250322T175622.L2.OC_AOP.V3_0.nc_3.0,PACE_OCI_L2_AOP_PACE_OCI.20250322T175622.L2.OC_AOP.V3_0.nc_3.0,PACE_OCI.20250322T175622.L2.OC_AOP.V3_0.nc,0.3405346208408412,2025-03-22 17:58:51.500000+00:00,0.0017381033394485,0.0001512248127255,7.634563371539116e-05,7.412745617330074e-05,0.0868894457817077,0.0135629046708345,-32767.0,0.0009823726143921,0.0023100078105926,1.712750792503357,1.949954628944397,0.0237700234420867,0.0442092824993256,37.330406188964844,-72.29822540283203
3902334,3902334QC.nc,4,38.096,-63.67700000000002,2025-05-01 05:37:59.999998464+00:00,-33.03314233446771,PACE_OCI_L2_AOP_PACE_OCI.20250501T165149.L2.OC_AOP.V3_0.nc_3.0,PACE_OCI_L2_AOP_PACE_OCI.20250501T165149.L2.OC_AOP.V3_0.nc_3.0,PACE_OCI.20250501T165149.L2.OC_AOP.V3_0.nc,1.7371533620692143,2025-05-01 16:54:18.500000+00:00,0.002909418195486,0.0001881391362985,9.086937643587588e-05,8.98134894669056e-05,0.127958595752716,0.0105710253119468,0.0105900764465332,0.0017171602192566,0.0038250088691711,1.6192229986190796,1.808091640472412,0.0406505964507617,0.0639487843673854,38.080379486083984,-63.67709732055664
3902340,3902340QC.nc,0,20.617,-177.948,2024-10-05 10:19:59.999995392+00:00,-65.07227261366971,PACE_OCI_L2_AOP_PACE_OCI.20241005T235511.L2.OC_AOP.V3_0.nc_3.0,PACE_OCI_L2_AOP_PACE_OCI.20241005T235511.L2.OC_AOP.V3_0.nc_3.0,PACE_OCI.20241005T235511.L2.OC_AOP.V3_0.nc,1.668338201439549,2024-10-05 23:57:41+00:00,0.0012767420848831,0.000461758201709,8.156336843967438e-05,7.360742893069983e-05,0.5967915058135986,0.0046698451042175,-32767.0,0.0007466088497644,0.0019399970769882,1.987465739250183,2.196370840072632,0.0187647704986399,0.0083143442654992,20.625829696655273,-177.96096801757812
3902340,3902340QC.nc,1,20.396,-177.844,2024-10-15 08:43:00.000000512+00:00,-46.46440439020436,"PACE_OCI_L2_AOP_PACE_OCI.20241015T000754.L2.OC_AOP.V3_0.nc_3.0,PACE_OCI_L2_AOP_PACE_OCI.20241016T004204.L2.OC_AOP.V3_0.nc_3.0",PACE_OCI_L2_AOP_PACE_OCI.20241016T004204.L2.OC_AOP.V3_0.nc_3.0,PACE_OCI.20241016T004204.L2.OC_AOP.V3_0.nc,0.3953477553691946,2024-10-16 00:44:33.500000+00:00,0.0022687134332954,0.0007428180542774,7.116119377315044e-05,6.628502160310745e-05,0.3433668613433838,0.0051586390472948,-32767.0,0.0013311909294002,0.0028399974107742,1.985884189605713,2.1925394535064697,0.0334375133620255,0.0072981489597893,20.397174835205078,-177.8475799560547
3902340,3902340QC.nc,3,20.155,-177.195,2024-11-04 08:34:59.999998976+00:00,-47.6801421047581,PACE_OCI_L2_AOP_PACE_OCI.20241105T003733.L2.OC_AOP.V3_0.nc_3.0,PACE_OCI_L2_AOP_PACE_OCI.20241105T003733.L2.OC_AOP.V3_0.nc_3.0,PACE_OCI.20241105T003733.L2.OC_AOP.V3_0.nc,2.1389849493212587,2024-11-05 00:40:03+00:00,0.0008889304590411,0.000515530409757,3.367045428603888e-05,3.5137636587023735e-05,1.9465895891189573,0.0037638668436557,-32767.0,0.0006097142056482,0.0013750046491622,1.998671531677246,2.199584722518921,0.0153317452175064,0.006564551122522,20.15008544921875,-177.17518615722656
3902340,3902340QC.nc,13,19.768,-176.429,2025-02-13 07:47:59.999995904+00:00,-29.59862812818508,"PACE_OCI_L2_AOP_PACE_OCI.20250213T005644.L2.OC_AOP.V3_0.nc_3.0,PACE_OCI_L2_AOP_PACE_OCI.20250213T235356.L2.OC_AOP.V3_0.nc_3.0",PACE_OCI_L2_AOP_PACE_OCI.20250213T005644.L2.OC_AOP.V3_0.nc_3.0,PACE_OCI.20250213T005644.L2.OC_AOP.V3_0.nc,0.6589734848017015,2025-02-13 00:59:13.500000+00:00,0.0012002007570117,0.0012912240345031,6.576848682016134e-05,6.54648756608367e-05,0.0799624323844909,0.0024081119336187,-32767.0,0.0006393594316417,0.0018199980258941,1.994977355003357,2.199657678604126,0.0160773794239616,0.0078650368510172,19.773601531982422,-176.42694091796875
3902340,3902340QC.nc,14,19.892,-176.673,2025-02-23 10:18:00.000002560+00:00,-63.36903575048064,"PACE_OCI_L2_AOP_PACE_OCI.20250223T001858.L2.OC_AOP.V3_0.nc_3.0,PACE_OCI_L2_AOP_PACE_OCI.20250224T005429.L2.OC_AOP.V3_0.nc_3.0",PACE_OCI_L2_AOP_PACE_OCI.20250223T001858.L2.OC_AOP.V3_0.nc_3.0,PACE_OCI.20250223T001858.L2.OC_AOP.V3_0.nc,0.3627855251216286,2025-02-23 00:21:27.500000+00:00,0.0008091998170129,0.0001208473404403,2.2379274014383554e-05,2.3822125513106585e-05,1.9223318099975584,0.0035470351576805,-32767.0,0.000548961820601,0.0014600008726119,1.99740207195282,2.199577808380127,0.0138040646580985,0.0073911122625884,19.8942813873291,-176.67051696777344
3902340,3902340QC.nc,17,20.233,-177.732,2025-03-25 16:29:00.000003584+00:00,-19.72696727271208,"PACE_OCI_L2_AOP_PACE_OCI.20250324T235721.L2.OC_AOP.V3_0.nc_3.0,PACE_OCI_L2_AOP_PACE_OCI.20250326T003250.L2.OC_AOP.V3_0.nc_3.0",PACE_OCI_L2_AOP_PACE_OCI.20250326T003250.L2.OC_AOP.V3_0.nc_3.0,PACE_OCI.20250326T003250.L2.OC_AOP.V3_0.nc,0.8745130538667447,2025-03-26 00:35:19.500000+00:00,0.0020010583102703,0.000279376283288,4.6910252422094345e-05,4.6987319365143776e-05,0.0641461610794067,0.004183982964605,-32767.0,0.0011190278649489,0.0024300068616867,1.989329099655152,2.1960182189941406,0.028123373824649,0.007331050527714,20.24083137512207,-177.73277282714844
3902340,3902340QC.nc,19,20.457,-178.428,2025-04-14 19:43:00.000003584+00:00,28.880266323478786,PACE_OCI_L2_AOP_PACE_OCI.20250414T001716.L2.OC_AOP.V3_0.nc_3.0,PACE_OCI_L2_AOP_PACE_OCI.20250414T001716.L2.OC_AOP.V3_0.nc_3.0,PACE_OCI.20250414T001716.L2.OC_AOP.V3_0.nc,0.490380972119758,2025-04-14 00:19:45.500000+00:00,0.0010508284904062,0.0001055176107911,3.460270818322897e-05,3.534252755343914e-05,1.9354671239852903,0.0045896987430751,-32767.0,0.0007141142392642,0.0019900053739547,1.9937365055084229,2.198434829711914,0.0179537851197232,0.0076103020272717,20.455324172973633,-178.43235778808594
3902341,3902341QC.nc,2,15.153,154.183,2024-10-30 17:17:59.999999488+00:00,-34.24391334418106,"PACE_OCI_L2_AOP_PACE_OCI.20241030T020652.L2.OC_AOP.V3_0.nc_3.0,PACE_OCI_L2_AOP_PACE_OCI.20241031T024104.L2.OC_AOP.V3_0.nc_3.0",PACE_OCI_L2_AOP_PACE_OCI.20241031T024104.L2.OC_AOP.V3_0.nc_3.0,PACE_OCI.20241031T024104.L2.OC_AOP.V3_0.nc,0.4609233517488541,2024-10-31 02:43:34+00:00,0.0007737910491414,0.0001160981846624,2.5690824259072546e-05,2.584978938102722e-05,1.969977855682373,0.0024990842211991,-32767.0,0.0005322287048469,0.0014850050210952,1.9990991353988647,2.1998417377471924,0.0133838418616776,0.0062148338767422,15.149313926696777,154.18496704101562
3902341,3902341QC.nc,4,14.583,154.376,2024-11-19 18:45:00+00:00,-14.765765128556898,"PACE_OCI_L2_AOP_PACE_OCI.20241119T020337.L2.OC_AOP.V3_0.nc_3.0,PACE_OCI_L2_AOP_PACE_OCI.20241120T023750.L2.OC_AOP.V3_0.nc_3.0",PACE_OCI_L2_AOP_PACE_OCI.20241119T020337.L2.OC_AOP.V3_0.nc_3.0,PACE_OCI.20241119T020337.L2.OC_AOP.V3_0.nc,0.3429084983617493,2024-11-19 02:06:06.500000+00:00,0.0003524648491293,0.0003998147731181,2.256775042042136e-05,2.3229426005855203e-05,1.9568250179290767,0.0017451450694352,-32767.0,0.000243247520298,0.0008150041103363,1.9998234510421755,2.199986696243286,0.0061170302229637,0.0060337085187132,14.583633422851562,154.37911987304688
3902341,3902341QC.nc,10,14.806,158.41,2025-01-19 02:35:59.999995392+00:00,52.02506143576746,PACE_OCI_L2_AOP_PACE_OCI.20250120T014226.L2.OC_AOP.V3_0.nc_3.0,PACE_OCI_L2_AOP_PACE_OCI.20250120T014226.L2.OC_AOP.V3_0.nc_3.0,PACE_OCI.20250120T014226.L2.OC_AOP.V3_0.nc,3.619901706417493,2025-01-20 01:44:55.500000+00:00,0.0019219832029193,0.0004829055978916,7.345573976635933e-05,7.63570424169302e-05,1.3300015926361084,0.0066172387450933,-32767.0,0.0012357475064213,0.0029949992895126,1.97926664352417,2.192082643508911,0.0310379340924051,0.0065404102900298,14.797642707824707,158.37745666503906
3902341,3902341QC.nc,11,15.113,158.185,2025-01-29 05:20:00.000002048+00:00,26.65417082844948,PACE_OCI_L2_AOP_PACE_OCI.20250129T015951.L2.OC_AOP.V3_0.nc_3.0,PACE_OCI_L2_AOP_PACE_OCI.20250129T015951.L2.OC_AOP.V3_0.nc_3.0,PACE_OCI.20250129T015951.L2.OC_AOP.V3_0.nc,0.5516302192527699,2025-01-29 02:02:20.500000+00:00,0.0007019332842901,6.539635069202632e-05,2.229696838185191e-05,2.302962820976973e-05,1.9419777393341064,0.0034797822590917,-32767.0,0.0004792983132434,0.0013750046491622,1.9974102973937988,2.1997437477111816,0.0120526300586287,0.0072581595998902,15.112281799316406,158.17562866210938
3902341,3902341QC.nc,12,15.38,157.591,2025-02-08 06:30:00.000003584+00:00,13.15853485061668,PACE_OCI_L2_AOP_PACE_OCI.20250209T015117.L2.OC_AOP.V3_0.nc_3.0,PACE_OCI_L2_AOP_PACE_OCI.20250209T015117.L2.OC_AOP.V3_0.nc_3.0,PACE_OCI.20250209T015117.L2.OC_AOP.V3_0.nc,0.5258974236351325,2025-02-09 01:53:46.500000+00:00,0.0005812325398437,7.918371557025239e-05,2.280069747939706e-05,2.333824522793293e-05,1.9478158950805664,0.0029686416964977,-32767.0,0.0003974766492628,0.0011900067329406,1.998927354812622,2.199840784072876,0.0099952589531973,0.0071334144074745,15.375380516052246,157.59205627441406
3902341,3902341QC.nc,13,15.632,156.812,2025-02-18 08:26:00.000001024+00:00,-12.43065081399892,PACE_OCI_L2_AOP_PACE_OCI.20250218T021614.L2.OC_AOP.V3_0.nc_3.0,PACE_OCI_L2_AOP_PACE_OCI.20250218T021614.L2.OC_AOP.V3_0.nc_3.0,PACE_OCI.20250218T021614.L2.OC_AOP.V3_0.nc,0.5167568512128493,2025-02-18 02:18:43.500000+00:00,0.0011252135736867,0.0003801161947194,7.250858470797539e-05,7.130054291337729e-05,0.8843938708305359,0.0033949713688343,-32767.0,0.0006784717216307,0.0014249980449676,1.9974178075790403,2.199279308319092,0.0170599051212858,0.0071889406439396,15.633646965026855,156.81651306152344
3902341,3902341QC.nc,16,16.173,154.626,2025-03-20 14:06:00.000002048+00:00,-73.19987364650152,PACE_OCI_L2_AOP_PACE_OCI.20250320T015506.L2.OC_AOP.V3_0.nc_3.0,PACE_OCI_L2_AOP_PACE_OCI.20250320T015506.L2.OC_AOP.V3_0.nc_3.0,PACE_OCI.20250320T015506.L2.OC_AOP.V3_0.nc,0.7413722388861017,2025-03-20 01:57:35.500000+00:00,0.0006320298998616,0.0001177654339699,3.3386750146746635e-05,3.4252298064529896e-05,1.9188470840454104,0.0022668186575174,-32767.0,0.0004302139507069,0.0011750012636184,1.9995269775390625,2.199946165084839,0.0108186723623624,0.006137742104529,16.173030853271484,154.63294982910156
3902341,3902341QC.nc,17,16.109,154.065,2025-03-30 16:05:59.999995392+00:00,-50.38237245493815,PACE_OCI_L2_AOP_PACE_OCI.20250330T025440.L2.OC_AOP.V3_0.nc_3.0,PACE_OCI_L2_AOP_PACE_OCI.20250330T025440.L2.OC_AOP.V3_0.nc_3.0,PACE_OCI.20250330T025440.L2.OC_AOP.V3_0.nc,0.4984450460226567,2025-03-30 02:57:09.500000+00:00,0.000895143894013,0.0001364084746455,4.923128290101886e-05,5.500786937773228e-05,1.6555219888687134,0.0035655940882861,-32767.0,0.0005853114423808,0.0016650110483169,1.9947375059127808,2.199149370193481,0.014717130973204,0.0082811425189857,16.11261558532715,154.06776428222656
3902342,3902342QC.nc,1,21.258,-173.378,2024-10-14 09:36:59.999998464+00:00,-62.1831650289158,"PACE_OCI_L2_AOP_PACE_OCI.20241013T233344.L2.OC_AOP.V3_0.nc_3.0,PACE_OCI_L2_AOP_PACE_OCI.20241015T000754.L2.OC_AOP.V3_0.nc_3.0",PACE_OCI_L2_AOP_PACE_OCI.20241015T000754.L2.OC_AOP.V3_0.nc_3.0,PACE_OCI.20241015T000754.L2.OC_AOP.V3_0.nc,1.0871853975833363,2024-10-15 00:10:24+00:00,0.0008593786042183,0.0004253809747751,4.216894740238786e-05,4.521408118307591e-05,1.8925657272338867,0.0050758658908307,-32767.0,0.0005801132607134,0.0016549974679946,1.991778254508972,2.1982686519622803,0.0145844471347816,0.0083928234623567,21.267152786254883,-173.38168334960938
3902342,3902342QC.nc,86,22.349,-177.616,2025-01-29 02:20:00.000002048+00:00,37.73611966064514,PACE_OCI_L2_AOP_PACE_OCI.20250130T005614.L2.OC_AOP.V3_0.nc_3.0,PACE_OCI_L2_AOP_PACE_OCI.20250130T005614.L2.OC_AOP.V3_0.nc_3.0,PACE_OCI.20250130T005614.L2.OC_AOP.V3_0.nc,1.440562223150918,2025-01-30 00:58:43.500000+00:00,0.0020329500548541,0.0002793561143334,7.489114068448544e-05,7.526436820626259e-05,0.0805157050490379,0.0057851015590131,-32767.0,0.0011526061115002,0.0024700015783309,1.977665662765503,2.189404249191284,0.0289377433898927,0.0101760801181002,22.358890533447266,-177.60694885253906
3902342,3902342QC.nc,87,22.377,-177.626,2025-01-30 09:22:00.000001536+00:00,-51.79671961846146,PACE_OCI_L2_AOP_PACE_OCI.20250130T005614.L2.OC_AOP.V3_0.nc_3.0,PACE_OCI_L2_AOP_PACE_OCI.20250130T005614.L2.OC_AOP.V3_0.nc_3.0,PACE_OCI.20250130T005614.L2.OC_AOP.V3_0.nc,0.5835288140317476,2025-01-30 00:58:43.500000+00:00,0.0017744654323905,0.0003896977286785,8.632836397737265e-05,7.871980778872967e-05,0.3631046116352081,0.0053547653369605,-32767.0,0.001039681564441,0.0023799985647201,1.9815983772277832,2.192166805267334,0.0261137373890681,0.0099578446912042,22.37586784362793,-177.6315460205078
3902342,3902342QC.nc,88,22.363,-177.635,2025-01-31 01:07:00.000001536+00:00,47.39740668168152,PACE_OCI_L2_AOP_PACE_OCI.20250201T002719.L2.OC_AOP.V3_0.nc_3.0,PACE_OCI_L2_AOP_PACE_OCI.20250201T002719.L2.OC_AOP.V3_0.nc_3.0,PACE_OCI.20250201T002719.L2.OC_AOP.V3_0.nc,0.0375532634382084,2025-02-01 00:29:48.500000+00:00,0.000731153297238,9.460444562137128e-05,2.642418257892132e-05,2.7937290724366903e-05,1.9171936511993408,0.0037856814451515,-32767.0,0.0004953309381691,0.0013650059700012,1.9969055652618408,2.199266195297241,0.0124548759598337,0.0095304119592133,22.363195419311523,-177.6352996826172
3902342,3902342QC.nc,89,22.363,-177.649,2025-01-31 12:33:00.000002560+00:00,-81.46655640965302,PACE_OCI_L2_AOP_PACE_OCI.20250201T002719.L2.OC_AOP.V3_0.nc_3.0,PACE_OCI_L2_AOP_PACE_OCI.20250201T002719.L2.OC_AOP.V3_0.nc_3.0,PACE_OCI.20250201T002719.L2.OC_AOP.V3_0.nc,0.3598199151659857,2025-02-01 00:29:48.500000+00:00,0.0006724959239363,8.227019134210423e-05,2.3869273718446493e-05,2.4778652004897594e-05,1.946292757987976,0.0035174016375094,-32767.0,0.0004593938053961,0.0013000071048736,1.9973167181015008,2.1994993686676025,0.0115516683061057,0.0094945937080841,22.360918045043945,-177.6463165283203
3902342,3902342QC.nc,90,22.352,-177.646,2025-02-01 03:53:00.000001536+00:00,21.582094914868986,"PACE_OCI_L2_AOP_PACE_OCI.20250201T002719.L2.OC_AOP.V3_0.nc_3.0,PACE_OCI_L2_AOP_PACE_OCI.20250202T010200.L2.OC_AOP.V3_0.nc_3.0",PACE_OCI_L2_AOP_PACE_OCI.20250201T002719.L2.OC_AOP.V3_0.nc_3.0,PACE_OCI.20250201T002719.L2.OC_AOP.V3_0.nc,0.3075398283292995,2025-02-01 00:29:48.500000+00:00,0.0006773809436708,6.718918302794918e-05,2.4680804926902056e-05,2.571666846051812e-05,1.9443272352218628,0.003418089589104,-32767.0,0.0004624931251289,0.0013200044631958,1.9973872900009155,2.1994197368621826,0.0116294591016175,0.0093843506490619,22.35032844543457,-177.64361572265625
3902342,3902342QC.nc,91,22.356,-177.663,2025-02-01 19:27:00.000000512+00:00,11.751740347357403,"PACE_OCI_L2_AOP_PACE_OCI.20250201T002719.L2.OC_AOP.V3_0.nc_3.0,PACE_OCI_L2_AOP_PACE_OCI.20250202T010200.L2.OC_AOP.V3_0.nc_3.0",PACE_OCI_L2_AOP_PACE_OCI.20250201T002719.L2.OC_AOP.V3_0.nc_3.0,PACE_OCI.20250201T002719.L2.OC_AOP.V3_0.nc,0.5563728672983689,2025-02-01 00:29:48.500000+00:00,0.0005422987742349,7.989884761627764e-05,2.1949701476842165e-05,2.256763400509953e-05,1.965274810791016,0.002825757721439,-32767.0,0.0003735848756191,0.001129999756813,1.9981166124343872,2.199803352355957,0.0093944034776264,0.0095142073620034,22.35634994506836,-177.66839599609375
3902342,3902342QC.nc,92,22.358,-177.661,2025-02-02 11:21:59.999994880+00:00,-78.52448830356997,PACE_OCI_L2_AOP_PACE_OCI.20250202T010200.L2.OC_AOP.V3_0.nc_3.0,PACE_OCI_L2_AOP_PACE_OCI.20250202T010200.L2.OC_AOP.V3_0.nc_3.0,PACE_OCI.20250202T010200.L2.OC_AOP.V3_0.nc,0.822016885468521,2025-02-02 01:04:29.500000+00:00,0.0005248867091722,0.0001331258099526,3.2354320865124464e-05,3.3934018574655056e-05,1.8972907066345213,0.0026268686633557,-32767.0,0.0003559737060301,0.0011900067329406,1.995558261871338,2.199611186981201,0.0089512766610552,0.0110081770544476,22.362462997436523,-177.65463256835938
3902342,3902342QC.nc,93,22.356,-177.675,2025-02-02 22:49:59.999998976+00:00,47.07791124281868,PACE_OCI_L2_AOP_PACE_OCI.20250202T010200.L2.OC_AOP.V3_0.nc_3.0,PACE_OCI_L2_AOP_PACE_OCI.20250202T010200.L2.OC_AOP.V3_0.nc_3.0,PACE_OCI.20250202T010200.L2.OC_AOP.V3_0.nc,0.5535515777097282,2025-02-02 01:04:29.500000+00:00,0.0006980934413149,0.0001362878683721,3.8038124330341816e-05,4.041672218590975e-05,1.803093671798706,0.0032928173895925,-32767.0,0.0004641107937353,0.0014200061559677,1.995803475379944,2.1989903450012207,0.0116693633896698,0.0108080686208414,22.35713768005371,-177.68023681640625
3902342,3902342QC.nc,95,22.366,-177.693,2025-02-04 01:55:00.000001024+00:00,42.93539534173218,PACE_OCI_L2_AOP_PACE_OCI.20250205T010747.L2.OC_AOP.V3_0.nc_3.0,PACE_OCI_L2_AOP_PACE_OCI.20250205T010747.L2.OC_AOP.V3_0.nc_3.0,PACE_OCI.20250205T010747.L2.OC_AOP.V3_0.nc,6.933292177019678,2025-02-05 01:10:16.500000+00:00,0.0003626763937063,0.0004527178534772,5.371894803829491e-05,5.503729335032404e-05,1.7759184837341309,0.0003073661937378,-32767.0,0.0002493774590843,0.0012750029563903,1.9963977336883545,2.199885606765747,0.0062710843385855,0.011101369131388,22.304954528808594,-177.6792755126953
3902342,3902342QC.nc,96,22.371,-177.687,2025-02-04 13:16:00+00:00,-72.02225011227844,PACE_OCI_L2_AOP_PACE_OCI.20250205T010747.L2.OC_AOP.V3_0.nc_3.0,PACE_OCI_L2_AOP_PACE_OCI.20250205T010747.L2.OC_AOP.V3_0.nc_3.0,PACE_OCI.20250205T010747.L2.OC_AOP.V3_0.nc,6.8043933980369165,2025-02-05 01:10:16.500000+00:00,0.0017785537056624,0.0004503766831476,9.361375123262404e-05,9.088346268981697e-05,0.7229911088943481,0.0055827400647103,-32767.0,0.0010786466920734,0.0030350089073181,1.9625036716461184,2.1859142780303955,0.0270663268447758,0.0118082790374067,22.360767364501953,-177.62176513671875
3902342,3902342QC.nc,97,22.362,-177.707,2025-02-05 05:35:59.999995392+00:00,0.8479483390293117,"PACE_OCI_L2_AOP_PACE_OCI.20250205T010747.L2.OC_AOP.V3_0.nc_3.0,PACE_OCI_L2_AOP_PACE_OCI.20250206T000428.L2.OC_AOP.V3_0.nc_3.0",PACE_OCI_L2_AOP_PACE_OCI.20250206T000428.L2.OC_AOP.V3_0.nc_3.0,PACE_OCI.20250206T000428.L2.OC_AOP.V3_0.nc,0.329188816199535,2025-02-06 00:06:57.500000+00:00,0.0006060295854695,5.420188608695753e-05,2.5298737455159422e-05,2.6536930818110704e-05,1.895712852478028,0.0037565201055258,-32767.0,0.0004088010313082,0.0011800080537796,1.9959131479263303,2.199148178100586,0.0102789333634744,0.0101582527241429,22.362306594848633,-177.71018981933594
3902342,3902342QC.nc,98,22.369,-177.709,2025-02-05 17:14:00.000003584+00:00,-17.381837712756354,"PACE_OCI_L2_AOP_PACE_OCI.20250205T010747.L2.OC_AOP.V3_0.nc_3.0,PACE_OCI_L2_AOP_PACE_OCI.20250206T000428.L2.OC_AOP.V3_0.nc_3.0",PACE_OCI_L2_AOP_PACE_OCI.20250206T000428.L2.OC_AOP.V3_0.nc_3.0,PACE_OCI.20250206T000428.L2.OC_AOP.V3_0.nc,0.5936470334633078,2025-02-06 00:06:57.500000+00:00,0.0005567427724599,7.551175804110244e-05,2.4257460609078407e-05,2.525543095543981e-05,1.925287842750549,0.0034172339364886,-32767.0,0.0003785676653461,0.0010800063610076,1.995774865150452,2.1994426250457764,0.0095191750536763,0.0102286122760571,22.37286376953125,-177.71298217773438
3902342,3902342QC.nc,99,22.364,-177.719,2025-02-06 08:39:00.000004608+00:00,-41.05363165152218,"PACE_OCI_L2_AOP_PACE_OCI.20250206T000428.L2.OC_AOP.V3_0.nc_3.0,PACE_OCI_L2_AOP_PACE_OCI.20250207T004005.L2.OC_AOP.V3_0.nc_3.0",PACE_OCI_L2_AOP_PACE_OCI.20250207T004005.L2.OC_AOP.V3_0.nc_3.0,PACE_OCI.20250207T004005.L2.OC_AOP.V3_0.nc,0.5796705074699688,2025-02-07 00:42:34.500000+00:00,0.0008145701722241,9.401982242707164e-05,2.76727369055152e-05,2.907554153352976e-05,1.9217448234558103,0.0037835685070604,-32767.0,0.0005532699189979,0.0014500021934509,1.996912956237793,2.199326038360596,0.0139118550310459,0.0087402289992251,22.368919372558594,-177.7208709716797
3902342,3902342QC.nc,100,22.363,-177.73,2025-02-06 20:23:59.999997952+00:00,24.1006769690643,"PACE_OCI_L2_AOP_PACE_OCI.20250206T000428.L2.OC_AOP.V3_0.nc_3.0,PACE_OCI_L2_AOP_PACE_OCI.20250207T004005.L2.OC_AOP.V3_0.nc_3.0",PACE_OCI_L2_AOP_PACE_OCI.20250207T004005.L2.OC_AOP.V3_0.nc_3.0,PACE_OCI.20250207T004005.L2.OC_AOP.V3_0.nc,0.4627684421347704,2025-02-07 00:42:34.500000+00:00,0.0006751059554517,0.0001475321187172,2.410629531368613e-05,2.4871318601071835e-05,1.9582505226135247,0.0031478668097406,-32767.0,0.0004634405741699,0.0013100057840347,1.997765302658081,2.1996288299560547,0.0116536591843537,0.0086872550382716,22.366539001464844,-177.7323760986328
3902342,3902342QC.nc,101,22.361,-177.728,2025-02-07 11:51:00.000002048+00:00,-82.0578732550828,"PACE_OCI_L2_AOP_PACE_OCI.20250207T004005.L2.OC_AOP.V3_0.nc_3.0,PACE_OCI_L2_AOP_PACE_OCI.20250208T011541.L2.OC_AOP.V3_0.nc_3.0",PACE_OCI_L2_AOP_PACE_OCI.20250207T004005.L2.OC_AOP.V3_0.nc_3.0,PACE_OCI.20250207T004005.L2.OC_AOP.V3_0.nc,0.5987872830029053,2025-02-07 00:42:34.500000+00:00,0.0009197792387567,0.0001396147563355,3.119715256616473e-05,3.457453567534685e-05,1.808071970939636,0.004041917156428,-32767.0,0.0006124740606528,0.0015600025653839,1.995752453804016,2.198575496673584,0.0153987489813475,0.0091142726798636,22.35590362548828,-177.72988891601562
3902342,3902342QC.nc,102,22.364,-177.751,2025-02-07 23:40:00.000001024+00:00,52.16020989046724,"PACE_OCI_L2_AOP_PACE_OCI.20250207T004005.L2.OC_AOP.V3_0.nc_3.0,PACE_OCI_L2_AOP_PACE_OCI.20250208T011541.L2.OC_AOP.V3_0.nc_3.0",PACE_OCI_L2_AOP_PACE_OCI.20250207T004005.L2.OC_AOP.V3_0.nc_3.0,PACE_OCI.20250207T004005.L2.OC_AOP.V3_0.nc,0.5102253527766039,2025-02-07 00:42:34.500000+00:00,0.0006943474290892,0.0001327014470007,2.4420209228992466e-05,2.448941813781857e-05,1.9561302661895752,0.0031543280929327,-32767.0,0.0004757142089859,0.0013550072908401,1.998001337051392,2.1996703147888184,0.0119623676043473,0.0086816029338589,22.361785888671875,-177.75534057617188
3902342,3902342QC.nc,103,22.362,-177.739,2025-02-08 15:02:59.999999488+00:00,-47.31434129994575,"PACE_OCI_L2_AOP_PACE_OCI.20250208T011541.L2.OC_AOP.V3_0.nc_3.0,PACE_OCI_L2_AOP_PACE_OCI.20250209T001255.L2.OC_AOP.V3_0.nc_3.0",PACE_OCI_L2_AOP_PACE_OCI.20250209T001255.L2.OC_AOP.V3_0.nc_3.0,PACE_OCI.20250209T001255.L2.OC_AOP.V3_0.nc,0.6870201854742002,2025-02-09 00:15:24.500000+00:00,0.0006295245257206,0.0003714163322001,2.8866983484476805e-05,2.943299477919936e-05,1.923190236091613,0.0032384155783802,-32767.0,0.0004275322599887,0.0013149976730346,1.996781587600708,2.199450731277466,0.0107504150610413,0.009768157158948,22.363689422607422,-177.73257446289062
3902342,3902342QC.nc,104,22.369,-177.752,2025-02-09 02:32:59.999995904+00:00,38.2505772295473,"PACE_OCI_L2_AOP_PACE_OCI.20250209T001255.L2.OC_AOP.V3_0.nc_3.0,PACE_OCI_L2_AOP_PACE_OCI.20250210T004823.L2.OC_AOP.V3_0.nc_3.0",PACE_OCI_L2_AOP_PACE_OCI.20250210T004823.L2.OC_AOP.V3_0.nc_3.0,PACE_OCI.20250210T004823.L2.OC_AOP.V3_0.nc,0.6878051146373105,2025-02-10 00:50:52.500000+00:00,0.0005345827667042,0.0006203994853422,2.997013507410884e-05,2.940394915640354e-05,1.9467116594314573,0.001639652182348,-32767.0,0.0003658773268776,0.0010250061750411,1.9996553659439087,2.1999378204345703,0.0092007754515003,0.0080402777244467,22.37105369567871,-177.75831604003906
3902342,3902342QC.nc,105,22.364,-177.728,2025-02-09 17:53:00.000005120+00:00,-8.158716554424606,"PACE_OCI_L2_AOP_PACE_OCI.20250209T001255.L2.OC_AOP.V3_0.nc_3.0,PACE_OCI_L2_AOP_PACE_OCI.20250210T004823.L2.OC_AOP.V3_0.nc_3.0",PACE_OCI_L2_AOP_PACE_OCI.20250210T004823.L2.OC_AOP.V3_0.nc_3.0,PACE_OCI.20250210T004823.L2.OC_AOP.V3_0.nc,0.2626868590638675,2025-02-10 00:50:52.500000+00:00,0.0011359647614881,0.0005754599696956,4.30659856647253e-05,4.6230037696659565e-05,1.7861125469207764,0.003969850949943,-32767.0,0.0007553589435812,0.0018400102853775,1.995583176612854,2.1985082626342773,0.0189909464927241,0.0085355922016096,22.36631965637207,-177.72752380371094
3902342,3902342QC.nc,106,22.366,-177.726,2025-02-10 05:21:59.999994880+00:00,4.400234935215924,"PACE_OCI_L2_AOP_PACE_OCI.20250210T004823.L2.OC_AOP.V3_0.nc_3.0,PACE_OCI_L2_AOP_PACE_OCI.20250210T234535.L2.OC_AOP.V3_0.nc_3.0",PACE_OCI_L2_AOP_PACE_OCI.20250210T004823.L2.OC_AOP.V3_0.nc_3.0,PACE_OCI.20250210T004823.L2.OC_AOP.V3_0.nc,0.1602151910785616,2025-02-10 00:50:52.500000+00:00,0.0011359647614881,0.0005785916000604,4.30659856647253e-05,4.6230037696659565e-05,1.7861125469207764,0.003969850949943,-32767.0,0.0007553589435812,0.0018400102853775,1.995583176612854,2.1985082626342773,0.0189909464927241,0.0085355922016096,22.36631965637207,-177.72752380371094
3902342,3902342QC.nc,107,22.357,-177.713,2025-02-10 21:00:00+00:00,31.895239051095984,"PACE_OCI_L2_AOP_PACE_OCI.20250210T004823.L2.OC_AOP.V3_0.nc_3.0,PACE_OCI_L2_AOP_PACE_OCI.20250210T234535.L2.OC_AOP.V3_0.nc_3.0",PACE_OCI_L2_AOP_PACE_OCI.20250210T004823.L2.OC_AOP.V3_0.nc_3.0,PACE_OCI.20250210T004823.L2.OC_AOP.V3_0.nc,1.817475633830952,2025-02-10 00:50:52.500000+00:00,0.0011359647614881,0.0004566457064356,4.30659856647253e-05,4.6230037696659565e-05,1.7861125469207764,0.003969850949943,-32767.0,0.0007553589435812,0.0018400102853775,1.995583176612854,2.1985082626342773,0.0189909464927241,0.0085355922016096,22.36631965637207,-177.72752380371094
3902342,3902342QC.nc,108,22.354,-177.701,2025-02-11 12:39:00.000001536+00:00,-78.2625782310843,"PACE_OCI_L2_AOP_PACE_OCI.20250210T234535.L2.OC_AOP.V3_0.nc_3.0,PACE_OCI_L2_AOP_PACE_OCI.20250212T002110.L2.OC_AOP.V3_0.nc_3.0",PACE_OCI_L2_AOP_PACE_OCI.20250212T002110.L2.OC_AOP.V3_0.nc_3.0,PACE_OCI.20250212T002110.L2.OC_AOP.V3_0.nc,0.2863243023995841,2025-02-12 00:23:39.500000+00:00,0.0006738739903084,0.0001076070257113,2.5410728994756937e-05,2.661993494257331e-05,1.946247816085816,0.002762624528259,-32767.0,0.0004611355417663,0.0013800114393234,1.997625112533569,2.199703931808472,0.0115958308076052,0.0087764400304376,22.355682373046875,-177.70310974121094
3902342,3902342QC.nc,109,22.35,-177.69,2025-02-11 23:59:00.000003584+00:00,53.95109629822414,PACE_OCI_L2_AOP_PACE_OCI.20250212T002110.L2.OC_AOP.V3_0.nc_3.0,PACE_OCI_L2_AOP_PACE_OCI.20250212T002110.L2.OC_AOP.V3_0.nc_3.0,PACE_OCI.20250212T002110.L2.OC_AOP.V3_0.nc,0.3510923721571773,2025-02-12 00:23:39.500000+00:00,0.0006647520931437,9.190568380290642e-05,2.4624518118798733e-05,2.552976366132497e-05,1.9518686532974243,0.0027859816327691,-32767.0,0.0004556520247278,0.0013699978590011,1.9978811740875244,2.1997439861297607,0.0114580118419791,0.0086641388777958,22.347726821899414,-177.68763732910156
3902342,3902342QC.nc,110,22.35,-177.668,2025-02-12 11:54:00.000001536+00:00,-80.79965533596224,"PACE_OCI_L2_AOP_PACE_OCI.20250212T002110.L2.OC_AOP.V3_0.nc_3.0,PACE_OCI_L2_AOP_PACE_OCI.20250213T005644.L2.OC_AOP.V3_0.nc_3.0",PACE_OCI_L2_AOP_PACE_OCI.20250212T002110.L2.OC_AOP.V3_0.nc_3.0,PACE_OCI.20250212T002110.L2.OC_AOP.V3_0.nc,0.6954655156289028,2025-02-12 00:23:39.500000+00:00,0.0008307243697345,7.417079905280843e-05,2.8899230528622866e-05,3.061909228563309e-05,1.8888952732086184,0.003236515680328,-32767.0,0.0005594088529182,0.001565009355545,1.99665367603302,2.199347257614136,0.0140662631199252,0.0088825183264794,22.350393295288086,-177.67474365234375
3902342,3902342QC.nc,111,22.347,-177.648,2025-02-13 03:45:00+00:00,25.37145392197972,"PACE_OCI_L2_AOP_PACE_OCI.20250213T005644.L2.OC_AOP.V3_0.nc_3.0,PACE_OCI_L2_AOP_PACE_OCI.20250213T235356.L2.OC_AOP.V3_0.nc_3.0",PACE_OCI_L2_AOP_PACE_OCI.20250213T005644.L2.OC_AOP.V3_0.nc_3.0,PACE_OCI.20250213T005644.L2.OC_AOP.V3_0.nc,6.328291726079262,2025-02-13 00:59:13.500000+00:00,0.0020313379354774,0.0003748559684026,8.016463834792376e-05,7.385318167507648e-05,0.3953545093536377,0.0040908879600465,-32767.0,0.0011914920542724,0.0025800019502639,1.985642910003662,2.192061185836792,0.0299262819012256,0.0101370307048849,22.393978118896484,-177.6827392578125
3902342,3902342QC.nc,112,22.346,-177.614,2025-02-13 14:57:00.000000512+00:00,-48.07422191396505,"PACE_OCI_L2_AOP_PACE_OCI.20250213T005644.L2.OC_AOP.V3_0.nc_3.0,PACE_OCI_L2_AOP_PACE_OCI.20250213T235356.L2.OC_AOP.V3_0.nc_3.0",PACE_OCI_L2_AOP_PACE_OCI.20250213T005644.L2.OC_AOP.V3_0.nc_3.0,PACE_OCI.20250213T005644.L2.OC_AOP.V3_0.nc,8.855635223617822,2025-02-13 00:59:13.500000+00:00,0.0020313379354774,0.0004391474067233,8.016463834792376e-05,7.385318167507648e-05,0.3953545093536377,0.0040908879600465,-32767.0,0.0011914920542724,0.0025800019502639,1.985642910003662,2.192061185836792,0.0299262819012256,0.0101370307048849,22.393978118896484,-177.6827392578125
3902342,3902342QC.nc,113,22.349,-177.62,2025-02-14 03:00:00+00:00,34.39781386868807,PACE_OCI_L2_AOP_PACE_OCI.20250213T235356.L2.OC_AOP.V3_0.nc_3.0,PACE_OCI_L2_AOP_PACE_OCI.20250213T235356.L2.OC_AOP.V3_0.nc_3.0,PACE_OCI.20250213T235356.L2.OC_AOP.V3_0.nc,19.58672649801253,2025-02-13 23:56:25.500000+00:00,0.0024097675923258,0.0003966945514548,5.880300886929035e-05,5.631474778056145e-05,0.0784919634461402,0.005775106139481,-32767.0,0.0013753513999037,0.0032349973917007,1.9695571660995483,2.1882874965667725,0.0345241230110254,0.0078758759805435,22.24721908569336,-177.775390625
3902342,3902342QC.nc,114,22.363,-177.615,2025-02-14 14:18:59.999995904+00:00,-56.64989986915063,PACE_OCI_L2_AOP_PACE_OCI.20250213T235356.L2.OC_AOP.V3_0.nc_3.0,PACE_OCI_L2_AOP_PACE_OCI.20250213T235356.L2.OC_AOP.V3_0.nc_3.0,PACE_OCI.20250213T235356.L2.OC_AOP.V3_0.nc,20.928060276755392,2025-02-13 23:56:25.500000+00:00,0.0024097675923258,0.0003966945514548,5.880300886929035e-05,5.631474778056145e-05,0.0784919634461402,0.005775106139481,-32767.0,0.0013753513999037,0.0032349973917007,1.9695571660995483,2.1882874965667725,0.0345241230110254,0.0078758759805435,22.24721908569336,-177.775390625
3902342,3902342QC.nc,120,22.412,-177.636,2025-02-17 09:03:59.999995904+00:00,-45.78840198377808,PACE_OCI_L2_AOP_PACE_OCI.20250218T003752.L2.OC_AOP.V3_0.nc_3.0,PACE_OCI_L2_AOP_PACE_OCI.20250218T003752.L2.OC_AOP.V3_0.nc_3.0,PACE_OCI.20250218T003752.L2.OC_AOP.V3_0.nc,10.570511653521296,2025-02-18 00:40:21.500000+00:00,0.0030050578061491,0.0004873462894465,8.803489618003368e-05,8.761021308600903e-05,0.6451777219772339,0.0063969478942453,-32767.0,0.0018378086351566,0.002915009856224,1.9856877326965328,2.1839075088500977,0.0461016046684376,0.0081584053087606,22.350961685180664,-177.71481323242188
3902342,3902342QC.nc,121,22.433,-177.642,2025-02-17 20:37:59.999998464+00:00,29.03779152831863,PACE_OCI_L2_AOP_PACE_OCI.20250218T003752.L2.OC_AOP.V3_0.nc_3.0,PACE_OCI_L2_AOP_PACE_OCI.20250218T003752.L2.OC_AOP.V3_0.nc_3.0,PACE_OCI.20250218T003752.L2.OC_AOP.V3_0.nc,11.507837718274113,2025-02-18 00:40:21.500000+00:00,0.0029692512471228,0.0004632583586499,7.898104377090931e-05,7.56983645260334e-05,0.3643074631690979,0.0061454302631318,-32767.0,0.0017697493630769,0.0032050013542175,1.979597449302673,2.1842758655548096,0.0443968510335341,0.0078589763018712,22.410314559936523,-177.75123596191406
3902342,3902342QC.nc,122,22.444,-177.643,2025-02-18 08:04:59.999995392+00:00,-32.07615477339935,"PACE_OCI_L2_AOP_PACE_OCI.20250218T003752.L2.OC_AOP.V3_0.nc_3.0,PACE_OCI_L2_AOP_PACE_OCI.20250219T011326.L2.OC_AOP.V3_0.nc_3.0",PACE_OCI_L2_AOP_PACE_OCI.20250219T011326.L2.OC_AOP.V3_0.nc_3.0,PACE_OCI.20250219T011326.L2.OC_AOP.V3_0.nc,0.8200029788080591,2025-02-19 01:15:55.500000+00:00,0.0014240519376471,0.0003749830357264,8.017930667847395e-05,7.49056925997138e-05,0.7861011028289795,0.0047837770543992,-32767.0,0.0008597433252268,0.0026900023221969,1.971941590309143,2.1920950412750244,0.021593980821328,0.0106647098584779,22.438446044921875,-177.64825439453125
3902342,3902342QC.nc,123,22.451,-177.655,2025-02-18 18:56:00.000001024+00:00,7.42046295183183,"PACE_OCI_L2_AOP_PACE_OCI.20250218T003752.L2.OC_AOP.V3_0.nc_3.0,PACE_OCI_L2_AOP_PACE_OCI.20250219T011326.L2.OC_AOP.V3_0.nc_3.0",PACE_OCI_L2_AOP_PACE_OCI.20250219T011326.L2.OC_AOP.V3_0.nc_3.0,PACE_OCI.20250219T011326.L2.OC_AOP.V3_0.nc,0.5947769555069384,2025-02-19 01:15:55.500000+00:00,0.0001047095720423,0.0003835672105196,4.073156014783308e-05,4.088424611836672e-05,1.6362439393997192,3.4946111554745585e-05,-32767.0,7.97512000019403e-05,0.0006300061941146,1.9996951818466189,2.199995994567871,0.0020055340914472,0.0098426546079786,22.44907569885254,-177.64959716796875
3902342,3902342QC.nc,124,22.449,-177.663,2025-02-19 05:54:59.999997952+00:00,-2.114645809206416,"PACE_OCI_L2_AOP_PACE_OCI.20250219T011326.L2.OC_AOP.V3_0.nc_3.0,PACE_OCI_L2_AOP_PACE_OCI.20250220T001038.L2.OC_AOP.V3_0.nc_3.0",PACE_OCI_L2_AOP_PACE_OCI.20250220T001038.L2.OC_AOP.V3_0.nc_3.0,PACE_OCI.20250220T001038.L2.OC_AOP.V3_0.nc,0.9592732213400856,2025-02-20 00:13:07.500000+00:00,0.000579870713409,3.8891441363375634e-05,2.269959077239037e-05,2.3148139007389545e-05,1.9546910524368288,0.0033846171572804,-32767.0,0.0003964980521385,0.0011650025844573,1.9967195987701416,2.199408531188965,0.0099699863962488,0.0095998123374433,22.450162887573242,-177.67225646972656
3902342,3902342QC.nc,125,22.441,-177.674,2025-02-19 16:44:59.999996416+00:00,-22.397793886223425,"PACE_OCI_L2_AOP_PACE_OCI.20250219T011326.L2.OC_AOP.V3_0.nc_3.0,PACE_OCI_L2_AOP_PACE_OCI.20250220T001038.L2.OC_AOP.V3_0.nc_3.0",PACE_OCI_L2_AOP_PACE_OCI.20250220T001038.L2.OC_AOP.V3_0.nc_3.0,PACE_OCI.20250220T001038.L2.OC_AOP.V3_0.nc,0.4908679969560575,2025-02-20 00:13:07.500000+00:00,0.0005944783915765,3.788556932704523e-05,2.0707782823592424e-05,2.150319050997496e-05,1.9533441066741943,0.0035485543776303,0.0293750762939453,0.00040643683338,0.0012000054121017,1.996680498123169,2.1994082927703857,0.0102198972702879,0.0095002861817962,22.439584732055664,-177.6694793701172
3902342,3902342QC.nc,126,22.434,-177.676,2025-02-20 03:36:59.999998464+00:00,28.22030063384566,"PACE_OCI_L2_AOP_PACE_OCI.20250220T001038.L2.OC_AOP.V3_0.nc_3.0,PACE_OCI_L2_AOP_PACE_OCI.20250221T004612.L2.OC_AOP.V3_0.nc_3.0",PACE_OCI_L2_AOP_PACE_OCI.20250221T004612.L2.OC_AOP.V3_0.nc_3.0,PACE_OCI.20250221T004612.L2.OC_AOP.V3_0.nc,0.1563779493461658,2025-02-21 00:48:41.500000+00:00,0.0007468203548341,0.0002251996047561,3.214890602976084e-05,3.406952600926161e-05,1.9193930625915527,0.003105204552412,-32767.0,0.0005079416232848,0.0014500021934509,1.997981309890747,2.1996939182281494,0.0127728091203852,0.0083623709131298,22.433237075805664,-177.6747283935547
3902342,3902342QC.nc,127,22.433,-177.665,2025-02-20 14:26:59.999997440+00:00,-53.95538511166568,"PACE_OCI_L2_AOP_PACE_OCI.20250220T001038.L2.OC_AOP.V3_0.nc_3.0,PACE_OCI_L2_AOP_PACE_OCI.20250221T004612.L2.OC_AOP.V3_0.nc_3.0",PACE_OCI_L2_AOP_PACE_OCI.20250220T001038.L2.OC_AOP.V3_0.nc_3.0,PACE_OCI.20250220T001038.L2.OC_AOP.V3_0.nc,0.4575058636516271,2025-02-20 00:13:07.500000+00:00,0.0006018107524141,4.012995486846194e-05,2.301979111507535e-05,2.3462867829948664e-05,1.9527084827423096,0.0036768077407032,0.0152649879455566,0.0004121146081286,0.0012100040912628,1.9964836835861208,2.199063777923584,0.0103621159001543,0.009675188086525,22.4290828704834,-177.66636657714844
3902342,3902342QC.nc,128,22.43,-177.66,2025-02-21 01:16:59.999996416+00:00,52.53385555307373,"PACE_OCI_L2_AOP_PACE_OCI.20250221T004612.L2.OC_AOP.V3_0.nc_3.0,PACE_OCI_L2_AOP_PACE_OCI.20250221T234324.L2.OC_AOP.V3_0.nc_3.0",PACE_OCI_L2_AOP_PACE_OCI.20250221T004612.L2.OC_AOP.V3_0.nc_3.0,PACE_OCI.20250221T004612.L2.OC_AOP.V3_0.nc,0.5260210345181234,2025-02-21 00:48:41.500000+00:00,0.0011576237156987,0.0001779857993824,5.02903712913394e-05,5.43354544788599e-05,1.5274803638458252,0.0040011559613049,-32767.0,0.0007488192898376,0.0018600076436996,1.993968486785889,2.198050022125244,0.0188251983757633,0.0086543068603893,22.42531967163086,-177.6592559814453
3902342,3902342QC.nc,129,22.438,-177.65,2025-02-21 12:05:59.999998464+00:00,-77.919190273488,"PACE_OCI_L2_AOP_PACE_OCI.20250221T004612.L2.OC_AOP.V3_0.nc_3.0,PACE_OCI_L2_AOP_PACE_OCI.20250221T234324.L2.OC_AOP.V3_0.nc_3.0",PACE_OCI_L2_AOP_PACE_OCI.20250221T004612.L2.OC_AOP.V3_0.nc_3.0,PACE_OCI.20250221T004612.L2.OC_AOP.V3_0.nc,0.1683908628643335,2025-02-21 00:48:41.500000+00:00,0.0009704310796223,0.0002619466686155,4.394410643726587e-05,4.809239180758596e-05,1.6257483959197998,0.0037350372876971,-32767.0,0.0006314470599494,0.0016200095415115,1.9947285652160645,2.198916435241699,0.0158765998779574,0.0089276018687005,22.43865203857422,-177.64852905273438
3902342,3902342QC.nc,130,22.439,-177.639,2025-02-21 22:54:00.000004608+00:00,53.13869452053903,"PACE_OCI_L2_AOP_PACE_OCI.20250221T004612.L2.OC_AOP.V3_0.nc_3.0,PACE_OCI_L2_AOP_PACE_OCI.20250221T234324.L2.OC_AOP.V3_0.nc_3.0",PACE_OCI_L2_AOP_PACE_OCI.20250221T004612.L2.OC_AOP.V3_0.nc_3.0,PACE_OCI.20250221T004612.L2.OC_AOP.V3_0.nc,0.4531153789197007,2025-02-21 00:48:41.500000+00:00,0.0012283039977774,0.0002677977317944,6.051675882190466e-05,5.999754648655653e-05,0.9243488311767578,0.003929613623768,-32767.0,0.0007492996511375,0.0018749982118606,1.9922934770584104,2.197835683822632,0.0188366522347948,0.0091597669100817,22.441362380981445,-177.63540649414062
3902342,3902342QC.nc,131,22.446,-177.641,2025-02-22 10:04:00.000002560+00:00,-58.73791733272357,"PACE_OCI_L2_AOP_PACE_OCI.20250221T234324.L2.OC_AOP.V3_0.nc_3.0,PACE_OCI_L2_AOP_PACE_OCI.20250223T001858.L2.OC_AOP.V3_0.nc_3.0",PACE_OCI_L2_AOP_PACE_OCI.20250223T001858.L2.OC_AOP.V3_0.nc_3.0,PACE_OCI.20250223T001858.L2.OC_AOP.V3_0.nc,4.755507523084278,2025-02-23 00:21:27.500000+00:00,0.0010559746297076,0.0002174644032493,4.254339728504419e-05,4.80117741972208e-05,1.7281160354614258,0.0042838361114263,-32767.0,0.0006956809570019,0.0018800050020217,1.994292140007019,2.198616743087769,0.0174908379330383,0.0079067917460851,22.464984893798828,-177.68246459960938
3902342,3902342QC.nc,132,22.457,-177.644,2025-02-22 20:54:00.000001536+00:00,33.38802914019134,"PACE_OCI_L2_AOP_PACE_OCI.20250221T234324.L2.OC_AOP.V3_0.nc_3.0,PACE_OCI_L2_AOP_PACE_OCI.20250223T001858.L2.OC_AOP.V3_0.nc_3.0",PACE_OCI_L2_AOP_PACE_OCI.20250223T001858.L2.OC_AOP.V3_0.nc_3.0,PACE_OCI.20250223T001858.L2.OC_AOP.V3_0.nc,4.051340874520561,2025-02-23 00:21:27.500000+00:00,0.0010559746297076,0.0001593021152075,4.254339728504419e-05,4.80117741972208e-05,1.7281160354614258,0.0042838361114263,-32767.0,0.0006956809570019,0.0018800050020217,1.994292140007019,2.198616743087769,0.0174908379330383,0.0079067917460851,22.464984893798828,-177.68246459960938
3902342,3902342QC.nc,133,22.461,-177.654,2025-02-23 07:41:59.999997440+00:00,-26.27045666581441,"PACE_OCI_L2_AOP_PACE_OCI.20250223T001858.L2.OC_AOP.V3_0.nc_3.0,PACE_OCI_L2_AOP_PACE_OCI.20250224T005429.L2.OC_AOP.V3_0.nc_3.0",PACE_OCI_L2_AOP_PACE_OCI.20250224T005429.L2.OC_AOP.V3_0.nc_3.0,PACE_OCI.20250224T005429.L2.OC_AOP.V3_0.nc,0.4310532161643336,2025-02-24 00:56:58.500000+00:00,0.0015804310096427,0.0006895823753438,5.38466265425086e-05,5.302729550749064e-05,0.12985859811306,0.0034686247818171,-32767.0,0.0008892899643153,0.0018350034952163,1.9943214654922483,2.197925567626953,0.0223561806708602,0.0086324911963942,22.457176208496094,-177.6533203125
3902342,3902342QC.nc,134,22.466,-177.662,2025-02-23 18:16:00.000003072+00:00,-0.8630172252371306,"PACE_OCI_L2_AOP_PACE_OCI.20250223T001858.L2.OC_AOP.V3_0.nc_3.0,PACE_OCI_L2_AOP_PACE_OCI.20250224T005429.L2.OC_AOP.V3_0.nc_3.0",PACE_OCI_L2_AOP_PACE_OCI.20250224T005429.L2.OC_AOP.V3_0.nc_3.0,PACE_OCI.20250224T005429.L2.OC_AOP.V3_0.nc,1.3263432437704925,2025-02-24 00:56:58.500000+00:00,0.0015804310096427,0.0006932145333848,5.38466265425086e-05,5.302729550749064e-05,0.12985859811306,0.0034686247818171,-32767.0,0.0008892899643153,0.0018350034952163,1.9943214654922483,2.197925567626953,0.0223561806708602,0.0086324911963942,22.457176208496094,-177.6533203125
3902342,3902342QC.nc,135,22.462,-177.658,2025-02-24 04:55:59.999997440+00:00,11.813567216380363,"PACE_OCI_L2_AOP_PACE_OCI.20250224T005429.L2.OC_AOP.V3_0.nc_3.0,PACE_OCI_L2_AOP_PACE_OCI.20250224T235140.L2.OC_AOP.V3_0.nc_3.0",PACE_OCI_L2_AOP_PACE_OCI.20250224T005429.L2.OC_AOP.V3_0.nc_3.0,PACE_OCI.20250224T005429.L2.OC_AOP.V3_0.nc,0.7207596440288844,2025-02-24 00:56:58.500000+00:00,0.0015804310096427,0.000638753932435,5.38466265425086e-05,5.302729550749064e-05,0.12985859811306,0.0034686247818171,-32767.0,0.0008892899643153,0.0018350034952163,1.9943214654922483,2.197925567626953,0.0223561806708602,0.0086324911963942,22.457176208496094,-177.6533203125
3902342,3902342QC.nc,136,22.46,-177.655,2025-02-24 15:51:59.999994880+00:00,-33.84433627466644,"PACE_OCI_L2_AOP_PACE_OCI.20250224T005429.L2.OC_AOP.V3_0.nc_3.0,PACE_OCI_L2_AOP_PACE_OCI.20250224T235140.L2.OC_AOP.V3_0.nc_3.0",PACE_OCI_L2_AOP_PACE_OCI.20250224T005429.L2.OC_AOP.V3_0.nc_3.0,PACE_OCI.20250224T005429.L2.OC_AOP.V3_0.nc,0.3586082877810053,2025-02-24 00:56:58.500000+00:00,0.0015804310096427,0.0006895823753438,5.38466265425086e-05,5.302729550749064e-05,0.12985859811306,0.0034686247818171,-32767.0,0.0008892899643153,0.0018350034952163,1.9943214654922483,2.197925567626953,0.0223561806708602,0.0086324911963942,22.457176208496094,-177.6533203125
3902342,3902342QC.nc,137,22.463,-177.65,2025-02-25 02:29:00+00:00,42.47132235321404,PACE_OCI_L2_AOP_PACE_OCI.20250224T235140.L2.OC_AOP.V3_0.nc_3.0,PACE_OCI_L2_AOP_PACE_OCI.20250224T235140.L2.OC_AOP.V3_0.nc_3.0,PACE_OCI.20250224T235140.L2.OC_AOP.V3_0.nc,7.851493504882222,2025-02-24 23:54:09.500000+00:00,0.0016320555005222,0.0002264872746309,4.759966395795345e-05,4.925043322145939e-05,1.9014370441436768,0.0056609199382364,-32767.0,0.0011072999722506,0.0029350072145462,1.9867593050003047,2.1958019733428955,0.0278277026888273,0.0069173124665994,22.397367477416992,-177.621826171875
3902342,3902342QC.nc,138,22.462,-177.64,2025-02-25 13:13:00.000000512+00:00,-68.48744607341315,PACE_OCI_L2_AOP_PACE_OCI.20250224T235140.L2.OC_AOP.V3_0.nc_3.0,PACE_OCI_L2_AOP_PACE_OCI.20250224T235140.L2.OC_AOP.V3_0.nc_3.0,PACE_OCI.20250224T235140.L2.OC_AOP.V3_0.nc,7.425603747309353,2025-02-24 23:54:09.500000+00:00,0.0016320555005222,0.0002264873037347,4.759966395795345e-05,4.925043322145939e-05,1.9014370441436768,0.0056609199382364,-32767.0,0.0011072999722506,0.0029350072145462,1.9867593050003047,2.1958019733428955,0.0278277026888273,0.0069173124665994,22.397367477416992,-177.621826171875
3902342,3902342QC.nc,139,22.469,-177.64,2025-02-25 23:48:00.000002560+00:00,58.60310578315907,PACE_OCI_L2_AOP_PACE_OCI.20250224T235140.L2.OC_AOP.V3_0.nc_3.0,PACE_OCI_L2_AOP_PACE_OCI.20250224T235140.L2.OC_AOP.V3_0.nc_3.0,PACE_OCI.20250224T235140.L2.OC_AOP.V3_0.nc,8.181277324363592,2025-02-24 23:54:09.500000+00:00,0.0016320555005222,0.0002567731717135,4.759966395795345e-05,4.925043322145939e-05,1.9014370441436768,0.0056609199382364,-32767.0,0.0011072999722506,0.0029350072145462,1.9867593050003047,2.1958019733428955,0.0278277026888273,0.0069173124665994,22.397367477416992,-177.621826171875
3902343,3902343QC.nc,0,19.535,172.06,2024-10-07 06:51:59.999994880+00:00,-9.55733122802518,PACE_OCI_L2_AOP_PACE_OCI.20241007T020235.L2.OC_AOP.V3_0.nc_3.0,PACE_OCI_L2_AOP_PACE_OCI.20241007T020235.L2.OC_AOP.V3_0.nc_3.0,PACE_OCI.20241007T020235.L2.OC_AOP.V3_0.nc,65.5377660818523,2024-10-07 02:05:04.500000+00:00,0.0016800510929897,0.000268031086307,9.392958600074051e-05,0.000106289749965,1.5125113725662231,0.0069967107847332,-32767.0,0.0010957264586645,0.0034449994564056,1.963684558868408,2.190495491027832,0.0275143312172582,0.0080236585547319,20.018310546875,171.70152282714844
3902343,3902343QC.nc,2,19.924,172.149,2024-10-27 01:55:00.000001024+00:00,49.02563169689714,PACE_OCI_L2_AOP_PACE_OCI.20241027T020250.L2.OC_AOP.V3_0.nc_3.0,PACE_OCI_L2_AOP_PACE_OCI.20241027T020250.L2.OC_AOP.V3_0.nc_3.0,PACE_OCI.20241027T020250.L2.OC_AOP.V3_0.nc,12.513048977865298,2024-10-27 02:05:19.500000+00:00,0.0010444043437018,0.000573807337787,6.807496538385749e-05,7.063348311930895e-05,1.7984579801559448,0.0060398196801543,-32767.0,0.0006995224329151,0.002575010061264,1.974234700202942,2.1939945220947266,0.0175748932802855,0.0088209412929878,19.916522979736328,172.02957153320312
3902343,3902343QC.nc,4,21.007,171.171,2024-11-16 00:19:00.000002560+00:00,50.20087419350048,PACE_OCI_L2_AOP_PACE_OCI.20241116T015918.L2.OC_AOP.V3_0.nc_3.0,PACE_OCI_L2_AOP_PACE_OCI.20241116T015918.L2.OC_AOP.V3_0.nc_3.0,PACE_OCI.20241116T015918.L2.OC_AOP.V3_0.nc,5.647787655977266,2024-11-16 02:01:47.500000+00:00,0.002881015650928,0.0009858959820121,0.0001308629289269,0.000128514599055,0.8321658372879028,0.0068712751381099,-32767.0,0.0018007036063776,0.0043950080871582,1.948629379272461,2.175786256790161,0.0451143080465133,0.0088961941633179,21.04857063293457,171.13973999023438
3902343,3902343QC.nc,10,20.375,171.879,2025-01-15 10:21:00.000002048+00:00,-57.10932334193478,PACE_OCI_L2_AOP_PACE_OCI.20250115T020529.L2.OC_AOP.V3_0.nc_3.0,PACE_OCI_L2_AOP_PACE_OCI.20250115T020529.L2.OC_AOP.V3_0.nc_3.0,PACE_OCI.20250115T020529.L2.OC_AOP.V3_0.nc,6.451778834626227,2025-01-15 02:07:58.500000+00:00,0.0013573605101555,0.0004122789250686,9.71105182543397e-05,0.0001081402879208,1.4902634620666504,0.0049639944918453,-32767.0,0.0008802607763948,0.0028399974107742,1.97666597366333,2.1960482597351074,0.0221227903030835,0.008358484066319,20.43199348449707,171.86740112304688
3902343,3902343QC.nc,18,20.82,173.019,2025-04-05 21:14:59.999996416+00:00,40.633692502914215,PACE_OCI_L2_AOP_PACE_OCI.20250405T013205.L2.OC_AOP.V3_0.nc_3.0,PACE_OCI_L2_AOP_PACE_OCI.20250405T013205.L2.OC_AOP.V3_0.nc_3.0,PACE_OCI.20250405T013205.L2.OC_AOP.V3_0.nc,19.10621937851098,2025-04-05 01:34:34.500000+00:00,0.0023827266413718,0.0005044736317358,6.175949238240719e-05,6.040092557668686e-05,0.0539832636713981,0.0050528957508504,-32767.0,0.0013440544088598,0.0026050060987472,1.985015034675598,2.1910367012023926,0.0337528053347605,0.0087542991923504,20.94720458984375,172.89537048339844
3902344,3902344QC.nc,12,20.956,178.02,2025-02-03 18:11:59.999997440+00:00,-7.954032805824455,PACE_OCI_L2_AOP_PACE_OCI.20250203T013643.L2.OC_AOP.V3_0.nc_3.0,PACE_OCI_L2_AOP_PACE_OCI.20250203T013643.L2.OC_AOP.V3_0.nc_3.0,PACE_OCI.20250203T013643.L2.OC_AOP.V3_0.nc,2.046861031585647,2025-02-03 01:39:12.500000+00:00,0.0003899315779563,0.0001232099166372,4.57446149084717e-05,4.800315946340561e-05,1.8024203777313232,0.0005129076307639,-32767.0,0.000264653612604,0.0010749995708465,1.9980448484420776,2.1999261379241943,0.0066552743255862,0.0090080300761155,20.948225021362305,178.00213623046875
3902344,3902344QC.nc,18,20.356,178.929,2025-04-05 03:19:00.000002560+00:00,41.38055825822961,PACE_OCI_L2_AOP_PACE_OCI.20250405T013205.L2.OC_AOP.V3_0.nc_3.0,PACE_OCI_L2_AOP_PACE_OCI.20250405T013205.L2.OC_AOP.V3_0.nc_3.0,PACE_OCI.20250405T013205.L2.OC_AOP.V3_0.nc,4.27643283972819,2025-04-05 01:34:34.500000+00:00,0.0013399866875261,0.0002096895914291,7.38018425181508e-05,8.36454564705491e-05,1.4899656772613523,0.0047479048371315,-32767.0,0.0008610806850785,0.0021599978208541,1.9862685203552248,2.195106744766236,0.0216376136568569,0.0094749087961492,20.32832145690918,178.90052795410156
3902345,3902345QC.nc,2,14.24,149.053,2024-11-01 08:12:59.999996928+00:00,-9.615641711437998,PACE_OCI_L2_AOP_PACE_OCI.20241101T031524.L2.OC_AOP.V3_0.nc_3.0,PACE_OCI_L2_AOP_PACE_OCI.20241101T031524.L2.OC_AOP.V3_0.nc_3.0,PACE_OCI.20241101T031524.L2.OC_AOP.V3_0.nc,0.8067496488662464,2024-11-01 03:17:53.500000+00:00,0.0009085503406822,7.475134771084413e-05,3.8450234569609165e-05,4.001392517238856e-05,1.889477014541626,0.0030634400900453,-32767.0,0.0006146400442496,0.0014750063419342,1.998747706413269,2.199676752090454,0.0154558291439557,0.0064601451564109,14.242527961730957,149.04598999023438
3902345,3902345QC.nc,4,14.185,150.741,2024-11-21 05:01:00+00:00,30.5181540170536,"PACE_OCI_L2_AOP_PACE_OCI.20241121T031203.L2.OC_AOP.V3_0.nc_3.0,PACE_OCI_L2_AOP_PACE_OCI.20241122T020759.L2.OC_AOP.V3_0.nc_3.0",PACE_OCI_L2_AOP_PACE_OCI.20241121T031203.L2.OC_AOP.V3_0.nc_3.0,PACE_OCI.20241121T031203.L2.OC_AOP.V3_0.nc,0.9885051790831574,2024-11-21 03:14:33+00:00,0.0011690951650962,0.0002799782669171,4.51280502602458e-05,4.983879625797272e-05,1.8069663047790527,0.0035359084140509,0.0185799598693847,0.0007839482973509,0.0018500089645385,1.997586965560913,2.199071168899536,0.0197114389810823,0.006569573811308,14.183265686035156,150.75
3902345,3902345QC.nc,6,13.262,151.408,2024-12-11 05:11:00.000004096+00:00,28.44852565846853,PACE_OCI_L2_AOP_PACE_OCI.20241211T030759.L2.OC_AOP.V3_0.nc_3.0,PACE_OCI_L2_AOP_PACE_OCI.20241211T030759.L2.OC_AOP.V3_0.nc_3.0,PACE_OCI.20241211T030759.L2.OC_AOP.V3_0.nc,0.9432816648710912,2024-12-11 03:10:29+00:00,0.0009152932325378,0.0002049161412287,4.283693851903081e-05,4.573015030473471e-05,1.8426703214645384,0.0034735335502773,-32767.0,0.0006150832929517,0.001579999923706,1.997641921043396,2.199539422988892,0.0154666477566526,0.0066990954031104,13.262823104858398,151.39932250976562
3902345,3902345QC.nc,9,14.12,151.849,2025-01-10 06:02:00.000003072+00:00,20.670618983611263,PACE_OCI_L2_AOP_PACE_OCI.20250110T022835.L2.OC_AOP.V3_0.nc_3.0,PACE_OCI_L2_AOP_PACE_OCI.20250110T022835.L2.OC_AOP.V3_0.nc_3.0,PACE_OCI.20250110T022835.L2.OC_AOP.V3_0.nc,0.5325677771013183,2025-01-10 02:31:04.500000+00:00,0.0006324731511995,0.0001447012618882,3.5752716939896345e-05,3.772409399971366e-05,1.8718045949935915,0.0032425730023533,-32767.0,0.0004254961646416,0.0013800114393234,1.997146248817444,2.1997344493865967,0.0106996841590965,0.0075124820720886,14.116683959960938,151.85256958007812
3902345,3902345QC.nc,10,14.218,152.459,2025-01-20 06:36:59.999998464+00:00,14.102861394209308,"PACE_OCI_L2_AOP_PACE_OCI.20250120T032045.L2.OC_AOP.V3_0.nc_3.0,PACE_OCI_L2_AOP_PACE_OCI.20250121T021709.L2.OC_AOP.V3_0.nc_3.0",PACE_OCI_L2_AOP_PACE_OCI.20250121T021709.L2.OC_AOP.V3_0.nc_3.0,PACE_OCI.20250121T021709.L2.OC_AOP.V3_0.nc,0.610842384289002,2025-01-21 02:19:38.500000+00:00,0.0004799462913069,0.0001343157346127,2.481607953086496e-05,2.553136437200009e-05,1.9320391416549685,0.0026583799626678,-32767.0,0.0003264891519631,0.001005008816719,1.9988638162612915,2.1999428272247314,0.0082102809217808,0.0075696929289415,14.217175483703613,152.464599609375
3902345,3902345QC.nc,12,14.021,153.529,2025-02-09 07:44:59.999996416+00:00,0.5045356072652689,PACE_OCI_L2_AOP_PACE_OCI.20250209T015117.L2.OC_AOP.V3_0.nc_3.0,PACE_OCI_L2_AOP_PACE_OCI.20250209T015117.L2.OC_AOP.V3_0.nc_3.0,PACE_OCI.20250209T015117.L2.OC_AOP.V3_0.nc,0.8867952962894784,2025-02-09 01:53:46.500000+00:00,0.0006713258917443,0.0001354765408905,3.602151991799474e-05,3.808725159615278e-05,1.8452801704406736,0.0033353406470268,-32767.0,0.0004483471428089,0.0012499988079071,1.9970691204071045,2.199549436569214,0.0112739816749447,0.0078470062585286,14.022605895996094,153.53704833984375
3902348,3902348QC.nc,3,25.025,-67.60899999999998,2025-01-15 16:04:00.000002560+00:00,43.17866291760419,PACE_OCI_L2_AOP_PACE_OCI.20250114T175854.L2.OC_AOP.V3_0.nc_3.0,PACE_OCI_L2_AOP_PACE_OCI.20250114T175854.L2.OC_AOP.V3_0.nc_3.0,PACE_OCI.20250114T175854.L2.OC_AOP.V3_0.nc,13.32620525720124,2025-01-14 18:01:23.500000+00:00,0.0005939244874753,0.0003313057823106,7.943337550386786e-05,8.422735845670104e-05,1.6841471195220947,8.7054017058108e-05,-32767.0,0.0003994172753251,0.0018900036811828,1.970765233039856,2.1969518661499023,0.0100395874090454,0.0187733393748695,25.014392852783203,-67.74073791503906
3902348,3902348QC.nc,6,26.318,-68.77300000000002,2025-02-14 21:42:59.999996928+00:00,8.810011748146776,"PACE_OCI_L2_AOP_PACE_OCI.20250214T175601.L2.OC_AOP.V3_0.nc_3.0,PACE_OCI_L2_AOP_PACE_OCI.20250215T165313.L2.OC_AOP.V3_0.nc_3.0",PACE_OCI_L2_AOP_PACE_OCI.20250214T175601.L2.OC_AOP.V3_0.nc_3.0,PACE_OCI.20250214T175601.L2.OC_AOP.V3_0.nc,0.1546559327806136,2025-02-14 17:58:30.500000+00:00,0.0008337416220456,0.0002452951157465,6.035907426849008e-05,6.103282794356346e-05,1.6328519582748413,0.0003094932180829,-32767.0,0.0005330927014202,0.0016700029373168,1.989846467971801,2.198021173477173,0.0134018066902176,0.0148857594590419,26.31899070739746,-68.77409362792969
3902348,3902348QC.nc,11,26.539,-66.29399999999998,2025-04-06 09:53:00.000001536+00:00,-4.690367209056205,PACE_OCI_L2_AOP_PACE_OCI.20250405T175542.L2.OC_AOP.V3_0.nc_3.0,PACE_OCI_L2_AOP_PACE_OCI.20250405T175542.L2.OC_AOP.V3_0.nc_3.0,PACE_OCI.20250405T175542.L2.OC_AOP.V3_0.nc,11.15869791241019,2025-04-05 17:58:11.500000+00:00,0.0005806460394524,0.0006020203582011,6.281182868406177e-05,6.76345662213862e-05,1.7236995697021484,4.3626940168906e-05,-32767.0,0.0003803316994077,0.0011700093746185,1.9977887868881223,2.199859857559204,0.0095641466306758,0.0120180141508161,26.43868064880371,-66.296875
3902348,3902348QC.nc,12,26.36,-66.23700000000002,2025-04-16 12:00:00+00:00,25.869368298900067,"PACE_OCI_L2_AOP_PACE_OCI.20250415T171614.L2.OC_AOP.V3_0.nc_3.0,PACE_OCI_L2_AOP_PACE_OCI.20250416T161315.L2.OC_AOP.V3_0.nc_3.0,PACE_OCI_L2_AOP_PACE_OCI.20250416T175137.L2.OC_AOP.V3_0.nc_3.0",PACE_OCI_L2_AOP_PACE_OCI.20250415T171614.L2.OC_AOP.V3_0.nc_3.0,PACE_OCI.20250415T171614.L2.OC_AOP.V3_0.nc,0.3498548093253222,2025-04-15 17:18:43.500000+00:00,0.0016812689136713,0.0002282419445691,4.8739369958639145e-05,4.68395883217454e-05,0.1221682503819465,0.0005603844183497,-32767.0,0.0009331628008807,0.0017549991607666,1.993242263793945,2.195913076400757,0.023451838330708,0.0135638448246909,26.357820510864258,-66.23446655273438
3902533,3902533QC.nc,22,-4.052,166.947,2024-11-02 22:04:00.000002560+00:00,51.087327119410496,PACE_OCI_L2_AOP_PACE_OCI.20241102T020626.L2.OC_AOP.V3_0.nc_3.0,PACE_OCI_L2_AOP_PACE_OCI.20241102T020626.L2.OC_AOP.V3_0.nc_3.0,PACE_OCI.20241102T020626.L2.OC_AOP.V3_0.nc,0.5067274851243295,2024-11-02 02:08:55.500000+00:00,0.0012293105246499,0.0005923671997152,3.573752474039793e-05,3.8589583709836006e-05,1.8527387380599976,0.0138283632695674,0.0592100620269775,0.0008180087257232,0.0020499974489212,1.9390994310379028,2.160805940628052,0.0204468830723389,0.0149453609604589,-4.051311016082764,166.95152282714844
3902533,3902533QC.nc,39,-4.596,-177.393,2025-04-24 04:58:00.000000512+00:00,11.085228895841489,PACE_OCI_L2_AOP_PACE_OCI.20250424T010557.L2.OC_AOP.V3_0.nc_3.0,PACE_OCI_L2_AOP_PACE_OCI.20250424T010557.L2.OC_AOP.V3_0.nc_3.0,PACE_OCI.20250424T010557.L2.OC_AOP.V3_0.nc,0.700813485428625,2025-04-24 01:08:26.500000+00:00,0.0012985926587134,0.0003216044278815,5.848507862538099e-05,6.120745092630386e-05,1.3963558673858645,0.0113639356568455,-32767.0,0.0008278583190824,0.0018700063228607,1.948152661323548,2.1630117893218994,0.0207001203212464,0.014733792136468,-4.593591213226318,-177.3871612548828
3902556,3902556QC.nc,33,-14.718,-79.79199999999997,2024-11-13 07:30:00+00:00,-41.19631244079636,PACE_OCI_L2_AOP_PACE_OCI.20241112T173329.L2.OC_AOP.V3_0.nc_3.0,PACE_OCI_L2_AOP_PACE_OCI.20241112T173329.L2.OC_AOP.V3_0.nc_3.0,PACE_OCI.20241112T173329.L2.OC_AOP.V3_0.nc,23.338556483039763,2024-11-12 17:35:58.500000+00:00,0.0055515053682029,0.0003674620820675,0.0001023155637085,9.689806029200554e-05,0.2861273288726806,0.0218103248625993,-32767.0,0.0034501290027634,0.0078750103712081,1.7529703378677368,2.0098023414611816,0.0842549269287433,0.0126400107260289,-14.870948791503906,-79.94066619873047
3902556,3902556QC.nc,45,-13.864,-81.22199999999998,2025-03-16 11:00:00.000003584+00:00,-7.729641282207355,PACE_OCI_L2_AOP_PACE_OCI.20250316T190831.L2.OC_AOP.V3_0.nc_3.0,PACE_OCI_L2_AOP_PACE_OCI.20250316T190831.L2.OC_AOP.V3_0.nc_3.0,PACE_OCI.20250316T190831.L2.OC_AOP.V3_0.nc,7.4640161376250305,2025-03-16 19:11:00.500000+00:00,0.0028533712029457,2.524609088897705,9.309803135693072e-05,9.33182891458273e-05,0.22402223944664,0.0214089266955852,-32767.0,0.0017551117350288,0.0039800107479095,1.7748247385025024,1.9835538864135744,0.0426881646587308,0.0242073865344193,-13.797354698181152,-81.23025512695312
3902615,3902615QC.nc,4,26.241,-37.535000000000025,2025-02-19 15:38:00.000005120+00:00,50.48143345065402,"PACE_OCI_L2_AOP_PACE_OCI.20250219T142024.L2.OC_AOP.V3_0.nc_3.0,PACE_OCI_L2_AOP_PACE_OCI.20250219T155847.L2.OC_AOP.V3_0.nc_3.0",PACE_OCI_L2_AOP_PACE_OCI.20250219T142024.L2.OC_AOP.V3_0.nc_3.0,PACE_OCI.20250219T142024.L2.OC_AOP.V3_0.nc,0.6554261196510489,2025-02-19 14:22:53.500000+00:00,0.0007702935836277,0.000152203021571,4.0728074964135885e-05,4.334206460043788e-05,1.901212811470032,0.0051568015478551,0.0003049373626708,0.000525076217142,0.0016200095415115,1.961617946624756,2.181850910186768,0.0131674119320537,0.022003556421677,26.245361328125,-37.53057861328125
3902615,3902615QC.nc,5,26.044,-37.40899999999999,2025-03-01 16:52:59.999998464+00:00,43.90581736645165,"PACE_OCI_L2_AOP_PACE_OCI.20250301T152050.L2.OC_AOP.V3_0.nc_3.0,PACE_OCI_L2_AOP_PACE_OCI.20250302T155622.L2.OC_AOP.V3_0.nc_3.0",PACE_OCI_L2_AOP_PACE_OCI.20250301T152050.L2.OC_AOP.V3_0.nc_3.0,PACE_OCI.20250301T152050.L2.OC_AOP.V3_0.nc,3.2251792439771685,2025-03-01 15:23:19.500000+00:00,0.0021938120480626,0.0003620272036641,7.112044841051102e-05,7.084477692842484e-05,0.102588340640068,0.0047914334572851,-32767.0,0.001249766434414,0.002355009317398,1.975674152374268,2.182109832763672,0.0313418228704698,0.0146686980399004,26.048023223876953,-37.37702941894531
3902615,3902615QC.nc,6,25.762,-37.33600000000001,2025-03-11 18:59:00+00:00,20.821431513707857,PACE_OCI_L2_AOP_PACE_OCI.20250311T144235.L2.OC_AOP.V3_0.nc_3.0,PACE_OCI_L2_AOP_PACE_OCI.20250311T144235.L2.OC_AOP.V3_0.nc_3.0,PACE_OCI.20250311T144235.L2.OC_AOP.V3_0.nc,20.112409026374053,2025-03-11 14:45:04.500000+00:00,0.0013089759740978,0.0004391309921629,5.113962106406689e-05,5.327106919139624e-05,1.922324538230896,0.0049688420258462,-32767.0,0.0008882008454299,0.0024000108242034,1.978078961372376,2.1918015480041504,0.0223077316030297,0.0149875728114815,25.668378829956055,-37.16422653198242
4903026,4903026QC.nc,310,36.5,-126.986,2024-04-19 23:15:59.999996416+00:00,44.61114757254234,PACE_OCI_L2_AOP_PACE_OCI.20240420T202342.L2.OC_AOP.V3_0.nc_3.0,PACE_OCI_L2_AOP_PACE_OCI.20240420T202342.L2.OC_AOP.V3_0.nc_3.0,PACE_OCI.20240420T202342.L2.OC_AOP.V3_0.nc,3.1069639665492783,2024-04-20 20:26:11.500000+00:00,0.0040450072847306,0.000764254189562,8.597737178206444e-05,8.57640989124775e-05,0.8429477214813232,0.0173872653394937,-32767.0,0.0025264285189788,0.0058300048112869,1.7523193359375,2.00270676612854,0.0616299715558603,0.0246604917156017,36.51686096191406,-127.01371765136719
4903026,4903026QC.nc,319,37.038,-126.81,2024-05-18 14:09:59.999997952+00:00,9.223453340303548,PACE_OCI_L2_AOP_PACE_OCI.20240518T201318.L2.OC_AOP.V3_0.nc_3.0,PACE_OCI_L2_AOP_PACE_OCI.20240518T201318.L2.OC_AOP.V3_0.nc_3.0,PACE_OCI.20240518T201318.L2.OC_AOP.V3_0.nc,12.524520572115854,2024-05-18 20:15:48+00:00,0.0018199675250798,0.0003514229611027,0.0001072828890755,0.0001179291866719,1.72160804271698,0.0077592222951352,-32767.0,0.001164544403144,0.0032100081443786,1.801868557929993,2.06142520904541,0.028666324804875,0.0386029166332017,37.12788391113281,-126.72491455078125
4903026,4903026QC.nc,325,37.248,-126.282,2024-06-06 16:47:59.999995904+00:00,41.75739817555007,PACE_OCI_L2_AOP_PACE_OCI.20240605T204951.L2.OC_AOP.V3_0.nc_3.0,PACE_OCI_L2_AOP_PACE_OCI.20240605T204951.L2.OC_AOP.V3_0.nc_3.0,PACE_OCI.20240605T204951.L2.OC_AOP.V3_0.nc,2.514325057640722,2024-06-05 20:52:20.500000+00:00,0.002342639490962,0.0003064873453695,0.0001076653134077,0.0001072934828698,0.1357953548431396,0.0077038197778165,-32767.0,0.0013349654270721,0.0037299990653991,1.8356326818466189,2.118086338043213,0.0331496723633315,0.0272054381970978,37.25804901123047,-126.25655364990234
4903026,4903026QC.nc,326,37.234,-126.156,2024-06-09 21:30:00.000003584+00:00,69.9342093365801,PACE_OCI_L2_AOP_PACE_OCI.20240610T202702.L2.OC_AOP.V3_0.nc_3.0,PACE_OCI_L2_AOP_PACE_OCI.20240610T202702.L2.OC_AOP.V3_0.nc_3.0,PACE_OCI.20240610T202702.L2.OC_AOP.V3_0.nc,21.42958091275686,2024-06-10 20:29:32+00:00,0.0014854631153866,0.0003554735158104,8.276617154479027e-05,8.066429290920496e-05,1.4608402252197266,0.0053392462432384,-32767.0,0.0009199270890335,0.0024850070476531,1.92718768119812,2.163623809814453,0.0230044171275842,0.0236955088203615,37.044090270996094,-126.11485290527344
4903026,4903026QC.nc,327,37.198,-126.014,2024-06-13 01:55:00.000001024+00:00,19.38848688316122,PACE_OCI_L2_AOP_PACE_OCI.20240612T195813.L2.OC_AOP.V3_0.nc_3.0,PACE_OCI_L2_AOP_PACE_OCI.20240612T195813.L2.OC_AOP.V3_0.nc_3.0,PACE_OCI.20240612T195813.L2.OC_AOP.V3_0.nc,2.073098624436695,2024-06-12 20:00:42.500000+00:00,0.0016790616791695,0.0002391313028056,8.225510828197002e-05,7.563340477645397e-05,0.4456993639469147,0.0002277037274325,-32767.0,0.0009226144693013,0.0026450008153915,1.88960349559784,2.1354148387908936,0.0229715124440331,0.0360520652156674,37.209354400634766,-125.99543762207031
4903026,4903026QC.nc,328,37.132,-125.874,2024-06-16 06:22:59.999998464+00:00,-23.106341809315506,"PACE_OCI_L2_AOP_PACE_OCI.20240615T200408.L2.OC_AOP.V3_0.nc_3.0,PACE_OCI_L2_AOP_PACE_OCI.20240616T203852.L2.OC_AOP.V3_0.nc_3.0",PACE_OCI_L2_AOP_PACE_OCI.20240616T203852.L2.OC_AOP.V3_0.nc_3.0,PACE_OCI.20240616T203852.L2.OC_AOP.V3_0.nc,0.5524051497027296,2024-06-16 20:41:21.500000+00:00,0.0011000540107488,0.0001703010784694,7.677392568439245e-05,7.208541501313448e-05,1.7352534532546997,0.0020802656654268,-32767.0,0.0006864370529338,0.0016100108623504,1.9356526136398315,2.162180185317993,0.0171617628920005,0.0304568914573944,37.13423156738281,-125.87957000732422
4903026,4903026QC.nc,331,37.004,-125.468,2024-06-25 19:41:00.000001024+00:00,73.43553068580026,PACE_OCI_L2_AOP_PACE_OCI.20240624T202137.L2.OC_AOP.V3_0.nc_3.0,PACE_OCI_L2_AOP_PACE_OCI.20240624T202137.L2.OC_AOP.V3_0.nc_3.0,PACE_OCI.20240624T202137.L2.OC_AOP.V3_0.nc,1.1966463855263536,2024-06-24 20:24:06.500000+00:00,0.0010410688119009,0.0002153170644305,3.8074562326073647e-05,4.029425326734781e-05,1.9109712839126587,0.0097975069656968,-32767.0,0.0007129024637495,0.0020600110292434,1.905760407447815,2.141929626464844,0.0177678792959917,0.0315098186804515,37.00663375854492,-125.4549331665039
4903026,4903026QC.nc,332,37.0,-125.37,2024-06-29 00:05:00.000002048+00:00,41.16743851449407,PACE_OCI_L2_AOP_PACE_OCI.20240629T195827.L2.OC_AOP.V3_0.nc_3.0,PACE_OCI_L2_AOP_PACE_OCI.20240629T195827.L2.OC_AOP.V3_0.nc_3.0,PACE_OCI.20240629T195827.L2.OC_AOP.V3_0.nc,12.0980984856896,2024-06-29 20:00:56.500000+00:00,0.0018152149859815,0.0005491152405738,8.936866652220488e-05,9.825325105339287e-05,1.830596685409546,0.0128768784925341,-32767.0,0.0012041798382325,0.0039049983024597,1.806031823158264,2.065258026123047,0.0296595061114898,0.0316216593487571,37.099857330322266,-125.42413330078125
4903026,4903026QC.nc,333,37.039,-125.293,2024-07-02 04:32:00.000003072+00:00,-8.66399540082441,PACE_OCI_L2_AOP_PACE_OCI.20240702T200411.L2.OC_AOP.V3_0.nc_3.0,PACE_OCI_L2_AOP_PACE_OCI.20240702T200411.L2.OC_AOP.V3_0.nc_3.0,PACE_OCI.20240702T200411.L2.OC_AOP.V3_0.nc,1.0232282914493238,2024-07-02 20:06:40.500000+00:00,0.0010630299802869,8.665699715493247e-05,6.013491656631231e-05,6.950751412659883e-05,1.7098727226257324,0.0107624791562557,-32767.0,0.0007064919519683,0.0022900104522705,1.812175869941712,2.0913681983947754,0.0174714025456278,0.0442730635581599,37.037506103515625,-125.28162384033203
4903026,4903026QC.nc,334,37.097,-125.228,2024-07-05 09:05:00.000002048+00:00,-29.467988845377587,PACE_OCI_L2_AOP_PACE_OCI.20240705T200953.L2.OC_AOP.V3_0.nc_3.0,PACE_OCI_L2_AOP_PACE_OCI.20240705T200953.L2.OC_AOP.V3_0.nc_3.0,PACE_OCI.20240705T200953.L2.OC_AOP.V3_0.nc,102.13661040014298,2024-07-05 20:12:23+00:00,0.0005983484443277,0.0005308779072947,6.570760160684586e-05,6.783724529668689e-05,1.8147624731063845,0.0219494551420211,-32767.0,0.0004124969411009,0.0015500038862228,1.6834534406661987,1.9443093538284304,0.0099723191903777,0.0499561325380026,37.57390213012695,-124.24064636230469
4903026,4903026QC.nc,335,37.17,-125.162,2024-07-08 13:24:59.999997952+00:00,2.3736569162165964,"PACE_OCI_L2_AOP_PACE_OCI.20240707T211913.L2.OC_AOP.V3_0.nc_3.0,PACE_OCI_L2_AOP_PACE_OCI.20240708T201528.L2.OC_AOP.V3_0.nc_3.0,PACE_OCI_L2_AOP_PACE_OCI.20240708T215347.L2.OC_AOP.V3_0.nc_3.0",PACE_OCI_L2_AOP_PACE_OCI.20240708T201528.L2.OC_AOP.V3_0.nc_3.0,PACE_OCI.20240708T201528.L2.OC_AOP.V3_0.nc,0.4112838554635295,2024-07-08 20:17:57.500000+00:00,0.0007775455596856,9.509817027719691e-05,3.5099219530820847e-05,3.607355756685138e-05,1.932256937026977,0.015098912641406,-32767.0,0.0005554026435951,0.0018150061368942,1.766716241836548,1.9923129081726076,0.0135268617126605,0.0504156377529005,37.169376373291016,-125.15742492675781
4903026,4903026QC.nc,343,37.56,-125.49,2024-08-03 00:34:59.999995392+00:00,32.76658601104681,PACE_OCI_L2_AOP_PACE_OCI.20240802T195536.L2.OC_AOP.V3_0.nc_3.0,PACE_OCI_L2_AOP_PACE_OCI.20240802T195536.L2.OC_AOP.V3_0.nc_3.0,PACE_OCI.20240802T195536.L2.OC_AOP.V3_0.nc,22.24868207757677,2024-08-02 19:58:06+00:00,0.0061138994060456,0.000867583497893,0.0001036366447806,0.0001029488630592,0.4705094397068023,0.0138834426179528,-32767.0,0.003905805660987,0.0089050084352493,1.8614153861999512,2.1036040782928467,0.0967721346180511,0.0041714825049123,37.6682014465332,-125.27752685546875
4903026,4903026QC.nc,348,37.558,-125.954,2024-08-18 22:29:00.000003584+00:00,53.24276250290363,PACE_OCI_L2_AOP_PACE_OCI.20240819T195720.L2.OC_AOP.V3_0.nc_3.0,PACE_OCI_L2_AOP_PACE_OCI.20240819T195720.L2.OC_AOP.V3_0.nc_3.0,PACE_OCI.20240819T195720.L2.OC_AOP.V3_0.nc,2.5006533432645863,2024-08-19 19:59:49.500000+00:00,0.0011554535012692,0.0001692624791758,4.383281338959932e-05,4.455691669136286e-05,1.951379418373108,0.0146788777783513,-32767.0,0.000813103012193,0.0025350004434585,1.821643948554993,2.058112382888794,0.0200050549357882,0.0343260007836196,37.54783248901367,-125.97930145263672
4903026,4903026QC.nc,349,37.554,-126.081,2024-08-22 02:57:59.999996928+00:00,1.4238286219481924,PACE_OCI_L2_AOP_PACE_OCI.20240822T200221.L2.OC_AOP.V3_0.nc_3.0,PACE_OCI_L2_AOP_PACE_OCI.20240822T200221.L2.OC_AOP.V3_0.nc_3.0,PACE_OCI.20240822T200221.L2.OC_AOP.V3_0.nc,22.858376559786976,2024-08-22 20:04:50.500000+00:00,0.0020788775291293,0.0001374605490127,8.529052138328552e-05,9.519164450466631e-05,1.8805028200149536,0.0182839557528495,-32767.0,0.0014141559977442,0.0037600100040435,1.7888762950897217,2.044477224349976,0.0347199157323283,0.0288411423183444,37.433563232421875,-125.87103271484375
4903026,4903026QC.nc,350,37.536,-126.239,2024-08-25 07:24:59.999997952+00:00,-39.77222973158536,PACE_OCI_L2_AOP_PACE_OCI.20240825T200719.L2.OC_AOP.V3_0.nc_3.0,PACE_OCI_L2_AOP_PACE_OCI.20240825T200719.L2.OC_AOP.V3_0.nc_3.0,PACE_OCI.20240825T200719.L2.OC_AOP.V3_0.nc,1.751283564304112,2024-08-25 20:09:48.500000+00:00,0.001141648273915,0.0001569837331771,4.769838415086269e-05,4.935439210385084e-05,1.936514496803284,0.0152380503714084,-32767.0,0.0007981690125154,0.0023750066757202,1.810391306877136,2.061734914779663,0.0196485978998067,0.0358121351338809,37.53009796142578,-126.25741577148438
4903026,4903026QC.nc,351,37.514,-126.404,2024-08-28 11:51:00.000002048+00:00,-23.06406798943338,PACE_OCI_L2_AOP_PACE_OCI.20240828T201221.L2.OC_AOP.V3_0.nc_3.0,PACE_OCI_L2_AOP_PACE_OCI.20240828T201221.L2.OC_AOP.V3_0.nc_3.0,PACE_OCI.20240828T201221.L2.OC_AOP.V3_0.nc,1.0137560647143946,2024-08-28 20:14:51+00:00,0.0022618153598159,0.0002332927106181,6.056833080947399e-05,6.335414946079254e-05,1.9425828456878664,0.0224803369492292,0.0012400150299072,0.0016240488652859,0.0043400079011917,1.6736905574798584,1.892641305923462,0.0389507233852335,0.0446978533004094,37.51433563232422,-126.39251708984375
4903026,4903026QC.nc,352,37.505,-126.58,2024-08-31 16:26:00.000004096+00:00,28.65653419337492,PACE_OCI_L2_AOP_PACE_OCI.20240831T201716.L2.OC_AOP.V3_0.nc_3.0,PACE_OCI_L2_AOP_PACE_OCI.20240831T201716.L2.OC_AOP.V3_0.nc_3.0,PACE_OCI.20240831T201716.L2.OC_AOP.V3_0.nc,10.409808517639348,2024-08-31 20:19:45.500000+00:00,0.0038860640488564,0.0007728014606982,9.086471982300282e-05,8.850777521729469e-05,1.9393441677093504,0.0226050205528736,-32767.0,0.0026264357369768,0.0063399970531463,1.7797764539718628,2.0213441848754883,0.0642538931026418,0.0185736078833894,37.41145324707031,-126.57542419433594
4903026,4903026QC.nc,354,37.517,-126.953,2024-09-07 01:24:00.000001536+00:00,15.902770958383533,PACE_OCI_L2_AOP_PACE_OCI.20240906T202704.L2.OC_AOP.V3_0.nc_3.0,PACE_OCI_L2_AOP_PACE_OCI.20240906T202704.L2.OC_AOP.V3_0.nc_3.0,PACE_OCI.20240906T202704.L2.OC_AOP.V3_0.nc,198.2788598909419,2024-09-06 20:29:33.500000+00:00,0.006320524495095,0.0011227794457226,0.0001026247628033,0.0001022377982735,0.8103524446487427,0.0176797974854707,-32767.0,0.0040479451555139,0.0093899965286254,1.8311741352081297,2.075892686843872,0.0998663408485812,0.0094618897490769,38.23826599121094,-129.01913452148438
4903026,4903026QC.nc,368,38.175,-127.371,2024-10-21 15:59:59.999996416+00:00,13.140203958008138,PACE_OCI_L2_AOP_PACE_OCI.20241021T200035.L2.OC_AOP.V3_0.nc_3.0,PACE_OCI_L2_AOP_PACE_OCI.20241021T200035.L2.OC_AOP.V3_0.nc_3.0,PACE_OCI.20241021T200035.L2.OC_AOP.V3_0.nc,15.336590695421444,2024-10-21 20:03:04.500000+00:00,0.0006952594267204,0.0005168139468878,9.322923142462967e-05,0.0001002149074338,1.700483322143555,0.0018910598009824,-32767.0,0.0005026482638738,0.0016150027513504,1.6247432231903076,1.9237399101257324,0.0121133027238412,0.0738826171082436,38.312278747558594,-127.3540267944336
4903026,4903026QC.nc,369,38.071,-127.152,2024-10-24 20:31:00.000003072+00:00,39.62297380546753,PACE_OCI_L2_AOP_PACE_OCI.20241024T200444.L2.OC_AOP.V3_0.nc_3.0,PACE_OCI_L2_AOP_PACE_OCI.20241024T200444.L2.OC_AOP.V3_0.nc_3.0,PACE_OCI.20241024T200444.L2.OC_AOP.V3_0.nc,0.4749247258121686,2024-10-24 20:07:13.500000+00:00,0.0010302425362169,0.0002469402970746,8.140015415847301e-05,8.0293626524508e-05,1.2576141357421875,0.0034733216743916,-32767.0,0.000627166484658,0.001905009150505,1.8685779571533203,2.1040148735046387,0.0155399647103547,0.0389372405920651,38.06917953491211,-127.15690612792969
4903026,4903026QC.nc,373,38.045,-126.612,2024-11-06 14:31:59.999999488+00:00,-5.746255942302256,PACE_OCI_L2_AOP_PACE_OCI.20241106T205614.L2.OC_AOP.V3_0.nc_3.0,PACE_OCI_L2_AOP_PACE_OCI.20241106T205614.L2.OC_AOP.V3_0.nc_3.0,PACE_OCI.20241106T205614.L2.OC_AOP.V3_0.nc,0.5421591473089601,2024-11-06 20:58:44+00:00,0.0007053433801047,0.0003006302576977,5.847658030688763e-05,6.203283555805683e-05,1.81658935546875,0.0081399753689765,0.069580078125,0.0005161158042129,0.0012950003147125,1.678141474723816,1.9168201684951784,0.0124245959598105,0.0718292885433116,38.049556732177734,-126.60979461669922
4903026,4903026QC.nc,374,38.118,-126.513,2024-11-09 19:10:00.000001024+00:00,32.9843073435995,PACE_OCI_L2_AOP_PACE_OCI.20241108T202629.L2.OC_AOP.V3_0.nc_3.0,PACE_OCI_L2_AOP_PACE_OCI.20241108T202629.L2.OC_AOP.V3_0.nc_3.0,PACE_OCI.20241108T202629.L2.OC_AOP.V3_0.nc,4.120878514156205,2024-11-08 20:28:58.500000+00:00,0.0013155901106074,0.0003193897427991,8.458388037979603e-05,8.722615893930197e-05,1.2518608570098877,0.0191912855952978,-32767.0,0.0008215719462255,0.0024449974298477,1.759634256362915,2.007487297058105,0.0200562893078854,0.0347252410472587,38.08466339111328,-126.49242401123047
4903026,4903026QC.nc,375,38.223,-126.425,2024-11-12 23:40:59.999997440+00:00,15.157438876329252,PACE_OCI_L2_AOP_PACE_OCI.20241113T200059.L2.OC_AOP.V3_0.nc_3.0,PACE_OCI_L2_AOP_PACE_OCI.20241113T200059.L2.OC_AOP.V3_0.nc_3.0,PACE_OCI.20241113T200059.L2.OC_AOP.V3_0.nc,1.827445569997217,2024-11-13 20:03:28.500000+00:00,0.0019618808291852,0.0002706816303543,0.0001239558914676,0.00012061977759,0.2652283608913421,0.004265917930752,-32767.0,0.0010982897022224,0.0026099979877471,1.7104283571243286,1.935886263847351,0.0265172480760069,0.054490515424125,38.239200592041016,-126.42852020263672
4903026,4903026QC.nc,397,38.4,-126.159,2025-01-22 03:31:00+00:00,-22.568858016739348,PACE_OCI_L2_AOP_PACE_OCI.20250122T205820.L2.OC_AOP.V3_0.nc_3.0,PACE_OCI_L2_AOP_PACE_OCI.20250122T205820.L2.OC_AOP.V3_0.nc_3.0,PACE_OCI.20250122T205820.L2.OC_AOP.V3_0.nc,0.4643948592078131,2025-01-22 21:00:49.500000+00:00,0.0011959053808823,0.0004923661472275,0.0001099125947803,0.0001211769413203,0.8320796489715576,0.0006872527301311,0.0658400058746337,0.0007958812357764,0.0017250031232833,1.4340468645095823,1.593251347541809,0.018227264920974,0.1352413372342762,38.40391540527344,-126.16085815429688
4903026,4903026QC.nc,398,38.342,-125.995,2025-01-25 07:50:59.999995392+00:00,-68.18752957178775,PACE_OCI_L2_AOP_PACE_OCI.20250124T202927.L2.OC_AOP.V3_0.nc_3.0,PACE_OCI_L2_AOP_PACE_OCI.20250124T202927.L2.OC_AOP.V3_0.nc_3.0,PACE_OCI.20250124T202927.L2.OC_AOP.V3_0.nc,1.4579929270218197,2025-01-24 20:31:56.500000+00:00,0.0021045960020273,0.000302834494505,0.0001037803012877,0.0001002999488264,0.161625400185585,0.0204056557267904,0.1071500778198242,0.0012475036019196,0.0031950026750564,1.5788463354110718,1.798250675201416,0.029487576374797,0.0534821552833485,38.34292221069336,-126.01167297363281
4903026,4903026QC.nc,402,37.851,-126.003,2025-02-07 02:43:59.999996928+00:00,-10.442020505057643,PACE_OCI_L2_AOP_PACE_OCI.20250206T194957.L2.OC_AOP.V3_0.nc_3.0,PACE_OCI_L2_AOP_PACE_OCI.20250206T194957.L2.OC_AOP.V3_0.nc_3.0,PACE_OCI.20250206T194957.L2.OC_AOP.V3_0.nc,778.7712851627352,2025-02-06 19:52:26.500000+00:00,0.002979464828968,0.0005761730135418,0.0001055703032761,0.0001099349465221,1.309247374534607,0.0136696025729179,-32767.0,0.0019215631341694,0.0048500001430511,1.8985477685928345,2.1392996311187744,0.047872275328075,0.0109130060778619,32.14907455444336,-121.03269958496094
4903026,4903026QC.nc,415,37.388,-126.423,2025-03-20 14:06:59.999998464+00:00,-5.111054782109373,PACE_OCI_L2_AOP_PACE_OCI.20250320T200207.L2.OC_AOP.V3_0.nc_3.0,PACE_OCI_L2_AOP_PACE_OCI.20250320T200207.L2.OC_AOP.V3_0.nc_3.0,PACE_OCI.20250320T200207.L2.OC_AOP.V3_0.nc,97.05947516934252,2025-03-20 20:04:36.500000+00:00,0.0007609648164361,0.0003464515320956,9.26699722185731e-05,9.584083454683424e-05,1.3445401191711426,5.707123636966571e-05,-32767.0,0.0006470488063718,0.0016950070858001,1.3696900606155396,1.395747423171997,0.014374343586393,0.1967233865743783,36.7691535949707,-125.65139770507812
4903273,4903273QC.nc,112,38.475,-66.75999999999999,2024-07-30 07:30:59.999996416+00:00,-19.57458879781604,PACE_OCI_L2_AOP_PACE_OCI.20240729T155905.L2.OC_AOP.V3_0.nc_3.0,PACE_OCI_L2_AOP_PACE_OCI.20240729T155905.L2.OC_AOP.V3_0.nc_3.0,PACE_OCI.20240729T155905.L2.OC_AOP.V3_0.nc,143.67826860239796,2024-07-29 16:01:34.500000+00:00,0.0035985303111374,0.0010487767867743,0.0001114928163588,0.000111817382276,1.118912696838379,0.0284046083688735,-32767.0,0.0023079794557251,0.005385011434555,1.6770410537719729,1.939509630203247,0.0557552859015265,0.0208236758902357,38.27729034423828,-68.38883972167969
4903273,4903273QC.nc,118,37.738,-61.339,2024-10-02 05:45:00.000003584+00:00,-47.69558235190221,PACE_OCI_L2_AOP_PACE_OCI.20241001T164321.L2.OC_AOP.V3_0.nc_3.0,PACE_OCI_L2_AOP_PACE_OCI.20241001T164321.L2.OC_AOP.V3_0.nc_3.0,PACE_OCI.20241001T164321.L2.OC_AOP.V3_0.nc,0.0332027737281517,2024-10-01 16:45:51+00:00,0.0014478630619123,0.0008534606313332,7.208657916635275e-05,6.929971277713776e-05,0.0938083380460739,0.0015667421976104,-32767.0,0.000764350461212,0.00135999917984,1.901975393295288,2.1299755573272705,0.019015060496788,0.0342191095093264,37.73824691772461,-61.33878707885742
4903273,4903273QC.nc,120,37.948,-59.91500000000002,2024-10-23 06:19:00.000002560+00:00,-46.535180275181965,PACE_OCI_L2_AOP_PACE_OCI.20241022T171810.L2.OC_AOP.V3_0.nc_3.0,PACE_OCI_L2_AOP_PACE_OCI.20241022T171810.L2.OC_AOP.V3_0.nc_3.0,PACE_OCI.20241022T171810.L2.OC_AOP.V3_0.nc,0.7236310408710802,2024-10-22 17:20:40+00:00,0.0007136889034882,0.0003445752954576,8.785928366705775e-05,9.212939767166972e-05,0.9253848195075988,0.000217083710595,-32767.0,0.0004173673084406,0.001455008983612,1.9089696407318115,2.148184061050415,0.0104122027799411,0.0433224160073739,37.94646072387695,-59.92301940917969
4903274,4903274QC.nc,109,27.114,-74.32999999999998,2024-04-02 06:33:00.000002560+00:00,-50.79511274837896,"PACE_OCI_L2_AOP_PACE_OCI.20240401T172447.L2.OC_AOP.V3_0.nc_3.0,PACE_OCI_L2_AOP_PACE_OCI.20240402T175951.L2.OC_AOP.V3_0.nc_3.0",PACE_OCI_L2_AOP_PACE_OCI.20240402T175951.L2.OC_AOP.V3_0.nc_3.0,PACE_OCI.20240402T175951.L2.OC_AOP.V3_0.nc,0.5238696436870595,2024-04-02 18:02:20.500000+00:00,0.0010052968282252,0.0001536387280793,5.296221934258938e-05,5.33832935616374e-05,1.7919347286224363,0.0012997323647141,-32767.0,0.0006489718058867,0.001579999923706,1.985828161239624,2.192927837371826,0.0163021722327135,0.0185181064611876,27.11348533630371,-74.32473754882812
4903274,4903274QC.nc,110,27.173,-74.09100000000001,2024-04-13 05:21:59.999994880+00:00,-53.09033914323311,PACE_OCI_L2_AOP_PACE_OCI.20240413T175156.L2.OC_AOP.V3_0.nc_3.0,PACE_OCI_L2_AOP_PACE_OCI.20240413T175156.L2.OC_AOP.V3_0.nc_3.0,PACE_OCI.20240413T175156.L2.OC_AOP.V3_0.nc,0.4362012623354505,2024-04-13 17:54:25.500000+00:00,0.0017280477331951,0.0002156269183615,4.690431524068117e-05,4.645960871130228e-05,0.0709311515092849,0.0007484349771402,-32767.0,0.0009456289774024,0.0019350051879882,1.9824448823928835,2.1892178058624268,0.0237406188661413,0.0183830384396268,27.169580459594727,-74.0931625366211
4903274,4903274QC.nc,111,27.494,-73.993,2024-04-23 06:25:59.999997440+00:00,-44.04575573330354,PACE_OCI_L2_AOP_PACE_OCI.20240422T181158.L2.OC_AOP.V3_0.nc_3.0,PACE_OCI_L2_AOP_PACE_OCI.20240422T181158.L2.OC_AOP.V3_0.nc_3.0,PACE_OCI.20240422T181158.L2.OC_AOP.V3_0.nc,16.47848168637426,2024-04-22 18:14:27.500000+00:00,0.001482855877839,0.0001560622622491,7.585855200886726e-05,7.807591464370489e-05,1.7921205759048462,0.0018741578096523,-32767.0,0.0009728444142605,0.0025400072336196,1.972211241722107,2.190474510192871,0.0244286117305459,0.0163844565333074,27.349937438964844,-74.03215026855469
4903274,4903274QC.nc,112,28.001,-74.589,2024-05-04 05:25:00.000004608+00:00,-45.2969359331744,PACE_OCI_L2_AOP_PACE_OCI.20240503T180302.L2.OC_AOP.V3_0.nc_3.0,PACE_OCI_L2_AOP_PACE_OCI.20240503T180302.L2.OC_AOP.V3_0.nc_3.0,PACE_OCI.20240503T180302.L2.OC_AOP.V3_0.nc,4.786229672485319,2024-05-03 18:04:45.500000+00:00,0.0035989747848361,0.0008041469263844,7.34478235244751e-05,7.174420170485973e-05,0.0789406076073646,0.004664700012654,-32767.0,0.0020866156626617,0.0046399980783462,1.947653889656067,2.1719400882720947,0.0522464795220844,0.0123160911870027,27.977561950683594,-74.6298828125
4903274,4903274QC.nc,113,28.735,-75.11000000000001,2024-05-14 06:36:00.000002048+00:00,-36.79892445132529,PACE_OCI_L2_AOP_PACE_OCI.20240513T171853.L2.OC_AOP.V3_0.nc_3.0,PACE_OCI_L2_AOP_PACE_OCI.20240513T171853.L2.OC_AOP.V3_0.nc_3.0,PACE_OCI.20240513T171853.L2.OC_AOP.V3_0.nc,0.9986065698111012,2024-05-13 17:21:22.500000+00:00,0.0007591806352138,0.0001146687791333,3.223418025299907e-05,3.3171381801366806e-05,1.9441956281661987,0.0024004091974347,-32767.0,0.0005225867488337,0.0015700012445449,1.9888781309127808,2.197460889816284,0.01313655593219,0.0162227042750488,28.74213218688965,-75.10377502441406
4903274,4903274QC.nc,119,29.346,-76.44299999999998,2024-07-15 06:41:00.000004096+00:00,-34.86584946705189,PACE_OCI_L2_AOP_PACE_OCI.20240715T174440.L2.OC_AOP.V3_0.nc_3.0,PACE_OCI_L2_AOP_PACE_OCI.20240715T174440.L2.OC_AOP.V3_0.nc_3.0,PACE_OCI.20240715T174440.L2.OC_AOP.V3_0.nc,0.6576073468130905,2024-07-15 17:47:10+00:00,0.0009346941369585,0.0003252215101383,3.7548423279076815e-05,4.185771103948355e-05,1.916648507118225,0.0030690622515976,-32767.0,0.0006325865658164,0.0015550106763839,1.9948593378067017,2.1981496810913086,0.01590337085804,0.0132486844697158,29.350255966186523,-76.44771575927734
4903274,4903274QC.nc,121,28.39,-75.476,2024-08-06 05:31:00.000003072+00:00,-44.70864927804107,PACE_OCI_L2_AOP_PACE_OCI.20240805T164420.L2.OC_AOP.V3_0.nc_3.0,PACE_OCI_L2_AOP_PACE_OCI.20240805T164420.L2.OC_AOP.V3_0.nc_3.0,PACE_OCI.20240805T164420.L2.OC_AOP.V3_0.nc,59.92636918553448,2024-08-05 16:46:50+00:00,0.001895536435768,0.0005385822732932,6.396521348506212e-05,6.647687405347824e-05,1.9221556186676023,0.0051335045136511,-32767.0,0.0012829958827391,0.0033349990844726,1.9772961139678955,2.19294810295105,0.0322289571651098,0.0099276021154177,28.21483612060547,-74.89713287353516
4903274,4903274QC.nc,122,28.414,-74.87900000000002,2024-08-16 06:56:00.000001024+00:00,-40.01579013208754,PACE_OCI_L2_AOP_PACE_OCI.20240816T180905.L2.OC_AOP.V3_0.nc_3.0,PACE_OCI_L2_AOP_PACE_OCI.20240816T180905.L2.OC_AOP.V3_0.nc_3.0,PACE_OCI.20240816T180905.L2.OC_AOP.V3_0.nc,0.6498695453884605,2024-08-16 18:11:34.500000+00:00,0.0007326334598474,0.0001917297922773,4.350685048848391e-05,4.687812179327011e-05,1.8913596868515008,0.002197659574449,-32767.0,0.0004959406775436,0.001579999923706,1.99063503742218,2.1982851028442383,0.0124683227207574,0.0142933423597363,28.415332794189453,-74.88546752929688
4903274,4903274QC.nc,125,28.445,-76.65300000000002,2024-09-17 05:29:00+00:00,-58.766830506865794,PACE_OCI_L2_AOP_PACE_OCI.20240917T183311.L2.OC_AOP.V3_0.nc_3.0,PACE_OCI_L2_AOP_PACE_OCI.20240917T183311.L2.OC_AOP.V3_0.nc_3.0,PACE_OCI.20240917T183311.L2.OC_AOP.V3_0.nc,315.08038432819563,2024-09-17 18:35:40.500000+00:00,0.0010103287640959,0.0006813979125581,8.274707943201065e-05,8.253823034465313e-05,1.6696797609329224,0.0090300841256976,-32767.0,0.0006553035221905,0.0012950003147125,1.947466492652893,2.155526638031006,0.016366592309717,0.0193067031526862,30.007205963134766,-79.36211395263672
4903274,4903274QC.nc,136,23.662,-71.84199999999998,2025-01-15 06:11:59.999997440+00:00,-72.42155465520149,PACE_OCI_L2_AOP_PACE_OCI.20250114T175854.L2.OC_AOP.V3_0.nc_3.0,PACE_OCI_L2_AOP_PACE_OCI.20250114T175854.L2.OC_AOP.V3_0.nc_3.0,PACE_OCI.20250114T175854.L2.OC_AOP.V3_0.nc,0.9333967903633676,2025-01-14 18:01:23.500000+00:00,0.0012603898067027,0.0005959445843473,6.4067542552948e-05,6.612436845898628e-05,1.7992416620254517,0.0044407192617654,-32767.0,0.0008354696384791,0.0023750066757202,1.975538730621338,2.1914658546447754,0.0209822683379045,0.0141791032012215,23.665767669677734,-71.83380889892578
4903274,4903274QC.nc,138,23.0,-71.608,2025-02-06 06:22:00.000001536+00:00,-69.38005574251082,PACE_OCI_L2_AOP_PACE_OCI.20250206T180635.L2.OC_AOP.V3_0.nc_3.0,PACE_OCI_L2_AOP_PACE_OCI.20250206T180635.L2.OC_AOP.V3_0.nc_3.0,PACE_OCI.20250206T180635.L2.OC_AOP.V3_0.nc,34.662646549858465,2025-02-06 18:09:04.500000+00:00,0.0025475944858044,0.0005596962291747,0.0001103652175515,0.0001169496681541,1.3357267379760742,0.0066156261600553,-32767.0,0.0016412243124031,0.0036150068044662,1.9777239561080933,2.1883270740509038,0.041198326123691,0.0078239655571089,23.041786193847656,-71.27235412597656
4903274,4903274QC.nc,139,22.367,-71.42000000000002,2025-02-17 05:48:59.999998976+00:00,-74.23485091784619,PACE_OCI_L2_AOP_PACE_OCI.20250216T172847.L2.OC_AOP.V3_0.nc_3.0,PACE_OCI_L2_AOP_PACE_OCI.20250216T172847.L2.OC_AOP.V3_0.nc_3.0,PACE_OCI.20250216T172847.L2.OC_AOP.V3_0.nc,7.688699313811704,2025-02-16 17:31:16.500000+00:00,0.0017742394702509,0.0004904129891656,8.794479072093964e-05,8.999661076813936e-05,0.9868576526641846,0.0017231416422873,-32767.0,0.0010786510221794,0.0021950006484985,1.989415526390076,2.192650556564331,0.0270945550343151,0.0147796506623817,22.435466766357422,-71.4095458984375
4903274,4903274QC.nc,140,22.172,-70.62099999999998,2025-02-28 06:17:59.999995904+00:00,-65.41641024742057,"PACE_OCI_L2_AOP_PACE_OCI.20250227T172628.L2.OC_AOP.V3_0.nc_3.0,PACE_OCI_L2_AOP_PACE_OCI.20250228T180201.L2.OC_AOP.V3_0.nc_3.0",PACE_OCI_L2_AOP_PACE_OCI.20250227T172628.L2.OC_AOP.V3_0.nc_3.0,PACE_OCI.20250227T172628.L2.OC_AOP.V3_0.nc,0.6050862612618007,2025-02-27 17:28:57.500000+00:00,0.0013187362346798,0.0002179720904678,7.145211566239595e-05,7.296830881386995e-05,1.0711843967437744,0.0030700615607202,-32767.0,0.0008031874888181,0.0018900036811828,1.9785538911819456,2.1864724159240723,0.0201560017900711,0.0188864463478479,22.177093505859375,-70.61893463134766
4903274,4903274QC.nc,141,23.079,-70.93,2025-03-11 05:26:00.000001024+00:00,-69.0221916897497,PACE_OCI_L2_AOP_PACE_OCI.20250311T175919.L2.OC_AOP.V3_0.nc_3.0,PACE_OCI_L2_AOP_PACE_OCI.20250311T175919.L2.OC_AOP.V3_0.nc_3.0,PACE_OCI.20250311T175919.L2.OC_AOP.V3_0.nc,0.9612857311529396,2025-03-11 18:01:48.500000+00:00,0.0011991444043815,0.0001969983859453,7.702130824327469e-05,8.495163638144732e-05,1.5859490633010864,0.0032387285027652,-32767.0,0.0007765074981108,0.0024349987506866,1.9758778810501096,2.195223331451416,0.019512772214788,0.0134408768588121,23.07402992248535,-70.93769073486328
4903274,4903274QC.nc,143,23.17,-69.37,2025-04-02 05:09:59.999997952+00:00,-60.93363412131561,PACE_OCI_L2_AOP_PACE_OCI.20250401T171221.L2.OC_AOP.V3_0.nc_3.0,PACE_OCI_L2_AOP_PACE_OCI.20250401T171221.L2.OC_AOP.V3_0.nc_3.0,PACE_OCI.20250401T171221.L2.OC_AOP.V3_0.nc,0.2736941551697711,2025-04-01 17:14:50.500000+00:00,0.0009926859056577,0.0004380288883112,5.7686411309987307e-05,6.024795584380627e-05,1.815938115119934,0.0027239283081144,-32767.0,0.0006562237076334,0.0016150027513504,1.991873025894165,2.196866989135742,0.0164943524722436,0.0135233930961648,23.167661666870117,-69.3691635131836
4903274,4903274QC.nc,144,22.654,-69.29399999999998,2025-04-13 06:25:00.000001024+00:00,-48.73622833434878,PACE_OCI_L2_AOP_PACE_OCI.20250413T174350.L2.OC_AOP.V3_0.nc_3.0,PACE_OCI_L2_AOP_PACE_OCI.20250413T174350.L2.OC_AOP.V3_0.nc_3.0,PACE_OCI.20250413T174350.L2.OC_AOP.V3_0.nc,8.39269913197831,2025-04-13 17:46:19.500000+00:00,0.0021093906834721,0.000536662468221,7.509207352995872e-05,7.530883885920048e-05,0.99859619140625,0.0034474937710911,-32767.0,0.0012968765751069,0.0033250004053115,1.9756401777267456,2.1918654441833496,0.0325722047862871,0.0113824004761116,22.597620010375977,-69.23963928222656
4903456,4903456QC.nc,63,37.642,-50.685,2024-06-02 16:01:59.999999488+00:00,72.29224028897954,PACE_OCI_L2_AOP_PACE_OCI.20240601T165222.L2.OC_AOP.V3_0.nc_3.0,PACE_OCI_L2_AOP_PACE_OCI.20240601T165222.L2.OC_AOP.V3_0.nc_3.0,PACE_OCI.20240601T165222.L2.OC_AOP.V3_0.nc,129.25353943941553,2024-06-01 16:54:51.500000+00:00,0.0041834935545921,0.0006815879023633,0.0001071505248546,0.000108765438199,1.7646230459213257,0.0161555837839841,0.0359199047088623,0.0027816762539144,0.0070549994707107,1.8456997871398928,2.098673820495605,0.0688677996351027,0.0143167538914029,36.862239837646484,-51.7680549621582
4903456,4903456QC.nc,65,38.326,-52.259000000000015,2024-06-22 15:16:00.000003072+00:00,74.75791894651672,PACE_OCI_L2_AOP_PACE_OCI.20240621T165911.L2.OC_AOP.V3_0.nc_3.0,PACE_OCI_L2_AOP_PACE_OCI.20240621T165911.L2.OC_AOP.V3_0.nc_3.0,PACE_OCI.20240621T165911.L2.OC_AOP.V3_0.nc,101.25045292237682,2024-06-21 17:01:40.500000+00:00,0.0032171164639294,0.0002640582679305,0.0001160497777163,0.0001191471237689,1.2010838985443115,0.0143636940047144,-32767.0,0.0020382830705163,0.005165010690689,1.8244162797927856,2.076850652694702,0.0502936495231197,0.0204345932733073,37.48302459716797,-51.822669982910156
4903456,4903456QC.nc,66,38.408,-52.12299999999999,2024-07-02 14:59:00.000003584+00:00,72.97044265987547,PACE_OCI_L2_AOP_PACE_OCI.20240702T150915.L2.OC_AOP.V3_0.nc_3.0,PACE_OCI_L2_AOP_PACE_OCI.20240702T150915.L2.OC_AOP.V3_0.nc_3.0,PACE_OCI.20240702T150915.L2.OC_AOP.V3_0.nc,4.442081311006789,2024-07-02 15:11:44.500000+00:00,0.0021789933089166,0.0002991030050907,7.031485438346863e-05,7.408997043967247e-05,1.4899593591690063,0.0071629676967859,-32767.0,0.0013830383102559,0.0034850090742111,1.9372771978378296,2.1630237102508545,0.0345821394429412,0.0155987959569665,38.42344665527344,-52.170021057128906
4903456,4903456QC.nc,67,37.904,-51.98700000000002,2024-07-12 15:08:00.000001536+00:00,73.01198396356776,PACE_OCI_L2_AOP_PACE_OCI.20240712T160047.L2.OC_AOP.V3_0.nc_3.0,PACE_OCI_L2_AOP_PACE_OCI.20240712T160047.L2.OC_AOP.V3_0.nc_3.0,PACE_OCI.20240712T160047.L2.OC_AOP.V3_0.nc,0.3860388964627765,2024-07-12 16:03:16.500000+00:00,0.0011917665833607,8.91761519596912e-05,4.659814294427633e-05,5.097303073853254e-05,1.6431061029434204,0.0062774620018899,-32767.0,0.0007731536427464,0.0024750083684921,1.9558310508728027,2.181635856628418,0.019387843071714,0.0188480922025739,37.901039123535156,-51.98470687866211
4903456,4903456QC.nc,68,37.508,-52.55799999999999,2024-07-22 15:34:59.999995392+00:00,72.57555360277581,PACE_OCI_L2_AOP_PACE_OCI.20240722T151341.L2.OC_AOP.V3_0.nc_3.0,PACE_OCI_L2_AOP_PACE_OCI.20240722T151341.L2.OC_AOP.V3_0.nc_3.0,PACE_OCI.20240722T151341.L2.OC_AOP.V3_0.nc,4.137647233359639,2024-07-22 15:16:10.500000+00:00,0.0009971564868465,0.0001348161749774,5.133828381076455e-05,5.32687408849597e-05,1.9244757890701287,0.0053917290642857,-32767.0,0.0006818065665587,0.0021650046110153,1.9762336015701287,2.190392255783081,0.0171202878274519,0.0156500879805675,37.476497650146484,-52.533042907714844
4903456,4903456QC.nc,69,37.169,-53.036,2024-08-01 14:56:00.000004096+00:00,68.49341702086546,"PACE_OCI_L2_AOP_PACE_OCI.20240731T152954.L2.OC_AOP.V3_0.nc_3.0,PACE_OCI_L2_AOP_PACE_OCI.20240801T160427.L2.OC_AOP.V3_0.nc_3.0",PACE_OCI_L2_AOP_PACE_OCI.20240731T152954.L2.OC_AOP.V3_0.nc_3.0,PACE_OCI.20240731T152954.L2.OC_AOP.V3_0.nc,1.120890205746348,2024-07-31 15:32:23.500000+00:00,0.0004724037135019,6.996639422141016e-05,2.935159136541188e-05,3.0264665838330984e-05,1.9139750003814693,0.0022641087416559,-32767.0,0.0003237129980511,0.0010399967432022,1.990778446197509,2.1970858573913574,0.0081368840906545,0.0179769933972688,37.173458099365234,-53.024654388427734
4903456,4903456QC.nc,70,37.235,-52.932000000000016,2024-08-11 15:17:59.999995904+00:00,67.37114910158296,"PACE_OCI_L2_AOP_PACE_OCI.20240810T162025.L2.OC_AOP.V3_0.nc_3.0,PACE_OCI_L2_AOP_PACE_OCI.20240811T165456.L2.OC_AOP.V3_0.nc_3.0",PACE_OCI_L2_AOP_PACE_OCI.20240810T162025.L2.OC_AOP.V3_0.nc_3.0,PACE_OCI.20240810T162025.L2.OC_AOP.V3_0.nc,1.021161963697987,2024-08-10 16:22:54.500000+00:00,0.0013144140830263,0.0001783909392543,7.500685751438141e-05,7.882702630013227e-05,1.4981306791305542,0.0059655830264091,-32767.0,0.0008388859761561,0.0029700100421905,1.944063901901245,2.1822667121887207,0.0210382125491431,0.0166813236831044,37.22785568237305,-52.92475509643555
4903458,4903458QC.nc,68,13.316,-58.291,2024-08-27 04:27:00.000000512+00:00,-65.4352845351274,"PACE_OCI_L2_AOP_PACE_OCI.20240826T172013.L2.OC_AOP.V3_0.nc_3.0,PACE_OCI_L2_AOP_PACE_OCI.20240827T161621.L2.OC_AOP.V3_0.nc_3.0",PACE_OCI_L2_AOP_PACE_OCI.20240826T172013.L2.OC_AOP.V3_0.nc_3.0,PACE_OCI.20240826T172013.L2.OC_AOP.V3_0.nc,0.7821105487994993,2024-08-26 17:22:43+00:00,0.0024457226973026,0.0005419680965133,9.536975994706154e-05,9.60896722972393e-05,1.845321774482727,0.0117145851254463,-32767.0,0.0016208077032664,0.0041400045156478,1.854786157608032,2.0906074047088623,0.0400775431495543,0.023358457558629,13.313129425048828,-58.284400939941406
4903458,4903458QC.nc,69,13.267,-57.696000000000026,2024-09-06 05:12:00.000000512+00:00,-61.62280336003724,"PACE_OCI_L2_AOP_PACE_OCI.20240905T163106.L2.OC_AOP.V3_0.nc_3.0,PACE_OCI_L2_AOP_PACE_OCI.20240906T170529.L2.OC_AOP.V3_0.nc_3.0",PACE_OCI_L2_AOP_PACE_OCI.20240905T163106.L2.OC_AOP.V3_0.nc_3.0,PACE_OCI.20240905T163106.L2.OC_AOP.V3_0.nc,0.1453932612056594,2024-09-05 16:33:36+00:00,0.0008443393162451,6.399211270036176e-05,4.048144910484552e-05,4.217104287818074e-05,1.9344127178192136,0.0047155255451798,-32767.0,0.0005865997252031,0.0019250065088272,1.9529207944869995,2.178155899047852,0.0147018690150167,0.0260866283391536,13.26830768585205,-57.69600296020508
4903458,4903458QC.nc,70,13.077,-57.142,2024-09-16 06:45:00+00:00,-42.33263280578411,"PACE_OCI_L2_AOP_PACE_OCI.20240915T171938.L2.OC_AOP.V3_0.nc_3.0,PACE_OCI_L2_AOP_PACE_OCI.20240916T161535.L2.OC_AOP.V3_0.nc_3.0",PACE_OCI_L2_AOP_PACE_OCI.20240915T171938.L2.OC_AOP.V3_0.nc_3.0,PACE_OCI.20240915T171938.L2.OC_AOP.V3_0.nc,7.583145079071892,2024-09-15 17:22:07.500000+00:00,0.0004119538934901,0.0002713369613047,5.4047006415203214e-05,5.715503357350826e-05,1.7990508079528809,2.9051312594674528e-05,-32767.0,0.0002950896037001,0.0012700110673904,1.970412015914917,2.189988851547241,0.0074092934817994,0.0296903878279393,13.056211471557617,-57.20867919921875
4903458,4903458QC.nc,71,14.051,-56.93000000000001,2024-09-26 07:16:59.999996416+00:00,-34.68220413225059,PACE_OCI_L2_AOP_PACE_OCI.20240925T162921.L2.OC_AOP.V3_0.nc_3.0,PACE_OCI_L2_AOP_PACE_OCI.20240925T162921.L2.OC_AOP.V3_0.nc_3.0,PACE_OCI.20240925T162921.L2.OC_AOP.V3_0.nc,1.4608891883759227,2024-09-25 16:31:50.500000+00:00,0.0020469923038035,0.0005257560987956,6.616394966840744e-05,6.45520631223917e-05,1.8179090023040767,0.0088455360382795,0.0152649879455566,0.0013392006400301,0.0033600032329559,1.929351568222046,2.159149169921875,0.0334660088192325,0.0164501218444679,14.055902481079102,-56.91743469238281
4903458,4903458QC.nc,84,14.51,-55.07900000000001,2025-02-04 06:13:00.000003584+00:00,-56.52713962610614,PACE_OCI_L2_AOP_PACE_OCI.20250204T165613.L2.OC_AOP.V3_0.nc_3.0,PACE_OCI_L2_AOP_PACE_OCI.20250204T165613.L2.OC_AOP.V3_0.nc_3.0,PACE_OCI.20250204T165613.L2.OC_AOP.V3_0.nc,0.1901608623788779,2025-02-04 16:58:42.500000+00:00,0.0005219575250521,0.0005087681347504,4.317599814385176e-05,4.53994725830853e-05,1.83705735206604,0.0028684849385172,-32767.0,0.0003493380164774,0.0009649991989135,1.9939314126968384,2.198796510696411,0.008783313321327,0.0150920224776787,14.509552001953125,-55.08070373535156
4903458,4903458QC.nc,85,14.021,-55.089999999999975,2025-02-14 08:06:00.000002048+00:00,-29.01952086199024,"PACE_OCI_L2_AOP_PACE_OCI.20250213T154204.L2.OC_AOP.V3_0.nc_3.0,PACE_OCI_L2_AOP_PACE_OCI.20250213T172027.L2.OC_AOP.V3_0.nc_3.0,PACE_OCI_L2_AOP_PACE_OCI.20250214T161739.L2.OC_AOP.V3_0.nc_3.0",PACE_OCI_L2_AOP_PACE_OCI.20250213T154204.L2.OC_AOP.V3_0.nc_3.0,PACE_OCI.20250213T154204.L2.OC_AOP.V3_0.nc,0.3344215192808044,2025-02-13 15:44:33.500000+00:00,0.0017695343121886,0.0001810081594157,7.952889427542686e-05,7.532525341957808e-05,0.4094356894493103,0.007134205661714,-32767.0,0.0010325775885118,0.0025300085544586,1.9551866054534912,2.177607774734497,0.0258771655764232,0.0146403794750022,14.019262313842773,-55.08747100830078
4903459,4903459QC.nc,51,4.406,-28.38099999999997,2024-04-01 03:19:59.999998976+00:00,-67.42741082482415,PACE_OCI_L2_AOP_PACE_OCI.20240401T140807.L2.OC_AOP.V3_0.nc_3.0,PACE_OCI_L2_AOP_PACE_OCI.20240401T140807.L2.OC_AOP.V3_0.nc_3.0,PACE_OCI.20240401T140807.L2.OC_AOP.V3_0.nc,836.5077225021594,2024-04-01 14:10:36.500000+00:00,7.015295523160603e-06,110.08245086669922,5.299301847117022e-06,3.155302692903206e-05,0.993996262550354,8.913122292142361e-05,-32767.0,7.508977773908745e-07,-32767.0,-32767.0,1.858479619026184,1.791472761853653e-05,0.1833686812605491,7.879165172576904,-21.668197631835938
4903459,4903459QC.nc,75,3.016,-23.28100000000001,2024-11-27 18:58:00.000003584+00:00,4.412275308643292,PACE_OCI_L2_AOP_PACE_OCI.20241128T134440.L2.OC_AOP.V3_0.nc_3.0,PACE_OCI_L2_AOP_PACE_OCI.20241128T134440.L2.OC_AOP.V3_0.nc_3.0,PACE_OCI.20241128T134440.L2.OC_AOP.V3_0.nc,65.73903857402732,2024-11-28 13:47:09.500000+00:00,0.0006496986607089,0.0001487616245867,6.059929728507996e-05,6.307871080935001e-05,1.823940992355347,0.0087467906996607,-32767.0,0.0004331430117456,0.0015950053930282,1.9339274168014529,2.173677444458008,0.0108483123025828,0.0187604198447419,3.580322504043579,-23.10445785522461
4903459,4903459QC.nc,81,3.207,-24.48599999999999,2025-01-27 07:46:00.000003072+00:00,-2.113142147708142,PACE_OCI_L2_AOP_PACE_OCI.20250127T135657.L2.OC_AOP.V3_0.nc_3.0,PACE_OCI_L2_AOP_PACE_OCI.20250127T135657.L2.OC_AOP.V3_0.nc_3.0,PACE_OCI.20250127T135657.L2.OC_AOP.V3_0.nc,189.1555191830301,2025-01-27 13:59:26.500000+00:00,0.0004914727760478,0.00023083180713,5.417541251517832e-05,5.541637074202299e-05,1.8347012996673584,0.0075229401700198,-32767.0,0.000332127377394,0.0012750029563903,1.9327614307403564,2.173133373260498,0.0083176212036467,0.0238755561614366,3.2481799125671387,-22.78268051147461
4903462,4903462QC.nc,56,7.713,-55.17599999999999,2024-05-20 05:35:59.999995392+00:00,-49.67456380502752,PACE_OCI_L2_AOP_PACE_OCI.20240520T162304.L2.OC_AOP.V3_0.nc_3.0,PACE_OCI_L2_AOP_PACE_OCI.20240520T162304.L2.OC_AOP.V3_0.nc_3.0,PACE_OCI.20240520T162304.L2.OC_AOP.V3_0.nc,0.4461768090438971,2024-05-20 16:25:34+00:00,0.0011529120383784,0.0001727601047605,7.478543557226658e-05,7.856811862438917e-05,1.43108069896698,4.572135003400035e-05,0.0012400150299072,0.0009385412883193,0.0018450021743774,1.4251853227615356,1.5156049728393557,0.0212387248979619,0.1700335210269337,7.712603569030762,-55.180030822753906
4903462,4903462QC.nc,66,10.102,-53.23599999999999,2024-08-28 05:54:00.000001536+00:00,-50.04109290907479,PACE_OCI_L2_AOP_PACE_OCI.20240827T161621.L2.OC_AOP.V3_0.nc_3.0,PACE_OCI_L2_AOP_PACE_OCI.20240827T161621.L2.OC_AOP.V3_0.nc_3.0,PACE_OCI.20240827T161621.L2.OC_AOP.V3_0.nc,19.138576216595,2024-08-27 16:18:50.500000+00:00,0.0007859752513468,0.0001151779288193,6.996153388172388e-05,7.36241927370429e-05,1.874987363815308,0.0058893738314509,-32767.0,0.00055434830148,0.0018199980258941,1.8504737615585327,2.1063549518585205,0.0137406277628834,0.0396963664615889,10.25843620300293,-53.30892562866211
4903462,4903462QC.nc,67,10.782,-53.16300000000001,2024-09-07 05:56:00.000004096+00:00,-50.15948671256197,"PACE_OCI_L2_AOP_PACE_OCI.20240906T170529.L2.OC_AOP.V3_0.nc_3.0,PACE_OCI_L2_AOP_PACE_OCI.20240907T160134.L2.OC_AOP.V3_0.nc_3.0",PACE_OCI_L2_AOP_PACE_OCI.20240906T170529.L2.OC_AOP.V3_0.nc_3.0,PACE_OCI.20240906T170529.L2.OC_AOP.V3_0.nc,7.4480006325558685,2024-09-06 17:07:58.500000+00:00,0.0009783778805285,0.0002546654141042,6.91819004714489e-05,7.308355998247862e-05,1.8404333591461184,0.0080929538235068,-32767.0,0.0006627869760282,0.0019650012254714,1.898327350616455,2.1209778785705566,0.0164655701100415,0.0311955149374493,10.830770492553711,-53.20974349975586
4903462,4903462QC.nc,68,10.618,-52.98599999999999,2024-09-17 06:56:59.999997440+00:00,-36.08990221804228,"PACE_OCI_L2_AOP_PACE_OCI.20240916T161535.L2.OC_AOP.V3_0.nc_3.0,PACE_OCI_L2_AOP_PACE_OCI.20240917T164954.L2.OC_AOP.V3_0.nc_3.0",PACE_OCI_L2_AOP_PACE_OCI.20240916T161535.L2.OC_AOP.V3_0.nc_3.0,PACE_OCI.20240916T161535.L2.OC_AOP.V3_0.nc,1.652235612755966,2024-09-16 16:18:04.500000+00:00,0.0011636627605184,0.000242153299041,8.123472798615694e-05,8.31427751109004e-05,1.773536205291748,0.0101060811430215,-32767.0,0.0007695272608587,0.0022850036621093,1.9117164611816408,2.150172233581543,0.0192035405659132,0.0226906167541,10.632774353027344,-52.9843864440918
4903462,4903462QC.nc,82,10.662,-51.06,2025-02-05 05:20:00.000002048+00:00,-64.70758482792581,PACE_OCI_L2_AOP_PACE_OCI.20250204T165613.L2.OC_AOP.V3_0.nc_3.0,PACE_OCI_L2_AOP_PACE_OCI.20250204T165613.L2.OC_AOP.V3_0.nc_3.0,PACE_OCI.20250204T165613.L2.OC_AOP.V3_0.nc,37.20976857028271,2025-02-04 16:58:42.500000+00:00,4.9454006330051925e-06,3.101937545579858e-05,3.374014795554104e-06,1.4925575669622049e-05,1.032218337059021,5.005650382372551e-05,-32767.0,7.139227390289322e-07,0.000225007534027,1.9701752662658687,2.1860463619232178,1.7914725904693693e-05,0.047697046896254,10.970250129699707,-50.92740249633789
4903463,4903463QC.nc,50,5.378,-22.46199999999999,2024-04-01 14:54:00.000001536+00:00,69.9491465417144,PACE_OCI_L2_AOP_PACE_OCI.20240401T140807.L2.OC_AOP.V3_0.nc_3.0,PACE_OCI_L2_AOP_PACE_OCI.20240401T140807.L2.OC_AOP.V3_0.nc_3.0,PACE_OCI.20240401T140807.L2.OC_AOP.V3_0.nc,263.3007453110492,2024-04-01 14:10:36.500000+00:00,0.0039662979543209,9.061936378479004,0.0039575807750225,127.88707733154295,1.1246789693832395,4791.42822265625,-32767.0,7.386201869732266e-07,-32767.0,-32767.0,1.9838227033615112,1.796560638951572e-05,0.1431663232865134,7.34326171875,-21.132844924926758
4903463,4903463QC.nc,72,5.783,-22.283999999999992,2024-11-07 22:52:00.000001536+00:00,-53.8760266225172,PACE_OCI_L2_AOP_PACE_OCI.20241108T134821.L2.OC_AOP.V3_0.nc_3.0,PACE_OCI_L2_AOP_PACE_OCI.20241108T134821.L2.OC_AOP.V3_0.nc_3.0,PACE_OCI.20241108T134821.L2.OC_AOP.V3_0.nc,36.22395665345203,2024-11-08 13:50:51+00:00,0.0005998637061566,0.0001822589110815,5.927111487835646e-05,6.329594179987907e-05,1.7259927988052368,0.0100286370143294,-32767.0,0.0003884469300722,0.0012049973011016,1.9339476823806765,2.16907000541687,0.0097219664246726,0.0196747440140707,5.82386589050293,-21.959138870239258
4903463,4903463QC.nc,74,5.671,-22.692000000000007,2024-11-28 00:00:59.999996416+00:00,-65.51877797428388,PACE_OCI_L2_AOP_PACE_OCI.20241128T134440.L2.OC_AOP.V3_0.nc_3.0,PACE_OCI_L2_AOP_PACE_OCI.20241128T134440.L2.OC_AOP.V3_0.nc_3.0,PACE_OCI.20241128T134440.L2.OC_AOP.V3_0.nc,20.79823293036291,2024-11-28 13:47:09.500000+00:00,0.0003226391563657,8.07374162832275e-05,5.8819539844989777e-05,6.076748832128942e-05,1.740789771080017,0.0068408967927098,-32767.0,0.0002202319596038,0.0010700076818466,1.915765643119812,2.1722586154937744,0.0055146284747193,0.0244901658800834,5.543651580810547,-22.554346084594727
4903463,4903463QC.nc,80,5.638,-23.110000000000014,2025-01-27 14:01:59.999996416+00:00,65.71636202547145,PACE_OCI_L2_AOP_PACE_OCI.20250127T135657.L2.OC_AOP.V3_0.nc_3.0,PACE_OCI_L2_AOP_PACE_OCI.20250127T135657.L2.OC_AOP.V3_0.nc_3.0,PACE_OCI.20250127T135657.L2.OC_AOP.V3_0.nc,134.6386284252633,2025-01-27 13:59:26.500000+00:00,1.8031293153762813,139.47158813476562,0.1321126222610473,0.1407445669174194,1.9941635131835933,34.36628341674805,0.1510100364685058,0.0274922702755971,-28135.0,1.9218538999557493,1.6528189182281494,0.6354358156322052,1.0000000000004745e-06,4.572510242462158,-22.532503128051758
4903485,4903485QC.nc,35,28.501,-16.067000000000007,2024-04-04 00:25:00.000001024+00:00,-54.22209196284868,PACE_OCI_L2_AOP_PACE_OCI.20240403T133953.L2.OC_AOP.V3_0.nc_3.0,PACE_OCI_L2_AOP_PACE_OCI.20240403T133953.L2.OC_AOP.V3_0.nc_3.0,PACE_OCI.20240403T133953.L2.OC_AOP.V3_0.nc,0.5965415956246773,2024-04-03 13:42:23+00:00,0.0009562039631418,0.0001333808322669,3.2925920095294714e-05,3.5518372897058725e-05,1.889970660209656,0.0101389922201633,-32767.0,0.0006439048409709,0.001685008406639,1.929415702819824,2.153173923492432,0.01607607108983,0.0260233946993614,28.495635986328125,-16.06712532043457
4903485,4903485QC.nc,37,28.198,-16.007000000000005,2024-04-23 21:11:59.999997440+00:00,-20.82436004598597,PACE_OCI_L2_AOP_PACE_OCI.20240424T124837.L2.OC_AOP.V3_0.nc_3.0,PACE_OCI_L2_AOP_PACE_OCI.20240424T124837.L2.OC_AOP.V3_0.nc_3.0,PACE_OCI.20240424T124837.L2.OC_AOP.V3_0.nc,2.6762945094238857,2024-04-24 12:51:06.500000+00:00,0.0004285404866095,0.0001017074828268,4.3182342778891325e-05,4.531542072072625e-05,1.8889778852462769,0.0034758110996335,-32767.0,0.0002979207883288,0.0012599974870681,1.9632927179336548,2.19216537475586,0.0074828904780278,0.0216140380841177,28.206392288208008,-15.981403350830078
4903485,4903485QC.nc,38,27.913,-16.494000000000028,2024-05-03 20:43:59.999996928+00:00,-13.543798766558194,"PACE_OCI_L2_AOP_PACE_OCI.20240503T130804.L2.OC_AOP.V3_0.nc_3.0,PACE_OCI_L2_AOP_PACE_OCI.20240504T134259.L2.OC_AOP.V3_0.nc_3.0",PACE_OCI_L2_AOP_PACE_OCI.20240504T134259.L2.OC_AOP.V3_0.nc_3.0,PACE_OCI.20240504T134259.L2.OC_AOP.V3_0.nc,0.48301203187983,2024-05-04 13:45:28.500000+00:00,0.0008353405282832,0.0001343789044767,5.9678510297089815e-05,6.486492929980159e-05,1.771897792816162,0.0079996837303042,-32767.0,0.0005527837259915,0.0016350001096725,1.926367163658142,2.1686580181121826,0.0138340746907477,0.0261784488154052,27.909324645996094,-16.496620178222656
4903485,4903485QC.nc,40,27.555,-16.99000000000001,2024-05-23 21:00:00+00:00,-13.604039275957874,PACE_OCI_L2_AOP_PACE_OCI.20240523T131732.L2.OC_AOP.V3_0.nc_3.0,PACE_OCI_L2_AOP_PACE_OCI.20240523T131732.L2.OC_AOP.V3_0.nc_3.0,PACE_OCI.20240523T131732.L2.OC_AOP.V3_0.nc,18.570509706155985,2024-05-23 13:20:01.500000+00:00,0.0042915283702313,0.0008718081517145,7.166620343923569e-05,6.90012238919735e-05,0.0569735914468765,0.0120190419256687,-32767.0,0.0025389704235719,0.0056750029325485,1.871447205543518,2.110844850540161,0.0629770185105327,0.0133195859422937,27.71397590637207,-17.047761917114258
4903485,4903485QC.nc,41,27.237,-17.101999999999975,2024-06-02 21:08:00.000001536+00:00,-14.001259808745717,PACE_OCI_L2_AOP_PACE_OCI.20240603T144520.L2.OC_AOP.V3_0.nc_3.0,PACE_OCI_L2_AOP_PACE_OCI.20240603T144520.L2.OC_AOP.V3_0.nc_3.0,PACE_OCI.20240603T144520.L2.OC_AOP.V3_0.nc,3.28695304601203,2024-06-03 14:47:50+00:00,0.000954425020609,0.0003782741550821,6.710883462801576e-05,7.236358942463994e-05,1.745998740196228,0.0067131812684237,-32767.0,0.0006209295888531,0.0018600076436996,1.9322855472564693,2.160656213760376,0.0155203506175524,0.0244884177861408,27.22903060913086,-17.134014129638672
4903485,4903485QC.nc,43,26.816,-16.795000000000016,2024-06-22 20:54:00.000001536+00:00,-10.470500360591496,PACE_OCI_L2_AOP_PACE_OCI.20240623T130840.L2.OC_AOP.V3_0.nc_3.0,PACE_OCI_L2_AOP_PACE_OCI.20240623T130840.L2.OC_AOP.V3_0.nc_3.0,PACE_OCI.20240623T130840.L2.OC_AOP.V3_0.nc,0.9713906328505636,2024-06-23 13:11:09.500000+00:00,0.0011866834247484,0.0001656431704759,8.260668255388737e-05,8.181470911949873e-05,0.7116885781288147,0.0061194133013486,-32767.0,0.0006873187377713,0.0019450038671493,1.9235587120056152,2.154798984527588,0.0171642657130745,0.0246683773796324,26.817996978759766,-16.804529190063477
4903485,4903485QC.nc,46,27.651,-17.25799999999998,2024-07-22 20:34:59.999998976+00:00,-7.115246296810939,PACE_OCI_L2_AOP_PACE_OCI.20240723T140958.L2.OC_AOP.V3_0.nc_3.0,PACE_OCI_L2_AOP_PACE_OCI.20240723T140958.L2.OC_AOP.V3_0.nc_3.0,PACE_OCI.20240723T140958.L2.OC_AOP.V3_0.nc,122.0542217747084,2024-07-23 14:12:27.500000+00:00,0.0005037473747506,0.0001418937754351,7.074730820022523e-05,7.435068255290389e-05,0.8316923975944519,2.542257607274223e-05,-32767.0,0.0003465391976815,0.0009250044822692,1.8510454893112185,2.1115143299102783,0.0085964991262317,0.07248713263836,28.36519432067871,-18.202125549316406
4903485,4903485QC.nc,47,27.799,-17.052999999999997,2024-08-01 20:37:00.000001536+00:00,-8.91555159193654,PACE_OCI_L2_AOP_PACE_OCI.20240801T142609.L2.OC_AOP.V3_0.nc_3.0,PACE_OCI_L2_AOP_PACE_OCI.20240801T142609.L2.OC_AOP.V3_0.nc_3.0,PACE_OCI.20240801T142609.L2.OC_AOP.V3_0.nc,30.39675519580364,2024-08-01 14:28:39+00:00,7.708731573075056e-06,0.0001052822408382,5.932502972427756e-06,2.999456410179846e-05,1.0462043285369873,2.3172357032308355e-05,-32767.0,2.379173211340942e-05,-28031.0,1.862389326095581,2.11611270904541,0.0005906132552195,0.0806443736845915,27.87775421142578,-17.349035263061523
4903485,4903485QC.nc,53,26.184,-15.649,2024-09-30 19:55:59.999997440+00:00,-15.71570520215882,PACE_OCI_L2_AOP_PACE_OCI.20240930T125232.L2.OC_AOP.V3_0.nc_3.0,PACE_OCI_L2_AOP_PACE_OCI.20240930T125232.L2.OC_AOP.V3_0.nc_3.0,PACE_OCI.20240930T125232.L2.OC_AOP.V3_0.nc,11.048518321309134,2024-09-30 12:55:02+00:00,0.0014114371733739,0.0004432387941051,8.614873513579369e-05,8.670601528137922e-05,0.95576274394989,0.0095037398859858,-32767.0,0.0008545866927502,0.0027700066566467,1.8919988870620728,2.1497132778167725,0.02132468882241,0.0214586349108528,26.167266845703125,-15.539865493774414
4903485,4903485QC.nc,63,25.616,-16.581999999999994,2025-01-09 06:27:00.000004096+00:00,-19.299228139635115,"PACE_OCI_L2_AOP_PACE_OCI.20250108T143038.L2.OC_AOP.V3_0.nc_3.0,PACE_OCI_L2_AOP_PACE_OCI.20250109T132703.L2.OC_AOP.V3_0.nc_3.0",PACE_OCI_L2_AOP_PACE_OCI.20250109T132703.L2.OC_AOP.V3_0.nc_3.0,PACE_OCI.20250109T132703.L2.OC_AOP.V3_0.nc,0.1637221456981241,2025-01-09 13:29:32.500000+00:00,3.583038568496704,60.29096221923828,0.7035741806030273,0.839188814163208,1.991016507148743,53.22988510131836,-32767.0,0.0430790828098815,0.0002399981021881,0.8763019442558289,1.5141003131866455,0.9746322374315354,1.000000001096815e-06,25.61452865600586,-16.58199691772461
4903485,4903485QC.nc,67,26.063,-16.649,2025-02-18 14:26:59.999997440+00:00,49.191425423827305,"PACE_OCI_L2_AOP_PACE_OCI.20250218T134450.L2.OC_AOP.V3_0.nc_3.0,PACE_OCI_L2_AOP_PACE_OCI.20250219T142024.L2.OC_AOP.V3_0.nc_3.0",PACE_OCI_L2_AOP_PACE_OCI.20250218T134450.L2.OC_AOP.V3_0.nc_3.0,PACE_OCI.20250218T134450.L2.OC_AOP.V3_0.nc,0.398428309923605,2025-02-18 13:47:19.500000+00:00,0.0011510875774547,0.000162310025189,6.173376459628344e-05,7.023091893643141e-05,1.3511415719985962,0.0133403800427913,-32767.0,0.0007455420998398,0.0018800050020217,1.7592390775680542,2.0069849491119385,0.0181988330844844,0.0461520795515281,26.063621520996094,-16.652929306030273
4903485,4903485QC.nc,69,25.873,-16.778999999999996,2025-03-10 17:17:00.000003072+00:00,24.90519153825715,PACE_OCI_L2_AOP_PACE_OCI.20250311T144235.L2.OC_AOP.V3_0.nc_3.0,PACE_OCI_L2_AOP_PACE_OCI.20250311T144235.L2.OC_AOP.V3_0.nc_3.0,PACE_OCI.20250311T144235.L2.OC_AOP.V3_0.nc,0.6052401278258316,2025-03-11 14:45:04.500000+00:00,0.0014408457791432,0.0002834811166394,9.599002078175543e-05,0.0001048070844262,1.380685329437256,0.0072526070289313,-32767.0,0.000904618771981,0.0026649981737136,1.817431926727295,2.053438186645508,0.0222406186084894,0.0419058317179215,25.875802993774414,-16.773815155029297
4903485,4903485QC.nc,71,25.628,-16.548999999999978,2025-03-30 20:49:59.999995392+00:00,-20.33834893364752,PACE_OCI_L2_AOP_PACE_OCI.20250330T142313.L2.OC_AOP.V3_0.nc_3.0,PACE_OCI_L2_AOP_PACE_OCI.20250330T142313.L2.OC_AOP.V3_0.nc_3.0,PACE_OCI.20250330T142313.L2.OC_AOP.V3_0.nc,0.7395631575241519,2025-03-30 14:25:42.500000+00:00,0.0009437591070309,0.0001782430335879,4.984339466318488e-05,5.40687469765544e-05,1.8246276378631592,0.0104408338665962,-32767.0,0.0006392998449025,0.0019350051879882,1.870286583900452,2.113554716110229,0.0158639176293454,0.0356692151969277,25.62410545349121,-16.543020248413086
4903486,4903486QC.nc,49,4.783,-19.59699999999998,2024-07-19 12:16:00.000003072+00:00,66.94410121987617,PACE_OCI_L2_AOP_PACE_OCI.20240719T145812.L2.OC_AOP.V3_0.nc_3.0,PACE_OCI_L2_AOP_PACE_OCI.20240719T145812.L2.OC_AOP.V3_0.nc_3.0,PACE_OCI.20240719T145812.L2.OC_AOP.V3_0.nc,182.71311332095263,2024-07-19 15:00:42+00:00,4.103306770324707,149.7908935546875,1.1294023990631104,1.5874595642089844,1.9732111692428589,71.79151916503906,0.1475250720977783,0.0353713311776377,0.0045849978923797,1.3138484954833984,1.385408639907837,0.7845311990184946,1.0000002156335315e-06,3.257234573364258,-20.20850372314453
4903486,4903486QC.nc,62,4.927,-21.64299999999997,2024-11-26 12:13:00.000003584+00:00,60.00939159841659,"PACE_OCI_L2_AOP_PACE_OCI.20241125T134019.L2.OC_AOP.V3_0.nc_3.0,PACE_OCI_L2_AOP_PACE_OCI.20241126T141432.L2.OC_AOP.V3_0.nc_3.0",PACE_OCI_L2_AOP_PACE_OCI.20241126T141432.L2.OC_AOP.V3_0.nc_3.0,PACE_OCI.20241126T141432.L2.OC_AOP.V3_0.nc,0.8738333456005618,2024-11-26 14:17:01.500000+00:00,0.0009942353935912,0.0003374178777448,6.605929229408503e-05,6.938888691365719e-05,1.4900426864624023,0.0105048585683107,-32767.0,0.0006227209000122,0.0016700029373168,1.911197543144226,2.146200656890869,0.0155304790147689,0.0228903758720641,4.932399749755859,-21.637269973754883
4903487,4903487QC.nc,37,25.341,-22.88900000000001,2024-04-01 12:31:00+00:00,64.37600006357378,"PACE_OCI_L2_AOP_PACE_OCI.20240331T133306.L2.OC_AOP.V3_0.nc_3.0,PACE_OCI_L2_AOP_PACE_OCI.20240401T140807.L2.OC_AOP.V3_0.nc_3.0",PACE_OCI_L2_AOP_PACE_OCI.20240401T140807.L2.OC_AOP.V3_0.nc_3.0,PACE_OCI.20240401T140807.L2.OC_AOP.V3_0.nc,0.6290501009682876,2024-04-01 14:10:36.500000+00:00,0.0009802692802622,0.0001880827185232,3.4416792914271355e-05,3.5431585274636745e-05,1.9466018676757808,0.00834278203547,-32767.0,0.0006730402966634,0.0018749982118606,1.9505459070205688,2.168830156326294,0.0168440853813476,0.022983948622722,25.33629608154297,-22.885522842407227
4903487,4903487QC.nc,41,25.517,-22.308,2024-05-11 06:50:00.000002048+00:00,0.5061766715572268,PACE_OCI_L2_AOP_PACE_OCI.20240510T135551.L2.OC_AOP.V3_0.nc_3.0,PACE_OCI_L2_AOP_PACE_OCI.20240510T135551.L2.OC_AOP.V3_0.nc_3.0,PACE_OCI.20240510T135551.L2.OC_AOP.V3_0.nc,5.452467937247201,2024-05-10 13:58:20.500000+00:00,0.0012691000010818,0.0010766403283923,6.659154314547777e-05,6.844883318990469e-05,1.922913074493408,0.0073994998820126,-32767.0,0.0008708041730396,0.0027550011873245,1.950233459472656,2.177300214767456,0.0218219676505561,0.0180843922346726,25.47869300842285,-22.27408790588379
4903487,4903487QC.nc,47,26.061,-24.089,2024-07-09 23:34:59.999998976+00:00,-32.80847168008241,PACE_OCI_L2_AOP_PACE_OCI.20240710T145131.L2.OC_AOP.V3_0.nc_3.0,PACE_OCI_L2_AOP_PACE_OCI.20240710T145131.L2.OC_AOP.V3_0.nc_3.0,PACE_OCI.20240710T145131.L2.OC_AOP.V3_0.nc,20.277430315900315,2024-07-10 14:54:01+00:00,0.0019290485652163,0.0006879137945361,8.249178063124418e-05,7.782189641147852e-05,0.2956089377403259,0.0052730063907802,-32767.0,0.001117751885845,0.0027500092983245,1.970897197723389,2.1881256103515625,0.0280571495997617,0.0118513076550533,26.1573486328125,-23.916576385498047
4903487,4903487QC.nc,49,26.358,-24.649,2024-07-29 21:02:00.000003072+00:00,-8.019911099155017,PACE_OCI_L2_AOP_PACE_OCI.20240730T145520.L2.OC_AOP.V3_0.nc_3.0,PACE_OCI_L2_AOP_PACE_OCI.20240730T145520.L2.OC_AOP.V3_0.nc_3.0,PACE_OCI.20240730T145520.L2.OC_AOP.V3_0.nc,5.564751724306445,2024-07-30 14:57:50+00:00,0.0016989067662507,0.0002520915877539,7.179658859968185e-05,6.809784099459648e-05,0.2899653315544128,0.002482313895598,-32767.0,0.0009655073822318,0.0024050027132034,1.9768922328948968,2.188798666000366,0.0242381118603122,0.0152396271680038,26.308380126953125,-24.64174461364746
4903487,4903487QC.nc,50,26.509,-24.75999999999999,2024-08-08 21:11:59.999997440+00:00,-11.48588896721084,PACE_OCI_L2_AOP_PACE_OCI.20240808T151121.L2.OC_AOP.V3_0.nc_3.0,PACE_OCI_L2_AOP_PACE_OCI.20240808T151121.L2.OC_AOP.V3_0.nc_3.0,PACE_OCI.20240808T151121.L2.OC_AOP.V3_0.nc,0.989459364863002,2024-08-08 15:13:50.500000+00:00,0.0008709919056855,0.0001092732345568,4.339602310210466e-05,4.67743375338614e-05,1.9075833559036253,0.0017281398177146,-32767.0,0.000590697195527,0.0017050057649612,1.993671417236328,2.1989803314208984,0.0148521644860174,0.0124684167485956,26.504642486572266,-24.7686710357666
4903487,4903487QC.nc,53,26.414,-24.25400000000002,2024-09-07 18:06:59.999994880+00:00,22.18135749312568,PACE_OCI_L2_AOP_PACE_OCI.20240907T142317.L2.OC_AOP.V3_0.nc_3.0,PACE_OCI_L2_AOP_PACE_OCI.20240907T142317.L2.OC_AOP.V3_0.nc_3.0,PACE_OCI.20240907T142317.L2.OC_AOP.V3_0.nc,0.6221322453229806,2024-09-07 14:25:46.500000+00:00,0.0011376128531992,0.0002081188431475,3.314390778541565e-05,3.536790609359741e-05,1.9331741333007808,0.006148396525532,-32767.0,0.0007742909557409,0.002030000090599,1.983561873435974,2.1934702396392822,0.019451815102437,0.0131265710286481,26.41933250427246,-24.255891799926758
4903487,4903487QC.nc,55,26.191,-24.26799999999997,2024-09-27 16:01:00.000003072+00:00,43.51350272654976,PACE_OCI_L2_AOP_PACE_OCI.20240928T132218.L2.OC_AOP.V3_0.nc_3.0,PACE_OCI_L2_AOP_PACE_OCI.20240928T132218.L2.OC_AOP.V3_0.nc_3.0,PACE_OCI.20240928T132218.L2.OC_AOP.V3_0.nc,60.77427994511632,2024-09-28 13:24:47.500000+00:00,0.008018871769309,0.0011563205625861,8.011702448129654e-05,7.859710603952408e-05,0.033055730164051,0.0072607337497174,-32767.0,0.0047959923891522,0.0111000090837478,1.911830186843872,2.156667232513428,0.1198037966732392,0.0038332838172449,26.676748275756836,-23.988201141357422
4903487,4903487QC.nc,58,25.55,-23.514999999999983,2024-10-27 13:13:59.999996928+00:00,51.39354997456915,PACE_OCI_L2_AOP_PACE_OCI.20241027T133046.L2.OC_AOP.V3_0.nc_3.0,PACE_OCI_L2_AOP_PACE_OCI.20241027T133046.L2.OC_AOP.V3_0.nc_3.0,PACE_OCI.20241027T133046.L2.OC_AOP.V3_0.nc,0.9100470641425076,2024-10-27 13:33:15.500000+00:00,0.0009480566950514,0.000165348581504,6.614415906369686e-05,6.76570925861597e-05,1.0258713960647583,0.0044644293375313,-32767.0,0.0005762071178769,0.0015750080347061,1.9821398258209229,2.192474603652954,0.0144733119551149,0.0160092421872808,25.555864334106445,-23.5086727142334
4903487,4903487QC.nc,65,26.679,-23.713000000000022,2025-01-05 17:25:00.000004608+00:00,16.781674076455978,"PACE_OCI_L2_AOP_PACE_OCI.20250105T142450.L2.OC_AOP.V3_0.nc_3.0,PACE_OCI_L2_AOP_PACE_OCI.20250106T132111.L2.OC_AOP.V3_0.nc_3.0",PACE_OCI_L2_AOP_PACE_OCI.20250105T142450.L2.OC_AOP.V3_0.nc_3.0,PACE_OCI.20250105T142450.L2.OC_AOP.V3_0.nc,0.304187207446245,2025-01-05 14:27:19.500000+00:00,0.0015236038016155,0.0004726338374894,7.812643889337778e-05,7.724552415311337e-05,0.2197190374135971,0.0103718228638172,-32767.0,0.0008850019906587,0.0022799968719482,1.8466631174087524,2.1105756759643555,0.0219508162536364,0.0301110561089283,26.67637062072754,-23.71384620666504
4903487,4903487QC.nc,71,26.84,-22.911,2025-03-06 22:47:59.999995904+00:00,-43.17832458081124,PACE_OCI_L2_AOP_PACE_OCI.20250307T135851.L2.OC_AOP.V3_0.nc_3.0,PACE_OCI_L2_AOP_PACE_OCI.20250307T135851.L2.OC_AOP.V3_0.nc_3.0,PACE_OCI.20250307T135851.L2.OC_AOP.V3_0.nc,19.710169076879406,2025-03-07 14:01:20.500000+00:00,0.0022999185603111,0.0004828512610401,6.361398845911026e-05,6.399047560989857e-05,0.8050507307052612,0.0117376307025551,-32767.0,0.0014146731840669,0.0034150034189224,1.9018042087554927,2.129833459854126,0.0351926341713893,0.0172036394249406,26.66780662536621,-22.8638916015625
4903487,4903487QC.nc,75,26.568,-22.707,2025-04-16 01:38:00.000001536+00:00,-53.23086681217185,PACE_OCI_L2_AOP_PACE_OCI.20250415T135931.L2.OC_AOP.V3_0.nc_3.0,PACE_OCI_L2_AOP_PACE_OCI.20250415T135931.L2.OC_AOP.V3_0.nc_3.0,PACE_OCI.20250415T135931.L2.OC_AOP.V3_0.nc,0.4541975231752474,2025-04-15 14:02:00.500000+00:00,0.0007718933047726,0.0001104505936382,3.847753396257758e-05,3.95067036151886e-05,1.9222102165222168,0.0062768724747002,-32767.0,0.0005284039927769,0.0016500055789947,1.9534358978271484,2.179741382598877,0.0132465548714342,0.0245992460343768,26.5709228515625,-22.70380973815918
4903488,4903488QC.nc,42,54.455,-16.821000000000026,2024-06-25 13:01:59.999999488+00:00,58.88079957819728,PACE_OCI_L2_AOP_PACE_OCI.20240626T114608.L2.OC_AOP.V3_0.nc_3.0,PACE_OCI_L2_AOP_PACE_OCI.20240626T114608.L2.OC_AOP.V3_0.nc_3.0,PACE_OCI.20240626T114608.L2.OC_AOP.V3_0.nc,638.4228448564422,2024-06-26 11:48:38+00:00,0.002087760483846,0.0002606810303404,8.021784014999866e-05,8.186977356672287e-05,1.9088398218154907,0.0237997025251388,-32767.0,0.0014080032804066,0.0040699988603591,1.811707019805908,2.042562246322632,0.0345586538840663,0.0177517762322575,50.8204460144043,-9.486237525939941
4903488,4903488QC.nc,70,55.103,-25.011000000000024,2025-04-01 23:54:59.999997952+00:00,-25.885030992427428,PACE_OCI_L2_AOP_PACE_OCI.20250402T130242.L2.OC_AOP.V3_0.nc_3.0,PACE_OCI_L2_AOP_PACE_OCI.20250402T130242.L2.OC_AOP.V3_0.nc_3.0,PACE_OCI.20250402T130242.L2.OC_AOP.V3_0.nc,0.3608522073125804,2025-04-02 13:05:11.500000+00:00,0.0009579241159372,0.000405926402891,7.256446406245232e-05,8.398684440180659e-05,1.6636160612106323,0.0143563151359558,-32767.0,0.0006218451111716,0.0016500055789947,1.7754195928573608,2.012470006942749,0.0151922040678382,0.0459060137462931,55.10538101196289,-25.00714874267578
4903489,4903489QC.nc,42,-2.217,-17.089999999999975,2024-05-03 08:46:00+00:00,23.54198290343368,PACE_OCI_L2_AOP_PACE_OCI.20240503T143623.L2.OC_AOP.V3_0.nc_3.0,PACE_OCI_L2_AOP_PACE_OCI.20240503T143623.L2.OC_AOP.V3_0.nc_3.0,PACE_OCI.20240503T143623.L2.OC_AOP.V3_0.nc,2.3492475835410302,2024-05-03 14:38:52.500000+00:00,0.0004648520553018,0.0005186638445593,6.876536644995213e-05,7.252508657984436e-05,1.7269788980484009,0.0043003321625292,-32767.0,0.0003151460465194,0.0009500086307525,1.931001901626587,2.14758849143982,0.0078613328574868,0.0328117775792538,-2.2091281414031982,-17.07037925720215
4903489,4903489QC.nc,44,-2.636,-16.613999999999976,2024-05-23 07:27:00.000000512+00:00,4.789807827428424,PACE_OCI_L2_AOP_PACE_OCI.20240522T141109.L2.OC_AOP.V3_0.nc_3.0,PACE_OCI_L2_AOP_PACE_OCI.20240522T141109.L2.OC_AOP.V3_0.nc_3.0,PACE_OCI.20240522T141109.L2.OC_AOP.V3_0.nc,0.4076838174852095,2024-05-22 14:13:39+00:00,0.0009570300462655,0.0001673668739385,5.322211654856801e-05,5.685474025085568e-05,1.89996337890625,0.0112490290775895,0.0064249038696289,0.0006628339449502,0.0015750080347061,1.8540390729904173,2.0968735218048096,0.0164056658114158,0.0357897530921263,-2.6376655101776123,-16.61726951599121
4903489,4903489QC.nc,72,-2.635,-16.50400000000002,2025-02-27 18:58:00.000003584+00:00,5.599535039214148,PACE_OCI_L2_AOP_PACE_OCI.20250228T143517.L2.OC_AOP.V3_0.nc_3.0,PACE_OCI_L2_AOP_PACE_OCI.20250228T143517.L2.OC_AOP.V3_0.nc_3.0,PACE_OCI.20250228T143517.L2.OC_AOP.V3_0.nc,98.25503961564154,2025-02-28 14:37:46.500000+00:00,0.0006439387798309,0.0001869141269708,7.083400851115584e-05,7.529673166573048e-05,1.7299814224243164,0.0088927410542964,-32767.0,0.0004213578712669,0.0010600090026855,1.9278991222381592,2.1407792568206787,0.0104997646805307,0.026578124773978,-2.7295806407928467,-17.383516311645508
4903489,4903489QC.nc,74,-2.655,-17.165999999999997,2025-03-19 21:16:59.999999488+00:00,-30.161808068634176,"PACE_OCI_L2_AOP_PACE_OCI.20250319T142132.L2.OC_AOP.V3_0.nc_3.0,PACE_OCI_L2_AOP_PACE_OCI.20250320T145701.L2.OC_AOP.V3_0.nc_3.0",PACE_OCI_L2_AOP_PACE_OCI.20250319T142132.L2.OC_AOP.V3_0.nc_3.0,PACE_OCI.20250319T142132.L2.OC_AOP.V3_0.nc,0.6025868353275958,2025-03-19 14:24:01.500000+00:00,0.0018756359349936,0.0002575816761236,8.81620217114687e-05,8.380482904613018e-05,0.1548250913619995,0.0117708016186952,-32767.0,0.001083570222928,0.0017300099134445,1.869913578033448,2.088584423065185,0.0267849741577703,0.0266375545039241,-2.6595046520233154,-17.169015884399414
4903489,4903489QC.nc,78,-3.314,-19.93599999999998,2025-04-29 05:54:59.999997952+00:00,-20.680715082365563,PACE_OCI_L2_AOP_PACE_OCI.20250428T145549.L2.OC_AOP.V3_0.nc_3.0,PACE_OCI_L2_AOP_PACE_OCI.20250428T145549.L2.OC_AOP.V3_0.nc_3.0,PACE_OCI.20250428T145549.L2.OC_AOP.V3_0.nc,9.60347341272379,2025-04-28 14:58:18.500000+00:00,0.0014042818220332,0.0004061970394104,7.837999146431684e-05,8.035707287490368e-05,1.7859554290771484,0.0137080000713467,-32767.0,0.000930682717001,0.0025700032711029,1.8999991416931152,2.1252801418304443,0.0231362239959319,0.0191038781247507,-3.385831356048584,-19.984033584594727
4903533,4903533QC.nc,35,41.488,-27.72699999999997,2024-04-11 10:29:00.000003584+00:00,34.63200069115471,PACE_OCI_L2_AOP_PACE_OCI.20240411T133012.L2.OC_AOP.V3_0.nc_3.0,PACE_OCI_L2_AOP_PACE_OCI.20240411T133012.L2.OC_AOP.V3_0.nc_3.0,PACE_OCI.20240411T133012.L2.OC_AOP.V3_0.nc,61.82979067527421,2024-04-11 13:32:41.500000+00:00,0.0020177618134766,0.0001841111807152,9.273644536733629e-05,9.600468911230564e-05,1.1232447624206543,0.0463698096573352,0.1947851181030273,0.0012926490579559,0.0032249987125396,1.5740529298782349,1.766412377357483,0.0304050989081379,0.026911347659411,41.81968307495117,-28.324310302734375
4903533,4903533QC.nc,37,41.134,-28.24200000000002,2024-05-01 09:20:59.999995392+00:00,27.05626858879459,PACE_OCI_L2_AOP_PACE_OCI.20240501T151451.L2.OC_AOP.V3_0.nc_3.0,PACE_OCI_L2_AOP_PACE_OCI.20240501T151451.L2.OC_AOP.V3_0.nc_3.0,PACE_OCI.20240501T151451.L2.OC_AOP.V3_0.nc,282.1691641329891,2024-05-01 15:17:20.500000+00:00,0.0037892535328865,0.0004263298469595,0.0001023435033857,0.000100306700915,1.6606121063232422,0.0242358800023794,0.0457799434661865,0.0025273320256183,0.005960002541542,1.767760992050171,2.0164828300476074,0.0617830748069775,0.0174779544569205,40.56147003173828,-31.510364532470703
4903533,4903533QC.nc,43,40.865,-28.25,2024-06-30 03:42:00.000000512+00:00,-21.4786819655984,PACE_OCI_L2_AOP_PACE_OCI.20240629T150331.L2.OC_AOP.V3_0.nc_3.0,PACE_OCI_L2_AOP_PACE_OCI.20240629T150331.L2.OC_AOP.V3_0.nc_3.0,PACE_OCI.20240629T150331.L2.OC_AOP.V3_0.nc,73.38963571080427,2024-06-29 15:06:00.500000+00:00,0.0043347310274839,0.0005255935830064,9.261490777134895e-05,9.433319792151452e-05,0.0853237062692642,0.0117007149383425,-32767.0,0.0025673969772132,0.006860002875328,1.8989222049713133,2.152042388916016,0.0640878203609874,0.0072871796070106,41.16281509399414,-27.46940040588379
4903533,4903533QC.nc,44,41.144,-28.28800000000001,2024-07-10 02:01:59.999996416+00:00,-26.668482085594032,PACE_OCI_L2_AOP_PACE_OCI.20240710T145131.L2.OC_AOP.V3_0.nc_3.0,PACE_OCI_L2_AOP_PACE_OCI.20240710T145131.L2.OC_AOP.V3_0.nc_3.0,PACE_OCI.20240710T145131.L2.OC_AOP.V3_0.nc,3.562257578804148,2024-07-10 14:54:01+00:00,0.0026085991412401,0.0002874400233849,7.936987094581127e-05,7.812352851033211e-05,0.999164879322052,0.012095171958208,-32767.0,0.0016258194134708,0.0034200102090835,1.85813057422638,2.090365171432495,0.0401999690072964,0.0234887320975342,41.16883850097656,-28.31487274169922
4903533,4903533QC.nc,45,41.204,-28.433,2024-07-20 01:30:00+00:00,-27.812410367019265,PACE_OCI_L2_AOP_PACE_OCI.20240719T150812.L2.OC_AOP.V3_0.nc_3.0,PACE_OCI_L2_AOP_PACE_OCI.20240719T150812.L2.OC_AOP.V3_0.nc_3.0,PACE_OCI.20240719T150812.L2.OC_AOP.V3_0.nc,1.942945547581054,2024-07-19 15:10:41.500000+00:00,0.0016795254778116,0.0001961664675036,7.972773164510727e-05,8.51283548399806e-05,1.881943941116333,0.0114642083644866,-32767.0,0.0011341996248759,0.0034800022840499,1.871363878250122,2.116829872131348,0.0281588312057159,0.0236629118682524,41.20402145385742,-28.45622444152832
4903533,4903533QC.nc,46,41.094,-28.697000000000003,2024-07-30 00:56:59.999997440+00:00,-28.643801953745243,PACE_OCI_L2_AOP_PACE_OCI.20240730T145520.L2.OC_AOP.V3_0.nc_3.0,PACE_OCI_L2_AOP_PACE_OCI.20240730T145520.L2.OC_AOP.V3_0.nc_3.0,PACE_OCI.20240730T145520.L2.OC_AOP.V3_0.nc,22.30766167951605,2024-07-30 14:57:50+00:00,0.0033321103546768,0.0005308968829922,9.147170931100844e-05,8.841953240334988e-05,0.6424915790557861,0.0132990116253495,-32767.0,0.0020531857260316,0.0046750009059906,1.791148066520691,2.032362222671509,0.0503151228821451,0.0271656480439844,41.26314926147461,-28.840316772460938
4903533,4903533QC.nc,47,41.071,-29.007000000000005,2024-08-08 22:47:59.999995904+00:00,-17.64858081092147,PACE_OCI_L2_AOP_PACE_OCI.20240808T151121.L2.OC_AOP.V3_0.nc_3.0,PACE_OCI_L2_AOP_PACE_OCI.20240808T151121.L2.OC_AOP.V3_0.nc_3.0,PACE_OCI.20240808T151121.L2.OC_AOP.V3_0.nc,7.143660299392238,2024-08-08 15:13:50.500000+00:00,0.0007259984267875,0.0002614270488265,8.555554086342454e-05,9.319838136434556e-05,1.7517443895339966,0.0013351058587431,-32767.0,0.0004888524899163,0.0017200112342834,1.859090566635132,2.1256749629974365,0.0121533247054176,0.0393249638372242,41.01641082763672,-29.051908493041992
4903564,4903564QC.nc,0,25.404,-29.01400000000001,2025-02-12 21:28:00.000000512+00:00,-23.076736133972616,PACE_OCI_L2_AOP_PACE_OCI.20250213T140342.L2.OC_AOP.V3_0.nc_3.0,PACE_OCI_L2_AOP_PACE_OCI.20250213T140342.L2.OC_AOP.V3_0.nc_3.0,PACE_OCI.20250213T140342.L2.OC_AOP.V3_0.nc,0.523083909434779,2025-02-13 14:06:11.500000+00:00,0.0009270242298953,0.0002506545279175,7.362716132774949e-05,7.243681466206908e-05,0.6481975317001343,0.0014604169409722,-32767.0,0.0005217053248463,0.0013950020074844,1.933797597885132,2.158366680145264,0.0130356037866,0.0310620750039037,25.405717849731445,-29.009151458740234
4903564,4903564QC.nc,2,25.184,-29.22800000000001,2025-03-05 00:20:59.999995392+00:00,-57.95925518860338,PACE_OCI_L2_AOP_PACE_OCI.20250305T142611.L2.OC_AOP.V3_0.nc_3.0,PACE_OCI_L2_AOP_PACE_OCI.20250305T142611.L2.OC_AOP.V3_0.nc_3.0,PACE_OCI.20250305T142611.L2.OC_AOP.V3_0.nc,1.5261503402004537,2025-03-05 14:28:40.500000+00:00,2.259810798932449e-06,0.0005611659726127,1.0322119123884477e-06,3.225756927349721e-06,0.975533664226532,4.402836566441693e-05,-32767.0,,-28133.0,1.999123215675354,,,,25.186105728149414,-29.2130126953125
4903564,4903564QC.nc,5,24.402,-29.023000000000025,2025-04-04 04:50:59.999995392+00:00,-38.39952729228884,PACE_OCI_L2_AOP_PACE_OCI.20250404T140333.L2.OC_AOP.V3_0.nc_3.0,PACE_OCI_L2_AOP_PACE_OCI.20250404T140333.L2.OC_AOP.V3_0.nc_3.0,PACE_OCI.20250404T140333.L2.OC_AOP.V3_0.nc,0.6779014004388991,2025-04-04 14:06:02.500000+00:00,0.0009536896832287,7.790532981744036e-05,3.067869693040848e-05,3.191095311194658e-05,1.9380978345870967,0.0063610915094614,-32767.0,0.0006510385114922,0.0018950104713439,1.9690017700195312,2.185728073120117,0.0163359468953741,0.0196329053586227,24.406526565551758,-29.027484893798828
4903564,4903564QC.nc,6,24.178,-28.84699999999998,2025-04-14 06:31:00+00:00,-14.890322131617207,PACE_OCI_L2_AOP_PACE_OCI.20250413T142707.L2.OC_AOP.V3_0.nc_3.0,PACE_OCI_L2_AOP_PACE_OCI.20250413T142707.L2.OC_AOP.V3_0.nc_3.0,PACE_OCI.20250413T142707.L2.OC_AOP.V3_0.nc,1.874726284577552,2025-04-13 14:29:36.500000+00:00,0.0015627520624548,0.0003670508449431,7.758080027997494e-05,7.989490404725075e-05,1.5675052404403689,0.0058448994532227,-32767.0,0.0009985073073655,0.0028800070285797,1.952413558959961,2.178954839706421,0.0250285352385631,0.0176119749626345,24.171934127807617,-28.864242553710938
4903565,4903565QC.nc,0,18.238,-49.012,2025-02-18 05:45:00.000003584+00:00,-56.73001398694487,PACE_OCI_L2_AOP_PACE_OCI.20250217T162600.L2.OC_AOP.V3_0.nc_3.0,PACE_OCI_L2_AOP_PACE_OCI.20250217T162600.L2.OC_AOP.V3_0.nc_3.0,PACE_OCI.20250217T162600.L2.OC_AOP.V3_0.nc,6.817257026979305,2025-02-17 16:28:29.500000+00:00,0.0032680300064384,0.0004435188020579,8.157477714121342e-05,7.881456986069679e-05,0.1756957173347473,0.0083710104227066,-32767.0,0.0019397783650297,0.0039300024509429,1.9502079486846924,2.1630125045776367,0.0485030445036442,0.010764590687093,18.182188034057617,-48.98529052734375
4903565,4903565QC.nc,4,16.114,-49.32400000000001,2025-03-30 08:51:00.000002048+00:00,-6.253128622473739,PACE_OCI_L2_AOP_PACE_OCI.20250330T160134.L2.OC_AOP.V3_0.nc_3.0,PACE_OCI_L2_AOP_PACE_OCI.20250330T160134.L2.OC_AOP.V3_0.nc_3.0,PACE_OCI.20250330T160134.L2.OC_AOP.V3_0.nc,5.934377993427177,2025-03-30 16:04:03.500000+00:00,0.0020945842843502,0.0005581495352089,0.0001093097962439,0.0001041674986481,0.6433495283126831,0.0061192451976239,-32767.0,0.001260640523513,0.0028600096702575,1.970691084861756,2.1855602264404297,0.0316313448805189,0.011316406630816,16.158628463745117,-49.354469299316406
4903570,4903570QC.nc,13,31.882,-65.34100000000001,2024-04-22 03:24:00.000004608+00:00,-43.80481166297522,PACE_OCI_L2_AOP_PACE_OCI.20240422T163338.L2.OC_AOP.V3_0.nc_3.0,PACE_OCI_L2_AOP_PACE_OCI.20240422T163338.L2.OC_AOP.V3_0.nc_3.0,PACE_OCI.20240422T163338.L2.OC_AOP.V3_0.nc,15.572232701902506,2024-04-22 16:36:07.500000+00:00,0.0015182392671704,0.0002673158887773,6.655987817794085e-05,7.553189061582088e-05,1.8860886096954343,0.0072755967266857,-32767.0,0.0010287597857338,0.0028800070285797,1.905451297760009,2.1428351402282715,0.0256436637200834,0.0279612912278365,31.944467544555664,-65.48866271972656
4903570,4903570QC.nc,14,32.27,-65.25599999999997,2024-05-02 02:15:00+00:00,-33.90426444899084,PACE_OCI_L2_AOP_PACE_OCI.20240502T172807.L2.OC_AOP.V3_0.nc_3.0,PACE_OCI_L2_AOP_PACE_OCI.20240502T172807.L2.OC_AOP.V3_0.nc_3.0,PACE_OCI.20240502T172807.L2.OC_AOP.V3_0.nc,0.3014527212227241,2024-05-02 17:30:36.500000+00:00,0.0012825363082811,0.0001369660458294,6.407801993191242e-05,7.040437776595354e-05,1.7975083589553833,0.0028283090796321,0.0423800945281982,0.0008380244348532,0.0023100078105926,1.9322482347488403,2.1654746532440186,0.0209622756715497,0.0296741275094446,32.26807403564453,-65.25825500488281
4903570,4903570QC.nc,16,32.632,-64.839,2024-05-22 00:44:00.000003584+00:00,-16.651981230758558,PACE_OCI_L2_AOP_PACE_OCI.20240522T173748.L2.OC_AOP.V3_0.nc_3.0,PACE_OCI_L2_AOP_PACE_OCI.20240522T173748.L2.OC_AOP.V3_0.nc_3.0,PACE_OCI.20240522T173748.L2.OC_AOP.V3_0.nc,107.52662437963193,2024-05-22 17:40:17.500000+00:00,0.0006859387503936,0.000351882277755,6.913795368745923e-05,7.35869980417192e-05,1.8417985439300537,0.0003537325828801,-32767.0,0.0004965627851518,0.0013650059700012,1.81052827835083,2.0772042274475098,0.0122531146342097,0.0514966449895218,33.15550231933594,-65.80730438232422
4903570,4903570QC.nc,17,32.675,-64.78899999999999,2024-06-01 01:24:00.000001536+00:00,-21.41045357449245,PACE_OCI_L2_AOP_PACE_OCI.20240601T165222.L2.OC_AOP.V3_0.nc_3.0,PACE_OCI_L2_AOP_PACE_OCI.20240601T165222.L2.OC_AOP.V3_0.nc_3.0,PACE_OCI.20240601T165222.L2.OC_AOP.V3_0.nc,0.2294052476584635,2024-06-01 16:54:51.500000+00:00,0.0012172181159257,0.0003362028801348,7.565005216747522e-05,8.078792598098516e-05,1.7627642154693604,0.0027506193146109,-32767.0,0.0007949529770545,0.0021950006484985,1.9724918603897093,2.188822031021118,0.0199565848467348,0.0191957067880863,32.673404693603516,-64.78744506835938
4903570,4903570QC.nc,19,32.568,-64.85399999999998,2024-06-21 01:04:59.999998976+00:00,-17.018280240015674,"PACE_OCI_L2_AOP_PACE_OCI.20240620T162428.L2.OC_AOP.V3_0.nc_3.0,PACE_OCI_L2_AOP_PACE_OCI.20240621T165911.L2.OC_AOP.V3_0.nc_3.0",PACE_OCI_L2_AOP_PACE_OCI.20240620T162428.L2.OC_AOP.V3_0.nc_3.0,PACE_OCI.20240620T162428.L2.OC_AOP.V3_0.nc,0.2409954177653664,2024-06-20 16:26:57.500000+00:00,0.0013738715788349,0.0003877222479786,7.502792868763208e-05,8.179957512766123e-05,1.7935140132904053,0.0056314948014914,-32767.0,0.000896983470499,0.0022750049829483,1.9318455457687376,2.1630969047546387,0.0224288497237787,0.0245720333711497,32.56698989868164,-64.85172271728516
4903570,4903570QC.nc,20,32.926,-64.47300000000001,2024-07-01 01:36:59.999994880+00:00,-21.59363315489705,PACE_OCI_L2_AOP_PACE_OCI.20240701T175112.L2.OC_AOP.V3_0.nc_3.0,PACE_OCI_L2_AOP_PACE_OCI.20240701T175112.L2.OC_AOP.V3_0.nc_3.0,PACE_OCI.20240701T175112.L2.OC_AOP.V3_0.nc,0.4683138186195159,2024-07-01 17:53:42+00:00,0.0018185034859925,0.0001871694839792,8.03791917860508e-05,8.592905942350626e-05,1.396366000175476,0.0037412205711007,-32767.0,0.0011485762197155,0.0031550079584121,1.970174551010132,2.18976092338562,0.0288381525427753,0.0127924695920924,32.92993927001953,-64.47122955322266
4903570,4903570QC.nc,21,32.941,-65.21499999999997,2024-07-11 01:41:59.999997440+00:00,-22.45899326492676,PACE_OCI_L2_AOP_PACE_OCI.20240711T170428.L2.OC_AOP.V3_0.nc_3.0,PACE_OCI_L2_AOP_PACE_OCI.20240711T170428.L2.OC_AOP.V3_0.nc_3.0,PACE_OCI.20240711T170428.L2.OC_AOP.V3_0.nc,0.3437372952745736,2024-07-11 17:06:58+00:00,0.0019324510358273,0.0009953095577657,6.398349069058895e-05,6.444170139729977e-05,0.6991390585899353,0.0025922150816768,-32767.0,0.0011428751729048,0.0025600045919418,1.98328697681427,2.1916863918304443,0.0287035315264528,0.0132855585211902,32.94307327270508,-65.21227264404297
4903570,4903570QC.nc,24,33.239,-65.64100000000002,2024-08-10 02:15:00+00:00,-31.898254918074265,PACE_OCI_L2_AOP_PACE_OCI.20240810T162025.L2.OC_AOP.V3_0.nc_3.0,PACE_OCI_L2_AOP_PACE_OCI.20240810T162025.L2.OC_AOP.V3_0.nc_3.0,PACE_OCI.20240810T162025.L2.OC_AOP.V3_0.nc,2.388796371619004,2024-08-10 16:22:54.500000+00:00,9.126650547841564e-05,6.975117867114022e-05,3.831807407550514e-05,3.722660039784387e-05,1.462053298950195,1.3651907465828115e-05,-32767.0,7.995238505890079e-05,0.0003049969673156,1.9992332458496087,2.199912548065185,0.0020105674633264,0.0174309464390915,33.257530212402344,-65.65399932861328
4903570,4903570QC.nc,25,33.268,-67.80099999999999,2024-08-30 02:53:00.000005120+00:00,-41.77610013588576,PACE_OCI_L2_AOP_PACE_OCI.20240829T172510.L2.OC_AOP.V3_0.nc_3.0,PACE_OCI_L2_AOP_PACE_OCI.20240829T172510.L2.OC_AOP.V3_0.nc_3.0,PACE_OCI.20240829T172510.L2.OC_AOP.V3_0.nc,0.4561851158695185,2024-08-29 17:27:40+00:00,0.0010651487391442,9.948985825758427e-05,3.894616384059191e-05,4.274165257811546e-05,1.885464549064636,0.0048742112703621,0.0122051239013671,0.0007154552513438,0.001809999346733,1.9858938455581665,2.193164587020874,0.0179728913593234,0.0140134220443621,33.26683807373047,-67.79629516601562
4903570,4903570QC.nc,30,32.016,-66.32100000000003,2024-10-19 03:08:00.000001536+00:00,-63.8137290453763,PACE_OCI_L2_AOP_PACE_OCI.20241019T171401.L2.OC_AOP.V3_0.nc_3.0,PACE_OCI_L2_AOP_PACE_OCI.20241019T171401.L2.OC_AOP.V3_0.nc_3.0,PACE_OCI.20241019T171401.L2.OC_AOP.V3_0.nc,21.249919806894127,2024-10-19 17:16:30.500000+00:00,0.0030500823631882,0.0005214943084865,8.136732503771782e-05,7.639778777956963e-05,0.2385147511959076,0.0065203225240111,-32767.0,0.0017971668665442,0.0035500079393386,1.9537999629974363,2.168522596359253,0.0449753129405582,0.0128138460848144,32.2037353515625,-66.36318969726562
4903570,4903570QC.nc,32,31.471,-67.03699999999998,2024-11-08 04:33:59.999995904+00:00,-74.3994284896623,PACE_OCI_L2_AOP_PACE_OCI.20241108T170955.L2.OC_AOP.V3_0.nc_3.0,PACE_OCI_L2_AOP_PACE_OCI.20241108T170955.L2.OC_AOP.V3_0.nc_3.0,PACE_OCI.20241108T170955.L2.OC_AOP.V3_0.nc,0.4410320834225734,2024-11-08 17:12:24.500000+00:00,0.0013930851127952,0.000439727155026,5.573604721575976e-05,5.473429337143898e-05,0.4301520884037018,0.0024150041863322,-32767.0,0.0008092130207966,0.0019000023603439,1.9841667413711548,2.1925628185272217,0.0203262866616342,0.0159820133647493,31.47494888305664,-67.03657531738281
4903570,4903570QC.nc,43,31.633,-68.70999999999998,2025-02-26 20:59:00.000003584+00:00,17.97355646279179,PACE_OCI_L2_AOP_PACE_OCI.20250227T172628.L2.OC_AOP.V3_0.nc_3.0,PACE_OCI_L2_AOP_PACE_OCI.20250227T172628.L2.OC_AOP.V3_0.nc_3.0,PACE_OCI.20250227T172628.L2.OC_AOP.V3_0.nc,2.97394191075415,2025-02-27 17:28:57.500000+00:00,0.0023896906059235,0.0005564277525991,9.001698344945908e-05,9.103608317673206e-05,0.0325801186263561,0.0151591477915644,-32767.0,0.0013148082372966,0.0011499971151351,1.886969804763794,2.095912456512451,0.0325377262712169,0.026148431801474,31.625661849975586,-68.74020385742188
4903570,4903570QC.nc,44,32.005,-68.32600000000002,2025-03-08 21:47:00.000003072+00:00,9.634837089167164,PACE_OCI_L2_AOP_PACE_OCI.20250308T175106.L2.OC_AOP.V3_0.nc_3.0,PACE_OCI_L2_AOP_PACE_OCI.20250308T175106.L2.OC_AOP.V3_0.nc_3.0,PACE_OCI.20250308T175106.L2.OC_AOP.V3_0.nc,60.17406803330498,2025-03-08 17:53:35.500000+00:00,0.0007711465586908,0.0001736420963425,9.826954919844866e-05,0.0001020332565531,1.2933244705200195,0.0004327562346588,-32767.0,0.0004639642681256,0.0012850016355514,1.9278806447982788,2.151296138763428,0.0115802266039858,0.0371679644927203,31.96712875366211,-67.68953704833984
4903570,4903570QC.nc,45,32.175,-67.719,2025-03-19 01:46:00.000003072+00:00,-38.47998984202022,PACE_OCI_L2_AOP_PACE_OCI.20250319T174816.L2.OC_AOP.V3_0.nc_3.0,PACE_OCI_L2_AOP_PACE_OCI.20250319T174816.L2.OC_AOP.V3_0.nc_3.0,PACE_OCI.20250319T174816.L2.OC_AOP.V3_0.nc,23.54342146845822,2025-03-19 17:50:45.500000+00:00,0.0011269426904618,0.0004143475962337,8.678971789777279e-05,8.239457383751869e-05,0.4346372485160827,0.0036960639990866,0.0744249820709228,0.0006442018747531,0.0015100091695785,1.9513888359069824,2.17000675201416,0.016125274659655,0.0252811329272638,32.042755126953125,-67.52378845214844
4903570,4903570QC.nc,48,32.145,-66.54599999999999,2025-04-18 06:10:00.000004608+00:00,-40.20499049372508,PACE_OCI_L2_AOP_PACE_OCI.20250418T172400.L2.OC_AOP.V3_0.nc_3.0,PACE_OCI_L2_AOP_PACE_OCI.20250418T172400.L2.OC_AOP.V3_0.nc_3.0,PACE_OCI.20250418T172400.L2.OC_AOP.V3_0.nc,2.4024745767626583,2025-04-18 17:26:29.500000+00:00,0.0027969263028353,0.0007365317433141,7.432838901877403e-05,7.100286893546581e-05,0.2446135878562927,0.0070719439536333,-32767.0,0.0016433644315661,0.0030599981546401,1.9070249795913696,2.130718469619751,0.0408873360440907,0.0221281146307455,32.151611328125,-66.57029724121094
4903570,4903570QC.nc,49,32.286,-66.75299999999999,2025-04-28 08:37:00.000001536+00:00,-13.79703283524824,PACE_OCI_L2_AOP_PACE_OCI.20250427T174713.L2.OC_AOP.V3_0.nc_3.0,PACE_OCI_L2_AOP_PACE_OCI.20250427T174713.L2.OC_AOP.V3_0.nc_3.0,PACE_OCI.20250427T174713.L2.OC_AOP.V3_0.nc,1.7492180441561604,2025-04-27 17:49:42.500000+00:00,0.0011436756467446,0.0002579742576926,6.940169259905815e-05,7.179961539804935e-05,1.8329136371612549,0.0028818871360272,0.0674550533294677,0.000752251995709,0.0023450106382369,1.948611736297608,2.179526090621948,0.01885757241167,0.0214021638890372,32.2905387878418,-66.73518371582031
4903571,4903571QC.nc,5,19.99,-22.78800000000001,2024-04-30 00:06:59.999994880+00:00,-49.82510644930292,PACE_OCI_L2_AOP_PACE_OCI.20240429T140459.L2.OC_AOP.V3_0.nc_3.0,PACE_OCI_L2_AOP_PACE_OCI.20240429T140459.L2.OC_AOP.V3_0.nc_3.0,PACE_OCI.20240429T140459.L2.OC_AOP.V3_0.nc,0.657059130045888,2024-04-29 14:07:28.500000+00:00,0.0020299712195992,0.0005521136336028,0.0001541561214253,0.0001479324419051,1.2794593572616575,0.0030962780583649,-32767.0,0.0012297440989016,0.0035900026559829,1.7639060020446775,1.991322875022888,0.0299459154078083,0.0486999363329313,19.986408233642578,-22.783008575439453
4903571,4903571QC.nc,14,19.998,-23.13299999999998,2024-08-07 20:09:00.000001536+00:00,-1.5021642598154972,PACE_OCI_L2_AOP_PACE_OCI.20240807T143649.L2.OC_AOP.V3_0.nc_3.0,PACE_OCI_L2_AOP_PACE_OCI.20240807T143649.L2.OC_AOP.V3_0.nc_3.0,PACE_OCI.20240807T143649.L2.OC_AOP.V3_0.nc,339.88146768525314,2024-08-07 14:39:18.500000+00:00,0.0013878806494176,0.0002680231409613,0.0001640801783651,0.0001639183610677,0.7092876434326172,7.349610677920282e-05,-32767.0,0.0007575485857035,0.0016100108623504,1.8791170120239256,2.0826730728149414,0.0187089296697627,0.0469628361090606,20.016828536987305,-26.38593864440918
4903571,4903571QC.nc,17,20.153,-23.944000000000017,2024-09-06 19:12:00.000004096+00:00,7.297730466600045,PACE_OCI_L2_AOP_PACE_OCI.20240907T142317.L2.OC_AOP.V3_0.nc_3.0,PACE_OCI_L2_AOP_PACE_OCI.20240907T142317.L2.OC_AOP.V3_0.nc_3.0,PACE_OCI.20240907T142317.L2.OC_AOP.V3_0.nc,0.4940112645476989,2024-09-07 14:25:46.500000+00:00,0.0021698339842259,0.0003535557189024,7.057585753500462e-05,6.891973316669464e-05,0.4927723407745361,0.0104799168184399,-32767.0,0.001303560529428,0.0024850070476531,1.840953350067139,2.0616226196289062,0.0320893088404173,0.0312199392140062,20.15334701538086,-23.939281463623047
4903571,4903571QC.nc,23,20.972,-26.687999999999988,2024-11-05 19:05:59.999995392+00:00,0.3006436689816497,PACE_OCI_L2_AOP_PACE_OCI.20241105T134350.L2.OC_AOP.V3_0.nc_3.0,PACE_OCI_L2_AOP_PACE_OCI.20241105T134350.L2.OC_AOP.V3_0.nc_3.0,PACE_OCI.20241105T134350.L2.OC_AOP.V3_0.nc,4.938552455593379,2024-11-05 13:46:20+00:00,0.0004318209830671,0.000382504746085,6.549392128363252e-05,7.169833406805992e-05,1.387874960899353,0.005119084380567,-32767.0,0.000267571255496,0.0007100105285644,1.969927668571472,2.187529802322388,0.0067157991219788,0.0229956036249089,20.977998733520508,-26.735130310058594
4903571,4903571QC.nc,28,22.27,-28.32299999999998,2024-12-26 06:05:00.000002048+00:00,-32.61243302084827,PACE_OCI_L2_AOP_PACE_OCI.20241225T143554.L2.OC_AOP.V3_0.nc_3.0,PACE_OCI_L2_AOP_PACE_OCI.20241225T143554.L2.OC_AOP.V3_0.nc_3.0,PACE_OCI.20241225T143554.L2.OC_AOP.V3_0.nc,0.3925908064217387,2024-12-25 14:38:23.500000+00:00,0.0011165043106302,0.0010055853053927,4.829058889299631e-05,5.167152266949415e-05,1.7987521886825562,0.0124958278611302,-32767.0,0.0007435395530921,0.0021650046110153,1.8898499011993408,2.1234548091888428,0.0184787556295636,0.0266453018124447,22.272193908691406,-28.325990676879883
4903571,4903571QC.nc,32,20.632,-28.754999999999995,2025-02-14 13:40:00.000004608+00:00,55.80845041527983,PACE_OCI_L2_AOP_PACE_OCI.20250213T140342.L2.OC_AOP.V3_0.nc_3.0,PACE_OCI_L2_AOP_PACE_OCI.20250213T140342.L2.OC_AOP.V3_0.nc_3.0,PACE_OCI.20250213T140342.L2.OC_AOP.V3_0.nc,1.2808799534708315,2025-02-13 14:06:11.500000+00:00,0.0022592390887439,0.0008856779313646,7.035350427031517e-05,6.916467100381851e-05,0.1276460289955139,0.0150135625153779,-32767.0,0.0013224345364892,0.0029949992895126,1.862110137939453,2.1004128456115723,0.0327491649017516,0.0175575115488723,20.639822006225586,-28.74596405029297
4903571,4903571QC.nc,34,20.311,-28.76400000000001,2025-03-06 16:32:00.000003072+00:00,45.93172401676339,PACE_OCI_L2_AOP_PACE_OCI.20250307T135851.L2.OC_AOP.V3_0.nc_3.0,PACE_OCI_L2_AOP_PACE_OCI.20250307T135851.L2.OC_AOP.V3_0.nc_3.0,PACE_OCI.20250307T135851.L2.OC_AOP.V3_0.nc,22.070116921772083,2025-03-07 14:01:20.500000+00:00,0.00139707676135,0.0003465935296844,7.62429554015398e-05,8.14636005088687e-05,1.5519535541534424,0.0096882302314043,-32767.0,0.0008948909664188,0.002355009317398,1.9537549018859863,2.1749720573425293,0.0224175255981145,0.0145249225944859,20.46918296813965,-28.636096954345703
4903571,4903571QC.nc,38,20.241,-28.899999999999977,2025-04-15 21:59:59.999996416+00:00,-24.649975303722588,PACE_OCI_L2_AOP_PACE_OCI.20250415T135931.L2.OC_AOP.V3_0.nc_3.0,PACE_OCI_L2_AOP_PACE_OCI.20250415T135931.L2.OC_AOP.V3_0.nc_3.0,PACE_OCI.20250415T135931.L2.OC_AOP.V3_0.nc,157.43969606361838,2025-04-15 14:02:00.500000+00:00,0.0017517210217192,0.0003245787520427,6.66024861857295e-05,7.061101496219635e-05,1.8567900657653809,0.0086394911631941,0.0058300495147705,0.0011670338563067,0.0031100064516067,1.9470129013061523,2.172544240951538,0.0292239203553024,0.0145367723009841,21.230390548706055,-27.816984176635742
4903587,4903587QC.nc,99,32.848,-155.995,2024-10-14 19:52:00.000001536+00:00,37.21205162068004,PACE_OCI_L2_AOP_PACE_OCI.20241013T233344.L2.OC_AOP.V3_0.nc_3.0,PACE_OCI_L2_AOP_PACE_OCI.20241013T233344.L2.OC_AOP.V3_0.nc_3.0,PACE_OCI.20241013T233344.L2.OC_AOP.V3_0.nc,19.145385408167183,2024-10-13 23:36:13.500000+00:00,0.0034353288356214,0.0011630916269496,9.472528472542764e-05,9.381165727972984e-05,0.2292328029870987,0.0083722975105047,-32767.0,0.0020581389859249,0.0044450014829635,1.942709684371948,2.162263870239258,0.0514566463695743,0.0099101699571612,32.707908630371094,-156.1140594482422
4903747,4903747QC.nc,31,-26.227,108.806,2024-06-12 14:15:59.999996416+00:00,-56.19908494543056,PACE_OCI_L2_AOP_PACE_OCI.20240613T053307.L2.OC_AOP.V3_0.nc_3.0,PACE_OCI_L2_AOP_PACE_OCI.20240613T053307.L2.OC_AOP.V3_0.nc_3.0,PACE_OCI.20240613T053307.L2.OC_AOP.V3_0.nc,0.9577103724989822,2024-06-13 05:35:37+00:00,0.0014468849403783,0.0002093859366141,5.665561184287071e-05,5.42961061000824e-05,0.129169076681137,0.0085998456925153,-32767.0,0.0008240757681487,0.0020900070667266,1.9139338731765747,2.152651786804199,0.0205726584535497,0.0215876897879494,-26.226228713989258,108.79644012451172
4903830,4903830QC.nc,5,26.97,-35.94,2025-03-02 16:55:00.000001024+00:00,42.21517449969698,PACE_OCI_L2_AOP_PACE_OCI.20250302T155622.L2.OC_AOP.V3_0.nc_3.0,PACE_OCI_L2_AOP_PACE_OCI.20250302T155622.L2.OC_AOP.V3_0.nc_3.0,PACE_OCI.20250302T155622.L2.OC_AOP.V3_0.nc,28.899005561724888,2025-03-02 15:58:51.500000+00:00,0.0033057713881134,0.0003385894524399,0.0001008796971291,9.71152912825346e-05,0.1441879272460937,0.0090265460312366,-32767.0,0.0019379665635076,0.0045800060033798,1.917721390724182,2.155740976333618,0.0484034557640774,0.0129509157425026,26.849821090698242,-36.198421478271484
4903831,4903831QC.nc,0,-19.997,7.969,2025-03-29 04:10:00.000001024+00:00,-20.635399912869254,PACE_OCI_L2_AOP_PACE_OCI.20250329T115924.L2.OC_AOP.V3_0.nc_3.0,PACE_OCI_L2_AOP_PACE_OCI.20250329T115924.L2.OC_AOP.V3_0.nc_3.0,PACE_OCI.20250329T115924.L2.OC_AOP.V3_0.nc,1.284133414184614,2025-03-29 12:01:53.500000+00:00,0.0012111922260373,0.0001903958182083,5.9187994338572025e-05,6.213609594851732e-05,1.8788578510284424,0.0142098478972911,0.1356251239776611,0.0008297679147097,0.0025100111961364,1.8201438188552856,2.06657075881958,0.0204417033447486,0.0357018850978312,-19.99898910522461,7.981105804443359
4903831,4903831QC.nc,1,-19.892,8.197,2025-04-08 04:26:00.000004096+00:00,-17.24771834291819,PACE_OCI_L2_AOP_PACE_OCI.20250408T125830.L2.OC_AOP.V3_0.nc_3.0,PACE_OCI_L2_AOP_PACE_OCI.20250408T125830.L2.OC_AOP.V3_0.nc_3.0,PACE_OCI.20250408T125830.L2.OC_AOP.V3_0.nc,0.6378444958422389,2025-04-08 13:00:59.500000+00:00,0.0008092335774563,0.0001593888009665,3.536563599482179e-05,3.588944673538208e-05,1.9328784942626955,0.0087493220344185,-32767.0,0.0005635413407897,0.0016500055789947,1.9094033241271973,2.1445491313934326,0.0140509797339622,0.0329729794551168,-19.895103454589844,8.191869735717773
5906026,5906026QC.nc,115,53.889,-137.834,2024-08-02 03:24:00.000004608+00:00,13.315704525275926,PACE_OCI_L2_AOP_PACE_OCI.20240802T200036.L2.OC_AOP.V3_0.nc_3.0,PACE_OCI_L2_AOP_PACE_OCI.20240802T200036.L2.OC_AOP.V3_0.nc_3.0,PACE_OCI.20240802T200036.L2.OC_AOP.V3_0.nc,1.3253890185417128,2024-08-02 20:03:05.500000+00:00,0.0020713075064122,0.0002061577542917,0.0001204876461997,0.0001265837345272,1.859769344329834,0.0399790965020656,0.1539850234985351,0.0016287642970617,0.0038499981164932,1.1099398136138916,1.2234755754470823,0.0352351537100488,0.096534479640101,53.881004333496094,-137.8489990234375
5906036,5906036QC.nc,198,-31.222,48.506,2024-08-12 23:53:00.000005120+00:00,-45.24661714916524,PACE_OCI_L2_AOP_PACE_OCI.20240813T093723.L2.OC_AOP.V3_0.nc_3.0,PACE_OCI_L2_AOP_PACE_OCI.20240813T093723.L2.OC_AOP.V3_0.nc_3.0,PACE_OCI.20240813T093723.L2.OC_AOP.V3_0.nc,0.5032097951643278,2024-08-13 09:39:52.500000+00:00,0.0007646214216947,0.0001327408390352,4.710105713456869e-05,4.9193797167390585e-05,1.8500571250915527,0.0053557357750833,-32767.0,0.0005294552247574,0.0017050057649612,1.894566297531128,2.1263606548309326,0.0131641378067064,0.0419607309731821,-31.21748161315918,48.50569534301758
5906036,5906036QC.nc,216,-31.864,49.038,2025-02-03 06:39:59.999997952+00:00,55.2393886444605,PACE_OCI_L2_AOP_PACE_OCI.20250202T104153.L2.OC_AOP.V3_0.nc_3.0,PACE_OCI_L2_AOP_PACE_OCI.20250202T104153.L2.OC_AOP.V3_0.nc_3.0,PACE_OCI.20250202T104153.L2.OC_AOP.V3_0.nc,5.932480036249364,2025-02-02 10:44:22.500000+00:00,0.0018329181475564,0.000332684139721,6.940611638128757e-05,7.214397192001343e-05,1.8675510883331297,0.0092537524178624,-32767.0,0.0012345015717698,0.0029700100421905,1.9726624488830569,2.186666488647461,0.0309807636485868,0.0089087591441513,-31.901084899902344,49.08317184448242
5906304,5906304QC.nc,127,-33.862,-166.957,2024-07-23 07:10:59.999997440+00:00,-34.790965518959105,PACE_OCI_L2_AOP_PACE_OCI.20240723T234449.L2.OC_AOP.V3_0.nc_3.0,PACE_OCI_L2_AOP_PACE_OCI.20240723T234449.L2.OC_AOP.V3_0.nc_3.0,PACE_OCI.20240723T234449.L2.OC_AOP.V3_0.nc,4.289227744070278,2024-07-23 23:47:18.500000+00:00,0.0013267858885228,0.0004744158068206,9.7741954959929e-05,9.638210758566856e-05,0.3702741861343384,0.0083717508241534,-32767.0,0.0007700924037192,0.0018199980258941,1.9310147762298584,2.1554770469665527,0.0192333653510739,0.0222528091998193,-33.823848724365234,-166.96385192871094
5906304,5906304QC.nc,135,-35.38,-168.318,2024-10-31 05:31:00.000003072+00:00,1.7656007389608748,PACE_OCI_L2_AOP_PACE_OCI.20241101T012207.L2.OC_AOP.V3_0.nc_3.0,PACE_OCI_L2_AOP_PACE_OCI.20241101T012207.L2.OC_AOP.V3_0.nc_3.0,PACE_OCI.20241101T012207.L2.OC_AOP.V3_0.nc,10.915985930668825,2024-11-01 01:24:36.500000+00:00,0.0006490017403848,0.0002514258376322,7.202191045507789e-05,7.411092519760132e-05,1.8205571174621584,0.0015023633604869,-32767.0,0.000446416952546,0.0011800080537796,1.9910802841186523,2.193776845932007,0.0112154620773652,0.0197848274097759,-35.35813903808594,-168.2006378173828
5906304,5906304QC.nc,141,-32.012,-171.844,2025-02-08 06:45:59.999996416+00:00,-5.247118644398394,PACE_OCI_L2_AOP_PACE_OCI.20250209T013617.L2.OC_AOP.V3_0.nc_3.0,PACE_OCI_L2_AOP_PACE_OCI.20250209T013617.L2.OC_AOP.V3_0.nc_3.0,PACE_OCI.20250209T013617.L2.OC_AOP.V3_0.nc,17.10594858092645,2025-02-09 01:38:46.500000+00:00,0.0017613118980079,0.0003958195156883,7.126934360712767e-05,7.332058157771826e-05,1.8802002668380733,0.0039915423840284,-32767.0,0.001189646494904,0.0032050013542175,1.9848716259002688,2.194681406021118,0.0298920003131419,0.0100105569314481,-32.15163803100586,-171.92019653320312
5906305,5906305QC.nc,127,-30.61,-80.36900000000003,2024-04-18 12:06:59.999994880+00:00,4.283849847960346,PACE_OCI_L2_AOP_PACE_OCI.20240417T181839.L2.OC_AOP.V3_0.nc_3.0,PACE_OCI_L2_AOP_PACE_OCI.20240417T181839.L2.OC_AOP.V3_0.nc_3.0,PACE_OCI.20240417T181839.L2.OC_AOP.V3_0.nc,23.23216509931406,2024-04-17 18:21:08.500000+00:00,0.0025014204438775,0.0008816816844046,6.574951112270355e-05,6.2915263697505e-05,0.1845330595970153,0.0078600030392408,-32767.0,0.0014645666528472,0.0034999996423721,1.945526361465454,2.170492649078369,0.0366629014261391,0.0116881859393475,-30.70611000061035,-80.1533432006836
5906305,5906305QC.nc,140,-30.584,-80.233,2024-08-26 07:23:00.000005120+00:00,-55.40696330094352,PACE_OCI_L2_AOP_PACE_OCI.20240825T180901.L2.OC_AOP.V3_0.nc_3.0,PACE_OCI_L2_AOP_PACE_OCI.20240825T180901.L2.OC_AOP.V3_0.nc_3.0,PACE_OCI.20240825T180901.L2.OC_AOP.V3_0.nc,45.69161567907401,2024-08-25 18:11:30.500000+00:00,0.0028896103613078,0.0007256271783262,6.280699744820595e-05,6.24821987003088e-05,0.0652792751789093,0.0141357732936739,-32767.0,0.0016929610971202,0.0039350092411041,1.8457168340682983,2.091019868850708,0.0418643349373793,0.0171921770416698,-30.343809127807617,-79.84619903564453
5906305,5906305QC.nc,149,-29.464,-80.41199999999998,2024-11-24 07:33:59.999995904+00:00,-28.822219955424107,PACE_OCI_L2_AOP_PACE_OCI.20241123T185500.L2.OC_AOP.V3_0.nc_3.0,PACE_OCI_L2_AOP_PACE_OCI.20241123T185500.L2.OC_AOP.V3_0.nc_3.0,PACE_OCI.20241123T185500.L2.OC_AOP.V3_0.nc,0.7979243599228398,2024-11-23 18:57:29.500000+00:00,0.0009322174591943,9.688313730293884e-05,3.0371767934411764e-05,3.176549216732383e-05,1.916949152946472,0.0071867704391479,-32767.0,0.0006354420495203,0.0017700046300888,1.968432068824768,2.1861579418182373,0.0159456553388313,0.0197851521314128,-29.467166900634766,-80.40460205078125
5906305,5906305QC.nc,151,-29.336,-80.23500000000001,2024-12-14 07:02:59.999995904+00:00,-31.430635600585887,PACE_OCI_L2_AOP_PACE_OCI.20241214T174828.L2.OC_AOP.V3_0.nc_3.0,PACE_OCI_L2_AOP_PACE_OCI.20241214T174828.L2.OC_AOP.V3_0.nc_3.0,PACE_OCI.20241214T174828.L2.OC_AOP.V3_0.nc,67.8670318593776,2024-12-14 17:50:57.500000+00:00,0.0027817788068205,0.0005403668619692,8.761067874729633e-05,8.433405309915543e-05,0.6965382099151611,0.0088831046596169,-32767.0,0.0016893054004039,0.0041700005531311,1.9387325048446653,2.170889377593994,0.0422914339997355,0.0113487682836029,-29.478506088256836,-79.55374908447266
5906305,5906305QC.nc,155,-29.293,-80.11200000000002,2025-01-23 05:46:59.999996416+00:00,-41.19829215546868,PACE_OCI_L2_AOP_PACE_OCI.20250122T190501.L2.OC_AOP.V3_0.nc_3.0,PACE_OCI_L2_AOP_PACE_OCI.20250122T190501.L2.OC_AOP.V3_0.nc_3.0,PACE_OCI.20250122T190501.L2.OC_AOP.V3_0.nc,7.569272121501839,2025-01-22 19:07:30.500000+00:00,0.0027886962052434,0.0004226843593642,7.481174543499947e-05,7.475074380636215e-05,0.042325384914875,0.0063354414887726,-32767.0,0.0015743556607547,0.0031200051307678,1.9360244274139404,2.158026933670044,0.0393356188551719,0.018830437342405,-29.2620906829834,-80.04246520996094
5906305,5906305QC.nc,159,-29.255,-79.798,2025-03-04 05:48:59.999998976+00:00,-54.14679239577674,PACE_OCI_L2_AOP_PACE_OCI.20250304T183045.L2.OC_AOP.V3_0.nc_3.0,PACE_OCI_L2_AOP_PACE_OCI.20250304T183045.L2.OC_AOP.V3_0.nc_3.0,PACE_OCI.20250304T183045.L2.OC_AOP.V3_0.nc,0.6592789799479066,2025-03-04 18:33:14.500000+00:00,0.0027990920934826,0.0007226238958537,7.217284291982651e-05,7.153535261750221e-05,0.1058826148509979,0.0076495562680065,-32767.0,0.0016248263998997,0.0035600066184997,1.9289041757583616,2.1471991539001465,0.0405289385075071,0.0173157146337217,-29.2531681060791,-79.8044662475586
5906306,5906306QC.nc,135,-37.299,-87.344,2024-08-12 11:48:59.999998976+00:00,-9.902768386835977,PACE_OCI_L2_AOP_PACE_OCI.20240811T181815.L2.OC_AOP.V3_0.nc_3.0,PACE_OCI_L2_AOP_PACE_OCI.20240811T181815.L2.OC_AOP.V3_0.nc_3.0,PACE_OCI.20240811T181815.L2.OC_AOP.V3_0.nc,390.9427298306733,2024-08-11 18:20:44.500000+00:00,0.0016768896020948,0.0005011778557673,8.59962310642004e-05,8.883595000952482e-05,1.6989930868148804,0.0177044086158275,-32767.0,0.0011063800547285,0.0031850039958953,1.876133918762207,2.124166965484619,0.0274992367545346,0.0128901582811312,-33.79427719116211,-87.00062561035156
5906307,5906307QC.nc,152,-38.241,-152.47,2025-03-12 04:02:59.999995904+00:00,5.411385538320913,PACE_OCI_L2_AOP_PACE_OCI.20250312T231457.L2.OC_AOP.V3_0.nc_3.0,PACE_OCI_L2_AOP_PACE_OCI.20250312T231457.L2.OC_AOP.V3_0.nc_3.0,PACE_OCI.20250312T231457.L2.OC_AOP.V3_0.nc,0.6276601927812865,2025-03-12 23:17:26.500000+00:00,0.000802855414804,0.0001055895700119,3.3685879316180944e-05,3.603060031309724e-05,1.8898324966430664,0.0057301921769976,-32767.0,0.0005447449674418,0.0015349984169006,1.9821993112564087,2.193389654159546,0.0136849673119524,0.0166536433527075,-38.238861083984375,-152.47665405273438
5906308,5906308QC.nc,124,-36.818,-77.106,2024-04-23 08:39:00.000004608+00:00,-36.952345326977216,PACE_OCI_L2_AOP_PACE_OCI.20240423T183158.L2.OC_AOP.V3_0.nc_3.0,PACE_OCI_L2_AOP_PACE_OCI.20240423T183158.L2.OC_AOP.V3_0.nc_3.0,PACE_OCI.20240423T183158.L2.OC_AOP.V3_0.nc,0.5938387668698633,2024-04-23 18:34:28+00:00,0.0014521983684971,0.0004966825945302,7.27121951058507e-05,7.503398228436708e-05,1.8275209665298464,0.0274903867393732,0.0273349285125732,0.001040879401296,0.002590000629425,1.525386929512024,1.7430543899536133,0.0243950922296395,0.0635188956506865,-36.82125473022461,-77.10071563720703
5906308,5906308QC.nc,132,-36.65,-75.80700000000002,2024-07-14 13:18:00.000002560+00:00,10.368571144142456,PACE_OCI_L2_AOP_PACE_OCI.20240713T175344.L2.OC_AOP.V3_0.nc_3.0,PACE_OCI_L2_AOP_PACE_OCI.20240713T175344.L2.OC_AOP.V3_0.nc_3.0,PACE_OCI.20240713T175344.L2.OC_AOP.V3_0.nc,65.29458120498313,2024-07-13 17:56:13.500000+00:00,0.0041884896345436,0.000517763022799,9.094644337892532e-05,9.441282600164412e-05,0.0534700341522693,0.0257111601531505,-32767.0,0.0025905154171152,0.0055700093507766,1.741544485092163,1.985954761505127,0.063030338538219,0.011907787761658,-36.25095748901367,-76.34255981445312
5906308,5906308QC.nc,135,-37.137,-76.96199999999999,2024-08-14 09:14:59.999996416+00:00,-31.776880851784927,PACE_OCI_L2_AOP_PACE_OCI.20240813T174853.L2.OC_AOP.V3_0.nc_3.0,PACE_OCI_L2_AOP_PACE_OCI.20240813T174853.L2.OC_AOP.V3_0.nc_3.0,PACE_OCI.20240813T174853.L2.OC_AOP.V3_0.nc,297.6230100707886,2024-08-13 17:51:22.500000+00:00,0.0058329431340098,0.0023675076663494,0.0001305234618484,0.0001314934343099,1.976501941680908,0.0021555013954639,-32767.0,0.0055036033649653,0.0054399967193603,0.0,-0.4064000844955444,0.0926083446132088,0.1624479086741989,-37.13329315185547,-73.60440063476562
5906308,5906308QC.nc,138,-37.406,-77.58100000000002,2024-09-14 03:25:00.000001024+00:00,-48.76482409752754,PACE_OCI_L2_AOP_PACE_OCI.20240913T173417.L2.OC_AOP.V3_0.nc_3.0,PACE_OCI_L2_AOP_PACE_OCI.20240913T173417.L2.OC_AOP.V3_0.nc_3.0,PACE_OCI.20240913T173417.L2.OC_AOP.V3_0.nc,2.567502201723991,2024-09-13 17:36:46.500000+00:00,0.0066584199666976,0.0009032645029947,0.0001085931435227,0.0001086578704416,0.4798163771629333,0.0237869024276733,-32767.0,0.00426304424998,0.0096150040626525,1.7144430875778198,1.957530379295349,0.1032714778238018,0.015411055417581,-37.40330505371094,-77.60987091064453
5906308,5906308QC.nc,140,-37.6,-77.81700000000001,2024-10-04 16:01:59.999999488+00:00,54.57886841259322,PACE_OCI_L2_AOP_PACE_OCI.20241003T173651.L2.OC_AOP.V3_0.nc_3.0,PACE_OCI_L2_AOP_PACE_OCI.20241003T173651.L2.OC_AOP.V3_0.nc_3.0,PACE_OCI.20241003T173651.L2.OC_AOP.V3_0.nc,281.60161052749874,2024-10-03 17:39:20.500000+00:00,0.0085573764517903,0.0011408735299482,0.0001125466078519,0.0001162122935056,1.6952909231185913,0.0522400140762329,-32767.0,0.0058217937497484,0.0124650001525878,1.4720406532287598,1.702069878578186,0.1355860805220611,0.0179459099064581,-38.82237243652344,-74.99394989013672
5906308,5906308QC.nc,144,-37.521,-78.055,2024-11-14 18:03:59.999995904+00:00,65.94920979757568,PACE_OCI_L2_AOP_PACE_OCI.20241115T173753.L2.OC_AOP.V3_0.nc_3.0,PACE_OCI_L2_AOP_PACE_OCI.20241115T173753.L2.OC_AOP.V3_0.nc_3.0,PACE_OCI.20241115T173753.L2.OC_AOP.V3_0.nc,3.75734188583197,2024-11-15 17:40:22.500000+00:00,0.0025155562907457,0.0004981937818229,8.395477198064327e-05,8.627516217529774e-05,1.897247552871704,0.0292537007480859,-32767.0,0.0017150213057907,0.00450000166893,1.7059515714645386,1.975737452507019,0.0416628491122525,0.0220806360399958,-37.554237365722656,-78.06267547607422
5906308,5906308QC.nc,145,-37.456,-78.113,2024-11-25 01:10:00.000001024+00:00,-10.62598467186652,PACE_OCI_L2_AOP_PACE_OCI.20241125T182509.L2.OC_AOP.V3_0.nc_3.0,PACE_OCI_L2_AOP_PACE_OCI.20241125T182509.L2.OC_AOP.V3_0.nc_3.0,PACE_OCI.20241125T182509.L2.OC_AOP.V3_0.nc,0.7572305111221095,2024-11-25 18:27:38.500000+00:00,0.0018772429320961,0.0001095370025723,4.633120261132717e-05,4.748022183775902e-05,1.921668529510498,0.0264945551753044,-32767.0,0.0013257087204974,0.0035250037908554,1.6905776262283323,1.8893420696258545,0.0317792498804492,0.0394755864120937,-37.45248794555664,-78.12035369873047
5906308,5906308QC.nc,147,-37.322,-78.35300000000001,2024-12-15 13:58:59.999996928+00:00,47.2231207446488,PACE_OCI_L2_AOP_PACE_OCI.20241214T174828.L2.OC_AOP.V3_0.nc_3.0,PACE_OCI_L2_AOP_PACE_OCI.20241214T174828.L2.OC_AOP.V3_0.nc_3.0,PACE_OCI.20241214T174828.L2.OC_AOP.V3_0.nc,137.72349528638682,2024-12-14 17:50:57.500000+00:00,0.0062085948884487,0.0009538372978568,7.41938129067421e-05,7.420731708407402e-05,0.0645463019609451,0.0182661227881908,-32767.0,0.0038211232103217,0.0085850059986114,1.7898612022399902,2.042083501815796,0.0937804112358841,0.0097630570057346,-36.150020599365234,-78.85298156738281
5906308,5906308QC.nc,148,-37.285,-78.531,2024-12-25 19:54:00.000004608+00:00,53.21978203919523,PACE_OCI_L2_AOP_PACE_OCI.20241225T173732.L2.OC_AOP.V3_0.nc_3.0,PACE_OCI_L2_AOP_PACE_OCI.20241225T173732.L2.OC_AOP.V3_0.nc_3.0,PACE_OCI.20241225T173732.L2.OC_AOP.V3_0.nc,374.9433542832956,2024-12-25 17:40:02+00:00,0.0014445135602727,0.0001930565485963,7.752061355859041e-05,8.119281847029924e-05,1.9123032093048096,0.0355941206216812,-32767.0,0.0010508537658729,0.003150001168251,1.485102891921997,1.663215398788452,0.0243276055541556,0.0547400553645967,-37.556121826171875,-74.29864501953125
5906308,5906308QC.nc,150,-37.089,-78.92200000000003,2025-01-15 09:17:59.999995904+00:00,-10.109210032244563,"PACE_OCI_L2_AOP_PACE_OCI.20250114T174354.L2.OC_AOP.V3_0.nc_3.0,PACE_OCI_L2_AOP_PACE_OCI.20250115T181837.L2.OC_AOP.V3_0.nc_3.0",PACE_OCI_L2_AOP_PACE_OCI.20250114T174354.L2.OC_AOP.V3_0.nc_3.0,PACE_OCI.20250114T174354.L2.OC_AOP.V3_0.nc,2.124755393878767,2025-01-14 17:46:23.500000+00:00,0.0036655236035585,0.0004855150473304,8.396035991609097e-05,8.484977297484875e-05,1.7836065292358398,0.0241705402731895,-32767.0,0.0024318126461078,0.0060300081968307,1.7729181051254272,2.0116405487060547,0.0594036523750025,0.0166569837546888,-37.10426330566406,-78.90758514404297
5906308,5906308QC.nc,154,-36.368,-78.53300000000002,2025-02-25 11:46:59.999996416+00:00,9.346388136865327,PACE_OCI_L2_AOP_PACE_OCI.20250225T173844.L2.OC_AOP.V3_0.nc_3.0,PACE_OCI_L2_AOP_PACE_OCI.20250225T173844.L2.OC_AOP.V3_0.nc_3.0,PACE_OCI.20250225T173844.L2.OC_AOP.V3_0.nc,2.068224155949689,2025-02-25 17:41:13.500000+00:00,0.0011301705380901,0.000265265291091,6.124703213572502e-05,7.485237438231707e-05,1.8020076751708984,0.0129553508013486,0.0440800189971923,0.0007663050418389,0.0021200031042099,1.8008414506912231,2.040057182312012,0.0188012668746067,0.0424361154621365,-36.370941162109375,-78.5558090209961
5906308,5906308QC.nc,155,-36.616,-78.24900000000002,2025-03-07 19:18:00.000002560+00:00,48.944899995929646,PACE_OCI_L2_AOP_PACE_OCI.20250308T191428.L2.OC_AOP.V3_0.nc_3.0,PACE_OCI_L2_AOP_PACE_OCI.20250308T191428.L2.OC_AOP.V3_0.nc_3.0,PACE_OCI.20250308T191428.L2.OC_AOP.V3_0.nc,1.183687373196492,2025-03-08 19:16:57.500000+00:00,0.0008251913823187,0.0004768354410771,5.6479417253285646e-05,6.380793638527393e-05,1.7739769220352173,0.0078831957653164,-32767.0,0.0005627539480388,0.0017300099134445,1.8282631635665887,2.056790351867676,0.0138428086806225,0.050723201110724,-36.61582565307617,-78.2357406616211
5906310,5906310QC.nc,149,-34.161,-156.617,2025-01-15 10:04:59.999998976+00:00,-34.31418114552076,PACE_OCI_L2_AOP_PACE_OCI.20250115T001710.L2.OC_AOP.V3_0.nc_3.0,PACE_OCI_L2_AOP_PACE_OCI.20250115T001710.L2.OC_AOP.V3_0.nc_3.0,PACE_OCI.20250115T001710.L2.OC_AOP.V3_0.nc,0.5583020006393548,2025-01-15 00:19:39.500000+00:00,0.0020736092701554,0.0004007489769719,5.926960147917271e-05,5.7549914345145226e-05,0.0784168392419815,0.0028880529571324,-32767.0,0.0011713319925439,0.002250000834465,1.9897444248199463,2.194801092147827,0.0294323569382026,0.0090304446553197,-34.15625,-156.6150360107422
5906339,5906339QC.nc,140,13.572,-56.519000000000005,2025-02-16 05:34:59.999998976+00:00,-66.8378415035648,PACE_OCI_L2_AOP_PACE_OCI.20250215T165313.L2.OC_AOP.V3_0.nc_3.0,PACE_OCI_L2_AOP_PACE_OCI.20250215T165313.L2.OC_AOP.V3_0.nc_3.0,PACE_OCI.20250215T165313.L2.OC_AOP.V3_0.nc,28.26874867965586,2025-02-15 16:55:42.500000+00:00,0.0029687394853681,0.0001596667425474,8.117803372442722e-05,8.036685176193714e-05,0.0495063737034797,0.0080250594764947,-32767.0,0.0017079363397231,0.002820000052452,1.9479563236236568,2.1571083068847656,0.0426671173122625,0.0152601418036366,13.317782402038574,-56.52119827270508
5906488,5906488QC.nc,93,-36.158,-45.71199999999999,2024-09-24 21:31:59.999996416+00:00,-7.01022441752276,PACE_OCI_L2_AOP_PACE_OCI.20240924T171821.L2.OC_AOP.V3_0.nc_3.0,PACE_OCI_L2_AOP_PACE_OCI.20240924T171821.L2.OC_AOP.V3_0.nc_3.0,PACE_OCI.20240924T171821.L2.OC_AOP.V3_0.nc,235.63177124280327,2024-09-24 17:20:50.500000+00:00,0.0013840823667123,0.0006625918904319,0.0001599526731297,0.0001837310846894,1.540292739868164,0.0347327142953872,0.0360050201416015,0.0009979156266775,0.0027550011873245,1.2380599975585938,1.2759912014007568,0.0217634374880444,0.1125702197168565,-37.38055419921875,-47.872894287109375
5906488,5906488QC.nc,95,-38.235,-47.22300000000001,2024-10-15 09:19:59.999998976+00:00,10.472231350308242,PACE_OCI_L2_AOP_PACE_OCI.20241014T154131.L2.OC_AOP.V3_0.nc_3.0,PACE_OCI_L2_AOP_PACE_OCI.20241014T154131.L2.OC_AOP.V3_0.nc_3.0,PACE_OCI.20241014T154131.L2.OC_AOP.V3_0.nc,2.5732517888478794,2024-10-14 15:44:00.500000+00:00,0.0019514496671035,0.0002997818519361,9.156938176602124e-05,9.294727351516484e-05,1.1255348920822144,0.0209858231246471,-32767.0,0.0012253893621248,0.0030350089073181,1.772921442985535,2.0198302268981934,0.0299712876466195,0.0263847658809751,-38.21363830566406,-47.211669921875
5906510,5906510QC.nc,102,27.064,133.506,2025-03-20 09:53:59.999997952+00:00,-9.039592528035516,PACE_OCI_L2_AOP_PACE_OCI.20250321T041357.L2.OC_AOP.V3_0.nc_3.0,PACE_OCI_L2_AOP_PACE_OCI.20250321T041357.L2.OC_AOP.V3_0.nc_3.0,PACE_OCI.20250321T041357.L2.OC_AOP.V3_0.nc,0.1492938257961645,2025-03-21 04:16:26.500000+00:00,0.000932234339416,0.0001412978745065,6.364710861817002e-05,6.738968659192324e-05,1.4278240203857422,0.0150472605600953,-32767.0,0.0005900274640249,0.0017099976539611,1.8306071758270264,2.0633344650268555,0.0145283405020447,0.0359867299396963,27.063749313354492,133.50747680664062
5906513,5906513QC.nc,74,27.262,137.078,2024-06-01 12:53:59.999997952+00:00,-33.22855220177283,PACE_OCI_L2_AOP_PACE_OCI.20240601T034049.L2.OC_AOP.V3_0.nc_3.0,PACE_OCI_L2_AOP_PACE_OCI.20240601T034049.L2.OC_AOP.V3_0.nc_3.0,PACE_OCI.20240601T034049.L2.OC_AOP.V3_0.nc,9.935153063816584,2024-06-01 03:43:18.500000+00:00,0.0039431783370673,0.0008265943615697,7.774215191602707e-05,7.643364369869232e-05,0.3133198618888855,0.0080908387899398,-32767.0,0.002358734989033,0.0054749995470047,1.9489967823028564,2.174623250961304,0.0590844712306306,0.0059279324823163,27.214460372924805,136.992919921875
5906537,5906537QC.nc,51,-11.507,58.285,2024-04-10 11:43:59.999996928+00:00,32.806712641138624,PACE_OCI_L2_AOP_PACE_OCI.20240410T092330.L2.OC_AOP.V3_0.nc_3.0,PACE_OCI_L2_AOP_PACE_OCI.20240410T092330.L2.OC_AOP.V3_0.nc_3.0,PACE_OCI.20240410T092330.L2.OC_AOP.V3_0.nc,0.6899886125104377,2024-04-10 09:25:59.500000+00:00,0.0012796324444934,0.0001352130057057,4.77135181427002e-05,5.3154188208282e-05,1.689841866493225,0.0067682000808417,0.0705149173736572,0.0008399518506102,0.0020200014114379,1.981402277946472,2.191990375518799,0.0210965425263062,0.0107075486051059,-11.509733200073242,58.29068374633789
5906537,5906537QC.nc,59,-11.239,58.456,2024-06-29 10:46:00.000003072+00:00,38.57441715081275,PACE_OCI_L2_AOP_PACE_OCI.20240629T095335.L2.OC_AOP.V3_0.nc_3.0,PACE_OCI_L2_AOP_PACE_OCI.20240629T095335.L2.OC_AOP.V3_0.nc_3.0,PACE_OCI.20240629T095335.L2.OC_AOP.V3_0.nc,31.62018348090352,2024-06-29 09:56:05+00:00,0.0025543614756315,0.0002197076537413,0.0001179832033812,0.0001190386246889,1.004828691482544,0.0118271447718143,-32767.0,0.0016056283966418,0.0037849992513656,1.923824906349182,2.146270036697388,0.0400443361413224,0.0120976283469706,-10.972195625305176,58.355735778808594
5906537,5906537QC.nc,66,-11.664,58.973,2024-09-07 07:18:00.000002560+00:00,69.3599669123469,PACE_OCI_L2_AOP_PACE_OCI.20240907T091824.L2.OC_AOP.V3_0.nc_3.0,PACE_OCI_L2_AOP_PACE_OCI.20240907T091824.L2.OC_AOP.V3_0.nc_3.0,PACE_OCI.20240907T091824.L2.OC_AOP.V3_0.nc,1.5221494011413383,2024-09-07 09:20:53.500000+00:00,0.0024822049308568,0.0004572053730953,7.741153240203857e-05,7.665622979402542e-05,0.2490513175725937,0.0091911852359771,-32767.0,0.0014730799965446,0.0027150064706802,1.9230053424835205,2.1340737342834477,0.0366695746043895,0.0193366828217197,-11.670452117919922,58.960670471191406
5906537,5906537QC.nc,69,-11.529,58.476,2024-10-07 05:31:00.000003072+00:00,54.25993394450876,PACE_OCI_L2_AOP_PACE_OCI.20241006T093452.L2.OC_AOP.V3_0.nc_3.0,PACE_OCI_L2_AOP_PACE_OCI.20241006T093452.L2.OC_AOP.V3_0.nc_3.0,PACE_OCI.20241006T093452.L2.OC_AOP.V3_0.nc,3.932475032818039,2024-10-06 09:37:21.500000+00:00,0.001125814160332,0.0002136272814823,5.839590448886156e-05,6.252643652260303e-05,1.778724193572998,0.0072897295467555,-32767.0,0.0007402719508933,0.0016300082206726,1.9752200841903689,2.183759450912476,0.0185693692983773,0.0157892781984359,-11.528730392456055,58.51209259033203
5906537,5906537QC.nc,71,-11.282,58.389,2024-10-27 05:39:00.000004608+00:00,57.90762565314178,"PACE_OCI_L2_AOP_PACE_OCI.20241026T093005.L2.OC_AOP.V3_0.nc_3.0,PACE_OCI_L2_AOP_PACE_OCI.20241027T082556.L2.OC_AOP.V3_0.nc_3.0",PACE_OCI_L2_AOP_PACE_OCI.20241026T093005.L2.OC_AOP.V3_0.nc_3.0,PACE_OCI.20241026T093005.L2.OC_AOP.V3_0.nc,2.4851027846164486,2024-10-26 09:32:34.500000+00:00,0.0012216933537274,0.0008479395764879,3.750575706362724e-05,4.0439190343022346e-05,1.8783928155899048,0.0070499111898243,0.0478200912475585,0.0008195386608179,0.0020100027322769,1.9794237613677976,2.191283226013184,0.0205815927897238,0.0122054265394761,-11.279701232910156,58.41166687011719
5906537,5906537QC.nc,72,-11.033,58.223,2024-11-06 04:54:00.000004608+00:00,46.85098779518757,"PACE_OCI_L2_AOP_PACE_OCI.20241105T084359.L2.OC_AOP.V3_0.nc_3.0,PACE_OCI_L2_AOP_PACE_OCI.20241106T091315.L2.OC_AOP.V3_0.nc_3.0",PACE_OCI_L2_AOP_PACE_OCI.20241106T091315.L2.OC_AOP.V3_0.nc_3.0,PACE_OCI.20241106T091315.L2.OC_AOP.V3_0.nc,2.345340510650382,2024-11-06 09:15:44.500000+00:00,0.0025962754152715,0.0006505164201371,6.435532122850418e-05,6.27350527793169e-05,0.2312455624341964,0.0075080124661326,-32767.0,0.0015221813175389,0.0032650083303451,1.956912517547608,2.1707112789154053,0.038106467471453,0.01210180067399,-11.04977035522461,58.209964752197266
5906537,5906537QC.nc,73,-10.992,58.143,2024-11-16 04:04:59.999998976+00:00,34.79852085186846,PACE_OCI_L2_AOP_PACE_OCI.20241115T093129.L2.OC_AOP.V3_0.nc_3.0,PACE_OCI_L2_AOP_PACE_OCI.20241115T093129.L2.OC_AOP.V3_0.nc_3.0,PACE_OCI.20241115T093129.L2.OC_AOP.V3_0.nc,1.3240071469284769,2024-11-15 09:33:58.500000+00:00,0.000655165000353,0.0002084743464365,2.712616696953773e-05,2.746196696534753e-05,1.9623397588729856,0.0037992037832736,-32767.0,0.0004510114685077,0.0013250112533569,1.9960705041885376,2.198965787887573,0.0113399579957745,0.0114776711892611,-10.980156898498535,58.14425277709961
5906537,5906537QC.nc,74,-10.944,57.907,2024-11-26 04:21:00.000002048+00:00,37.68984957604907,PACE_OCI_L2_AOP_PACE_OCI.20241126T091441.L2.OC_AOP.V3_0.nc_3.0,PACE_OCI_L2_AOP_PACE_OCI.20241126T091441.L2.OC_AOP.V3_0.nc_3.0,PACE_OCI.20241126T091441.L2.OC_AOP.V3_0.nc,0.7737068535240164,2024-11-26 09:17:11+00:00,0.0014200517907738,0.0005528414621949,4.558952059596777e-05,4.8696412704885006e-05,1.845120906829834,0.0074665886349976,-32767.0,0.0009466973822116,0.0022699981927871,1.9805901050567627,2.19111967086792,0.0237744102706481,0.0107994948119093,-10.937042236328125,57.907012939453125
5906537,5906537QC.nc,85,-10.465,57.538,2025-03-15 21:36:59.999998464+00:00,-66.95930618892855,"PACE_OCI_L2_AOP_PACE_OCI.20250315T084248.L2.OC_AOP.V3_0.nc_3.0,PACE_OCI_L2_AOP_PACE_OCI.20250316T091819.L2.OC_AOP.V3_0.nc_3.0",PACE_OCI_L2_AOP_PACE_OCI.20250315T084248.L2.OC_AOP.V3_0.nc_3.0,PACE_OCI.20250315T084248.L2.OC_AOP.V3_0.nc,0.3965055788153356,2025-03-15 08:45:17.500000+00:00,0.0038672084920108,0.0007252850336953,7.000635378062725e-05,6.734440103173256e-05,0.1199059411883354,0.0087743969634175,-32767.0,0.0022654821533399,0.0055550038814544,1.9134529829025269,2.149752616882324,0.0565314147279405,0.0109095891333708,-10.462874412536621,57.53508758544922
5906537,5906537QC.nc,87,-11.111,58.037,2025-04-04 19:35:00.000002048+00:00,-79.82930166339048,PACE_OCI_L2_AOP_PACE_OCI.20250404T090328.L2.OC_AOP.V3_0.nc_3.0,PACE_OCI_L2_AOP_PACE_OCI.20250404T090328.L2.OC_AOP.V3_0.nc_3.0,PACE_OCI.20250404T090328.L2.OC_AOP.V3_0.nc,0.3133214702566601,2025-04-04 09:05:57.500000+00:00,0.0001706198090687,0.0005445952992886,3.501157334540039e-05,3.5211589420214295e-05,1.6834502220153809,0.0053920550271868,-32767.0,0.0001139771064797,0.0006000101566314,1.993529319763184,2.199301719665528,0.002865919433438,0.0157607592543307,-11.112335205078125,58.03446960449219
5906537,5906537QC.nc,88,-11.852,58.088,2025-04-14 19:29:00.000003584+00:00,-80.25109041068954,PACE_OCI_L2_AOP_PACE_OCI.20250415T085427.L2.OC_AOP.V3_0.nc_3.0,PACE_OCI_L2_AOP_PACE_OCI.20250415T085427.L2.OC_AOP.V3_0.nc_3.0,PACE_OCI.20250415T085427.L2.OC_AOP.V3_0.nc,0.3325975203980255,2025-04-15 08:56:56.500000+00:00,0.0010164065752178,0.0001889031700557,2.992246299982071e-05,3.105541691184044e-05,1.9288177490234373,0.014174647629261,0.0630350112915039,0.0006850140768359,0.0018849968910217,1.9177998304367063,2.1504085063934326,0.0170951370917246,0.0187502726505248,-11.85088062286377,58.09083557128906
5906537,5906537QC.nc,89,-11.49,58.515,2025-04-24 19:26:00.000004096+00:00,-80.59221786974983,"PACE_OCI_L2_AOP_PACE_OCI.20250424T091745.L2.OC_AOP.V3_0.nc_3.0,PACE_OCI_L2_AOP_PACE_OCI.20250425T095306.L2.OC_AOP.V3_0.nc_3.0",PACE_OCI_L2_AOP_PACE_OCI.20250424T091745.L2.OC_AOP.V3_0.nc_3.0,PACE_OCI.20250424T091745.L2.OC_AOP.V3_0.nc,0.639934984188776,2025-04-24 09:20:14.500000+00:00,0.0012952691176906,0.0003387854958418,3.79049452021718e-05,3.832404036074877e-05,1.95515775680542,0.0128672961145639,0.0221500396728515,0.0008834092718635,0.0023799985647201,1.937355399131775,2.16300106048584,0.0220891031382346,0.0141534641596015,-11.493919372558594,58.51070022583008
5906538,5906538QC.nc,53,-25.889,52.472,2024-05-07 20:03:00.000002560+00:00,-79.66387931502241,PACE_OCI_L2_AOP_PACE_OCI.20240507T101747.L2.OC_AOP.V3_0.nc_3.0,PACE_OCI_L2_AOP_PACE_OCI.20240507T101747.L2.OC_AOP.V3_0.nc_3.0,PACE_OCI.20240507T101747.L2.OC_AOP.V3_0.nc,4.243064767358479,2024-05-07 10:20:16.500000+00:00,0.0002812306047417,0.0003426307521294,6.951250543352216e-05,7.076474139466882e-05,1.612736463546753,0.0002544206799939,-32767.0,0.0002034510202664,0.0011050105094909,1.9703115224838257,2.193632125854492,0.0051112446897219,0.0248060855881662,-25.874481201171875,52.432777404785156
5906538,5906538QC.nc,56,-24.827,52.405,2024-06-06 17:15:59.999996416+00:00,-45.99220901501761,PACE_OCI_L2_AOP_PACE_OCI.20240607T101610.L2.OC_AOP.V3_0.nc_3.0,PACE_OCI_L2_AOP_PACE_OCI.20240607T101610.L2.OC_AOP.V3_0.nc_3.0,PACE_OCI.20240607T101610.L2.OC_AOP.V3_0.nc,4.960620121264825,2024-06-07 10:18:40+00:00,0.000884763430804,0.0004186061560176,6.283586844801903e-05,6.746297003701329e-05,1.744576334953308,0.0074230409227311,0.0088050365447998,0.0005847619929628,0.001690000295639,1.9374595880508425,2.162825107574463,0.0146212158713169,0.0237944835548272,-24.783016204833984,52.413211822509766
5906538,5906538QC.nc,58,-25.116,51.857,2024-06-26 16:01:00.000003072+00:00,-28.094813649725083,PACE_OCI_L2_AOP_PACE_OCI.20240627T102231.L2.OC_AOP.V3_0.nc_3.0,PACE_OCI_L2_AOP_PACE_OCI.20240627T102231.L2.OC_AOP.V3_0.nc_3.0,PACE_OCI.20240627T102231.L2.OC_AOP.V3_0.nc,2.41584049567852,2024-06-27 10:25:00.500000+00:00,0.001392837264575,0.0006621010252274,8.854386396706104e-05,9.178125765174629e-05,1.7273657321929932,0.0118484990671277,-32767.0,0.0009165165496593,0.0025250017642974,1.915845274925232,2.1475424766540527,0.0228623849781503,0.0193762564142513,-25.133960723876953,51.87050247192383
5906538,5906538QC.nc,59,-25.286,51.351,2024-07-06 14:48:00.000002560+00:00,-11.258497322732884,"PACE_OCI_L2_AOP_PACE_OCI.20240706T103942.L2.OC_AOP.V3_0.nc_3.0,PACE_OCI_L2_AOP_PACE_OCI.20240707T093603.L2.OC_AOP.V3_0.nc_3.0",PACE_OCI_L2_AOP_PACE_OCI.20240706T103942.L2.OC_AOP.V3_0.nc_3.0,PACE_OCI.20240706T103942.L2.OC_AOP.V3_0.nc,2.501659886796233,2024-07-06 10:42:12+00:00,7.011437992332503e-05,0.0001272346416953,6.344124994939193e-05,8.711283589946106e-05,1.1667416095733645,4.055929457535967e-05,-32767.0,9.20805298338734e-05,0.0010800063610076,1.9459452629089355,2.192372560501098,0.0023128650330933,0.0294024527118874,-25.27706527709961,51.373836517333984
5906538,5906538QC.nc,60,-25.441,50.998,2024-07-16 14:23:59.999997952+00:00,-5.101560287093033,"PACE_OCI_L2_AOP_PACE_OCI.20240716T095245.L2.OC_AOP.V3_0.nc_3.0,PACE_OCI_L2_AOP_PACE_OCI.20240717T102722.L2.OC_AOP.V3_0.nc_3.0",PACE_OCI_L2_AOP_PACE_OCI.20240716T095245.L2.OC_AOP.V3_0.nc_3.0,PACE_OCI.20240716T095245.L2.OC_AOP.V3_0.nc,0.2474900885535126,2024-07-16 09:55:14.500000+00:00,0.0010005941148847,0.0001944031391758,5.026132566854358e-05,5.430052988231182e-05,1.7349387407302856,0.0076814331114292,-32767.0,0.000659228587497,0.001800000667572,1.951481819152832,2.168246030807495,0.0164969367398879,0.0231864425854908,-25.440805435180664,50.99554443359375
5906538,5906538QC.nc,61,-25.805,50.803,2024-07-26 12:39:00.000001536+00:00,17.21941767357442,"PACE_OCI_L2_AOP_PACE_OCI.20240726T090531.L2.OC_AOP.V3_0.nc_3.0,PACE_OCI_L2_AOP_PACE_OCI.20240726T104349.L2.OC_AOP.V3_0.nc_3.0,PACE_OCI_L2_AOP_PACE_OCI.20240727T094006.L2.OC_AOP.V3_0.nc_3.0",PACE_OCI_L2_AOP_PACE_OCI.20240727T094006.L2.OC_AOP.V3_0.nc_3.0,PACE_OCI.20240727T094006.L2.OC_AOP.V3_0.nc,0.7822394651100482,2024-07-27 09:42:35.500000+00:00,0.0007460163906216,0.0169323161244392,4.508777055889368e-05,4.86142816953361e-05,1.838779330253601,0.0084809428080916,-32767.0,0.0005027477925667,0.0013550072908401,1.9247726202011108,2.1541285514831543,0.0125537169033794,0.0291362036532123,-25.810453414916992,50.798065185546875
5906538,5906538QC.nc,73,-27.128,50.347,2024-11-23 03:39:00.000001536+00:00,25.108921289447988,"PACE_OCI_L2_AOP_PACE_OCI.20241123T090519.L2.OC_AOP.V3_0.nc_3.0,PACE_OCI_L2_AOP_PACE_OCI.20241123T104336.L2.OC_AOP.V3_0.nc_3.0",PACE_OCI_L2_AOP_PACE_OCI.20241123T104336.L2.OC_AOP.V3_0.nc_3.0,PACE_OCI.20241123T104336.L2.OC_AOP.V3_0.nc,11.62664656538768,2024-11-23 10:46:06+00:00,0.0014101669657975,0.0002141145814675,8.252356201410294e-05,8.385069668292999e-05,1.8418588638305664,0.0071329837664961,-32767.0,0.0009459252405654,0.0028250068426132,1.962174892425537,2.1834254264831543,0.0237268623143939,0.0125882933732108,-27.130186080932617,50.22953796386719
5906538,5906538QC.nc,74,-27.676,49.579,2024-12-03 02:01:59.999996416+00:00,4.19486733936463,"PACE_OCI_L2_AOP_PACE_OCI.20241202T091818.L2.OC_AOP.V3_0.nc_3.0,PACE_OCI_L2_AOP_PACE_OCI.20241203T095229.L2.OC_AOP.V3_0.nc_3.0",PACE_OCI_L2_AOP_PACE_OCI.20241203T095229.L2.OC_AOP.V3_0.nc_3.0,PACE_OCI.20241203T095229.L2.OC_AOP.V3_0.nc,0.7199826822631185,2024-12-03 09:54:58.500000+00:00,0.0009546597721055,0.000193846746697,4.320993321016431e-05,4.58558788523078e-05,1.8644094467163088,0.0083328541368246,-32767.0,0.0006373988816249,0.0017900019884109,1.9626388549804688,2.185319662094116,0.0159926927462337,0.0162459408537616,-27.680065155029297,49.58469009399414
5906538,5906538QC.nc,75,-28.319,49.466,2024-12-13 01:04:00.000002560+00:00,-7.501485386828802,PACE_OCI_L2_AOP_PACE_OCI.20241213T090208.L2.OC_AOP.V3_0.nc_3.0,PACE_OCI_L2_AOP_PACE_OCI.20241213T090208.L2.OC_AOP.V3_0.nc_3.0,PACE_OCI.20241213T090208.L2.OC_AOP.V3_0.nc,0.4620705511858289,2024-12-13 09:04:37.500000+00:00,0.0015239953063428,0.0001173527489299,6.838166154921055e-05,7.412058766931295e-05,1.7705235481262207,0.0101086637005209,-32767.0,0.0010003253161044,0.0028800070285797,1.9293577671051023,2.1665596961975098,0.0250262411769614,0.0159853339140289,-28.319684982299805,49.46134567260742
5906538,5906538QC.nc,76,-28.672,49.754,2024-12-23 01:26:00.000004096+00:00,-3.714857961186443,PACE_OCI_L2_AOP_PACE_OCI.20241222T091959.L2.OC_AOP.V3_0.nc_3.0,PACE_OCI_L2_AOP_PACE_OCI.20241222T091959.L2.OC_AOP.V3_0.nc_3.0,PACE_OCI.20241222T091959.L2.OC_AOP.V3_0.nc,32.66219516242968,2024-12-22 09:22:29+00:00,0.0024368532467633,0.0004491466388572,7.747276686131954e-05,8.169328793883324e-05,1.5945892333984375,0.0133932176977396,-32767.0,0.0015956792056228,0.0041200071573257,1.9106814861297607,2.1494927406311035,0.0398159772220269,0.0105068868300962,-28.511070251464844,49.47414016723633
5906538,5906538QC.nc,78,-28.519,50.754,2025-01-12 00:00:00+00:00,-21.279458148145416,PACE_OCI_L2_AOP_PACE_OCI.20250112T100118.L2.OC_AOP.V3_0.nc_3.0,PACE_OCI_L2_AOP_PACE_OCI.20250112T100118.L2.OC_AOP.V3_0.nc_3.0,PACE_OCI.20250112T100118.L2.OC_AOP.V3_0.nc,0.5262121960906007,2025-01-12 10:03:47.500000+00:00,0.0011744569055736,0.0001846980303525,4.49370127171278e-05,4.9267662689089775e-05,1.7202539443969729,0.0082407183945178,-32767.0,0.0007725367828827,0.0018350034952163,1.9778573513031008,2.1881017684936523,0.0193916921222557,0.0126152324230579,-28.51837921142578,50.748661041259766
5906538,5906538QC.nc,80,-28.303,50.853,2025-01-31 22:23:00.000005120+00:00,-39.32941539030895,PACE_OCI_L2_AOP_PACE_OCI.20250201T100711.L2.OC_AOP.V3_0.nc_3.0,PACE_OCI_L2_AOP_PACE_OCI.20250201T100711.L2.OC_AOP.V3_0.nc_3.0,PACE_OCI.20250201T100711.L2.OC_AOP.V3_0.nc,1.4510779067535644,2025-02-01 10:09:40.500000+00:00,0.001602625590749,0.0005405929405242,5.026161670684815e-05,5.016685463488102e-05,1.102384090423584,0.0123016042634844,-32767.0,0.0009985433596897,0.0024250000715255,1.868618488311768,2.1045031547546387,0.0247438231960717,0.0250930093623865,-28.292526245117188,50.84416198730469
5906538,5906538QC.nc,81,-28.154,50.869,2025-02-10 21:14:00+00:00,-47.421712984848064,PACE_OCI_L2_AOP_PACE_OCI.20250211T092549.L2.OC_AOP.V3_0.nc_3.0,PACE_OCI_L2_AOP_PACE_OCI.20250211T092549.L2.OC_AOP.V3_0.nc_3.0,PACE_OCI.20250211T092549.L2.OC_AOP.V3_0.nc,1.1368248930646851,2025-02-11 09:28:18.500000+00:00,0.0010302017908543,9.292633330915125e-05,3.24927968904376e-05,3.5365112125873566e-05,1.7381880283355713,0.0087929470464587,0.0428049564361572,0.0006759735238884,0.0018150061368942,1.9599125385284424,2.176985025405884,0.016938775749195,0.0170796587710714,-28.15526008605957,50.88050842285156
5906539,5906539QC.nc,53,-7.814,76.415,2024-04-15 02:43:00.000000512+00:00,25.01263941477166,PACE_OCI_L2_AOP_PACE_OCI.20240414T082657.L2.OC_AOP.V3_0.nc_3.0,PACE_OCI_L2_AOP_PACE_OCI.20240414T082657.L2.OC_AOP.V3_0.nc_3.0,PACE_OCI.20240414T082657.L2.OC_AOP.V3_0.nc,2.9896651280904125,2024-04-14 08:29:26.500000+00:00,0.0014088329626247,0.000274918769719,6.608269177377224e-05,6.871751975268126e-05,1.881374716758728,0.0094966571778059,-32767.0,0.0009474564826835,0.0028450042009353,1.945751667022705,2.171210527420044,0.0237205634277121,0.0145576826755124,-7.839766979217529,76.4072494506836
5906539,5906539QC.nc,73,-10.65,77.812,2024-11-01 01:41:59.999997440+00:00,19.39378972565953,PACE_OCI_L2_AOP_PACE_OCI.20241101T080516.L2.OC_AOP.V3_0.nc_3.0,PACE_OCI_L2_AOP_PACE_OCI.20241101T080516.L2.OC_AOP.V3_0.nc_3.0,PACE_OCI.20241101T080516.L2.OC_AOP.V3_0.nc,86.96020201850979,2024-11-01 08:07:46+00:00,0.0019472129642963,0.0003265109262429,6.232212763279676e-05,6.589852273464203e-05,1.8813129663467407,0.0099062155932188,-32767.0,0.0013087599731718,0.0033750087022781,1.948233246803284,2.170138359069824,0.0327607598228215,0.0132353822382686,-11.376418113708496,77.5168685913086
5906539,5906539QC.nc,79,-11.367,75.707,2024-12-31 02:20:00.000002048+00:00,22.690522857588668,PACE_OCI_L2_AOP_PACE_OCI.20241231T080428.L2.OC_AOP.V3_0.nc_3.0,PACE_OCI_L2_AOP_PACE_OCI.20241231T080428.L2.OC_AOP.V3_0.nc_3.0,PACE_OCI.20241231T080428.L2.OC_AOP.V3_0.nc,0.3404568275118051,2024-12-31 08:06:57.500000+00:00,0.0009031636291183,0.0001786901266314,2.3633299861103296e-05,2.374505857005716e-05,1.9639838933944704,0.0049075805582106,-32767.0,0.0006191809024163,0.0017300099134445,1.9913078546524048,2.1974685192108154,0.0155647155212341,0.0116238417269074,-11.369930267333984,75.7079086303711
5906539,5906539QC.nc,84,-12.881,75.534,2025-02-19 03:16:59.999999488+00:00,32.7601177115095,PACE_OCI_L2_AOP_PACE_OCI.20250218T083943.L2.OC_AOP.V3_0.nc_3.0,PACE_OCI_L2_AOP_PACE_OCI.20250218T083943.L2.OC_AOP.V3_0.nc_3.0,PACE_OCI.20250218T083943.L2.OC_AOP.V3_0.nc,14.705757477743983,2025-02-18 08:42:12.500000+00:00,0.0010913506848737,0.0006663916865363,4.497612826526165e-05,4.696252290159464e-05,1.9341866970062256,0.004830821417272,-32767.0,0.0007438919848473,0.0019299983978271,1.9926353693008425,2.19736123085022,0.0186993418917542,0.0095751882187832,-12.948697090148926,75.65055847167969
5906539,5906539QC.nc,87,-13.575,75.075,2025-03-21 03:16:00.000003072+00:00,31.226169468777005,"PACE_OCI_L2_AOP_PACE_OCI.20250320T082334.L2.OC_AOP.V3_0.nc_3.0,PACE_OCI_L2_AOP_PACE_OCI.20250321T072041.L2.OC_AOP.V3_0.nc_3.0",PACE_OCI_L2_AOP_PACE_OCI.20250321T072041.L2.OC_AOP.V3_0.nc_3.0,PACE_OCI.20250321T072041.L2.OC_AOP.V3_0.nc,3.0848000942093186,2025-03-21 07:23:10.500000+00:00,0.0005447771982289,0.0001627723831916,5.260104080662131e-05,5.753594450652599e-05,1.5985486507415771,0.0018599252216517,-32767.0,0.0003477408464132,0.0009550005197525,1.999238014221192,2.1999001502990723,0.0087446440031471,0.010333972102629,-13.569828033447266,75.10304260253906
5906540,5906540QC.nc,59,-12.626,46.554,2024-06-07 16:29:00.000003584+00:00,-26.84045272633396,PACE_OCI_L2_AOP_PACE_OCI.20240607T101610.L2.OC_AOP.V3_0.nc_3.0,PACE_OCI_L2_AOP_PACE_OCI.20240607T101610.L2.OC_AOP.V3_0.nc_3.0,PACE_OCI.20240607T101610.L2.OC_AOP.V3_0.nc,0.7138212969105501,2024-06-07 10:18:40+00:00,0.0007336151320487,0.0001502386439824,3.554008435457945e-05,3.710738383233547e-05,1.9237546920776367,0.0073623354546725,0.0099101066589355,0.000501179384256,0.0014300048351287,1.9629580974578853,2.1810965538024902,0.0125666860014,0.0205161414650913,-12.625786781311035,46.54742431640625
5906540,5906540QC.nc,60,-11.906,46.781,2024-06-17 16:16:59.999996416+00:00,-23.601167347209483,PACE_OCI_L2_AOP_PACE_OCI.20240618T100505.L2.OC_AOP.V3_0.nc_3.0,PACE_OCI_L2_AOP_PACE_OCI.20240618T100505.L2.OC_AOP.V3_0.nc_3.0,PACE_OCI.20240618T100505.L2.OC_AOP.V3_0.nc,2.2521231483699906,2024-06-18 10:07:35+00:00,0.00344048300758,0.0010830820538103,7.168017327785492e-05,7.216003723442554e-05,0.0844633653759956,0.0132065685465931,-32767.0,0.0020661123443951,0.0040049999952316,1.8799207210540767,2.103356122970581,0.0511890473661683,0.014777102539203,-11.92560863494873,46.77581787109375
5906540,5906540QC.nc,61,-11.729,46.627,2024-06-27 15:08:00.000001536+00:00,-7.169912174734461,PACE_OCI_L2_AOP_PACE_OCI.20240627T102231.L2.OC_AOP.V3_0.nc_3.0,PACE_OCI_L2_AOP_PACE_OCI.20240627T102231.L2.OC_AOP.V3_0.nc_3.0,PACE_OCI.20240627T102231.L2.OC_AOP.V3_0.nc,0.4156610528024525,2024-06-27 10:25:00.500000+00:00,0.0004430299741216,0.0001457506441511,5.180438165552914e-05,5.320925265550613e-05,1.8605952262878416,0.0052624568343162,-32767.0,0.0003099465646605,0.0015550106763839,1.938042163848877,2.172391891479492,0.0077612494808924,0.0264576197759173,-11.731212615966797,46.63007736206055
5906540,5906540QC.nc,64,-12.011,47.669,2024-07-27 13:21:59.999998464+00:00,17.523643436616478,PACE_OCI_L2_AOP_PACE_OCI.20240728T101940.L2.OC_AOP.V3_0.nc_3.0,PACE_OCI_L2_AOP_PACE_OCI.20240728T101940.L2.OC_AOP.V3_0.nc_3.0,PACE_OCI.20240728T101940.L2.OC_AOP.V3_0.nc,1.1240027870447016,2024-07-28 10:22:09.500000+00:00,0.0005384742398746,0.0001245285384356,3.563059726729989e-05,3.72427748516202e-05,1.9053194522857664,0.0051767104305326,0.0122900009155273,0.0003698548035234,0.0012000054121017,1.964350938796997,2.18726110458374,0.009282640179556,0.023798642912503,-12.01005744934082,47.65871047973633
5906540,5906540QC.nc,65,-12.929,47.561,2024-08-06 11:51:59.999998464+00:00,37.43970651095977,PACE_OCI_L2_AOP_PACE_OCI.20240806T103540.L2.OC_AOP.V3_0.nc_3.0,PACE_OCI_L2_AOP_PACE_OCI.20240806T103540.L2.OC_AOP.V3_0.nc_3.0,PACE_OCI.20240806T103540.L2.OC_AOP.V3_0.nc,1.7030359377522704,2024-08-06 10:38:09.500000+00:00,3.778178097491036e-06,0.000115721450129,2.359067821089411e-06,1.0243870747217445e-05,1.0172090530395508,3.821009522653185e-05,-32767.0,7.139385342602387e-07,0.0001100003719329,1.9495691061019893,2.185902833938598,1.791472590470476e-05,0.0579715110878704,-12.924188613891602,47.57592010498047
5906540,5906540QC.nc,66,-13.354,47.52,2024-08-16 11:34:59.999998976+00:00,41.96485038531328,PACE_OCI_L2_AOP_PACE_OCI.20240817T102205.L2.OC_AOP.V3_0.nc_3.0,PACE_OCI_L2_AOP_PACE_OCI.20240817T102205.L2.OC_AOP.V3_0.nc_3.0,PACE_OCI.20240817T102205.L2.OC_AOP.V3_0.nc,0.2359194343052589,2024-08-17 10:24:34.500000+00:00,0.0006037824205122,0.0001239086268469,3.108585951849818e-05,3.14403441734612e-05,1.9509313106536863,0.0052447970956563,-32767.0,0.0004174811890877,0.0013900101184844,1.9812408685684204,2.191269636154175,0.0104844472789587,0.0167104029534473,-13.355594635009766,47.51856231689453
5906540,5906540QC.nc,67,-13.201,47.624,2024-08-26 10:32:00.000003072+00:00,55.77693419853588,PACE_OCI_L2_AOP_PACE_OCI.20240826T103703.L2.OC_AOP.V3_0.nc_3.0,PACE_OCI_L2_AOP_PACE_OCI.20240826T103703.L2.OC_AOP.V3_0.nc_3.0,PACE_OCI.20240826T103703.L2.OC_AOP.V3_0.nc,2.052046285319616,2024-08-26 10:39:32.500000+00:00,2.5869719593174523e-06,0.0059558544307947,1.3065749726592912e-06,4.647526111511979e-06,0.991841435432434,3.665684562292881e-05,-32767.0,7.140439155195245e-07,-28174.0,1.994439721107483,2.1849453449249268,1.7914725910909872e-05,0.105273847495784,-13.20016860961914,47.64293670654297
5906540,5906540QC.nc,68,-13.363,47.506,2024-09-05 10:43:00.000003584+00:00,55.307068553869655,PACE_OCI_L2_AOP_PACE_OCI.20240906T102219.L2.OC_AOP.V3_0.nc_3.0,PACE_OCI_L2_AOP_PACE_OCI.20240906T102219.L2.OC_AOP.V3_0.nc_3.0,PACE_OCI.20240906T102219.L2.OC_AOP.V3_0.nc,4.647386010875299,2024-09-06 10:24:48.500000+00:00,0.0008168736821971,0.0001911807194119,7.895968155935407e-05,8.19831620901823e-05,0.871234655380249,0.005028392188251,-32767.0,0.0004879973453456,0.0012850016355514,1.9792627096176147,2.190246820449829,0.0122534284126303,0.0166582011298076,-13.338577270507812,47.54085922241211
5906540,5906540QC.nc,70,-13.207,47.638,2024-09-25 09:03:59.999995904+00:00,76.62527567660759,PACE_OCI_L2_AOP_PACE_OCI.20240925T095112.L2.OC_AOP.V3_0.nc_3.0,PACE_OCI_L2_AOP_PACE_OCI.20240925T095112.L2.OC_AOP.V3_0.nc_3.0,PACE_OCI.20240925T095112.L2.OC_AOP.V3_0.nc,6.847670885875907,2024-09-25 09:53:41.500000+00:00,0.0021872436627745,0.0008133095689117,6.393669173121452e-05,6.318301893770695e-05,1.3231494426727295,0.0111356666311621,-32767.0,0.0013941638952669,0.0034200102090835,1.929286241531372,2.156207799911499,0.0348237211012465,0.0128826694698867,-13.219381332397461,47.57603454589844
5906540,5906540QC.nc,72,-12.793,47.397,2024-10-15 06:48:59.999995904+00:00,63.40832702213281,PACE_OCI_L2_AOP_PACE_OCI.20241015T094734.L2.OC_AOP.V3_0.nc_3.0,PACE_OCI_L2_AOP_PACE_OCI.20241015T094734.L2.OC_AOP.V3_0.nc_3.0,PACE_OCI.20241015T094734.L2.OC_AOP.V3_0.nc,1.2195568894599491,2024-10-15 09:50:03.500000+00:00,3.3601199902477674e-06,0.0003438475250732,1.9860055999743054e-06,7.418429959216155e-06,1.014384627342224,0.000908984337002,-32767.0,,-28025.0,1.999969720840454,,,,-12.803287506103516,47.39310073852539
5906540,5906540QC.nc,74,-12.823,47.364,2024-11-04 05:48:00.000002560+00:00,49.72800151164052,PACE_OCI_L2_AOP_PACE_OCI.20241103T091354.L2.OC_AOP.V3_0.nc_3.0,PACE_OCI_L2_AOP_PACE_OCI.20241103T091354.L2.OC_AOP.V3_0.nc_3.0,PACE_OCI.20241103T091354.L2.OC_AOP.V3_0.nc,6.874569958418261,2024-11-03 09:16:23.500000+00:00,0.0011762933572754,0.0001529080036561,6.596383173018694e-05,7.011659909039736e-05,1.8413376808166504,0.0089869201183319,-32767.0,0.0007808760723938,0.0026749968528747,1.911953687667847,2.166358709335327,0.0195354326201017,0.0189394907758258,-12.779902458190918,47.40945816040039
5906540,5906540QC.nc,76,-13.005,47.238,2024-11-24 04:27:00.000000512+00:00,29.88097848932022,"PACE_OCI_L2_AOP_PACE_OCI.20241123T091019.L2.OC_AOP.V3_0.nc_3.0,PACE_OCI_L2_AOP_PACE_OCI.20241124T094432.L2.OC_AOP.V3_0.nc_3.0",PACE_OCI_L2_AOP_PACE_OCI.20241123T091019.L2.OC_AOP.V3_0.nc_3.0,PACE_OCI.20241123T091019.L2.OC_AOP.V3_0.nc,2.877188780883409,2024-11-23 09:12:48.500000+00:00,0.0015035935211926,9.960265742847696e-05,6.922567263245583e-05,7.267144974321127e-05,1.872489333152771,0.0138849867507815,-32767.0,0.0010017681959098,0.0030950009822845,1.863112092018128,2.1262998580932617,0.024907283358291,0.0173000909447818,-13.00285816192627,47.26446533203125
5906540,5906540QC.nc,83,-12.888,47.033,2025-02-02 01:19:59.999995392+00:00,-20.49865800012717,PACE_OCI_L2_AOP_PACE_OCI.20250202T104153.L2.OC_AOP.V3_0.nc_3.0,PACE_OCI_L2_AOP_PACE_OCI.20250202T104153.L2.OC_AOP.V3_0.nc_3.0,PACE_OCI.20250202T104153.L2.OC_AOP.V3_0.nc,295.1595824510228,2025-02-02 10:44:22.500000+00:00,0.0003825429594144,0.0106229474768042,5.5822281865403056e-05,5.808839341625571e-05,1.8244141340255733,0.0064893080852925,-32767.0,0.0002619324447662,0.0011600106954574,1.9649477005004885,2.187238931655884,0.0065739752155305,0.0131880079443429,-14.946627616882324,45.30647659301758
5906540,5906540QC.nc,86,-13.436,47.345,2025-03-03 23:35:59.999995392+00:00,-46.9906664134728,"PACE_OCI_L2_AOP_PACE_OCI.20250303T094823.L2.OC_AOP.V3_0.nc_3.0,PACE_OCI_L2_AOP_PACE_OCI.20250304T102355.L2.OC_AOP.V3_0.nc_3.0",PACE_OCI_L2_AOP_PACE_OCI.20250304T102355.L2.OC_AOP.V3_0.nc_3.0,PACE_OCI.20250304T102355.L2.OC_AOP.V3_0.nc,0.553425505569843,2025-03-04 10:26:24.500000+00:00,0.0010041501373052,0.0001496640616096,4.35945694334805e-05,4.458404146134853e-05,1.9180476665496824,0.0131535651162266,0.068389892578125,0.0006917149872052,0.0018950104713439,1.8531885147094729,2.088496446609497,0.0170983995724199,0.033517209158978,-13.440168380737305,47.34779739379883
5906540,5906540QC.nc,87,-13.636,47.209,2025-03-13 23:26:59.999997440+00:00,-50.21741427700115,PACE_OCI_L2_AOP_PACE_OCI.20250313T091009.L2.OC_AOP.V3_0.nc_3.0,PACE_OCI_L2_AOP_PACE_OCI.20250313T091009.L2.OC_AOP.V3_0.nc_3.0,PACE_OCI.20250313T091009.L2.OC_AOP.V3_0.nc,2.940526594449362,2025-03-13 09:12:38.500000+00:00,0.0005338354967534,0.0001170499745057,4.444416845217347e-05,4.590727621689439e-05,1.935230374336243,0.0091264294460415,-32767.0,0.0003719191117442,0.0016200095415115,1.9236547946929927,2.157975196838379,0.0092924058010705,0.020758312218709,-13.633135795593262,47.236053466796875
5906540,5906540QC.nc,88,-13.524,47.308,2025-03-23 23:28:00.000003584+00:00,-50.75952184823134,PACE_OCI_L2_AOP_PACE_OCI.20250324T104026.L2.OC_AOP.V3_0.nc_3.0,PACE_OCI_L2_AOP_PACE_OCI.20250324T104026.L2.OC_AOP.V3_0.nc_3.0,PACE_OCI.20250324T104026.L2.OC_AOP.V3_0.nc,2.8066897007286884,2025-03-24 10:42:55.500000+00:00,0.0003266742278356,0.0001901200012071,4.000237095169723e-05,3.982681664638221e-05,1.929650068283081,0.0051112635992467,-32767.0,0.000233851949421,0.0012599974870681,1.956883668899536,2.179532766342163,0.0058622436479424,0.0172771986650079,-13.52033519744873,47.33368682861328
5906540,5906540QC.nc,89,-13.75,47.288,2025-04-02 22:52:59.999998464+00:00,-59.5452642769719,PACE_OCI_L2_AOP_PACE_OCI.20250403T100124.L2.OC_AOP.V3_0.nc_3.0,PACE_OCI_L2_AOP_PACE_OCI.20250403T100124.L2.OC_AOP.V3_0.nc_3.0,PACE_OCI.20250403T100124.L2.OC_AOP.V3_0.nc,2.974934422848195,2025-04-03 10:03:53.500000+00:00,0.0026690533850342,0.0002163698954973,7.319566793739796e-05,7.377448491752148e-05,1.2422747611999512,0.0144038703292608,-32767.0,0.0017091125215086,0.004050001502037,1.874751329421997,2.116688966751098,0.0424313008423864,0.0152296797417896,-13.723403930664062,47.29098892211914
5906540,5906540QC.nc,90,-13.834,47.216,2025-04-12 22:49:00.000002560+00:00,-60.880321623765184,PACE_OCI_L2_AOP_PACE_OCI.20250413T092202.L2.OC_AOP.V3_0.nc_3.0,PACE_OCI_L2_AOP_PACE_OCI.20250413T092202.L2.OC_AOP.V3_0.nc_3.0,PACE_OCI.20250413T092202.L2.OC_AOP.V3_0.nc,1.5864958416675408,2025-04-13 09:24:31.500000+00:00,0.0005322091164998,0.0001070456783054,2.668425440788269e-05,2.7013011276721954e-05,1.9646271467208865,0.0074426559731364,-32767.0,0.0003673171273256,0.0012950003147125,1.963206052780152,2.18403697013855,0.0092143689283293,0.0173061796381432,-13.828815460205078,47.22969055175781
5906540,5906540QC.nc,91,-13.608,47.41,2025-04-22 21:48:59.999995904+00:00,-75.2741132056577,"PACE_OCI_L2_AOP_PACE_OCI.20250422T094523.L2.OC_AOP.V3_0.nc_3.0,PACE_OCI_L2_AOP_PACE_OCI.20250423T102044.L2.OC_AOP.V3_0.nc_3.0",PACE_OCI_L2_AOP_PACE_OCI.20250422T094523.L2.OC_AOP.V3_0.nc_3.0,PACE_OCI.20250422T094523.L2.OC_AOP.V3_0.nc,0.3671422671262566,2025-04-22 09:47:52.500000+00:00,0.001000328338705,0.0001035859750118,2.75850179605186e-05,2.7873902581632137e-05,1.95281982421875,0.0111130122095346,-32767.0,0.0006789739489277,0.0018950104713439,1.94668972492218,2.165417432785034,0.0169836498090484,0.0160948698172549,-13.605090141296387,47.41160583496094
5906541,5906541QC.nc,51,-38.646,-53.767,2024-04-18 06:08:59.999997952+00:00,-45.879411372708105,PACE_OCI_L2_AOP_PACE_OCI.20240418T171520.L2.OC_AOP.V3_0.nc_3.0,PACE_OCI_L2_AOP_PACE_OCI.20240418T171520.L2.OC_AOP.V3_0.nc_3.0,PACE_OCI.20240418T171520.L2.OC_AOP.V3_0.nc,0.5445613150688525,2024-04-18 17:17:49.500000+00:00,0.0018827231833711,0.000346387445461,0.0001007213722914,9.916361887007952e-05,0.1765924543142318,0.0004404504434205,-32767.0,0.0010342539311763,0.0023950040340423,1.6924148797988892,1.9323357343673704,0.0249574970971151,0.0629037453786221,-38.644874572753906,-53.76089859008789
5906541,5906541QC.nc,69,-38.954,-40.40199999999999,2024-10-20 05:03:59.999998976+00:00,-28.4233340765688,PACE_OCI_L2_AOP_PACE_OCI.20241019T165401.L2.OC_AOP.V3_0.nc_3.0,PACE_OCI_L2_AOP_PACE_OCI.20241019T165401.L2.OC_AOP.V3_0.nc_3.0,PACE_OCI.20241019T165401.L2.OC_AOP.V3_0.nc,126.12170336194512,2024-10-19 16:56:30.500000+00:00,0.0028058676980435,0.0005135722458362,0.0001150711905211,0.0001164621207863,1.1181950569152832,0.0276074148714542,-32767.0,0.00180800838476,0.0038399994373321,1.808043360710144,2.041904926300049,0.0443720588835788,0.0107787719884754,-37.944725036621094,-41.0628776550293
5906563,5906563QC.nc,70,18.954,-125.731,2024-10-14 00:36:59.999998464+00:00,18.62557199479757,"PACE_OCI_L2_AOP_PACE_OCI.20241013T201718.L2.OC_AOP.V3_0.nc_3.0,PACE_OCI_L2_AOP_PACE_OCI.20241013T215535.L2.OC_AOP.V3_0.nc_3.0",PACE_OCI_L2_AOP_PACE_OCI.20241013T215535.L2.OC_AOP.V3_0.nc_3.0,PACE_OCI.20241013T215535.L2.OC_AOP.V3_0.nc,1.1931372475188222,2024-10-13 21:58:04.500000+00:00,0.0009929115185514,0.0002297125029144,6.303808186203241e-05,6.807269528508186e-05,1.598671793937683,0.0055022612214088,-32767.0,0.0006410013682288,0.0019700080156326,1.9782458543777464,2.192488431930542,0.0161008634941624,0.0128732977194979,18.95372772216797,-125.71965789794922
5906563,5906563QC.nc,75,18.805,-125.654,2024-12-02 18:02:59.999999488+00:00,38.33246353896055,PACE_OCI_L2_AOP_PACE_OCI.20241201T202708.L2.OC_AOP.V3_0.nc_3.0,PACE_OCI_L2_AOP_PACE_OCI.20241201T202708.L2.OC_AOP.V3_0.nc_3.0,PACE_OCI.20241201T202708.L2.OC_AOP.V3_0.nc,44.39153505279015,2024-12-01 20:29:37.500000+00:00,0.0021433793008327,0.0008016711217351,8.055195212364197e-05,8.858577348291874e-05,1.593966364860535,0.0095483539626002,-32767.0,0.0014005605807839,0.0034999996423721,1.9463125467300413,2.1735963821411133,0.0350773982768388,0.0100940994048896,18.716032028198242,-126.06501770019531
5906563,5906563QC.nc,77,19.021,-125.698,2024-12-22 15:10:00.000004608+00:00,3.212861083824066,PACE_OCI_L2_AOP_PACE_OCI.20241221T202827.L2.OC_AOP.V3_0.nc_3.0,PACE_OCI_L2_AOP_PACE_OCI.20241221T202827.L2.OC_AOP.V3_0.nc_3.0,PACE_OCI.20241221T202827.L2.OC_AOP.V3_0.nc,29.717339827445905,2024-12-21 20:30:56.500000+00:00,0.0028394623659551,0.0006135808653198,8.0557307228446e-05,7.802806794643402e-05,0.1452079117298126,0.0091029675677418,-32767.0,0.0016657680748918,0.0041100084781646,1.91777777671814,2.153186082839966,0.0415885321085595,0.0117506013147516,18.768369674682617,-125.60584259033203
5906563,5906563QC.nc,79,19.03,-125.706,2025-01-11 11:56:00.000004096+00:00,-42.05229722919867,PACE_OCI_L2_AOP_PACE_OCI.20250110T203503.L2.OC_AOP.V3_0.nc_3.0,PACE_OCI_L2_AOP_PACE_OCI.20250110T203503.L2.OC_AOP.V3_0.nc_3.0,PACE_OCI.20250110T203503.L2.OC_AOP.V3_0.nc,1.990044717238172,2025-01-10 20:37:32.500000+00:00,0.0014275186695158,0.0003802735591307,7.500872015953064e-05,7.099716458469629e-05,0.4723172187805176,0.0066616334952414,-32767.0,0.0008367585907667,0.0020050108432769,1.95827317237854,2.179414749145508,0.0209756367561966,0.0146352831807372,19.013700485229492,-125.69818115234375
5906564,5906564QC.nc,58,8.485,-162.727,2024-06-20 20:01:59.999996416+00:00,46.56489365389356,PACE_OCI_L2_AOP_PACE_OCI.20240621T003103.L2.OC_AOP.V3_0.nc_3.0,PACE_OCI_L2_AOP_PACE_OCI.20240621T003103.L2.OC_AOP.V3_0.nc_3.0,PACE_OCI.20240621T003103.L2.OC_AOP.V3_0.nc,98.27162171881912,2024-06-21 00:33:33+00:00,0.0013536680489778,0.0001942919188877,7.627112790942192e-05,7.757009007036686e-05,1.881874084472656,0.0122667597606778,-32767.0,0.0009146710421418,0.0025150030851364,1.91396164894104,2.1407711505889893,0.0227925462271593,0.0176978999833751,8.34140396118164,-163.6085205078125
5906564,5906564QC.nc,65,7.913,-163.59,2024-08-29 13:27:59.999996928+00:00,-48.30812934880462,"PACE_OCI_L2_AOP_PACE_OCI.20240828T231856.L2.OC_AOP.V3_0.nc_3.0,PACE_OCI_L2_AOP_PACE_OCI.20240829T235321.L2.OC_AOP.V3_0.nc_3.0",PACE_OCI_L2_AOP_PACE_OCI.20240829T235321.L2.OC_AOP.V3_0.nc_3.0,PACE_OCI.20240829T235321.L2.OC_AOP.V3_0.nc,1.021289863391421,2024-08-29 23:55:51+00:00,0.0014436446363106,0.0002233143313787,6.244517862796783e-05,6.358942482620478e-05,1.1786043643951416,0.0071887355297803,-32767.0,0.0009048467578254,0.0021650046110153,1.982416749000549,2.189884901046753,0.0227190913147168,0.0102441418450404,7.912603378295898,-163.5807342529297
5906564,5906564QC.nc,66,8.144,-163.62,2024-09-08 12:47:00.000003072+00:00,-58.28298878793036,PACE_OCI_L2_AOP_PACE_OCI.20240908T001302.L2.OC_AOP.V3_0.nc_3.0,PACE_OCI_L2_AOP_PACE_OCI.20240908T001302.L2.OC_AOP.V3_0.nc_3.0,PACE_OCI.20240908T001302.L2.OC_AOP.V3_0.nc,14.869742763294235,2024-09-08 00:15:31.500000+00:00,0.0007198734674602,0.0001847108069341,3.1217699870467186e-05,3.2105890568345785e-05,1.9567677974700928,0.0049550398252904,-32767.0,0.0004949176550999,0.0015050023794174,1.9940105676651,2.197861671447754,0.0124417903677421,0.0105560763416602,8.276042938232422,-163.64137268066406
5906564,5906564QC.nc,78,10.458,-161.849,2025-01-06 00:03:59.999995904+00:00,52.7643564172653,PACE_OCI_L2_AOP_PACE_OCI.20250106T000940.L2.OC_AOP.V3_0.nc_3.0,PACE_OCI_L2_AOP_PACE_OCI.20250106T000940.L2.OC_AOP.V3_0.nc_3.0,PACE_OCI.20250106T000940.L2.OC_AOP.V3_0.nc,54.09990891041047,2025-01-06 00:12:09.500000+00:00,0.0015170994447544,0.0002461928525008,8.658482693135738e-05,9.198731277137996e-05,1.597121238708496,0.0085549335926771,-32767.0,0.0009899563073127,0.0026700049638748,1.9529999494552608,2.1769089698791504,0.024806372109023,0.0127550273476118,9.980003356933594,-161.75680541992188
5906564,5906564QC.nc,81,10.906,-159.85,2025-02-04 21:22:00.000001536+00:00,54.91883185406929,PACE_OCI_L2_AOP_PACE_OCI.20250203T225447.L2.OC_AOP.V3_0.nc_3.0,PACE_OCI_L2_AOP_PACE_OCI.20250203T225447.L2.OC_AOP.V3_0.nc_3.0,PACE_OCI.20250203T225447.L2.OC_AOP.V3_0.nc,6.772952842285689,2025-02-03 22:57:16.500000+00:00,0.0015618893085047,0.0004344552289694,7.967883720993996e-05,8.42756126075983e-05,1.211617112159729,0.01062698289752,-32767.0,0.0009800044795634,0.0024500042200088,1.9434683322906487,2.1715404987335205,0.0245366853519296,0.0127731782212991,10.964180946350098,-159.8683624267578
5906564,5906564QC.nc,82,10.896,-159.225,2025-02-14 21:16:00.000003072+00:00,56.65557578519873,"PACE_OCI_L2_AOP_PACE_OCI.20250213T234856.L2.OC_AOP.V3_0.nc_3.0,PACE_OCI_L2_AOP_PACE_OCI.20250214T225108.L2.OC_AOP.V3_0.nc_3.0",PACE_OCI_L2_AOP_PACE_OCI.20250213T234856.L2.OC_AOP.V3_0.nc_3.0,PACE_OCI.20250213T234856.L2.OC_AOP.V3_0.nc,1.075729554492337,2025-02-13 23:51:25.500000+00:00,0.0007416731677949,0.0001686539617367,4.215759690850973e-05,4.347926005721092e-05,1.892412781715393,0.004870755597949,-32767.0,0.0005014865442405,0.0012300014495849,1.994027733802796,2.197650909423828,0.0126065172913965,0.0116717754174322,10.900409698486328,-159.2162322998047
5906564,5906564QC.nc,83,10.688,-158.651,2025-02-24 20:31:59.999999488+00:00,50.88450576512837,"PACE_OCI_L2_AOP_PACE_OCI.20250223T231107.L2.OC_AOP.V3_0.nc_3.0,PACE_OCI_L2_AOP_PACE_OCI.20250224T234640.L2.OC_AOP.V3_0.nc_3.0",PACE_OCI_L2_AOP_PACE_OCI.20250224T234640.L2.OC_AOP.V3_0.nc_3.0,PACE_OCI.20250224T234640.L2.OC_AOP.V3_0.nc,1.1610907149150211,2025-02-24 23:49:09.500000+00:00,0.0019683591090142,0.0005298475152812,7.849070243537426e-05,7.42094125598669e-05,0.5319011211395264,0.0087220724672079,-32767.0,0.0011834338185765,0.0024050027132034,1.9624308347702024,2.1750612258911133,0.0296460951811043,0.0117957385411851,10.698205947875977,-158.6487579345703
5906564,5906564QC.nc,84,10.52,-158.851,2025-03-06 19:49:00.000002560+00:00,43.083329571877634,PACE_OCI_L2_AOP_PACE_OCI.20250306T001123.L2.OC_AOP.V3_0.nc_3.0,PACE_OCI_L2_AOP_PACE_OCI.20250306T001123.L2.OC_AOP.V3_0.nc_3.0,PACE_OCI.20250306T001123.L2.OC_AOP.V3_0.nc,3.5485936167653453,2025-03-06 00:13:52.500000+00:00,0.0012667027767747,0.0002206969948019,8.407817222177982e-05,9.201385546475648e-05,1.456629991531372,0.0091669773682951,-32767.0,0.0008086350050147,0.0022400021553039,1.960536003112793,2.178598165512085,0.0202680914958967,0.012983753827814,10.511270523071289,-158.8197784423828
5906564,5906564QC.nc,85,10.346,-159.569,2025-03-16 19:47:59.999995904+00:00,44.04184758832788,"PACE_OCI_L2_AOP_PACE_OCI.20250315T233307.L2.OC_AOP.V3_0.nc_3.0,PACE_OCI_L2_AOP_PACE_OCI.20250317T000836.L2.OC_AOP.V3_0.nc_3.0",PACE_OCI_L2_AOP_PACE_OCI.20250315T233307.L2.OC_AOP.V3_0.nc_3.0,PACE_OCI.20250315T233307.L2.OC_AOP.V3_0.nc,0.4237811407193554,2025-03-15 23:35:36.500000+00:00,0.0010174392955377,0.0001930326980073,5.032471381127834e-05,5.2374787628650665e-05,1.7957615852355957,0.016331547871232,-32767.0,0.0006702514705365,0.0018199980258941,1.8916321992874143,2.129737377166748,0.0166735098678189,0.0214648869739951,10.345566749572754,-159.57284545898438
5906564,5906564QC.nc,86,10.155,-160.504,2025-03-26 18:44:00.000003584+00:00,29.14015392589444,"PACE_OCI_L2_AOP_PACE_OCI.20250325T225428.L2.OC_AOP.V3_0.nc_3.0,PACE_OCI_L2_AOP_PACE_OCI.20250326T232956.L2.OC_AOP.V3_0.nc_3.0",PACE_OCI_L2_AOP_PACE_OCI.20250325T225428.L2.OC_AOP.V3_0.nc_3.0,PACE_OCI.20250325T225428.L2.OC_AOP.V3_0.nc,3.6883485570351393,2025-03-25 22:56:57.500000+00:00,0.0006404594168998,0.000211772203329,4.6146800741553307e-05,4.815513966605067e-05,1.8657796382904053,0.0081313950940966,-32767.0,0.0004285566709139,0.0013049989938735,1.9782123565673828,2.192575693130493,0.0107647590831081,0.0144417152301251,10.127188682556152,-160.4856414794922
5906564,5906564QC.nc,88,10.151,-162.442,2025-04-15 16:29:00.000003584+00:00,-3.242137104711188,PACE_OCI_L2_AOP_PACE_OCI.20250414T231418.L2.OC_AOP.V3_0.nc_3.0,PACE_OCI_L2_AOP_PACE_OCI.20250414T231418.L2.OC_AOP.V3_0.nc_3.0,PACE_OCI.20250414T231418.L2.OC_AOP.V3_0.nc,16.528751600826695,2025-04-14 23:16:47.500000+00:00,0.0006347577436827,9.551367838867007e-05,4.2025058064609766e-05,4.466518294066191e-05,1.912410855293274,0.0040626637637615,-32767.0,0.0004304514138212,0.001345008611679,1.994956135749817,2.199262857437134,0.0108235037661961,0.0105191538005271,10.28361701965332,-162.373779296875
5906566,5906566QC.nc,77,-25.924,-158.566,2025-01-15 09:11:59.999997440+00:00,-38.03492288751511,PACE_OCI_L2_AOP_PACE_OCI.20250115T001710.L2.OC_AOP.V3_0.nc_3.0,PACE_OCI_L2_AOP_PACE_OCI.20250115T001710.L2.OC_AOP.V3_0.nc_3.0,PACE_OCI.20250115T001710.L2.OC_AOP.V3_0.nc,112.92658830860476,2025-01-15 00:19:39.500000+00:00,0.0035809359978884,0.000711524975486,9.492435492575169e-05,9.33455303311348e-05,0.5088034868240356,0.0052237659692764,0.0122051239013671,0.00215819992221,0.0047550052404403,1.9801753759384155,2.191591739654541,0.0542028168146823,0.0045195785886048,-26.92292594909668,-158.3614959716797
5906566,5906566QC.nc,81,-25.603,-159.43,2025-02-24 06:16:59.999999488+00:00,-14.861587601826402,PACE_OCI_L2_AOP_PACE_OCI.20250224T234140.L2.OC_AOP.V3_0.nc_3.0,PACE_OCI_L2_AOP_PACE_OCI.20250224T234140.L2.OC_AOP.V3_0.nc_3.0,PACE_OCI.20250224T234140.L2.OC_AOP.V3_0.nc,0.6275210674180984,2025-02-24 23:44:09.500000+00:00,0.0012587046949192,0.000298486353131,4.374177660793066e-05,4.751048982143402e-05,1.846357345581055,0.0036843810230493,-32767.0,0.0008477154673934,0.0022049993276596,1.99570381641388,2.1989591121673584,0.0213144206159974,0.0062858253701555,-25.604129791259766,-159.4238739013672
5906566,5906566QC.nc,85,-26.367,-160.712,2025-04-05 00:50:00.000002048+00:00,45.70453779176555,PACE_OCI_L2_AOP_PACE_OCI.20250406T001909.L2.OC_AOP.V3_0.nc_3.0,PACE_OCI_L2_AOP_PACE_OCI.20250406T001909.L2.OC_AOP.V3_0.nc_3.0,PACE_OCI.20250406T001909.L2.OC_AOP.V3_0.nc,0.3725681313772393,2025-04-06 00:21:38.500000+00:00,0.001114755636081,0.0001814855204429,4.965835250914097e-05,5.3914147429168224e-05,1.4946730136871338,0.0042792879976332,-32767.0,0.0007204125421822,0.0017700046300888,1.995683193206787,2.198622703552246,0.0181126570851245,0.0079256996020251,-26.36831283569336,-160.70855712890625
5906765,5906765QC.nc,149,4.128,170.782,2025-02-18 09:14:59.999996416+00:00,-36.15150066251337,PACE_OCI_L2_AOP_PACE_OCI.20250218T021114.L2.OC_AOP.V3_0.nc_3.0,PACE_OCI_L2_AOP_PACE_OCI.20250218T021114.L2.OC_AOP.V3_0.nc_3.0,PACE_OCI.20250218T021114.L2.OC_AOP.V3_0.nc,2.126226877367862,2025-02-18 02:13:43.500000+00:00,0.0012376706581562,0.0005793038289994,8.332543075084686e-05,8.63480381667614e-05,1.7577344179153442,0.0201935525983572,0.009315013885498,0.0008216554042721,0.0025200098752975,1.8150871992111208,2.050166368484497,0.0201907252681902,0.0248110400431304,4.146207809448242,170.78785705566406
5906765,5906765QC.nc,153,4.728,169.288,2025-03-30 21:02:00.000003072+00:00,33.93533319022991,PACE_OCI_L2_AOP_PACE_OCI.20250331T014639.L2.OC_AOP.V3_0.nc_3.0,PACE_OCI_L2_AOP_PACE_OCI.20250331T014639.L2.OC_AOP.V3_0.nc_3.0,PACE_OCI.20250331T014639.L2.OC_AOP.V3_0.nc,22.153745896182684,2025-03-31 01:49:08.500000+00:00,0.0040173176676034,0.0004930864670313,7.974402979016304e-05,7.780361920595169e-05,0.4604480862617492,0.0170745179057121,-32767.0,0.002495390990833,0.0065000057220458,1.801202416419983,2.0493528842926025,0.0613121211982123,0.0164510398037552,4.662247180938721,169.09930419921875
5906767,5906767QC.nc,94,2.262,-173.28,2024-04-17 23:34:00.000002560+00:00,81.33759382768697,PACE_OCI_L2_AOP_PACE_OCI.20240418T010200.L2.OC_AOP.V3_0.nc_3.0,PACE_OCI_L2_AOP_PACE_OCI.20240418T010200.L2.OC_AOP.V3_0.nc_3.0,PACE_OCI.20240418T010200.L2.OC_AOP.V3_0.nc,1.5370335010597034,2024-04-18 01:03:34+00:00,0.0011147875338792,0.0002642848121467,5.2665825933218e-05,5.570892244577408e-05,1.860332727432251,0.0139814093708992,-32767.0,0.00074750076077,0.002125009894371,1.9044666290283203,2.131950616836548,0.0186015464361818,0.0207239223129128,2.2634668350219727,-173.26625061035156
5906767,5906767QC.nc,101,2.421,-171.451,2024-06-27 23:51:00.000002048+00:00,68.49701487148369,PACE_OCI_L2_AOP_PACE_OCI.20240627T233401.L2.OC_AOP.V3_0.nc_3.0,PACE_OCI_L2_AOP_PACE_OCI.20240627T233401.L2.OC_AOP.V3_0.nc_3.0,PACE_OCI.20240627T233401.L2.OC_AOP.V3_0.nc,13.178708305675542,2024-06-27 23:36:30.500000+00:00,0.0039801006205379,0.000530599092599,7.977662608027458e-05,7.857987657189369e-05,0.0973017364740371,0.013180237263441,-32767.0,0.0023693045050377,0.0055450052022933,1.8712983131408687,2.108898878097534,0.0587509693680339,0.0119480522379235,2.4642930030822754,-171.56143188476562
5906767,5906767QC.nc,103,2.145,-169.755,2024-07-17 20:40:59.999997440+00:00,45.80996480666622,PACE_OCI_L2_AOP_PACE_OCI.20240717T234349.L2.OC_AOP.V3_0.nc_3.0,PACE_OCI_L2_AOP_PACE_OCI.20240717T234349.L2.OC_AOP.V3_0.nc_3.0,PACE_OCI.20240717T234349.L2.OC_AOP.V3_0.nc,18.71601037247075,2024-07-17 23:46:18.500000+00:00,0.0038202251307666,0.0005965224700048,9.359954856336115e-05,9.229499846696854e-05,1.1524741649627686,0.0190304983407259,-32767.0,0.0024699817922579,0.0057450085878372,1.872552514076233,2.1062605381011963,0.0612225340837479,0.0074236335681886,2.0210235118865967,-169.64108276367188
5906767,5906767QC.nc,107,2.628,-168.803,2024-08-27 12:34:59.999995392+00:00,-66.85943869968503,"PACE_OCI_L2_AOP_PACE_OCI.20240826T234824.L2.OC_AOP.V3_0.nc_3.0,PACE_OCI_L2_AOP_PACE_OCI.20240828T002249.L2.OC_AOP.V3_0.nc_3.0",PACE_OCI_L2_AOP_PACE_OCI.20240828T002249.L2.OC_AOP.V3_0.nc_3.0,PACE_OCI.20240828T002249.L2.OC_AOP.V3_0.nc,7.472174065878054,2024-08-28 00:25:19+00:00,0.0038653023075312,0.000358109420631,7.512071169912815e-05,7.155141793191433e-05,0.1609845906496048,0.0156928375363349,0.0289499759674072,0.0023409387630633,0.0049799978733062,1.8653439283370967,2.103544235229492,0.0579996982043739,0.009337631108886,2.684492826461792,-168.76657104492188
5906767,5906767QC.nc,108,2.527,-169.38,2024-09-07 00:11:00.000001024+00:00,75.75133261805276,"PACE_OCI_L2_AOP_PACE_OCI.20240906T233339.L2.OC_AOP.V3_0.nc_3.0,PACE_OCI_L2_AOP_PACE_OCI.20240908T000802.L2.OC_AOP.V3_0.nc_3.0",PACE_OCI_L2_AOP_PACE_OCI.20240908T000802.L2.OC_AOP.V3_0.nc_3.0,PACE_OCI.20240908T000802.L2.OC_AOP.V3_0.nc,0.37594000687985,2024-09-08 00:10:31.500000+00:00,0.0021991550456732,0.0002771079016383,0.0001125046983361,0.0001160511747002,1.4266258478164673,0.017743719741702,-32767.0,0.0014228703188549,0.0032400041818618,1.8653604984283447,2.100249052047729,0.0352354983165015,0.0174613401531874,2.5236217975616455,-169.37986755371094
5906767,5906767QC.nc,110,2.743,-169.697,2024-09-26 19:32:00.000003072+00:00,35.41263930604066,PACE_OCI_L2_AOP_PACE_OCI.20240926T004046.L2.OC_AOP.V3_0.nc_3.0,PACE_OCI_L2_AOP_PACE_OCI.20240926T004046.L2.OC_AOP.V3_0.nc_3.0,PACE_OCI.20240926T004046.L2.OC_AOP.V3_0.nc,1.2635507580429175,2024-09-26 00:43:15.500000+00:00,0.0016107022529467,0.0006410344503819,4.929397255182266e-05,4.952447488903999e-05,0.626997709274292,0.0121273221448063,-32767.0,0.0009798217329445,0.0023850053548812,1.9075428247451784,2.1333940029144287,0.0243882764264729,0.0182398833276192,2.751999855041504,-169.70394897460938
5906767,5906767QC.nc,114,2.554,-169.408,2024-11-06 10:18:00.000002560+00:00,-72.70786722511323,"PACE_OCI_L2_AOP_PACE_OCI.20241105T232832.L2.OC_AOP.V3_0.nc_3.0,PACE_OCI_L2_AOP_PACE_OCI.20241107T000249.L2.OC_AOP.V3_0.nc_3.0",PACE_OCI_L2_AOP_PACE_OCI.20241107T000249.L2.OC_AOP.V3_0.nc_3.0,PACE_OCI.20241107T000249.L2.OC_AOP.V3_0.nc,0.6475588066934564,2024-11-07 00:05:18.500000+00:00,0.0009339954704046,0.0001962615206139,4.506303230300546e-05,4.694832023233175e-05,1.9255324602127075,0.0152573445811867,-32767.0,0.0006328966332783,0.0021049976348876,1.90529215335846,2.1354923248291016,0.0157582249172633,0.0207948169466638,2.552616834640503,-169.41366577148438
5906767,5906767QC.nc,116,2.149,-168.088,2024-11-26 13:38:59.999997952+00:00,-46.8632240966167,PACE_OCI_L2_AOP_PACE_OCI.20241126T235913.L2.OC_AOP.V3_0.nc_3.0,PACE_OCI_L2_AOP_PACE_OCI.20241126T235913.L2.OC_AOP.V3_0.nc_3.0,PACE_OCI.20241126T235913.L2.OC_AOP.V3_0.nc,44.73538214133713,2024-11-27 00:01:43+00:00,0.0008051775512285,0.0004280405992176,5.146482726559043e-05,5.306530511006713e-05,1.851719856262207,0.0134046049788594,-32767.0,0.0005369449366908,0.0016050040721893,1.9130576848983765,2.14817214012146,0.0133953216754162,0.0215301083210653,1.7568665742874146,-167.99801635742188
5906767,5906767QC.nc,120,1.994,-165.07,2025-01-06 04:24:59.999997952+00:00,8.799153355144043,PACE_OCI_L2_AOP_PACE_OCI.20250106T000940.L2.OC_AOP.V3_0.nc_3.0,PACE_OCI_L2_AOP_PACE_OCI.20250106T000940.L2.OC_AOP.V3_0.nc_3.0,PACE_OCI.20250106T000940.L2.OC_AOP.V3_0.nc,6.209975081619708,2025-01-06 00:12:09.500000+00:00,0.0026641024742275,0.0004113050526939,8.547329343855381e-05,8.638831786811352e-05,0.4015206694602966,0.0138976154848933,0.0188350677490234,0.001635026820668,0.0033300071954727,1.862352728843689,2.0951313972473145,0.0404573427345024,0.0196243061963397,1.9563038349151611,-165.11123657226562
5906767,5906767QC.nc,121,1.885,-164.009,2025-01-16 08:03:59.999998976+00:00,-41.83503928345831,PACE_OCI_L2_AOP_PACE_OCI.20250116T235317.L2.OC_AOP.V3_0.nc_3.0,PACE_OCI_L2_AOP_PACE_OCI.20250116T235317.L2.OC_AOP.V3_0.nc_3.0,PACE_OCI.20250116T235317.L2.OC_AOP.V3_0.nc,2.498314656588264,2025-01-16 23:55:46.500000+00:00,0.002332117408514,0.0005236747674643,6.739096716046333e-05,6.695580668747425e-05,1.76304829120636,0.016057476401329,-32767.0,0.0015394776257197,0.0032300055027008,1.888686299324036,2.118286371231079,0.038229271570834,0.0156828912846084,1.8888860940933228,-163.9868621826172
5906767,5906767QC.nc,122,1.808,-163.298,2025-01-26 19:57:00.000004096+00:00,39.36829171960488,"PACE_OCI_L2_AOP_PACE_OCI.20250126T001047.L2.OC_AOP.V3_0.nc_3.0,PACE_OCI_L2_AOP_PACE_OCI.20250126T230708.L2.OC_AOP.V3_0.nc_3.0",PACE_OCI_L2_AOP_PACE_OCI.20250126T001047.L2.OC_AOP.V3_0.nc_3.0,PACE_OCI.20250126T001047.L2.OC_AOP.V3_0.nc,0.2154174693895164,2025-01-26 00:13:16.500000+00:00,0.0009651621803641,0.0001330953091382,5.5637210607528687e-05,5.847460124641657e-05,1.36620831489563,0.0165635533630847,0.0615050792694091,0.0006162291228448,0.0016300082206726,1.8458778858184808,2.083904981613159,0.0152216983522196,0.0291570934116762,1.806404709815979,-163.29690551757812
5906767,5906767QC.nc,123,1.7,-161.865,2025-02-05 11:48:59.999998976+00:00,-71.69134893944693,"PACE_OCI_L2_AOP_PACE_OCI.20250204T232429.L2.OC_AOP.V3_0.nc_3.0,PACE_OCI_L2_AOP_PACE_OCI.20250205T235928.L2.OC_AOP.V3_0.nc_3.0",PACE_OCI_L2_AOP_PACE_OCI.20250205T235928.L2.OC_AOP.V3_0.nc_3.0,PACE_OCI.20250205T235928.L2.OC_AOP.V3_0.nc,0.9235395507043236,2025-02-06 00:01:57.500000+00:00,0.001296563190408,0.0001462296058889,5.45956427231431e-05,5.502637941390276e-05,0.8008650541305542,0.0130149526521563,0.0611650943756103,0.0007936904993724,0.0018350034952163,1.9118691682815552,2.1362311840057373,0.0197640144535183,0.0213308092694966,1.7032289505004883,-161.87265014648438
5906767,5906767QC.nc,124,2.239,-160.535,2025-02-15 16:04:59.999998976+00:00,-12.972984666252009,"PACE_OCI_L2_AOP_PACE_OCI.20250215T002430.L2.OC_AOP.V3_0.nc_3.0,PACE_OCI_L2_AOP_PACE_OCI.20250215T232142.L2.OC_AOP.V3_0.nc_3.0",PACE_OCI_L2_AOP_PACE_OCI.20250215T232142.L2.OC_AOP.V3_0.nc_3.0,PACE_OCI.20250215T232142.L2.OC_AOP.V3_0.nc,0.5974388177013891,2025-02-15 23:24:11.500000+00:00,0.0009980048052966,0.000295650184853,5.394412437453866e-05,5.4895528592169285e-05,1.9220424890518188,0.0120870042592287,-32767.0,0.0006823505655826,0.0021750032901763,1.906322717666626,2.1456425189971924,0.0170161614113578,0.0227283728809928,2.2341625690460205,-160.53733825683594
5906767,5906767QC.nc,125,2.166,-159.821,2025-02-25 19:44:59.999996416+00:00,42.11456092300668,"PACE_OCI_L2_AOP_PACE_OCI.20250224T234640.L2.OC_AOP.V3_0.nc_3.0,PACE_OCI_L2_AOP_PACE_OCI.20250226T002214.L2.OC_AOP.V3_0.nc_3.0",PACE_OCI_L2_AOP_PACE_OCI.20250226T002214.L2.OC_AOP.V3_0.nc_3.0,PACE_OCI.20250226T002214.L2.OC_AOP.V3_0.nc,1.5913171364029983,2025-02-26 00:24:43.500000+00:00,0.0008793951710686,0.0001106323979911,6.526178913190961e-05,6.762996781617403e-05,1.7535115480422974,0.009054472669959,-32767.0,0.0005818247152087,0.0020600110292434,1.914034485816956,2.152643918991089,0.0145249595845589,0.0259250848647462,2.162947177886963,-159.83499145507812
6990590,6990590QC.nc,0,21.679,-117.954,2025-03-20 02:31:00.000003072+00:00,-7.412138040731535,PACE_OCI_L2_AOP_PACE_OCI.20250320T195707.L2.OC_AOP.V3_0.nc_3.0,PACE_OCI_L2_AOP_PACE_OCI.20250320T195707.L2.OC_AOP.V3_0.nc_3.0,PACE_OCI.20250320T195707.L2.OC_AOP.V3_0.nc,0.2973330871020598,2025-03-20 19:59:36.500000+00:00,0.0003298284718766,8.41587534523569e-05,3.109747194685042e-05,3.13498021569103e-05,1.8780303001403809,0.0026985865551978,-32767.0,0.0002277852203948,0.000900000333786,1.9897047281265257,2.19849157333374,0.005726874291509,0.019467380156419,21.6766300201416,-117.95266723632812
6990590,6990590QC.nc,2,22.076,-117.647,2025-04-09 17:54:59.999997952+00:00,58.48233371227512,"PACE_OCI_L2_AOP_PACE_OCI.20250408T194156.L2.OC_AOP.V3_0.nc_3.0,PACE_OCI_L2_AOP_PACE_OCI.20250409T201720.L2.OC_AOP.V3_0.nc_3.0",PACE_OCI_L2_AOP_PACE_OCI.20250409T201720.L2.OC_AOP.V3_0.nc_3.0,PACE_OCI.20250409T201720.L2.OC_AOP.V3_0.nc,0.2867783342083015,2025-04-09 20:19:49.500000+00:00,0.000594898534473,0.0001778417354216,3.623025259003043e-05,3.729166928678751e-05,1.9032349586486816,0.004376552067697,-32767.0,0.0004068814107814,0.0010600090026855,1.982686161994934,2.1930408477783203,0.0102210390166281,0.0199905503388042,22.073442459106445,-117.64664459228516
6990590,6990590QC.nc,3,22.064,-117.515,2025-04-20 00:45:00+00:00,19.02760916187472,PACE_OCI_L2_AOP_PACE_OCI.20250420T201305.L2.OC_AOP.V3_0.nc_3.0,PACE_OCI_L2_AOP_PACE_OCI.20250420T201305.L2.OC_AOP.V3_0.nc_3.0,PACE_OCI.20250420T201305.L2.OC_AOP.V3_0.nc,14.117767039019116,2025-04-20 20:15:34.500000+00:00,7.301961886696517e-05,0.0006481098243966,5.057324597146362e-05,4.743710451293737e-05,1.5076438188552856,6.322113767964765e-05,-32767.0,7.375554407317908e-05,0.0006300061941146,1.9954508543014529,2.199765920639038,0.0018546932302438,0.0183757050283843,22.06424903869629,-117.37800598144531
6990671,6990671QC.nc,4,-15.386,-13.74599999999998,2025-04-17 10:54:00.000004608+00:00,50.42647711367543,PACE_OCI_L2_AOP_PACE_OCI.20250416T142454.L2.OC_AOP.V3_0.nc_3.0,PACE_OCI_L2_AOP_PACE_OCI.20250416T142454.L2.OC_AOP.V3_0.nc_3.0,PACE_OCI.20250416T142454.L2.OC_AOP.V3_0.nc,4.288993044331471,2025-04-16 14:27:23.500000+00:00,0.0018249440472573,0.0005232400726526,9.758863598108292e-05,9.310117457062006e-05,0.7882320880889893,0.0040948293171823,-32767.0,0.0011033940984885,0.0020399987697601,1.9933658838272093,2.1940486431121826,0.0277220496676128,0.0102554291396844,-15.398938179016113,-13.708311080932617
6990671,6990671QC.nc,5,-15.777,-13.76600000000002,2025-04-27 11:37:59.999998464+00:00,54.986061971978685,"PACE_OCI_L2_AOP_PACE_OCI.20250426T134510.L2.OC_AOP.V3_0.nc_3.0,PACE_OCI_L2_AOP_PACE_OCI.20250427T142031.L2.OC_AOP.V3_0.nc_3.0",PACE_OCI_L2_AOP_PACE_OCI.20250426T134510.L2.OC_AOP.V3_0.nc_3.0,PACE_OCI.20250426T134510.L2.OC_AOP.V3_0.nc,0.5629347297936089,2025-04-26 13:47:39.500000+00:00,0.0008015804341994,7.01810495229438e-05,2.4533714167773724e-05,2.4817301891744137e-05,1.965670585632324,0.0042132372036576,-32767.0,0.000551018512325,0.0016150027513504,1.9943599700927728,2.198626041412353,0.0138537487705211,0.0105837679382873,-15.774798393249512,-13.761262893676758
6990687,6990687QC.nc,1,30.159,-71.452,2025-03-01 01:24:59.999997952+00:00,-35.349264570603054,PACE_OCI_L2_AOP_PACE_OCI.20250228T180201.L2.OC_AOP.V3_0.nc_3.0,PACE_OCI_L2_AOP_PACE_OCI.20250228T180201.L2.OC_AOP.V3_0.nc_3.0,PACE_OCI.20250228T180201.L2.OC_AOP.V3_0.nc,7.024502058265639,2025-02-28 18:04:30.500000+00:00,0.0009676610352471,0.0002076038363156,8.915661601349711e-05,9.087729267776012e-05,1.780925989151001,0.0154096754267811,-32767.0,0.0006459942798941,0.0019849985837936,1.8628958463668823,2.1050078868865967,0.0160089316477833,0.0241125062914324,30.09590721130371,-71.45567321777344
6990687,6990687QC.nc,2,30.215,-71.67899999999997,2025-03-11 07:55:00.000001024+00:00,-40.20958153246342,PACE_OCI_L2_AOP_PACE_OCI.20250311T175919.L2.OC_AOP.V3_0.nc_3.0,PACE_OCI_L2_AOP_PACE_OCI.20250311T175919.L2.OC_AOP.V3_0.nc_3.0,PACE_OCI.20250311T175919.L2.OC_AOP.V3_0.nc,38.89635049167909,2025-03-11 18:01:48.500000+00:00,0.0021827537566423,0.0002038038946921,0.0001005812082439,9.843497537076472e-05,0.647963285446167,0.0116580026224255,-32767.0,0.001331690547859,0.0032500028610229,1.885569334030152,2.1248223781585693,0.0331027069366547,0.0208044823251804,30.097686767578125,-71.2978744506836
6990687,6990687QC.nc,3,30.165,-72.18599999999998,2025-03-21 14:25:00.000004608+00:00,43.520709593118056,PACE_OCI_L2_AOP_PACE_OCI.20250320T182345.L2.OC_AOP.V3_0.nc_3.0,PACE_OCI_L2_AOP_PACE_OCI.20250320T182345.L2.OC_AOP.V3_0.nc_3.0,PACE_OCI.20250320T182345.L2.OC_AOP.V3_0.nc,1.359276864480942,2025-03-20 18:26:14.500000+00:00,0.001745056011714,0.0002681106270756,9.3362876214087e-05,9.13228141143918e-05,0.3107376098632812,0.0102606005966663,-32767.0,0.0010254882286726,0.002700001001358,1.8542829751968384,2.104747772216797,0.0254124744391486,0.0288495689001104,30.16366958618164,-72.17194366455078
6990687,6990687QC.nc,5,30.162,-73.02999999999997,2025-04-11 02:45:00.000003584+00:00,-40.69263122160638,PACE_OCI_L2_AOP_PACE_OCI.20250411T181125.L2.OC_AOP.V3_0.nc_3.0,PACE_OCI_L2_AOP_PACE_OCI.20250411T181125.L2.OC_AOP.V3_0.nc_3.0,PACE_OCI.20250411T181125.L2.OC_AOP.V3_0.nc,2.2978618340593586,2025-04-11 18:13:54.500000+00:00,0.0014875645283609,0.0004131337627768,7.892341818660498e-05,7.997523061931133e-05,1.834216594696045,0.0026629546191543,-32767.0,0.0009619641891454,0.0024600028991699,1.94895339012146,2.166090488433838,0.0240647778670436,0.0247293799718345,30.17558479309082,-73.04801177978516
6990687,6990687QC.nc,7,30.328,-73.87599999999998,2025-05-01 14:57:00.000000512+00:00,59.567385995590925,"PACE_OCI_L2_AOP_PACE_OCI.20250430T175451.L2.OC_AOP.V3_0.nc_3.0,PACE_OCI_L2_AOP_PACE_OCI.20250501T165149.L2.OC_AOP.V3_0.nc_3.0",PACE_OCI_L2_AOP_PACE_OCI.20250501T165149.L2.OC_AOP.V3_0.nc_3.0,PACE_OCI.20250501T165149.L2.OC_AOP.V3_0.nc,0.6760042096240987,2025-05-01 16:54:18.500000+00:00,0.0006655752076767,0.0001076822518371,3.595597809180617e-05,3.736029611900449e-05,1.924786806106568,0.0016438665334135,-32767.0,0.0004569558193761,0.0014249980449676,1.9918025732040403,2.1975553035736084,0.0114869216479543,0.0173384495794212,30.331937789916992,-73.87063598632812
7901095,7901095QC.nc,24,-0.475,142.7,2024-04-21 20:51:00.000002048+00:00,5.735308454546424,PACE_OCI_L2_AOP_PACE_OCI.20240422T032159.L2.OC_AOP.V3_0.nc_3.0,PACE_OCI_L2_AOP_PACE_OCI.20240422T032159.L2.OC_AOP.V3_0.nc_3.0,PACE_OCI.20240422T032159.L2.OC_AOP.V3_0.nc,0.1819282883813581,2024-04-22 03:24:29+00:00,0.0012854466913267,0.0002879963431041,3.971869591623545e-05,4.2825122363865376e-05,1.6478943824768066,0.0085770776495337,0.0020051002502441,0.0008400854818365,0.0021599978208541,1.9714640378952024,2.1842527389526367,0.021074746527993,0.0118402662293405,-0.4734839200973511,142.70062255859375
7901095,7901095QC.nc,35,0.102,147.074,2024-08-13 02:12:59.999996928+00:00,75.53168051593754,PACE_OCI_L2_AOP_PACE_OCI.20240813T031411.L2.OC_AOP.V3_0.nc_3.0,PACE_OCI_L2_AOP_PACE_OCI.20240813T031411.L2.OC_AOP.V3_0.nc_3.0,PACE_OCI.20240813T031411.L2.OC_AOP.V3_0.nc,0.6228069443079441,2024-08-13 03:16:40.500000+00:00,0.0016930447891354,0.0008924230351112,5.6377495639026165e-05,5.549797788262367e-05,0.546174943447113,0.0076306066475808,-32767.0,0.0010153122086577,0.0024050027132034,1.9568077325820925,2.175675392150879,0.0254369041467437,0.0150177378353845,0.09665725380182266,147.07232666015625
7901095,7901095QC.nc,39,1.469,148.747,2024-09-23 05:53:00.000005120+00:00,31.066119211689937,PACE_OCI_L2_AOP_PACE_OCI.20240923T034747.L2.OC_AOP.V3_0.nc_3.0,PACE_OCI_L2_AOP_PACE_OCI.20240923T034747.L2.OC_AOP.V3_0.nc_3.0,PACE_OCI.20240923T034747.L2.OC_AOP.V3_0.nc,203.03861175641143,2024-09-23 03:50:16.500000+00:00,0.0005108494660817,0.0002182493335567,5.398973007686436e-05,5.5903918109834194e-05,1.877987146377564,0.002501294016838,-32767.0,0.0003501860045361,0.0012700110673904,1.9952253103256223,2.197697639465332,0.0088031428286501,0.0111844097395574,2.943956136703491,147.6697540283203
7901095,7901095QC.nc,54,0.436,146.018,2025-03-06 23:14:00.000003584+00:00,41.50640574714351,"PACE_OCI_L2_AOP_PACE_OCI.20250306T032307.L2.OC_AOP.V3_0.nc_3.0,PACE_OCI_L2_AOP_PACE_OCI.20250307T022517.L2.OC_AOP.V3_0.nc_3.0",PACE_OCI_L2_AOP_PACE_OCI.20250306T032307.L2.OC_AOP.V3_0.nc_3.0,PACE_OCI.20250306T032307.L2.OC_AOP.V3_0.nc,44.976930694088345,2025-03-06 03:25:36.500000+00:00,0.0011798775522038,0.0001846168015617,4.998187068849802e-05,4.911853466182947e-05,0.8148803114891052,0.0093517657369375,-32767.0,0.0007172874032582,0.001685008406639,1.951543927192688,2.169761896133423,0.0179540303878123,0.0174647009461652,0.041913993656635284,146.10914611816406
7901097,7901097QC.nc,39,8.466,174.098,2024-10-26 23:35:59.999995392+00:00,67.29126712978355,PACE_OCI_L2_AOP_PACE_OCI.20241027T015750.L2.OC_AOP.V3_0.nc_3.0,PACE_OCI_L2_AOP_PACE_OCI.20241027T015750.L2.OC_AOP.V3_0.nc_3.0,PACE_OCI.20241027T015750.L2.OC_AOP.V3_0.nc,119.26161879717176,2024-10-27 02:00:20+00:00,0.000379260018235,0.005901473108679,5.895536742173135e-05,5.9147889260202646e-05,1.768347144126892,0.0029201151337474,-32767.0,0.0002605514383168,0.0012650042772293,1.9917196035385127,2.199170589447021,0.0065513534781985,0.0087549260046533,7.688632011413574,173.3516387939453
7901097,7901097QC.nc,49,7.229,170.561,2025-02-17 14:34:00.000002560+00:00,-64.37279820142999,PACE_OCI_L2_AOP_PACE_OCI.20250218T021114.L2.OC_AOP.V3_0.nc_3.0,PACE_OCI_L2_AOP_PACE_OCI.20250218T021114.L2.OC_AOP.V3_0.nc_3.0,PACE_OCI.20250218T021114.L2.OC_AOP.V3_0.nc,2.4512001209907863,2025-02-18 02:13:43.500000+00:00,0.0009567584493197,0.0002482938580214,8.005206473171711e-05,8.111639181151986e-05,1.7779154777526855,0.0142030045390129,-32767.0,0.0006346082708617,0.002125009894371,1.9006216526031487,2.137000322341919,0.0158045160371233,0.0198510859410245,7.229702472686768,170.5832061767578
7901097,7901097QC.nc,52,7.441,169.512,2025-03-20 12:24:00.000004608+00:00,-80.20724644142783,PACE_OCI_L2_AOP_PACE_OCI.20250320T015506.L2.OC_AOP.V3_0.nc_3.0,PACE_OCI_L2_AOP_PACE_OCI.20250320T015506.L2.OC_AOP.V3_0.nc_3.0,PACE_OCI.20250320T015506.L2.OC_AOP.V3_0.nc,5.212655390502485,2025-03-20 01:57:35.500000+00:00,0.0013871615519747,0.000207543344004,7.151300087571144e-05,7.42659904062748e-05,1.7515838146209717,0.0135808419436216,-32767.0,0.0009103208249612,0.0019500106573104,1.9316717386245728,2.1512019634246826,0.022720646748428,0.0165678028344167,7.432593822479248,169.46548461914062
7901097,7901097QC.nc,54,8.179,168.752,2025-04-10 04:58:59.999996928+00:00,27.54786506957816,PACE_OCI_L2_AOP_PACE_OCI.20250411T014249.L2.OC_AOP.V3_0.nc_3.0,PACE_OCI_L2_AOP_PACE_OCI.20250411T014249.L2.OC_AOP.V3_0.nc_3.0,PACE_OCI.20250411T014249.L2.OC_AOP.V3_0.nc,0.9240768712989164,2025-04-11 01:45:18.500000+00:00,0.0009173849248327,0.000154770721565,5.552254151552916e-05,5.799997597932816e-05,1.8167827129364007,0.0055906036868691,-32767.0,0.0006087647863411,0.0016250014305114,1.9875695705413816,2.1969807147979736,0.0153017289493642,0.0118069989168212,8.186710357666016,168.74887084960938
7901098,7901098QC.nc,20,8.111,-169.667,2024-04-21 16:44:00+00:00,-6.310879024801722,PACE_OCI_L2_AOP_PACE_OCI.20240420T233022.L2.OC_AOP.V3_0.nc_3.0,PACE_OCI_L2_AOP_PACE_OCI.20240420T233022.L2.OC_AOP.V3_0.nc_3.0,PACE_OCI.20240420T233022.L2.OC_AOP.V3_0.nc,66.2612078356304,2024-04-20 23:32:51.500000+00:00,0.003815502859652,0.0008377257036045,0.0001035314053297,0.0001012724824249,0.7406113743782043,0.0077394400723278,-32767.0,0.0023434434732548,0.0056599974632263,1.9520920515060425,2.1752541065216064,0.0587071405566661,0.0064440147551682,7.83501672744751,-170.20030212402344
7901098,7901098QC.nc,25,7.479,-174.085,2024-06-12 06:22:00.000001536+00:00,-7.444049846166084,PACE_OCI_L2_AOP_PACE_OCI.20240613T004810.L2.OC_AOP.V3_0.nc_3.0,PACE_OCI_L2_AOP_PACE_OCI.20240613T004810.L2.OC_AOP.V3_0.nc_3.0,PACE_OCI.20240613T004810.L2.OC_AOP.V3_0.nc,5.940720688142119,2024-06-13 00:50:40+00:00,0.0025367033667862,0.0004272661171853,7.988931611180305e-05,8.229888044297695e-05,1.4073991775512695,0.0113813979551196,-32767.0,0.0016430058341892,0.0033349990844726,1.9489861726760864,2.1604199409484863,0.0410660053226548,0.0109699298094565,7.440160751342773,-174.04800415039062
7901098,7901098QC.nc,30,7.728,-175.266,2024-08-02 20:37:00.000001536+00:00,42.71887834410528,PACE_OCI_L2_AOP_PACE_OCI.20240803T004531.L2.OC_AOP.V3_0.nc_3.0,PACE_OCI_L2_AOP_PACE_OCI.20240803T004531.L2.OC_AOP.V3_0.nc_3.0,PACE_OCI.20240803T004531.L2.OC_AOP.V3_0.nc,100.66274452073542,2024-08-03 00:48:00.500000+00:00,0.0030304978135973,0.0008996673277579,9.258580394089222e-05,9.067286737263204e-05,0.5444119572639465,0.0094050737097859,-32767.0,0.0018400843618841,0.0037849992513656,1.9303385019302368,2.1489360332489014,0.045910523927649,0.0135893212073612,7.609253406524658,-174.36044311523438
7901098,7901098QC.nc,34,7.148,-174.136,2024-09-13 01:47:59.999995904+00:00,56.091381906477736,PACE_OCI_L2_AOP_PACE_OCI.20240912T234806.L2.OC_AOP.V3_0.nc_3.0,PACE_OCI_L2_AOP_PACE_OCI.20240912T234806.L2.OC_AOP.V3_0.nc_3.0,PACE_OCI.20240912T234806.L2.OC_AOP.V3_0.nc,199.47060000802887,2024-09-12 23:50:36+00:00,0.0012885371688753,0.0002458708186168,4.653213545680046e-05,4.856078885495663e-05,1.9356505870819087,0.0077918041497468,-32767.0,0.0008760581844751,0.0025449991226196,1.9768577814102173,2.193164825439453,0.0220073860111393,0.0095958519659944,8.814155578613281,-173.46469116210938
7901098,7901098QC.nc,35,6.911,-173.199,2024-09-23 09:42:59.999996928+00:00,-63.73907861465215,PACE_OCI_L2_AOP_PACE_OCI.20240923T003613.L2.OC_AOP.V3_0.nc_3.0,PACE_OCI_L2_AOP_PACE_OCI.20240923T003613.L2.OC_AOP.V3_0.nc_3.0,PACE_OCI.20240923T003613.L2.OC_AOP.V3_0.nc,0.5486427655389771,2024-09-23 00:38:42.500000+00:00,0.0007834899588488,6.435950490413234e-05,2.7734145987778905e-05,2.789264544844628e-05,1.951840877532959,0.0050152335315942,-32767.0,0.0005348571713308,0.0015400052070617,1.9939587116241453,2.198683738708496,0.0134475383623131,0.0093302174724596,6.913780212402344,-173.20310974121094
7901098,7901098QC.nc,37,7.452,-171.889,2024-10-14 00:10:00.000004608+00:00,68.91805949006891,"PACE_OCI_L2_AOP_PACE_OCI.20241013T003258.L2.OC_AOP.V3_0.nc_3.0,PACE_OCI_L2_AOP_PACE_OCI.20241014T010701.L2.OC_AOP.V3_0.nc_3.0,PACE_OCI_L2_AOP_PACE_OCI.20241014T010841.L2.OC_AOP.V3_0.nc_3.0",PACE_OCI_L2_AOP_PACE_OCI.20241013T003258.L2.OC_AOP.V3_0.nc_3.0,PACE_OCI.20241013T003258.L2.OC_AOP.V3_0.nc,1.809202511421943,2024-10-13 00:35:27.500000+00:00,0.0011714627034962,0.0005915466463193,3.829959314316511e-05,4.194641951471567e-05,1.8512065410614007,0.0062335189431905,-32767.0,0.0007856142708651,0.0017900019884109,1.992442727088928,2.195991277694702,0.0197439527546833,0.0082056934713488,7.45283842086792,-171.87261962890625
7901098,7901098QC.nc,38,7.052,-170.971,2024-10-24 06:51:59.999994880+00:00,-26.815369924700327,PACE_OCI_L2_AOP_PACE_OCI.20241025T004934.L2.OC_AOP.V3_0.nc_3.0,PACE_OCI_L2_AOP_PACE_OCI.20241025T004934.L2.OC_AOP.V3_0.nc_3.0,PACE_OCI.20241025T004934.L2.OC_AOP.V3_0.nc,278.7301903300232,2024-10-25 00:52:03.500000+00:00,0.0021576762665063,0.0004904811503365,9.93295107036829e-05,9.954441338777542e-05,1.155533790588379,0.0161021947860717,-32767.0,0.0013749144950669,0.0028000026941299,1.869463801383972,2.09769344329834,0.0340345235194771,0.0185003347867938,4.564524173736572,-171.28231811523438
7901098,7901098QC.nc,39,6.626,-170.044,2024-11-03 13:55:59.999997440+00:00,-46.909581012638085,PACE_OCI_L2_AOP_PACE_OCI.20241102T232410.L2.OC_AOP.V3_0.nc_3.0,PACE_OCI_L2_AOP_PACE_OCI.20241102T232410.L2.OC_AOP.V3_0.nc_3.0,PACE_OCI.20241102T232410.L2.OC_AOP.V3_0.nc,22.55698699869553,2024-11-02 23:26:40+00:00,0.004701420199126,0.0007298371056094,7.77803361415863e-05,7.388181984424591e-05,0.0940042585134506,0.0076961433514952,-32767.0,0.0027461311036551,0.0065850019454956,1.945201516151428,2.172019720077514,0.0687608427597876,0.0045189870919105,6.828591823577881,-170.05450439453125
7901098,7901098QC.nc,40,7.044,-169.523,2024-11-13 21:27:00.000004096+00:00,55.44103111979179,PACE_OCI_L2_AOP_PACE_OCI.20241114T004550.L2.OC_AOP.V3_0.nc_3.0,PACE_OCI_L2_AOP_PACE_OCI.20241114T004550.L2.OC_AOP.V3_0.nc_3.0,PACE_OCI.20241114T004550.L2.OC_AOP.V3_0.nc,126.51513739461689,2024-11-14 00:48:19.500000+00:00,0.0013893693685531,0.0002343986852793,9.10989474505186e-05,9.834219235926868e-05,1.2951492071151731,0.006788435857743,-32767.0,0.0008847992362568,0.0017099976539611,1.9852451086044312,2.1893739700317383,0.022213983792576,0.0095809889540772,5.906550884246826,-169.55052185058594
7901098,7901098QC.nc,45,7.707,-167.486,2025-01-04 12:53:00.000001536+00:00,-62.10405581042546,PACE_OCI_L2_AOP_PACE_OCI.20250104T233500.L2.OC_AOP.V3_0.nc_3.0,PACE_OCI_L2_AOP_PACE_OCI.20250104T233500.L2.OC_AOP.V3_0.nc_3.0,PACE_OCI.20250104T233500.L2.OC_AOP.V3_0.nc,0.9200968947391768,2025-01-04 23:37:29.500000+00:00,0.000612266594544,0.000496458960697,3.643735544756055e-05,3.734644269570708e-05,1.919658064842224,0.0086770886555314,-32767.0,0.0004151728923465,0.0013049989938735,1.9633971452713013,2.18192195892334,0.0104114642221737,0.0176058944796944,7.701572895050049,-167.4923095703125
7901098,7901098QC.nc,48,7.86,-168.532,2025-02-04 12:20:59.999995392+00:00,-74.67587661747945,PACE_OCI_L2_AOP_PACE_OCI.20250204T002806.L2.OC_AOP.V3_0.nc_3.0,PACE_OCI_L2_AOP_PACE_OCI.20250204T002806.L2.OC_AOP.V3_0.nc_3.0,PACE_OCI.20250204T002806.L2.OC_AOP.V3_0.nc,3.5938302957925274,2025-02-04 00:30:35.500000+00:00,0.0019492397550493,0.0002727454120758,7.867952808737755e-05,8.057430386543274e-05,1.8536362648010247,0.0185513291507959,-32767.0,0.0013093906193941,0.0028900057077407,1.86001455783844,2.0906693935394287,0.032377477025083,0.0186806876981257,7.827984809875488,-168.52752685546875
7901098,7901098QC.nc,49,7.871,-168.91,2025-02-14 20:01:00+00:00,34.242354888156314,"PACE_OCI_L2_AOP_PACE_OCI.20250213T234856.L2.OC_AOP.V3_0.nc_3.0,PACE_OCI_L2_AOP_PACE_OCI.20250215T002430.L2.OC_AOP.V3_0.nc_3.0",PACE_OCI_L2_AOP_PACE_OCI.20250213T234856.L2.OC_AOP.V3_0.nc_3.0,PACE_OCI.20250213T234856.L2.OC_AOP.V3_0.nc,1.2310520120385768,2025-02-13 23:51:25.500000+00:00,0.0005089163896627,0.7339533567428589,4.379884921945632e-05,4.511070437729359e-05,1.914700627326965,0.0086461622267961,-32767.0,0.0003553243085634,0.0014400035142898,1.927567481994629,2.1609368324279785,0.0088818385288309,0.026104178351446,7.860003471374512,-168.90870666503906
7901098,7901098QC.nc,50,7.751,-169.545,2025-02-25 03:38:00.000005120+00:00,26.30618619716058,"PACE_OCI_L2_AOP_PACE_OCI.20250224T234640.L2.OC_AOP.V3_0.nc_3.0,PACE_OCI_L2_AOP_PACE_OCI.20250226T002214.L2.OC_AOP.V3_0.nc_3.0",PACE_OCI_L2_AOP_PACE_OCI.20250224T234640.L2.OC_AOP.V3_0.nc_3.0,PACE_OCI.20250224T234640.L2.OC_AOP.V3_0.nc,0.8470420523579827,2025-02-24 23:49:09.500000+00:00,0.0009023488964885,0.000151226966409,4.802836338058114e-05,5.035538924857974e-05,1.731805443763733,0.0144673641771078,0.1061301231384277,0.0005859469870211,0.0017200112342834,1.9097028970718384,2.1433796882629395,0.0146069946774076,0.0206126370360082,7.752927303314209,-169.53756713867188
7901098,7901098QC.nc,51,7.655,-170.205,2025-03-07 11:49:59.999995392+00:00,-84.77640713504199,PACE_OCI_L2_AOP_PACE_OCI.20250307T004655.L2.OC_AOP.V3_0.nc_3.0,PACE_OCI_L2_AOP_PACE_OCI.20250307T004655.L2.OC_AOP.V3_0.nc_3.0,PACE_OCI.20250307T004655.L2.OC_AOP.V3_0.nc,1.5681349012125618,2025-03-07 00:49:24.500000+00:00,0.0018012993969023,0.0002691262052394,8.459622040390968e-05,8.574593812227249e-05,1.070914626121521,0.015940748155117,0.0127151012420654,0.0011340094706816,0.0031049996614456,1.8732229471206665,2.1124415397644043,0.0281350717246593,0.018686624819146,7.65336275100708,-170.21913146972656
7901098,7901098QC.nc,52,7.64,-170.684,2025-03-17 19:27:00.000000512+00:00,28.62345328701385,PACE_OCI_L2_AOP_PACE_OCI.20250317T000836.L2.OC_AOP.V3_0.nc_3.0,PACE_OCI_L2_AOP_PACE_OCI.20250317T000836.L2.OC_AOP.V3_0.nc_3.0,PACE_OCI.20250317T000836.L2.OC_AOP.V3_0.nc,0.3986488483535242,2025-03-17 00:11:05.500000+00:00,0.0014497480588033,0.00014311412815,8.547957986593246e-05,8.848356083035469e-05,1.2692235708236694,0.0146007910370826,-32767.0,0.0009150875401372,0.0024999976158142,1.887776136398316,2.132995367050171,0.0227756089263258,0.0187462548967238,7.638885974884033,-170.68743896484375
7901103,7901103QC.nc,25,-49.784,-47.95600000000002,2025-01-16 01:10:59.999997440+00:00,-13.61355419509786,PACE_OCI_L2_AOP_PACE_OCI.20250116T171001.L2.OC_AOP.V3_0.nc_3.0,PACE_OCI_L2_AOP_PACE_OCI.20250116T171001.L2.OC_AOP.V3_0.nc_3.0,PACE_OCI.20250116T171001.L2.OC_AOP.V3_0.nc,0.4085825301646011,2025-01-16 17:12:30.500000+00:00,0.0021702270023524,0.0001365948410239,4.189601168036461e-05,4.273909144103527e-05,1.9553217887878416,0.0197908710688352,-32767.0,0.0015206901722931,0.0043150037527084,1.7784039974212646,2.02295470237732,0.037211847878017,0.0306558708548619,-49.78034591674805,-47.956581115722656
7901103,7901103QC.nc,26,-50.276,-47.22500000000002,2025-01-26 07:35:00.000002048+00:00,-1.4649519749233544,PACE_OCI_L2_AOP_PACE_OCI.20250125T172731.L2.OC_AOP.V3_0.nc_3.0,PACE_OCI_L2_AOP_PACE_OCI.20250125T172731.L2.OC_AOP.V3_0.nc_3.0,PACE_OCI.20250125T172731.L2.OC_AOP.V3_0.nc,61.72177039153152,2025-01-25 17:30:00.500000+00:00,0.0061176600866019,0.0003498411679174,0.0001054699532687,0.0001044771634042,1.2925556898117063,0.0196484755724668,-32767.0,0.004044742950887,0.0096649974584579,1.816177487373352,2.070356130599976,0.0997022109470488,0.0103155362404203,-50.243560791015625,-48.09177017211914
7901107,7901107QC.nc,21,-41.871,129.453,2024-10-19 11:00:00.000003584+00:00,-13.187555269871709,"PACE_OCI_L2_AOP_PACE_OCI.20241019T034748.L2.OC_AOP.V3_0.nc_3.0,PACE_OCI_L2_AOP_PACE_OCI.20241020T042157.L2.OC_AOP.V3_0.nc_3.0",PACE_OCI_L2_AOP_PACE_OCI.20241020T042157.L2.OC_AOP.V3_0.nc_3.0,PACE_OCI.20241020T042157.L2.OC_AOP.V3_0.nc,117.42710249910162,2024-10-20 04:24:26.500000+00:00,0.0015102978795766,0.0003950572572648,7.00285891070962e-05,7.204210851341486e-05,1.9315804243087769,0.0248489137738943,0.1441249847412109,0.0010546411849563,0.0030100047588348,1.722282648086548,1.973253846168518,0.0256104901911241,0.0299186001270791,-41.08627700805664,130.3963165283203
7901109,7901109QC.nc,0,8.658,-90.122,2025-03-12 02:06:59.999998464+00:00,-29.34593494471325,"PACE_OCI_L2_AOP_PACE_OCI.20250311T193241.L2.OC_AOP.V3_0.nc_3.0,PACE_OCI_L2_AOP_PACE_OCI.20250312T182950.L2.OC_AOP.V3_0.nc_3.0",PACE_OCI_L2_AOP_PACE_OCI.20250311T193241.L2.OC_AOP.V3_0.nc_3.0,PACE_OCI.20250311T193241.L2.OC_AOP.V3_0.nc,1.5250966255820473,2025-03-11 19:35:10.500000+00:00,0.0024402777198702,0.0003561777120921,0.0001050778664648,0.0001110748853534,1.7628192901611328,0.0701462924480438,0.316504955291748,0.0017239942201578,0.0042600035667419,1.2910172939300537,1.3600451946258545,0.0380887419366955,0.0429002655425684,8.658708572387695,-90.10814666748047
7901109,7901109QC.nc,2,10.126,-89.85300000000001,2025-04-12 01:55:59.999997440+00:00,-26.38550555214647,PACE_OCI_L2_AOP_PACE_OCI.20250412T184648.L2.OC_AOP.V3_0.nc_3.0,PACE_OCI_L2_AOP_PACE_OCI.20250412T184648.L2.OC_AOP.V3_0.nc_3.0,PACE_OCI.20250412T184648.L2.OC_AOP.V3_0.nc,1.2614140412840005,2025-04-12 18:49:17.500000+00:00,0.0010697189718484,0.000414696522057,0.0001095113693736,0.000114380265586,1.736070156097412,0.0162774231284856,-32767.0,0.0007152683659251,0.0023650079965591,1.7800441980361938,2.0335047245025635,0.017531366785674,0.0356672241640065,10.12707805633545,-89.8415298461914
7902101,7902101QC.nc,14,2.682,-93.235,2024-11-17 11:54:00.000001536+00:00,-1.8133063070396287,PACE_OCI_L2_AOP_PACE_OCI.20241116T195523.L2.OC_AOP.V3_0.nc_3.0,PACE_OCI_L2_AOP_PACE_OCI.20241116T195523.L2.OC_AOP.V3_0.nc_3.0,PACE_OCI.20241116T195523.L2.OC_AOP.V3_0.nc,33.05958688173729,2024-11-16 19:57:52.500000+00:00,0.0029491428285837,0.0003174651064909,0.0001018007751554,0.0001001728232949,0.0862535014748573,0.0151379583403468,-32767.0,0.0017284090685445,0.0035749971866607,1.8879601955413816,2.106581926345825,0.0428435625167289,0.0140664555308517,2.916574716567993,-93.41789245605469
7902101,7902101QC.nc,20,2.892,-94.48399999999998,2025-01-18 03:48:59.999995904+00:00,-47.41011318544823,PACE_OCI_L2_AOP_PACE_OCI.20250118T183427.L2.OC_AOP.V3_0.nc_3.0,PACE_OCI_L2_AOP_PACE_OCI.20250118T183427.L2.OC_AOP.V3_0.nc_3.0,PACE_OCI.20250118T183427.L2.OC_AOP.V3_0.nc,0.9939040673745472,2025-01-18 18:36:56.500000+00:00,0.0007377892616204,6.108489469625056e-05,3.254733746871352e-05,3.2679818104952574e-05,1.947795391082764,0.0109888855367898,-32767.0,0.0005032714816469,0.001685008406639,1.9333467483520508,2.166200876235962,0.0125902015903576,0.018115387342147,2.8908896446228027,-94.49288177490234
7902101,7902101QC.nc,25,2.441,-93.62,2025-03-10 12:42:59.999996928+00:00,4.586214668479137,"PACE_OCI_L2_AOP_PACE_OCI.20250309T195959.L2.OC_AOP.V3_0.nc_3.0,PACE_OCI_L2_AOP_PACE_OCI.20250310T185710.L2.OC_AOP.V3_0.nc_3.0",PACE_OCI_L2_AOP_PACE_OCI.20250310T185710.L2.OC_AOP.V3_0.nc_3.0,PACE_OCI.20250310T185710.L2.OC_AOP.V3_0.nc,18.02317188568125,2025-03-10 18:59:39.500000+00:00,0.0014071424957364,0.0007088291458785,6.116775330156088e-05,6.230745930224657e-05,1.9243862628936768,0.0203982573002576,-32767.0,0.000951722726578,0.0028800070285797,1.8535033464431765,2.094570636749268,0.0235475307853154,0.0160572026359215,2.337894916534424,-93.49482727050781
7902101,7902101QC.nc,26,2.727,-93.961,2025-03-20 18:47:59.999999488+00:00,83.26844631929637,PACE_OCI_L2_AOP_PACE_OCI.20250319T192138.L2.OC_AOP.V3_0.nc_3.0,PACE_OCI_L2_AOP_PACE_OCI.20250319T192138.L2.OC_AOP.V3_0.nc_3.0,PACE_OCI.20250319T192138.L2.OC_AOP.V3_0.nc,8.874985185390107,2025-03-19 19:24:07.500000+00:00,0.0041379663161933,0.000710726599209,7.301568984985352e-05,7.312046363949776e-05,1.8690617084503167,0.0244270507246255,-32767.0,0.0027754635645312,0.0060800015926361,1.7967798709869385,2.0356597900390625,0.0680497544227422,0.0136123947331261,2.7970621585845947,-93.99927520751953
7902102,7902102QC.nc,14,-1.181,-94.978,2024-11-21 09:20:59.999995392+00:00,-37.70683506838191,PACE_OCI_L2_AOP_PACE_OCI.20241121T192951.L2.OC_AOP.V3_0.nc_3.0,PACE_OCI_L2_AOP_PACE_OCI.20241121T192951.L2.OC_AOP.V3_0.nc_3.0,PACE_OCI.20241121T192951.L2.OC_AOP.V3_0.nc,1.5078018753302411,2024-11-21 19:32:21+00:00,0.0045399675145745,0.000916133460123,8.040014654397964e-05,7.936917245388031e-05,0.1357458531856537,0.0242530014365911,0.0137350559234619,0.002862818165224,0.0052549988031387,1.6870397329330444,1.9754279851913448,0.0695428525141849,0.0170240401032883,-1.1933130025863647,-94.97232055664062
7902102,7902102QC.nc,22,-0.801,-95.176,2025-02-11 10:58:59.999996928+00:00,-23.01737754826512,PACE_OCI_L2_AOP_PACE_OCI.20250211T192103.L2.OC_AOP.V3_0.nc_3.0,PACE_OCI_L2_AOP_PACE_OCI.20250211T192103.L2.OC_AOP.V3_0.nc_3.0,PACE_OCI.20250211T192103.L2.OC_AOP.V3_0.nc,0.0927945177182487,2025-02-11 19:23:32.500000+00:00,0.0023606279864907,0.0001064417228917,5.34809660166502e-05,5.6380173191428185e-05,1.864516973495484,0.0402798093855381,0.1802499294281005,0.001611461820877,0.0037299990653991,1.6012117862701416,1.826974868774414,0.0382595880473404,0.0288742998383398,-0.8012466430664062,-95.17520141601562
7902102,7902102QC.nc,23,-1.39,-94.41199999999998,2025-02-21 17:15:59.999996416+00:00,69.3310584161681,PACE_OCI_L2_AOP_PACE_OCI.20250220T194605.L2.OC_AOP.V3_0.nc_3.0,PACE_OCI_L2_AOP_PACE_OCI.20250220T194605.L2.OC_AOP.V3_0.nc_3.0,PACE_OCI.20250220T194605.L2.OC_AOP.V3_0.nc,1.3664091934798022,2025-02-20 19:48:34.500000+00:00,3.910752639058046e-05,0.0009877645643427,3.579368785722181e-05,0.000109303073259,0.9155781269073486,0.0637577027082443,-32767.0,8.66740859717667e-06,-28152.0,1.540000557899475,1.958374261856079,0.0002099937100398,0.0019193195694664,-1.3924473524093628,-94.4240493774414
7902102,7902102QC.nc,24,-1.456,-93.98000000000002,2025-03-04 00:02:59.999999488+00:00,6.409374032187523,PACE_OCI_L2_AOP_PACE_OCI.20250303T194336.L2.OC_AOP.V3_0.nc_3.0,PACE_OCI_L2_AOP_PACE_OCI.20250303T194336.L2.OC_AOP.V3_0.nc_3.0,PACE_OCI.20250303T194336.L2.OC_AOP.V3_0.nc,30.994907641377537,2025-03-03 19:46:05.500000+00:00,0.0035723221953958,0.0008488612365908,8.832709863781929e-05,8.893781341612339e-05,0.6334542036056519,0.0200491845607757,-32767.0,0.0022588619076365,0.0050700008869171,1.7908105850219729,2.043629646301269,0.0554516280962153,0.016588186926646,-1.4058152437210083,-94.2542724609375
7902102,7902102QC.nc,25,-1.963,-93.49400000000004,2025-03-14 06:02:59.999999488+00:00,-83.33118357470887,PACE_OCI_L2_AOP_PACE_OCI.20250313T190521.L2.OC_AOP.V3_0.nc_3.0,PACE_OCI_L2_AOP_PACE_OCI.20250313T190521.L2.OC_AOP.V3_0.nc_3.0,PACE_OCI.20250313T190521.L2.OC_AOP.V3_0.nc,4.44223907751766,2025-03-13 19:07:50.500000+00:00,0.0021387811284512,1.5273953676223757,0.0001040748320519,0.0001058378256857,1.3871208429336548,0.0320556573569774,0.0062549114227294,0.0013856278071282,0.0035600066184997,1.734937071800232,1.9787570238113403,0.0336765944183224,0.0179164825874686,-1.9852572679519653,-93.46080780029297
7902103,7902103QC.nc,12,7.228,-99.43200000000002,2024-11-08 09:48:59.999995904+00:00,-38.50791304644322,PACE_OCI_L2_AOP_PACE_OCI.20241108T201629.L2.OC_AOP.V3_0.nc_3.0,PACE_OCI_L2_AOP_PACE_OCI.20241108T201629.L2.OC_AOP.V3_0.nc_3.0,PACE_OCI.20241108T201629.L2.OC_AOP.V3_0.nc,41.10124915898314,2024-11-08 20:18:59+00:00,0.0066582262516021,0.0013214220525696,0.0001324429176747,0.0001278580166399,0.2233720570802688,0.0127294957637786,-32767.0,0.0041890331015117,0.0089400112628936,1.867785096168518,2.101922035217285,0.1037626052730268,0.0045682523863553,7.483128070831299,-99.7016830444336
7902103,7902103QC.nc,19,7.526,-101.48000000000002,2025-01-19 09:24:00.000004608+00:00,-52.15921652307943,"PACE_OCI_L2_AOP_PACE_OCI.20250118T201246.L2.OC_AOP.V3_0.nc_3.0,PACE_OCI_L2_AOP_PACE_OCI.20250119T190910.L2.OC_AOP.V3_0.nc_3.0",PACE_OCI_L2_AOP_PACE_OCI.20250119T190910.L2.OC_AOP.V3_0.nc_3.0,PACE_OCI.20250119T190910.L2.OC_AOP.V3_0.nc,0.7391129793835509,2025-01-19 19:11:39.500000+00:00,0.0014432690804824,0.0002506342134438,4.583329427987337e-05,4.730455111712217e-05,1.8595494031906128,0.0168069265782833,0.0382149219512939,0.0009540681179457,0.0025250017642974,1.8926559686660769,2.129459381103516,0.0237328568311613,0.0150157754253821,7.531276702880859,-101.47592163085938
7902103,7902103QC.nc,20,7.425,-101.70800000000004,2025-01-29 16:40:00.000004608+00:00,47.27080608278247,"PACE_OCI_L2_AOP_PACE_OCI.20250128T192636.L2.OC_AOP.V3_0.nc_3.0,PACE_OCI_L2_AOP_PACE_OCI.20250129T200118.L2.OC_AOP.V3_0.nc_3.0",PACE_OCI_L2_AOP_PACE_OCI.20250128T192636.L2.OC_AOP.V3_0.nc_3.0,PACE_OCI.20250128T192636.L2.OC_AOP.V3_0.nc,0.3307450606864089,2025-01-28 19:29:05.500000+00:00,0.0007223865832202,0.0001365286443615,3.32478666678071e-05,3.412802470847964e-05,1.922019600868225,0.0149464486166834,0.0628650188446044,0.0004852934651449,0.0015050023794174,1.910267353057861,2.150428533554077,0.0121109693552497,0.0211312252938331,7.427396297454834,-101.70622253417969
7902103,7902103QC.nc,21,7.283,-102.07,2025-02-08 23:04:59.999995392+00:00,26.02495498808972,PACE_OCI_L2_AOP_PACE_OCI.20250209T194824.L2.OC_AOP.V3_0.nc_3.0,PACE_OCI_L2_AOP_PACE_OCI.20250209T194824.L2.OC_AOP.V3_0.nc_3.0,PACE_OCI.20250209T194824.L2.OC_AOP.V3_0.nc,1.590973942265706,2025-02-09 19:50:53.500000+00:00,0.0037848316133022,0.000451045576483,8.233380503952503e-05,8.182483725249767e-05,0.059660155326128,0.0158748440444469,-32767.0,0.0022903039649706,0.0046399980783462,1.839432954788208,2.0808708667755127,0.0565471737714529,0.0143591811984415,7.297061443328857,-102.06733703613281
7902103,7902103QC.nc,24,7.135,-102.336,2025-03-11 19:33:59.999995904+00:00,76.35811705550644,PACE_OCI_L2_AOP_PACE_OCI.20250311T193241.L2.OC_AOP.V3_0.nc_3.0,PACE_OCI_L2_AOP_PACE_OCI.20250311T193241.L2.OC_AOP.V3_0.nc_3.0,PACE_OCI.20250311T193241.L2.OC_AOP.V3_0.nc,0.2244088079798988,2025-03-11 19:35:10.500000+00:00,0.0009810623014345,0.0001364147756248,5.299015901982784e-05,5.51808625459671e-05,1.853202223777771,0.012203074991703,-32767.0,0.0006517250088049,0.002015009522438,1.9353148937225344,2.1697838306427,0.0163130294948984,0.0163653713675069,7.135272979736328,-102.3380126953125
7902103,7902103QC.nc,27,7.354,-102.555,2025-04-11 15:33:59.999998976+00:00,41.23217906494499,PACE_OCI_L2_AOP_PACE_OCI.20250410T191423.L2.OC_AOP.V3_0.nc_3.0,PACE_OCI_L2_AOP_PACE_OCI.20250410T191423.L2.OC_AOP.V3_0.nc_3.0,PACE_OCI.20250410T191423.L2.OC_AOP.V3_0.nc,7.495447982238094,2025-04-10 19:16:52.500000+00:00,0.0015916778938844,0.0001921074144775,5.408283323049545e-05,5.680217873305082e-05,1.8983901739120483,0.0128953736275434,-32767.0,0.0010656257418028,0.0030200034379959,1.9211618900299072,2.160400629043579,0.0266346354133738,0.0122638426981991,7.401808738708496,-102.60292053222656
7902104,7902104QC.nc,20,11.97,-106.077,2025-01-31 04:16:00+00:00,-45.83010506192919,PACE_OCI_L2_AOP_PACE_OCI.20250131T193222.L2.OC_AOP.V3_0.nc_3.0,PACE_OCI_L2_AOP_PACE_OCI.20250131T193222.L2.OC_AOP.V3_0.nc_3.0,PACE_OCI.20250131T193222.L2.OC_AOP.V3_0.nc,0.3855303624103262,2025-01-31 19:34:51.500000+00:00,0.0014619234716519,0.0001942106900969,6.079510785639286e-05,5.913304630666971e-05,1.42463481426239,0.0143126994371414,0.0813949108123779,0.0009215374549254,0.0023349970579147,1.830592155456543,2.068814992904663,0.022710342341001,0.0293526279478427,11.97189712524414,-106.07403564453125
7902104,7902104QC.nc,21,11.817,-106.022,2025-02-10 10:38:59.999997952+00:00,-41.13237132835125,PACE_OCI_L2_AOP_PACE_OCI.20250209T195324.L2.OC_AOP.V3_0.nc_3.0,PACE_OCI_L2_AOP_PACE_OCI.20250209T195324.L2.OC_AOP.V3_0.nc_3.0,PACE_OCI.20250209T195324.L2.OC_AOP.V3_0.nc,1.1696107482363305,2025-02-09 19:55:53.500000+00:00,0.0014126145979389,0.0006054357509128,7.663259748369455e-05,7.68057070672512e-05,0.606295108795166,0.019686309620738,-32767.0,0.0008495301541413,0.0020399987697601,1.826135277748108,2.069780111312866,0.0209389108894599,0.0229983212320072,11.821341514587402,-106.03179168701172
7902104,7902104QC.nc,22,11.52,-106.082,2025-02-20 17:40:59.999997440+00:00,57.28562323575385,PACE_OCI_L2_AOP_PACE_OCI.20250220T194605.L2.OC_AOP.V3_0.nc_3.0,PACE_OCI_L2_AOP_PACE_OCI.20250220T194605.L2.OC_AOP.V3_0.nc_3.0,PACE_OCI.20250220T194605.L2.OC_AOP.V3_0.nc,0.4130594688627166,2025-02-20 19:48:34.500000+00:00,0.0010108158458024,0.0005997830303385,6.824091542512178e-05,7.114524487406015e-05,1.7919273376464844,0.0187716353684663,-32767.0,0.0006671650586062,0.0014899969100952,1.830370306968689,2.075864791870117,0.0164594728264121,0.0273803686536279,11.519433975219727,-106.08574676513672
7902104,7902104QC.nc,23,11.573,-106.15,2025-03-02 23:51:59.999998464+00:00,19.123067564392404,"PACE_OCI_L2_AOP_PACE_OCI.20250302T190806.L2.OC_AOP.V3_0.nc_3.0,PACE_OCI_L2_AOP_PACE_OCI.20250303T194336.L2.OC_AOP.V3_0.nc_3.0",PACE_OCI_L2_AOP_PACE_OCI.20250303T194336.L2.OC_AOP.V3_0.nc_3.0,PACE_OCI.20250303T194336.L2.OC_AOP.V3_0.nc,0.4048507246550106,2025-03-03 19:46:05.500000+00:00,0.0010626128641888,0.0003664300893433,6.094644777476788e-05,6.531388498842716e-05,1.789608120918274,0.0136184887960553,-32767.0,0.0007010532182736,0.0020499974489212,1.8985886573791504,2.1376278400421143,0.0174609736992307,0.0224646904806006,11.576639175415039,-106.15013122558594
7902104,7902104QC.nc,24,11.65,-106.149,2025-03-13 06:17:59.999995904+00:00,-73.54919309923578,"PACE_OCI_L2_AOP_PACE_OCI.20250312T200813.L2.OC_AOP.V3_0.nc_3.0,PACE_OCI_L2_AOP_PACE_OCI.20250313T190521.L2.OC_AOP.V3_0.nc_3.0",PACE_OCI_L2_AOP_PACE_OCI.20250313T190521.L2.OC_AOP.V3_0.nc_3.0,PACE_OCI.20250313T190521.L2.OC_AOP.V3_0.nc,0.4264212167193174,2025-03-13 19:07:50.500000+00:00,0.0008127932087518,0.0001562092365929,5.2573683205991983e-05,5.531113129109144e-05,1.8133389949798584,0.014339068904519,-32767.0,0.0005364180151014,0.0017600059509277,1.8951936960220337,2.14013671875,0.0133656099695329,0.0211099202533673,11.64625072479248,-106.14981842041016
7902104,7902104QC.nc,26,11.167,-105.802,2025-04-02 19:26:00.000004096+00:00,82.3783980957272,PACE_OCI_L2_AOP_PACE_OCI.20250402T192609.L2.OC_AOP.V3_0.nc_3.0,PACE_OCI_L2_AOP_PACE_OCI.20250402T192609.L2.OC_AOP.V3_0.nc_3.0,PACE_OCI.20250402T192609.L2.OC_AOP.V3_0.nc,1.0545952843633604,2025-04-02 19:28:38.500000+00:00,0.0009953489061444,0.0001275380491279,3.886828199028969e-05,4.235957749187946e-05,1.8669400215148928,0.009854189120233,0.0757849216461181,0.0006625040279214,0.002030000090599,1.93268084526062,2.169750213623047,0.0165827471702678,0.0193331205894107,11.176483154296875,-105.80216979980469
7902111,7902111QC.nc,0,40.043,-139.964,2024-07-08 16:52:00.000001536+00:00,30.486022900535,"PACE_OCI_L2_AOP_PACE_OCI.20240707T211913.L2.OC_AOP.V3_0.nc_3.0,PACE_OCI_L2_AOP_PACE_OCI.20240708T215347.L2.OC_AOP.V3_0.nc_3.0",PACE_OCI_L2_AOP_PACE_OCI.20240708T215347.L2.OC_AOP.V3_0.nc_3.0,PACE_OCI.20240708T215347.L2.OC_AOP.V3_0.nc,0.3794787254370826,2024-07-08 21:56:16.500000+00:00,0.0010605672141537,0.0001076727130566,3.4504919312894344e-05,3.749213647097349e-05,1.9160184860229488,0.0057650138624012,-32767.0,0.0007219312872177,0.0020650029182434,1.9675490856170648,2.1878395080566406,0.0181206949745544,0.0202194521538518,40.04191207885742,-139.96823120117188
7902111,7902111QC.nc,1,40.058,-139.965,2024-07-09 16:41:59.999997440+00:00,28.486847590659647,"PACE_OCI_L2_AOP_PACE_OCI.20240708T215347.L2.OC_AOP.V3_0.nc_3.0,PACE_OCI_L2_AOP_PACE_OCI.20240709T205007.L2.OC_AOP.V3_0.nc_3.0",PACE_OCI_L2_AOP_PACE_OCI.20240709T205007.L2.OC_AOP.V3_0.nc_3.0,PACE_OCI.20240709T205007.L2.OC_AOP.V3_0.nc,0.5348270871935246,2024-07-09 20:52:36.500000+00:00,0.0040706205181777,0.00060843169922,7.428321987390518e-05,7.100263610482216e-05,0.200314775109291,0.008878868073225,-32767.0,0.0024138340893019,0.0058050006628036,1.9160529375076287,2.148742198944092,0.0602239105388575,0.0103025023527514,40.05888748168945,-139.97117614746094
7902111,7902111QC.nc,2,40.064,-139.954,2024-07-10 17:29:00+00:00,37.36240341755253,PACE_OCI_L2_AOP_PACE_OCI.20240709T205007.L2.OC_AOP.V3_0.nc_3.0,PACE_OCI_L2_AOP_PACE_OCI.20240709T205007.L2.OC_AOP.V3_0.nc_3.0,PACE_OCI.20240709T205007.L2.OC_AOP.V3_0.nc,1.568338309964188,2024-07-09 20:52:36.500000+00:00,0.0040706205181777,0.0005102531285956,7.428321987390518e-05,7.100263610482216e-05,0.200314775109291,0.008878868073225,-32767.0,0.0024138340893019,0.0058050006628036,1.9160529375076287,2.148742198944092,0.0602239105388575,0.0103025023527514,40.05888748168945,-139.97117614746094
7902111,7902111QC.nc,20,40.289,-140.301,2024-09-26 08:45:00.000003584+00:00,-50.71182996058194,PACE_OCI_L2_AOP_PACE_OCI.20240926T220328.L2.OC_AOP.V3_0.nc_3.0,PACE_OCI_L2_AOP_PACE_OCI.20240926T220328.L2.OC_AOP.V3_0.nc_3.0,PACE_OCI.20240926T220328.L2.OC_AOP.V3_0.nc,0.4807961999615994,2024-09-26 22:05:57.500000+00:00,0.0033106422051787,0.0007088289130479,8.248072117567062e-05,8.130189962685108e-05,0.038310669362545,0.0083132563158869,-32767.0,0.0019166676565579,0.0029200017452239,1.9617336988449097,2.158102512359619,0.047888915912025,0.0135966157903043,40.28772735595703,-140.2955780029297
7902111,7902111QC.nc,21,40.382,-140.267,2024-10-01 15:28:00.000000512+00:00,1.3846201394990532,PACE_OCI_L2_AOP_PACE_OCI.20240930T224214.L2.OC_AOP.V3_0.nc_3.0,PACE_OCI_L2_AOP_PACE_OCI.20240930T224214.L2.OC_AOP.V3_0.nc_3.0,PACE_OCI.20240930T224214.L2.OC_AOP.V3_0.nc,2.1626026262049445,2024-09-30 22:44:43.500000+00:00,0.0010594534687697,0.0002777756308205,8.907349547371268e-05,9.37003642320633e-05,1.4797682762145996,0.0040680603124201,-32767.0,0.0006824926948009,0.0021900087594985,1.970820665359497,2.1931111812591557,0.0171447013106966,0.0152367753896008,40.38658905029297,-140.29180908203125
7902111,7902111QC.nc,28,40.553,-139.448,2024-11-07 11:08:00.000005120+00:00,-53.596992253728295,PACE_OCI_L2_AOP_PACE_OCI.20241106T205614.L2.OC_AOP.V3_0.nc_3.0,PACE_OCI_L2_AOP_PACE_OCI.20241106T205614.L2.OC_AOP.V3_0.nc_3.0,PACE_OCI.20241106T205614.L2.OC_AOP.V3_0.nc,29.113458082542937,2024-11-06 20:58:44+00:00,2.214508533477783,3.568141460418701,0.2576547861099243,0.2702195644378662,1.989380955696106,53.2403450012207,0.19427490234375,0.0190363627886731,-28228.0,1.9998921155929563,1.8162976503372192,0.4512211416969025,1.0000000000070883e-06,40.35635757446289,-139.67518615722656
7902111,7902111QC.nc,51,40.284,-138.726,2025-03-08 11:23:59.999997952+00:00,-45.55286924046305,PACE_OCI_L2_AOP_PACE_OCI.20250309T090913.L2.OC_AOP.V3_0.nc_3.0,PACE_OCI_L2_AOP_PACE_OCI.20250309T090913.L2.OC_AOP.V3_0.nc_3.0,PACE_OCI.20250309T090913.L2.OC_AOP.V3_0.nc,1000000000.0,2025-03-09 09:10:12+00:00,,,,,,,,,,,,,,,
7902112,7902112QC.nc,10,40.505,-149.605,2024-08-11 04:05:59.999995392+00:00,9.40284876974207,PACE_OCI_L2_AOP_PACE_OCI.20240811T232804.L2.OC_AOP.V3_0.nc_3.0,PACE_OCI_L2_AOP_PACE_OCI.20240811T232804.L2.OC_AOP.V3_0.nc_3.0,PACE_OCI.20240811T232804.L2.OC_AOP.V3_0.nc,16.28982908829426,2024-08-11 23:30:33.500000+00:00,0.00090071168961,0.0004711093206424,8.167943451553583e-05,8.692225674167275e-05,1.704848289489746,0.0080338008701801,-32767.0,0.0005926271454916,0.0019700080156326,1.9293423891067505,2.1717066764831543,0.0148381747071332,0.0171087002951067,40.63560104370117,-149.6923828125
7902112,7902112QC.nc,18,40.636,-149.236,2024-09-22 05:31:59.999999488+00:00,-19.07507592390295,PACE_OCI_L2_AOP_PACE_OCI.20240922T230256.L2.OC_AOP.V3_0.nc_3.0,PACE_OCI_L2_AOP_PACE_OCI.20240922T230256.L2.OC_AOP.V3_0.nc_3.0,PACE_OCI.20240922T230256.L2.OC_AOP.V3_0.nc,4.805138435677913,2024-09-22 23:05:25.500000+00:00,0.0010044737718999,0.0006299847736954,7.119483780115843e-05,7.47916055843234e-05,1.6618777513504028,0.0044631771743297,0.0505399703979492,0.0006558156974195,0.002030000090599,1.9748287200927728,2.1903719902038574,0.016467601436537,0.0158683482539645,40.60107421875,-149.20248413085938
7902136,7902136QC.nc,0,2.961,-140.012,2024-11-14 16:27:00.000000512+00:00,18.537698446194703,"PACE_OCI_L2_AOP_PACE_OCI.20241113T212916.L2.OC_AOP.V3_0.nc_3.0,PACE_OCI_L2_AOP_PACE_OCI.20241114T220330.L2.OC_AOP.V3_0.nc_3.0",PACE_OCI_L2_AOP_PACE_OCI.20241114T220330.L2.OC_AOP.V3_0.nc_3.0,PACE_OCI.20241114T220330.L2.OC_AOP.V3_0.nc,0.8809031062104571,2024-11-14 22:06:00+00:00,0.0022846064530313,0.0005492001073434,6.256625056266785e-05,6.34572934359312e-05,1.6809858083724976,0.0163683798164129,-32767.0,0.0014898937926761,0.0036749988794326,1.8726779222488403,2.110434055328369,0.0369532159702663,0.017024983597905,2.9540860652923584,-140.015869140625
7902136,7902136QC.nc,1,4.005,-139.453,2024-11-24 22:38:00.000001536+00:00,56.278785396533,PACE_OCI_L2_AOP_PACE_OCI.20241124T225047.L2.OC_AOP.V3_0.nc_3.0,PACE_OCI_L2_AOP_PACE_OCI.20241124T225047.L2.OC_AOP.V3_0.nc_3.0,PACE_OCI.20241124T225047.L2.OC_AOP.V3_0.nc,2.17155671589346,2024-11-24 22:53:16.500000+00:00,0.0010599449742585,0.0001196959710796,7.510639261454344e-05,7.74924410507083e-05,1.764944076538086,0.0097119752317667,-32767.0,0.0007035960763352,0.0019550025463104,1.9464902877807613,2.1689817905426025,0.0176092126300782,0.0165849690699785,4.010810375213623,-139.43431091308594
7902136,7902136QC.nc,7,3.947,-136.715,2025-01-25 13:05:59.999995392+00:00,-32.72617723397966,"PACE_OCI_L2_AOP_PACE_OCI.20250124T215746.L2.OC_AOP.V3_0.nc_3.0,PACE_OCI_L2_AOP_PACE_OCI.20250125T223228.L2.OC_AOP.V3_0.nc_3.0",PACE_OCI_L2_AOP_PACE_OCI.20250125T223228.L2.OC_AOP.V3_0.nc_3.0,PACE_OCI.20250125T223228.L2.OC_AOP.V3_0.nc,3.877104356477316,2025-01-25 22:34:57.500000+00:00,0.0001546925341244,2.4346964359283447,9.572833369020373e-05,8.590485958848149e-05,1.1111972332000732,0.0096653923392295,-32767.0,0.0001076635550069,0.000445008277893,1.973676443099976,2.187094449996948,0.0027020777130565,0.0200457974500357,3.9500784873962402,-136.68019104003906
7902136,7902136QC.nc,8,3.748,-136.272,2025-02-04 18:59:59.999996416+00:00,50.38949341014255,PACE_OCI_L2_AOP_PACE_OCI.20250204T214610.L2.OC_AOP.V3_0.nc_3.0,PACE_OCI_L2_AOP_PACE_OCI.20250204T214610.L2.OC_AOP.V3_0.nc_3.0,PACE_OCI.20250204T214610.L2.OC_AOP.V3_0.nc,8.277993250075786,2025-02-04 21:48:39.500000+00:00,0.0025515961460769,0.0005699979956261,6.141094490885735e-05,6.316532380878925e-05,1.9412682056427,0.0210737083107233,-32767.0,0.001726820195558,0.0042950063943862,1.8459358215332031,2.084782600402832,0.0426605809091292,0.0142113478071769,3.7340738773345947,-136.19871520996094
7902136,7902136QC.nc,9,3.925,-135.766,2025-02-15 01:49:59.999998976+00:00,20.29884913287864,"PACE_OCI_L2_AOP_PACE_OCI.20250214T224608.L2.OC_AOP.V3_0.nc_3.0,PACE_OCI_L2_AOP_PACE_OCI.20250215T214320.L2.OC_AOP.V3_0.nc_3.0",PACE_OCI_L2_AOP_PACE_OCI.20250215T214320.L2.OC_AOP.V3_0.nc_3.0,PACE_OCI.20250215T214320.L2.OC_AOP.V3_0.nc,1.9998465077762029,2025-02-15 21:45:49.500000+00:00,0.0016551369335502,0.0005205469788052,5.252007395029068e-05,5.42572233825922e-05,1.7292418479919434,0.0191308800131082,0.1116549968719482,0.0010856815876194,0.002930000424385,1.8753700256347656,2.1180903911590576,0.0269595091964648,0.0149666592302853,3.9422895908355713,-135.77096557617188
7902136,7902136QC.nc,10,4.085,-135.307,2025-02-25 07:24:00.000001536+00:00,-62.21172398579496,PACE_OCI_L2_AOP_PACE_OCI.20250225T224351.L2.OC_AOP.V3_0.nc_3.0,PACE_OCI_L2_AOP_PACE_OCI.20250225T224351.L2.OC_AOP.V3_0.nc_3.0,PACE_OCI.20250225T224351.L2.OC_AOP.V3_0.nc,16.81330034726892,2025-02-25 22:46:20.500000+00:00,0.0059368163347244,0.0009389596525579,9.01389867067337e-05,9.003281593322754e-05,0.0400584749877452,0.0122666116803884,-32767.0,0.0035936734321684,0.0077400058507919,1.891444444656372,2.119985818862915,0.0892637260867661,0.0057166758742612,4.226517200469971,-135.25360107421875
7902136,7902136QC.nc,13,3.838,-134.27,2025-03-28 02:37:00.000001536+00:00,6.590981057466164,PACE_OCI_L2_AOP_PACE_OCI.20250327T222202.L2.OC_AOP.V3_0.nc_3.0,PACE_OCI_L2_AOP_PACE_OCI.20250327T222202.L2.OC_AOP.V3_0.nc_3.0,PACE_OCI.20250327T222202.L2.OC_AOP.V3_0.nc,1.083998858141909,2025-03-27 22:24:31.500000+00:00,0.0015202042413875,0.0002647698565851,5.720497574657202e-05,5.823769606649876e-05,1.899728298187256,0.0187625586986541,-32767.0,0.0010259159402607,0.0027800053358078,1.8641513586044312,2.089301109313965,0.0253626106854343,0.0194550604701882,3.832357168197632,-134.27796936035156
7902226,7902226QC.nc,3,27.225,-46.02199999999999,2025-02-08 18:16:00.000003072+00:00,29.864807931724823,PACE_OCI_L2_AOP_PACE_OCI.20250209T163639.L2.OC_AOP.V3_0.nc_3.0,PACE_OCI_L2_AOP_PACE_OCI.20250209T163639.L2.OC_AOP.V3_0.nc_3.0,PACE_OCI.20250209T163639.L2.OC_AOP.V3_0.nc,7.557063001837703,2025-02-09 16:39:08.500000+00:00,0.0022663658019155,0.0005264786304906,0.000130821717903,0.0001278328709304,0.9267951250076294,0.0061785271391272,-32767.0,0.0013994399611648,0.0037000030279159,1.9539166688919067,2.178863048553467,0.03507779617326,0.0126670483436561,27.159730911254883,-46.04329299926758
7902226,7902226QC.nc,4,27.479,-46.221,2025-02-18 20:26:59.999997440+00:00,6.099995732946012,PACE_OCI_L2_AOP_PACE_OCI.20250219T155847.L2.OC_AOP.V3_0.nc_3.0,PACE_OCI_L2_AOP_PACE_OCI.20250219T155847.L2.OC_AOP.V3_0.nc_3.0,PACE_OCI.20250219T155847.L2.OC_AOP.V3_0.nc,0.4061643651635472,2025-02-19 16:01:16.500000+00:00,0.0009499754523858,0.0003540754551067,3.55109223164618e-05,4.072336014360189e-05,1.821743488311768,0.0033216124866157,-32767.0,0.0006318380756572,0.0016350001096725,1.988612055778504,2.1951520442962646,0.0158772148560377,0.0161198453255688,27.481264114379883,-46.217769622802734
7902226,7902226QC.nc,5,27.563,-46.293000000000006,2025-02-28 21:48:59.999995904+00:00,-10.467588065344216,PACE_OCI_L2_AOP_PACE_OCI.20250301T152050.L2.OC_AOP.V3_0.nc_3.0,PACE_OCI_L2_AOP_PACE_OCI.20250301T152050.L2.OC_AOP.V3_0.nc_3.0,PACE_OCI.20250301T152050.L2.OC_AOP.V3_0.nc,0.8737417403463626,2025-03-01 15:23:19.500000+00:00,0.0005783374072052,9.982749907067046e-05,2.5944551452994347e-05,2.757110632956028e-05,1.927226424217224,0.002177242655307,-32767.0,0.0003954655530357,0.0012000054121017,1.994545221328736,2.1984519958496094,0.0099425576223327,0.0155211055211405,27.562747955322266,-46.30186080932617
7902226,7902226QC.nc,8,26.949,-46.99400000000003,2025-03-31 04:10:00.000001024+00:00,-55.823584753386406,PACE_OCI_L2_AOP_PACE_OCI.20250330T160134.L2.OC_AOP.V3_0.nc_3.0,PACE_OCI_L2_AOP_PACE_OCI.20250330T160134.L2.OC_AOP.V3_0.nc_3.0,PACE_OCI.20250330T160134.L2.OC_AOP.V3_0.nc,4.198757601298467,2025-03-30 16:04:03.500000+00:00,0.0034410271327942,0.0005522347637452,8.246186189353466e-05,8.004740811884403e-05,0.2409592419862747,0.0058791078627109,-32767.0,0.002041020672425,0.0034449994564056,1.957659125328064,2.161926746368408,0.0510260093283014,0.0137929731561754,26.943174362182617,-47.035850524902344
