cruise,filename,profile,lat,lon,time,solar_angle,pace_ids,closest_id,closest_file,closest_dist_km,closest_time
1902367,1902367QC.nc,11,3.709,88.955,2025-05-31 09:39:59.999997952+00:00,34.15823469101663,PACE_OCI_L2_AOP_PACE_OCI.20250601T070425.L2.OC_AOP.V3_1.nc_3.1,PACE_OCI_L2_AOP_PACE_OCI.20250601T070425.L2.OC_AOP.V3_1.nc_3.1,PACE_OCI.20250601T070425.L2.OC_AOP.V3_1.nc,0.734763017610335,2025-06-01 07:06:54.500000+00:00
1902368,1902368QC.nc,13,56.348,-147.356,2024-07-09 04:35:00.000002048+00:00,13.134824655289316,PACE_OCI_L2_AOP_PACE_OCI.20240708T202028.L2.OC_AOP.V3_1.nc_3.1,PACE_OCI_L2_AOP_PACE_OCI.20240708T202028.L2.OC_AOP.V3_1.nc_3.1,PACE_OCI.20240708T202028.L2.OC_AOP.V3_1.nc,671.3926736642136,2024-07-08 20:22:57.500000+00:00
1902369,1902369QC.nc,4,45.006,-133.357,2024-05-09 22:07:00.000001536+00:00,58.27658878937238,PACE_OCI_L2_AOP_PACE_OCI.20240510T203409.L2.OC_AOP.V3_1.nc_3.1,PACE_OCI_L2_AOP_PACE_OCI.20240510T203409.L2.OC_AOP.V3_1.nc_3.1,PACE_OCI.20240510T203409.L2.OC_AOP.V3_1.nc,0.6205978716706221,2024-05-10 20:36:38.500000+00:00
1902369,1902369QC.nc,5,45.02,-133.356,2024-05-10 09:02:59.999999488+00:00,-27.116449784571635,PACE_OCI_L2_AOP_PACE_OCI.20240510T203409.L2.OC_AOP.V3_1.nc_3.1,PACE_OCI_L2_AOP_PACE_OCI.20240510T203409.L2.OC_AOP.V3_1.nc_3.1,PACE_OCI.20240510T203409.L2.OC_AOP.V3_1.nc,0.5798409764791633,2024-05-10 20:36:38.500000+00:00
1902369,1902369QC.nc,6,45.02,-133.354,2024-05-10 19:52:59.999998464+00:00,60.42138072694716,PACE_OCI_L2_AOP_PACE_OCI.20240510T203409.L2.OC_AOP.V3_1.nc_3.1,PACE_OCI_L2_AOP_PACE_OCI.20240510T203409.L2.OC_AOP.V3_1.nc_3.1,PACE_OCI.20240510T203409.L2.OC_AOP.V3_1.nc,0.7097435985429317,2024-05-10 20:36:38.500000+00:00
1902369,1902369QC.nc,7,45.038,-133.348,2024-05-11 08:18:59.999995904+00:00,-26.535429573583343,PACE_OCI_L2_AOP_PACE_OCI.20240510T203409.L2.OC_AOP.V3_1.nc_3.1,PACE_OCI_L2_AOP_PACE_OCI.20240510T203409.L2.OC_AOP.V3_1.nc_3.1,PACE_OCI.20240510T203409.L2.OC_AOP.V3_1.nc,1.4714720055773653,2024-05-10 20:36:38.500000+00:00
1902369,1902369QC.nc,25,45.367,-132.841,2024-08-02 19:35:00.000002048+00:00,57.235309935917606,PACE_OCI_L2_AOP_PACE_OCI.20240802T200036.L2.OC_AOP.V3_1.nc_3.1,PACE_OCI_L2_AOP_PACE_OCI.20240802T200036.L2.OC_AOP.V3_1.nc_3.1,PACE_OCI.20240802T200036.L2.OC_AOP.V3_1.nc,40.3237041326638,2024-08-02 20:03:05.500000+00:00
1902369,1902369QC.nc,27,45.161,-132.562,2024-08-23 03:24:00.000004608+00:00,2.82553152324834,PACE_OCI_L2_AOP_PACE_OCI.20240822T200221.L2.OC_AOP.V3_1.nc_3.1,PACE_OCI_L2_AOP_PACE_OCI.20240822T200221.L2.OC_AOP.V3_1.nc_3.1,PACE_OCI.20240822T200221.L2.OC_AOP.V3_1.nc,75.15197353379419,2024-08-22 20:04:50.500000+00:00
1902369,1902369QC.nc,32,44.734,-131.99,2024-10-12 21:48:59.999995904+00:00,34.81050169351446,PACE_OCI_L2_AOP_PACE_OCI.20241013T202218.L2.OC_AOP.V3_1.nc_3.1,PACE_OCI_L2_AOP_PACE_OCI.20241013T202218.L2.OC_AOP.V3_1.nc_3.1,PACE_OCI.20241013T202218.L2.OC_AOP.V3_1.nc,224.86228298530978,2024-10-13 20:24:48+00:00
1902369,1902369QC.nc,33,44.703,-131.969,2024-10-23 02:34:00.000002560+00:00,-8.416317408526254,PACE_OCI_L2_AOP_PACE_OCI.20241022T203443.L2.OC_AOP.V3_1.nc_3.1,PACE_OCI_L2_AOP_PACE_OCI.20241022T203443.L2.OC_AOP.V3_1.nc_3.1,PACE_OCI.20241022T203443.L2.OC_AOP.V3_1.nc,2.036980044149471,2024-10-22 20:37:13+00:00
1902370,1902370QC.nc,16,5.055,160.529,2024-08-13 13:32:00.000003072+00:00,-70.4036173041354,PACE_OCI_L2_AOP_PACE_OCI.20240814T021023.L2.OC_AOP.V3_1.nc_3.1,PACE_OCI_L2_AOP_PACE_OCI.20240814T021023.L2.OC_AOP.V3_1.nc_3.1,PACE_OCI.20240814T021023.L2.OC_AOP.V3_1.nc,0.5547993914568898,2024-08-14 02:12:52.500000+00:00
1902370,1902370QC.nc,28,5.898,165.981,2024-12-14 04:27:59.999996928+00:00,29.545721592544705,PACE_OCI_L2_AOP_PACE_OCI.20241214T013518.L2.OC_AOP.V3_1.nc_3.1,PACE_OCI_L2_AOP_PACE_OCI.20241214T013518.L2.OC_AOP.V3_1.nc_3.1,PACE_OCI.20241214T013518.L2.OC_AOP.V3_1.nc,0.8079100472837961,2024-12-14 01:37:48+00:00
1902370,1902370QC.nc,34,5.828,167.535,2025-02-12 21:38:00.000005120+00:00,35.40181836064746,PACE_OCI_L2_AOP_PACE_OCI.20250213T023006.L2.OC_AOP.V3_1.nc_3.1,PACE_OCI_L2_AOP_PACE_OCI.20250213T023006.L2.OC_AOP.V3_1.nc_3.1,PACE_OCI.20250213T023006.L2.OC_AOP.V3_1.nc,4.355696794417756,2025-02-13 02:32:35.500000+00:00
1902370,1902370QC.nc,44,5.447,166.346,2025-05-25 03:19:00.000002560+00:00,51.04738110341779,PACE_OCI_L2_AOP_PACE_OCI.20250524T092026.L2.OC_AOP.V3_1.nc_3.1,PACE_OCI_L2_AOP_PACE_OCI.20250524T092026.L2.OC_AOP.V3_1.nc_3.1,PACE_OCI.20250524T092026.L2.OC_AOP.V3_1.nc,10213.028156772772,2025-05-24 09:22:55.500000+00:00
1902370,1902370QC.nc,46,5.264,166.271,2025-06-14 10:15:00.000003584+00:00,-41.59777087889765,PACE_OCI_L2_AOP_PACE_OCI.20250614T014105.L2.OC_AOP.V3_1.nc_3.1,PACE_OCI_L2_AOP_PACE_OCI.20250614T014105.L2.OC_AOP.V3_1.nc_3.1,PACE_OCI.20250614T014105.L2.OC_AOP.V3_1.nc,58.16358629633616,2025-06-14 01:43:34.500000+00:00
1902371,1902371QC.nc,0,51.955,-142.958,2024-05-11 02:31:59.999999488+00:00,22.702201966968484,PACE_OCI_L2_AOP_PACE_OCI.20240510T203409.L2.OC_AOP.V3_1.nc_3.1,PACE_OCI_L2_AOP_PACE_OCI.20240510T203409.L2.OC_AOP.V3_1.nc_3.1,PACE_OCI.20240510T203409.L2.OC_AOP.V3_1.nc,351.2843360630494,2024-05-10 20:36:38.500000+00:00
1902371,1902371QC.nc,1,51.953,-142.962,2024-05-11 03:33:00.000002560+00:00,13.417189685919896,PACE_OCI_L2_AOP_PACE_OCI.20240510T203409.L2.OC_AOP.V3_1.nc_3.1,PACE_OCI_L2_AOP_PACE_OCI.20240510T203409.L2.OC_AOP.V3_1.nc_3.1,PACE_OCI.20240510T203409.L2.OC_AOP.V3_1.nc,351.471545338784,2024-05-10 20:36:38.500000+00:00
1902371,1902371QC.nc,2,51.953,-142.968,2024-05-11 04:33:59.999995904+00:00,4.611542022291182,PACE_OCI_L2_AOP_PACE_OCI.20240510T203409.L2.OC_AOP.V3_1.nc_3.1,PACE_OCI_L2_AOP_PACE_OCI.20240510T203409.L2.OC_AOP.V3_1.nc_3.1,PACE_OCI.20240510T203409.L2.OC_AOP.V3_1.nc,351.86060879008005,2024-05-10 20:36:38.500000+00:00
1902371,1902371QC.nc,3,51.953,-142.973,2024-05-11 05:32:59.999995904+00:00,-3.4442826882915227,PACE_OCI_L2_AOP_PACE_OCI.20240510T203409.L2.OC_AOP.V3_1.nc_3.1,PACE_OCI_L2_AOP_PACE_OCI.20240510T203409.L2.OC_AOP.V3_1.nc_3.1,PACE_OCI.20240510T203409.L2.OC_AOP.V3_1.nc,352.18487505304995,2024-05-10 20:36:38.500000+00:00
1902371,1902371QC.nc,4,51.956,-142.975,2024-05-11 06:31:00+00:00,-10.121253116170143,PACE_OCI_L2_AOP_PACE_OCI.20240510T203409.L2.OC_AOP.V3_1.nc_3.1,PACE_OCI_L2_AOP_PACE_OCI.20240510T203409.L2.OC_AOP.V3_1.nc_3.1,PACE_OCI.20240510T203409.L2.OC_AOP.V3_1.nc,352.42242716755493,2024-05-10 20:36:38.500000+00:00
1902371,1902371QC.nc,5,51.96,-142.974,2024-05-11 07:29:00.000003584+00:00,-15.346293882918683,PACE_OCI_L2_AOP_PACE_OCI.20240510T203409.L2.OC_AOP.V3_1.nc_3.1,PACE_OCI_L2_AOP_PACE_OCI.20240510T203409.L2.OC_AOP.V3_1.nc_3.1,PACE_OCI.20240510T203409.L2.OC_AOP.V3_1.nc,352.50184113337974,2024-05-10 20:36:38.500000+00:00
1902371,1902371QC.nc,6,51.963,-142.971,2024-05-11 08:28:00.000003584+00:00,-18.77455102751568,PACE_OCI_L2_AOP_PACE_OCI.20240510T203409.L2.OC_AOP.V3_1.nc_3.1,PACE_OCI_L2_AOP_PACE_OCI.20240510T203409.L2.OC_AOP.V3_1.nc_3.1,PACE_OCI.20240510T203409.L2.OC_AOP.V3_1.nc,352.4160299562378,2024-05-10 20:36:38.500000+00:00
1902371,1902371QC.nc,7,51.962,-142.973,2024-05-11 12:16:00.000003072+00:00,-11.025397970130346,PACE_OCI_L2_AOP_PACE_OCI.20240510T203409.L2.OC_AOP.V3_1.nc_3.1,PACE_OCI_L2_AOP_PACE_OCI.20240510T203409.L2.OC_AOP.V3_1.nc_3.1,PACE_OCI.20240510T203409.L2.OC_AOP.V3_1.nc,352.5093684358202,2024-05-10 20:36:38.500000+00:00
1902371,1902371QC.nc,8,51.957,-142.978,2024-05-11 16:07:00.000001536+00:00,20.136778781557258,PACE_OCI_L2_AOP_PACE_OCI.20240510T203409.L2.OC_AOP.V3_1.nc_3.1,PACE_OCI_L2_AOP_PACE_OCI.20240510T203409.L2.OC_AOP.V3_1.nc_3.1,PACE_OCI.20240510T203409.L2.OC_AOP.V3_1.nc,352.65292811857347,2024-05-10 20:36:38.500000+00:00
1902372,1902372QC.nc,13,0.35,93.043,2025-04-30 06:38:00.000005120+00:00,70.45272319446211,PACE_OCI_L2_AOP_PACE_OCI.20250429T072423.L2.OC_AOP.V3_1.nc_3.1,PACE_OCI_L2_AOP_PACE_OCI.20250429T072423.L2.OC_AOP.V3_1.nc_3.1,PACE_OCI.20250429T072423.L2.OC_AOP.V3_1.nc,0.8140584915372303,2025-04-29 07:26:52.500000+00:00
1902372,1902372QC.nc,36,-0.275,94.747,2025-05-28 08:35:59.999995392+00:00,41.50991716388146,PACE_OCI_L2_AOP_PACE_OCI.20250529T065653.L2.OC_AOP.V3_1.nc_3.1,PACE_OCI_L2_AOP_PACE_OCI.20250529T065653.L2.OC_AOP.V3_1.nc_3.1,PACE_OCI.20250529T065653.L2.OC_AOP.V3_1.nc,0.44649592718556635,2025-05-29 06:59:22.500000+00:00
1902380,1902380QC.nc,81,17.269,-44.988,2024-04-06 17:23:00.000001536+00:00,54.0921495828314,"PACE_OCI_L2_AOP_PACE_OCI.20240406T152502.L2.OC_AOP.V3_1.nc_3.1,PACE_OCI_L2_AOP_PACE_OCI.20240407T160005.L2.OC_AOP.V3_1.nc_3.1",PACE_OCI_L2_AOP_PACE_OCI.20240407T160005.L2.OC_AOP.V3_1.nc_3.1,PACE_OCI.20240407T160005.L2.OC_AOP.V3_1.nc,0.31443376864475836,2024-04-07 16:02:34.500000+00:00
1902380,1902380QC.nc,84,18.394,-44.495000000000005,2024-05-06 16:38:59.999997952+00:00,65.07758307264673,PACE_OCI_L2_AOP_PACE_OCI.20240507T152746.L2.OC_AOP.V3_1.nc_3.1,PACE_OCI_L2_AOP_PACE_OCI.20240507T152746.L2.OC_AOP.V3_1.nc_3.1,PACE_OCI.20240507T152746.L2.OC_AOP.V3_1.nc,25.08535935553161,2024-05-07 15:30:15.500000+00:00
1902380,1902380QC.nc,93,18.572,-42.78699999999998,2024-08-04 15:22:00.000001536+00:00,83.88315461199217,"PACE_OCI_L2_AOP_PACE_OCI.20240803T153515.L2.OC_AOP.V3_1.nc_3.1,PACE_OCI_L2_AOP_PACE_OCI.20240805T150602.L2.OC_AOP.V3_1.nc_3.1",PACE_OCI_L2_AOP_PACE_OCI.20240803T153515.L2.OC_AOP.V3_1.nc_3.1,PACE_OCI.20240803T153515.L2.OC_AOP.V3_1.nc,2.507783208678702,2024-08-03 15:37:44.500000+00:00
1902380,1902380QC.nc,94,18.677,-42.743,2024-08-14 14:09:00.000001536+00:00,77.94171848160043,PACE_OCI_L2_AOP_PACE_OCI.20240813T144717.L2.OC_AOP.V3_1.nc_3.1,PACE_OCI_L2_AOP_PACE_OCI.20240813T144717.L2.OC_AOP.V3_1.nc_3.1,PACE_OCI.20240813T144717.L2.OC_AOP.V3_1.nc,433.6951129134627,2024-08-13 14:49:46.500000+00:00
1902380,1902380QC.nc,95,18.753,-42.779,2024-08-24 14:04:59.999995392+00:00,75.88972786005633,PACE_OCI_L2_AOP_PACE_OCI.20240824T161119.L2.OC_AOP.V3_1.nc_3.1,PACE_OCI_L2_AOP_PACE_OCI.20240824T161119.L2.OC_AOP.V3_1.nc_3.1,PACE_OCI.20240824T161119.L2.OC_AOP.V3_1.nc,1.0541075350403721,2024-08-24 16:13:49+00:00
1902380,1902380QC.nc,96,18.806,-42.685,2024-09-03 13:38:59.999997952+00:00,69.25333419261494,PACE_OCI_L2_AOP_PACE_OCI.20240902T162613.L2.OC_AOP.V3_1.nc_3.1,PACE_OCI_L2_AOP_PACE_OCI.20240902T162613.L2.OC_AOP.V3_1.nc_3.1,PACE_OCI.20240902T162613.L2.OC_AOP.V3_1.nc,46.40290514068571,2024-09-02 16:28:42.500000+00:00
1902380,1902380QC.nc,98,18.774,-41.93799999999999,2024-09-23 13:41:00.000001024+00:00,65.99109916251179,"PACE_OCI_L2_AOP_PACE_OCI.20240922T144628.L2.OC_AOP.V3_1.nc_3.1,PACE_OCI_L2_AOP_PACE_OCI.20240923T152047.L2.OC_AOP.V3_1.nc_3.1",PACE_OCI_L2_AOP_PACE_OCI.20240922T144628.L2.OC_AOP.V3_1.nc_3.1,PACE_OCI.20240922T144628.L2.OC_AOP.V3_1.nc,0.3819517478633276,2024-09-22 14:48:58+00:00
1902380,1902380QC.nc,100,18.611,-41.692999999999984,2024-10-13 15:00:00+00:00,62.46095565991157,PACE_OCI_L2_AOP_PACE_OCI.20241013T152228.L2.OC_AOP.V3_1.nc_3.1,PACE_OCI_L2_AOP_PACE_OCI.20241013T152228.L2.OC_AOP.V3_1.nc_3.1,PACE_OCI.20241013T152228.L2.OC_AOP.V3_1.nc,0.09606559145499671,2024-10-13 15:24:57.500000+00:00
1902380,1902380QC.nc,112,18.11,-42.64499999999998,2025-02-11 07:55:59.999997440+00:00,-20.32327155004884,PACE_OCI_L2_AOP_PACE_OCI.20250211T160918.L2.OC_AOP.V3_1.nc_3.1,PACE_OCI_L2_AOP_PACE_OCI.20250211T160918.L2.OC_AOP.V3_1.nc_3.1,PACE_OCI.20250211T160918.L2.OC_AOP.V3_1.nc,1.5166959003905953,2025-02-11 16:11:47.500000+00:00
1902380,1902380QC.nc,114,17.827,-42.579999999999984,2025-03-03 13:26:00.000004096+00:00,55.961813815007964,PACE_OCI_L2_AOP_PACE_OCI.20250302T155622.L2.OC_AOP.V3_1.nc_3.1,PACE_OCI_L2_AOP_PACE_OCI.20250302T155622.L2.OC_AOP.V3_1.nc_3.1,PACE_OCI.20250302T155622.L2.OC_AOP.V3_1.nc,0.43419999808348814,2025-03-02 15:58:51.500000+00:00
1902380,1902380QC.nc,116,18.235,-42.77600000000001,2025-03-23 16:01:59.999999488+00:00,66.82436048135574,PACE_OCI_L2_AOP_PACE_OCI.20250322T161300.L2.OC_AOP.V3_1.nc_3.1,PACE_OCI_L2_AOP_PACE_OCI.20250322T161300.L2.OC_AOP.V3_1.nc_3.1,PACE_OCI.20250322T161300.L2.OC_AOP.V3_1.nc,1.542884812756236,2025-03-22 16:15:30+00:00
1902380,1902380QC.nc,117,18.466,-43.15899999999999,2025-04-02 18:31:59.999996416+00:00,35.76077933276543,PACE_OCI_L2_AOP_PACE_OCI.20250402T160925.L2.OC_AOP.V3_1.nc_3.1,PACE_OCI_L2_AOP_PACE_OCI.20250402T160925.L2.OC_AOP.V3_1.nc_3.1,PACE_OCI.20250402T160925.L2.OC_AOP.V3_1.nc,9.820967364531912,2025-04-02 16:11:54.500000+00:00
1902380,1902380QC.nc,118,18.66,-43.49400000000003,2025-04-12 20:21:59.999994880+00:00,10.600113345958258,PACE_OCI_L2_AOP_PACE_OCI.20250413T160528.L2.OC_AOP.V3_1.nc_3.1,PACE_OCI_L2_AOP_PACE_OCI.20250413T160528.L2.OC_AOP.V3_1.nc_3.1,PACE_OCI.20250413T160528.L2.OC_AOP.V3_1.nc,0.9877917190110681,2025-04-13 16:07:58+00:00
1902380,1902380QC.nc,121,19.363,-43.94400000000002,2025-05-13 02:34:59.999998976+00:00,-51.986272034652615,PACE_OCI_L2_AOP_PACE_OCI.20250512T055605.L2.OC_AOP.V3_1.nc_3.1,PACE_OCI_L2_AOP_PACE_OCI.20250512T055605.L2.OC_AOP.V3_1.nc_3.1,PACE_OCI.20250512T055605.L2.OC_AOP.V3_1.nc,1000000000.0,2025-05-12 05:57:04+00:00
1902381,1902381QC.nc,81,16.511,-33.52999999999997,2024-04-06 02:15:59.999996416+00:00,-66.89785327948857,PACE_OCI_L2_AOP_PACE_OCI.20240406T152502.L2.OC_AOP.V3_1.nc_3.1,PACE_OCI_L2_AOP_PACE_OCI.20240406T152502.L2.OC_AOP.V3_1.nc_3.1,PACE_OCI.20240406T152502.L2.OC_AOP.V3_1.nc,4.8199200537797235,2024-04-06 15:27:32+00:00
1902381,1902381QC.nc,94,17.077,-34.41699999999997,2024-08-14 01:38:59.999997952+00:00,-56.902567932505065,PACE_OCI_L2_AOP_PACE_OCI.20240813T144717.L2.OC_AOP.V3_1.nc_3.1,PACE_OCI_L2_AOP_PACE_OCI.20240813T144717.L2.OC_AOP.V3_1.nc_3.1,PACE_OCI.20240813T144717.L2.OC_AOP.V3_1.nc,209.4396766772863,2024-08-13 14:49:46.500000+00:00
1902381,1902381QC.nc,98,17.564,-34.41500000000002,2024-09-23 02:25:00.000004608+00:00,-72.26745587104367,"PACE_OCI_L2_AOP_PACE_OCI.20240922T144628.L2.OC_AOP.V3_1.nc_3.1,PACE_OCI_L2_AOP_PACE_OCI.20240923T152047.L2.OC_AOP.V3_1.nc_3.1",PACE_OCI_L2_AOP_PACE_OCI.20240922T144628.L2.OC_AOP.V3_1.nc_3.1,PACE_OCI.20240922T144628.L2.OC_AOP.V3_1.nc,0.7451019612965069,2024-09-22 14:48:58+00:00
1902382,1902382QC.nc,94,19.015,-30.154,2024-08-12 22:41:00.000001024+00:00,-29.48844580684457,PACE_OCI_L2_AOP_PACE_OCI.20240813T144717.L2.OC_AOP.V3_1.nc_3.1,PACE_OCI_L2_AOP_PACE_OCI.20240813T144717.L2.OC_AOP.V3_1.nc_3.1,PACE_OCI.20240813T144717.L2.OC_AOP.V3_1.nc,69.36672671351506,2024-08-13 14:49:46.500000+00:00
1902382,1902382QC.nc,98,19.109,-31.20299999999997,2024-09-21 22:47:59.999995904+00:00,-39.68853425544004,PACE_OCI_L2_AOP_PACE_OCI.20240922T144628.L2.OC_AOP.V3_1.nc_3.1,PACE_OCI_L2_AOP_PACE_OCI.20240922T144628.L2.OC_AOP.V3_1.nc_3.1,PACE_OCI.20240922T144628.L2.OC_AOP.V3_1.nc,0.5135412081364813,2024-09-22 14:48:58+00:00
1902382,1902382QC.nc,113,19.997,-32.218999999999994,2025-02-19 13:55:59.999997440+00:00,58.2716235389318,PACE_OCI_L2_AOP_PACE_OCI.20250219T142024.L2.OC_AOP.V3_1.nc_3.1,PACE_OCI_L2_AOP_PACE_OCI.20250219T142024.L2.OC_AOP.V3_1.nc_3.1,PACE_OCI.20250219T142024.L2.OC_AOP.V3_1.nc,1.837318736293129,2025-02-19 14:22:53.500000+00:00
1902382,1902382QC.nc,114,19.829,-32.09699999999998,2025-03-01 14:14:00.000003584+00:00,62.7820678075293,PACE_OCI_L2_AOP_PACE_OCI.20250301T152050.L2.OC_AOP.V3_1.nc_3.1,PACE_OCI_L2_AOP_PACE_OCI.20250301T152050.L2.OC_AOP.V3_1.nc_3.1,PACE_OCI.20250301T152050.L2.OC_AOP.V3_1.nc,2.9604022461338144,2025-03-01 15:23:19.500000+00:00
1902382,1902382QC.nc,115,19.563,-31.92500000000001,2025-03-11 16:27:00.000000512+00:00,50.76465907295536,PACE_OCI_L2_AOP_PACE_OCI.20250311T144235.L2.OC_AOP.V3_1.nc_3.1,PACE_OCI_L2_AOP_PACE_OCI.20250311T144235.L2.OC_AOP.V3_1.nc_3.1,PACE_OCI.20250311T144235.L2.OC_AOP.V3_1.nc,4.263938390762061,2025-03-11 14:45:04.500000+00:00
1902384,1902384QC.nc,81,20.736,-41.61099999999999,2024-04-07 19:13:00.000000512+00:00,24.8273677307139,PACE_OCI_L2_AOP_PACE_OCI.20240407T160005.L2.OC_AOP.V3_1.nc_3.1,PACE_OCI_L2_AOP_PACE_OCI.20240407T160005.L2.OC_AOP.V3_1.nc_3.1,PACE_OCI.20240407T160005.L2.OC_AOP.V3_1.nc,0.43180675395733364,2024-04-07 16:02:34.500000+00:00
1902384,1902384QC.nc,84,20.254,-41.01799999999997,2024-05-07 23:45:00.000003584+00:00,-32.95444153574336,PACE_OCI_L2_AOP_PACE_OCI.20240507T152746.L2.OC_AOP.V3_1.nc_3.1,PACE_OCI_L2_AOP_PACE_OCI.20240507T152746.L2.OC_AOP.V3_1.nc_3.1,PACE_OCI.20240507T152746.L2.OC_AOP.V3_1.nc,91.27034753209583,2024-05-07 15:30:15.500000+00:00
1902384,1902384QC.nc,91,20.106,-42.43099999999998,2024-07-17 12:06:59.999994880+00:00,50.58087700299982,PACE_OCI_L2_AOP_PACE_OCI.20240716T150240.L2.OC_AOP.V3_1.nc_3.1,PACE_OCI_L2_AOP_PACE_OCI.20240716T150240.L2.OC_AOP.V3_1.nc_3.1,PACE_OCI.20240716T150240.L2.OC_AOP.V3_1.nc,453.7098060457869,2024-07-16 15:05:09.500000+00:00
1902384,1902384QC.nc,92,20.079,-42.58100000000002,2024-07-27 14:23:00.000001536+00:00,81.96247632919413,PACE_OCI_L2_AOP_PACE_OCI.20240726T155344.L2.OC_AOP.V3_1.nc_3.1,PACE_OCI_L2_AOP_PACE_OCI.20240726T155344.L2.OC_AOP.V3_1.nc_3.1,PACE_OCI.20240726T155344.L2.OC_AOP.V3_1.nc,96.08545052932598,2024-07-26 15:56:13.500000+00:00
1902384,1902384QC.nc,93,20.052,-42.759000000000015,2024-08-06 16:18:00.000002560+00:00,70.4102861445775,PACE_OCI_L2_AOP_PACE_OCI.20240807T161507.L2.OC_AOP.V3_1.nc_3.1,PACE_OCI_L2_AOP_PACE_OCI.20240807T161507.L2.OC_AOP.V3_1.nc_3.1,PACE_OCI.20240807T161507.L2.OC_AOP.V3_1.nc,50.77165302320813,2024-08-07 16:17:36.500000+00:00
1902384,1902384QC.nc,94,19.908,-42.93099999999998,2024-08-16 17:28:00.000003584+00:00,53.07308796818512,PACE_OCI_L2_AOP_PACE_OCI.20240817T152659.L2.OC_AOP.V3_1.nc_3.1,PACE_OCI_L2_AOP_PACE_OCI.20240817T152659.L2.OC_AOP.V3_1.nc_3.1,PACE_OCI.20240817T152659.L2.OC_AOP.V3_1.nc,2.053733455014762,2024-08-17 15:29:28.500000+00:00
1902384,1902384QC.nc,95,19.62,-43.048,2024-08-26 19:41:00.000001024+00:00,20.40091548206629,PACE_OCI_L2_AOP_PACE_OCI.20240827T161621.L2.OC_AOP.V3_1.nc_3.1,PACE_OCI_L2_AOP_PACE_OCI.20240827T161621.L2.OC_AOP.V3_1.nc_3.1,PACE_OCI.20240827T161621.L2.OC_AOP.V3_1.nc,18.240102733444854,2024-08-27 16:18:50.500000+00:00
1902384,1902384QC.nc,96,19.385,-43.041,2024-09-05 21:14:59.999996416+00:00,-3.617334314373613,PACE_OCI_L2_AOP_PACE_OCI.20240906T152711.L2.OC_AOP.V3_1.nc_3.1,PACE_OCI_L2_AOP_PACE_OCI.20240906T152711.L2.OC_AOP.V3_1.nc_3.1,PACE_OCI.20240906T152711.L2.OC_AOP.V3_1.nc,0.6241185462075646,2024-09-06 15:29:40.500000+00:00
1902384,1902384QC.nc,97,19.27,-42.77999999999997,2024-09-15 23:26:59.999997440+00:00,-36.50568516443989,PACE_OCI_L2_AOP_PACE_OCI.20240916T161535.L2.OC_AOP.V3_1.nc_3.1,PACE_OCI_L2_AOP_PACE_OCI.20240916T161535.L2.OC_AOP.V3_1.nc_3.1,PACE_OCI.20240916T161535.L2.OC_AOP.V3_1.nc,30.588178008703743,2024-09-16 16:18:04.500000+00:00
1902384,1902384QC.nc,100,19.188,-41.66699999999997,2024-10-16 03:16:59.999999488+00:00,-75.1379667364807,PACE_OCI_L2_AOP_PACE_OCI.20241015T145224.L2.OC_AOP.V3_1.nc_3.1,PACE_OCI_L2_AOP_PACE_OCI.20241015T145224.L2.OC_AOP.V3_1.nc_3.1,PACE_OCI.20241015T145224.L2.OC_AOP.V3_1.nc,28.4911154815362,2024-10-15 14:54:53.500000+00:00
1902384,1902384QC.nc,112,19.344,-41.05500000000001,2025-02-14 03:31:59.999996416+00:00,-79.69973763186778,"PACE_OCI_L2_AOP_PACE_OCI.20250213T154204.L2.OC_AOP.V3_1.nc_3.1,PACE_OCI_L2_AOP_PACE_OCI.20250214T161739.L2.OC_AOP.V3_1.nc_3.1",PACE_OCI_L2_AOP_PACE_OCI.20250213T154204.L2.OC_AOP.V3_1.nc_3.1,PACE_OCI.20250213T154204.L2.OC_AOP.V3_1.nc,0.39382985588424374,2025-02-13 15:44:33.500000+00:00
1902385,1902385QC.nc,80,24.994,-55.40499999999997,2024-04-03 08:48:00.000002560+00:00,-10.379965113886495,PACE_OCI_L2_AOP_PACE_OCI.20240403T165633.L2.OC_AOP.V3_1.nc_3.1,PACE_OCI_L2_AOP_PACE_OCI.20240403T165633.L2.OC_AOP.V3_1.nc_3.1,PACE_OCI.20240403T165633.L2.OC_AOP.V3_1.nc,0.7186814959312375,2024-04-03 16:59:03+00:00
1902385,1902385QC.nc,82,25.584,-56.418000000000006,2024-04-23 07:57:00.000004096+00:00,-17.484226364351485,PACE_OCI_L2_AOP_PACE_OCI.20240422T163338.L2.OC_AOP.V3_1.nc_3.1,PACE_OCI_L2_AOP_PACE_OCI.20240422T163338.L2.OC_AOP.V3_1.nc_3.1,PACE_OCI.20240422T163338.L2.OC_AOP.V3_1.nc,0.6613182145122077,2024-04-22 16:36:07.500000+00:00
1902385,1902385QC.nc,84,26.777,-57.11599999999999,2024-05-13 06:45:59.999996416+00:00,-26.89020799364416,PACE_OCI_L2_AOP_PACE_OCI.20240513T171853.L2.OC_AOP.V3_1.nc_3.1,PACE_OCI_L2_AOP_PACE_OCI.20240513T171853.L2.OC_AOP.V3_1.nc_3.1,PACE_OCI.20240513T171853.L2.OC_AOP.V3_1.nc,131.397892376284,2024-05-13 17:21:22.500000+00:00
1902385,1902385QC.nc,90,25.544,-58.12099999999998,2024-07-12 04:35:59.999998464+00:00,-41.67868522565673,PACE_OCI_L2_AOP_PACE_OCI.20240712T160047.L2.OC_AOP.V3_1.nc_3.1,PACE_OCI_L2_AOP_PACE_OCI.20240712T160047.L2.OC_AOP.V3_1.nc_3.1,PACE_OCI.20240712T160047.L2.OC_AOP.V3_1.nc,1.7962566464811096,2024-07-12 16:03:16.500000+00:00
1902385,1902385QC.nc,92,25.143,-58.93599999999998,2024-08-01 05:17:00.000003072+00:00,-43.26509962449313,PACE_OCI_L2_AOP_PACE_OCI.20240801T160427.L2.OC_AOP.V3_1.nc_3.1,PACE_OCI_L2_AOP_PACE_OCI.20240801T160427.L2.OC_AOP.V3_1.nc_3.1,PACE_OCI.20240801T160427.L2.OC_AOP.V3_1.nc,0.3767357967320344,2024-08-01 16:06:56.500000+00:00
1902385,1902385QC.nc,93,24.86,-59.285000000000025,2024-08-11 06:30:00.000003584+00:00,-36.21359594860384,"PACE_OCI_L2_AOP_PACE_OCI.20240810T162025.L2.OC_AOP.V3_1.nc_3.1,PACE_OCI_L2_AOP_PACE_OCI.20240811T165456.L2.OC_AOP.V3_1.nc_3.1",PACE_OCI_L2_AOP_PACE_OCI.20240811T165456.L2.OC_AOP.V3_1.nc_3.1,PACE_OCI.20240811T165456.L2.OC_AOP.V3_1.nc,0.7095094464620085,2024-08-11 16:57:25.500000+00:00
1902385,1902385QC.nc,94,24.662,-59.519000000000005,2024-08-21 07:04:59.999998976+00:00,-32.13218794896438,PACE_OCI_L2_AOP_PACE_OCI.20240821T160619.L2.OC_AOP.V3_1.nc_3.1,PACE_OCI_L2_AOP_PACE_OCI.20240821T160619.L2.OC_AOP.V3_1.nc_3.1,PACE_OCI.20240821T160619.L2.OC_AOP.V3_1.nc,1.5161693534773362,2024-08-21 16:08:48.500000+00:00
1902385,1902385QC.nc,95,24.691,-59.668000000000006,2024-08-31 06:14:59.999996416+00:00,-43.117263565497566,"PACE_OCI_L2_AOP_PACE_OCI.20240830T162117.L2.OC_AOP.V3_1.nc_3.1,PACE_OCI_L2_AOP_PACE_OCI.20240831T165541.L2.OC_AOP.V3_1.nc_3.1",PACE_OCI_L2_AOP_PACE_OCI.20240831T165541.L2.OC_AOP.V3_1.nc_3.1,PACE_OCI.20240831T165541.L2.OC_AOP.V3_1.nc,0.41481343326037545,2024-08-31 16:58:10.500000+00:00
1902385,1902385QC.nc,97,25.238,-59.95600000000002,2024-09-20 06:17:59.999995904+00:00,-46.31075565542568,PACE_OCI_L2_AOP_PACE_OCI.20240920T165429.L2.OC_AOP.V3_1.nc_3.1,PACE_OCI_L2_AOP_PACE_OCI.20240920T165429.L2.OC_AOP.V3_1.nc_3.1,PACE_OCI.20240920T165429.L2.OC_AOP.V3_1.nc,82.941788488621,2024-09-20 16:56:58.500000+00:00
1902385,1902385QC.nc,102,26.394,-60.83600000000001,2024-11-09 05:51:00.000002048+00:00,-59.82994646827088,PACE_OCI_L2_AOP_PACE_OCI.20241108T170955.L2.OC_AOP.V3_1.nc_3.1,PACE_OCI_L2_AOP_PACE_OCI.20241108T170955.L2.OC_AOP.V3_1.nc_3.1,PACE_OCI.20241108T170955.L2.OC_AOP.V3_1.nc,0.6334435487844435,2024-11-08 17:12:24.500000+00:00
1902385,1902385QC.nc,111,25.623,-60.910000000000025,2025-02-07 19:16:00+00:00,30.564776555552804,PACE_OCI_L2_AOP_PACE_OCI.20250207T170349.L2.OC_AOP.V3_1.nc_3.1,PACE_OCI_L2_AOP_PACE_OCI.20250207T170349.L2.OC_AOP.V3_1.nc_3.1,PACE_OCI.20250207T170349.L2.OC_AOP.V3_1.nc,0.45409496293070295,2025-02-07 17:06:18.500000+00:00
1902385,1902385QC.nc,112,25.582,-60.61099999999999,2025-02-17 20:08:00.000005120+00:00,22.477511549011005,"PACE_OCI_L2_AOP_PACE_OCI.20250217T162600.L2.OC_AOP.V3_1.nc_3.1,PACE_OCI_L2_AOP_PACE_OCI.20250218T170135.L2.OC_AOP.V3_1.nc_3.1",PACE_OCI_L2_AOP_PACE_OCI.20250217T162600.L2.OC_AOP.V3_1.nc_3.1,PACE_OCI.20250217T162600.L2.OC_AOP.V3_1.nc,0.615828669726635,2025-02-17 16:28:29.500000+00:00
1902385,1902385QC.nc,113,25.468,-60.10700000000003,2025-02-27 22:43:00.000003584+00:00,-10.172875119667385,PACE_OCI_L2_AOP_PACE_OCI.20250227T172628.L2.OC_AOP.V3_1.nc_3.1,PACE_OCI_L2_AOP_PACE_OCI.20250227T172628.L2.OC_AOP.V3_1.nc_3.1,PACE_OCI.20250227T172628.L2.OC_AOP.V3_1.nc,9.903098790983192,2025-02-27 17:28:57.500000+00:00
1902385,1902385QC.nc,116,25.569,-58.250999999999976,2025-03-30 03:41:00.000004096+00:00,-60.324193447350886,PACE_OCI_L2_AOP_PACE_OCI.20250330T160134.L2.OC_AOP.V3_1.nc_3.1,PACE_OCI_L2_AOP_PACE_OCI.20250330T160134.L2.OC_AOP.V3_1.nc_3.1,PACE_OCI.20250330T160134.L2.OC_AOP.V3_1.nc,5.371681509446692,2025-03-30 16:04:04+00:00
1902385,1902385QC.nc,118,26.034,-58.137,2025-04-19 08:29:00+00:00,-12.98360266397694,PACE_OCI_L2_AOP_PACE_OCI.20250418T172400.L2.OC_AOP.V3_1.nc_3.1,PACE_OCI_L2_AOP_PACE_OCI.20250418T172400.L2.OC_AOP.V3_1.nc_3.1,PACE_OCI.20250418T172400.L2.OC_AOP.V3_1.nc,137.80175875377972,2025-04-18 17:26:29.500000+00:00
1902453,1902453QC.nc,36,-2.189,72.368,2024-06-05 19:49:59.999998976+00:00,-67.25384722245343,PACE_OCI_L2_AOP_PACE_OCI.20240605T073318.L2.OC_AOP.V3_1.nc_3.1,PACE_OCI_L2_AOP_PACE_OCI.20240605T073318.L2.OC_AOP.V3_1.nc_3.1,PACE_OCI.20240605T073318.L2.OC_AOP.V3_1.nc,3.0190417857917784,2024-06-05 07:35:47.500000+00:00
1902453,1902453QC.nc,62,-3.52,74.473,2025-02-22 02:20:00.000002048+00:00,16.525172442298956,PACE_OCI_L2_AOP_PACE_OCI.20250221T085303.L2.OC_AOP.V3_1.nc_3.1,PACE_OCI_L2_AOP_PACE_OCI.20250221T085303.L2.OC_AOP.V3_1.nc_3.1,PACE_OCI.20250221T085303.L2.OC_AOP.V3_1.nc,143.2236916794683,2025-02-21 08:55:32.500000+00:00
1902453,1902453QC.nc,64,-3.521,73.842,2025-03-14 06:19:00.000002560+00:00,76.28654061904781,PACE_OCI_L2_AOP_PACE_OCI.20250313T073647.L2.OC_AOP.V3_1.nc_3.1,PACE_OCI_L2_AOP_PACE_OCI.20250313T073647.L2.OC_AOP.V3_1.nc_3.1,PACE_OCI.20250313T073647.L2.OC_AOP.V3_1.nc,24.59924999887949,2025-03-13 07:39:16.500000+00:00
1902453,1902453QC.nc,68,-3.207,74.71,2025-04-23 15:08:59.999997952+00:00,-32.298938049752486,"PACE_OCI_L2_AOP_PACE_OCI.20250423T084223.L2.OC_AOP.V3_1.nc_3.1,PACE_OCI_L2_AOP_PACE_OCI.20250424T074423.L2.OC_AOP.V3_1.nc_3.1",PACE_OCI_L2_AOP_PACE_OCI.20250424T074423.L2.OC_AOP.V3_1.nc_3.1,PACE_OCI.20250424T074423.L2.OC_AOP.V3_1.nc,0.9705898806850612,2025-04-24 07:46:52.500000+00:00
1902453,1902453QC.nc,69,-2.768,75.578,2025-05-03 17:53:00.000005120+00:00,-69.96499251784327,PACE_OCI_L2_AOP_PACE_OCI.20250504T083740.L2.OC_AOP.V3_1.nc_3.1,PACE_OCI_L2_AOP_PACE_OCI.20250504T083740.L2.OC_AOP.V3_1.nc_3.1,PACE_OCI.20250504T083740.L2.OC_AOP.V3_1.nc,114.26778965487102,2025-05-04 08:40:09.500000+00:00
1902453,1902453QC.nc,71,-2.873,76.966,2025-05-23 22:07:59.999998464+00:00,-38.38238324500082,PACE_OCI_L2_AOP_PACE_OCI.20250523T082007.L2.OC_AOP.V3_1.nc_3.1,PACE_OCI_L2_AOP_PACE_OCI.20250523T082007.L2.OC_AOP.V3_1.nc_3.1,PACE_OCI.20250523T082007.L2.OC_AOP.V3_1.nc,0.47664383096222196,2025-05-23 08:22:36.500000+00:00
1902454,1902454QC.nc,47,2.749,57.133,2024-09-25 12:58:00.000003584+00:00,16.197951717667994,PACE_OCI_L2_AOP_PACE_OCI.20240925T095112.L2.OC_AOP.V3_1.nc_3.1,PACE_OCI_L2_AOP_PACE_OCI.20240925T095112.L2.OC_AOP.V3_1.nc_3.1,PACE_OCI.20240925T095112.L2.OC_AOP.V3_1.nc,1.3462727154171334,2024-09-25 09:53:41.500000+00:00
1902454,1902454QC.nc,50,2.03,57.172,2024-10-25 12:50:59.999998464+00:00,15.281252998470356,"PACE_OCI_L2_AOP_PACE_OCI.20241025T090056.L2.OC_AOP.V3_1.nc_3.1,PACE_OCI_L2_AOP_PACE_OCI.20241026T093505.L2.OC_AOP.V3_1.nc_3.1",PACE_OCI_L2_AOP_PACE_OCI.20241025T090056.L2.OC_AOP.V3_1.nc_3.1,PACE_OCI.20241025T090056.L2.OC_AOP.V3_1.nc,0.7957710102546965,2024-10-25 09:03:25.500000+00:00
1902454,1902454QC.nc,51,2.735,57.293,2024-11-04 11:53:00.000005120+00:00,28.26581512370602,PACE_OCI_L2_AOP_PACE_OCI.20241105T084359.L2.OC_AOP.V3_1.nc_3.1,PACE_OCI_L2_AOP_PACE_OCI.20241105T084359.L2.OC_AOP.V3_1.nc_3.1,PACE_OCI.20241105T084359.L2.OC_AOP.V3_1.nc,0.4138898462001219,2024-11-05 08:46:29+00:00
1902454,1902454QC.nc,52,3.975,57.994,2024-11-14 14:18:59.999995904+00:00,-7.537132309446839,PACE_OCI_L2_AOP_PACE_OCI.20241115T093129.L2.OC_AOP.V3_1.nc_3.1,PACE_OCI_L2_AOP_PACE_OCI.20241115T093129.L2.OC_AOP.V3_1.nc_3.1,PACE_OCI.20241115T093129.L2.OC_AOP.V3_1.nc,2.313375935337779,2024-11-15 09:33:58.500000+00:00
1902454,1902454QC.nc,53,2.54,57.857,2024-11-24 16:23:00.000005120+00:00,-35.219725519282896,PACE_OCI_L2_AOP_PACE_OCI.20241124T094432.L2.OC_AOP.V3_1.nc_3.1,PACE_OCI_L2_AOP_PACE_OCI.20241124T094432.L2.OC_AOP.V3_1.nc_3.1,PACE_OCI.20241124T094432.L2.OC_AOP.V3_1.nc,2.340277850957115,2024-11-24 09:47:02+00:00
1902454,1902454QC.nc,55,1.973,55.761,2024-12-14 20:54:59.999997952+00:00,-66.28561041196207,PACE_OCI_L2_AOP_PACE_OCI.20241214T094653.L2.OC_AOP.V3_1.nc_3.1,PACE_OCI_L2_AOP_PACE_OCI.20241214T094653.L2.OC_AOP.V3_1.nc_3.1,PACE_OCI.20241214T094653.L2.OC_AOP.V3_1.nc,1.4693767265828717,2024-12-14 09:49:23+00:00
1902454,1902454QC.nc,56,2.18,55.086,2024-12-24 23:09:00.000001536+00:00,-43.87224302586292,"PACE_OCI_L2_AOP_PACE_OCI.20241224T090112.L2.OC_AOP.V3_1.nc_3.1,PACE_OCI_L2_AOP_PACE_OCI.20241225T093557.L2.OC_AOP.V3_1.nc_3.1",PACE_OCI_L2_AOP_PACE_OCI.20241224T090112.L2.OC_AOP.V3_1.nc_3.1,PACE_OCI.20241224T090112.L2.OC_AOP.V3_1.nc,0.46587169324601885,2024-12-24 09:03:41.500000+00:00
1902455,1902455QC.nc,52,2.493,70.456,2024-11-03 06:39:59.999997952+00:00,71.48612987613548,PACE_OCI_L2_AOP_PACE_OCI.20241102T083935.L2.OC_AOP.V3_1.nc_3.1,PACE_OCI_L2_AOP_PACE_OCI.20241102T083935.L2.OC_AOP.V3_1.nc_3.1,PACE_OCI.20241102T083935.L2.OC_AOP.V3_1.nc,1.3631340897092872,2024-11-02 08:42:05+00:00
1902455,1902455QC.nc,65,2.212,74.423,2025-03-14 11:34:59.999998976+00:00,23.99092223317317,PACE_OCI_L2_AOP_PACE_OCI.20250315T084748.L2.OC_AOP.V3_1.nc_3.1,PACE_OCI_L2_AOP_PACE_OCI.20250315T084748.L2.OC_AOP.V3_1.nc_3.1,PACE_OCI.20250315T084748.L2.OC_AOP.V3_1.nc,8.87209449933207,2025-03-15 08:50:17.500000+00:00
1902455,1902455QC.nc,69,2.979,73.668,2025-04-23 19:32:59.999999488+00:00,-72.59099740825181,"PACE_OCI_L2_AOP_PACE_OCI.20250423T084723.L2.OC_AOP.V3_1.nc_3.1,PACE_OCI_L2_AOP_PACE_OCI.20250424T074423.L2.OC_AOP.V3_1.nc_3.1",PACE_OCI_L2_AOP_PACE_OCI.20250424T074423.L2.OC_AOP.V3_1.nc_3.1,PACE_OCI.20250424T074423.L2.OC_AOP.V3_1.nc,0.26948597819879266,2025-04-24 07:46:52.500000+00:00
1902455,1902455QC.nc,70,3.26,73.701,2025-05-03 22:01:00.000003072+00:00,-41.761143653915,PACE_OCI_L2_AOP_PACE_OCI.20250504T084240.L2.OC_AOP.V3_1.nc_3.1,PACE_OCI_L2_AOP_PACE_OCI.20250504T084240.L2.OC_AOP.V3_1.nc_3.1,PACE_OCI.20250504T084240.L2.OC_AOP.V3_1.nc,2.063722991514086,2025-05-04 08:45:09.500000+00:00
1902456,1902456QC.nc,33,-26.363,56.827,2024-04-12 08:25:00.000004608+00:00,54.62223306065155,PACE_OCI_L2_AOP_PACE_OCI.20240412T085514.L2.OC_AOP.V3_1.nc_3.1,PACE_OCI_L2_AOP_PACE_OCI.20240412T085514.L2.OC_AOP.V3_1.nc_3.1,PACE_OCI.20240412T085514.L2.OC_AOP.V3_1.nc,54.38474863379355,2024-04-12 08:57:44+00:00
1902456,1902456QC.nc,36,-25.837,55.624,2024-05-12 08:04:59.999995392+00:00,45.83571379831677,"PACE_OCI_L2_AOP_PACE_OCI.20240511T092046.L2.OC_AOP.V3_1.nc_3.1,PACE_OCI_L2_AOP_PACE_OCI.20240512T095540.L2.OC_AOP.V3_1.nc_3.1",PACE_OCI_L2_AOP_PACE_OCI.20240511T092046.L2.OC_AOP.V3_1.nc_3.1,PACE_OCI.20240511T092046.L2.OC_AOP.V3_1.nc,0.5399846544444197,2024-05-11 09:23:15.500000+00:00
1902456,1902456QC.nc,38,-25.566,54.261,2024-06-01 08:12:59.999996928+00:00,42.27656106701639,PACE_OCI_L2_AOP_PACE_OCI.20240601T100406.L2.OC_AOP.V3_1.nc_3.1,PACE_OCI_L2_AOP_PACE_OCI.20240601T100406.L2.OC_AOP.V3_1.nc_3.1,PACE_OCI.20240601T100406.L2.OC_AOP.V3_1.nc,0.9704619480262895,2024-06-01 10:06:36+00:00
1902456,1902456QC.nc,40,-25.305,52.855,2024-06-21 08:26:00.000001024+00:00,41.26414826323457,PACE_OCI_L2_AOP_PACE_OCI.20240621T101056.L2.OC_AOP.V3_1.nc_3.1,PACE_OCI_L2_AOP_PACE_OCI.20240621T101056.L2.OC_AOP.V3_1.nc_3.1,PACE_OCI.20240621T101056.L2.OC_AOP.V3_1.nc,5.742040155596713,2024-06-21 10:13:25.500000+00:00
1902456,1902456QC.nc,41,-25.465,51.778,2024-07-11 07:43:00.000003584+00:00,40.666047290077614,"PACE_OCI_L2_AOP_PACE_OCI.20240710T094135.L2.OC_AOP.V3_1.nc_3.1,PACE_OCI_L2_AOP_PACE_OCI.20240711T101614.L2.OC_AOP.V3_1.nc_3.1",PACE_OCI_L2_AOP_PACE_OCI.20240710T094135.L2.OC_AOP.V3_1.nc_3.1,PACE_OCI.20240710T094135.L2.OC_AOP.V3_1.nc,0.6083437160088888,2024-07-10 09:44:04.500000+00:00
1902456,1902456QC.nc,42,-25.887,51.498,2024-07-21 06:56:59.999997440+00:00,37.40443844803761,"PACE_OCI_L2_AOP_PACE_OCI.20240720T085435.L2.OC_AOP.V3_1.nc_3.1,PACE_OCI_L2_AOP_PACE_OCI.20240720T103253.L2.OC_AOP.V3_1.nc_3.1,PACE_OCI_L2_AOP_PACE_OCI.20240721T092911.L2.OC_AOP.V3_1.nc_3.1",PACE_OCI_L2_AOP_PACE_OCI.20240721T092911.L2.OC_AOP.V3_1.nc_3.1,PACE_OCI.20240721T092911.L2.OC_AOP.V3_1.nc,0.2608621900011866,2024-07-21 09:31:40.500000+00:00
1902456,1902456QC.nc,43,-26.139,51.339,2024-07-31 07:16:59.999996416+00:00,41.28437768502304,"PACE_OCI_L2_AOP_PACE_OCI.20240730T094526.L2.OC_AOP.V3_1.nc_3.1,PACE_OCI_L2_AOP_PACE_OCI.20240731T101959.L2.OC_AOP.V3_1.nc_3.1",PACE_OCI_L2_AOP_PACE_OCI.20240730T094526.L2.OC_AOP.V3_1.nc_3.1,PACE_OCI.20240730T094526.L2.OC_AOP.V3_1.nc,0.3952675983781732,2024-07-30 09:47:55.500000+00:00
1902456,1902456QC.nc,44,-26.265,51.17,2024-08-10 06:19:00.000002560+00:00,35.97763134610452,PACE_OCI_L2_AOP_PACE_OCI.20240809T103559.L2.OC_AOP.V3_1.nc_3.1,PACE_OCI_L2_AOP_PACE_OCI.20240809T103559.L2.OC_AOP.V3_1.nc_3.1,PACE_OCI.20240809T103559.L2.OC_AOP.V3_1.nc,0.3710076601084126,2024-08-09 10:38:28.500000+00:00
1902456,1902456QC.nc,45,-26.185,51.17,2024-08-20 07:15:00.000003584+00:00,46.53502073341411,PACE_OCI_L2_AOP_PACE_OCI.20240820T102200.L2.OC_AOP.V3_1.nc_3.1,PACE_OCI_L2_AOP_PACE_OCI.20240820T102200.L2.OC_AOP.V3_1.nc_3.1,PACE_OCI.20240820T102200.L2.OC_AOP.V3_1.nc,105.36707867421327,2024-08-20 10:24:29.500000+00:00
1902456,1902456QC.nc,47,-25.865,51.901,2024-09-09 07:41:59.999997440+00:00,56.97819680785189,PACE_OCI_L2_AOP_PACE_OCI.20240908T095247.L2.OC_AOP.V3_1.nc_3.1,PACE_OCI_L2_AOP_PACE_OCI.20240908T095247.L2.OC_AOP.V3_1.nc_3.1,PACE_OCI.20240908T095247.L2.OC_AOP.V3_1.nc,0.47498115185389306,2024-09-08 09:55:16.500000+00:00
1902456,1902456QC.nc,51,-24.792,53.141,2024-10-19 07:12:00.000004096+00:00,69.54674528036553,PACE_OCI_L2_AOP_PACE_OCI.20241019T102555.L2.OC_AOP.V3_1.nc_3.1,PACE_OCI_L2_AOP_PACE_OCI.20241019T102555.L2.OC_AOP.V3_1.nc_3.1,PACE_OCI.20241019T102555.L2.OC_AOP.V3_1.nc,6.282924974117558,2024-10-19 10:28:25+00:00
1902456,1902456QC.nc,54,-23.716,54.905,2024-11-18 06:22:59.999998464+00:00,65.79752103661666,PACE_OCI_L2_AOP_PACE_OCI.20241118T093048.L2.OC_AOP.V3_1.nc_3.1,PACE_OCI_L2_AOP_PACE_OCI.20241118T093048.L2.OC_AOP.V3_1.nc_3.1,PACE_OCI.20241118T093048.L2.OC_AOP.V3_1.nc,1.3137947526308615,2024-11-18 09:33:17.500000+00:00
1902456,1902456QC.nc,58,-24.477,56.181,2025-01-07 15:14:59.999996416+00:00,-2.12564375284734,PACE_OCI_L2_AOP_PACE_OCI.20250108T092042.L2.OC_AOP.V3_1.nc_3.1,PACE_OCI_L2_AOP_PACE_OCI.20250108T092042.L2.OC_AOP.V3_1.nc_3.1,PACE_OCI.20250108T092042.L2.OC_AOP.V3_1.nc,0.47499729946039904,2025-01-08 09:23:12+00:00
1902456,1902456QC.nc,59,-23.861,56.106,2025-01-17 18:05:59.999998464+00:00,-34.02687072298582,PACE_OCI_L2_AOP_PACE_OCI.20250118T083434.L2.OC_AOP.V3_1.nc_3.1,PACE_OCI_L2_AOP_PACE_OCI.20250118T083434.L2.OC_AOP.V3_1.nc_3.1,PACE_OCI.20250118T083434.L2.OC_AOP.V3_1.nc,6.614398216942896,2025-01-18 08:37:03.500000+00:00
1902456,1902456QC.nc,66,-25.254,55.742,2025-03-29 08:25:00.000004608+00:00,61.2163153631609,"PACE_OCI_L2_AOP_PACE_OCI.20250328T094534.L2.OC_AOP.V3_1.nc_3.1,PACE_OCI_L2_AOP_PACE_OCI.20250329T084240.L2.OC_AOP.V3_1.nc_3.1",PACE_OCI_L2_AOP_PACE_OCI.20250328T094534.L2.OC_AOP.V3_1.nc_3.1,PACE_OCI.20250328T094534.L2.OC_AOP.V3_1.nc,0.47848710911870024,2025-03-28 09:48:04+00:00
1902456,1902456QC.nc,68,-25.424,55.857,2025-04-18 12:16:59.999999488+00:00,20.96825306828599,PACE_OCI_L2_AOP_PACE_OCI.20250418T090213.L2.OC_AOP.V3_1.nc_3.1,PACE_OCI_L2_AOP_PACE_OCI.20250418T090213.L2.OC_AOP.V3_1.nc_3.1,PACE_OCI.20250418T090213.L2.OC_AOP.V3_1.nc,0.5066590632402947,2025-04-18 09:04:43+00:00
1902456,1902456QC.nc,71,-24.204,55.102,2025-05-18 19:21:00.000002048+00:00,-76.49670271838015,PACE_OCI_L2_AOP_PACE_OCI.20250518T101334.L2.OC_AOP.V3_1.nc_3.1,PACE_OCI_L2_AOP_PACE_OCI.20250518T101334.L2.OC_AOP.V3_1.nc_3.1,PACE_OCI.20250518T101334.L2.OC_AOP.V3_1.nc,0.3348373315439831,2025-05-18 10:16:03.500000+00:00
1902456,1902456QC.nc,72,-23.871,54.979,2025-05-28 21:25:59.999997440+00:00,-74.03717975368802,PACE_OCI_L2_AOP_PACE_OCI.20250529T100836.L2.OC_AOP.V3_1.nc_3.1,PACE_OCI_L2_AOP_PACE_OCI.20250529T100836.L2.OC_AOP.V3_1.nc_3.1,PACE_OCI.20250529T100836.L2.OC_AOP.V3_1.nc,1.266822643405254,2025-05-29 10:11:05.500000+00:00
1902456,1902456QC.nc,73,-23.763,54.94,2025-06-08 00:39:00.000001536+00:00,-30.91366690024179,PACE_OCI_L2_AOP_PACE_OCI.20250608T092800.L2.OC_AOP.V3_1.nc_3.1,PACE_OCI_L2_AOP_PACE_OCI.20250608T092800.L2.OC_AOP.V3_1.nc_3.1,PACE_OCI.20250608T092800.L2.OC_AOP.V3_1.nc,0.8544397908399392,2025-06-08 09:30:29.500000+00:00
1902457,1902457QC.nc,31,5.941,66.221,2024-04-08 01:27:00.000000512+00:00,-1.6875370686630968,PACE_OCI_L2_AOP_PACE_OCI.20240407T074824.L2.OC_AOP.V3_1.nc_3.1,PACE_OCI_L2_AOP_PACE_OCI.20240407T074824.L2.OC_AOP.V3_1.nc_3.1,PACE_OCI.20240407T074824.L2.OC_AOP.V3_1.nc,102.78699895896143,2024-04-07 07:50:53.500000+00:00
1902457,1902457QC.nc,51,6.037,67.638,2024-10-25 10:19:59.999995392+00:00,40.144011082324894,PACE_OCI_L2_AOP_PACE_OCI.20241025T090056.L2.OC_AOP.V3_1.nc_3.1,PACE_OCI_L2_AOP_PACE_OCI.20241025T090056.L2.OC_AOP.V3_1.nc_3.1,PACE_OCI.20241025T090056.L2.OC_AOP.V3_1.nc,31.00379883249299,2024-10-25 09:03:25.500000+00:00
1902457,1902457QC.nc,52,6.219,67.64,2024-11-04 09:53:00.000001536+00:00,44.794600704187125,PACE_OCI_L2_AOP_PACE_OCI.20241105T084359.L2.OC_AOP.V3_1.nc_3.1,PACE_OCI_L2_AOP_PACE_OCI.20241105T084359.L2.OC_AOP.V3_1.nc_3.1,PACE_OCI.20241105T084359.L2.OC_AOP.V3_1.nc,4.973093041012568,2024-11-05 08:46:29+00:00
1902457,1902457QC.nc,57,5.979,67.541,2024-12-24 20:04:59.999995392+00:00,-70.63076492624063,PACE_OCI_L2_AOP_PACE_OCI.20241224T090112.L2.OC_AOP.V3_1.nc_3.1,PACE_OCI_L2_AOP_PACE_OCI.20241224T090112.L2.OC_AOP.V3_1.nc_3.1,PACE_OCI.20241224T090112.L2.OC_AOP.V3_1.nc,3.2792939532637253,2024-12-24 09:03:41.500000+00:00
1902457,1902457QC.nc,65,5.296,67.817,2025-03-15 13:13:59.999996928+00:00,5.811959001832682,"PACE_OCI_L2_AOP_PACE_OCI.20250315T084748.L2.OC_AOP.V3_1.nc_3.1,PACE_OCI_L2_AOP_PACE_OCI.20250316T074457.L2.OC_AOP.V3_1.nc_3.1",PACE_OCI_L2_AOP_PACE_OCI.20250316T074457.L2.OC_AOP.V3_1.nc_3.1,PACE_OCI.20250316T074457.L2.OC_AOP.V3_1.nc,0.4504597031913279,2025-03-16 07:47:27+00:00
1902457,1902457QC.nc,66,5.547,67.955,2025-03-25 15:50:59.999998464+00:00,-33.81022580635086,PACE_OCI_L2_AOP_PACE_OCI.20250325T080911.L2.OC_AOP.V3_1.nc_3.1,PACE_OCI_L2_AOP_PACE_OCI.20250325T080911.L2.OC_AOP.V3_1.nc_3.1,PACE_OCI.20250325T080911.L2.OC_AOP.V3_1.nc,114.23386246593138,2025-03-25 08:11:40.500000+00:00
1902457,1902457QC.nc,67,6.171,68.98,2025-04-24 21:20:59.999995392+00:00,-54.69750972436574,PACE_OCI_L2_AOP_PACE_OCI.20250424T074423.L2.OC_AOP.V3_1.nc_3.1,PACE_OCI_L2_AOP_PACE_OCI.20250424T074423.L2.OC_AOP.V3_1.nc_3.1,PACE_OCI.20250424T074423.L2.OC_AOP.V3_1.nc,3.7146716732798586,2025-04-24 07:46:52.500000+00:00
1902457,1902457QC.nc,68,6.179,69.189,2025-05-05 00:22:59.999998464+00:00,-11.799382775102623,PACE_OCI_L2_AOP_PACE_OCI.20250504T084240.L2.OC_AOP.V3_1.nc_3.1,PACE_OCI_L2_AOP_PACE_OCI.20250504T084240.L2.OC_AOP.V3_1.nc_3.1,PACE_OCI.20250504T084240.L2.OC_AOP.V3_1.nc,0.34079584248055406,2025-05-04 08:45:09.500000+00:00
1902458,1902458QC.nc,50,12.927,67.837,2024-10-26 10:02:59.999995904+00:00,40.60879276295279,PACE_OCI_L2_AOP_PACE_OCI.20241026T080148.L2.OC_AOP.V3_1.nc_3.1,PACE_OCI_L2_AOP_PACE_OCI.20241026T080148.L2.OC_AOP.V3_1.nc_3.1,PACE_OCI.20241026T080148.L2.OC_AOP.V3_1.nc,1.131308336225931,2024-10-26 08:04:17.500000+00:00
1902458,1902458QC.nc,60,12.742,67.261,2025-02-14 07:10:59.999997440+00:00,63.006784228089415,PACE_OCI_L2_AOP_PACE_OCI.20250214T080547.L2.OC_AOP.V3_1.nc_3.1,PACE_OCI_L2_AOP_PACE_OCI.20250214T080547.L2.OC_AOP.V3_1.nc_3.1,PACE_OCI.20250214T080547.L2.OC_AOP.V3_1.nc,45.14086888352466,2025-02-14 08:08:16.500000+00:00
1902458,1902458QC.nc,63,12.359,67.317,2025-03-16 14:25:00.000004608+00:00,-11.504964830123942,PACE_OCI_L2_AOP_PACE_OCI.20250316T074457.L2.OC_AOP.V3_1.nc_3.1,PACE_OCI_L2_AOP_PACE_OCI.20250316T074457.L2.OC_AOP.V3_1.nc_3.1,PACE_OCI.20250316T074457.L2.OC_AOP.V3_1.nc,210.4441828991755,2025-03-16 07:47:27+00:00
1902458,1902458QC.nc,64,12.396,67.261,2025-03-26 16:18:59.999998976+00:00,-38.775522817961786,PACE_OCI_L2_AOP_PACE_OCI.20250327T074145.L2.OC_AOP.V3_1.nc_3.1,PACE_OCI_L2_AOP_PACE_OCI.20250327T074145.L2.OC_AOP.V3_1.nc_3.1,PACE_OCI.20250327T074145.L2.OC_AOP.V3_1.nc,68.04676414880886,2025-03-27 07:44:14.500000+00:00
1902458,1902458QC.nc,65,12.414,67.248,2025-04-05 18:55:00.000004608+00:00,-68.90656150298959,"PACE_OCI_L2_AOP_PACE_OCI.20250405T080532.L2.OC_AOP.V3_1.nc_3.1,PACE_OCI_L2_AOP_PACE_OCI.20250406T084057.L2.OC_AOP.V3_1.nc_3.1",PACE_OCI_L2_AOP_PACE_OCI.20250405T080532.L2.OC_AOP.V3_1.nc_3.1,PACE_OCI.20250405T080532.L2.OC_AOP.V3_1.nc,0.5455087383082332,2025-04-05 08:08:01.500000+00:00
1902458,1902458QC.nc,66,12.242,67.311,2025-04-15 20:42:00.000004096+00:00,-61.48627996678693,"PACE_OCI_L2_AOP_PACE_OCI.20250415T085927.L2.OC_AOP.V3_1.nc_3.1,PACE_OCI_L2_AOP_PACE_OCI.20250416T080128.L2.OC_AOP.V3_1.nc_3.1",PACE_OCI_L2_AOP_PACE_OCI.20250416T080128.L2.OC_AOP.V3_1.nc_3.1,PACE_OCI.20250416T080128.L2.OC_AOP.V3_1.nc,101.27029218764511,2025-04-16 08:03:57.500000+00:00
1902458,1902458QC.nc,67,12.039,67.248,2025-04-25 23:04:59.999995392+00:00,-30.634489972869044,PACE_OCI_L2_AOP_PACE_OCI.20250426T085506.L2.OC_AOP.V3_1.nc_3.1,PACE_OCI_L2_AOP_PACE_OCI.20250426T085506.L2.OC_AOP.V3_1.nc_3.1,PACE_OCI.20250426T085506.L2.OC_AOP.V3_1.nc,96.27051146719613,2025-04-26 08:57:36+00:00
1902490,1902490QC.nc,6,-29.092,1.053,2024-04-29 18:33:00.000002560+00:00,-15.718013075834218,PACE_OCI_L2_AOP_PACE_OCI.20240430T124635.L2.OC_AOP.V3_1.nc_3.1,PACE_OCI_L2_AOP_PACE_OCI.20240430T124635.L2.OC_AOP.V3_1.nc_3.1,PACE_OCI.20240430T124635.L2.OC_AOP.V3_1.nc,6.507477403079343,2024-04-30 12:49:04.500000+00:00
1902490,1902490QC.nc,8,-29.715,0.158,2024-05-19 17:59:00.000003584+00:00,-10.407899554353111,PACE_OCI_L2_AOP_PACE_OCI.20240519T122133.L2.OC_AOP.V3_1.nc_3.1,PACE_OCI_L2_AOP_PACE_OCI.20240519T122133.L2.OC_AOP.V3_1.nc_3.1,PACE_OCI.20240519T122133.L2.OC_AOP.V3_1.nc,97.77596210250172,2024-05-19 12:24:02.500000+00:00
1902490,1902490QC.nc,26,-31.218,-2.4110000000000014,2024-11-15 06:19:59.999998976+00:00,14.915150490932747,PACE_OCI_L2_AOP_PACE_OCI.20241115T124302.L2.OC_AOP.V3_1.nc_3.1,PACE_OCI_L2_AOP_PACE_OCI.20241115T124302.L2.OC_AOP.V3_1.nc_3.1,PACE_OCI.20241115T124302.L2.OC_AOP.V3_1.nc,0.7160239283826642,2024-11-15 12:45:31.500000+00:00
1902490,1902490QC.nc,33,-32.133,-4.845000000000027,2025-01-24 18:33:59.999998976+00:00,9.565978170482447,PACE_OCI_L2_AOP_PACE_OCI.20250125T141554.L2.OC_AOP.V3_1.nc_3.1,PACE_OCI_L2_AOP_PACE_OCI.20250125T141554.L2.OC_AOP.V3_1.nc_3.1,PACE_OCI.20250125T141554.L2.OC_AOP.V3_1.nc,41.70731424571204,2025-01-25 14:18:23.500000+00:00
1902490,1902490QC.nc,44,-31.794,-7.586999999999989,2025-05-15 12:42:59.999996928+00:00,39.074873368544935,PACE_OCI_L2_AOP_PACE_OCI.20250515T132239.L2.OC_AOP.V3_1.nc_3.1,PACE_OCI_L2_AOP_PACE_OCI.20250515T132239.L2.OC_AOP.V3_1.nc_3.1,PACE_OCI.20250515T132239.L2.OC_AOP.V3_1.nc,0.9084983211352168,2025-05-15 13:25:08.500000+00:00
1902490,1902490QC.nc,47,-31.851,-8.985000000000014,2025-06-14 19:44:59.999996416+00:00,-26.045986076790182,PACE_OCI_L2_AOP_PACE_OCI.20250614T125932.L2.OC_AOP.V3_1.nc_3.1,PACE_OCI_L2_AOP_PACE_OCI.20250614T125932.L2.OC_AOP.V3_1.nc_3.1,PACE_OCI.20250614T125932.L2.OC_AOP.V3_1.nc,108.9077072401312,2025-06-14 13:02:01.500000+00:00
1902492,1902492QC.nc,31,-1.274,-2.901999999999987,2024-12-28 04:58:59.999996928+00:00,-16.46538783681772,PACE_OCI_L2_AOP_PACE_OCI.20241227T122346.L2.OC_AOP.V3_1.nc_3.1,PACE_OCI_L2_AOP_PACE_OCI.20241227T122346.L2.OC_AOP.V3_1.nc_3.1,PACE_OCI.20241227T122346.L2.OC_AOP.V3_1.nc,1531.4957875452815,2024-12-27 12:26:15.500000+00:00
1902493,1902493QC.nc,7,-31.342,-0.4150000000000204,2024-05-12 05:53:00.000005120+00:00,-10.411159591887998,PACE_OCI_L2_AOP_PACE_OCI.20240511T123725.L2.OC_AOP.V3_1.nc_3.1,PACE_OCI_L2_AOP_PACE_OCI.20240511T123725.L2.OC_AOP.V3_1.nc_3.1,PACE_OCI.20240511T123725.L2.OC_AOP.V3_1.nc,1.748694571537012,2024-05-11 12:39:55+00:00
1902493,1902493QC.nc,8,-31.288,-0.6669999999999732,2024-05-22 05:15:59.999996416+00:00,-19.402752562821654,PACE_OCI_L2_AOP_PACE_OCI.20240522T122750.L2.OC_AOP.V3_1.nc_3.1,PACE_OCI_L2_AOP_PACE_OCI.20240522T122750.L2.OC_AOP.V3_1.nc_3.1,PACE_OCI.20240522T122750.L2.OC_AOP.V3_1.nc,9.474119631877516,2024-05-22 12:30:19.500000+00:00
1902493,1902493QC.nc,28,-31.335,-4.7309999999999945,2024-12-08 08:28:00.000003584+00:00,40.167827326046485,"PACE_OCI_L2_AOP_PACE_OCI.20241207T134730.L2.OC_AOP.V3_1.nc_3.1,PACE_OCI_L2_AOP_PACE_OCI.20241208T124324.L2.OC_AOP.V3_1.nc_3.1,PACE_OCI_L2_AOP_PACE_OCI.20241208T142141.L2.OC_AOP.V3_1.nc_3.1",PACE_OCI_L2_AOP_PACE_OCI.20241208T124324.L2.OC_AOP.V3_1.nc_3.1,PACE_OCI.20241208T124324.L2.OC_AOP.V3_1.nc,0.5238209012716551,2024-12-08 12:45:54+00:00
1902493,1902493QC.nc,31,-30.208,-6.670000000000016,2025-01-17 15:34:59.999995392+00:00,48.92085470591953,"PACE_OCI_L2_AOP_PACE_OCI.20250117T143307.L2.OC_AOP.V3_1.nc_3.1,PACE_OCI_L2_AOP_PACE_OCI.20250118T132931.L2.OC_AOP.V3_1.nc_3.1",PACE_OCI_L2_AOP_PACE_OCI.20250118T132931.L2.OC_AOP.V3_1.nc_3.1,PACE_OCI.20250118T132931.L2.OC_AOP.V3_1.nc,24.911863699792022,2025-01-18 13:32:01+00:00
1902493,1902493QC.nc,33,-29.728,-7.584000000000003,2025-02-06 18:59:59.999996416+00:00,4.438396357261717,"PACE_OCI_L2_AOP_PACE_OCI.20250206T143950.L2.OC_AOP.V3_1.nc_3.1,PACE_OCI_L2_AOP_PACE_OCI.20250207T133704.L2.OC_AOP.V3_1.nc_3.1",PACE_OCI_L2_AOP_PACE_OCI.20250207T133704.L2.OC_AOP.V3_1.nc_3.1,PACE_OCI.20250207T133704.L2.OC_AOP.V3_1.nc,0.47174992991561715,2025-02-07 13:39:33.500000+00:00
1902493,1902493QC.nc,36,-29.491,-8.586999999999989,2025-03-09 00:47:59.999999488+00:00,-56.03080144583801,PACE_OCI_L2_AOP_PACE_OCI.20250309T131631.L2.OC_AOP.V3_1.nc_3.1,PACE_OCI_L2_AOP_PACE_OCI.20250309T131631.L2.OC_AOP.V3_1.nc_3.1,PACE_OCI.20250309T131631.L2.OC_AOP.V3_1.nc,4.704865117165749,2025-03-09 13:19:00.500000+00:00
1902493,1902493QC.nc,39,-29.392,-8.456999999999994,2025-04-08 05:37:00.000001536+00:00,-16.328164416664233,PACE_OCI_L2_AOP_PACE_OCI.20250408T125830.L2.OC_AOP.V3_1.nc_3.1,PACE_OCI_L2_AOP_PACE_OCI.20250408T125830.L2.OC_AOP.V3_1.nc_3.1,PACE_OCI.20250408T125830.L2.OC_AOP.V3_1.nc,16.848469052755416,2025-04-08 13:01:00+00:00
1902493,1902493QC.nc,45,-29.191,-9.990000000000007,2025-06-07 14:15:59.999996416+00:00,33.01128179355098,PACE_OCI_L2_AOP_PACE_OCI.20250607T134747.L2.OC_AOP.V3_1.nc_3.1,PACE_OCI_L2_AOP_PACE_OCI.20250607T134747.L2.OC_AOP.V3_1.nc_3.1,PACE_OCI.20250607T134747.L2.OC_AOP.V3_1.nc,1.5187556281858017,2025-06-07 13:50:16.500000+00:00
1902495,1902495QC.nc,15,-19.583,0.002,2024-07-23 15:02:59.999999488+00:00,31.49127785754361,PACE_OCI_L2_AOP_PACE_OCI.20240723T121640.L2.OC_AOP.V3_1.nc_3.1,PACE_OCI_L2_AOP_PACE_OCI.20240723T121640.L2.OC_AOP.V3_1.nc_3.1,PACE_OCI.20240723T121640.L2.OC_AOP.V3_1.nc,100.7654822983894,2024-07-23 12:19:09.500000+00:00
1902495,1902495QC.nc,21,-19.371,-0.535000000000025,2024-09-21 12:56:59.999997440+00:00,65.07324832792749,PACE_OCI_L2_AOP_PACE_OCI.20240921T122355.L2.OC_AOP.V3_1.nc_3.1,PACE_OCI_L2_AOP_PACE_OCI.20240921T122355.L2.OC_AOP.V3_1.nc_3.1,PACE_OCI.20240921T122355.L2.OC_AOP.V3_1.nc,238.68722270728014,2024-09-21 12:26:24.500000+00:00
1902495,1902495QC.nc,33,-19.209,-1.8940000000000052,2025-01-19 23:29:00+00:00,-48.848701884831016,PACE_OCI_L2_AOP_PACE_OCI.20250119T122555.L2.OC_AOP.V3_1.nc_3.1,PACE_OCI_L2_AOP_PACE_OCI.20250119T122555.L2.OC_AOP.V3_1.nc_3.1,PACE_OCI.20250119T122555.L2.OC_AOP.V3_1.nc,1.1445606356010551,2025-01-19 12:28:24.500000+00:00
1902495,1902495QC.nc,37,-17.228,-1.841000000000008,2025-03-01 06:28:59.999996928+00:00,4.600399922042682,PACE_OCI_L2_AOP_PACE_OCI.20250301T133227.L2.OC_AOP.V3_1.nc_3.1,PACE_OCI_L2_AOP_PACE_OCI.20250301T133227.L2.OC_AOP.V3_1.nc_3.1,PACE_OCI.20250301T133227.L2.OC_AOP.V3_1.nc,0.6056594622626066,2025-03-01 13:34:56.500000+00:00
1902495,1902495QC.nc,41,-19.072,-2.629000000000019,2025-04-10 12:47:59.999999488+00:00,61.3470340241044,"PACE_OCI_L2_AOP_PACE_OCI.20250409T133354.L2.OC_AOP.V3_1.nc_3.1,PACE_OCI_L2_AOP_PACE_OCI.20250410T123056.L2.OC_AOP.V3_1.nc_3.1,PACE_OCI_L2_AOP_PACE_OCI.20250410T140918.L2.OC_AOP.V3_1.nc_3.1",PACE_OCI_L2_AOP_PACE_OCI.20250410T123056.L2.OC_AOP.V3_1.nc_3.1,PACE_OCI.20250410T123056.L2.OC_AOP.V3_1.nc,0.3370980510025693,2025-04-10 12:33:26+00:00
1902496,1902496QC.nc,11,-16.112,-2.704999999999984,2024-06-21 15:56:00.000001024+00:00,22.67514511193523,PACE_OCI_L2_AOP_PACE_OCI.20240622T140217.L2.OC_AOP.V3_1.nc_3.1,PACE_OCI_L2_AOP_PACE_OCI.20240622T140217.L2.OC_AOP.V3_1.nc_3.1,PACE_OCI.20240622T140217.L2.OC_AOP.V3_1.nc,170.72492099813704,2024-06-22 14:04:47+00:00
1902496,1902496QC.nc,22,-15.91,-2.062999999999988,2024-10-09 13:49:00.000002560+00:00,60.66014724536044,PACE_OCI_L2_AOP_PACE_OCI.20241009T125542.L2.OC_AOP.V3_1.nc_3.1,PACE_OCI_L2_AOP_PACE_OCI.20241009T125542.L2.OC_AOP.V3_1.nc_3.1,PACE_OCI.20241009T125542.L2.OC_AOP.V3_1.nc,26.316232546438297,2024-10-09 12:58:11.500000+00:00
1902496,1902496QC.nc,34,-15.422,-1.7819999999999825,2025-02-07 00:31:00+00:00,-59.19439110554848,PACE_OCI_L2_AOP_PACE_OCI.20250207T133704.L2.OC_AOP.V3_1.nc_3.1,PACE_OCI_L2_AOP_PACE_OCI.20250207T133704.L2.OC_AOP.V3_1.nc_3.1,PACE_OCI.20250207T133704.L2.OC_AOP.V3_1.nc,11.023121380455548,2025-02-07 13:39:33.500000+00:00
1902496,1902496QC.nc,36,-15.287,-1.3980000000000246,2025-02-27 03:00:00+00:00,-43.516704287428965,PACE_OCI_L2_AOP_PACE_OCI.20250227T135944.L2.OC_AOP.V3_1.nc_3.1,PACE_OCI_L2_AOP_PACE_OCI.20250227T135944.L2.OC_AOP.V3_1.nc_3.1,PACE_OCI.20250227T135944.L2.OC_AOP.V3_1.nc,5.034062808737485,2025-02-27 14:02:14+00:00
1902496,1902496QC.nc,40,-15.88,-1.002999999999986,2025-04-08 11:46:59.999996416+00:00,66.2682089723951,PACE_OCI_L2_AOP_PACE_OCI.20250408T125830.L2.OC_AOP.V3_1.nc_3.1,PACE_OCI_L2_AOP_PACE_OCI.20250408T125830.L2.OC_AOP.V3_1.nc_3.1,PACE_OCI.20250408T125830.L2.OC_AOP.V3_1.nc,0.36168532768329764,2025-04-08 13:01:00+00:00
1902496,1902496QC.nc,45,-15.556,-0.1539999999999963,2025-05-28 19:30:00+00:00,-26.676682380845943,PACE_OCI_L2_AOP_PACE_OCI.20250528T125000.L2.OC_AOP.V3_1.nc_3.1,PACE_OCI_L2_AOP_PACE_OCI.20250528T125000.L2.OC_AOP.V3_1.nc_3.1,PACE_OCI.20250528T125000.L2.OC_AOP.V3_1.nc,0.5492141108211284,2025-05-28 12:52:29.500000+00:00
1902496,1902496QC.nc,46,-15.546,-0.2629999999999768,2025-06-07 20:46:00+00:00,-43.813908423264905,PACE_OCI_L2_AOP_PACE_OCI.20250607T134747.L2.OC_AOP.V3_1.nc_3.1,PACE_OCI_L2_AOP_PACE_OCI.20250607T134747.L2.OC_AOP.V3_1.nc_3.1,PACE_OCI.20250607T134747.L2.OC_AOP.V3_1.nc,29.83533143195208,2025-06-07 13:50:16.500000+00:00
1902497,1902497QC.nc,5,-12.117,1.536,2024-04-20 13:58:59.999996928+00:00,50.56053375748337,PACE_OCI_L2_AOP_PACE_OCI.20240421T123202.L2.OC_AOP.V3_1.nc_3.1,PACE_OCI_L2_AOP_PACE_OCI.20240421T123202.L2.OC_AOP.V3_1.nc_3.1,PACE_OCI.20240421T123202.L2.OC_AOP.V3_1.nc,0.7783735960318406,2024-04-21 12:34:31.500000+00:00
1902497,1902497QC.nc,6,-12.412,1.653,2024-04-30 12:08:59.999997952+00:00,62.20398759154096,PACE_OCI_L2_AOP_PACE_OCI.20240429T121639.L2.OC_AOP.V3_1.nc_3.1,PACE_OCI_L2_AOP_PACE_OCI.20240429T121639.L2.OC_AOP.V3_1.nc_3.1,PACE_OCI.20240429T121639.L2.OC_AOP.V3_1.nc,48.67161694847436,2024-04-29 12:19:08.500000+00:00
1902497,1902497QC.nc,41,-11.625,-2.1229999999999905,2025-04-26 13:50:59.999995392+00:00,53.719736360654565,PACE_OCI_L2_AOP_PACE_OCI.20250426T134510.L2.OC_AOP.V3_1.nc_3.1,PACE_OCI_L2_AOP_PACE_OCI.20250426T134510.L2.OC_AOP.V3_1.nc_3.1,PACE_OCI.20250426T134510.L2.OC_AOP.V3_1.nc,0.7268403184643236,2025-04-26 13:47:39.500000+00:00
1902499,1902499QC.nc,17,-3.953,-5.314999999999998,2024-08-03 15:42:00.000000512+00:00,37.53115255538338,PACE_OCI_L2_AOP_PACE_OCI.20240803T134657.L2.OC_AOP.V3_1.nc_3.1,PACE_OCI_L2_AOP_PACE_OCI.20240803T134657.L2.OC_AOP.V3_1.nc_3.1,PACE_OCI.20240803T134657.L2.OC_AOP.V3_1.nc,2.311864459512746,2024-08-03 13:49:27+00:00
1902499,1902499QC.nc,43,-3.701,-3.947999999999979,2025-05-02 05:59:00.000003584+00:00,-4.292649940489935,PACE_OCI_L2_AOP_PACE_OCI.20250502T140027.L2.OC_AOP.V3_1.nc_3.1,PACE_OCI_L2_AOP_PACE_OCI.20250502T140027.L2.OC_AOP.V3_1.nc_3.1,PACE_OCI.20250502T140027.L2.OC_AOP.V3_1.nc,99.2122874450229,2025-05-02 14:02:56.500000+00:00
1902499,1902499QC.nc,47,-4.113,-2.898000000000025,2025-06-11 12:08:59.999997952+00:00,62.76904526609319,PACE_OCI_L2_AOP_PACE_OCI.20250610T140012.L2.OC_AOP.V3_1.nc_3.1,PACE_OCI_L2_AOP_PACE_OCI.20250610T140012.L2.OC_AOP.V3_1.nc_3.1,PACE_OCI.20250610T140012.L2.OC_AOP.V3_1.nc,24.714178157869643,2025-06-10 14:02:41.500000+00:00
1902500,1902500QC.nc,10,-23.561,-1.0400000000000205,2024-06-06 05:34:59.999998976+00:00,-14.88507472405653,PACE_OCI_L2_AOP_PACE_OCI.20240605T122315.L2.OC_AOP.V3_1.nc_3.1,PACE_OCI_L2_AOP_PACE_OCI.20240605T122315.L2.OC_AOP.V3_1.nc_3.1,PACE_OCI.20240605T122315.L2.OC_AOP.V3_1.nc,28.328104509191107,2024-06-05 12:25:44.500000+00:00
1902500,1902500QC.nc,12,-23.683,-1.3050000000000068,2024-06-26 03:13:00.000003584+00:00,-47.805630174356935,PACE_OCI_L2_AOP_PACE_OCI.20240625T122945.L2.OC_AOP.V3_1.nc_3.1,PACE_OCI_L2_AOP_PACE_OCI.20240625T122945.L2.OC_AOP.V3_1.nc_3.1,PACE_OCI.20240625T122945.L2.OC_AOP.V3_1.nc,59.255189141345674,2024-06-25 12:32:14.500000+00:00
1902500,1902500QC.nc,14,-23.828,-1.440999999999974,2024-07-15 23:12:59.999996928+00:00,-76.19528333848706,PACE_OCI_L2_AOP_PACE_OCI.20240715T123445.L2.OC_AOP.V3_1.nc_3.1,PACE_OCI_L2_AOP_PACE_OCI.20240715T123445.L2.OC_AOP.V3_1.nc_3.1,PACE_OCI.20240715T123445.L2.OC_AOP.V3_1.nc,43.67886925599135,2024-07-15 12:37:15+00:00
1902500,1902500QC.nc,33,-21.431,-2.180999999999983,2025-01-21 21:58:00.000003584+00:00,-36.16482724932554,PACE_OCI_L2_AOP_PACE_OCI.20250122T141004.L2.OC_AOP.V3_1.nc_3.1,PACE_OCI_L2_AOP_PACE_OCI.20250122T141004.L2.OC_AOP.V3_1.nc_3.1,PACE_OCI.20250122T141004.L2.OC_AOP.V3_1.nc,11.283702289292535,2025-01-22 14:12:34+00:00
1902500,1902500QC.nc,35,-20.931,-2.4499999999999886,2025-02-11 01:41:00.000001024+00:00,-50.28606985959883,PACE_OCI_L2_AOP_PACE_OCI.20250210T134521.L2.OC_AOP.V3_1.nc_3.1,PACE_OCI_L2_AOP_PACE_OCI.20250210T134521.L2.OC_AOP.V3_1.nc_3.1,PACE_OCI.20250210T134521.L2.OC_AOP.V3_1.nc,6.481466040868446,2025-02-10 13:47:50.500000+00:00
1902500,1902500QC.nc,36,-20.996,-2.019999999999982,2025-02-21 03:03:59.999995904+00:00,-39.18042805143892,PACE_OCI_L2_AOP_PACE_OCI.20250221T134310.L2.OC_AOP.V3_1.nc_3.1,PACE_OCI_L2_AOP_PACE_OCI.20250221T134310.L2.OC_AOP.V3_1.nc_3.1,PACE_OCI.20250221T134310.L2.OC_AOP.V3_1.nc,0.8742961387949363,2025-02-21 13:45:40+00:00
1902500,1902500QC.nc,37,-21.117,-1.3410000000000082,2025-03-03 05:18:59.999995904+00:00,-10.994988462909983,PACE_OCI_L2_AOP_PACE_OCI.20250302T140800.L2.OC_AOP.V3_1.nc_3.1,PACE_OCI_L2_AOP_PACE_OCI.20250302T140800.L2.OC_AOP.V3_1.nc_3.1,PACE_OCI.20250302T140800.L2.OC_AOP.V3_1.nc,0.8661782242482532,2025-03-02 14:10:29.500000+00:00
1902500,1902500QC.nc,39,-20.964,0.205,2025-03-23 08:20:59.999998464+00:00,30.857094304044583,PACE_OCI_L2_AOP_PACE_OCI.20250323T132146.L2.OC_AOP.V3_1.nc_3.1,PACE_OCI_L2_AOP_PACE_OCI.20250323T132146.L2.OC_AOP.V3_1.nc_3.1,PACE_OCI.20250323T132146.L2.OC_AOP.V3_1.nc,16.58278722481357,2025-03-23 13:24:15.500000+00:00
1902500,1902500QC.nc,41,-21.325,1.2,2025-04-12 12:20:59.999995392+00:00,59.17760219392285,"PACE_OCI_L2_AOP_PACE_OCI.20250411T130620.L2.OC_AOP.V3_1.nc_3.1,PACE_OCI_L2_AOP_PACE_OCI.20250412T134144.L2.OC_AOP.V3_1.nc_3.1",PACE_OCI_L2_AOP_PACE_OCI.20250411T130620.L2.OC_AOP.V3_1.nc_3.1,PACE_OCI.20250411T130620.L2.OC_AOP.V3_1.nc,0.2770433613162197,2025-04-11 13:08:49.500000+00:00
1902500,1902500QC.nc,45,-22.123,-1.365000000000009,2025-05-22 21:55:00.000004608+00:00,-60.40932882962935,PACE_OCI_L2_AOP_PACE_OCI.20250522T123452.L2.OC_AOP.V3_1.nc_3.1,PACE_OCI_L2_AOP_PACE_OCI.20250522T123452.L2.OC_AOP.V3_1.nc_3.1,PACE_OCI.20250522T123452.L2.OC_AOP.V3_1.nc,10.077551675094151,2025-05-22 12:37:21.500000+00:00
1902500,1902500QC.nc,46,-22.194,-1.994000000000028,2025-06-02 00:27:00.000004096+00:00,-85.12003738918982,"PACE_OCI_L2_AOP_PACE_OCI.20250602T122945.L2.OC_AOP.V3_1.nc_3.1,PACE_OCI_L2_AOP_PACE_OCI.20250602T140806.L2.OC_AOP.V3_1.nc_3.1",PACE_OCI_L2_AOP_PACE_OCI.20250602T122945.L2.OC_AOP.V3_1.nc_3.1,PACE_OCI.20250602T122945.L2.OC_AOP.V3_1.nc,49.63538065632745,2025-06-02 12:32:14.500000+00:00
1902501,1902501QC.nc,29,-5.771,-91.09300000000002,2025-03-09 07:38:00.000001536+00:00,-66.89602039990332,PACE_OCI_L2_AOP_PACE_OCI.20250308T191928.L2.OC_AOP.V3_1.nc_3.1,PACE_OCI_L2_AOP_PACE_OCI.20250308T191928.L2.OC_AOP.V3_1.nc_3.1,PACE_OCI.20250308T191928.L2.OC_AOP.V3_1.nc,116.48144599096085,2025-03-08 19:21:57.500000+00:00
1902501,1902501QC.nc,37,-6.087,-93.04000000000002,2025-05-29 02:25:00.000004608+00:00,-33.65833148379608,PACE_OCI_L2_AOP_PACE_OCI.20250529T200343.L2.OC_AOP.V3_1.nc_3.1,PACE_OCI_L2_AOP_PACE_OCI.20250529T200343.L2.OC_AOP.V3_1.nc_3.1,PACE_OCI.20250529T200343.L2.OC_AOP.V3_1.nc,8.414780766657005,2025-05-29 20:06:12.500000+00:00
1902644,1902644QC.nc,16,-19.268,-73.40699999999998,2024-05-31 18:16:59.999999488+00:00,43.696000671165045,PACE_OCI_L2_AOP_PACE_OCI.20240531T174054.L2.OC_AOP.V3_1.nc_3.1,PACE_OCI_L2_AOP_PACE_OCI.20240531T174054.L2.OC_AOP.V3_1.nc_3.1,PACE_OCI.20240531T174054.L2.OC_AOP.V3_1.nc,123.03096272186185,2024-05-31 17:43:23.500000+00:00
1902644,1902644QC.nc,17,-19.081,-73.20800000000003,2024-06-11 01:24:59.999997952+00:00,-41.68318890550352,PACE_OCI_L2_AOP_PACE_OCI.20240611T173009.L2.OC_AOP.V3_1.nc_3.1,PACE_OCI_L2_AOP_PACE_OCI.20240611T173009.L2.OC_AOP.V3_1.nc_3.1,PACE_OCI.20240611T173009.L2.OC_AOP.V3_1.nc,82.53904023599817,2024-06-11 17:32:38.500000+00:00
1902644,1902644QC.nc,19,-18.961,-72.86900000000003,2024-07-01 14:48:59.999998976+00:00,37.89689661558592,PACE_OCI_L2_AOP_PACE_OCI.20240701T173612.L2.OC_AOP.V3_1.nc_3.1,PACE_OCI_L2_AOP_PACE_OCI.20240701T173612.L2.OC_AOP.V3_1.nc_3.1,PACE_OCI.20240701T173612.L2.OC_AOP.V3_1.nc,43.948099237728954,2024-07-01 17:38:42+00:00
1902644,1902644QC.nc,23,-19.506,-72.04000000000002,2024-08-11 16:35:59.999998464+00:00,55.27233822853415,PACE_OCI_L2_AOP_PACE_OCI.20240811T181815.L2.OC_AOP.V3_1.nc_3.1,PACE_OCI_L2_AOP_PACE_OCI.20240811T181815.L2.OC_AOP.V3_1.nc_3.1,PACE_OCI.20240811T181815.L2.OC_AOP.V3_1.nc,204.6815420299962,2024-08-11 18:20:44.500000+00:00
1902644,1902644QC.nc,32,-18.245,-71.714,2024-11-11 20:01:00+00:00,40.24383606143618,PACE_OCI_L2_AOP_PACE_OCI.20241112T173329.L2.OC_AOP.V3_1.nc_3.1,PACE_OCI_L2_AOP_PACE_OCI.20241112T173329.L2.OC_AOP.V3_1.nc_3.1,PACE_OCI.20241112T173329.L2.OC_AOP.V3_1.nc,36.430996627054,2024-11-12 17:35:58.500000+00:00
1902644,1902644QC.nc,36,-19.089,-72.827,2024-12-22 19:18:00.000002560+00:00,55.39873586745912,PACE_OCI_L2_AOP_PACE_OCI.20241222T173134.L2.OC_AOP.V3_1.nc_3.1,PACE_OCI_L2_AOP_PACE_OCI.20241222T173134.L2.OC_AOP.V3_1.nc_3.1,PACE_OCI.20241222T173134.L2.OC_AOP.V3_1.nc,196.70999050655456,2024-12-22 17:34:03.500000+00:00
1902644,1902644QC.nc,40,-19.264,-71.697,2025-02-01 21:47:59.999999488+00:00,22.13749358326687,PACE_OCI_L2_AOP_PACE_OCI.20250202T171508.L2.OC_AOP.V3_1.nc_3.1,PACE_OCI_L2_AOP_PACE_OCI.20250202T171508.L2.OC_AOP.V3_1.nc_3.1,PACE_OCI.20250202T171508.L2.OC_AOP.V3_1.nc,2.396781262705996,2025-02-02 17:17:37.500000+00:00
1902652,1902652QC.nc,0,12.467,-111.892,2025-03-17 09:56:00.000001024+00:00,-53.47693797534574,PACE_OCI_L2_AOP_PACE_OCI.20250317T194900.L2.OC_AOP.V3_1.nc_3.1,PACE_OCI_L2_AOP_PACE_OCI.20250317T194900.L2.OC_AOP.V3_1.nc_3.1,PACE_OCI.20250317T194900.L2.OC_AOP.V3_1.nc,6.2043311883576635,2025-03-17 19:51:29.500000+00:00
1902652,1902652QC.nc,1,11.773,-111.519,2025-03-27 16:50:59.999995392+00:00,49.35100677332293,PACE_OCI_L2_AOP_PACE_OCI.20250326T201312.L2.OC_AOP.V3_1.nc_3.1,PACE_OCI_L2_AOP_PACE_OCI.20250326T201312.L2.OC_AOP.V3_1.nc_3.1,PACE_OCI.20250326T201312.L2.OC_AOP.V3_1.nc,3.3068725006780824,2025-03-26 20:15:41.500000+00:00
1902652,1902652QC.nc,3,11.763,-111.891,2025-04-17 07:27:00.000000512+00:00,-67.64091469337625,PACE_OCI_L2_AOP_PACE_OCI.20250416T192958.L2.OC_AOP.V3_1.nc_3.1,PACE_OCI_L2_AOP_PACE_OCI.20250416T192958.L2.OC_AOP.V3_1.nc_3.1,PACE_OCI.20250416T192958.L2.OC_AOP.V3_1.nc,155.08120414493874,2025-04-16 19:32:27.500000+00:00
1902652,1902652QC.nc,6,12.02,-112.051,2025-05-18 07:13:59.999996928+00:00,-58.248403520098165,PACE_OCI_L2_AOP_PACE_OCI.20250517T193822.L2.OC_AOP.V3_1.nc_3.1,PACE_OCI_L2_AOP_PACE_OCI.20250517T193822.L2.OC_AOP.V3_1.nc_3.1,PACE_OCI.20250517T193822.L2.OC_AOP.V3_1.nc,15.559904714320504,2025-05-17 19:40:51.500000+00:00
1902722,1902722QC.nc,0,-22.123,-34.65499999999997,2025-02-22 21:41:00.000004096+00:00,-11.91604852607474,PACE_OCI_L2_AOP_PACE_OCI.20250223T145418.L2.OC_AOP.V3_1.nc_3.1,PACE_OCI_L2_AOP_PACE_OCI.20250223T145418.L2.OC_AOP.V3_1.nc_3.1,PACE_OCI.20250223T145418.L2.OC_AOP.V3_1.nc,0.8425786962048151,2025-02-23 14:56:47.500000+00:00
1902722,1902722QC.nc,2,-22.209,-34.47500000000002,2025-03-14 22:19:59.999995392+00:00,-25.10544899761565,PACE_OCI_L2_AOP_PACE_OCI.20250314T144046.L2.OC_AOP.V3_1.nc_3.1,PACE_OCI_L2_AOP_PACE_OCI.20250314T144046.L2.OC_AOP.V3_1.nc_3.1,PACE_OCI.20250314T144046.L2.OC_AOP.V3_1.nc,43.94426702051013,2025-03-14 14:43:16+00:00
1902742,1902742QC.nc,1,28.721,-74.447,2025-03-01 15:58:00.000003584+00:00,50.012658826616565,PACE_OCI_L2_AOP_PACE_OCI.20250228T180201.L2.OC_AOP.V3_1.nc_3.1,PACE_OCI_L2_AOP_PACE_OCI.20250228T180201.L2.OC_AOP.V3_1.nc_3.1,PACE_OCI.20250228T180201.L2.OC_AOP.V3_1.nc,4.133963654622512,2025-02-28 18:04:31+00:00
1902742,1902742QC.nc,2,28.784,-74.40499999999997,2025-03-11 22:24:00.000001536+00:00,7.962452441817757,"PACE_OCI_L2_AOP_PACE_OCI.20250311T175919.L2.OC_AOP.V3_1.nc_3.1,PACE_OCI_L2_AOP_PACE_OCI.20250312T165628.L2.OC_AOP.V3_1.nc_3.1",PACE_OCI_L2_AOP_PACE_OCI.20250312T165628.L2.OC_AOP.V3_1.nc_3.1,PACE_OCI.20250312T165628.L2.OC_AOP.V3_1.nc,3.2556668100913657,2025-03-12 16:58:57.500000+00:00
1902742,1902742QC.nc,3,28.796,-74.67500000000001,2025-03-22 04:19:59.999995392+00:00,-58.54599578658628,PACE_OCI_L2_AOP_PACE_OCI.20250322T175622.L2.OC_AOP.V3_1.nc_3.1,PACE_OCI_L2_AOP_PACE_OCI.20250322T175622.L2.OC_AOP.V3_1.nc_3.1,PACE_OCI.20250322T175622.L2.OC_AOP.V3_1.nc,0.7336906106233498,2025-03-22 17:58:51.500000+00:00
1902742,1902742QC.nc,5,28.726,-75.76400000000001,2025-04-11 16:32:00.000003072+00:00,68.50647872640799,PACE_OCI_L2_AOP_PACE_OCI.20250411T181125.L2.OC_AOP.V3_1.nc_3.1,PACE_OCI_L2_AOP_PACE_OCI.20250411T181125.L2.OC_AOP.V3_1.nc_3.1,PACE_OCI.20250411T181125.L2.OC_AOP.V3_1.nc,1.2270096863709057,2025-04-11 18:13:54.500000+00:00
1902742,1902742QC.nc,7,28.266,-75.822,2025-05-02 04:38:00.000001536+00:00,-45.958179403162,"PACE_OCI_L2_AOP_PACE_OCI.20250501T165149.L2.OC_AOP.V3_1.nc_3.1,PACE_OCI_L2_AOP_PACE_OCI.20250502T172709.L2.OC_AOP.V3_1.nc_3.1",PACE_OCI_L2_AOP_PACE_OCI.20250502T172709.L2.OC_AOP.V3_1.nc_3.1,PACE_OCI.20250502T172709.L2.OC_AOP.V3_1.nc,0.4612171563933037,2025-05-02 17:29:38.500000+00:00
1902742,1902742QC.nc,10,26.289,-76.63600000000002,2025-06-01 23:39:00.000004608+00:00,2.6965169767178705,PACE_OCI_L2_AOP_PACE_OCI.20250601T184253.L2.OC_AOP.V3_1.nc_3.1,PACE_OCI_L2_AOP_PACE_OCI.20250601T184253.L2.OC_AOP.V3_1.nc_3.1,PACE_OCI.20250601T184253.L2.OC_AOP.V3_1.nc,261.37472645835237,2025-06-01 18:45:22.500000+00:00
1902742,1902742QC.nc,12,24.252,-74.86099999999999,2025-06-22 11:57:00.000000512+00:00,21.38425590657864,PACE_OCI_L2_AOP_PACE_OCI.20250621T172107.L2.OC_AOP.V3_1.nc_3.1,PACE_OCI_L2_AOP_PACE_OCI.20250621T172107.L2.OC_AOP.V3_1.nc_3.1,PACE_OCI.20250621T172107.L2.OC_AOP.V3_1.nc,7.7839260298750705,2025-06-21 17:23:36.500000+00:00
2903439,2903439QC.nc,0,-35.654,-108.048,2024-10-22 00:19:00.000002560+00:00,14.123030175357904,PACE_OCI_L2_AOP_PACE_OCI.20241021T211851.L2.OC_AOP.V3_1.nc_3.1,PACE_OCI_L2_AOP_PACE_OCI.20241021T211851.L2.OC_AOP.V3_1.nc_3.1,PACE_OCI.20241021T211851.L2.OC_AOP.V3_1.nc,268.22647704805223,2024-10-21 21:21:20.500000+00:00
2903439,2903439QC.nc,15,-34.917,-109.831,2025-03-22 08:20:59.999998464+00:00,-53.54178630786411,PACE_OCI_L2_AOP_PACE_OCI.20250321T202237.L2.OC_AOP.V3_1.nc_3.1,PACE_OCI_L2_AOP_PACE_OCI.20250321T202237.L2.OC_AOP.V3_1.nc_3.1,PACE_OCI.20250321T202237.L2.OC_AOP.V3_1.nc,3.1244742453873218,2025-03-21 20:25:06.500000+00:00
2903440,2903440QC.nc,8,-37.658,-99.29000000000002,2025-01-12 04:24:00.000001536+00:00,-22.04742400441779,PACE_OCI_L2_AOP_PACE_OCI.20250111T191627.L2.OC_AOP.V3_1.nc_3.1,PACE_OCI_L2_AOP_PACE_OCI.20250111T191627.L2.OC_AOP.V3_1.nc_3.1,PACE_OCI.20250111T191627.L2.OC_AOP.V3_1.nc,183.81214042136006,2025-01-11 19:18:57+00:00
2903440,2903440QC.nc,9,-37.685,-99.46499999999996,2025-01-22 06:14:59.999996416+00:00,-32.13935909423605,PACE_OCI_L2_AOP_PACE_OCI.20250122T190501.L2.OC_AOP.V3_1.nc_3.1,PACE_OCI_L2_AOP_PACE_OCI.20250122T190501.L2.OC_AOP.V3_1.nc_3.1,PACE_OCI.20250122T190501.L2.OC_AOP.V3_1.nc,277.25335494285133,2025-01-22 19:07:30.500000+00:00
2903441,2903441QC.nc,13,-39.538,-88.68299999999999,2025-03-05 03:31:59.999996416+00:00,-32.24600639288196,PACE_OCI_L2_AOP_PACE_OCI.20250304T183045.L2.OC_AOP.V3_1.nc_3.1,PACE_OCI_L2_AOP_PACE_OCI.20250304T183045.L2.OC_AOP.V3_1.nc_3.1,PACE_OCI.20250304T183045.L2.OC_AOP.V3_1.nc,262.915170499665,2025-03-04 18:33:14.500000+00:00
2903442,2903442QC.nc,5,-40.541,-78.88600000000002,2024-12-15 14:01:00+00:00,46.80866878758577,PACE_OCI_L2_AOP_PACE_OCI.20241214T174828.L2.OC_AOP.V3_1.nc_3.1,PACE_OCI_L2_AOP_PACE_OCI.20241214T174828.L2.OC_AOP.V3_1.nc_3.1,PACE_OCI.20241214T174828.L2.OC_AOP.V3_1.nc,37.475083891354174,2024-12-14 17:50:57.500000+00:00
2903442,2903442QC.nc,6,-40.541,-78.69999999999999,2024-12-25 15:47:59.999999488+00:00,64.91088672983845,PACE_OCI_L2_AOP_PACE_OCI.20241225T173732.L2.OC_AOP.V3_1.nc_3.1,PACE_OCI_L2_AOP_PACE_OCI.20241225T173732.L2.OC_AOP.V3_1.nc_3.1,PACE_OCI.20241225T173732.L2.OC_AOP.V3_1.nc,128.23744519752455,2024-12-25 17:40:02+00:00
2903442,2903442QC.nc,8,-40.549,-78.01400000000001,2025-01-14 20:29:00+00:00,45.941278320132525,PACE_OCI_L2_AOP_PACE_OCI.20250114T174354.L2.OC_AOP.V3_1.nc_3.1,PACE_OCI_L2_AOP_PACE_OCI.20250114T174354.L2.OC_AOP.V3_1.nc_3.1,PACE_OCI.20250114T174354.L2.OC_AOP.V3_1.nc,133.24465795013674,2025-01-14 17:46:23.500000+00:00
2903442,2903442QC.nc,10,-40.275,-78.017,2025-02-04 02:06:00.000002048+00:00,-16.918381985085734,PACE_OCI_L2_AOP_PACE_OCI.20250203T174450.L2.OC_AOP.V3_1.nc_3.1,PACE_OCI_L2_AOP_PACE_OCI.20250203T174450.L2.OC_AOP.V3_1.nc_3.1,PACE_OCI.20250203T174450.L2.OC_AOP.V3_1.nc,38.37945554932852,2025-02-03 17:47:19.500000+00:00
2903442,2903442QC.nc,12,-39.957,-78.54899999999998,2025-02-24 06:53:59.999997952+00:00,-36.77339676641207,PACE_OCI_L2_AOP_PACE_OCI.20250223T180602.L2.OC_AOP.V3_1.nc_3.1,PACE_OCI_L2_AOP_PACE_OCI.20250223T180602.L2.OC_AOP.V3_1.nc_3.1,PACE_OCI.20250223T180602.L2.OC_AOP.V3_1.nc,24.21715178998067,2025-02-23 18:08:31.500000+00:00
2903442,2903442QC.nc,15,-40.015,-79.33800000000002,2025-03-26 12:05:00.000002048+00:00,6.601181527880283,PACE_OCI_L2_AOP_PACE_OCI.20250325T174422.L2.OC_AOP.V3_1.nc_3.1,PACE_OCI_L2_AOP_PACE_OCI.20250325T174422.L2.OC_AOP.V3_1.nc_3.1,PACE_OCI.20250325T174422.L2.OC_AOP.V3_1.nc,17.860235793527774,2025-03-25 17:46:52+00:00
2903442,2903442QC.nc,16,-40.122,-79.582,2025-04-05 13:32:59.999999488+00:00,20.13617854811225,PACE_OCI_L2_AOP_PACE_OCI.20250405T174042.L2.OC_AOP.V3_1.nc_3.1,PACE_OCI_L2_AOP_PACE_OCI.20250405T174042.L2.OC_AOP.V3_1.nc_3.1,PACE_OCI.20250405T174042.L2.OC_AOP.V3_1.nc,3.2022212379921102,2025-04-05 17:43:11.500000+00:00
2903451,2903451QC.nc,41,-0.141,148.291,2024-04-20 07:21:00.000002048+00:00,10.976028053287362,PACE_OCI_L2_AOP_PACE_OCI.20240420T035021.L2.OC_AOP.V3_1.nc_3.1,PACE_OCI_L2_AOP_PACE_OCI.20240420T035021.L2.OC_AOP.V3_1.nc_3.1,PACE_OCI.20240420T035021.L2.OC_AOP.V3_1.nc,3.51012865260703,2024-04-20 03:52:50.500000+00:00
2903451,2903451QC.nc,56,0.082,149.869,2024-09-17 12:56:00.000001024+00:00,-75.1685892376874,PACE_OCI_L2_AOP_PACE_OCI.20240918T023437.L2.OC_AOP.V3_1.nc_3.1,PACE_OCI_L2_AOP_PACE_OCI.20240918T023437.L2.OC_AOP.V3_1.nc_3.1,PACE_OCI.20240918T023437.L2.OC_AOP.V3_1.nc,3.0888175552940074,2024-09-18 02:37:07+00:00
2903451,2903451QC.nc,57,0.419,148.914,2024-09-27 13:27:00.000000512+00:00,-82.81279687534196,PACE_OCI_L2_AOP_PACE_OCI.20240928T032736.L2.OC_AOP.V3_1.nc_3.1,PACE_OCI_L2_AOP_PACE_OCI.20240928T032736.L2.OC_AOP.V3_1.nc_3.1,PACE_OCI.20240928T032736.L2.OC_AOP.V3_1.nc,11.760234370716383,2024-09-28 03:30:05.500000+00:00
2903451,2903451QC.nc,60,1.342,146.224,2024-10-27 14:37:59.999998464+00:00,-74.78353181871267,PACE_OCI_L2_AOP_PACE_OCI.20241028T023154.L2.OC_AOP.V3_1.nc_3.1,PACE_OCI_L2_AOP_PACE_OCI.20241028T023154.L2.OC_AOP.V3_1.nc_3.1,PACE_OCI.20241028T023154.L2.OC_AOP.V3_1.nc,2.391921115788435,2024-10-28 02:34:23.500000+00:00
2903451,2903451QC.nc,75,0.909,141.29,2025-03-26 20:03:00.000002560+00:00,-9.268634530541917,PACE_OCI_L2_AOP_PACE_OCI.20250327T024639.L2.OC_AOP.V3_1.nc_3.1,PACE_OCI_L2_AOP_PACE_OCI.20250327T024639.L2.OC_AOP.V3_1.nc_3.1,PACE_OCI.20250327T024639.L2.OC_AOP.V3_1.nc,35.987595446261615,2025-03-27 02:49:09+00:00
2903459,2903459QC.nc,36,-9.778,-93.35000000000002,2024-05-15 02:37:59.999998464+00:00,-38.09690147685912,PACE_OCI_L2_AOP_PACE_OCI.20240515T195659.L2.OC_AOP.V3_1.nc_3.1,PACE_OCI_L2_AOP_PACE_OCI.20240515T195659.L2.OC_AOP.V3_1.nc_3.1,PACE_OCI.20240515T195659.L2.OC_AOP.V3_1.nc,9.554275009793336,2024-05-15 19:59:28.500000+00:00
2903459,2903459QC.nc,38,-10.038,-93.54500000000002,2024-06-04 16:21:00.000002048+00:00,47.48504911611203,PACE_OCI_L2_AOP_PACE_OCI.20240604T200504.L2.OC_AOP.V3_1.nc_3.1,PACE_OCI_L2_AOP_PACE_OCI.20240604T200504.L2.OC_AOP.V3_1.nc_3.1,PACE_OCI.20240604T200504.L2.OC_AOP.V3_1.nc,140.4118785674093,2024-06-04 20:07:33.500000+00:00
2903459,2903459QC.nc,41,-9.63,-93.226,2024-07-05 12:42:59.999996928+00:00,2.338823735681056,PACE_OCI_L2_AOP_PACE_OCI.20240705T195953.L2.OC_AOP.V3_1.nc_3.1,PACE_OCI_L2_AOP_PACE_OCI.20240705T195953.L2.OC_AOP.V3_1.nc_3.1,PACE_OCI.20240705T195953.L2.OC_AOP.V3_1.nc,66.25027665715865,2024-07-05 20:02:22.500000+00:00
2903459,2903459QC.nc,53,-9.652,-94.14100000000002,2024-11-16 06:58:00.000003584+00:00,-58.23851970193894,PACE_OCI_L2_AOP_PACE_OCI.20241116T195523.L2.OC_AOP.V3_1.nc_3.1,PACE_OCI_L2_AOP_PACE_OCI.20241116T195523.L2.OC_AOP.V3_1.nc_3.1,PACE_OCI.20241116T195523.L2.OC_AOP.V3_1.nc,30.015957305987687,2024-11-16 19:57:52.500000+00:00
2903459,2903459QC.nc,54,-9.806,-93.856,2024-11-26 14:12:59.999996928+00:00,33.78805163307072,PACE_OCI_L2_AOP_PACE_OCI.20241125T200826.L2.OC_AOP.V3_1.nc_3.1,PACE_OCI_L2_AOP_PACE_OCI.20241125T200826.L2.OC_AOP.V3_1.nc_3.1,PACE_OCI.20241125T200826.L2.OC_AOP.V3_1.nc,6.77058638681772,2024-11-25 20:10:55.500000+00:00
2903459,2903459QC.nc,60,-9.674,-93.01799999999996,2025-01-27 09:02:00.000003072+00:00,-42.15301356030368,PACE_OCI_L2_AOP_PACE_OCI.20250126T195033.L2.OC_AOP.V3_1.nc_3.1,PACE_OCI_L2_AOP_PACE_OCI.20250126T195033.L2.OC_AOP.V3_1.nc_3.1,PACE_OCI.20250126T195033.L2.OC_AOP.V3_1.nc,1.805754835830193,2025-01-26 19:53:02.500000+00:00
2903459,2903459QC.nc,64,-10.461,-91.92700000000002,2025-03-09 12:41:00.000004096+00:00,6.52120322663634,"PACE_OCI_L2_AOP_PACE_OCI.20250308T191928.L2.OC_AOP.V3_1.nc_3.1,PACE_OCI_L2_AOP_PACE_OCI.20250309T195459.L2.OC_AOP.V3_1.nc_3.1",PACE_OCI_L2_AOP_PACE_OCI.20250308T191928.L2.OC_AOP.V3_1.nc_3.1,PACE_OCI.20250308T191928.L2.OC_AOP.V3_1.nc,0.5335387324839392,2025-03-08 19:21:57.500000+00:00
2903459,2903459QC.nc,69,-10.066,-91.74,2025-04-30 00:19:00.000002560+00:00,-6.098550681113504,PACE_OCI_L2_AOP_PACE_OCI.20250430T192312.L2.OC_AOP.V3_1.nc_3.1,PACE_OCI_L2_AOP_PACE_OCI.20250430T192312.L2.OC_AOP.V3_1.nc_3.1,PACE_OCI.20250430T192312.L2.OC_AOP.V3_1.nc,1.0412612825002647,2025-04-30 19:25:41.500000+00:00
2903459,2903459QC.nc,71,-10.629,-91.65499999999996,2025-05-20 14:26:59.999997440+00:00,28.624482633166807,PACE_OCI_L2_AOP_PACE_OCI.20250520T194100.L2.OC_AOP.V3_1.nc_3.1,PACE_OCI_L2_AOP_PACE_OCI.20250520T194100.L2.OC_AOP.V3_1.nc_3.1,PACE_OCI.20250520T194100.L2.OC_AOP.V3_1.nc,19.609785148940748,2025-05-20 19:43:29.500000+00:00
2903459,2903459QC.nc,73,-10.861,-91.272,2025-06-10 04:49:59.999998976+00:00,-68.46392328418831,PACE_OCI_L2_AOP_PACE_OCI.20250609T195321.L2.OC_AOP.V3_1.nc_3.1,PACE_OCI_L2_AOP_PACE_OCI.20250609T195321.L2.OC_AOP.V3_1.nc_3.1,PACE_OCI.20250609T195321.L2.OC_AOP.V3_1.nc,559.4164356075541,2025-06-09 19:55:50.500000+00:00
2903461,2903461QC.nc,30,-2.993,-98.68099999999998,2024-04-02 18:38:00.000005120+00:00,81.6796374008032,"PACE_OCI_L2_AOP_PACE_OCI.20240401T185808.L2.OC_AOP.V3_1.nc_3.1,PACE_OCI_L2_AOP_PACE_OCI.20240402T193311.L2.OC_AOP.V3_1.nc_3.1",PACE_OCI_L2_AOP_PACE_OCI.20240402T193311.L2.OC_AOP.V3_1.nc_3.1,PACE_OCI.20240402T193311.L2.OC_AOP.V3_1.nc,0.6921712129036512,2024-04-02 19:35:40.500000+00:00
2903461,2903461QC.nc,32,-3.137,-99.05200000000002,2024-04-23 08:54:59.999997952+00:00,-53.94266901631072,PACE_OCI_L2_AOP_PACE_OCI.20240422T194518.L2.OC_AOP.V3_1.nc_3.1,PACE_OCI_L2_AOP_PACE_OCI.20240422T194518.L2.OC_AOP.V3_1.nc_3.1,PACE_OCI.20240422T194518.L2.OC_AOP.V3_1.nc,6.043456665266645,2024-04-22 19:47:47.500000+00:00
2903461,2903461QC.nc,37,-3.058,-100.29500000000002,2024-06-13 19:10:59.999997440+00:00,62.71371768733594,PACE_OCI_L2_AOP_PACE_OCI.20240613T202258.L2.OC_AOP.V3_1.nc_3.1,PACE_OCI_L2_AOP_PACE_OCI.20240613T202258.L2.OC_AOP.V3_1.nc_3.1,PACE_OCI.20240613T202258.L2.OC_AOP.V3_1.nc,1.921015259163932,2024-06-13 20:25:28+00:00
2903461,2903461QC.nc,39,-3.08,-101.16500000000002,2024-07-04 09:39:59.999997952+00:00,-44.19930944265547,PACE_OCI_L2_AOP_PACE_OCI.20240703T202852.L2.OC_AOP.V3_1.nc_3.1,PACE_OCI_L2_AOP_PACE_OCI.20240703T202852.L2.OC_AOP.V3_1.nc_3.1,PACE_OCI.20240703T202852.L2.OC_AOP.V3_1.nc,14.033717775474084,2024-07-03 20:31:21.500000+00:00
2903461,2903461QC.nc,51,-2.734,-104.349,2024-11-15 01:07:59.999998464+00:00,-5.294819364774454,PACE_OCI_L2_AOP_PACE_OCI.20241114T202513.L2.OC_AOP.V3_1.nc_3.1,PACE_OCI_L2_AOP_PACE_OCI.20241114T202513.L2.OC_AOP.V3_1.nc_3.1,PACE_OCI.20241114T202513.L2.OC_AOP.V3_1.nc,1.1359476508682151,2024-11-14 20:27:42.500000+00:00
2903461,2903461QC.nc,52,-2.353,-104.369,2024-11-25 08:09:00.000001536+00:00,-58.90276978505011,PACE_OCI_L2_AOP_PACE_OCI.20241125T200826.L2.OC_AOP.V3_1.nc_3.1,PACE_OCI_L2_AOP_PACE_OCI.20241125T200826.L2.OC_AOP.V3_1.nc_3.1,PACE_OCI.20241125T200826.L2.OC_AOP.V3_1.nc,4.12092694035556,2024-11-25 20:10:55.500000+00:00
2903461,2903461QC.nc,56,-2.401,-103.959,2025-01-05 11:23:59.999997952+00:00,-21.34959068217916,PACE_OCI_L2_AOP_PACE_OCI.20250104T201321.L2.OC_AOP.V3_1.nc_3.1,PACE_OCI_L2_AOP_PACE_OCI.20250104T201321.L2.OC_AOP.V3_1.nc_3.1,PACE_OCI.20250104T201321.L2.OC_AOP.V3_1.nc,2.311661094851739,2025-01-04 20:15:50.500000+00:00
2903461,2903461QC.nc,57,-2.532,-104.239,2025-01-15 18:33:59.999998976+00:00,69.93894921765461,PACE_OCI_L2_AOP_PACE_OCI.20250115T200156.L2.OC_AOP.V3_1.nc_3.1,PACE_OCI_L2_AOP_PACE_OCI.20250115T200156.L2.OC_AOP.V3_1.nc_3.1,PACE_OCI.20250115T200156.L2.OC_AOP.V3_1.nc,50.29969592100503,2025-01-15 20:04:25.500000+00:00
2903461,2903461QC.nc,58,-2.771,-104.281,2025-01-26 01:13:59.999996928+00:00,0.335371889442106,PACE_OCI_L2_AOP_PACE_OCI.20250126T195033.L2.OC_AOP.V3_1.nc_3.1,PACE_OCI_L2_AOP_PACE_OCI.20250126T195033.L2.OC_AOP.V3_1.nc_3.1,PACE_OCI.20250126T195033.L2.OC_AOP.V3_1.nc,0.04357582417569828,2025-01-26 19:53:02.500000+00:00
2903461,2903461QC.nc,65,-3.577,-108.831,2025-04-28 18:00:00+00:00,64.55778385305014,PACE_OCI_L2_AOP_PACE_OCI.20250427T205356.L2.OC_AOP.V3_1.nc_3.1,PACE_OCI_L2_AOP_PACE_OCI.20250427T205356.L2.OC_AOP.V3_1.nc_3.1,PACE_OCI.20250427T205356.L2.OC_AOP.V3_1.nc,53.31757287382331,2025-04-27 20:56:25.500000+00:00
2903461,2903461QC.nc,67,-4.116,-109.106,2025-05-19 07:26:00.000004096+00:00,-73.95122539182368,"PACE_OCI_L2_AOP_PACE_OCI.20250518T200841.L2.OC_AOP.V3_1.nc_3.1,PACE_OCI_L2_AOP_PACE_OCI.20250519T204402.L2.OC_AOP.V3_1.nc_3.1",PACE_OCI_L2_AOP_PACE_OCI.20250519T204402.L2.OC_AOP.V3_1.nc_3.1,PACE_OCI.20250519T204402.L2.OC_AOP.V3_1.nc,7.674300874740307,2025-05-19 20:46:31.500000+00:00
2903461,2903461QC.nc,68,-3.964,-109.108,2025-05-29 14:25:00.000004608+00:00,14.980411031711627,"PACE_OCI_L2_AOP_PACE_OCI.20250528T210646.L2.OC_AOP.V3_1.nc_3.1,PACE_OCI_L2_AOP_PACE_OCI.20250529T200343.L2.OC_AOP.V3_1.nc_3.1",PACE_OCI_L2_AOP_PACE_OCI.20250529T200343.L2.OC_AOP.V3_1.nc_3.1,PACE_OCI.20250529T200343.L2.OC_AOP.V3_1.nc,1.0857512009543324,2025-05-29 20:06:12.500000+00:00
2903461,2903461QC.nc,70,-3.586,-109.915,2025-06-19 03:50:00.000002048+00:00,-35.40012196472696,PACE_OCI_L2_AOP_PACE_OCI.20250619T205543.L2.OC_AOP.V3_1.nc_3.1,PACE_OCI_L2_AOP_PACE_OCI.20250619T205543.L2.OC_AOP.V3_1.nc_3.1,PACE_OCI.20250619T205543.L2.OC_AOP.V3_1.nc,34.27752902605296,2025-06-19 20:58:12.500000+00:00
2903462,2903462QC.nc,31,0.81,-97.64800000000002,2024-04-01 01:38:00.000001536+00:00,-15.782634689793772,PACE_OCI_L2_AOP_PACE_OCI.20240401T185808.L2.OC_AOP.V3_1.nc_3.1,PACE_OCI_L2_AOP_PACE_OCI.20240401T185808.L2.OC_AOP.V3_1.nc_3.1,PACE_OCI.20240401T185808.L2.OC_AOP.V3_1.nc,26.29334121606088,2024-04-01 19:00:38+00:00
2903462,2903462QC.nc,32,0.868,-98.29399999999998,2024-04-11 01:29:00.000003584+00:00,-13.428455432195635,"PACE_OCI_L2_AOP_PACE_OCI.20240410T191830.L2.OC_AOP.V3_1.nc_3.1,PACE_OCI_L2_AOP_PACE_OCI.20240411T195333.L2.OC_AOP.V3_1.nc_3.1",PACE_OCI_L2_AOP_PACE_OCI.20240410T191830.L2.OC_AOP.V3_1.nc_3.1,PACE_OCI.20240410T191830.L2.OC_AOP.V3_1.nc,0.2533559086352685,2024-04-10 19:20:59.500000+00:00
2903462,2903462QC.nc,36,0.375,-102.41199999999998,2024-05-21 03:11:00.000001024+00:00,-33.483790091716074,PACE_OCI_L2_AOP_PACE_OCI.20240521T200935.L2.OC_AOP.V3_1.nc_3.1,PACE_OCI_L2_AOP_PACE_OCI.20240521T200935.L2.OC_AOP.V3_1.nc_3.1,PACE_OCI.20240521T200935.L2.OC_AOP.V3_1.nc,0.3996427162349515,2024-05-21 20:12:04.500000+00:00
2903462,2903462QC.nc,37,0.656,-103.303,2024-05-31 04:26:00.000004096+00:00,-48.05235969202176,PACE_OCI_L2_AOP_PACE_OCI.20240530T202745.L2.OC_AOP.V3_1.nc_3.1,PACE_OCI_L2_AOP_PACE_OCI.20240530T202745.L2.OC_AOP.V3_1.nc_3.1,PACE_OCI.20240530T202745.L2.OC_AOP.V3_1.nc,30.415709714062096,2024-05-30 20:30:14.500000+00:00
2903462,2903462QC.nc,38,0.913,-104.103,2024-06-10 04:52:59.999998464+00:00,-51.69333509160515,PACE_OCI_L2_AOP_PACE_OCI.20240610T201702.L2.OC_AOP.V3_1.nc_3.1,PACE_OCI_L2_AOP_PACE_OCI.20240610T201702.L2.OC_AOP.V3_1.nc_3.1,PACE_OCI.20240610T201702.L2.OC_AOP.V3_1.nc,0.44131580567004947,2024-06-10 20:19:31.500000+00:00
2903462,2903462QC.nc,43,-0.443,-106.701,2024-07-30 05:29:00+00:00,-58.75517886954734,PACE_OCI_L2_AOP_PACE_OCI.20240729T204400.L2.OC_AOP.V3_1.nc_3.1,PACE_OCI_L2_AOP_PACE_OCI.20240729T204400.L2.OC_AOP.V3_1.nc_3.1,PACE_OCI.20240729T204400.L2.OC_AOP.V3_1.nc,41.18164978904149,2024-07-29 20:46:29.500000+00:00
2903462,2903462QC.nc,54,1.336,-104.207,2024-11-17 11:26:00.000001024+00:00,-18.328856745228773,"PACE_OCI_L2_AOP_PACE_OCI.20241116T195523.L2.OC_AOP.V3_1.nc_3.1,PACE_OCI_L2_AOP_PACE_OCI.20241117T202937.L2.OC_AOP.V3_1.nc_3.1",PACE_OCI_L2_AOP_PACE_OCI.20241116T195523.L2.OC_AOP.V3_1.nc_3.1,PACE_OCI.20241116T195523.L2.OC_AOP.V3_1.nc,3.7386572114128183,2024-11-16 19:57:52.500000+00:00
2903462,2903462QC.nc,55,1.875,-104.138,2024-11-27 12:05:59.999998464+00:00,-9.59805060485601,"PACE_OCI_L2_AOP_PACE_OCI.20241126T190922.L2.OC_AOP.V3_1.nc_3.1,PACE_OCI_L2_AOP_PACE_OCI.20241127T194335.L2.OC_AOP.V3_1.nc_3.1",PACE_OCI_L2_AOP_PACE_OCI.20241127T194335.L2.OC_AOP.V3_1.nc_3.1,PACE_OCI.20241127T194335.L2.OC_AOP.V3_1.nc,25.991155216993825,2024-11-27 19:46:05+00:00
2903462,2903462QC.nc,57,1.945,-102.959,2024-12-17 13:35:00.000002048+00:00,10.033999545115304,PACE_OCI_L2_AOP_PACE_OCI.20241216T190800.L2.OC_AOP.V3_1.nc_3.1,PACE_OCI_L2_AOP_PACE_OCI.20241216T190800.L2.OC_AOP.V3_1.nc_3.1,PACE_OCI.20241216T190800.L2.OC_AOP.V3_1.nc,5.73976496869335,2024-12-16 19:10:29.500000+00:00
2903462,2903462QC.nc,58,1.536,-102.634,2024-12-27 13:49:59.999998976+00:00,12.779948849521675,"PACE_OCI_L2_AOP_PACE_OCI.20241226T200036.L2.OC_AOP.V3_1.nc_3.1,PACE_OCI_L2_AOP_PACE_OCI.20241227T203021.L2.OC_AOP.V3_1.nc_3.1",PACE_OCI_L2_AOP_PACE_OCI.20241226T200036.L2.OC_AOP.V3_1.nc_3.1,PACE_OCI.20241226T200036.L2.OC_AOP.V3_1.nc,36.380129293061735,2024-12-26 20:03:05.500000+00:00
2903462,2903462QC.nc,60,0.663,-102.25,2025-01-16 14:56:00.000004096+00:00,26.979682817725063,PACE_OCI_L2_AOP_PACE_OCI.20250115T200156.L2.OC_AOP.V3_1.nc_3.1,PACE_OCI_L2_AOP_PACE_OCI.20250115T200156.L2.OC_AOP.V3_1.nc_3.1,PACE_OCI.20250115T200156.L2.OC_AOP.V3_1.nc,26.186086121374824,2025-01-15 20:04:25.500000+00:00
2903462,2903462QC.nc,61,1.266,-102.356,2025-01-26 15:47:59.999999488+00:00,38.41567776177587,PACE_OCI_L2_AOP_PACE_OCI.20250126T195033.L2.OC_AOP.V3_1.nc_3.1,PACE_OCI_L2_AOP_PACE_OCI.20250126T195033.L2.OC_AOP.V3_1.nc_3.1,PACE_OCI.20250126T195033.L2.OC_AOP.V3_1.nc,15.049437474152132,2025-01-26 19:53:02.500000+00:00
2903462,2903462QC.nc,66,0.872,-102.08499999999998,2025-03-17 19:46:59.999999488+00:00,77.2287338656607,PACE_OCI_L2_AOP_PACE_OCI.20250317T194900.L2.OC_AOP.V3_1.nc_3.1,PACE_OCI_L2_AOP_PACE_OCI.20250317T194900.L2.OC_AOP.V3_1.nc_3.1,PACE_OCI.20250317T194900.L2.OC_AOP.V3_1.nc,3.4831384425392966,2025-03-17 19:51:29.500000+00:00
2903462,2903462QC.nc,72,1.374,-101.88099999999996,2025-05-27 00:22:00.000001536+00:00,5.907383219992428,PACE_OCI_L2_AOP_PACE_OCI.20250527T203128.L2.OC_AOP.V3_1.nc_3.1,PACE_OCI_L2_AOP_PACE_OCI.20250527T203128.L2.OC_AOP.V3_1.nc_3.1,PACE_OCI.20250527T203128.L2.OC_AOP.V3_1.nc,4.462258605278468,2025-05-27 20:33:57.500000+00:00
2903462,2903462QC.nc,74,1.419,-102.09699999999998,2025-06-16 03:14:59.999996416+00:00,-32.41069251503204,PACE_OCI_L2_AOP_PACE_OCI.20250615T201311.L2.OC_AOP.V3_1.nc_3.1,PACE_OCI_L2_AOP_PACE_OCI.20250615T201311.L2.OC_AOP.V3_1.nc_3.1,PACE_OCI.20250615T201311.L2.OC_AOP.V3_1.nc,25.968904436136075,2025-06-15 20:15:40.500000+00:00
2903463,2903463QC.nc,31,4.121,-97.753,2024-04-02 20:03:59.999998976+00:00,67.62020056901166,PACE_OCI_L2_AOP_PACE_OCI.20240402T193311.L2.OC_AOP.V3_1.nc_3.1,PACE_OCI_L2_AOP_PACE_OCI.20240402T193311.L2.OC_AOP.V3_1.nc_3.1,PACE_OCI.20240402T193311.L2.OC_AOP.V3_1.nc,0.6258326879615237,2024-04-02 19:35:40.500000+00:00
2903463,2903463QC.nc,33,4.41,-97.05599999999998,2024-04-22 23:31:00.000003072+00:00,14.545973786173324,PACE_OCI_L2_AOP_PACE_OCI.20240422T194518.L2.OC_AOP.V3_1.nc_3.1,PACE_OCI_L2_AOP_PACE_OCI.20240422T194518.L2.OC_AOP.V3_1.nc_3.1,PACE_OCI.20240422T194518.L2.OC_AOP.V3_1.nc,7.0981659459265325,2024-04-22 19:47:47.500000+00:00
2903463,2903463QC.nc,37,3.505,-97.37900000000002,2024-06-02 03:33:00.000002560+00:00,-40.21254129966963,PACE_OCI_L2_AOP_PACE_OCI.20240601T195901.L2.OC_AOP.V3_1.nc_3.1,PACE_OCI_L2_AOP_PACE_OCI.20240601T195901.L2.OC_AOP.V3_1.nc_3.1,PACE_OCI.20240601T195901.L2.OC_AOP.V3_1.nc,0.8328117432259399,2024-06-01 20:01:30.500000+00:00
2903463,2903463QC.nc,49,2.024,-102.168,2024-09-30 10:24:00.000001536+00:00,-33.67075616289678,PACE_OCI_L2_AOP_PACE_OCI.20240929T201941.L2.OC_AOP.V3_1.nc_3.1,PACE_OCI_L2_AOP_PACE_OCI.20240929T201941.L2.OC_AOP.V3_1.nc_3.1,PACE_OCI.20240929T201941.L2.OC_AOP.V3_1.nc,2.1563763376226754,2024-09-29 20:22:11+00:00
2903463,2903463QC.nc,53,2.841,-103.046,2024-11-09 13:52:59.999998464+00:00,17.513279851432188,PACE_OCI_L2_AOP_PACE_OCI.20241108T201629.L2.OC_AOP.V3_1.nc_3.1,PACE_OCI_L2_AOP_PACE_OCI.20241108T201629.L2.OC_AOP.V3_1.nc_3.1,PACE_OCI.20241108T201629.L2.OC_AOP.V3_1.nc,18.656226704013346,2024-11-08 20:18:59+00:00
2903463,2903463QC.nc,60,2.582,-102.43400000000004,2025-01-18 20:34:59.999998976+00:00,57.36913658823445,PACE_OCI_L2_AOP_PACE_OCI.20250119T190910.L2.OC_AOP.V3_1.nc_3.1,PACE_OCI_L2_AOP_PACE_OCI.20250119T190910.L2.OC_AOP.V3_1.nc_3.1,PACE_OCI.20250119T190910.L2.OC_AOP.V3_1.nc,47.873968031969554,2025-01-19 19:11:39.500000+00:00
2903463,2903463QC.nc,61,3.087,-102.365,2025-01-28 20:54:59.999997952+00:00,55.20157837659139,PACE_OCI_L2_AOP_PACE_OCI.20250129T195618.L2.OC_AOP.V3_1.nc_3.1,PACE_OCI_L2_AOP_PACE_OCI.20250129T195618.L2.OC_AOP.V3_1.nc_3.1,PACE_OCI.20250129T195618.L2.OC_AOP.V3_1.nc,22.262036984504093,2025-01-29 19:58:47.500000+00:00
2903463,2903463QC.nc,62,2.843,-102.26100000000002,2025-02-07 22:24:59.999997952+00:00,36.9808859771752,PACE_OCI_L2_AOP_PACE_OCI.20250207T201534.L2.OC_AOP.V3_1.nc_3.1,PACE_OCI_L2_AOP_PACE_OCI.20250207T201534.L2.OC_AOP.V3_1.nc_3.1,PACE_OCI.20250207T201534.L2.OC_AOP.V3_1.nc,2.6504158869027736,2025-02-07 20:18:03.500000+00:00
2903463,2903463QC.nc,65,3.147,-101.92399999999998,2025-03-10 00:28:00.000000512+00:00,7.351339403070535,"PACE_OCI_L2_AOP_PACE_OCI.20250309T195959.L2.OC_AOP.V3_1.nc_3.1,PACE_OCI_L2_AOP_PACE_OCI.20250310T185710.L2.OC_AOP.V3_1.nc_3.1",PACE_OCI_L2_AOP_PACE_OCI.20250309T195959.L2.OC_AOP.V3_1.nc_3.1,PACE_OCI.20250309T195959.L2.OC_AOP.V3_1.nc,2.756884206081358,2025-03-09 20:02:28.500000+00:00
2903463,2903463QC.nc,66,3.345,-102.14999999999998,2025-03-20 01:40:00.000004608+00:00,-10.976192605148258,PACE_OCI_L2_AOP_PACE_OCI.20250319T192138.L2.OC_AOP.V3_1.nc_3.1,PACE_OCI_L2_AOP_PACE_OCI.20250319T192138.L2.OC_AOP.V3_1.nc_3.1,PACE_OCI.20250319T192138.L2.OC_AOP.V3_1.nc,98.4849533260575,2025-03-19 19:24:07.500000+00:00
2903463,2903463QC.nc,73,3.476,-104.832,2025-05-29 06:16:59.999999488+00:00,-63.04705713010456,PACE_OCI_L2_AOP_PACE_OCI.20250529T200343.L2.OC_AOP.V3_1.nc_3.1,PACE_OCI_L2_AOP_PACE_OCI.20250529T200343.L2.OC_AOP.V3_1.nc_3.1,PACE_OCI.20250529T200343.L2.OC_AOP.V3_1.nc,0.3183788145912092,2025-05-29 20:06:12.500000+00:00
2903463,2903463QC.nc,74,3.396,-105.49,2025-06-08 06:51:59.999994880+00:00,-63.6387890541924,PACE_OCI_L2_AOP_PACE_OCI.20250607T202611.L2.OC_AOP.V3_1.nc_3.1,PACE_OCI_L2_AOP_PACE_OCI.20250607T202611.L2.OC_AOP.V3_1.nc_3.1,PACE_OCI.20250607T202611.L2.OC_AOP.V3_1.nc,0.30024492833924027,2025-06-07 20:28:40.500000+00:00
2903464,2903464QC.nc,48,3.074,82.007,2024-11-05 13:49:59.999998976+00:00,-23.54107466590731,PACE_OCI_L2_AOP_PACE_OCI.20241106T073958.L2.OC_AOP.V3_1.nc_3.1,PACE_OCI_L2_AOP_PACE_OCI.20241106T073958.L2.OC_AOP.V3_1.nc_3.1,PACE_OCI.20241106T073958.L2.OC_AOP.V3_1.nc,0.7391305592449738,2024-11-06 07:42:27.500000+00:00
2903464,2903464QC.nc,53,3.614,80.895,2024-12-27 04:01:00.000003072+00:00,43.34040308802581,PACE_OCI_L2_AOP_PACE_OCI.20241226T065404.L2.OC_AOP.V3_1.nc_3.1,PACE_OCI_L2_AOP_PACE_OCI.20241226T065404.L2.OC_AOP.V3_1.nc_3.1,PACE_OCI.20241226T065404.L2.OC_AOP.V3_1.nc,13.659038562602777,2024-12-26 06:56:34+00:00
2903464,2903464QC.nc,61,3.496,83.353,2025-03-19 14:54:59.999997952+00:00,-35.15397876857024,PACE_OCI_L2_AOP_PACE_OCI.20250319T075304.L2.OC_AOP.V3_1.nc_3.1,PACE_OCI_L2_AOP_PACE_OCI.20250319T075304.L2.OC_AOP.V3_1.nc_3.1,PACE_OCI.20250319T075304.L2.OC_AOP.V3_1.nc,18.806242413566675,2025-03-19 07:55:34+00:00
2903464,2903464QC.nc,65,2.118,82.209,2025-04-29 19:52:00.000001536+00:00,-63.3129287553085,PACE_OCI_L2_AOP_PACE_OCI.20250429T072423.L2.OC_AOP.V3_1.nc_3.1,PACE_OCI_L2_AOP_PACE_OCI.20250429T072423.L2.OC_AOP.V3_1.nc_3.1,PACE_OCI.20250429T072423.L2.OC_AOP.V3_1.nc,0.294662911435913,2025-04-29 07:26:52.500000+00:00
2903465,2903465QC.nc,36,-4.781,86.538,2024-06-04 12:28:00.000000512+00:00,-5.463832915995082,PACE_OCI_L2_AOP_PACE_OCI.20240605T073318.L2.OC_AOP.V3_1.nc_3.1,PACE_OCI_L2_AOP_PACE_OCI.20240605T073318.L2.OC_AOP.V3_1.nc_3.1,PACE_OCI.20240605T073318.L2.OC_AOP.V3_1.nc,89.3968245116853,2024-06-05 07:35:47.500000+00:00
2903465,2903465QC.nc,62,-4.926,89.688,2025-02-20 03:13:00.000003584+00:00,44.62588471865938,PACE_OCI_L2_AOP_PACE_OCI.20250219T074155.L2.OC_AOP.V3_1.nc_3.1,PACE_OCI_L2_AOP_PACE_OCI.20250219T074155.L2.OC_AOP.V3_1.nc_3.1,PACE_OCI.20250219T074155.L2.OC_AOP.V3_1.nc,25.737910308646295,2025-02-19 07:44:24.500000+00:00
2903465,2903465QC.nc,65,-5.087,91.085,2025-03-22 04:26:00.000004096+00:00,65.22426906510945,PACE_OCI_L2_AOP_PACE_OCI.20250321T072041.L2.OC_AOP.V3_1.nc_3.1,PACE_OCI_L2_AOP_PACE_OCI.20250321T072041.L2.OC_AOP.V3_1.nc_3.1,PACE_OCI.20250321T072041.L2.OC_AOP.V3_1.nc,0.9298558501200311,2025-03-21 07:23:11+00:00
2903465,2903465QC.nc,68,-5.615,93.918,2025-04-21 05:32:59.999995904+00:00,72.26652413409849,PACE_OCI_L2_AOP_PACE_OCI.20250421T073139.L2.OC_AOP.V3_1.nc_3.1,PACE_OCI_L2_AOP_PACE_OCI.20250421T073139.L2.OC_AOP.V3_1.nc_3.1,PACE_OCI.20250421T073139.L2.OC_AOP.V3_1.nc,175.10399492233097,2025-04-21 07:34:09+00:00
2903465,2903465QC.nc,69,-5.836,94.528,2025-05-01 06:50:59.999998464+00:00,62.436705042749416,PACE_OCI_L2_AOP_PACE_OCI.20250501T065141.L2.OC_AOP.V3_1.nc_3.1,PACE_OCI_L2_AOP_PACE_OCI.20250501T065141.L2.OC_AOP.V3_1.nc_3.1,PACE_OCI.20250501T065141.L2.OC_AOP.V3_1.nc,0.28069269361736676,2025-05-01 06:54:11+00:00
2903465,2903465QC.nc,72,-5.162,93.424,2025-05-31 07:41:00.000001024+00:00,50.56304998596775,PACE_OCI_L2_AOP_PACE_OCI.20250601T070425.L2.OC_AOP.V3_1.nc_3.1,PACE_OCI_L2_AOP_PACE_OCI.20250601T070425.L2.OC_AOP.V3_1.nc_3.1,PACE_OCI.20250601T070425.L2.OC_AOP.V3_1.nc,0.808294419392916,2025-06-01 07:06:54.500000+00:00
2903466,2903466QC.nc,48,1.248,66.457,2024-10-27 18:00:00+00:00,-67.3475246735738,PACE_OCI_L2_AOP_PACE_OCI.20241027T083056.L2.OC_AOP.V3_1.nc_3.1,PACE_OCI_L2_AOP_PACE_OCI.20241027T083056.L2.OC_AOP.V3_1.nc_3.1,PACE_OCI.20241027T083056.L2.OC_AOP.V3_1.nc,0.5281899289514302,2024-10-27 08:33:25.500000+00:00
2903466,2903466QC.nc,49,1.412,65.927,2024-11-06 18:22:59.999998464+00:00,-69.56232082896314,PACE_OCI_L2_AOP_PACE_OCI.20241106T091815.L2.OC_AOP.V3_1.nc_3.1,PACE_OCI_L2_AOP_PACE_OCI.20241106T091815.L2.OC_AOP.V3_1.nc_3.1,PACE_OCI.20241106T091815.L2.OC_AOP.V3_1.nc,5.874345076810557,2024-11-06 09:20:44.500000+00:00
2903466,2903466QC.nc,50,1.091,65.011,2024-11-26 19:27:00.000000512+00:00,-69.95355951832978,PACE_OCI_L2_AOP_PACE_OCI.20241126T091441.L2.OC_AOP.V3_1.nc_3.1,PACE_OCI_L2_AOP_PACE_OCI.20241126T091441.L2.OC_AOP.V3_1.nc_3.1,PACE_OCI.20241126T091441.L2.OC_AOP.V3_1.nc,2.1748148943630405,2024-11-26 09:17:11+00:00
2903466,2903466QC.nc,63,-1.157,74.559,2025-04-06 02:34:59.999998976+00:00,22.444803677237086,PACE_OCI_L2_AOP_PACE_OCI.20250406T083557.L2.OC_AOP.V3_1.nc_3.1,PACE_OCI_L2_AOP_PACE_OCI.20250406T083557.L2.OC_AOP.V3_1.nc_3.1,PACE_OCI.20250406T083557.L2.OC_AOP.V3_1.nc,1.684445298677268,2025-04-06 08:38:26.500000+00:00
2903467,2903467QC.nc,46,-8.225,86.523,2024-10-31 14:59:00.000003584+00:00,-40.30729206607463,PACE_OCI_L2_AOP_PACE_OCI.20241101T080516.L2.OC_AOP.V3_1.nc_3.1,PACE_OCI_L2_AOP_PACE_OCI.20241101T080516.L2.OC_AOP.V3_1.nc_3.1,PACE_OCI.20241101T080516.L2.OC_AOP.V3_1.nc,96.87145689352414,2024-11-01 08:07:46+00:00
2903467,2903467QC.nc,52,-8.777,86.005,2024-12-30 17:20:00.000002048+00:00,-55.03196174523477,PACE_OCI_L2_AOP_PACE_OCI.20241231T080428.L2.OC_AOP.V3_1.nc_3.1,PACE_OCI_L2_AOP_PACE_OCI.20241231T080428.L2.OC_AOP.V3_1.nc_3.1,PACE_OCI.20241231T080428.L2.OC_AOP.V3_1.nc,1.5711706539297647,2024-12-31 08:06:57.500000+00:00
2903467,2903467QC.nc,57,-9.405,89.056,2025-02-18 21:05:00.000002048+00:00,-43.508784310467966,PACE_OCI_L2_AOP_PACE_OCI.20250218T070121.L2.OC_AOP.V3_1.nc_3.1,PACE_OCI_L2_AOP_PACE_OCI.20250218T070121.L2.OC_AOP.V3_1.nc_3.1,PACE_OCI.20250218T070121.L2.OC_AOP.V3_1.nc,0.5851475351139988,2025-02-18 07:03:50.500000+00:00
2903467,2903467QC.nc,60,-10.078,90.545,2025-03-20 23:04:59.999995392+00:00,-14.810529396110704,PACE_OCI_L2_AOP_PACE_OCI.20250321T072041.L2.OC_AOP.V3_1.nc_3.1,PACE_OCI_L2_AOP_PACE_OCI.20250321T072041.L2.OC_AOP.V3_1.nc_3.1,PACE_OCI.20250321T072041.L2.OC_AOP.V3_1.nc,1.9816654217665937,2025-03-21 07:23:11+00:00
2903467,2903467QC.nc,64,-9.934,91.907,2025-04-30 02:23:00.000001536+00:00,33.17430164883396,PACE_OCI_L2_AOP_PACE_OCI.20250430T061621.L2.OC_AOP.V3_1.nc_3.1,PACE_OCI_L2_AOP_PACE_OCI.20250430T061621.L2.OC_AOP.V3_1.nc_3.1,PACE_OCI.20250430T061621.L2.OC_AOP.V3_1.nc,5.118454803368424,2025-04-30 06:18:50.500000+00:00
2903467,2903467QC.nc,67,-8.714,89.502,2025-05-30 05:12:59.999996928+00:00,57.42631930654049,PACE_OCI_L2_AOP_PACE_OCI.20250529T065653.L2.OC_AOP.V3_1.nc_3.1,PACE_OCI_L2_AOP_PACE_OCI.20250529T065653.L2.OC_AOP.V3_1.nc_3.1,PACE_OCI.20250529T065653.L2.OC_AOP.V3_1.nc,1.969558530978739,2025-05-29 06:59:22.500000+00:00
2903468,2903468QC.nc,26,-17.927,101.994,2024-04-09 23:37:00.000001536+00:00,3.32476880745638,PACE_OCI_L2_AOP_PACE_OCI.20240409T053147.L2.OC_AOP.V3_1.nc_3.1,PACE_OCI_L2_AOP_PACE_OCI.20240409T053147.L2.OC_AOP.V3_1.nc_3.1,PACE_OCI.20240409T053147.L2.OC_AOP.V3_1.nc,0.9917815748669776,2024-04-09 05:34:17+00:00
2903468,2903468QC.nc,29,-18.909,100.728,2024-05-10 21:05:59.999998464+00:00,-35.08988311181263,"PACE_OCI_L2_AOP_PACE_OCI.20240510T070732.L2.OC_AOP.V3_1.nc_3.1,PACE_OCI_L2_AOP_PACE_OCI.20240511T060407.L2.OC_AOP.V3_1.nc_3.1",PACE_OCI_L2_AOP_PACE_OCI.20240510T070732.L2.OC_AOP.V3_1.nc_3.1,PACE_OCI.20240510T070732.L2.OC_AOP.V3_1.nc,1.7686705595435983,2024-05-10 07:10:02+00:00
2903468,2903468QC.nc,31,-19.374,100.869,2024-05-31 11:39:00.000004608+00:00,-12.631625726812487,PACE_OCI_L2_AOP_PACE_OCI.20240531T061240.L2.OC_AOP.V3_1.nc_3.1,PACE_OCI_L2_AOP_PACE_OCI.20240531T061240.L2.OC_AOP.V3_1.nc_3.1,PACE_OCI.20240531T061240.L2.OC_AOP.V3_1.nc,0.5411607348395736,2024-05-31 06:15:09.500000+00:00
2903468,2903468QC.nc,33,-18.816,100.961,2024-06-21 00:17:59.999995904+00:00,5.6940953093932025,PACE_OCI_L2_AOP_PACE_OCI.20240620T061935.L2.OC_AOP.V3_1.nc_3.1,PACE_OCI_L2_AOP_PACE_OCI.20240620T061935.L2.OC_AOP.V3_1.nc_3.1,PACE_OCI.20240620T061935.L2.OC_AOP.V3_1.nc,0.34844272409449717,2024-06-20 06:22:04.500000+00:00
2903468,2903468QC.nc,38,-18.206,98.678,2024-08-11 11:29:00+00:00,-4.329091309609494,PACE_OCI_L2_AOP_PACE_OCI.20240812T055116.L2.OC_AOP.V3_1.nc_3.1,PACE_OCI_L2_AOP_PACE_OCI.20240812T055116.L2.OC_AOP.V3_1.nc_3.1,PACE_OCI.20240812T055116.L2.OC_AOP.V3_1.nc,22.5716986661231,2024-08-12 05:53:45.500000+00:00
2903468,2903468QC.nc,39,-18.227,98.098,2024-08-21 18:45:59.999996416+00:00,-70.67600992958538,PACE_OCI_L2_AOP_PACE_OCI.20240821T060633.L2.OC_AOP.V3_1.nc_3.1,PACE_OCI_L2_AOP_PACE_OCI.20240821T060633.L2.OC_AOP.V3_1.nc_3.1,PACE_OCI.20240821T060633.L2.OC_AOP.V3_1.nc,0.724445753431811,2024-08-21 06:09:03+00:00
2903468,2903468QC.nc,40,-18.355,97.548,2024-09-01 01:09:00.000004608+00:00,20.5013175073534,PACE_OCI_L2_AOP_PACE_OCI.20240901T055201.L2.OC_AOP.V3_1.nc_3.1,PACE_OCI_L2_AOP_PACE_OCI.20240901T055201.L2.OC_AOP.V3_1.nc_3.1,PACE_OCI.20240901T055201.L2.OC_AOP.V3_1.nc,0.947339184115812,2024-09-01 05:54:30.500000+00:00
2903468,2903468QC.nc,46,-18.704,96.73,2024-11-01 22:01:00.000003072+00:00,-12.398176241582313,PACE_OCI_L2_AOP_PACE_OCI.20241101T062158.L2.OC_AOP.V3_1.nc_3.1,PACE_OCI_L2_AOP_PACE_OCI.20241101T062158.L2.OC_AOP.V3_1.nc_3.1,PACE_OCI.20241101T062158.L2.OC_AOP.V3_1.nc,3.4533145643319254,2024-11-01 06:24:27.500000+00:00
2903468,2903468QC.nc,48,-18.241,96.242,2024-11-22 12:34:59.999995392+00:00,-9.976272383145252,PACE_OCI_L2_AOP_PACE_OCI.20241123T072702.L2.OC_AOP.V3_1.nc_3.1,PACE_OCI_L2_AOP_PACE_OCI.20241123T072702.L2.OC_AOP.V3_1.nc_3.1,PACE_OCI.20241123T072702.L2.OC_AOP.V3_1.nc,68.33523240269061,2024-11-23 07:29:32+00:00
2903468,2903468QC.nc,53,-18.181,95.974,2025-01-13 03:06:59.999994880+00:00,52.869852377711226,PACE_OCI_L2_AOP_PACE_OCI.20250113T071918.L2.OC_AOP.V3_1.nc_3.1,PACE_OCI_L2_AOP_PACE_OCI.20250113T071918.L2.OC_AOP.V3_1.nc_3.1,PACE_OCI.20250113T071918.L2.OC_AOP.V3_1.nc,1.6079023606148664,2025-01-13 07:21:47.500000+00:00
2903468,2903468QC.nc,57,-18.541,97.572,2025-02-23 07:54:00.000004608+00:00,57.09606190103187,PACE_OCI_L2_AOP_PACE_OCI.20250224T071758.L2.OC_AOP.V3_1.nc_3.1,PACE_OCI_L2_AOP_PACE_OCI.20250224T071758.L2.OC_AOP.V3_1.nc_3.1,PACE_OCI.20250224T071758.L2.OC_AOP.V3_1.nc,1.6132261799935552,2025-02-24 07:20:27.500000+00:00
2903468,2903468QC.nc,60,-19.239,97.027,2025-03-26 06:31:59.999996416+00:00,64.62400296254023,PACE_OCI_L2_AOP_PACE_OCI.20250327T055323.L2.OC_AOP.V3_1.nc_3.1,PACE_OCI_L2_AOP_PACE_OCI.20250327T055323.L2.OC_AOP.V3_1.nc_3.1,PACE_OCI.20250327T055323.L2.OC_AOP.V3_1.nc,508.8305187057878,2025-03-27 05:55:52.500000+00:00
2903468,2903468QC.nc,65,-20.151,95.585,2025-05-16 18:08:00.000001536+00:00,-81.95169494787969,PACE_OCI_L2_AOP_PACE_OCI.20250517T062131.L2.OC_AOP.V3_1.nc_3.1,PACE_OCI_L2_AOP_PACE_OCI.20250517T062131.L2.OC_AOP.V3_1.nc_3.1,PACE_OCI.20250517T062131.L2.OC_AOP.V3_1.nc,2.216745552558068,2025-05-17 06:24:00.500000+00:00
2903468,2903468QC.nc,67,-20.395,95.168,2025-06-06 07:41:00.000001024+00:00,37.52276805436374,PACE_OCI_L2_AOP_PACE_OCI.20250605T074211.L2.OC_AOP.V3_1.nc_3.1,PACE_OCI_L2_AOP_PACE_OCI.20250605T074211.L2.OC_AOP.V3_1.nc_3.1,PACE_OCI.20250605T074211.L2.OC_AOP.V3_1.nc,24.849018995624675,2025-06-05 07:44:40.500000+00:00
2903468,2903468QC.nc,68,-20.532,94.974,2025-06-16 15:17:59.999995904+00:00,-56.8335787907504,PACE_OCI_L2_AOP_PACE_OCI.20250616T055814.L2.OC_AOP.V3_1.nc_3.1,PACE_OCI_L2_AOP_PACE_OCI.20250616T055814.L2.OC_AOP.V3_1.nc_3.1,PACE_OCI.20250616T055814.L2.OC_AOP.V3_1.nc,17.098005824759863,2025-06-16 06:00:43.500000+00:00
2903472,2903472QC.nc,32,-41.079,34.997,2024-08-17 12:56:59.999997440+00:00,19.86846084538288,PACE_OCI_L2_AOP_PACE_OCI.20240817T101705.L2.OC_AOP.V3_1.nc_3.1,PACE_OCI_L2_AOP_PACE_OCI.20240817T101705.L2.OC_AOP.V3_1.nc_3.1,PACE_OCI.20240817T101705.L2.OC_AOP.V3_1.nc,313.84655147691717,2024-08-17 10:19:34.500000+00:00
2903829,2903829QC.nc,7,8.897,87.493,2025-04-23 17:31:59.999999488+00:00,-66.52763649726892,PACE_OCI_L2_AOP_PACE_OCI.20250424T074423.L2.OC_AOP.V3_1.nc_3.1,PACE_OCI_L2_AOP_PACE_OCI.20250424T074423.L2.OC_AOP.V3_1.nc_3.1,PACE_OCI.20250424T074423.L2.OC_AOP.V3_1.nc,84.58509960774629,2025-04-24 07:46:52.500000+00:00
2903831,2903831QC.nc,9,16.614,89.456,2025-04-28 18:47:59.999999488+00:00,-56.75207591230307,PACE_OCI_L2_AOP_PACE_OCI.20250429T072423.L2.OC_AOP.V3_1.nc_3.1,PACE_OCI_L2_AOP_PACE_OCI.20250429T072423.L2.OC_AOP.V3_1.nc_3.1,PACE_OCI.20250429T072423.L2.OC_AOP.V3_1.nc,79.87798297637121,2025-04-29 07:26:52.500000+00:00
2903832,2903832QC.nc,0,-29.9,-90.00400000000002,2024-12-15 08:00:00.000003584+00:00,-28.949616205208983,PACE_OCI_L2_AOP_PACE_OCI.20241215T200132.L2.OC_AOP.V3_1.nc_3.1,PACE_OCI_L2_AOP_PACE_OCI.20241215T200132.L2.OC_AOP.V3_1.nc_3.1,PACE_OCI.20241215T200132.L2.OC_AOP.V3_1.nc,1.674668656108746,2024-12-15 20:04:01.500000+00:00
2903832,2903832QC.nc,1,-29.9,-90.007,2024-12-15 09:05:00.000002048+00:00,-19.96941163169521,PACE_OCI_L2_AOP_PACE_OCI.20241215T200132.L2.OC_AOP.V3_1.nc_3.1,PACE_OCI_L2_AOP_PACE_OCI.20241215T200132.L2.OC_AOP.V3_1.nc_3.1,PACE_OCI.20241215T200132.L2.OC_AOP.V3_1.nc,1.9255605110218967,2024-12-15 20:04:01.500000+00:00
2903832,2903832QC.nc,2,-29.902,-90.00999999999999,2024-12-15 10:09:00.000004608+00:00,-9.154573656953092,PACE_OCI_L2_AOP_PACE_OCI.20241215T200132.L2.OC_AOP.V3_1.nc_3.1,PACE_OCI_L2_AOP_PACE_OCI.20241215T200132.L2.OC_AOP.V3_1.nc_3.1,PACE_OCI.20241215T200132.L2.OC_AOP.V3_1.nc,2.2857411349402414,2024-12-15 20:04:01.500000+00:00
2903832,2903832QC.nc,3,-29.905,-90.01299999999998,2024-12-15 11:15:59.999996416+00:00,3.709139865550276,PACE_OCI_L2_AOP_PACE_OCI.20241215T200132.L2.OC_AOP.V3_1.nc_3.1,PACE_OCI_L2_AOP_PACE_OCI.20241215T200132.L2.OC_AOP.V3_1.nc_3.1,PACE_OCI.20241215T200132.L2.OC_AOP.V3_1.nc,1.8955721039233178,2024-12-15 20:04:01.500000+00:00
2903832,2903832QC.nc,4,-29.909,-90.01400000000001,2024-12-15 12:25:00.000001024+00:00,17.498952924352594,PACE_OCI_L2_AOP_PACE_OCI.20241215T200132.L2.OC_AOP.V3_1.nc_3.1,PACE_OCI_L2_AOP_PACE_OCI.20241215T200132.L2.OC_AOP.V3_1.nc_3.1,PACE_OCI.20241215T200132.L2.OC_AOP.V3_1.nc,1.6486066348093067,2024-12-15 20:04:01.500000+00:00
2903832,2903832QC.nc,5,-29.912,-90.01499999999999,2024-12-15 13:29:00.000003584+00:00,30.9183128254138,PACE_OCI_L2_AOP_PACE_OCI.20241215T200132.L2.OC_AOP.V3_1.nc_3.1,PACE_OCI_L2_AOP_PACE_OCI.20241215T200132.L2.OC_AOP.V3_1.nc_3.1,PACE_OCI.20241215T200132.L2.OC_AOP.V3_1.nc,1.50344401373741,2024-12-15 20:04:01.500000+00:00
2903832,2903832QC.nc,6,-29.915,-90.01499999999999,2024-12-15 14:35:59.999995392+00:00,45.29251429174934,PACE_OCI_L2_AOP_PACE_OCI.20241215T200132.L2.OC_AOP.V3_1.nc_3.1,PACE_OCI_L2_AOP_PACE_OCI.20241215T200132.L2.OC_AOP.V3_1.nc_3.1,PACE_OCI.20241215T200132.L2.OC_AOP.V3_1.nc,1.381557549000788,2024-12-15 20:04:01.500000+00:00
2903832,2903832QC.nc,7,-29.917,-90.01499999999999,2024-12-15 15:41:00.000004096+00:00,59.35515278087795,PACE_OCI_L2_AOP_PACE_OCI.20241215T200132.L2.OC_AOP.V3_1.nc_3.1,PACE_OCI_L2_AOP_PACE_OCI.20241215T200132.L2.OC_AOP.V3_1.nc_3.1,PACE_OCI.20241215T200132.L2.OC_AOP.V3_1.nc,1.254024272527155,2024-12-15 20:04:01.500000+00:00
2903832,2903832QC.nc,8,-29.919,-90.01499999999999,2024-12-15 16:44:59.999996416+00:00,72.9491882904713,PACE_OCI_L2_AOP_PACE_OCI.20241215T200132.L2.OC_AOP.V3_1.nc_3.1,PACE_OCI_L2_AOP_PACE_OCI.20241215T200132.L2.OC_AOP.V3_1.nc_3.1,PACE_OCI.20241215T200132.L2.OC_AOP.V3_1.nc,1.1555807993071332,2024-12-15 20:04:01.500000+00:00
2903832,2903832QC.nc,9,-29.919,-90.01499999999999,2024-12-15 17:51:59.999998464+00:00,83.34904482148059,PACE_OCI_L2_AOP_PACE_OCI.20241215T200132.L2.OC_AOP.V3_1.nc_3.1,PACE_OCI_L2_AOP_PACE_OCI.20241215T200132.L2.OC_AOP.V3_1.nc_3.1,PACE_OCI.20241215T200132.L2.OC_AOP.V3_1.nc,1.1555807993071332,2024-12-15 20:04:01.500000+00:00
2903832,2903832QC.nc,10,-29.919,-90.01600000000002,2024-12-15 18:59:00+00:00,74.37443911926526,PACE_OCI_L2_AOP_PACE_OCI.20241215T200132.L2.OC_AOP.V3_1.nc_3.1,PACE_OCI_L2_AOP_PACE_OCI.20241215T200132.L2.OC_AOP.V3_1.nc_3.1,PACE_OCI.20241215T200132.L2.OC_AOP.V3_1.nc,1.0664460451246869,2024-12-15 20:04:01.500000+00:00
2903832,2903832QC.nc,11,-29.919,-90.01799999999997,2024-12-15 20:03:00.000002560+00:00,60.867633658380974,PACE_OCI_L2_AOP_PACE_OCI.20241215T200132.L2.OC_AOP.V3_1.nc_3.1,PACE_OCI_L2_AOP_PACE_OCI.20241215T200132.L2.OC_AOP.V3_1.nc_3.1,PACE_OCI.20241215T200132.L2.OC_AOP.V3_1.nc,0.8927012738824582,2024-12-15 20:04:01.500000+00:00
2903832,2903832QC.nc,12,-29.919,-90.02100000000002,2024-12-15 21:13:00.000003584+00:00,45.73118134567648,PACE_OCI_L2_AOP_PACE_OCI.20241215T200132.L2.OC_AOP.V3_1.nc_3.1,PACE_OCI_L2_AOP_PACE_OCI.20241215T200132.L2.OC_AOP.V3_1.nc_3.1,PACE_OCI.20241215T200132.L2.OC_AOP.V3_1.nc,0.6524172255909712,2024-12-15 20:04:01.500000+00:00
2903832,2903832QC.nc,13,-29.92,-90.024,2024-12-15 22:19:59.999995392+00:00,31.35589199024198,PACE_OCI_L2_AOP_PACE_OCI.20241215T200132.L2.OC_AOP.V3_1.nc_3.1,PACE_OCI_L2_AOP_PACE_OCI.20241215T200132.L2.OC_AOP.V3_1.nc_3.1,PACE_OCI.20241215T200132.L2.OC_AOP.V3_1.nc,0.37425148697291033,2024-12-15 20:04:01.500000+00:00
2903832,2903832QC.nc,14,-29.922,-90.02699999999999,2024-12-15 23:26:59.999997440+00:00,17.311801062851544,PACE_OCI_L2_AOP_PACE_OCI.20241215T200132.L2.OC_AOP.V3_1.nc_3.1,PACE_OCI_L2_AOP_PACE_OCI.20241215T200132.L2.OC_AOP.V3_1.nc_3.1,PACE_OCI.20241215T200132.L2.OC_AOP.V3_1.nc,0.11979300657154215,2024-12-15 20:04:01.500000+00:00
2903832,2903832QC.nc,16,-29.938,-90.03300000000002,2024-12-16 07:41:59.999997440+00:00,-30.940013535902366,PACE_OCI_L2_AOP_PACE_OCI.20241215T200132.L2.OC_AOP.V3_1.nc_3.1,PACE_OCI_L2_AOP_PACE_OCI.20241215T200132.L2.OC_AOP.V3_1.nc_3.1,PACE_OCI.20241215T200132.L2.OC_AOP.V3_1.nc,1.1325398355596217,2024-12-15 20:04:01.500000+00:00
2903832,2903832QC.nc,17,-29.937,-90.03500000000003,2024-12-16 12:16:59.999999488+00:00,15.76429157744728,PACE_OCI_L2_AOP_PACE_OCI.20241215T200132.L2.OC_AOP.V3_1.nc_3.1,PACE_OCI_L2_AOP_PACE_OCI.20241215T200132.L2.OC_AOP.V3_1.nc_3.1,PACE_OCI.20241215T200132.L2.OC_AOP.V3_1.nc,1.2635657149068817,2024-12-15 20:04:01.500000+00:00
2903832,2903832QC.nc,25,-29.726,-90.077,2025-01-08 13:41:00.000001024+00:00,30.514334390653136,"PACE_OCI_L2_AOP_PACE_OCI.20250107T183551.L2.OC_AOP.V3_1.nc_3.1,PACE_OCI_L2_AOP_PACE_OCI.20250107T201410.L2.OC_AOP.V3_1.nc_3.1,PACE_OCI_L2_AOP_PACE_OCI.20250108T191035.L2.OC_AOP.V3_1.nc_3.1",PACE_OCI_L2_AOP_PACE_OCI.20250108T191035.L2.OC_AOP.V3_1.nc_3.1,PACE_OCI.20250108T191035.L2.OC_AOP.V3_1.nc,0.6558346206053965,2025-01-08 19:13:04.500000+00:00
2903832,2903832QC.nc,26,-29.398,-90.04899999999998,2025-01-18 18:22:59.999998464+00:00,80.5606121571324,PACE_OCI_L2_AOP_PACE_OCI.20250118T182427.L2.OC_AOP.V3_1.nc_3.1,PACE_OCI_L2_AOP_PACE_OCI.20250118T182427.L2.OC_AOP.V3_1.nc_3.1,PACE_OCI.20250118T182427.L2.OC_AOP.V3_1.nc,19.376421114408544,2025-01-18 18:26:56.500000+00:00
2903832,2903832QC.nc,27,-29.114,-89.99200000000002,2025-01-28 23:18:59.999995904+00:00,20.14808335709966,"PACE_OCI_L2_AOP_PACE_OCI.20250128T191636.L2.OC_AOP.V3_1.nc_3.1,PACE_OCI_L2_AOP_PACE_OCI.20250129T195118.L2.OC_AOP.V3_1.nc_3.1",PACE_OCI_L2_AOP_PACE_OCI.20250128T191636.L2.OC_AOP.V3_1.nc_3.1,PACE_OCI.20250128T191636.L2.OC_AOP.V3_1.nc,12.257310670713167,2025-01-28 19:19:05.500000+00:00
2903832,2903832QC.nc,28,-28.917,-89.79000000000002,2025-02-08 03:53:00.000001536+00:00,-34.590142660830274,PACE_OCI_L2_AOP_PACE_OCI.20250207T201034.L2.OC_AOP.V3_1.nc_3.1,PACE_OCI_L2_AOP_PACE_OCI.20250207T201034.L2.OC_AOP.V3_1.nc_3.1,PACE_OCI.20250207T201034.L2.OC_AOP.V3_1.nc,77.24704768175415,2025-02-07 20:13:03.500000+00:00
2903832,2903832QC.nc,32,-29.998,-89.87799999999999,2025-03-20 14:15:59.999996416+00:00,27.544194339693096,PACE_OCI_L2_AOP_PACE_OCI.20250320T194707.L2.OC_AOP.V3_1.nc_3.1,PACE_OCI_L2_AOP_PACE_OCI.20250320T194707.L2.OC_AOP.V3_1.nc_3.1,PACE_OCI.20250320T194707.L2.OC_AOP.V3_1.nc,0.6395478246954871,2025-03-20 19:49:37+00:00
2903832,2903832QC.nc,40,-28.252,-89.118,2025-06-09 11:39:00.000004608+00:00,-14.12454489046687,PACE_OCI_L2_AOP_PACE_OCI.20250609T195321.L2.OC_AOP.V3_1.nc_3.1,PACE_OCI_L2_AOP_PACE_OCI.20250609T195321.L2.OC_AOP.V3_1.nc_3.1,PACE_OCI.20250609T195321.L2.OC_AOP.V3_1.nc,1.0735026981795566,2025-06-09 19:55:50.500000+00:00
2903833,2903833QC.nc,11,-30.296,-106.313,2025-01-21 13:24:00.000001536+00:00,11.432640774623856,PACE_OCI_L2_AOP_PACE_OCI.20250120T193354.L2.OC_AOP.V3_1.nc_3.1,PACE_OCI_L2_AOP_PACE_OCI.20250120T193354.L2.OC_AOP.V3_1.nc_3.1,PACE_OCI.20250120T193354.L2.OC_AOP.V3_1.nc,6.464812303253255,2025-01-20 19:36:23.500000+00:00
2903833,2903833QC.nc,12,-30.143,-106.422,2025-01-31 17:49:59.999995392+00:00,65.89181486350621,"PACE_OCI_L2_AOP_PACE_OCI.20250130T202559.L2.OC_AOP.V3_1.nc_3.1,PACE_OCI_L2_AOP_PACE_OCI.20250131T210041.L2.OC_AOP.V3_1.nc_3.1",PACE_OCI_L2_AOP_PACE_OCI.20250131T210041.L2.OC_AOP.V3_1.nc_3.1,PACE_OCI.20250131T210041.L2.OC_AOP.V3_1.nc,0.578363748721262,2025-01-31 21:03:11+00:00
2903833,2903833QC.nc,16,-30.425,-106.378,2025-03-13 19:30:00+00:00,61.943455760852565,PACE_OCI_L2_AOP_PACE_OCI.20250313T203343.L2.OC_AOP.V3_1.nc_3.1,PACE_OCI_L2_AOP_PACE_OCI.20250313T203343.L2.OC_AOP.V3_1.nc_3.1,PACE_OCI.20250313T203343.L2.OC_AOP.V3_1.nc,0.5175667458843333,2025-03-13 20:36:12.500000+00:00
2903833,2903833QC.nc,17,-30.6,-106.283,2025-03-23 11:54:00.000001536+00:00,-17.259531187167767,PACE_OCI_L2_AOP_PACE_OCI.20250322T205806.L2.OC_AOP.V3_1.nc_3.1,PACE_OCI_L2_AOP_PACE_OCI.20250322T205806.L2.OC_AOP.V3_1.nc_3.1,PACE_OCI.20250322T205806.L2.OC_AOP.V3_1.nc,3.7671774420001762,2025-03-22 21:00:35.500000+00:00
2903833,2903833QC.nc,22,-30.379,-105.85,2025-05-13 10:02:59.999995904+00:00,-46.93487231500157,PACE_OCI_L2_AOP_PACE_OCI.20250512T194830.L2.OC_AOP.V3_1.nc_3.1,PACE_OCI_L2_AOP_PACE_OCI.20250512T194830.L2.OC_AOP.V3_1.nc_3.1,PACE_OCI.20250512T194830.L2.OC_AOP.V3_1.nc,12.140377823554402,2025-05-12 19:50:59.500000+00:00
2903833,2903833QC.nc,23,-30.424,-105.844,2025-05-23 22:19:59.999995392+00:00,19.86978331073607,PACE_OCI_L2_AOP_PACE_OCI.20250523T194336.L2.OC_AOP.V3_1.nc_3.1,PACE_OCI_L2_AOP_PACE_OCI.20250523T194336.L2.OC_AOP.V3_1.nc_3.1,PACE_OCI.20250523T194336.L2.OC_AOP.V3_1.nc,12.017924584666819,2025-05-23 19:46:05.500000+00:00
2903856,2903856QC.nc,28,1.387,-168.199,2024-06-26 17:08:00.000005120+00:00,-1.2412803161717267,PACE_OCI_L2_AOP_PACE_OCI.20240626T000256.L2.OC_AOP.V3_1.nc_3.1,PACE_OCI_L2_AOP_PACE_OCI.20240626T000256.L2.OC_AOP.V3_1.nc_3.1,PACE_OCI.20240626T000256.L2.OC_AOP.V3_1.nc,0.4748043743982138,2024-06-26 00:05:25.500000+00:00
2903856,2903856QC.nc,30,1.09,-170.164,2024-07-17 07:24:00.000001536+00:00,-26.71444900772389,PACE_OCI_L2_AOP_PACE_OCI.20240717T233849.L2.OC_AOP.V3_1.nc_3.1,PACE_OCI_L2_AOP_PACE_OCI.20240717T233849.L2.OC_AOP.V3_1.nc_3.1,PACE_OCI.20240717T233849.L2.OC_AOP.V3_1.nc,9.74252593671739,2024-07-17 23:41:18.500000+00:00
2903856,2903856QC.nc,32,0.887,-172.214,2024-08-06 21:58:00.000003584+00:00,61.61796712862091,PACE_OCI_L2_AOP_PACE_OCI.20240806T005051.L2.OC_AOP.V3_1.nc_3.1,PACE_OCI_L2_AOP_PACE_OCI.20240806T005051.L2.OC_AOP.V3_1.nc_3.1,PACE_OCI.20240806T005051.L2.OC_AOP.V3_1.nc,0.6928102481008505,2024-08-06 00:53:20.500000+00:00
2903856,2903856QC.nc,34,1.342,-174.341,2024-08-27 11:53:00.000005120+00:00,-78.31614833418912,"PACE_OCI_L2_AOP_PACE_OCI.20240826T234824.L2.OC_AOP.V3_1.nc_3.1,PACE_OCI_L2_AOP_PACE_OCI.20240828T002249.L2.OC_AOP.V3_1.nc_3.1",PACE_OCI_L2_AOP_PACE_OCI.20240826T234824.L2.OC_AOP.V3_1.nc_3.1,PACE_OCI.20240826T234824.L2.OC_AOP.V3_1.nc,6.818968426352235,2024-08-26 23:50:54+00:00
2903856,2903856QC.nc,40,1.277,-178.81,2024-10-28 06:38:00.000005120+00:00,-14.659051818615682,PACE_OCI_L2_AOP_PACE_OCI.20241029T012745.L2.OC_AOP.V3_1.nc_3.1,PACE_OCI_L2_AOP_PACE_OCI.20241029T012745.L2.OC_AOP.V3_1.nc_3.1,PACE_OCI.20241029T012745.L2.OC_AOP.V3_1.nc,1.494877030945789,2024-10-29 01:30:15+00:00
2903856,2903856QC.nc,55,0.774,178.739,2025-03-31 14:40:00.000001024+00:00,-51.94141743629421,PACE_OCI_L2_AOP_PACE_OCI.20250331T014639.L2.OC_AOP.V3_1.nc_3.1,PACE_OCI_L2_AOP_PACE_OCI.20250331T014639.L2.OC_AOP.V3_1.nc_3.1,PACE_OCI.20250331T014639.L2.OC_AOP.V3_1.nc,1.9920502718625694,2025-03-31 01:49:08.500000+00:00
2903856,2903856QC.nc,56,0.324,179.158,2025-04-10 21:44:00.000003584+00:00,54.13282746099238,PACE_OCI_L2_AOP_PACE_OCI.20250411T014249.L2.OC_AOP.V3_1.nc_3.1,PACE_OCI_L2_AOP_PACE_OCI.20250411T014249.L2.OC_AOP.V3_1.nc_3.1,PACE_OCI.20250411T014249.L2.OC_AOP.V3_1.nc,1.9848871937672254,2025-04-11 01:45:18.500000+00:00
2903858,2903858QC.nc,39,-16.968,-79.67000000000002,2025-01-15 07:29:00.000003584+00:00,-41.78465844632253,PACE_OCI_L2_AOP_PACE_OCI.20250115T181837.L2.OC_AOP.V3_1.nc_3.1,PACE_OCI_L2_AOP_PACE_OCI.20250115T181837.L2.OC_AOP.V3_1.nc_3.1,PACE_OCI.20250115T181837.L2.OC_AOP.V3_1.nc,0.7105199450261472,2025-01-15 18:21:06.500000+00:00
2903858,2903858QC.nc,40,-17.045,-79.76600000000002,2025-01-25 14:45:00.000003584+00:00,50.479320786795085,PACE_OCI_L2_AOP_PACE_OCI.20250125T191050.L2.OC_AOP.V3_1.nc_3.1,PACE_OCI_L2_AOP_PACE_OCI.20250125T191050.L2.OC_AOP.V3_1.nc_3.1,PACE_OCI.20250125T191050.L2.OC_AOP.V3_1.nc,7.614456040628048,2025-01-25 19:13:20+00:00
2903858,2903858QC.nc,41,-16.935,-79.96600000000001,2025-02-04 22:07:59.999998464+00:00,24.63365164725549,"PACE_OCI_L2_AOP_PACE_OCI.20250204T182432.L2.OC_AOP.V3_1.nc_3.1,PACE_OCI_L2_AOP_PACE_OCI.20250205T185921.L2.OC_AOP.V3_1.nc_3.1",PACE_OCI_L2_AOP_PACE_OCI.20250205T185921.L2.OC_AOP.V3_1.nc_3.1,PACE_OCI.20250205T185921.L2.OC_AOP.V3_1.nc,0.612174426406212,2025-02-05 19:01:50.500000+00:00
2903858,2903858QC.nc,44,-16.523,-80.75,2025-03-07 20:26:59.999997440+00:00,46.03848456979788,PACE_OCI_L2_AOP_PACE_OCI.20250308T191928.L2.OC_AOP.V3_1.nc_3.1,PACE_OCI_L2_AOP_PACE_OCI.20250308T191928.L2.OC_AOP.V3_1.nc_3.1,PACE_OCI.20250308T191928.L2.OC_AOP.V3_1.nc,57.12983192068992,2025-03-08 19:21:57.500000+00:00
2903863,2903863QC.nc,52,19.087,-156.475,2024-04-24 00:05:59.999998464+00:00,64.77031762136184,PACE_OCI_L2_AOP_PACE_OCI.20240423T234158.L2.OC_AOP.V3_1.nc_3.1,PACE_OCI_L2_AOP_PACE_OCI.20240423T234158.L2.OC_AOP.V3_1.nc_3.1,PACE_OCI.20240423T234158.L2.OC_AOP.V3_1.nc,1.1333042280571937,2024-04-23 23:44:27.500000+00:00
2903863,2903863QC.nc,66,19.496,-158.688,2024-07-04 10:32:00.000003072+00:00,-47.659037804250445,PACE_OCI_L2_AOP_PACE_OCI.20240703T235029.L2.OC_AOP.V3_1.nc_3.1,PACE_OCI_L2_AOP_PACE_OCI.20240703T235029.L2.OC_AOP.V3_1.nc_3.1,PACE_OCI.20240703T235029.L2.OC_AOP.V3_1.nc,36.97750055289745,2024-07-03 23:52:59+00:00
2903863,2903863QC.nc,74,18.641,-159.144,2024-08-14 03:28:59.999996928+00:00,21.3353115655854,"PACE_OCI_L2_AOP_PACE_OCI.20240813T225847.L2.OC_AOP.V3_1.nc_3.1,PACE_OCI_L2_AOP_PACE_OCI.20240814T232818.L2.OC_AOP.V3_1.nc_3.1",PACE_OCI_L2_AOP_PACE_OCI.20240814T232818.L2.OC_AOP.V3_1.nc_3.1,PACE_OCI.20240814T232818.L2.OC_AOP.V3_1.nc,0.28407616741984515,2024-08-14 23:30:47.500000+00:00
2903863,2903863QC.nc,75,18.644,-159.305,2024-08-19 04:54:00.000004608+00:00,1.303252624529624,"PACE_OCI_L2_AOP_PACE_OCI.20240819T001246.L2.OC_AOP.V3_1.nc_3.1,PACE_OCI_L2_AOP_PACE_OCI.20240819T230855.L2.OC_AOP.V3_1.nc_3.1",PACE_OCI_L2_AOP_PACE_OCI.20240819T230855.L2.OC_AOP.V3_1.nc_3.1,PACE_OCI.20240819T230855.L2.OC_AOP.V3_1.nc,9.959102167072514,2024-08-19 23:11:24.500000+00:00
2903863,2903863QC.nc,78,18.737,-159.667,2024-09-03 12:16:59.999999488+00:00,-54.31852872985386,"PACE_OCI_L2_AOP_PACE_OCI.20240902T225924.L2.OC_AOP.V3_1.nc_3.1,PACE_OCI_L2_AOP_PACE_OCI.20240903T233347.L2.OC_AOP.V3_1.nc_3.1",PACE_OCI_L2_AOP_PACE_OCI.20240902T225924.L2.OC_AOP.V3_1.nc_3.1,PACE_OCI.20240902T225924.L2.OC_AOP.V3_1.nc,1.1544204088555283,2024-09-02 23:01:53.500000+00:00
2903863,2903863QC.nc,79,18.675,-159.808,2024-09-08 13:54:00.000004608+00:00,-35.78590971823791,PACE_OCI_L2_AOP_PACE_OCI.20240908T001302.L2.OC_AOP.V3_1.nc_3.1,PACE_OCI_L2_AOP_PACE_OCI.20240908T001302.L2.OC_AOP.V3_1.nc_3.1,PACE_OCI.20240908T001302.L2.OC_AOP.V3_1.nc,23.6254181940484,2024-09-08 00:15:31.500000+00:00
2903863,2903863QC.nc,80,18.595,-159.987,2024-09-13 16:40:00.000004608+00:00,2.4004713238630178,PACE_OCI_L2_AOP_PACE_OCI.20240912T234806.L2.OC_AOP.V3_1.nc_3.1,PACE_OCI_L2_AOP_PACE_OCI.20240912T234806.L2.OC_AOP.V3_1.nc_3.1,PACE_OCI.20240912T234806.L2.OC_AOP.V3_1.nc,0.777694479852572,2024-09-12 23:50:36+00:00
2903863,2903863QC.nc,84,18.155,-161.002,2024-10-04 01:47:59.999995904+00:00,36.83133809020503,PACE_OCI_L2_AOP_PACE_OCI.20241003T224642.L2.OC_AOP.V3_1.nc_3.1,PACE_OCI_L2_AOP_PACE_OCI.20241003T224642.L2.OC_AOP.V3_1.nc_3.1,PACE_OCI.20241003T224642.L2.OC_AOP.V3_1.nc,3.909373503653248,2024-10-03 22:49:11.500000+00:00
2903863,2903863QC.nc,85,18.062,-161.276,2024-10-09 03:13:00.000003584+00:00,16.654060807991915,PACE_OCI_L2_AOP_PACE_OCI.20241009T225523.L2.OC_AOP.V3_1.nc_3.1,PACE_OCI_L2_AOP_PACE_OCI.20241009T225523.L2.OC_AOP.V3_1.nc_3.1,PACE_OCI.20241009T225523.L2.OC_AOP.V3_1.nc,0.4325194701688869,2024-10-09 22:57:52.500000+00:00
2903863,2903863QC.nc,86,17.977,-161.552,2024-10-14 05:57:00.000000512+00:00,-22.672859597247,"PACE_OCI_L2_AOP_PACE_OCI.20241013T233344.L2.OC_AOP.V3_1.nc_3.1,PACE_OCI_L2_AOP_PACE_OCI.20241015T000754.L2.OC_AOP.V3_1.nc_3.1",PACE_OCI_L2_AOP_PACE_OCI.20241013T233344.L2.OC_AOP.V3_1.nc_3.1,PACE_OCI.20241013T233344.L2.OC_AOP.V3_1.nc,0.6121927111105595,2024-10-13 23:36:13.500000+00:00
2903863,2903863QC.nc,87,17.886,-161.82,2024-10-19 07:23:00.000005120+00:00,-43.60838840266511,PACE_OCI_L2_AOP_PACE_OCI.20241018T230758.L2.OC_AOP.V3_1.nc_3.1,PACE_OCI_L2_AOP_PACE_OCI.20241018T230758.L2.OC_AOP.V3_1.nc_3.1,PACE_OCI.20241018T230758.L2.OC_AOP.V3_1.nc,24.85642716072063,2024-10-18 23:10:28+00:00
2903863,2903863QC.nc,103,18.387,-164.838,2025-01-08 21:19:00.000002560+00:00,41.7639261239907,PACE_OCI_L2_AOP_PACE_OCI.20250107T234048.L2.OC_AOP.V3_1.nc_3.1,PACE_OCI_L2_AOP_PACE_OCI.20250107T234048.L2.OC_AOP.V3_1.nc_3.1,PACE_OCI.20250107T234048.L2.OC_AOP.V3_1.nc,0.5569772552004736,2025-01-07 23:43:17.500000+00:00
2903863,2903863QC.nc,105,18.177,-165.024,2025-01-19 01:10:00.000001024+00:00,41.67403519175961,PACE_OCI_L2_AOP_PACE_OCI.20250118T232924.L2.OC_AOP.V3_1.nc_3.1,PACE_OCI_L2_AOP_PACE_OCI.20250118T232924.L2.OC_AOP.V3_1.nc_3.1,PACE_OCI.20250118T232924.L2.OC_AOP.V3_1.nc,0.229497119207735,2025-01-18 23:31:53.500000+00:00
2903863,2903863QC.nc,108,17.927,-165.033,2025-02-03 07:55:00.000001024+00:00,-42.61028588189071,PACE_OCI_L2_AOP_PACE_OCI.20250203T225447.L2.OC_AOP.V3_1.nc_3.1,PACE_OCI_L2_AOP_PACE_OCI.20250203T225447.L2.OC_AOP.V3_1.nc_3.1,PACE_OCI.20250203T225447.L2.OC_AOP.V3_1.nc,2.1250815317322616,2025-02-03 22:57:16.500000+00:00
2903863,2903863QC.nc,109,17.841,-164.987,2025-02-08 09:41:00.000004096+00:00,-67.49185327881247,PACE_OCI_L2_AOP_PACE_OCI.20250209T001255.L2.OC_AOP.V3_1.nc_3.1,PACE_OCI_L2_AOP_PACE_OCI.20250209T001255.L2.OC_AOP.V3_1.nc_3.1,PACE_OCI.20250209T001255.L2.OC_AOP.V3_1.nc,0.1055093946089789,2025-02-09 00:15:25+00:00
2903863,2903863QC.nc,110,17.8,-165.004,2025-02-13 12:16:59.999999488+00:00,-74.17271551314747,"PACE_OCI_L2_AOP_PACE_OCI.20250212T231822.L2.OC_AOP.V3_1.nc_3.1,PACE_OCI_L2_AOP_PACE_OCI.20250213T235356.L2.OC_AOP.V3_1.nc_3.1",PACE_OCI_L2_AOP_PACE_OCI.20250213T235356.L2.OC_AOP.V3_1.nc_3.1,PACE_OCI.20250213T235356.L2.OC_AOP.V3_1.nc,0.5429994252357628,2025-02-13 23:56:25.500000+00:00
2903863,2903863QC.nc,111,17.8,-165.096,2025-02-18 14:14:00.000003584+00:00,-46.13727364372584,"PACE_OCI_L2_AOP_PACE_OCI.20250218T003752.L2.OC_AOP.V3_1.nc_3.1,PACE_OCI_L2_AOP_PACE_OCI.20250218T233504.L2.OC_AOP.V3_1.nc_3.1",PACE_OCI_L2_AOP_PACE_OCI.20250218T003752.L2.OC_AOP.V3_1.nc_3.1,PACE_OCI.20250218T003752.L2.OC_AOP.V3_1.nc,1.4115756778509154,2025-02-18 00:40:21.500000+00:00
2903863,2903863QC.nc,112,17.916,-165.235,2025-02-23 16:43:00.000003584+00:00,-10.269189188380162,"PACE_OCI_L2_AOP_PACE_OCI.20250223T001858.L2.OC_AOP.V3_1.nc_3.1,PACE_OCI_L2_AOP_PACE_OCI.20250223T231607.L2.OC_AOP.V3_1.nc_3.1",PACE_OCI_L2_AOP_PACE_OCI.20250223T001858.L2.OC_AOP.V3_1.nc_3.1,PACE_OCI.20250223T001858.L2.OC_AOP.V3_1.nc,1.4816057146464618,2025-02-23 00:21:27.500000+00:00
2903863,2903863QC.nc,113,18.04,-165.402,2025-02-28 19:16:59.999996416+00:00,26.18319598907331,PACE_OCI_L2_AOP_PACE_OCI.20250301T003030.L2.OC_AOP.V3_1.nc_3.1,PACE_OCI_L2_AOP_PACE_OCI.20250301T003030.L2.OC_AOP.V3_1.nc_3.1,PACE_OCI.20250301T003030.L2.OC_AOP.V3_1.nc,1.2730656661155968,2025-03-01 00:32:59.500000+00:00
2903863,2903863QC.nc,114,18.142,-165.479,2025-03-05 21:41:00.000004096+00:00,57.07052676988686,PACE_OCI_L2_AOP_PACE_OCI.20250306T001123.L2.OC_AOP.V3_1.nc_3.1,PACE_OCI_L2_AOP_PACE_OCI.20250306T001123.L2.OC_AOP.V3_1.nc_3.1,PACE_OCI.20250306T001123.L2.OC_AOP.V3_1.nc,8.545964175508963,2025-03-06 00:13:52.500000+00:00
2903863,2903863QC.nc,116,18.127,-165.424,2025-03-16 01:52:59.999998464+00:00,45.353883747350025,"PACE_OCI_L2_AOP_PACE_OCI.20250315T233307.L2.OC_AOP.V3_1.nc_3.1,PACE_OCI_L2_AOP_PACE_OCI.20250317T000836.L2.OC_AOP.V3_1.nc_3.1",PACE_OCI_L2_AOP_PACE_OCI.20250315T233307.L2.OC_AOP.V3_1.nc_3.1,PACE_OCI.20250315T233307.L2.OC_AOP.V3_1.nc,0.6298789983527476,2025-03-15 23:35:36.500000+00:00
2903863,2903863QC.nc,117,17.943,-165.286,2025-03-21 03:34:59.999995392+00:00,22.263525225604937,PACE_OCI_L2_AOP_PACE_OCI.20250321T234921.L2.OC_AOP.V3_1.nc_3.1,PACE_OCI_L2_AOP_PACE_OCI.20250321T234921.L2.OC_AOP.V3_1.nc_3.1,PACE_OCI.20250321T234921.L2.OC_AOP.V3_1.nc,0.7631543414696937,2025-03-21 23:51:50.500000+00:00
2903863,2903863QC.nc,118,17.657,-165.101,2025-03-26 06:17:59.999995904+00:00,-16.37690494430619,"PACE_OCI_L2_AOP_PACE_OCI.20250325T225428.L2.OC_AOP.V3_1.nc_3.1,PACE_OCI_L2_AOP_PACE_OCI.20250326T003250.L2.OC_AOP.V3_1.nc_3.1,PACE_OCI_L2_AOP_PACE_OCI.20250326T232956.L2.OC_AOP.V3_1.nc_3.1",PACE_OCI_L2_AOP_PACE_OCI.20250326T232956.L2.OC_AOP.V3_1.nc_3.1,PACE_OCI.20250326T232956.L2.OC_AOP.V3_1.nc,0.4564001359146623,2025-03-26 23:32:26+00:00
2903863,2903863QC.nc,122,17.3,-163.816,2025-04-15 15:22:00.000001536+00:00,-18.667782744823725,PACE_OCI_L2_AOP_PACE_OCI.20250414T231418.L2.OC_AOP.V3_1.nc_3.1,PACE_OCI_L2_AOP_PACE_OCI.20250414T231418.L2.OC_AOP.V3_1.nc_3.1,PACE_OCI.20250414T231418.L2.OC_AOP.V3_1.nc,4.027403279931225,2025-04-14 23:16:47.500000+00:00
2903863,2903863QC.nc,133,17.659,-163.77,2025-06-10 17:54:59.999997952+00:00,20.357663736241783,PACE_OCI_L2_AOP_PACE_OCI.20250609T232003.L2.OC_AOP.V3_1.nc_3.1,PACE_OCI_L2_AOP_PACE_OCI.20250609T232003.L2.OC_AOP.V3_1.nc_3.1,PACE_OCI.20250609T232003.L2.OC_AOP.V3_1.nc,27.343843254538303,2025-06-09 23:22:32.500000+00:00
2903863,2903863QC.nc,135,17.783,-163.764,2025-06-20 21:58:00.000003584+00:00,75.14884639631853,"PACE_OCI_L2_AOP_PACE_OCI.20250620T001725.L2.OC_AOP.V3_1.nc_3.1,PACE_OCI_L2_AOP_PACE_OCI.20250620T231418.L2.OC_AOP.V3_1.nc_3.1",PACE_OCI_L2_AOP_PACE_OCI.20250620T231418.L2.OC_AOP.V3_1.nc_3.1,PACE_OCI.20250620T231418.L2.OC_AOP.V3_1.nc,0.538217605066157,2025-06-20 23:16:47.500000+00:00
2903884,2903884QC.nc,0,0.513,-139.96,2024-11-22 06:08:00.000001536+00:00,-42.25132824713839,"PACE_OCI_L2_AOP_PACE_OCI.20241121T224625.L2.OC_AOP.V3_1.nc_3.1,PACE_OCI_L2_AOP_PACE_OCI.20241122T214221.L2.OC_AOP.V3_1.nc_3.1",PACE_OCI_L2_AOP_PACE_OCI.20241122T214221.L2.OC_AOP.V3_1.nc_3.1,PACE_OCI.20241122T214221.L2.OC_AOP.V3_1.nc,1.3427092206037115,2024-11-22 21:44:51+00:00
2903884,2903884QC.nc,1,0.524,-139.927,2024-11-22 07:18:59.999998976+00:00,-57.2664828125908,"PACE_OCI_L2_AOP_PACE_OCI.20241121T224625.L2.OC_AOP.V3_1.nc_3.1,PACE_OCI_L2_AOP_PACE_OCI.20241122T214221.L2.OC_AOP.V3_1.nc_3.1",PACE_OCI_L2_AOP_PACE_OCI.20241122T214221.L2.OC_AOP.V3_1.nc_3.1,PACE_OCI.20241122T214221.L2.OC_AOP.V3_1.nc,1.4000579276433125,2024-11-22 21:44:51+00:00
2903884,2903884QC.nc,5,0.536,-139.805,2024-11-23 04:18:00.000002560+00:00,-17.121671500344544,"PACE_OCI_L2_AOP_PACE_OCI.20241122T214221.L2.OC_AOP.V3_1.nc_3.1,PACE_OCI_L2_AOP_PACE_OCI.20241123T221634.L2.OC_AOP.V3_1.nc_3.1",PACE_OCI_L2_AOP_PACE_OCI.20241123T221634.L2.OC_AOP.V3_1.nc_3.1,PACE_OCI.20241123T221634.L2.OC_AOP.V3_1.nc,0.44682352364212546,2024-11-23 22:19:03.500000+00:00
2903884,2903884QC.nc,6,0.536,-139.777,2024-11-23 13:52:00.000001536+00:00,-17.395126432534468,"PACE_OCI_L2_AOP_PACE_OCI.20241122T214221.L2.OC_AOP.V3_1.nc_3.1,PACE_OCI_L2_AOP_PACE_OCI.20241123T221634.L2.OC_AOP.V3_1.nc_3.1",PACE_OCI_L2_AOP_PACE_OCI.20241123T221634.L2.OC_AOP.V3_1.nc_3.1,PACE_OCI.20241123T221634.L2.OC_AOP.V3_1.nc,0.5604110177791327,2024-11-23 22:19:03.500000+00:00
2903884,2903884QC.nc,7,0.539,-139.749,2024-11-23 23:37:00.000001536+00:00,47.39201990931252,"PACE_OCI_L2_AOP_PACE_OCI.20241123T221634.L2.OC_AOP.V3_1.nc_3.1,PACE_OCI_L2_AOP_PACE_OCI.20241124T225047.L2.OC_AOP.V3_1.nc_3.1",PACE_OCI_L2_AOP_PACE_OCI.20241123T221634.L2.OC_AOP.V3_1.nc_3.1,PACE_OCI.20241123T221634.L2.OC_AOP.V3_1.nc,0.5144104269859207,2024-11-23 22:19:03.500000+00:00
2903884,2903884QC.nc,8,0.54,-139.72,2024-11-24 11:06:59.999998464+00:00,-54.16175424981149,"PACE_OCI_L2_AOP_PACE_OCI.20241123T221634.L2.OC_AOP.V3_1.nc_3.1,PACE_OCI_L2_AOP_PACE_OCI.20241124T225047.L2.OC_AOP.V3_1.nc_3.1",PACE_OCI_L2_AOP_PACE_OCI.20241123T221634.L2.OC_AOP.V3_1.nc_3.1,PACE_OCI.20241123T221634.L2.OC_AOP.V3_1.nc,0.19211229096581342,2024-11-23 22:19:03.500000+00:00
2903884,2903884QC.nc,9,0.54,-139.692,2024-11-24 22:36:59.999994880+00:00,59.13279028166806,"PACE_OCI_L2_AOP_PACE_OCI.20241124T225047.L2.OC_AOP.V3_1.nc_3.1,PACE_OCI_L2_AOP_PACE_OCI.20241125T214643.L2.OC_AOP.V3_1.nc_3.1",PACE_OCI_L2_AOP_PACE_OCI.20241125T214643.L2.OC_AOP.V3_1.nc_3.1,PACE_OCI.20241125T214643.L2.OC_AOP.V3_1.nc,1.6784351169243457,2024-11-25 21:49:12.500000+00:00
2903884,2903884QC.nc,10,0.522,-139.67,2024-11-25 09:47:59.999999488+00:00,-67.17845545864911,"PACE_OCI_L2_AOP_PACE_OCI.20241124T225047.L2.OC_AOP.V3_1.nc_3.1,PACE_OCI_L2_AOP_PACE_OCI.20241125T214643.L2.OC_AOP.V3_1.nc_3.1",PACE_OCI_L2_AOP_PACE_OCI.20241125T214643.L2.OC_AOP.V3_1.nc_3.1,PACE_OCI.20241125T214643.L2.OC_AOP.V3_1.nc,4.683389848921458,2024-11-25 21:49:12.500000+00:00
2903884,2903884QC.nc,11,0.494,-139.652,2024-11-25 20:53:00.000005120+00:00,68.32290335224957,"PACE_OCI_L2_AOP_PACE_OCI.20241124T225047.L2.OC_AOP.V3_1.nc_3.1,PACE_OCI_L2_AOP_PACE_OCI.20241125T214643.L2.OC_AOP.V3_1.nc_3.1",PACE_OCI_L2_AOP_PACE_OCI.20241125T214643.L2.OC_AOP.V3_1.nc_3.1,PACE_OCI.20241125T214643.L2.OC_AOP.V3_1.nc,4.081514588209656,2024-11-25 21:49:12.500000+00:00
2903884,2903884QC.nc,12,0.462,-139.624,2024-11-26 08:57:59.999996928+00:00,-69.31623231441792,"PACE_OCI_L2_AOP_PACE_OCI.20241125T214643.L2.OC_AOP.V3_1.nc_3.1,PACE_OCI_L2_AOP_PACE_OCI.20241126T222056.L2.OC_AOP.V3_1.nc_3.1",PACE_OCI_L2_AOP_PACE_OCI.20241126T222056.L2.OC_AOP.V3_1.nc_3.1,PACE_OCI.20241126T222056.L2.OC_AOP.V3_1.nc,0.6204636037578205,2024-11-26 22:23:25.500000+00:00
2903884,2903884QC.nc,15,0.943,-138.307,2024-12-26 17:09:00.000001536+00:00,25.806223472663675,PACE_OCI_L2_AOP_PACE_OCI.20241225T223729.L2.OC_AOP.V3_1.nc_3.1,PACE_OCI_L2_AOP_PACE_OCI.20241225T223729.L2.OC_AOP.V3_1.nc_3.1,PACE_OCI.20241225T223729.L2.OC_AOP.V3_1.nc,6.1843222168316645,2024-12-25 22:39:58.500000+00:00
2903884,2903884QC.nc,16,0.362,-138.387,2025-01-05 21:28:59.999996928+00:00,67.01809976253939,PACE_OCI_L2_AOP_PACE_OCI.20250105T222625.L2.OC_AOP.V3_1.nc_3.1,PACE_OCI_L2_AOP_PACE_OCI.20250105T222625.L2.OC_AOP.V3_1.nc_3.1,PACE_OCI.20250105T222625.L2.OC_AOP.V3_1.nc,0.3809396090137932,2025-01-05 22:28:54.500000+00:00
2903884,2903884QC.nc,17,-0.347,-138.044,2025-01-16 01:49:00.000002560+00:00,21.769312393827907,"PACE_OCI_L2_AOP_PACE_OCI.20250115T214015.L2.OC_AOP.V3_1.nc_3.1,PACE_OCI_L2_AOP_PACE_OCI.20250116T221458.L2.OC_AOP.V3_1.nc_3.1",PACE_OCI_L2_AOP_PACE_OCI.20250115T214015.L2.OC_AOP.V3_1.nc_3.1,PACE_OCI.20250115T214015.L2.OC_AOP.V3_1.nc,0.5495833678818233,2025-01-15 21:42:44.500000+00:00
2903884,2903884QC.nc,18,-0.227,-137.417,2025-01-26 06:10:00.000004608+00:00,-39.22226773030465,"PACE_OCI_L2_AOP_PACE_OCI.20250125T223228.L2.OC_AOP.V3_1.nc_3.1,PACE_OCI_L2_AOP_PACE_OCI.20250126T212852.L2.OC_AOP.V3_1.nc_3.1",PACE_OCI_L2_AOP_PACE_OCI.20250126T212852.L2.OC_AOP.V3_1.nc_3.1,PACE_OCI.20250126T212852.L2.OC_AOP.V3_1.nc,0.4766281906349096,2025-01-26 21:31:21.500000+00:00
2903884,2903884QC.nc,19,0.154,-136.761,2025-02-05 10:30:00+00:00,-66.8915673877149,"PACE_OCI_L2_AOP_PACE_OCI.20250204T214610.L2.OC_AOP.V3_1.nc_3.1,PACE_OCI_L2_AOP_PACE_OCI.20250205T222106.L2.OC_AOP.V3_1.nc_3.1",PACE_OCI_L2_AOP_PACE_OCI.20250204T214610.L2.OC_AOP.V3_1.nc_3.1,PACE_OCI.20250204T214610.L2.OC_AOP.V3_1.nc,0.43353283778438567,2025-02-04 21:48:39.500000+00:00
2903884,2903884QC.nc,20,0.513,-136.033,2025-02-15 14:53:00.000005120+00:00,-6.254740894238342,"PACE_OCI_L2_AOP_PACE_OCI.20250214T224608.L2.OC_AOP.V3_1.nc_3.1,PACE_OCI_L2_AOP_PACE_OCI.20250215T214320.L2.OC_AOP.V3_1.nc_3.1",PACE_OCI_L2_AOP_PACE_OCI.20250214T224608.L2.OC_AOP.V3_1.nc_3.1,PACE_OCI.20250214T224608.L2.OC_AOP.V3_1.nc,0.47283797438246483,2025-02-14 22:48:37.500000+00:00
2903884,2903884QC.nc,21,0.448,-135.653,2025-02-26 03:08:59.999997952+00:00,1.83419595263667,PACE_OCI_L2_AOP_PACE_OCI.20250225T224351.L2.OC_AOP.V3_1.nc_3.1,PACE_OCI_L2_AOP_PACE_OCI.20250225T224351.L2.OC_AOP.V3_1.nc_3.1,PACE_OCI.20250225T224351.L2.OC_AOP.V3_1.nc,1.4917357721887488,2025-02-25 22:46:20.500000+00:00
2903884,2903884QC.nc,24,1.097,-133.798,2025-03-28 04:16:00+00:00,-18.85381161541121,PACE_OCI_L2_AOP_PACE_OCI.20250327T222202.L2.OC_AOP.V3_1.nc_3.1,PACE_OCI_L2_AOP_PACE_OCI.20250327T222202.L2.OC_AOP.V3_1.nc_3.1,PACE_OCI.20250327T222202.L2.OC_AOP.V3_1.nc,1.6941845544809366,2025-03-27 22:24:31.500000+00:00
2903884,2903884QC.nc,29,1.176,-133.897,2025-05-17 22:15:00.000003584+00:00,62.61689388956137,"PACE_OCI_L2_AOP_PACE_OCI.20250516T221445.L2.OC_AOP.V3_1.nc_3.1,PACE_OCI_L2_AOP_PACE_OCI.20250518T214703.L2.OC_AOP.V3_1.nc_3.1",PACE_OCI_L2_AOP_PACE_OCI.20250518T214703.L2.OC_AOP.V3_1.nc_3.1,PACE_OCI.20250518T214703.L2.OC_AOP.V3_1.nc,0.21433275885145245,2025-05-18 21:49:32.500000+00:00
2903884,2903884QC.nc,30,1.524,-134.392,2025-05-28 02:42:00.000004096+00:00,3.735532508068014,PACE_OCI_L2_AOP_PACE_OCI.20250528T210646.L2.OC_AOP.V3_1.nc_3.1,PACE_OCI_L2_AOP_PACE_OCI.20250528T210646.L2.OC_AOP.V3_1.nc_3.1,PACE_OCI.20250528T210646.L2.OC_AOP.V3_1.nc,15.079589846018173,2025-05-28 21:09:15.500000+00:00
2903884,2903884QC.nc,31,1.189,-134.998,2025-06-07 07:01:00.000003072+00:00,-52.612014238100045,PACE_OCI_L2_AOP_PACE_OCI.20250606T212916.L2.OC_AOP.V3_1.nc_3.1,PACE_OCI_L2_AOP_PACE_OCI.20250606T212916.L2.OC_AOP.V3_1.nc_3.1,PACE_OCI.20250606T212916.L2.OC_AOP.V3_1.nc,1.1237602223284313,2025-06-06 21:31:45.500000+00:00
2903885,2903885QC.nc,3,-11.969,95.057,2025-04-07 14:14:00.000003584+00:00,-38.61228217940368,PACE_OCI_L2_AOP_PACE_OCI.20250408T062503.L2.OC_AOP.V3_1.nc_3.1,PACE_OCI_L2_AOP_PACE_OCI.20250408T062503.L2.OC_AOP.V3_1.nc_3.1,PACE_OCI.20250408T062503.L2.OC_AOP.V3_1.nc,0.8349070218938707,2025-04-08 06:27:33+00:00
2903885,2903885QC.nc,4,-11.977,95.054,2025-04-08 11:04:59.999995392+00:00,7.426949874949683,PACE_OCI_L2_AOP_PACE_OCI.20250408T062503.L2.OC_AOP.V3_1.nc_3.1,PACE_OCI_L2_AOP_PACE_OCI.20250408T062503.L2.OC_AOP.V3_1.nc_3.1,PACE_OCI.20250408T062503.L2.OC_AOP.V3_1.nc,0.9504579543641637,2025-04-08 06:27:33+00:00
2903885,2903885QC.nc,7,-11.91,94.799,2025-04-20 20:06:59.999998464+00:00,-53.95004261946703,PACE_OCI_L2_AOP_PACE_OCI.20250421T073139.L2.OC_AOP.V3_1.nc_3.1,PACE_OCI_L2_AOP_PACE_OCI.20250421T073139.L2.OC_AOP.V3_1.nc_3.1,PACE_OCI.20250421T073139.L2.OC_AOP.V3_1.nc,52.28012418031575,2025-04-21 07:34:09+00:00
2903885,2903885QC.nc,8,-11.729,94.29,2025-05-01 07:55:59.999997440+00:00,46.88739964381182,PACE_OCI_L2_AOP_PACE_OCI.20250501T065141.L2.OC_AOP.V3_1.nc_3.1,PACE_OCI_L2_AOP_PACE_OCI.20250501T065141.L2.OC_AOP.V3_1.nc_3.1,PACE_OCI.20250501T065141.L2.OC_AOP.V3_1.nc,1.543194928472652,2025-05-01 06:54:11+00:00
2903885,2903885QC.nc,11,-11.232,92.771,2025-05-31 07:16:59.999996416+00:00,50.092847372348864,PACE_OCI_L2_AOP_PACE_OCI.20250601T070425.L2.OC_AOP.V3_1.nc_3.1,PACE_OCI_L2_AOP_PACE_OCI.20250601T070425.L2.OC_AOP.V3_1.nc_3.1,PACE_OCI.20250601T070425.L2.OC_AOP.V3_1.nc,1.2074243217424498,2025-06-01 07:06:54.500000+00:00
2903886,2903886QC.nc,48,32.079,-119.565,2024-04-17 01:52:00.000001536+00:00,6.9378905180243695,PACE_OCI_L2_AOP_PACE_OCI.20240417T201159.L2.OC_AOP.V3_1.nc_3.1,PACE_OCI_L2_AOP_PACE_OCI.20240417T201159.L2.OC_AOP.V3_1.nc_3.1,PACE_OCI.20240417T201159.L2.OC_AOP.V3_1.nc,106.08614585771834,2024-04-17 20:14:29+00:00
2903886,2903886QC.nc,50,32.669,-120.155,2024-05-07 18:45:00+00:00,67.50362370688886,"PACE_OCI_L2_AOP_PACE_OCI.20240506T194750.L2.OC_AOP.V3_1.nc_3.1,PACE_OCI_L2_AOP_PACE_OCI.20240507T202245.L2.OC_AOP.V3_1.nc_3.1",PACE_OCI_L2_AOP_PACE_OCI.20240507T202245.L2.OC_AOP.V3_1.nc_3.1,PACE_OCI.20240507T202245.L2.OC_AOP.V3_1.nc,0.5064878902049341,2024-05-07 20:25:15+00:00
2903886,2903886QC.nc,51,33.209,-120.641,2024-05-18 00:42:00.000000512+00:00,26.367356086778656,"PACE_OCI_L2_AOP_PACE_OCI.20240517T193826.L2.OC_AOP.V3_1.nc_3.1,PACE_OCI_L2_AOP_PACE_OCI.20240518T201318.L2.OC_AOP.V3_1.nc_3.1",PACE_OCI_L2_AOP_PACE_OCI.20240517T193826.L2.OC_AOP.V3_1.nc_3.1,PACE_OCI.20240517T193826.L2.OC_AOP.V3_1.nc,45.25462220136208,2024-05-17 19:40:56+00:00
2903886,2903886QC.nc,53,33.603,-120.404,2024-06-07 12:31:59.999996416+00:00,-4.281504806002802,"PACE_OCI_L2_AOP_PACE_OCI.20240606T194618.L2.OC_AOP.V3_1.nc_3.1,PACE_OCI_L2_AOP_PACE_OCI.20240607T202105.L2.OC_AOP.V3_1.nc_3.1",PACE_OCI_L2_AOP_PACE_OCI.20240607T202105.L2.OC_AOP.V3_1.nc_3.1,PACE_OCI.20240607T202105.L2.OC_AOP.V3_1.nc,57.97200533371437,2024-06-07 20:23:34.500000+00:00
2903886,2903886QC.nc,54,33.541,-120.601,2024-06-17 18:24:00.000004608+00:00,65.99358831259342,PACE_OCI_L2_AOP_PACE_OCI.20240616T203852.L2.OC_AOP.V3_1.nc_3.1,PACE_OCI_L2_AOP_PACE_OCI.20240616T203852.L2.OC_AOP.V3_1.nc_3.1,PACE_OCI.20240616T203852.L2.OC_AOP.V3_1.nc,0.3976721958286101,2024-06-16 20:41:21.500000+00:00
2903886,2903886QC.nc,56,33.728,-120.975,2024-07-08 06:17:59.999995904+00:00,-27.95464813684408,"PACE_OCI_L2_AOP_PACE_OCI.20240707T194055.L2.OC_AOP.V3_1.nc_3.1,PACE_OCI_L2_AOP_PACE_OCI.20240707T211913.L2.OC_AOP.V3_1.nc_3.1,PACE_OCI_L2_AOP_PACE_OCI.20240708T201528.L2.OC_AOP.V3_1.nc_3.1",PACE_OCI_L2_AOP_PACE_OCI.20240708T201528.L2.OC_AOP.V3_1.nc_3.1,PACE_OCI.20240708T201528.L2.OC_AOP.V3_1.nc,38.69392008202808,2024-07-08 20:17:57.500000+00:00
2903886,2903886QC.nc,59,33.025,-121.377,2024-08-08 02:23:59.999997952+00:00,6.175344673292906,PACE_OCI_L2_AOP_PACE_OCI.20240808T200615.L2.OC_AOP.V3_1.nc_3.1,PACE_OCI_L2_AOP_PACE_OCI.20240808T200615.L2.OC_AOP.V3_1.nc_3.1,PACE_OCI.20240808T200615.L2.OC_AOP.V3_1.nc,142.02986876192517,2024-08-08 20:08:45+00:00
2903886,2903886QC.nc,61,33.073,-121.632,2024-08-28 23:04:59.999995392+00:00,42.7717496719834,PACE_OCI_L2_AOP_PACE_OCI.20240828T201221.L2.OC_AOP.V3_1.nc_3.1,PACE_OCI_L2_AOP_PACE_OCI.20240828T201221.L2.OC_AOP.V3_1.nc_3.1,PACE_OCI.20240828T201221.L2.OC_AOP.V3_1.nc,163.28944877897004,2024-08-28 20:14:51+00:00
2903886,2903886QC.nc,64,33.247,-121.839,2024-09-28 08:06:59.999998464+00:00,-58.9410050552075,PACE_OCI_L2_AOP_PACE_OCI.20240928T195526.L2.OC_AOP.V3_1.nc_3.1,PACE_OCI_L2_AOP_PACE_OCI.20240928T195526.L2.OC_AOP.V3_1.nc_3.1,PACE_OCI.20240928T195526.L2.OC_AOP.V3_1.nc,205.15975534559664,2024-09-28 19:57:55.500000+00:00
2903886,2903886QC.nc,68,33.281,-122.316,2024-11-07 18:22:00.000001536+00:00,35.63980440152033,"PACE_OCI_L2_AOP_PACE_OCI.20241106T205614.L2.OC_AOP.V3_1.nc_3.1,PACE_OCI_L2_AOP_PACE_OCI.20241107T195213.L2.OC_AOP.V3_1.nc_3.1",PACE_OCI_L2_AOP_PACE_OCI.20241107T195213.L2.OC_AOP.V3_1.nc_3.1,PACE_OCI.20241107T195213.L2.OC_AOP.V3_1.nc,0.6651215108552795,2024-11-07 19:54:42.500000+00:00
2903886,2903886QC.nc,72,32.336,-122.331,2024-12-18 10:16:00+00:00,-60.062069949922,"PACE_OCI_L2_AOP_PACE_OCI.20241217T194745.L2.OC_AOP.V3_1.nc_3.1,PACE_OCI_L2_AOP_PACE_OCI.20241218T202231.L2.OC_AOP.V3_1.nc_3.1",PACE_OCI_L2_AOP_PACE_OCI.20241218T202231.L2.OC_AOP.V3_1.nc_3.1,PACE_OCI.20241218T202231.L2.OC_AOP.V3_1.nc,0.5912937078142387,2024-12-18 20:25:00.500000+00:00
2903886,2903886QC.nc,77,32.073,-123.12,2025-02-07 02:32:59.999995904+00:00,-9.372878161607536,PACE_OCI_L2_AOP_PACE_OCI.20250206T194957.L2.OC_AOP.V3_1.nc_3.1,PACE_OCI_L2_AOP_PACE_OCI.20250206T194957.L2.OC_AOP.V3_1.nc_3.1,PACE_OCI.20250206T194957.L2.OC_AOP.V3_1.nc,108.76948834547181,2025-02-06 19:52:27+00:00
2903886,2903886QC.nc,79,31.803,-123.041,2025-02-27 18:45:00+00:00,43.60284108397058,PACE_OCI_L2_AOP_PACE_OCI.20250227T204313.L2.OC_AOP.V3_1.nc_3.1,PACE_OCI_L2_AOP_PACE_OCI.20250227T204313.L2.OC_AOP.V3_1.nc_3.1,PACE_OCI.20250227T204313.L2.OC_AOP.V3_1.nc,83.45763324823207,2025-02-27 20:45:42.500000+00:00
2903886,2903886QC.nc,80,31.834,-122.998,2025-03-09 10:44:59.999996416+00:00,-46.72581433061497,PACE_OCI_L2_AOP_PACE_OCI.20250309T200459.L2.OC_AOP.V3_1.nc_3.1,PACE_OCI_L2_AOP_PACE_OCI.20250309T200459.L2.OC_AOP.V3_1.nc_3.1,PACE_OCI.20250309T200459.L2.OC_AOP.V3_1.nc,39.65419490748534,2025-03-09 20:07:28.500000+00:00
2903886,2903886QC.nc,85,31.982,-122.107,2025-04-29 06:47:00.000003072+00:00,-39.77958641971171,PACE_OCI_L2_AOP_PACE_OCI.20250428T200053.L2.OC_AOP.V3_1.nc_3.1,PACE_OCI_L2_AOP_PACE_OCI.20250428T200053.L2.OC_AOP.V3_1.nc_3.1,PACE_OCI.20250428T200053.L2.OC_AOP.V3_1.nc,7.040741041338162,2025-04-28 20:03:22.500000+00:00
2903887,2903887QC.nc,32,15.264,158.966,2024-10-26 04:21:59.999998464+00:00,34.53237040430001,PACE_OCI_L2_AOP_PACE_OCI.20241027T020250.L2.OC_AOP.V3_1.nc_3.1,PACE_OCI_L2_AOP_PACE_OCI.20241027T020250.L2.OC_AOP.V3_1.nc_3.1,PACE_OCI.20241027T020250.L2.OC_AOP.V3_1.nc,44.95740753567482,2024-10-27 02:05:19.500000+00:00
2903887,2903887QC.nc,33,15.329,158.627,2024-11-05 09:08:59.999997952+00:00,-32.41061983703325,PACE_OCI_L2_AOP_PACE_OCI.20241105T021550.L2.OC_AOP.V3_1.nc_3.1,PACE_OCI_L2_AOP_PACE_OCI.20241105T021550.L2.OC_AOP.V3_1.nc_3.1,PACE_OCI.20241105T021550.L2.OC_AOP.V3_1.nc,0.5083526908775985,2024-11-05 02:18:19.500000+00:00
2903887,2903887QC.nc,34,15.568,158.107,2024-11-15 13:46:59.999999488+00:00,-81.12203051339986,"PACE_OCI_L2_AOP_PACE_OCI.20241115T030321.L2.OC_AOP.V3_1.nc_3.1,PACE_OCI_L2_AOP_PACE_OCI.20241116T015918.L2.OC_AOP.V3_1.nc_3.1",PACE_OCI_L2_AOP_PACE_OCI.20241116T015918.L2.OC_AOP.V3_1.nc_3.1,PACE_OCI.20241116T015918.L2.OC_AOP.V3_1.nc,0.5596907586848724,2024-11-16 02:01:47.500000+00:00
2903887,2903887QC.nc,40,16.603,156.308,2025-01-15 13:43:00.000003584+00:00,-85.5828984764409,PACE_OCI_L2_AOP_PACE_OCI.20250115T020529.L2.OC_AOP.V3_1.nc_3.1,PACE_OCI_L2_AOP_PACE_OCI.20250115T020529.L2.OC_AOP.V3_1.nc_3.1,PACE_OCI.20250115T020529.L2.OC_AOP.V3_1.nc,0.8501559017095945,2025-01-15 02:07:59+00:00
2903887,2903887QC.nc,42,17.298,156.543,2025-02-05 06:45:59.999996416+00:00,9.501780965038984,PACE_OCI_L2_AOP_PACE_OCI.20250206T014250.L2.OC_AOP.V3_1.nc_3.1,PACE_OCI_L2_AOP_PACE_OCI.20250206T014250.L2.OC_AOP.V3_1.nc_3.1,PACE_OCI.20250206T014250.L2.OC_AOP.V3_1.nc,32.92020739500343,2025-02-06 01:45:20+00:00
2903887,2903887QC.nc,45,17.382,157.295,2025-03-07 08:46:00+00:00,-16.83952247185628,PACE_OCI_L2_AOP_PACE_OCI.20250307T022517.L2.OC_AOP.V3_1.nc_3.1,PACE_OCI_L2_AOP_PACE_OCI.20250307T022517.L2.OC_AOP.V3_1.nc_3.1,PACE_OCI.20250307T022517.L2.OC_AOP.V3_1.nc,0.48110620974323076,2025-03-07 02:27:46.500000+00:00
2903887,2903887QC.nc,47,17.161,156.822,2025-03-27 18:25:00.000001024+00:00,-16.460542975066364,"PACE_OCI_L2_AOP_PACE_OCI.20250327T024639.L2.OC_AOP.V3_1.nc_3.1,PACE_OCI_L2_AOP_PACE_OCI.20250328T014345.L2.OC_AOP.V3_1.nc_3.1",PACE_OCI_L2_AOP_PACE_OCI.20250328T014345.L2.OC_AOP.V3_1.nc_3.1,PACE_OCI.20250328T014345.L2.OC_AOP.V3_1.nc,2.5249166563748893,2025-03-28 01:46:14.500000+00:00
2903887,2903887QC.nc,53,16.622,154.13,2025-05-27 18:34:59.999995392+00:00,-8.489107540471188,"PACE_OCI_L2_AOP_PACE_OCI.20250527T023435.L2.OC_AOP.V3_1.nc_3.1,PACE_OCI_L2_AOP_PACE_OCI.20250528T030953.L2.OC_AOP.V3_1.nc_3.1",PACE_OCI_L2_AOP_PACE_OCI.20250527T023435.L2.OC_AOP.V3_1.nc_3.1,PACE_OCI.20250527T023435.L2.OC_AOP.V3_1.nc,0.8141404453980889,2025-05-27 02:37:04.500000+00:00
2903887,2903887QC.nc,54,16.832,153.785,2025-06-06 23:26:00.000001024+00:00,57.16685367238216,"PACE_OCI_L2_AOP_PACE_OCI.20250606T015403.L2.OC_AOP.V3_1.nc_3.1,PACE_OCI_L2_AOP_PACE_OCI.20250607T022919.L2.OC_AOP.V3_1.nc_3.1",PACE_OCI_L2_AOP_PACE_OCI.20250607T022919.L2.OC_AOP.V3_1.nc_3.1,PACE_OCI.20250607T022919.L2.OC_AOP.V3_1.nc,0.5251339914964529,2025-06-07 02:31:48.500000+00:00
2903939,2903939QC.nc,0,-18.965,5.996,2025-03-28 15:39:59.999997952+00:00,27.21414997449704,PACE_OCI_L2_AOP_PACE_OCI.20250329T115924.L2.OC_AOP.V3_1.nc_3.1,PACE_OCI_L2_AOP_PACE_OCI.20250329T115924.L2.OC_AOP.V3_1.nc_3.1,PACE_OCI.20250329T115924.L2.OC_AOP.V3_1.nc,14.662315347540153,2025-03-29 12:01:54+00:00
2903939,2903939QC.nc,1,-18.95,5.811,2025-04-07 15:39:59.999997952+00:00,25.16415512546547,PACE_OCI_L2_AOP_PACE_OCI.20250408T125830.L2.OC_AOP.V3_1.nc_3.1,PACE_OCI_L2_AOP_PACE_OCI.20250408T125830.L2.OC_AOP.V3_1.nc_3.1,PACE_OCI.20250408T125830.L2.OC_AOP.V3_1.nc,0.673778790715369,2025-04-08 13:01:00+00:00
2903939,2903939QC.nc,4,-19.555,4.798,2025-05-07 15:16:00.000003072+00:00,25.068739464150188,PACE_OCI_L2_AOP_PACE_OCI.20250507T120155.L2.OC_AOP.V3_1.nc_3.1,PACE_OCI_L2_AOP_PACE_OCI.20250507T120155.L2.OC_AOP.V3_1.nc_3.1,PACE_OCI.20250507T120155.L2.OC_AOP.V3_1.nc,8.360661538915211,2025-05-07 12:04:24.500000+00:00
2903939,2903939QC.nc,6,-19.908,4.101,2025-05-27 16:12:00.000004096+00:00,11.979850690992478,"PACE_OCI_L2_AOP_PACE_OCI.20250527T121442.L2.OC_AOP.V3_1.nc_3.1,PACE_OCI_L2_AOP_PACE_OCI.20250528T125000.L2.OC_AOP.V3_1.nc_3.1",PACE_OCI_L2_AOP_PACE_OCI.20250528T125000.L2.OC_AOP.V3_1.nc_3.1,PACE_OCI.20250528T125000.L2.OC_AOP.V3_1.nc,0.46575992427968194,2025-05-28 12:52:29.500000+00:00
2903939,2903939QC.nc,7,-19.996,3.858,2025-06-06 16:07:59.999998464+00:00,12.665781305589167,"PACE_OCI_L2_AOP_PACE_OCI.20250607T120926.L2.OC_AOP.V3_1.nc_3.1,PACE_OCI_L2_AOP_PACE_OCI.20250607T134747.L2.OC_AOP.V3_1.nc_3.1",PACE_OCI_L2_AOP_PACE_OCI.20250607T120926.L2.OC_AOP.V3_1.nc_3.1,PACE_OCI.20250607T120926.L2.OC_AOP.V3_1.nc,50.44657979943694,2025-06-07 12:11:55.500000+00:00
2903939,2903939QC.nc,8,-20.087,3.807,2025-06-16 16:09:00.000004608+00:00,12.562010943805577,PACE_OCI_L2_AOP_PACE_OCI.20250616T123138.L2.OC_AOP.V3_1.nc_3.1,PACE_OCI_L2_AOP_PACE_OCI.20250616T123138.L2.OC_AOP.V3_1.nc_3.1,PACE_OCI.20250616T123138.L2.OC_AOP.V3_1.nc,0.34228777420761036,2025-06-16 12:34:07.500000+00:00
2903940,2903940QC.nc,0,-15.996,-10.00400000000002,2025-03-22 00:56:00.000001024+00:00,-74.49759852093673,PACE_OCI_L2_AOP_PACE_OCI.20250321T135409.L2.OC_AOP.V3_1.nc_3.1,PACE_OCI_L2_AOP_PACE_OCI.20250321T135409.L2.OC_AOP.V3_1.nc_3.1,PACE_OCI.20250321T135409.L2.OC_AOP.V3_1.nc,0.229432895601917,2025-03-21 13:56:38.500000+00:00
2903940,2903940QC.nc,2,-15.632,-10.009000000000016,2025-04-11 03:56:59.999997440+00:00,-41.64618745337923,"PACE_OCI_L2_AOP_PACE_OCI.20250410T140918.L2.OC_AOP.V3_1.nc_3.1,PACE_OCI_L2_AOP_PACE_OCI.20250411T130620.L2.OC_AOP.V3_1.nc_3.1",PACE_OCI_L2_AOP_PACE_OCI.20250410T140918.L2.OC_AOP.V3_1.nc_3.1,PACE_OCI.20250410T140918.L2.OC_AOP.V3_1.nc,0.6885155541069549,2025-04-10 14:11:47.500000+00:00
2903940,2903940QC.nc,3,-15.456,-10.019000000000004,2025-04-21 06:00:59.999996416+00:00,-12.108164000288664,PACE_OCI_L2_AOP_PACE_OCI.20250421T140505.L2.OC_AOP.V3_1.nc_3.1,PACE_OCI_L2_AOP_PACE_OCI.20250421T140505.L2.OC_AOP.V3_1.nc_3.1,PACE_OCI.20250421T140505.L2.OC_AOP.V3_1.nc,0.1825715417052124,2025-04-21 14:07:35+00:00
2903940,2903940QC.nc,4,-15.406,-10.011000000000024,2025-05-01 06:42:59.999996928+00:00,-2.613707685112344,PACE_OCI_L2_AOP_PACE_OCI.20250430T142808.L2.OC_AOP.V3_1.nc_3.1,PACE_OCI_L2_AOP_PACE_OCI.20250430T142808.L2.OC_AOP.V3_1.nc_3.1,PACE_OCI.20250430T142808.L2.OC_AOP.V3_1.nc,1.6161836434739096,2025-04-30 14:30:38+00:00
2903940,2903940QC.nc,7,-15.641,-9.59699999999998,2025-05-31 10:35:00.000002048+00:00,42.10618082373468,PACE_OCI_L2_AOP_PACE_OCI.20250531T143553.L2.OC_AOP.V3_1.nc_3.1,PACE_OCI_L2_AOP_PACE_OCI.20250531T143553.L2.OC_AOP.V3_1.nc_3.1,PACE_OCI.20250531T143553.L2.OC_AOP.V3_1.nc,8.390284677664143,2025-05-31 14:38:22.500000+00:00
2903941,2903941QC.nc,0,-15.987,-19.031999999999982,2025-03-14 02:17:00.000003072+00:00,-67.5441391488686,PACE_OCI_L2_AOP_PACE_OCI.20250314T144046.L2.OC_AOP.V3_1.nc_3.1,PACE_OCI_L2_AOP_PACE_OCI.20250314T144046.L2.OC_AOP.V3_1.nc_3.1,PACE_OCI.20250314T144046.L2.OC_AOP.V3_1.nc,0.26736808413676494,2025-03-14 14:43:16+00:00
2903941,2903941QC.nc,2,-15.875,-19.605000000000015,2025-04-03 05:26:59.999997440+00:00,-29.02121602588333,PACE_OCI_L2_AOP_PACE_OCI.20250403T145629.L2.OC_AOP.V3_1.nc_3.1,PACE_OCI_L2_AOP_PACE_OCI.20250403T145629.L2.OC_AOP.V3_1.nc_3.1,PACE_OCI.20250403T145629.L2.OC_AOP.V3_1.nc,0.40674742650519435,2025-04-03 14:58:58.500000+00:00
2903941,2903941QC.nc,3,-15.751,-19.944999999999997,2025-04-13 06:47:59.999999488+00:00,-10.166610222159672,"PACE_OCI_L2_AOP_PACE_OCI.20250412T134144.L2.OC_AOP.V3_1.nc_3.1,PACE_OCI_L2_AOP_PACE_OCI.20250413T141707.L2.OC_AOP.V3_1.nc_3.1",PACE_OCI_L2_AOP_PACE_OCI.20250413T141707.L2.OC_AOP.V3_1.nc_3.1,PACE_OCI.20250413T141707.L2.OC_AOP.V3_1.nc,0.1938338247528689,2025-04-13 14:19:36.500000+00:00
2903941,2903941QC.nc,5,-15.478,-20.619000000000028,2025-05-03 09:22:00.000001536+00:00,23.64045552485832,"PACE_OCI_L2_AOP_PACE_OCI.20250502T140027.L2.OC_AOP.V3_1.nc_3.1,PACE_OCI_L2_AOP_PACE_OCI.20250503T143546.L2.OC_AOP.V3_1.nc_3.1",PACE_OCI_L2_AOP_PACE_OCI.20250503T143546.L2.OC_AOP.V3_1.nc_3.1,PACE_OCI.20250503T143546.L2.OC_AOP.V3_1.nc,0.40577104656090224,2025-05-03 14:38:15.500000+00:00
2903941,2903941QC.nc,8,-14.944,-21.423999999999975,2025-06-02 13:58:00.000000512+00:00,51.86719845464528,"PACE_OCI_L2_AOP_PACE_OCI.20250601T151111.L2.OC_AOP.V3_1.nc_3.1,PACE_OCI_L2_AOP_PACE_OCI.20250602T140806.L2.OC_AOP.V3_1.nc_3.1",PACE_OCI_L2_AOP_PACE_OCI.20250602T140806.L2.OC_AOP.V3_1.nc_3.1,PACE_OCI.20250602T140806.L2.OC_AOP.V3_1.nc,0.6740192449351048,2025-06-02 14:10:35.500000+00:00
2903986,2903986QC.nc,1,-29.639,-9.853999999999983,2025-05-05 20:28:00.000003584+00:00,-32.11974550778294,PACE_OCI_L2_AOP_PACE_OCI.20250506T143819.L2.OC_AOP.V3_1.nc_3.1,PACE_OCI_L2_AOP_PACE_OCI.20250506T143819.L2.OC_AOP.V3_1.nc_3.1,PACE_OCI.20250506T143819.L2.OC_AOP.V3_1.nc,0.6265579517421335,2025-05-06 14:40:48.500000+00:00
2903986,2903986QC.nc,2,-29.803,-9.538999999999987,2025-05-15 20:06:00.000002048+00:00,-28.77193744765702,PACE_OCI_L2_AOP_PACE_OCI.20250515T132239.L2.OC_AOP.V3_1.nc_3.1,PACE_OCI_L2_AOP_PACE_OCI.20250515T132239.L2.OC_AOP.V3_1.nc_3.1,PACE_OCI.20250515T132239.L2.OC_AOP.V3_1.nc,4.31462600016921,2025-05-15 13:25:08.500000+00:00
2903986,2903986QC.nc,5,-30.196,-8.971000000000004,2025-06-14 21:42:00.000000512+00:00,-50.72648701121513,PACE_OCI_L2_AOP_PACE_OCI.20250614T125932.L2.OC_AOP.V3_1.nc_3.1,PACE_OCI_L2_AOP_PACE_OCI.20250614T125932.L2.OC_AOP.V3_1.nc_3.1,PACE_OCI.20250614T125932.L2.OC_AOP.V3_1.nc,3.7134657353507365,2025-06-14 13:02:01.500000+00:00
3902261,3902261QC.nc,25,58.832,-23.88900000000001,2025-04-04 00:22:59.999998464+00:00,-23.710863027499823,PACE_OCI_L2_AOP_PACE_OCI.20250403T115946.L2.OC_AOP.V3_1.nc_3.1,PACE_OCI_L2_AOP_PACE_OCI.20250403T115946.L2.OC_AOP.V3_1.nc_3.1,PACE_OCI.20250403T115946.L2.OC_AOP.V3_1.nc,368.06019100692936,2025-04-03 12:02:15.500000+00:00
3902332,3902332QC.nc,0,41.502,-44.75599999999997,2024-06-30 09:16:00.000003072+00:00,17.509721982640777,PACE_OCI_L2_AOP_PACE_OCI.20240629T150331.L2.OC_AOP.V3_1.nc_3.1,PACE_OCI_L2_AOP_PACE_OCI.20240629T150331.L2.OC_AOP.V3_1.nc_3.1,PACE_OCI.20240629T150331.L2.OC_AOP.V3_1.nc,10.223948304311637,2024-06-29 15:06:00.500000+00:00
3902332,3902332QC.nc,1,41.957,-46.14699999999999,2024-07-10 07:40:00.000004608+00:00,-0.0807885840309038,PACE_OCI_L2_AOP_PACE_OCI.20240710T145131.L2.OC_AOP.V3_1.nc_3.1,PACE_OCI_L2_AOP_PACE_OCI.20240710T145131.L2.OC_AOP.V3_1.nc_3.1,PACE_OCI.20240710T145131.L2.OC_AOP.V3_1.nc,92.51351713966949,2024-07-10 14:54:01+00:00
3902334,3902334QC.nc,0,37.331,-72.30200000000002,2025-03-21 19:16:00+00:00,41.1324340310026,PACE_OCI_L2_AOP_PACE_OCI.20250322T175622.L2.OC_AOP.V3_1.nc_3.1,PACE_OCI_L2_AOP_PACE_OCI.20250322T175622.L2.OC_AOP.V3_1.nc_3.1,PACE_OCI.20250322T175622.L2.OC_AOP.V3_1.nc,0.3405346208408412,2025-03-22 17:58:51.500000+00:00
3902334,3902334QC.nc,4,38.096,-63.67700000000002,2025-05-01 05:37:59.999998464+00:00,-33.03314233446771,PACE_OCI_L2_AOP_PACE_OCI.20250501T165149.L2.OC_AOP.V3_1.nc_3.1,PACE_OCI_L2_AOP_PACE_OCI.20250501T165149.L2.OC_AOP.V3_1.nc_3.1,PACE_OCI.20250501T165149.L2.OC_AOP.V3_1.nc,1.7371533620692143,2025-05-01 16:54:19+00:00
3902340,3902340QC.nc,0,20.617,-177.948,2024-10-05 10:19:59.999995392+00:00,-65.07227261366971,PACE_OCI_L2_AOP_PACE_OCI.20241005T235511.L2.OC_AOP.V3_1.nc_3.1,PACE_OCI_L2_AOP_PACE_OCI.20241005T235511.L2.OC_AOP.V3_1.nc_3.1,PACE_OCI.20241005T235511.L2.OC_AOP.V3_1.nc,1.668338201439549,2024-10-05 23:57:41+00:00
3902340,3902340QC.nc,1,20.396,-177.844,2024-10-15 08:43:00.000000512+00:00,-46.46440439020436,"PACE_OCI_L2_AOP_PACE_OCI.20241015T000754.L2.OC_AOP.V3_1.nc_3.1,PACE_OCI_L2_AOP_PACE_OCI.20241016T004204.L2.OC_AOP.V3_1.nc_3.1",PACE_OCI_L2_AOP_PACE_OCI.20241016T004204.L2.OC_AOP.V3_1.nc_3.1,PACE_OCI.20241016T004204.L2.OC_AOP.V3_1.nc,0.3953477553691946,2024-10-16 00:44:33.500000+00:00
3902340,3902340QC.nc,3,20.155,-177.195,2024-11-04 08:34:59.999998976+00:00,-47.6801421047581,PACE_OCI_L2_AOP_PACE_OCI.20241105T003733.L2.OC_AOP.V3_1.nc_3.1,PACE_OCI_L2_AOP_PACE_OCI.20241105T003733.L2.OC_AOP.V3_1.nc_3.1,PACE_OCI.20241105T003733.L2.OC_AOP.V3_1.nc,2.1389849493212587,2024-11-05 00:40:03+00:00
3902340,3902340QC.nc,13,19.768,-176.429,2025-02-13 07:47:59.999995904+00:00,-29.59862812818508,"PACE_OCI_L2_AOP_PACE_OCI.20250213T005644.L2.OC_AOP.V3_1.nc_3.1,PACE_OCI_L2_AOP_PACE_OCI.20250213T235356.L2.OC_AOP.V3_1.nc_3.1",PACE_OCI_L2_AOP_PACE_OCI.20250213T005644.L2.OC_AOP.V3_1.nc_3.1,PACE_OCI.20250213T005644.L2.OC_AOP.V3_1.nc,0.6589734848017015,2025-02-13 00:59:14+00:00
3902340,3902340QC.nc,14,19.892,-176.673,2025-02-23 10:18:00.000002560+00:00,-63.36903575048064,"PACE_OCI_L2_AOP_PACE_OCI.20250223T001858.L2.OC_AOP.V3_1.nc_3.1,PACE_OCI_L2_AOP_PACE_OCI.20250224T005429.L2.OC_AOP.V3_1.nc_3.1",PACE_OCI_L2_AOP_PACE_OCI.20250223T001858.L2.OC_AOP.V3_1.nc_3.1,PACE_OCI.20250223T001858.L2.OC_AOP.V3_1.nc,0.36278552512162865,2025-02-23 00:21:27.500000+00:00
3902340,3902340QC.nc,17,20.233,-177.732,2025-03-25 16:29:00.000003584+00:00,-19.72696727271208,"PACE_OCI_L2_AOP_PACE_OCI.20250324T235721.L2.OC_AOP.V3_1.nc_3.1,PACE_OCI_L2_AOP_PACE_OCI.20250326T003250.L2.OC_AOP.V3_1.nc_3.1",PACE_OCI_L2_AOP_PACE_OCI.20250326T003250.L2.OC_AOP.V3_1.nc_3.1,PACE_OCI.20250326T003250.L2.OC_AOP.V3_1.nc,0.8745130538667447,2025-03-26 00:35:19.500000+00:00
3902340,3902340QC.nc,19,20.457,-178.428,2025-04-14 19:43:00.000003584+00:00,28.880266323478786,PACE_OCI_L2_AOP_PACE_OCI.20250414T001716.L2.OC_AOP.V3_1.nc_3.1,PACE_OCI_L2_AOP_PACE_OCI.20250414T001716.L2.OC_AOP.V3_1.nc_3.1,PACE_OCI.20250414T001716.L2.OC_AOP.V3_1.nc,0.49038097211975806,2025-04-14 00:19:46+00:00
3902340,3902340QC.nc,21,20.514,-179.051,2025-05-04 23:01:59.999996416+00:00,77.2072421543172,PACE_OCI_L2_AOP_PACE_OCI.20250505T010611.L2.OC_AOP.V3_1.nc_3.1,PACE_OCI_L2_AOP_PACE_OCI.20250505T010611.L2.OC_AOP.V3_1.nc_3.1,PACE_OCI.20250505T010611.L2.OC_AOP.V3_1.nc,1.0428008235379482,2025-05-05 01:08:40.500000+00:00
3902340,3902340QC.nc,25,20.398,-179.827,2025-06-14 05:49:59.999995392+00:00,10.08644774235563,PACE_OCI_L2_AOP_PACE_OCI.20250615T003759.L2.OC_AOP.V3_1.nc_3.1,PACE_OCI_L2_AOP_PACE_OCI.20250615T003759.L2.OC_AOP.V3_1.nc_3.1,PACE_OCI.20250615T003759.L2.OC_AOP.V3_1.nc,3.658187093563254,2025-06-15 00:40:28.500000+00:00
3902341,3902341QC.nc,2,15.153,154.183,2024-10-30 17:17:59.999999488+00:00,-34.24391334418106,"PACE_OCI_L2_AOP_PACE_OCI.20241030T020652.L2.OC_AOP.V3_1.nc_3.1,PACE_OCI_L2_AOP_PACE_OCI.20241031T024104.L2.OC_AOP.V3_1.nc_3.1",PACE_OCI_L2_AOP_PACE_OCI.20241031T024104.L2.OC_AOP.V3_1.nc_3.1,PACE_OCI.20241031T024104.L2.OC_AOP.V3_1.nc,0.4609233517488541,2024-10-31 02:43:34+00:00
3902341,3902341QC.nc,4,14.583,154.376,2024-11-19 18:45:00+00:00,-14.765765128556898,"PACE_OCI_L2_AOP_PACE_OCI.20241119T020337.L2.OC_AOP.V3_1.nc_3.1,PACE_OCI_L2_AOP_PACE_OCI.20241120T023750.L2.OC_AOP.V3_1.nc_3.1",PACE_OCI_L2_AOP_PACE_OCI.20241119T020337.L2.OC_AOP.V3_1.nc_3.1,PACE_OCI.20241119T020337.L2.OC_AOP.V3_1.nc,0.34290849836174936,2024-11-19 02:06:06.500000+00:00
3902341,3902341QC.nc,10,14.806,158.41,2025-01-19 02:35:59.999995392+00:00,52.02506143576746,PACE_OCI_L2_AOP_PACE_OCI.20250120T014226.L2.OC_AOP.V3_1.nc_3.1,PACE_OCI_L2_AOP_PACE_OCI.20250120T014226.L2.OC_AOP.V3_1.nc_3.1,PACE_OCI.20250120T014226.L2.OC_AOP.V3_1.nc,3.619901706417493,2025-01-20 01:44:56+00:00
3902341,3902341QC.nc,11,15.113,158.185,2025-01-29 05:20:00.000002048+00:00,26.65417082844948,PACE_OCI_L2_AOP_PACE_OCI.20250129T015951.L2.OC_AOP.V3_1.nc_3.1,PACE_OCI_L2_AOP_PACE_OCI.20250129T015951.L2.OC_AOP.V3_1.nc_3.1,PACE_OCI.20250129T015951.L2.OC_AOP.V3_1.nc,0.5516302192527699,2025-01-29 02:02:20.500000+00:00
3902341,3902341QC.nc,12,15.38,157.591,2025-02-08 06:30:00.000003584+00:00,13.15853485061668,PACE_OCI_L2_AOP_PACE_OCI.20250209T015117.L2.OC_AOP.V3_1.nc_3.1,PACE_OCI_L2_AOP_PACE_OCI.20250209T015117.L2.OC_AOP.V3_1.nc_3.1,PACE_OCI.20250209T015117.L2.OC_AOP.V3_1.nc,0.5258974236351325,2025-02-09 01:53:47+00:00
3902341,3902341QC.nc,13,15.632,156.812,2025-02-18 08:26:00.000001024+00:00,-12.43065081399892,PACE_OCI_L2_AOP_PACE_OCI.20250218T021614.L2.OC_AOP.V3_1.nc_3.1,PACE_OCI_L2_AOP_PACE_OCI.20250218T021614.L2.OC_AOP.V3_1.nc_3.1,PACE_OCI.20250218T021614.L2.OC_AOP.V3_1.nc,0.5167568512128493,2025-02-18 02:18:43.500000+00:00
3902341,3902341QC.nc,16,16.173,154.626,2025-03-20 14:06:00.000002048+00:00,-73.19987364650152,PACE_OCI_L2_AOP_PACE_OCI.20250320T015506.L2.OC_AOP.V3_1.nc_3.1,PACE_OCI_L2_AOP_PACE_OCI.20250320T015506.L2.OC_AOP.V3_1.nc_3.1,PACE_OCI.20250320T015506.L2.OC_AOP.V3_1.nc,0.7413722388861017,2025-03-20 01:57:36+00:00
3902341,3902341QC.nc,17,16.109,154.065,2025-03-30 16:05:59.999995392+00:00,-50.38237245493815,PACE_OCI_L2_AOP_PACE_OCI.20250330T025440.L2.OC_AOP.V3_1.nc_3.1,PACE_OCI_L2_AOP_PACE_OCI.20250330T025440.L2.OC_AOP.V3_1.nc_3.1,PACE_OCI.20250330T025440.L2.OC_AOP.V3_1.nc,0.4984450460226567,2025-03-30 02:57:10+00:00
3902341,3902341QC.nc,24,14.463,152.67,2025-06-09 07:30:59.999996416+00:00,9.62857520537082,"PACE_OCI_L2_AOP_PACE_OCI.20250609T020129.L2.OC_AOP.V3_1.nc_3.1,PACE_OCI_L2_AOP_PACE_OCI.20250610T023645.L2.OC_AOP.V3_1.nc_3.1",PACE_OCI_L2_AOP_PACE_OCI.20250610T023645.L2.OC_AOP.V3_1.nc_3.1,PACE_OCI.20250610T023645.L2.OC_AOP.V3_1.nc,0.44744709703901864,2025-06-10 02:39:14.500000+00:00
3902341,3902341QC.nc,25,14.636,152.611,2025-06-19 09:08:59.999997952+00:00,-11.315512206992334,PACE_OCI_L2_AOP_PACE_OCI.20250620T015546.L2.OC_AOP.V3_1.nc_3.1,PACE_OCI_L2_AOP_PACE_OCI.20250620T015546.L2.OC_AOP.V3_1.nc_3.1,PACE_OCI.20250620T015546.L2.OC_AOP.V3_1.nc,173.91145342458458,2025-06-20 01:58:15.500000+00:00
3902342,3902342QC.nc,1,21.258,-173.378,2024-10-14 09:36:59.999998464+00:00,-62.1831650289158,"PACE_OCI_L2_AOP_PACE_OCI.20241013T233344.L2.OC_AOP.V3_1.nc_3.1,PACE_OCI_L2_AOP_PACE_OCI.20241015T000754.L2.OC_AOP.V3_1.nc_3.1",PACE_OCI_L2_AOP_PACE_OCI.20241015T000754.L2.OC_AOP.V3_1.nc_3.1,PACE_OCI.20241015T000754.L2.OC_AOP.V3_1.nc,1.0871853975833365,2024-10-15 00:10:24+00:00
3902342,3902342QC.nc,86,22.349,-177.616,2025-01-29 02:20:00.000002048+00:00,37.73611966064514,PACE_OCI_L2_AOP_PACE_OCI.20250130T005614.L2.OC_AOP.V3_1.nc_3.1,PACE_OCI_L2_AOP_PACE_OCI.20250130T005614.L2.OC_AOP.V3_1.nc_3.1,PACE_OCI.20250130T005614.L2.OC_AOP.V3_1.nc,1.440562223150918,2025-01-30 00:58:43.500000+00:00
3902342,3902342QC.nc,87,22.377,-177.626,2025-01-30 09:22:00.000001536+00:00,-51.79671961846146,PACE_OCI_L2_AOP_PACE_OCI.20250130T005614.L2.OC_AOP.V3_1.nc_3.1,PACE_OCI_L2_AOP_PACE_OCI.20250130T005614.L2.OC_AOP.V3_1.nc_3.1,PACE_OCI.20250130T005614.L2.OC_AOP.V3_1.nc,0.5835288140317476,2025-01-30 00:58:43.500000+00:00
3902342,3902342QC.nc,88,22.363,-177.635,2025-01-31 01:07:00.000001536+00:00,47.39740668168152,PACE_OCI_L2_AOP_PACE_OCI.20250201T002719.L2.OC_AOP.V3_1.nc_3.1,PACE_OCI_L2_AOP_PACE_OCI.20250201T002719.L2.OC_AOP.V3_1.nc_3.1,PACE_OCI.20250201T002719.L2.OC_AOP.V3_1.nc,0.037553263438208445,2025-02-01 00:29:48.500000+00:00
3902342,3902342QC.nc,89,22.363,-177.649,2025-01-31 12:33:00.000002560+00:00,-81.46655640965302,PACE_OCI_L2_AOP_PACE_OCI.20250201T002719.L2.OC_AOP.V3_1.nc_3.1,PACE_OCI_L2_AOP_PACE_OCI.20250201T002719.L2.OC_AOP.V3_1.nc_3.1,PACE_OCI.20250201T002719.L2.OC_AOP.V3_1.nc,0.3598199151659857,2025-02-01 00:29:48.500000+00:00
3902342,3902342QC.nc,90,22.352,-177.646,2025-02-01 03:53:00.000001536+00:00,21.582094914868986,"PACE_OCI_L2_AOP_PACE_OCI.20250201T002719.L2.OC_AOP.V3_1.nc_3.1,PACE_OCI_L2_AOP_PACE_OCI.20250202T010200.L2.OC_AOP.V3_1.nc_3.1",PACE_OCI_L2_AOP_PACE_OCI.20250201T002719.L2.OC_AOP.V3_1.nc_3.1,PACE_OCI.20250201T002719.L2.OC_AOP.V3_1.nc,0.3075398283292995,2025-02-01 00:29:48.500000+00:00
3902342,3902342QC.nc,91,22.356,-177.663,2025-02-01 19:27:00.000000512+00:00,11.751740347357403,"PACE_OCI_L2_AOP_PACE_OCI.20250201T002719.L2.OC_AOP.V3_1.nc_3.1,PACE_OCI_L2_AOP_PACE_OCI.20250202T010200.L2.OC_AOP.V3_1.nc_3.1",PACE_OCI_L2_AOP_PACE_OCI.20250201T002719.L2.OC_AOP.V3_1.nc_3.1,PACE_OCI.20250201T002719.L2.OC_AOP.V3_1.nc,0.5563728672983689,2025-02-01 00:29:48.500000+00:00
3902342,3902342QC.nc,92,22.358,-177.661,2025-02-02 11:21:59.999994880+00:00,-78.52448830356997,PACE_OCI_L2_AOP_PACE_OCI.20250202T010200.L2.OC_AOP.V3_1.nc_3.1,PACE_OCI_L2_AOP_PACE_OCI.20250202T010200.L2.OC_AOP.V3_1.nc_3.1,PACE_OCI.20250202T010200.L2.OC_AOP.V3_1.nc,0.822016885468521,2025-02-02 01:04:30+00:00
3902342,3902342QC.nc,93,22.356,-177.675,2025-02-02 22:49:59.999998976+00:00,47.07791124281868,PACE_OCI_L2_AOP_PACE_OCI.20250202T010200.L2.OC_AOP.V3_1.nc_3.1,PACE_OCI_L2_AOP_PACE_OCI.20250202T010200.L2.OC_AOP.V3_1.nc_3.1,PACE_OCI.20250202T010200.L2.OC_AOP.V3_1.nc,0.5535515777097282,2025-02-02 01:04:30+00:00
3902342,3902342QC.nc,95,22.366,-177.693,2025-02-04 01:55:00.000001024+00:00,42.93539534173218,PACE_OCI_L2_AOP_PACE_OCI.20250205T010747.L2.OC_AOP.V3_1.nc_3.1,PACE_OCI_L2_AOP_PACE_OCI.20250205T010747.L2.OC_AOP.V3_1.nc_3.1,PACE_OCI.20250205T010747.L2.OC_AOP.V3_1.nc,6.933292177019678,2025-02-05 01:10:16.500000+00:00
3902342,3902342QC.nc,96,22.371,-177.687,2025-02-04 13:16:00+00:00,-72.02225011227844,PACE_OCI_L2_AOP_PACE_OCI.20250205T010747.L2.OC_AOP.V3_1.nc_3.1,PACE_OCI_L2_AOP_PACE_OCI.20250205T010747.L2.OC_AOP.V3_1.nc_3.1,PACE_OCI.20250205T010747.L2.OC_AOP.V3_1.nc,6.8043933980369165,2025-02-05 01:10:16.500000+00:00
3902342,3902342QC.nc,97,22.362,-177.707,2025-02-05 05:35:59.999995392+00:00,0.8479483390293117,"PACE_OCI_L2_AOP_PACE_OCI.20250205T010747.L2.OC_AOP.V3_1.nc_3.1,PACE_OCI_L2_AOP_PACE_OCI.20250206T000428.L2.OC_AOP.V3_1.nc_3.1",PACE_OCI_L2_AOP_PACE_OCI.20250206T000428.L2.OC_AOP.V3_1.nc_3.1,PACE_OCI.20250206T000428.L2.OC_AOP.V3_1.nc,0.32918881619953505,2025-02-06 00:06:58+00:00
3902342,3902342QC.nc,98,22.369,-177.709,2025-02-05 17:14:00.000003584+00:00,-17.381837712756354,"PACE_OCI_L2_AOP_PACE_OCI.20250205T010747.L2.OC_AOP.V3_1.nc_3.1,PACE_OCI_L2_AOP_PACE_OCI.20250206T000428.L2.OC_AOP.V3_1.nc_3.1",PACE_OCI_L2_AOP_PACE_OCI.20250206T000428.L2.OC_AOP.V3_1.nc_3.1,PACE_OCI.20250206T000428.L2.OC_AOP.V3_1.nc,0.5936470334633078,2025-02-06 00:06:58+00:00
3902342,3902342QC.nc,99,22.364,-177.719,2025-02-06 08:39:00.000004608+00:00,-41.05363165152218,"PACE_OCI_L2_AOP_PACE_OCI.20250206T000428.L2.OC_AOP.V3_1.nc_3.1,PACE_OCI_L2_AOP_PACE_OCI.20250207T004005.L2.OC_AOP.V3_1.nc_3.1",PACE_OCI_L2_AOP_PACE_OCI.20250207T004005.L2.OC_AOP.V3_1.nc_3.1,PACE_OCI.20250207T004005.L2.OC_AOP.V3_1.nc,0.5796705074699688,2025-02-07 00:42:34.500000+00:00
3902342,3902342QC.nc,100,22.363,-177.73,2025-02-06 20:23:59.999997952+00:00,24.1006769690643,"PACE_OCI_L2_AOP_PACE_OCI.20250206T000428.L2.OC_AOP.V3_1.nc_3.1,PACE_OCI_L2_AOP_PACE_OCI.20250207T004005.L2.OC_AOP.V3_1.nc_3.1",PACE_OCI_L2_AOP_PACE_OCI.20250207T004005.L2.OC_AOP.V3_1.nc_3.1,PACE_OCI.20250207T004005.L2.OC_AOP.V3_1.nc,0.4627684421347704,2025-02-07 00:42:34.500000+00:00
3902342,3902342QC.nc,101,22.361,-177.728,2025-02-07 11:51:00.000002048+00:00,-82.0578732550828,"PACE_OCI_L2_AOP_PACE_OCI.20250207T004005.L2.OC_AOP.V3_1.nc_3.1,PACE_OCI_L2_AOP_PACE_OCI.20250208T011541.L2.OC_AOP.V3_1.nc_3.1",PACE_OCI_L2_AOP_PACE_OCI.20250207T004005.L2.OC_AOP.V3_1.nc_3.1,PACE_OCI.20250207T004005.L2.OC_AOP.V3_1.nc,0.5987872830029053,2025-02-07 00:42:34.500000+00:00
3902342,3902342QC.nc,102,22.364,-177.751,2025-02-07 23:40:00.000001024+00:00,52.16020989046724,"PACE_OCI_L2_AOP_PACE_OCI.20250207T004005.L2.OC_AOP.V3_1.nc_3.1,PACE_OCI_L2_AOP_PACE_OCI.20250208T011541.L2.OC_AOP.V3_1.nc_3.1",PACE_OCI_L2_AOP_PACE_OCI.20250207T004005.L2.OC_AOP.V3_1.nc_3.1,PACE_OCI.20250207T004005.L2.OC_AOP.V3_1.nc,0.5102253527766039,2025-02-07 00:42:34.500000+00:00
3902342,3902342QC.nc,103,22.362,-177.739,2025-02-08 15:02:59.999999488+00:00,-47.31434129994575,"PACE_OCI_L2_AOP_PACE_OCI.20250208T011541.L2.OC_AOP.V3_1.nc_3.1,PACE_OCI_L2_AOP_PACE_OCI.20250209T001255.L2.OC_AOP.V3_1.nc_3.1",PACE_OCI_L2_AOP_PACE_OCI.20250209T001255.L2.OC_AOP.V3_1.nc_3.1,PACE_OCI.20250209T001255.L2.OC_AOP.V3_1.nc,0.6870201854742002,2025-02-09 00:15:25+00:00
3902342,3902342QC.nc,104,22.369,-177.752,2025-02-09 02:32:59.999995904+00:00,38.2505772295473,"PACE_OCI_L2_AOP_PACE_OCI.20250209T001255.L2.OC_AOP.V3_1.nc_3.1,PACE_OCI_L2_AOP_PACE_OCI.20250210T004823.L2.OC_AOP.V3_1.nc_3.1",PACE_OCI_L2_AOP_PACE_OCI.20250210T004823.L2.OC_AOP.V3_1.nc_3.1,PACE_OCI.20250210T004823.L2.OC_AOP.V3_1.nc,0.6878051146373105,2025-02-10 00:50:52.500000+00:00
3902342,3902342QC.nc,105,22.364,-177.728,2025-02-09 17:53:00.000005120+00:00,-8.158716554424606,"PACE_OCI_L2_AOP_PACE_OCI.20250209T001255.L2.OC_AOP.V3_1.nc_3.1,PACE_OCI_L2_AOP_PACE_OCI.20250210T004823.L2.OC_AOP.V3_1.nc_3.1",PACE_OCI_L2_AOP_PACE_OCI.20250210T004823.L2.OC_AOP.V3_1.nc_3.1,PACE_OCI.20250210T004823.L2.OC_AOP.V3_1.nc,0.2626868590638675,2025-02-10 00:50:52.500000+00:00
3902342,3902342QC.nc,106,22.366,-177.726,2025-02-10 05:21:59.999994880+00:00,4.400234935215924,"PACE_OCI_L2_AOP_PACE_OCI.20250210T004823.L2.OC_AOP.V3_1.nc_3.1,PACE_OCI_L2_AOP_PACE_OCI.20250210T234535.L2.OC_AOP.V3_1.nc_3.1",PACE_OCI_L2_AOP_PACE_OCI.20250210T004823.L2.OC_AOP.V3_1.nc_3.1,PACE_OCI.20250210T004823.L2.OC_AOP.V3_1.nc,0.16021519107856164,2025-02-10 00:50:52.500000+00:00
3902342,3902342QC.nc,107,22.357,-177.713,2025-02-10 21:00:00+00:00,31.895239051095984,"PACE_OCI_L2_AOP_PACE_OCI.20250210T004823.L2.OC_AOP.V3_1.nc_3.1,PACE_OCI_L2_AOP_PACE_OCI.20250210T234535.L2.OC_AOP.V3_1.nc_3.1",PACE_OCI_L2_AOP_PACE_OCI.20250210T004823.L2.OC_AOP.V3_1.nc_3.1,PACE_OCI.20250210T004823.L2.OC_AOP.V3_1.nc,1.817475633830952,2025-02-10 00:50:52.500000+00:00
3902342,3902342QC.nc,108,22.354,-177.701,2025-02-11 12:39:00.000001536+00:00,-78.2625782310843,"PACE_OCI_L2_AOP_PACE_OCI.20250210T234535.L2.OC_AOP.V3_1.nc_3.1,PACE_OCI_L2_AOP_PACE_OCI.20250212T002110.L2.OC_AOP.V3_1.nc_3.1",PACE_OCI_L2_AOP_PACE_OCI.20250212T002110.L2.OC_AOP.V3_1.nc_3.1,PACE_OCI.20250212T002110.L2.OC_AOP.V3_1.nc,0.2863243023995841,2025-02-12 00:23:39.500000+00:00
3902342,3902342QC.nc,109,22.35,-177.69,2025-02-11 23:59:00.000003584+00:00,53.95109629822414,PACE_OCI_L2_AOP_PACE_OCI.20250212T002110.L2.OC_AOP.V3_1.nc_3.1,PACE_OCI_L2_AOP_PACE_OCI.20250212T002110.L2.OC_AOP.V3_1.nc_3.1,PACE_OCI.20250212T002110.L2.OC_AOP.V3_1.nc,0.35109237215717737,2025-02-12 00:23:39.500000+00:00
3902342,3902342QC.nc,110,22.35,-177.668,2025-02-12 11:54:00.000001536+00:00,-80.79965533596224,"PACE_OCI_L2_AOP_PACE_OCI.20250212T002110.L2.OC_AOP.V3_1.nc_3.1,PACE_OCI_L2_AOP_PACE_OCI.20250213T005644.L2.OC_AOP.V3_1.nc_3.1",PACE_OCI_L2_AOP_PACE_OCI.20250212T002110.L2.OC_AOP.V3_1.nc_3.1,PACE_OCI.20250212T002110.L2.OC_AOP.V3_1.nc,0.6954655156289028,2025-02-12 00:23:39.500000+00:00
3902342,3902342QC.nc,111,22.347,-177.648,2025-02-13 03:45:00+00:00,25.37145392197972,"PACE_OCI_L2_AOP_PACE_OCI.20250213T005644.L2.OC_AOP.V3_1.nc_3.1,PACE_OCI_L2_AOP_PACE_OCI.20250213T235356.L2.OC_AOP.V3_1.nc_3.1",PACE_OCI_L2_AOP_PACE_OCI.20250213T005644.L2.OC_AOP.V3_1.nc_3.1,PACE_OCI.20250213T005644.L2.OC_AOP.V3_1.nc,6.328291726079262,2025-02-13 00:59:14+00:00
3902342,3902342QC.nc,112,22.346,-177.614,2025-02-13 14:57:00.000000512+00:00,-48.07422191396505,"PACE_OCI_L2_AOP_PACE_OCI.20250213T005644.L2.OC_AOP.V3_1.nc_3.1,PACE_OCI_L2_AOP_PACE_OCI.20250213T235356.L2.OC_AOP.V3_1.nc_3.1",PACE_OCI_L2_AOP_PACE_OCI.20250213T005644.L2.OC_AOP.V3_1.nc_3.1,PACE_OCI.20250213T005644.L2.OC_AOP.V3_1.nc,8.855635223617822,2025-02-13 00:59:14+00:00
3902342,3902342QC.nc,113,22.349,-177.62,2025-02-14 03:00:00+00:00,34.39781386868807,PACE_OCI_L2_AOP_PACE_OCI.20250213T235356.L2.OC_AOP.V3_1.nc_3.1,PACE_OCI_L2_AOP_PACE_OCI.20250213T235356.L2.OC_AOP.V3_1.nc_3.1,PACE_OCI.20250213T235356.L2.OC_AOP.V3_1.nc,19.586726498012535,2025-02-13 23:56:25.500000+00:00
3902342,3902342QC.nc,114,22.363,-177.615,2025-02-14 14:18:59.999995904+00:00,-56.64989986915063,PACE_OCI_L2_AOP_PACE_OCI.20250213T235356.L2.OC_AOP.V3_1.nc_3.1,PACE_OCI_L2_AOP_PACE_OCI.20250213T235356.L2.OC_AOP.V3_1.nc_3.1,PACE_OCI.20250213T235356.L2.OC_AOP.V3_1.nc,20.928060276755392,2025-02-13 23:56:25.500000+00:00
3902342,3902342QC.nc,120,22.412,-177.636,2025-02-17 09:03:59.999995904+00:00,-45.78840198377808,PACE_OCI_L2_AOP_PACE_OCI.20250218T003752.L2.OC_AOP.V3_1.nc_3.1,PACE_OCI_L2_AOP_PACE_OCI.20250218T003752.L2.OC_AOP.V3_1.nc_3.1,PACE_OCI.20250218T003752.L2.OC_AOP.V3_1.nc,10.570511653521296,2025-02-18 00:40:21.500000+00:00
3902342,3902342QC.nc,121,22.433,-177.642,2025-02-17 20:37:59.999998464+00:00,29.03779152831863,PACE_OCI_L2_AOP_PACE_OCI.20250218T003752.L2.OC_AOP.V3_1.nc_3.1,PACE_OCI_L2_AOP_PACE_OCI.20250218T003752.L2.OC_AOP.V3_1.nc_3.1,PACE_OCI.20250218T003752.L2.OC_AOP.V3_1.nc,11.507837718274113,2025-02-18 00:40:21.500000+00:00
3902342,3902342QC.nc,122,22.444,-177.643,2025-02-18 08:04:59.999995392+00:00,-32.07615477339935,"PACE_OCI_L2_AOP_PACE_OCI.20250218T003752.L2.OC_AOP.V3_1.nc_3.1,PACE_OCI_L2_AOP_PACE_OCI.20250219T011326.L2.OC_AOP.V3_1.nc_3.1",PACE_OCI_L2_AOP_PACE_OCI.20250219T011326.L2.OC_AOP.V3_1.nc_3.1,PACE_OCI.20250219T011326.L2.OC_AOP.V3_1.nc,0.8200029788080591,2025-02-19 01:15:55.500000+00:00
3902342,3902342QC.nc,123,22.451,-177.655,2025-02-18 18:56:00.000001024+00:00,7.42046295183183,"PACE_OCI_L2_AOP_PACE_OCI.20250218T003752.L2.OC_AOP.V3_1.nc_3.1,PACE_OCI_L2_AOP_PACE_OCI.20250219T011326.L2.OC_AOP.V3_1.nc_3.1",PACE_OCI_L2_AOP_PACE_OCI.20250219T011326.L2.OC_AOP.V3_1.nc_3.1,PACE_OCI.20250219T011326.L2.OC_AOP.V3_1.nc,0.5947769555069384,2025-02-19 01:15:55.500000+00:00
3902342,3902342QC.nc,124,22.449,-177.663,2025-02-19 05:54:59.999997952+00:00,-2.114645809206416,"PACE_OCI_L2_AOP_PACE_OCI.20250219T011326.L2.OC_AOP.V3_1.nc_3.1,PACE_OCI_L2_AOP_PACE_OCI.20250220T001038.L2.OC_AOP.V3_1.nc_3.1",PACE_OCI_L2_AOP_PACE_OCI.20250220T001038.L2.OC_AOP.V3_1.nc_3.1,PACE_OCI.20250220T001038.L2.OC_AOP.V3_1.nc,0.9592732213400855,2025-02-20 00:13:07.500000+00:00
3902342,3902342QC.nc,125,22.441,-177.674,2025-02-19 16:44:59.999996416+00:00,-22.397793886223425,"PACE_OCI_L2_AOP_PACE_OCI.20250219T011326.L2.OC_AOP.V3_1.nc_3.1,PACE_OCI_L2_AOP_PACE_OCI.20250220T001038.L2.OC_AOP.V3_1.nc_3.1",PACE_OCI_L2_AOP_PACE_OCI.20250220T001038.L2.OC_AOP.V3_1.nc_3.1,PACE_OCI.20250220T001038.L2.OC_AOP.V3_1.nc,0.4908679969560575,2025-02-20 00:13:07.500000+00:00
3902342,3902342QC.nc,126,22.434,-177.676,2025-02-20 03:36:59.999998464+00:00,28.22030063384566,"PACE_OCI_L2_AOP_PACE_OCI.20250220T001038.L2.OC_AOP.V3_1.nc_3.1,PACE_OCI_L2_AOP_PACE_OCI.20250221T004612.L2.OC_AOP.V3_1.nc_3.1",PACE_OCI_L2_AOP_PACE_OCI.20250221T004612.L2.OC_AOP.V3_1.nc_3.1,PACE_OCI.20250221T004612.L2.OC_AOP.V3_1.nc,0.1563779493461658,2025-02-21 00:48:41.500000+00:00
3902342,3902342QC.nc,127,22.433,-177.665,2025-02-20 14:26:59.999997440+00:00,-53.95538511166568,"PACE_OCI_L2_AOP_PACE_OCI.20250220T001038.L2.OC_AOP.V3_1.nc_3.1,PACE_OCI_L2_AOP_PACE_OCI.20250221T004612.L2.OC_AOP.V3_1.nc_3.1",PACE_OCI_L2_AOP_PACE_OCI.20250220T001038.L2.OC_AOP.V3_1.nc_3.1,PACE_OCI.20250220T001038.L2.OC_AOP.V3_1.nc,0.4575058636516271,2025-02-20 00:13:07.500000+00:00
3902342,3902342QC.nc,128,22.43,-177.66,2025-02-21 01:16:59.999996416+00:00,52.53385555307373,"PACE_OCI_L2_AOP_PACE_OCI.20250221T004612.L2.OC_AOP.V3_1.nc_3.1,PACE_OCI_L2_AOP_PACE_OCI.20250221T234324.L2.OC_AOP.V3_1.nc_3.1",PACE_OCI_L2_AOP_PACE_OCI.20250221T004612.L2.OC_AOP.V3_1.nc_3.1,PACE_OCI.20250221T004612.L2.OC_AOP.V3_1.nc,0.5260210345181234,2025-02-21 00:48:41.500000+00:00
3902342,3902342QC.nc,129,22.438,-177.65,2025-02-21 12:05:59.999998464+00:00,-77.919190273488,"PACE_OCI_L2_AOP_PACE_OCI.20250221T004612.L2.OC_AOP.V3_1.nc_3.1,PACE_OCI_L2_AOP_PACE_OCI.20250221T234324.L2.OC_AOP.V3_1.nc_3.1",PACE_OCI_L2_AOP_PACE_OCI.20250221T004612.L2.OC_AOP.V3_1.nc_3.1,PACE_OCI.20250221T004612.L2.OC_AOP.V3_1.nc,0.16839086286433352,2025-02-21 00:48:41.500000+00:00
3902342,3902342QC.nc,130,22.439,-177.639,2025-02-21 22:54:00.000004608+00:00,53.13869452053903,"PACE_OCI_L2_AOP_PACE_OCI.20250221T004612.L2.OC_AOP.V3_1.nc_3.1,PACE_OCI_L2_AOP_PACE_OCI.20250221T234324.L2.OC_AOP.V3_1.nc_3.1",PACE_OCI_L2_AOP_PACE_OCI.20250221T004612.L2.OC_AOP.V3_1.nc_3.1,PACE_OCI.20250221T004612.L2.OC_AOP.V3_1.nc,0.4531153789197007,2025-02-21 00:48:41.500000+00:00
3902342,3902342QC.nc,131,22.446,-177.641,2025-02-22 10:04:00.000002560+00:00,-58.73791733272357,"PACE_OCI_L2_AOP_PACE_OCI.20250221T234324.L2.OC_AOP.V3_1.nc_3.1,PACE_OCI_L2_AOP_PACE_OCI.20250223T001858.L2.OC_AOP.V3_1.nc_3.1",PACE_OCI_L2_AOP_PACE_OCI.20250223T001858.L2.OC_AOP.V3_1.nc_3.1,PACE_OCI.20250223T001858.L2.OC_AOP.V3_1.nc,4.755507523084278,2025-02-23 00:21:27.500000+00:00
3902342,3902342QC.nc,132,22.457,-177.644,2025-02-22 20:54:00.000001536+00:00,33.38802914019134,"PACE_OCI_L2_AOP_PACE_OCI.20250221T234324.L2.OC_AOP.V3_1.nc_3.1,PACE_OCI_L2_AOP_PACE_OCI.20250223T001858.L2.OC_AOP.V3_1.nc_3.1",PACE_OCI_L2_AOP_PACE_OCI.20250223T001858.L2.OC_AOP.V3_1.nc_3.1,PACE_OCI.20250223T001858.L2.OC_AOP.V3_1.nc,4.051340874520561,2025-02-23 00:21:27.500000+00:00
3902342,3902342QC.nc,133,22.461,-177.654,2025-02-23 07:41:59.999997440+00:00,-26.27045666581441,"PACE_OCI_L2_AOP_PACE_OCI.20250223T001858.L2.OC_AOP.V3_1.nc_3.1,PACE_OCI_L2_AOP_PACE_OCI.20250224T005429.L2.OC_AOP.V3_1.nc_3.1",PACE_OCI_L2_AOP_PACE_OCI.20250224T005429.L2.OC_AOP.V3_1.nc_3.1,PACE_OCI.20250224T005429.L2.OC_AOP.V3_1.nc,0.4310532161643336,2025-02-24 00:56:58.500000+00:00
3902342,3902342QC.nc,134,22.466,-177.662,2025-02-23 18:16:00.000003072+00:00,-0.8630172252371306,"PACE_OCI_L2_AOP_PACE_OCI.20250223T001858.L2.OC_AOP.V3_1.nc_3.1,PACE_OCI_L2_AOP_PACE_OCI.20250224T005429.L2.OC_AOP.V3_1.nc_3.1",PACE_OCI_L2_AOP_PACE_OCI.20250224T005429.L2.OC_AOP.V3_1.nc_3.1,PACE_OCI.20250224T005429.L2.OC_AOP.V3_1.nc,1.3263432437704925,2025-02-24 00:56:58.500000+00:00
3902342,3902342QC.nc,135,22.462,-177.658,2025-02-24 04:55:59.999997440+00:00,11.813567216380363,"PACE_OCI_L2_AOP_PACE_OCI.20250224T005429.L2.OC_AOP.V3_1.nc_3.1,PACE_OCI_L2_AOP_PACE_OCI.20250224T235140.L2.OC_AOP.V3_1.nc_3.1",PACE_OCI_L2_AOP_PACE_OCI.20250224T005429.L2.OC_AOP.V3_1.nc_3.1,PACE_OCI.20250224T005429.L2.OC_AOP.V3_1.nc,0.7207596440288844,2025-02-24 00:56:58.500000+00:00
3902342,3902342QC.nc,136,22.46,-177.655,2025-02-24 15:51:59.999994880+00:00,-33.84433627466644,"PACE_OCI_L2_AOP_PACE_OCI.20250224T005429.L2.OC_AOP.V3_1.nc_3.1,PACE_OCI_L2_AOP_PACE_OCI.20250224T235140.L2.OC_AOP.V3_1.nc_3.1",PACE_OCI_L2_AOP_PACE_OCI.20250224T005429.L2.OC_AOP.V3_1.nc_3.1,PACE_OCI.20250224T005429.L2.OC_AOP.V3_1.nc,0.3586082877810053,2025-02-24 00:56:58.500000+00:00
3902342,3902342QC.nc,137,22.463,-177.65,2025-02-25 02:29:00+00:00,42.47132235321404,PACE_OCI_L2_AOP_PACE_OCI.20250224T235140.L2.OC_AOP.V3_1.nc_3.1,PACE_OCI_L2_AOP_PACE_OCI.20250224T235140.L2.OC_AOP.V3_1.nc_3.1,PACE_OCI.20250224T235140.L2.OC_AOP.V3_1.nc,7.851493504882222,2025-02-24 23:54:09.500000+00:00
3902342,3902342QC.nc,138,22.462,-177.64,2025-02-25 13:13:00.000000512+00:00,-68.48744607341315,PACE_OCI_L2_AOP_PACE_OCI.20250224T235140.L2.OC_AOP.V3_1.nc_3.1,PACE_OCI_L2_AOP_PACE_OCI.20250224T235140.L2.OC_AOP.V3_1.nc_3.1,PACE_OCI.20250224T235140.L2.OC_AOP.V3_1.nc,7.425603747309353,2025-02-24 23:54:09.500000+00:00
3902342,3902342QC.nc,139,22.469,-177.64,2025-02-25 23:48:00.000002560+00:00,58.60310578315907,PACE_OCI_L2_AOP_PACE_OCI.20250224T235140.L2.OC_AOP.V3_1.nc_3.1,PACE_OCI_L2_AOP_PACE_OCI.20250224T235140.L2.OC_AOP.V3_1.nc_3.1,PACE_OCI.20250224T235140.L2.OC_AOP.V3_1.nc,8.181277324363592,2025-02-24 23:54:09.500000+00:00
3902342,3902342QC.nc,180,22.147,-173.937,2025-05-04 04:09:00.000004608+00:00,24.949134099773136,PACE_OCI_L2_AOP_PACE_OCI.20250505T010611.L2.OC_AOP.V3_1.nc_3.1,PACE_OCI_L2_AOP_PACE_OCI.20250505T010611.L2.OC_AOP.V3_1.nc_3.1,PACE_OCI.20250505T010611.L2.OC_AOP.V3_1.nc,0.9284385524981752,2025-05-05 01:08:40.500000+00:00
3902342,3902342QC.nc,181,22.147,-173.931,2025-05-04 14:45:00.000003584+00:00,-29.26147795271445,PACE_OCI_L2_AOP_PACE_OCI.20250505T010611.L2.OC_AOP.V3_1.nc_3.1,PACE_OCI_L2_AOP_PACE_OCI.20250505T010611.L2.OC_AOP.V3_1.nc_3.1,PACE_OCI.20250505T010611.L2.OC_AOP.V3_1.nc,0.39797534833476056,2025-05-05 01:08:40.500000+00:00
3902342,3902342QC.nc,182,22.147,-173.932,2025-05-05 03:53:00.000001536+00:00,28.67557286938403,PACE_OCI_L2_AOP_PACE_OCI.20250505T010611.L2.OC_AOP.V3_1.nc_3.1,PACE_OCI_L2_AOP_PACE_OCI.20250505T010611.L2.OC_AOP.V3_1.nc_3.1,PACE_OCI.20250505T010611.L2.OC_AOP.V3_1.nc,0.4718226990467261,2025-05-05 01:08:40.500000+00:00
3902342,3902342QC.nc,183,22.157,-173.952,2025-05-05 17:18:59.999995904+00:00,3.3637417222744546,PACE_OCI_L2_AOP_PACE_OCI.20250505T010611.L2.OC_AOP.V3_1.nc_3.1,PACE_OCI_L2_AOP_PACE_OCI.20250505T010611.L2.OC_AOP.V3_1.nc_3.1,PACE_OCI.20250505T010611.L2.OC_AOP.V3_1.nc,2.2929907584207636,2025-05-05 01:08:40.500000+00:00
3902342,3902342QC.nc,228,22.179,-173.809,2025-05-29 07:26:00.000004096+00:00,-15.615691866857476,PACE_OCI_L2_AOP_PACE_OCI.20250529T232525.L2.OC_AOP.V3_1.nc_3.1,PACE_OCI_L2_AOP_PACE_OCI.20250529T232525.L2.OC_AOP.V3_1.nc_3.1,PACE_OCI.20250529T232525.L2.OC_AOP.V3_1.nc,3.3571243504426875,2025-05-29 23:27:54.500000+00:00
3902342,3902342QC.nc,229,22.147,-173.806,2025-05-29 18:13:00.000003584+00:00,16.92298066281514,PACE_OCI_L2_AOP_PACE_OCI.20250529T232525.L2.OC_AOP.V3_1.nc_3.1,PACE_OCI_L2_AOP_PACE_OCI.20250529T232525.L2.OC_AOP.V3_1.nc_3.1,PACE_OCI.20250529T232525.L2.OC_AOP.V3_1.nc,4.876971226662534,2025-05-29 23:27:54.500000+00:00
3902342,3902342QC.nc,230,22.128,-173.795,2025-05-30 04:52:00.000001536+00:00,17.01867788152426,PACE_OCI_L2_AOP_PACE_OCI.20250529T232525.L2.OC_AOP.V3_1.nc_3.1,PACE_OCI_L2_AOP_PACE_OCI.20250529T232525.L2.OC_AOP.V3_1.nc_3.1,PACE_OCI.20250529T232525.L2.OC_AOP.V3_1.nc,5.045621075035497,2025-05-29 23:27:54.500000+00:00
3902342,3902342QC.nc,231,22.098,-173.796,2025-05-30 15:33:00.000002560+00:00,-16.80139048511081,PACE_OCI_L2_AOP_PACE_OCI.20250529T232525.L2.OC_AOP.V3_1.nc_3.1,PACE_OCI_L2_AOP_PACE_OCI.20250529T232525.L2.OC_AOP.V3_1.nc_3.1,PACE_OCI.20250529T232525.L2.OC_AOP.V3_1.nc,2.1857904613657264,2025-05-29 23:27:54.500000+00:00
3902342,3902342QC.nc,256,21.018,-173.569,2025-06-14 17:42:00.000004096+00:00,9.841040948961629,PACE_OCI_L2_AOP_PACE_OCI.20250615T003759.L2.OC_AOP.V3_1.nc_3.1,PACE_OCI_L2_AOP_PACE_OCI.20250615T003759.L2.OC_AOP.V3_1.nc_3.1,PACE_OCI.20250615T003759.L2.OC_AOP.V3_1.nc,0.14465211004121953,2025-06-15 00:40:28.500000+00:00
3902342,3902342QC.nc,257,20.988,-173.54,2025-06-15 09:05:59.999998464+00:00,-32.78143351383368,PACE_OCI_L2_AOP_PACE_OCI.20250615T003759.L2.OC_AOP.V3_1.nc_3.1,PACE_OCI_L2_AOP_PACE_OCI.20250615T003759.L2.OC_AOP.V3_1.nc_3.1,PACE_OCI.20250615T003759.L2.OC_AOP.V3_1.nc,0.4159183538064714,2025-06-15 00:40:28.500000+00:00
3902342,3902342QC.nc,261,20.917,-173.416,2025-06-18 00:11:00.000001024+00:00,81.24592319331157,PACE_OCI_L2_AOP_PACE_OCI.20250618T234211.L2.OC_AOP.V3_1.nc_3.1,PACE_OCI_L2_AOP_PACE_OCI.20250618T234211.L2.OC_AOP.V3_1.nc_3.1,PACE_OCI.20250618T234211.L2.OC_AOP.V3_1.nc,0.6866227936121234,2025-06-18 23:44:40.500000+00:00
3902342,3902342QC.nc,262,20.916,-173.367,2025-06-18 15:56:00.000001024+00:00,-12.469476613715432,PACE_OCI_L2_AOP_PACE_OCI.20250618T234211.L2.OC_AOP.V3_1.nc_3.1,PACE_OCI_L2_AOP_PACE_OCI.20250618T234211.L2.OC_AOP.V3_1.nc_3.1,PACE_OCI.20250618T234211.L2.OC_AOP.V3_1.nc,2.3503860456750747,2025-06-18 23:44:40.500000+00:00
3902342,3902342QC.nc,263,20.907,-173.353,2025-06-19 03:16:00.000003072+00:00,39.03918435754273,"PACE_OCI_L2_AOP_PACE_OCI.20250618T234211.L2.OC_AOP.V3_1.nc_3.1,PACE_OCI_L2_AOP_PACE_OCI.20250620T001725.L2.OC_AOP.V3_1.nc_3.1",PACE_OCI_L2_AOP_PACE_OCI.20250618T234211.L2.OC_AOP.V3_1.nc_3.1,PACE_OCI.20250618T234211.L2.OC_AOP.V3_1.nc,2.7867073494003827,2025-06-18 23:44:40.500000+00:00
3902342,3902342QC.nc,264,20.922,-173.313,2025-06-19 19:19:59.999995392+00:00,31.493625202756423,"PACE_OCI_L2_AOP_PACE_OCI.20250618T234211.L2.OC_AOP.V3_1.nc_3.1,PACE_OCI_L2_AOP_PACE_OCI.20250620T001725.L2.OC_AOP.V3_1.nc_3.1",PACE_OCI_L2_AOP_PACE_OCI.20250618T234211.L2.OC_AOP.V3_1.nc_3.1,PACE_OCI.20250618T234211.L2.OC_AOP.V3_1.nc,3.0721149505923497,2025-06-18 23:44:40.500000+00:00
3902342,3902342QC.nc,265,20.916,-173.289,2025-06-20 07:15:00.000003584+00:00,-12.77903962346249,"PACE_OCI_L2_AOP_PACE_OCI.20250620T001725.L2.OC_AOP.V3_1.nc_3.1,PACE_OCI_L2_AOP_PACE_OCI.20250621T005239.L2.OC_AOP.V3_1.nc_3.1",PACE_OCI_L2_AOP_PACE_OCI.20250621T005239.L2.OC_AOP.V3_1.nc_3.1,PACE_OCI.20250621T005239.L2.OC_AOP.V3_1.nc,1.1420107758773466,2025-06-21 00:55:08.500000+00:00
3902342,3902342QC.nc,266,20.944,-173.259,2025-06-20 23:03:00.000002560+00:00,82.24293793498187,"PACE_OCI_L2_AOP_PACE_OCI.20250620T001725.L2.OC_AOP.V3_1.nc_3.1,PACE_OCI_L2_AOP_PACE_OCI.20250621T005239.L2.OC_AOP.V3_1.nc_3.1",PACE_OCI_L2_AOP_PACE_OCI.20250621T005239.L2.OC_AOP.V3_1.nc_3.1,PACE_OCI.20250621T005239.L2.OC_AOP.V3_1.nc,1.0901152669436038,2025-06-21 00:55:08.500000+00:00
3902342,3902342QC.nc,267,20.947,-173.242,2025-06-21 10:41:00.000001024+00:00,-43.72384416249543,"PACE_OCI_L2_AOP_PACE_OCI.20250621T005239.L2.OC_AOP.V3_1.nc_3.1,PACE_OCI_L2_AOP_PACE_OCI.20250621T234931.L2.OC_AOP.V3_1.nc_3.1",PACE_OCI_L2_AOP_PACE_OCI.20250621T005239.L2.OC_AOP.V3_1.nc_3.1,PACE_OCI.20250621T005239.L2.OC_AOP.V3_1.nc,0.6457761672945552,2025-06-21 00:55:08.500000+00:00
3902342,3902342QC.nc,268,20.97,-173.227,2025-06-22 02:15:59.999996416+00:00,52.75211683504092,PACE_OCI_L2_AOP_PACE_OCI.20250621T234931.L2.OC_AOP.V3_1.nc_3.1,PACE_OCI_L2_AOP_PACE_OCI.20250621T234931.L2.OC_AOP.V3_1.nc_3.1,PACE_OCI.20250621T234931.L2.OC_AOP.V3_1.nc,16.95029406495004,2025-06-21 23:52:00.500000+00:00
3902342,3902342QC.nc,269,20.983,-173.206,2025-06-22 13:49:59.999998976+00:00,-34.7304728787749,PACE_OCI_L2_AOP_PACE_OCI.20250621T234931.L2.OC_AOP.V3_1.nc_3.1,PACE_OCI_L2_AOP_PACE_OCI.20250621T234931.L2.OC_AOP.V3_1.nc_3.1,PACE_OCI.20250621T234931.L2.OC_AOP.V3_1.nc,19.55511612438097,2025-06-21 23:52:00.500000+00:00
3902343,3902343QC.nc,0,19.535,172.06,2024-10-07 06:51:59.999994880+00:00,-9.55733122802518,PACE_OCI_L2_AOP_PACE_OCI.20241007T020235.L2.OC_AOP.V3_1.nc_3.1,PACE_OCI_L2_AOP_PACE_OCI.20241007T020235.L2.OC_AOP.V3_1.nc_3.1,PACE_OCI.20241007T020235.L2.OC_AOP.V3_1.nc,65.5377660818523,2024-10-07 02:05:04.500000+00:00
3902343,3902343QC.nc,2,19.924,172.149,2024-10-27 01:55:00.000001024+00:00,49.02563169689714,PACE_OCI_L2_AOP_PACE_OCI.20241027T020250.L2.OC_AOP.V3_1.nc_3.1,PACE_OCI_L2_AOP_PACE_OCI.20241027T020250.L2.OC_AOP.V3_1.nc_3.1,PACE_OCI.20241027T020250.L2.OC_AOP.V3_1.nc,12.513048977865298,2024-10-27 02:05:19.500000+00:00
3902343,3902343QC.nc,4,21.007,171.171,2024-11-16 00:19:00.000002560+00:00,50.20087419350048,PACE_OCI_L2_AOP_PACE_OCI.20241116T015918.L2.OC_AOP.V3_1.nc_3.1,PACE_OCI_L2_AOP_PACE_OCI.20241116T015918.L2.OC_AOP.V3_1.nc_3.1,PACE_OCI.20241116T015918.L2.OC_AOP.V3_1.nc,5.647787655977266,2024-11-16 02:01:47.500000+00:00
3902343,3902343QC.nc,10,20.375,171.879,2025-01-15 10:21:00.000002048+00:00,-57.10932334193478,PACE_OCI_L2_AOP_PACE_OCI.20250115T020529.L2.OC_AOP.V3_1.nc_3.1,PACE_OCI_L2_AOP_PACE_OCI.20250115T020529.L2.OC_AOP.V3_1.nc_3.1,PACE_OCI.20250115T020529.L2.OC_AOP.V3_1.nc,6.451778834626227,2025-01-15 02:07:59+00:00
3902343,3902343QC.nc,18,20.82,173.019,2025-04-05 21:14:59.999996416+00:00,40.633692502914215,PACE_OCI_L2_AOP_PACE_OCI.20250405T013205.L2.OC_AOP.V3_1.nc_3.1,PACE_OCI_L2_AOP_PACE_OCI.20250405T013205.L2.OC_AOP.V3_1.nc_3.1,PACE_OCI.20250405T013205.L2.OC_AOP.V3_1.nc,19.10621937851098,2025-04-05 01:34:34.500000+00:00
3902343,3902343QC.nc,24,20.202,174.066,2025-06-05 06:19:00.000002560+00:00,8.426982112169819,PACE_OCI_L2_AOP_PACE_OCI.20250606T015403.L2.OC_AOP.V3_1.nc_3.1,PACE_OCI_L2_AOP_PACE_OCI.20250606T015403.L2.OC_AOP.V3_1.nc_3.1,PACE_OCI.20250606T015403.L2.OC_AOP.V3_1.nc,0.8587444260784184,2025-06-06 01:56:32.500000+00:00
3902344,3902344QC.nc,12,20.956,178.02,2025-02-03 18:11:59.999997440+00:00,-7.954032805824455,PACE_OCI_L2_AOP_PACE_OCI.20250203T013643.L2.OC_AOP.V3_1.nc_3.1,PACE_OCI_L2_AOP_PACE_OCI.20250203T013643.L2.OC_AOP.V3_1.nc_3.1,PACE_OCI.20250203T013643.L2.OC_AOP.V3_1.nc,2.046861031585647,2025-02-03 01:39:12.500000+00:00
3902344,3902344QC.nc,18,20.356,178.929,2025-04-05 03:19:00.000002560+00:00,41.38055825822961,PACE_OCI_L2_AOP_PACE_OCI.20250405T013205.L2.OC_AOP.V3_1.nc_3.1,PACE_OCI_L2_AOP_PACE_OCI.20250405T013205.L2.OC_AOP.V3_1.nc_3.1,PACE_OCI.20250405T013205.L2.OC_AOP.V3_1.nc,4.27643283972819,2025-04-05 01:34:34.500000+00:00
3902344,3902344QC.nc,25,20.107,177.653,2025-06-14 12:47:00.000003072+00:00,-45.66299380910809,PACE_OCI_L2_AOP_PACE_OCI.20250614T014105.L2.OC_AOP.V3_1.nc_3.1,PACE_OCI_L2_AOP_PACE_OCI.20250614T014105.L2.OC_AOP.V3_1.nc_3.1,PACE_OCI.20250614T014105.L2.OC_AOP.V3_1.nc,3.9714385205051106,2025-06-14 01:43:34.500000+00:00
3902345,3902345QC.nc,2,14.24,149.053,2024-11-01 08:12:59.999996928+00:00,-9.615641711437998,PACE_OCI_L2_AOP_PACE_OCI.20241101T031524.L2.OC_AOP.V3_1.nc_3.1,PACE_OCI_L2_AOP_PACE_OCI.20241101T031524.L2.OC_AOP.V3_1.nc_3.1,PACE_OCI.20241101T031524.L2.OC_AOP.V3_1.nc,0.8067496488662464,2024-11-01 03:17:53.500000+00:00
3902345,3902345QC.nc,4,14.185,150.741,2024-11-21 05:01:00+00:00,30.5181540170536,"PACE_OCI_L2_AOP_PACE_OCI.20241121T031203.L2.OC_AOP.V3_1.nc_3.1,PACE_OCI_L2_AOP_PACE_OCI.20241122T020759.L2.OC_AOP.V3_1.nc_3.1",PACE_OCI_L2_AOP_PACE_OCI.20241121T031203.L2.OC_AOP.V3_1.nc_3.1,PACE_OCI.20241121T031203.L2.OC_AOP.V3_1.nc,0.9885051790831574,2024-11-21 03:14:33+00:00
3902345,3902345QC.nc,6,13.262,151.408,2024-12-11 05:11:00.000004096+00:00,28.44852565846853,PACE_OCI_L2_AOP_PACE_OCI.20241211T030759.L2.OC_AOP.V3_1.nc_3.1,PACE_OCI_L2_AOP_PACE_OCI.20241211T030759.L2.OC_AOP.V3_1.nc_3.1,PACE_OCI.20241211T030759.L2.OC_AOP.V3_1.nc,0.9432816648710912,2024-12-11 03:10:29+00:00
3902345,3902345QC.nc,9,14.12,151.849,2025-01-10 06:02:00.000003072+00:00,20.670618983611263,PACE_OCI_L2_AOP_PACE_OCI.20250110T022835.L2.OC_AOP.V3_1.nc_3.1,PACE_OCI_L2_AOP_PACE_OCI.20250110T022835.L2.OC_AOP.V3_1.nc_3.1,PACE_OCI.20250110T022835.L2.OC_AOP.V3_1.nc,0.5325677771013183,2025-01-10 02:31:04.500000+00:00
3902345,3902345QC.nc,10,14.218,152.459,2025-01-20 06:36:59.999998464+00:00,14.102861394209308,"PACE_OCI_L2_AOP_PACE_OCI.20250120T032045.L2.OC_AOP.V3_1.nc_3.1,PACE_OCI_L2_AOP_PACE_OCI.20250121T021709.L2.OC_AOP.V3_1.nc_3.1",PACE_OCI_L2_AOP_PACE_OCI.20250121T021709.L2.OC_AOP.V3_1.nc_3.1,PACE_OCI.20250121T021709.L2.OC_AOP.V3_1.nc,0.610842384289002,2025-01-21 02:19:38.500000+00:00
3902345,3902345QC.nc,12,14.021,153.529,2025-02-09 07:44:59.999996416+00:00,0.5045356072652689,PACE_OCI_L2_AOP_PACE_OCI.20250209T015117.L2.OC_AOP.V3_1.nc_3.1,PACE_OCI_L2_AOP_PACE_OCI.20250209T015117.L2.OC_AOP.V3_1.nc_3.1,PACE_OCI.20250209T015117.L2.OC_AOP.V3_1.nc,0.8867952962894784,2025-02-09 01:53:47+00:00
3902345,3902345QC.nc,21,12.168,154.456,2025-05-10 12:08:00.000001536+00:00,-52.64994075798704,PACE_OCI_L2_AOP_PACE_OCI.20250511T025938.L2.OC_AOP.V3_1.nc_3.1,PACE_OCI_L2_AOP_PACE_OCI.20250511T025938.L2.OC_AOP.V3_1.nc_3.1,PACE_OCI.20250511T025938.L2.OC_AOP.V3_1.nc,0.324965172765371,2025-05-11 03:02:07.500000+00:00
3902345,3902345QC.nc,24,12.029,154.229,2025-06-09 15:47:00.000003072+00:00,-43.56568062324274,"PACE_OCI_L2_AOP_PACE_OCI.20250609T020129.L2.OC_AOP.V3_1.nc_3.1,PACE_OCI_L2_AOP_PACE_OCI.20250610T023645.L2.OC_AOP.V3_1.nc_3.1",PACE_OCI_L2_AOP_PACE_OCI.20250609T020129.L2.OC_AOP.V3_1.nc_3.1,PACE_OCI.20250609T020129.L2.OC_AOP.V3_1.nc,0.5230464251318174,2025-06-09 02:03:58.500000+00:00
3902345,3902345QC.nc,25,12.215,153.791,2025-06-19 18:11:59.999997440+00:00,-15.93237096563605,PACE_OCI_L2_AOP_PACE_OCI.20250620T015546.L2.OC_AOP.V3_1.nc_3.1,PACE_OCI_L2_AOP_PACE_OCI.20250620T015546.L2.OC_AOP.V3_1.nc_3.1,PACE_OCI.20250620T015546.L2.OC_AOP.V3_1.nc,13.490959658634486,2025-06-20 01:58:15.500000+00:00
3902348,3902348QC.nc,3,25.025,-67.60899999999998,2025-01-15 16:04:00.000002560+00:00,43.17866291760419,PACE_OCI_L2_AOP_PACE_OCI.20250114T175854.L2.OC_AOP.V3_1.nc_3.1,PACE_OCI_L2_AOP_PACE_OCI.20250114T175854.L2.OC_AOP.V3_1.nc_3.1,PACE_OCI.20250114T175854.L2.OC_AOP.V3_1.nc,13.32620525720124,2025-01-14 18:01:23.500000+00:00
3902348,3902348QC.nc,6,26.318,-68.77300000000002,2025-02-14 21:42:59.999996928+00:00,8.810011748146776,"PACE_OCI_L2_AOP_PACE_OCI.20250214T175601.L2.OC_AOP.V3_1.nc_3.1,PACE_OCI_L2_AOP_PACE_OCI.20250215T165313.L2.OC_AOP.V3_1.nc_3.1",PACE_OCI_L2_AOP_PACE_OCI.20250214T175601.L2.OC_AOP.V3_1.nc_3.1,PACE_OCI.20250214T175601.L2.OC_AOP.V3_1.nc,0.15465593278061368,2025-02-14 17:58:30.500000+00:00
3902348,3902348QC.nc,11,26.539,-66.29399999999998,2025-04-06 09:53:00.000001536+00:00,-4.690367209056205,PACE_OCI_L2_AOP_PACE_OCI.20250405T175542.L2.OC_AOP.V3_1.nc_3.1,PACE_OCI_L2_AOP_PACE_OCI.20250405T175542.L2.OC_AOP.V3_1.nc_3.1,PACE_OCI.20250405T175542.L2.OC_AOP.V3_1.nc,11.15869791241019,2025-04-05 17:58:11.500000+00:00
3902348,3902348QC.nc,12,26.36,-66.23700000000002,2025-04-16 12:00:00+00:00,25.869368298900067,"PACE_OCI_L2_AOP_PACE_OCI.20250415T171614.L2.OC_AOP.V3_1.nc_3.1,PACE_OCI_L2_AOP_PACE_OCI.20250416T161315.L2.OC_AOP.V3_1.nc_3.1,PACE_OCI_L2_AOP_PACE_OCI.20250416T175137.L2.OC_AOP.V3_1.nc_3.1",PACE_OCI_L2_AOP_PACE_OCI.20250415T171614.L2.OC_AOP.V3_1.nc_3.1,PACE_OCI.20250415T171614.L2.OC_AOP.V3_1.nc,0.3498548093253222,2025-04-15 17:18:43.500000+00:00
3902348,3902348QC.nc,19,26.831,-64.86599999999999,2025-06-25 23:20:59.999998464+00:00,-1.647966020130827,PACE_OCI_L2_AOP_PACE_OCI.20250625T162519.L2.OC_AOP.V3_1.nc_3.1,PACE_OCI_L2_AOP_PACE_OCI.20250625T162519.L2.OC_AOP.V3_1.nc_3.1,PACE_OCI.20250625T162519.L2.OC_AOP.V3_1.nc,21.021485541777736,2025-06-25 16:27:48.500000+00:00
3902533,3902533QC.nc,22,-4.052,166.947,2024-11-02 22:04:00.000002560+00:00,51.087327119410496,PACE_OCI_L2_AOP_PACE_OCI.20241102T020626.L2.OC_AOP.V3_1.nc_3.1,PACE_OCI_L2_AOP_PACE_OCI.20241102T020626.L2.OC_AOP.V3_1.nc_3.1,PACE_OCI.20241102T020626.L2.OC_AOP.V3_1.nc,0.5067274851243295,2024-11-02 02:08:55.500000+00:00
3902533,3902533QC.nc,39,-4.596,-177.393,2025-04-24 04:58:00.000000512+00:00,11.085228895841489,PACE_OCI_L2_AOP_PACE_OCI.20250424T010557.L2.OC_AOP.V3_1.nc_3.1,PACE_OCI_L2_AOP_PACE_OCI.20250424T010557.L2.OC_AOP.V3_1.nc_3.1,PACE_OCI.20250424T010557.L2.OC_AOP.V3_1.nc,0.700813485428625,2025-04-24 01:08:26.500000+00:00
3902556,3902556QC.nc,33,-14.718,-79.79199999999997,2024-11-13 07:30:00+00:00,-41.19631244079636,PACE_OCI_L2_AOP_PACE_OCI.20241112T173329.L2.OC_AOP.V3_1.nc_3.1,PACE_OCI_L2_AOP_PACE_OCI.20241112T173329.L2.OC_AOP.V3_1.nc_3.1,PACE_OCI.20241112T173329.L2.OC_AOP.V3_1.nc,23.338556483039763,2024-11-12 17:35:58.500000+00:00
3902556,3902556QC.nc,45,-13.864,-81.22199999999998,2025-03-16 11:00:00.000003584+00:00,-7.729641282207355,PACE_OCI_L2_AOP_PACE_OCI.20250316T190831.L2.OC_AOP.V3_1.nc_3.1,PACE_OCI_L2_AOP_PACE_OCI.20250316T190831.L2.OC_AOP.V3_1.nc_3.1,PACE_OCI.20250316T190831.L2.OC_AOP.V3_1.nc,7.4640161376250305,2025-03-16 19:11:00.500000+00:00
3902615,3902615QC.nc,4,26.241,-37.535000000000025,2025-02-19 15:38:00.000005120+00:00,50.48143345065402,"PACE_OCI_L2_AOP_PACE_OCI.20250219T142024.L2.OC_AOP.V3_1.nc_3.1,PACE_OCI_L2_AOP_PACE_OCI.20250219T155847.L2.OC_AOP.V3_1.nc_3.1",PACE_OCI_L2_AOP_PACE_OCI.20250219T142024.L2.OC_AOP.V3_1.nc_3.1,PACE_OCI.20250219T142024.L2.OC_AOP.V3_1.nc,0.6554261196510489,2025-02-19 14:22:53.500000+00:00
3902615,3902615QC.nc,5,26.044,-37.40899999999999,2025-03-01 16:52:59.999998464+00:00,43.90581736645165,"PACE_OCI_L2_AOP_PACE_OCI.20250301T152050.L2.OC_AOP.V3_1.nc_3.1,PACE_OCI_L2_AOP_PACE_OCI.20250302T155622.L2.OC_AOP.V3_1.nc_3.1",PACE_OCI_L2_AOP_PACE_OCI.20250301T152050.L2.OC_AOP.V3_1.nc_3.1,PACE_OCI.20250301T152050.L2.OC_AOP.V3_1.nc,3.2251792439771685,2025-03-01 15:23:19.500000+00:00
3902615,3902615QC.nc,6,25.762,-37.33600000000001,2025-03-11 18:59:00+00:00,20.821431513707857,PACE_OCI_L2_AOP_PACE_OCI.20250311T144235.L2.OC_AOP.V3_1.nc_3.1,PACE_OCI_L2_AOP_PACE_OCI.20250311T144235.L2.OC_AOP.V3_1.nc_3.1,PACE_OCI.20250311T144235.L2.OC_AOP.V3_1.nc,20.11211629152834,2025-03-11 14:45:04.500000+00:00
3902660,3902660QC.nc,3,-14.463,-16.00400000000002,2025-06-04 19:55:59.999997440+00:00,-17.632359484502633,PACE_OCI_L2_AOP_PACE_OCI.20250605T141535.L2.OC_AOP.V3_1.nc_3.1,PACE_OCI_L2_AOP_PACE_OCI.20250605T141535.L2.OC_AOP.V3_1.nc_3.1,PACE_OCI.20250605T141535.L2.OC_AOP.V3_1.nc,0.30702052839969085,2025-06-05 14:18:04.500000+00:00
4903026,4903026QC.nc,310,36.5,-126.986,2024-04-19 23:15:59.999996416+00:00,44.61114757254234,PACE_OCI_L2_AOP_PACE_OCI.20240420T202342.L2.OC_AOP.V3_1.nc_3.1,PACE_OCI_L2_AOP_PACE_OCI.20240420T202342.L2.OC_AOP.V3_1.nc_3.1,PACE_OCI.20240420T202342.L2.OC_AOP.V3_1.nc,3.1069639665492783,2024-04-20 20:26:11.500000+00:00
4903026,4903026QC.nc,319,37.038,-126.81,2024-05-18 14:09:59.999997952+00:00,9.223453340303548,PACE_OCI_L2_AOP_PACE_OCI.20240518T201318.L2.OC_AOP.V3_1.nc_3.1,PACE_OCI_L2_AOP_PACE_OCI.20240518T201318.L2.OC_AOP.V3_1.nc_3.1,PACE_OCI.20240518T201318.L2.OC_AOP.V3_1.nc,12.524520572115854,2024-05-18 20:15:48+00:00
4903026,4903026QC.nc,325,37.248,-126.282,2024-06-06 16:47:59.999995904+00:00,41.75739817555007,PACE_OCI_L2_AOP_PACE_OCI.20240605T204951.L2.OC_AOP.V3_1.nc_3.1,PACE_OCI_L2_AOP_PACE_OCI.20240605T204951.L2.OC_AOP.V3_1.nc_3.1,PACE_OCI.20240605T204951.L2.OC_AOP.V3_1.nc,2.514325057640722,2024-06-05 20:52:20.500000+00:00
4903026,4903026QC.nc,326,37.234,-126.156,2024-06-09 21:30:00.000003584+00:00,69.9342093365801,PACE_OCI_L2_AOP_PACE_OCI.20240610T202702.L2.OC_AOP.V3_1.nc_3.1,PACE_OCI_L2_AOP_PACE_OCI.20240610T202702.L2.OC_AOP.V3_1.nc_3.1,PACE_OCI.20240610T202702.L2.OC_AOP.V3_1.nc,21.42958091275686,2024-06-10 20:29:32+00:00
4903026,4903026QC.nc,327,37.198,-126.014,2024-06-13 01:55:00.000001024+00:00,19.38848688316122,PACE_OCI_L2_AOP_PACE_OCI.20240612T195813.L2.OC_AOP.V3_1.nc_3.1,PACE_OCI_L2_AOP_PACE_OCI.20240612T195813.L2.OC_AOP.V3_1.nc_3.1,PACE_OCI.20240612T195813.L2.OC_AOP.V3_1.nc,2.073098624436695,2024-06-12 20:00:42.500000+00:00
4903026,4903026QC.nc,328,37.132,-125.874,2024-06-16 06:22:59.999998464+00:00,-23.106341809315506,"PACE_OCI_L2_AOP_PACE_OCI.20240615T200408.L2.OC_AOP.V3_1.nc_3.1,PACE_OCI_L2_AOP_PACE_OCI.20240616T203852.L2.OC_AOP.V3_1.nc_3.1",PACE_OCI_L2_AOP_PACE_OCI.20240616T203852.L2.OC_AOP.V3_1.nc_3.1,PACE_OCI.20240616T203852.L2.OC_AOP.V3_1.nc,0.5524051497027296,2024-06-16 20:41:21.500000+00:00
4903026,4903026QC.nc,331,37.004,-125.468,2024-06-25 19:41:00.000001024+00:00,73.43553068580026,PACE_OCI_L2_AOP_PACE_OCI.20240624T202137.L2.OC_AOP.V3_1.nc_3.1,PACE_OCI_L2_AOP_PACE_OCI.20240624T202137.L2.OC_AOP.V3_1.nc_3.1,PACE_OCI.20240624T202137.L2.OC_AOP.V3_1.nc,1.1966463855263536,2024-06-24 20:24:06.500000+00:00
4903026,4903026QC.nc,332,37.0,-125.37,2024-06-29 00:05:00.000002048+00:00,41.16743851449407,PACE_OCI_L2_AOP_PACE_OCI.20240629T195827.L2.OC_AOP.V3_1.nc_3.1,PACE_OCI_L2_AOP_PACE_OCI.20240629T195827.L2.OC_AOP.V3_1.nc_3.1,PACE_OCI.20240629T195827.L2.OC_AOP.V3_1.nc,12.097617168268261,2024-06-29 20:00:56.500000+00:00
4903026,4903026QC.nc,333,37.039,-125.293,2024-07-02 04:32:00.000003072+00:00,-8.66399540082441,PACE_OCI_L2_AOP_PACE_OCI.20240702T200411.L2.OC_AOP.V3_1.nc_3.1,PACE_OCI_L2_AOP_PACE_OCI.20240702T200411.L2.OC_AOP.V3_1.nc_3.1,PACE_OCI.20240702T200411.L2.OC_AOP.V3_1.nc,1.0232282914493238,2024-07-02 20:06:40.500000+00:00
4903026,4903026QC.nc,334,37.097,-125.228,2024-07-05 09:05:00.000002048+00:00,-29.467988845377587,PACE_OCI_L2_AOP_PACE_OCI.20240705T200953.L2.OC_AOP.V3_1.nc_3.1,PACE_OCI_L2_AOP_PACE_OCI.20240705T200953.L2.OC_AOP.V3_1.nc_3.1,PACE_OCI.20240705T200953.L2.OC_AOP.V3_1.nc,102.13661040014298,2024-07-05 20:12:23+00:00
4903026,4903026QC.nc,335,37.17,-125.162,2024-07-08 13:24:59.999997952+00:00,2.3736569162165964,"PACE_OCI_L2_AOP_PACE_OCI.20240707T211913.L2.OC_AOP.V3_1.nc_3.1,PACE_OCI_L2_AOP_PACE_OCI.20240708T201528.L2.OC_AOP.V3_1.nc_3.1,PACE_OCI_L2_AOP_PACE_OCI.20240708T215347.L2.OC_AOP.V3_1.nc_3.1",PACE_OCI_L2_AOP_PACE_OCI.20240708T201528.L2.OC_AOP.V3_1.nc_3.1,PACE_OCI.20240708T201528.L2.OC_AOP.V3_1.nc,0.4112838554635295,2024-07-08 20:17:57.500000+00:00
4903026,4903026QC.nc,343,37.56,-125.49,2024-08-03 00:34:59.999995392+00:00,32.76658601104681,PACE_OCI_L2_AOP_PACE_OCI.20240802T195536.L2.OC_AOP.V3_1.nc_3.1,PACE_OCI_L2_AOP_PACE_OCI.20240802T195536.L2.OC_AOP.V3_1.nc_3.1,PACE_OCI.20240802T195536.L2.OC_AOP.V3_1.nc,22.24868207757677,2024-08-02 19:58:06+00:00
4903026,4903026QC.nc,348,37.558,-125.954,2024-08-18 22:29:00.000003584+00:00,53.24276250290363,PACE_OCI_L2_AOP_PACE_OCI.20240819T195720.L2.OC_AOP.V3_1.nc_3.1,PACE_OCI_L2_AOP_PACE_OCI.20240819T195720.L2.OC_AOP.V3_1.nc_3.1,PACE_OCI.20240819T195720.L2.OC_AOP.V3_1.nc,2.5006533432645863,2024-08-19 19:59:49.500000+00:00
4903026,4903026QC.nc,349,37.554,-126.081,2024-08-22 02:57:59.999996928+00:00,1.4238286219481924,PACE_OCI_L2_AOP_PACE_OCI.20240822T200221.L2.OC_AOP.V3_1.nc_3.1,PACE_OCI_L2_AOP_PACE_OCI.20240822T200221.L2.OC_AOP.V3_1.nc_3.1,PACE_OCI.20240822T200221.L2.OC_AOP.V3_1.nc,22.858376559786976,2024-08-22 20:04:50.500000+00:00
4903026,4903026QC.nc,350,37.536,-126.239,2024-08-25 07:24:59.999997952+00:00,-39.77222973158536,PACE_OCI_L2_AOP_PACE_OCI.20240825T200719.L2.OC_AOP.V3_1.nc_3.1,PACE_OCI_L2_AOP_PACE_OCI.20240825T200719.L2.OC_AOP.V3_1.nc_3.1,PACE_OCI.20240825T200719.L2.OC_AOP.V3_1.nc,1.751283564304112,2024-08-25 20:09:48.500000+00:00
4903026,4903026QC.nc,351,37.514,-126.404,2024-08-28 11:51:00.000002048+00:00,-23.06406798943338,PACE_OCI_L2_AOP_PACE_OCI.20240828T201221.L2.OC_AOP.V3_1.nc_3.1,PACE_OCI_L2_AOP_PACE_OCI.20240828T201221.L2.OC_AOP.V3_1.nc_3.1,PACE_OCI.20240828T201221.L2.OC_AOP.V3_1.nc,1.0137560647143946,2024-08-28 20:14:51+00:00
4903026,4903026QC.nc,352,37.505,-126.58,2024-08-31 16:26:00.000004096+00:00,28.65653419337492,PACE_OCI_L2_AOP_PACE_OCI.20240831T201716.L2.OC_AOP.V3_1.nc_3.1,PACE_OCI_L2_AOP_PACE_OCI.20240831T201716.L2.OC_AOP.V3_1.nc_3.1,PACE_OCI.20240831T201716.L2.OC_AOP.V3_1.nc,10.409808517639348,2024-08-31 20:19:45.500000+00:00
4903026,4903026QC.nc,354,37.517,-126.953,2024-09-07 01:24:00.000001536+00:00,15.902770958383533,PACE_OCI_L2_AOP_PACE_OCI.20240906T202704.L2.OC_AOP.V3_1.nc_3.1,PACE_OCI_L2_AOP_PACE_OCI.20240906T202704.L2.OC_AOP.V3_1.nc_3.1,PACE_OCI.20240906T202704.L2.OC_AOP.V3_1.nc,198.2788598909419,2024-09-06 20:29:33.500000+00:00
4903026,4903026QC.nc,368,38.175,-127.371,2024-10-21 15:59:59.999996416+00:00,13.140203958008138,PACE_OCI_L2_AOP_PACE_OCI.20241021T200035.L2.OC_AOP.V3_1.nc_3.1,PACE_OCI_L2_AOP_PACE_OCI.20241021T200035.L2.OC_AOP.V3_1.nc_3.1,PACE_OCI.20241021T200035.L2.OC_AOP.V3_1.nc,15.336590695421444,2024-10-21 20:03:04.500000+00:00
4903026,4903026QC.nc,369,38.071,-127.152,2024-10-24 20:31:00.000003072+00:00,39.62297380546753,PACE_OCI_L2_AOP_PACE_OCI.20241024T200444.L2.OC_AOP.V3_1.nc_3.1,PACE_OCI_L2_AOP_PACE_OCI.20241024T200444.L2.OC_AOP.V3_1.nc_3.1,PACE_OCI.20241024T200444.L2.OC_AOP.V3_1.nc,0.47492472581216866,2024-10-24 20:07:13.500000+00:00
4903026,4903026QC.nc,373,38.045,-126.612,2024-11-06 14:31:59.999999488+00:00,-5.746255942302256,PACE_OCI_L2_AOP_PACE_OCI.20241106T205614.L2.OC_AOP.V3_1.nc_3.1,PACE_OCI_L2_AOP_PACE_OCI.20241106T205614.L2.OC_AOP.V3_1.nc_3.1,PACE_OCI.20241106T205614.L2.OC_AOP.V3_1.nc,0.5421591473089601,2024-11-06 20:58:44+00:00
4903026,4903026QC.nc,374,38.118,-126.513,2024-11-09 19:10:00.000001024+00:00,32.9843073435995,PACE_OCI_L2_AOP_PACE_OCI.20241108T202629.L2.OC_AOP.V3_1.nc_3.1,PACE_OCI_L2_AOP_PACE_OCI.20241108T202629.L2.OC_AOP.V3_1.nc_3.1,PACE_OCI.20241108T202629.L2.OC_AOP.V3_1.nc,4.120878514156205,2024-11-08 20:28:58.500000+00:00
4903026,4903026QC.nc,375,38.223,-126.425,2024-11-12 23:40:59.999997440+00:00,15.157438876329252,PACE_OCI_L2_AOP_PACE_OCI.20241113T200059.L2.OC_AOP.V3_1.nc_3.1,PACE_OCI_L2_AOP_PACE_OCI.20241113T200059.L2.OC_AOP.V3_1.nc_3.1,PACE_OCI.20241113T200059.L2.OC_AOP.V3_1.nc,1.827445569997217,2024-11-13 20:03:28.500000+00:00
4903026,4903026QC.nc,397,38.4,-126.159,2025-01-22 03:31:00+00:00,-22.568858016739348,PACE_OCI_L2_AOP_PACE_OCI.20250122T205820.L2.OC_AOP.V3_1.nc_3.1,PACE_OCI_L2_AOP_PACE_OCI.20250122T205820.L2.OC_AOP.V3_1.nc_3.1,PACE_OCI.20250122T205820.L2.OC_AOP.V3_1.nc,0.46439485920781315,2025-01-22 21:00:49.500000+00:00
4903026,4903026QC.nc,398,38.342,-125.995,2025-01-25 07:50:59.999995392+00:00,-68.18752957178775,PACE_OCI_L2_AOP_PACE_OCI.20250124T202927.L2.OC_AOP.V3_1.nc_3.1,PACE_OCI_L2_AOP_PACE_OCI.20250124T202927.L2.OC_AOP.V3_1.nc_3.1,PACE_OCI.20250124T202927.L2.OC_AOP.V3_1.nc,1.4579929270218197,2025-01-24 20:31:56.500000+00:00
4903026,4903026QC.nc,402,37.851,-126.003,2025-02-07 02:43:59.999996928+00:00,-10.442020505057643,PACE_OCI_L2_AOP_PACE_OCI.20250206T194957.L2.OC_AOP.V3_1.nc_3.1,PACE_OCI_L2_AOP_PACE_OCI.20250206T194957.L2.OC_AOP.V3_1.nc_3.1,PACE_OCI.20250206T194957.L2.OC_AOP.V3_1.nc,778.7712851627352,2025-02-06 19:52:27+00:00
4903026,4903026QC.nc,415,37.388,-126.423,2025-03-20 14:06:59.999998464+00:00,-5.111054782109373,PACE_OCI_L2_AOP_PACE_OCI.20250320T200207.L2.OC_AOP.V3_1.nc_3.1,PACE_OCI_L2_AOP_PACE_OCI.20250320T200207.L2.OC_AOP.V3_1.nc_3.1,PACE_OCI.20250320T200207.L2.OC_AOP.V3_1.nc,97.05947516934252,2025-03-20 20:04:37+00:00
4903273,4903273QC.nc,112,38.475,-66.75999999999999,2024-07-30 07:30:59.999996416+00:00,-19.57458879781604,PACE_OCI_L2_AOP_PACE_OCI.20240729T155905.L2.OC_AOP.V3_1.nc_3.1,PACE_OCI_L2_AOP_PACE_OCI.20240729T155905.L2.OC_AOP.V3_1.nc_3.1,PACE_OCI.20240729T155905.L2.OC_AOP.V3_1.nc,143.67826860239796,2024-07-29 16:01:34.500000+00:00
4903273,4903273QC.nc,118,37.738,-61.339,2024-10-02 05:45:00.000003584+00:00,-47.69558235190221,PACE_OCI_L2_AOP_PACE_OCI.20241001T164321.L2.OC_AOP.V3_1.nc_3.1,PACE_OCI_L2_AOP_PACE_OCI.20241001T164321.L2.OC_AOP.V3_1.nc_3.1,PACE_OCI.20241001T164321.L2.OC_AOP.V3_1.nc,0.03320277372815174,2024-10-01 16:45:51+00:00
4903273,4903273QC.nc,120,37.948,-59.91500000000002,2024-10-23 06:19:00.000002560+00:00,-46.535180275181965,PACE_OCI_L2_AOP_PACE_OCI.20241022T171810.L2.OC_AOP.V3_1.nc_3.1,PACE_OCI_L2_AOP_PACE_OCI.20241022T171810.L2.OC_AOP.V3_1.nc_3.1,PACE_OCI.20241022T171810.L2.OC_AOP.V3_1.nc,0.7236310408710802,2024-10-22 17:20:40+00:00
4903273,4903273QC.nc,142,37.617,-67.78300000000002,2025-06-22 05:54:00.000001536+00:00,-26.05795080888786,"PACE_OCI_L2_AOP_PACE_OCI.20250621T172107.L2.OC_AOP.V3_1.nc_3.1,PACE_OCI_L2_AOP_PACE_OCI.20250622T175621.L2.OC_AOP.V3_1.nc_3.1",PACE_OCI_L2_AOP_PACE_OCI.20250621T172107.L2.OC_AOP.V3_1.nc_3.1,PACE_OCI.20250621T172107.L2.OC_AOP.V3_1.nc,0.4586383668382011,2025-06-21 17:23:36.500000+00:00
4903274,4903274QC.nc,109,27.114,-74.32999999999998,2024-04-02 06:33:00.000002560+00:00,-50.79511274837896,"PACE_OCI_L2_AOP_PACE_OCI.20240401T172447.L2.OC_AOP.V3_1.nc_3.1,PACE_OCI_L2_AOP_PACE_OCI.20240402T175951.L2.OC_AOP.V3_1.nc_3.1",PACE_OCI_L2_AOP_PACE_OCI.20240402T175951.L2.OC_AOP.V3_1.nc_3.1,PACE_OCI.20240402T175951.L2.OC_AOP.V3_1.nc,0.5238696436870595,2024-04-02 18:02:20.500000+00:00
4903274,4903274QC.nc,110,27.173,-74.09100000000001,2024-04-13 05:21:59.999994880+00:00,-53.09033914323311,PACE_OCI_L2_AOP_PACE_OCI.20240413T175156.L2.OC_AOP.V3_1.nc_3.1,PACE_OCI_L2_AOP_PACE_OCI.20240413T175156.L2.OC_AOP.V3_1.nc_3.1,PACE_OCI.20240413T175156.L2.OC_AOP.V3_1.nc,0.4362012623354505,2024-04-13 17:54:25.500000+00:00
4903274,4903274QC.nc,111,27.494,-73.993,2024-04-23 06:25:59.999997440+00:00,-44.04575573330354,PACE_OCI_L2_AOP_PACE_OCI.20240422T181158.L2.OC_AOP.V3_1.nc_3.1,PACE_OCI_L2_AOP_PACE_OCI.20240422T181158.L2.OC_AOP.V3_1.nc_3.1,PACE_OCI.20240422T181158.L2.OC_AOP.V3_1.nc,16.47848168637426,2024-04-22 18:14:27.500000+00:00
4903274,4903274QC.nc,112,28.001,-74.589,2024-05-04 05:25:00.000004608+00:00,-45.2969359331744,PACE_OCI_L2_AOP_PACE_OCI.20240503T180302.L2.OC_AOP.V3_1.nc_3.1,PACE_OCI_L2_AOP_PACE_OCI.20240503T180302.L2.OC_AOP.V3_1.nc_3.1,PACE_OCI.20240503T180302.L2.OC_AOP.V3_1.nc,4.786229672485319,2024-05-03 18:04:45.500000+00:00
4903274,4903274QC.nc,113,28.735,-75.11000000000001,2024-05-14 06:36:00.000002048+00:00,-36.79892445132529,PACE_OCI_L2_AOP_PACE_OCI.20240513T171853.L2.OC_AOP.V3_1.nc_3.1,PACE_OCI_L2_AOP_PACE_OCI.20240513T171853.L2.OC_AOP.V3_1.nc_3.1,PACE_OCI.20240513T171853.L2.OC_AOP.V3_1.nc,0.9986065698111012,2024-05-13 17:21:22.500000+00:00
4903274,4903274QC.nc,119,29.346,-76.44299999999998,2024-07-15 06:41:00.000004096+00:00,-34.86584946705189,PACE_OCI_L2_AOP_PACE_OCI.20240715T174440.L2.OC_AOP.V3_1.nc_3.1,PACE_OCI_L2_AOP_PACE_OCI.20240715T174440.L2.OC_AOP.V3_1.nc_3.1,PACE_OCI.20240715T174440.L2.OC_AOP.V3_1.nc,0.6576073468130905,2024-07-15 17:47:10+00:00
4903274,4903274QC.nc,121,28.39,-75.476,2024-08-06 05:31:00.000003072+00:00,-44.70864927804107,PACE_OCI_L2_AOP_PACE_OCI.20240805T164420.L2.OC_AOP.V3_1.nc_3.1,PACE_OCI_L2_AOP_PACE_OCI.20240805T164420.L2.OC_AOP.V3_1.nc_3.1,PACE_OCI.20240805T164420.L2.OC_AOP.V3_1.nc,59.92636918553448,2024-08-05 16:46:50+00:00
4903274,4903274QC.nc,122,28.414,-74.87900000000002,2024-08-16 06:56:00.000001024+00:00,-40.01579013208754,PACE_OCI_L2_AOP_PACE_OCI.20240816T180905.L2.OC_AOP.V3_1.nc_3.1,PACE_OCI_L2_AOP_PACE_OCI.20240816T180905.L2.OC_AOP.V3_1.nc_3.1,PACE_OCI.20240816T180905.L2.OC_AOP.V3_1.nc,0.6498695453884605,2024-08-16 18:11:34.500000+00:00
4903274,4903274QC.nc,125,28.445,-76.65300000000002,2024-09-17 05:29:00+00:00,-58.766830506865794,PACE_OCI_L2_AOP_PACE_OCI.20240917T183311.L2.OC_AOP.V3_1.nc_3.1,PACE_OCI_L2_AOP_PACE_OCI.20240917T183311.L2.OC_AOP.V3_1.nc_3.1,PACE_OCI.20240917T183311.L2.OC_AOP.V3_1.nc,315.08038432819563,2024-09-17 18:35:40.500000+00:00
4903274,4903274QC.nc,136,23.662,-71.84199999999998,2025-01-15 06:11:59.999997440+00:00,-72.42155465520149,PACE_OCI_L2_AOP_PACE_OCI.20250114T175854.L2.OC_AOP.V3_1.nc_3.1,PACE_OCI_L2_AOP_PACE_OCI.20250114T175854.L2.OC_AOP.V3_1.nc_3.1,PACE_OCI.20250114T175854.L2.OC_AOP.V3_1.nc,0.9333967903633675,2025-01-14 18:01:23.500000+00:00
4903274,4903274QC.nc,138,23.0,-71.608,2025-02-06 06:22:00.000001536+00:00,-69.38005574251082,PACE_OCI_L2_AOP_PACE_OCI.20250206T180635.L2.OC_AOP.V3_1.nc_3.1,PACE_OCI_L2_AOP_PACE_OCI.20250206T180635.L2.OC_AOP.V3_1.nc_3.1,PACE_OCI.20250206T180635.L2.OC_AOP.V3_1.nc,34.662646549858465,2025-02-06 18:09:04.500000+00:00
4903274,4903274QC.nc,139,22.367,-71.42000000000002,2025-02-17 05:48:59.999998976+00:00,-74.23485091784619,PACE_OCI_L2_AOP_PACE_OCI.20250216T172847.L2.OC_AOP.V3_1.nc_3.1,PACE_OCI_L2_AOP_PACE_OCI.20250216T172847.L2.OC_AOP.V3_1.nc_3.1,PACE_OCI.20250216T172847.L2.OC_AOP.V3_1.nc,7.688699313811704,2025-02-16 17:31:16.500000+00:00
4903274,4903274QC.nc,140,22.172,-70.62099999999998,2025-02-28 06:17:59.999995904+00:00,-65.41641024742057,"PACE_OCI_L2_AOP_PACE_OCI.20250227T172628.L2.OC_AOP.V3_1.nc_3.1,PACE_OCI_L2_AOP_PACE_OCI.20250228T180201.L2.OC_AOP.V3_1.nc_3.1",PACE_OCI_L2_AOP_PACE_OCI.20250227T172628.L2.OC_AOP.V3_1.nc_3.1,PACE_OCI.20250227T172628.L2.OC_AOP.V3_1.nc,0.6050862612618007,2025-02-27 17:28:57.500000+00:00
4903274,4903274QC.nc,141,23.079,-70.93,2025-03-11 05:26:00.000001024+00:00,-69.0221916897497,PACE_OCI_L2_AOP_PACE_OCI.20250311T175919.L2.OC_AOP.V3_1.nc_3.1,PACE_OCI_L2_AOP_PACE_OCI.20250311T175919.L2.OC_AOP.V3_1.nc_3.1,PACE_OCI.20250311T175919.L2.OC_AOP.V3_1.nc,0.9612857311529396,2025-03-11 18:01:48.500000+00:00
4903274,4903274QC.nc,143,23.17,-69.37,2025-04-02 05:09:59.999997952+00:00,-60.93363412131561,PACE_OCI_L2_AOP_PACE_OCI.20250401T171221.L2.OC_AOP.V3_1.nc_3.1,PACE_OCI_L2_AOP_PACE_OCI.20250401T171221.L2.OC_AOP.V3_1.nc_3.1,PACE_OCI.20250401T171221.L2.OC_AOP.V3_1.nc,0.2736941551697711,2025-04-01 17:14:50.500000+00:00
4903274,4903274QC.nc,144,22.654,-69.29399999999998,2025-04-13 06:25:00.000001024+00:00,-48.73622833434878,PACE_OCI_L2_AOP_PACE_OCI.20250413T174350.L2.OC_AOP.V3_1.nc_3.1,PACE_OCI_L2_AOP_PACE_OCI.20250413T174350.L2.OC_AOP.V3_1.nc_3.1,PACE_OCI.20250413T174350.L2.OC_AOP.V3_1.nc,8.39269913197831,2025-04-13 17:46:19.500000+00:00
4903456,4903456QC.nc,63,37.642,-50.685,2024-06-02 16:01:59.999999488+00:00,72.29224028897954,PACE_OCI_L2_AOP_PACE_OCI.20240601T165222.L2.OC_AOP.V3_1.nc_3.1,PACE_OCI_L2_AOP_PACE_OCI.20240601T165222.L2.OC_AOP.V3_1.nc_3.1,PACE_OCI.20240601T165222.L2.OC_AOP.V3_1.nc,129.25353943941553,2024-06-01 16:54:51.500000+00:00
4903456,4903456QC.nc,65,38.326,-52.259000000000015,2024-06-22 15:16:00.000003072+00:00,74.75791894651672,PACE_OCI_L2_AOP_PACE_OCI.20240621T165911.L2.OC_AOP.V3_1.nc_3.1,PACE_OCI_L2_AOP_PACE_OCI.20240621T165911.L2.OC_AOP.V3_1.nc_3.1,PACE_OCI.20240621T165911.L2.OC_AOP.V3_1.nc,101.25045292237682,2024-06-21 17:01:40.500000+00:00
4903456,4903456QC.nc,66,38.408,-52.12299999999999,2024-07-02 14:59:00.000003584+00:00,72.97044265987547,PACE_OCI_L2_AOP_PACE_OCI.20240702T150915.L2.OC_AOP.V3_1.nc_3.1,PACE_OCI_L2_AOP_PACE_OCI.20240702T150915.L2.OC_AOP.V3_1.nc_3.1,PACE_OCI.20240702T150915.L2.OC_AOP.V3_1.nc,4.442081311006789,2024-07-02 15:11:44.500000+00:00
4903456,4903456QC.nc,67,37.904,-51.98700000000002,2024-07-12 15:08:00.000001536+00:00,73.01198396356776,PACE_OCI_L2_AOP_PACE_OCI.20240712T160047.L2.OC_AOP.V3_1.nc_3.1,PACE_OCI_L2_AOP_PACE_OCI.20240712T160047.L2.OC_AOP.V3_1.nc_3.1,PACE_OCI.20240712T160047.L2.OC_AOP.V3_1.nc,0.3860388964627765,2024-07-12 16:03:16.500000+00:00
4903456,4903456QC.nc,68,37.508,-52.55799999999999,2024-07-22 15:34:59.999995392+00:00,72.57555360277581,PACE_OCI_L2_AOP_PACE_OCI.20240722T151341.L2.OC_AOP.V3_1.nc_3.1,PACE_OCI_L2_AOP_PACE_OCI.20240722T151341.L2.OC_AOP.V3_1.nc_3.1,PACE_OCI.20240722T151341.L2.OC_AOP.V3_1.nc,4.137647233359639,2024-07-22 15:16:10.500000+00:00
4903456,4903456QC.nc,69,37.169,-53.036,2024-08-01 14:56:00.000004096+00:00,68.49341702086546,"PACE_OCI_L2_AOP_PACE_OCI.20240731T152954.L2.OC_AOP.V3_1.nc_3.1,PACE_OCI_L2_AOP_PACE_OCI.20240801T160427.L2.OC_AOP.V3_1.nc_3.1",PACE_OCI_L2_AOP_PACE_OCI.20240731T152954.L2.OC_AOP.V3_1.nc_3.1,PACE_OCI.20240731T152954.L2.OC_AOP.V3_1.nc,1.1208902057463481,2024-07-31 15:32:23.500000+00:00
4903456,4903456QC.nc,70,37.235,-52.932000000000016,2024-08-11 15:17:59.999995904+00:00,67.37114910158296,"PACE_OCI_L2_AOP_PACE_OCI.20240810T162025.L2.OC_AOP.V3_1.nc_3.1,PACE_OCI_L2_AOP_PACE_OCI.20240811T165456.L2.OC_AOP.V3_1.nc_3.1",PACE_OCI_L2_AOP_PACE_OCI.20240810T162025.L2.OC_AOP.V3_1.nc_3.1,PACE_OCI.20240810T162025.L2.OC_AOP.V3_1.nc,1.021161963697987,2024-08-10 16:22:54.500000+00:00
4903458,4903458QC.nc,68,13.316,-58.291,2024-08-27 04:27:00.000000512+00:00,-65.4352845351274,"PACE_OCI_L2_AOP_PACE_OCI.20240826T172013.L2.OC_AOP.V3_1.nc_3.1,PACE_OCI_L2_AOP_PACE_OCI.20240827T161621.L2.OC_AOP.V3_1.nc_3.1",PACE_OCI_L2_AOP_PACE_OCI.20240826T172013.L2.OC_AOP.V3_1.nc_3.1,PACE_OCI.20240826T172013.L2.OC_AOP.V3_1.nc,0.7821105487994993,2024-08-26 17:22:43+00:00
4903458,4903458QC.nc,69,13.267,-57.696000000000026,2024-09-06 05:12:00.000000512+00:00,-61.62280336003724,"PACE_OCI_L2_AOP_PACE_OCI.20240905T163106.L2.OC_AOP.V3_1.nc_3.1,PACE_OCI_L2_AOP_PACE_OCI.20240906T170529.L2.OC_AOP.V3_1.nc_3.1",PACE_OCI_L2_AOP_PACE_OCI.20240905T163106.L2.OC_AOP.V3_1.nc_3.1,PACE_OCI.20240905T163106.L2.OC_AOP.V3_1.nc,0.1453932612056594,2024-09-05 16:33:36+00:00
4903458,4903458QC.nc,70,13.077,-57.142,2024-09-16 06:45:00+00:00,-42.33263280578411,"PACE_OCI_L2_AOP_PACE_OCI.20240915T171938.L2.OC_AOP.V3_1.nc_3.1,PACE_OCI_L2_AOP_PACE_OCI.20240916T161535.L2.OC_AOP.V3_1.nc_3.1",PACE_OCI_L2_AOP_PACE_OCI.20240915T171938.L2.OC_AOP.V3_1.nc_3.1,PACE_OCI.20240915T171938.L2.OC_AOP.V3_1.nc,7.583145079071892,2024-09-15 17:22:07.500000+00:00
4903458,4903458QC.nc,71,14.051,-56.93000000000001,2024-09-26 07:16:59.999996416+00:00,-34.68220413225059,PACE_OCI_L2_AOP_PACE_OCI.20240925T162921.L2.OC_AOP.V3_1.nc_3.1,PACE_OCI_L2_AOP_PACE_OCI.20240925T162921.L2.OC_AOP.V3_1.nc_3.1,PACE_OCI.20240925T162921.L2.OC_AOP.V3_1.nc,1.4608891883759227,2024-09-25 16:31:50.500000+00:00
4903458,4903458QC.nc,84,14.51,-55.07900000000001,2025-02-04 06:13:00.000003584+00:00,-56.52713962610614,PACE_OCI_L2_AOP_PACE_OCI.20250204T165613.L2.OC_AOP.V3_1.nc_3.1,PACE_OCI_L2_AOP_PACE_OCI.20250204T165613.L2.OC_AOP.V3_1.nc_3.1,PACE_OCI.20250204T165613.L2.OC_AOP.V3_1.nc,0.1901608623788779,2025-02-04 16:58:43+00:00
4903458,4903458QC.nc,85,14.021,-55.089999999999975,2025-02-14 08:06:00.000002048+00:00,-29.01952086199024,"PACE_OCI_L2_AOP_PACE_OCI.20250213T154204.L2.OC_AOP.V3_1.nc_3.1,PACE_OCI_L2_AOP_PACE_OCI.20250213T172027.L2.OC_AOP.V3_1.nc_3.1,PACE_OCI_L2_AOP_PACE_OCI.20250214T161739.L2.OC_AOP.V3_1.nc_3.1",PACE_OCI_L2_AOP_PACE_OCI.20250213T154204.L2.OC_AOP.V3_1.nc_3.1,PACE_OCI.20250213T154204.L2.OC_AOP.V3_1.nc,0.3344215192808044,2025-02-13 15:44:33.500000+00:00
4903459,4903459QC.nc,51,4.406,-28.38099999999997,2024-04-01 03:19:59.999998976+00:00,-67.42741082482415,PACE_OCI_L2_AOP_PACE_OCI.20240401T140807.L2.OC_AOP.V3_1.nc_3.1,PACE_OCI_L2_AOP_PACE_OCI.20240401T140807.L2.OC_AOP.V3_1.nc_3.1,PACE_OCI.20240401T140807.L2.OC_AOP.V3_1.nc,837.8292065614584,2024-04-01 14:10:36.500000+00:00
4903459,4903459QC.nc,75,3.016,-23.28100000000001,2024-11-27 18:58:00.000003584+00:00,4.412275308643292,PACE_OCI_L2_AOP_PACE_OCI.20241128T134440.L2.OC_AOP.V3_1.nc_3.1,PACE_OCI_L2_AOP_PACE_OCI.20241128T134440.L2.OC_AOP.V3_1.nc_3.1,PACE_OCI.20241128T134440.L2.OC_AOP.V3_1.nc,65.73903857402732,2024-11-28 13:47:09.500000+00:00
4903459,4903459QC.nc,93,3.296,-30.007000000000005,2025-05-28 11:23:59.999997952+00:00,48.56842508838078,PACE_OCI_L2_AOP_PACE_OCI.20250527T153624.L2.OC_AOP.V3_1.nc_3.1,PACE_OCI_L2_AOP_PACE_OCI.20250527T153624.L2.OC_AOP.V3_1.nc_3.1,PACE_OCI.20250527T153624.L2.OC_AOP.V3_1.nc,124.14886966099621,2025-05-27 15:38:53.500000+00:00
4903462,4903462QC.nc,56,7.713,-55.17599999999999,2024-05-20 05:35:59.999995392+00:00,-49.67456380502752,PACE_OCI_L2_AOP_PACE_OCI.20240520T162304.L2.OC_AOP.V3_1.nc_3.1,PACE_OCI_L2_AOP_PACE_OCI.20240520T162304.L2.OC_AOP.V3_1.nc_3.1,PACE_OCI.20240520T162304.L2.OC_AOP.V3_1.nc,0.44617680904389717,2024-05-20 16:25:34+00:00
4903462,4903462QC.nc,66,10.102,-53.23599999999999,2024-08-28 05:54:00.000001536+00:00,-50.04109290907479,PACE_OCI_L2_AOP_PACE_OCI.20240827T161621.L2.OC_AOP.V3_1.nc_3.1,PACE_OCI_L2_AOP_PACE_OCI.20240827T161621.L2.OC_AOP.V3_1.nc_3.1,PACE_OCI.20240827T161621.L2.OC_AOP.V3_1.nc,19.138576216595,2024-08-27 16:18:50.500000+00:00
4903462,4903462QC.nc,67,10.782,-53.16300000000001,2024-09-07 05:56:00.000004096+00:00,-50.15948671256197,"PACE_OCI_L2_AOP_PACE_OCI.20240906T170529.L2.OC_AOP.V3_1.nc_3.1,PACE_OCI_L2_AOP_PACE_OCI.20240907T160134.L2.OC_AOP.V3_1.nc_3.1",PACE_OCI_L2_AOP_PACE_OCI.20240906T170529.L2.OC_AOP.V3_1.nc_3.1,PACE_OCI.20240906T170529.L2.OC_AOP.V3_1.nc,7.4480006325558685,2024-09-06 17:07:58.500000+00:00
4903462,4903462QC.nc,68,10.618,-52.98599999999999,2024-09-17 06:56:59.999997440+00:00,-36.08990221804228,"PACE_OCI_L2_AOP_PACE_OCI.20240916T161535.L2.OC_AOP.V3_1.nc_3.1,PACE_OCI_L2_AOP_PACE_OCI.20240917T164954.L2.OC_AOP.V3_1.nc_3.1",PACE_OCI_L2_AOP_PACE_OCI.20240916T161535.L2.OC_AOP.V3_1.nc_3.1,PACE_OCI.20240916T161535.L2.OC_AOP.V3_1.nc,1.6522356127559659,2024-09-16 16:18:04.500000+00:00
4903462,4903462QC.nc,82,10.662,-51.06,2025-02-05 05:20:00.000002048+00:00,-64.70758482792581,PACE_OCI_L2_AOP_PACE_OCI.20250204T165613.L2.OC_AOP.V3_1.nc_3.1,PACE_OCI_L2_AOP_PACE_OCI.20250204T165613.L2.OC_AOP.V3_1.nc_3.1,PACE_OCI.20250204T165613.L2.OC_AOP.V3_1.nc,37.209768570282705,2025-02-04 16:58:43+00:00
4903462,4903462QC.nc,95,8.56,-48.39100000000002,2025-06-16 10:32:00.000003072+00:00,21.19974122432376,PACE_OCI_L2_AOP_PACE_OCI.20250616T155819.L2.OC_AOP.V3_1.nc_3.1,PACE_OCI_L2_AOP_PACE_OCI.20250616T155819.L2.OC_AOP.V3_1.nc_3.1,PACE_OCI.20250616T155819.L2.OC_AOP.V3_1.nc,6.404168742223941,2025-06-16 16:00:48.500000+00:00
4903463,4903463QC.nc,50,5.378,-22.46199999999999,2024-04-01 14:54:00.000001536+00:00,69.9491465417144,PACE_OCI_L2_AOP_PACE_OCI.20240401T140807.L2.OC_AOP.V3_1.nc_3.1,PACE_OCI_L2_AOP_PACE_OCI.20240401T140807.L2.OC_AOP.V3_1.nc_3.1,PACE_OCI.20240401T140807.L2.OC_AOP.V3_1.nc,265.65905044485226,2024-04-01 14:10:36.500000+00:00
4903463,4903463QC.nc,72,5.783,-22.283999999999992,2024-11-07 22:52:00.000001536+00:00,-53.8760266225172,PACE_OCI_L2_AOP_PACE_OCI.20241108T134821.L2.OC_AOP.V3_1.nc_3.1,PACE_OCI_L2_AOP_PACE_OCI.20241108T134821.L2.OC_AOP.V3_1.nc_3.1,PACE_OCI.20241108T134821.L2.OC_AOP.V3_1.nc,36.08861687972572,2024-11-08 13:50:51+00:00
4903463,4903463QC.nc,74,5.671,-22.692000000000007,2024-11-28 00:00:59.999996416+00:00,-65.51877797428388,PACE_OCI_L2_AOP_PACE_OCI.20241128T134440.L2.OC_AOP.V3_1.nc_3.1,PACE_OCI_L2_AOP_PACE_OCI.20241128T134440.L2.OC_AOP.V3_1.nc_3.1,PACE_OCI.20241128T134440.L2.OC_AOP.V3_1.nc,20.79823293036291,2024-11-28 13:47:09.500000+00:00
4903485,4903485QC.nc,35,28.501,-16.067000000000007,2024-04-04 00:25:00.000001024+00:00,-54.22209196284868,PACE_OCI_L2_AOP_PACE_OCI.20240403T133953.L2.OC_AOP.V3_1.nc_3.1,PACE_OCI_L2_AOP_PACE_OCI.20240403T133953.L2.OC_AOP.V3_1.nc_3.1,PACE_OCI.20240403T133953.L2.OC_AOP.V3_1.nc,0.5965415956246773,2024-04-03 13:42:23+00:00
4903485,4903485QC.nc,37,28.198,-16.007000000000005,2024-04-23 21:11:59.999997440+00:00,-20.82436004598597,PACE_OCI_L2_AOP_PACE_OCI.20240424T124837.L2.OC_AOP.V3_1.nc_3.1,PACE_OCI_L2_AOP_PACE_OCI.20240424T124837.L2.OC_AOP.V3_1.nc_3.1,PACE_OCI.20240424T124837.L2.OC_AOP.V3_1.nc,2.6762945094238857,2024-04-24 12:51:06.500000+00:00
4903485,4903485QC.nc,38,27.913,-16.494000000000028,2024-05-03 20:43:59.999996928+00:00,-13.543798766558194,"PACE_OCI_L2_AOP_PACE_OCI.20240503T130804.L2.OC_AOP.V3_1.nc_3.1,PACE_OCI_L2_AOP_PACE_OCI.20240504T134259.L2.OC_AOP.V3_1.nc_3.1",PACE_OCI_L2_AOP_PACE_OCI.20240504T134259.L2.OC_AOP.V3_1.nc_3.1,PACE_OCI.20240504T134259.L2.OC_AOP.V3_1.nc,0.48301203187983,2024-05-04 13:45:28.500000+00:00
4903485,4903485QC.nc,40,27.555,-16.99000000000001,2024-05-23 21:00:00+00:00,-13.604039275957874,PACE_OCI_L2_AOP_PACE_OCI.20240523T131732.L2.OC_AOP.V3_1.nc_3.1,PACE_OCI_L2_AOP_PACE_OCI.20240523T131732.L2.OC_AOP.V3_1.nc_3.1,PACE_OCI.20240523T131732.L2.OC_AOP.V3_1.nc,18.570509706155985,2024-05-23 13:20:01.500000+00:00
4903485,4903485QC.nc,41,27.237,-17.101999999999975,2024-06-02 21:08:00.000001536+00:00,-14.001259808745717,PACE_OCI_L2_AOP_PACE_OCI.20240603T144520.L2.OC_AOP.V3_1.nc_3.1,PACE_OCI_L2_AOP_PACE_OCI.20240603T144520.L2.OC_AOP.V3_1.nc_3.1,PACE_OCI.20240603T144520.L2.OC_AOP.V3_1.nc,3.28695304601203,2024-06-03 14:47:50+00:00
4903485,4903485QC.nc,46,27.651,-17.25799999999998,2024-07-22 20:34:59.999998976+00:00,-7.115246296810939,PACE_OCI_L2_AOP_PACE_OCI.20240723T140958.L2.OC_AOP.V3_1.nc_3.1,PACE_OCI_L2_AOP_PACE_OCI.20240723T140958.L2.OC_AOP.V3_1.nc_3.1,PACE_OCI.20240723T140958.L2.OC_AOP.V3_1.nc,122.05422177470841,2024-07-23 14:12:27.500000+00:00
4903485,4903485QC.nc,47,27.799,-17.052999999999997,2024-08-01 20:37:00.000001536+00:00,-8.91555159193654,PACE_OCI_L2_AOP_PACE_OCI.20240801T142609.L2.OC_AOP.V3_1.nc_3.1,PACE_OCI_L2_AOP_PACE_OCI.20240801T142609.L2.OC_AOP.V3_1.nc_3.1,PACE_OCI.20240801T142609.L2.OC_AOP.V3_1.nc,30.396755195803642,2024-08-01 14:28:39+00:00
4903485,4903485QC.nc,53,26.184,-15.649,2024-09-30 19:55:59.999997440+00:00,-15.71570520215882,PACE_OCI_L2_AOP_PACE_OCI.20240930T125232.L2.OC_AOP.V3_1.nc_3.1,PACE_OCI_L2_AOP_PACE_OCI.20240930T125232.L2.OC_AOP.V3_1.nc_3.1,PACE_OCI.20240930T125232.L2.OC_AOP.V3_1.nc,11.048518321309134,2024-09-30 12:55:02+00:00
4903485,4903485QC.nc,63,25.616,-16.581999999999994,2025-01-09 06:27:00.000004096+00:00,-19.299228139635115,"PACE_OCI_L2_AOP_PACE_OCI.20250108T143038.L2.OC_AOP.V3_1.nc_3.1,PACE_OCI_L2_AOP_PACE_OCI.20250109T132703.L2.OC_AOP.V3_1.nc_3.1",PACE_OCI_L2_AOP_PACE_OCI.20250109T132703.L2.OC_AOP.V3_1.nc_3.1,PACE_OCI.20250109T132703.L2.OC_AOP.V3_1.nc,0.16372214569812416,2025-01-09 13:29:32.500000+00:00
4903485,4903485QC.nc,67,26.063,-16.649,2025-02-18 14:26:59.999997440+00:00,49.191425423827305,"PACE_OCI_L2_AOP_PACE_OCI.20250218T134450.L2.OC_AOP.V3_1.nc_3.1,PACE_OCI_L2_AOP_PACE_OCI.20250219T142024.L2.OC_AOP.V3_1.nc_3.1",PACE_OCI_L2_AOP_PACE_OCI.20250218T134450.L2.OC_AOP.V3_1.nc_3.1,PACE_OCI.20250218T134450.L2.OC_AOP.V3_1.nc,0.398428309923605,2025-02-18 13:47:20+00:00
4903485,4903485QC.nc,69,25.873,-16.778999999999996,2025-03-10 17:17:00.000003072+00:00,24.90519153825715,PACE_OCI_L2_AOP_PACE_OCI.20250311T144235.L2.OC_AOP.V3_1.nc_3.1,PACE_OCI_L2_AOP_PACE_OCI.20250311T144235.L2.OC_AOP.V3_1.nc_3.1,PACE_OCI.20250311T144235.L2.OC_AOP.V3_1.nc,0.6052401278258316,2025-03-11 14:45:04.500000+00:00
4903485,4903485QC.nc,71,25.628,-16.548999999999978,2025-03-30 20:49:59.999995392+00:00,-20.33834893364752,PACE_OCI_L2_AOP_PACE_OCI.20250330T142313.L2.OC_AOP.V3_1.nc_3.1,PACE_OCI_L2_AOP_PACE_OCI.20250330T142313.L2.OC_AOP.V3_1.nc_3.1,PACE_OCI.20250330T142313.L2.OC_AOP.V3_1.nc,0.7395631575241519,2025-03-30 14:25:42.500000+00:00
4903485,4903485QC.nc,76,25.92,-16.398000000000025,2025-05-20 04:16:59.999996416+00:00,-24.062681531017315,PACE_OCI_L2_AOP_PACE_OCI.20250520T131735.L2.OC_AOP.V3_1.nc_3.1,PACE_OCI_L2_AOP_PACE_OCI.20250520T131735.L2.OC_AOP.V3_1.nc_3.1,PACE_OCI.20250520T131735.L2.OC_AOP.V3_1.nc,24.22223694025466,2025-05-20 13:20:04.500000+00:00
4903485,4903485QC.nc,79,26.984,-16.24000000000001,2025-06-19 09:05:00.000002048+00:00,35.83375991079443,PACE_OCI_L2_AOP_PACE_OCI.20250619T125359.L2.OC_AOP.V3_1.nc_3.1,PACE_OCI_L2_AOP_PACE_OCI.20250619T125359.L2.OC_AOP.V3_1.nc_3.1,PACE_OCI.20250619T125359.L2.OC_AOP.V3_1.nc,49.54424218930904,2025-06-19 12:56:28.500000+00:00
4903486,4903486QC.nc,49,4.783,-19.59699999999998,2024-07-19 12:16:00.000003072+00:00,66.94410121987617,PACE_OCI_L2_AOP_PACE_OCI.20240719T145812.L2.OC_AOP.V3_1.nc_3.1,PACE_OCI_L2_AOP_PACE_OCI.20240719T145812.L2.OC_AOP.V3_1.nc_3.1,PACE_OCI.20240719T145812.L2.OC_AOP.V3_1.nc,182.71311332095266,2024-07-19 15:00:42+00:00
4903486,4903486QC.nc,62,4.927,-21.64299999999997,2024-11-26 12:13:00.000003584+00:00,60.00939159841659,"PACE_OCI_L2_AOP_PACE_OCI.20241125T134019.L2.OC_AOP.V3_1.nc_3.1,PACE_OCI_L2_AOP_PACE_OCI.20241126T141432.L2.OC_AOP.V3_1.nc_3.1",PACE_OCI_L2_AOP_PACE_OCI.20241126T141432.L2.OC_AOP.V3_1.nc_3.1,PACE_OCI.20241126T141432.L2.OC_AOP.V3_1.nc,0.8738333456005618,2024-11-26 14:17:01.500000+00:00
4903487,4903487QC.nc,37,25.341,-22.88900000000001,2024-04-01 12:31:00+00:00,64.37600006357378,"PACE_OCI_L2_AOP_PACE_OCI.20240331T133306.L2.OC_AOP.V3_1.nc_3.1,PACE_OCI_L2_AOP_PACE_OCI.20240401T140807.L2.OC_AOP.V3_1.nc_3.1",PACE_OCI_L2_AOP_PACE_OCI.20240401T140807.L2.OC_AOP.V3_1.nc_3.1,PACE_OCI.20240401T140807.L2.OC_AOP.V3_1.nc,0.6290501009682876,2024-04-01 14:10:36.500000+00:00
4903487,4903487QC.nc,41,25.517,-22.307999999999996,2024-05-11 06:50:00.000002048+00:00,0.5061766715572268,PACE_OCI_L2_AOP_PACE_OCI.20240510T135551.L2.OC_AOP.V3_1.nc_3.1,PACE_OCI_L2_AOP_PACE_OCI.20240510T135551.L2.OC_AOP.V3_1.nc_3.1,PACE_OCI.20240510T135551.L2.OC_AOP.V3_1.nc,5.452467937247201,2024-05-10 13:58:20.500000+00:00
4903487,4903487QC.nc,47,26.061,-24.089,2024-07-09 23:34:59.999998976+00:00,-32.80847168008241,PACE_OCI_L2_AOP_PACE_OCI.20240710T145131.L2.OC_AOP.V3_1.nc_3.1,PACE_OCI_L2_AOP_PACE_OCI.20240710T145131.L2.OC_AOP.V3_1.nc_3.1,PACE_OCI.20240710T145131.L2.OC_AOP.V3_1.nc,20.277430315900315,2024-07-10 14:54:01+00:00
4903487,4903487QC.nc,49,26.358,-24.649,2024-07-29 21:02:00.000003072+00:00,-8.019911099155017,PACE_OCI_L2_AOP_PACE_OCI.20240730T145520.L2.OC_AOP.V3_1.nc_3.1,PACE_OCI_L2_AOP_PACE_OCI.20240730T145520.L2.OC_AOP.V3_1.nc_3.1,PACE_OCI.20240730T145520.L2.OC_AOP.V3_1.nc,5.564751724306445,2024-07-30 14:57:50+00:00
4903487,4903487QC.nc,50,26.509,-24.75999999999999,2024-08-08 21:11:59.999997440+00:00,-11.48588896721084,PACE_OCI_L2_AOP_PACE_OCI.20240808T151121.L2.OC_AOP.V3_1.nc_3.1,PACE_OCI_L2_AOP_PACE_OCI.20240808T151121.L2.OC_AOP.V3_1.nc_3.1,PACE_OCI.20240808T151121.L2.OC_AOP.V3_1.nc,0.989459364863002,2024-08-08 15:13:50.500000+00:00
4903487,4903487QC.nc,53,26.414,-24.25400000000002,2024-09-07 18:06:59.999994880+00:00,22.18135749312568,PACE_OCI_L2_AOP_PACE_OCI.20240907T142317.L2.OC_AOP.V3_1.nc_3.1,PACE_OCI_L2_AOP_PACE_OCI.20240907T142317.L2.OC_AOP.V3_1.nc_3.1,PACE_OCI.20240907T142317.L2.OC_AOP.V3_1.nc,0.6221322453229806,2024-09-07 14:25:46.500000+00:00
4903487,4903487QC.nc,55,26.191,-24.26799999999997,2024-09-27 16:01:00.000003072+00:00,43.51350272654976,PACE_OCI_L2_AOP_PACE_OCI.20240928T132218.L2.OC_AOP.V3_1.nc_3.1,PACE_OCI_L2_AOP_PACE_OCI.20240928T132218.L2.OC_AOP.V3_1.nc_3.1,PACE_OCI.20240928T132218.L2.OC_AOP.V3_1.nc,60.77427994511632,2024-09-28 13:24:47.500000+00:00
4903487,4903487QC.nc,65,26.679,-23.713000000000022,2025-01-05 17:25:00.000004608+00:00,16.781674076455978,"PACE_OCI_L2_AOP_PACE_OCI.20250105T142450.L2.OC_AOP.V3_1.nc_3.1,PACE_OCI_L2_AOP_PACE_OCI.20250106T132111.L2.OC_AOP.V3_1.nc_3.1",PACE_OCI_L2_AOP_PACE_OCI.20250105T142450.L2.OC_AOP.V3_1.nc_3.1,PACE_OCI.20250105T142450.L2.OC_AOP.V3_1.nc,0.30418720744624506,2025-01-05 14:27:20+00:00
4903487,4903487QC.nc,78,26.633,-22.91500000000002,2025-05-16 04:46:00.000003072+00:00,-23.65925618995588,PACE_OCI_L2_AOP_PACE_OCI.20250515T133739.L2.OC_AOP.V3_1.nc_3.1,PACE_OCI_L2_AOP_PACE_OCI.20250515T133739.L2.OC_AOP.V3_1.nc_3.1,PACE_OCI.20250515T133739.L2.OC_AOP.V3_1.nc,1.6392460997511495,2025-05-15 13:40:08.500000+00:00
4903488,4903488QC.nc,42,54.455,-16.821000000000026,2024-06-25 13:01:59.999999488+00:00,58.88079957819728,PACE_OCI_L2_AOP_PACE_OCI.20240626T114608.L2.OC_AOP.V3_1.nc_3.1,PACE_OCI_L2_AOP_PACE_OCI.20240626T114608.L2.OC_AOP.V3_1.nc_3.1,PACE_OCI.20240626T114608.L2.OC_AOP.V3_1.nc,638.4228448564422,2024-06-26 11:48:38+00:00
4903488,4903488QC.nc,70,55.103,-25.011000000000024,2025-04-01 23:54:59.999997952+00:00,-25.885030992427428,PACE_OCI_L2_AOP_PACE_OCI.20250402T130242.L2.OC_AOP.V3_1.nc_3.1,PACE_OCI_L2_AOP_PACE_OCI.20250402T130242.L2.OC_AOP.V3_1.nc_3.1,PACE_OCI.20250402T130242.L2.OC_AOP.V3_1.nc,0.36085220731258044,2025-04-02 13:05:11.500000+00:00
4903489,4903489QC.nc,42,-2.217,-17.089999999999975,2024-05-03 08:46:00+00:00,23.54198290343368,PACE_OCI_L2_AOP_PACE_OCI.20240503T143623.L2.OC_AOP.V3_1.nc_3.1,PACE_OCI_L2_AOP_PACE_OCI.20240503T143623.L2.OC_AOP.V3_1.nc_3.1,PACE_OCI.20240503T143623.L2.OC_AOP.V3_1.nc,2.3492475835410302,2024-05-03 14:38:52.500000+00:00
4903489,4903489QC.nc,44,-2.636,-16.613999999999976,2024-05-23 07:27:00.000000512+00:00,4.789807827428424,PACE_OCI_L2_AOP_PACE_OCI.20240522T141109.L2.OC_AOP.V3_1.nc_3.1,PACE_OCI_L2_AOP_PACE_OCI.20240522T141109.L2.OC_AOP.V3_1.nc_3.1,PACE_OCI.20240522T141109.L2.OC_AOP.V3_1.nc,0.4076838174852095,2024-05-22 14:13:39+00:00
4903489,4903489QC.nc,72,-2.635,-16.50400000000002,2025-02-27 18:58:00.000003584+00:00,5.599535039214148,PACE_OCI_L2_AOP_PACE_OCI.20250228T143517.L2.OC_AOP.V3_1.nc_3.1,PACE_OCI_L2_AOP_PACE_OCI.20250228T143517.L2.OC_AOP.V3_1.nc_3.1,PACE_OCI.20250228T143517.L2.OC_AOP.V3_1.nc,98.25503961564154,2025-02-28 14:37:46.500000+00:00
4903489,4903489QC.nc,74,-2.655,-17.165999999999997,2025-03-19 21:16:59.999999488+00:00,-30.161808068634176,"PACE_OCI_L2_AOP_PACE_OCI.20250319T142132.L2.OC_AOP.V3_1.nc_3.1,PACE_OCI_L2_AOP_PACE_OCI.20250320T145701.L2.OC_AOP.V3_1.nc_3.1",PACE_OCI_L2_AOP_PACE_OCI.20250319T142132.L2.OC_AOP.V3_1.nc_3.1,PACE_OCI.20250319T142132.L2.OC_AOP.V3_1.nc,0.6025868353275958,2025-03-19 14:24:02+00:00
4903489,4903489QC.nc,78,-3.314,-19.93599999999998,2025-04-29 05:54:59.999997952+00:00,-20.680715082365563,PACE_OCI_L2_AOP_PACE_OCI.20250428T145549.L2.OC_AOP.V3_1.nc_3.1,PACE_OCI_L2_AOP_PACE_OCI.20250428T145549.L2.OC_AOP.V3_1.nc_3.1,PACE_OCI.20250428T145549.L2.OC_AOP.V3_1.nc,9.60347341272379,2025-04-28 14:58:19+00:00
4903533,4903533QC.nc,35,41.488,-27.726999999999972,2024-04-11 10:29:00.000003584+00:00,34.63200069115471,PACE_OCI_L2_AOP_PACE_OCI.20240411T133012.L2.OC_AOP.V3_1.nc_3.1,PACE_OCI_L2_AOP_PACE_OCI.20240411T133012.L2.OC_AOP.V3_1.nc_3.1,PACE_OCI.20240411T133012.L2.OC_AOP.V3_1.nc,61.829790675274204,2024-04-11 13:32:41.500000+00:00
4903533,4903533QC.nc,37,41.134,-28.24200000000002,2024-05-01 09:20:59.999995392+00:00,27.05626858879459,PACE_OCI_L2_AOP_PACE_OCI.20240501T151451.L2.OC_AOP.V3_1.nc_3.1,PACE_OCI_L2_AOP_PACE_OCI.20240501T151451.L2.OC_AOP.V3_1.nc_3.1,PACE_OCI.20240501T151451.L2.OC_AOP.V3_1.nc,282.1691641329891,2024-05-01 15:17:20.500000+00:00
4903533,4903533QC.nc,43,40.865,-28.25,2024-06-30 03:42:00.000000512+00:00,-21.4786819655984,PACE_OCI_L2_AOP_PACE_OCI.20240629T150331.L2.OC_AOP.V3_1.nc_3.1,PACE_OCI_L2_AOP_PACE_OCI.20240629T150331.L2.OC_AOP.V3_1.nc_3.1,PACE_OCI.20240629T150331.L2.OC_AOP.V3_1.nc,73.38963571080427,2024-06-29 15:06:00.500000+00:00
4903533,4903533QC.nc,44,41.144,-28.28800000000001,2024-07-10 02:01:59.999996416+00:00,-26.668482085594032,PACE_OCI_L2_AOP_PACE_OCI.20240710T145131.L2.OC_AOP.V3_1.nc_3.1,PACE_OCI_L2_AOP_PACE_OCI.20240710T145131.L2.OC_AOP.V3_1.nc_3.1,PACE_OCI.20240710T145131.L2.OC_AOP.V3_1.nc,3.5619867434905195,2024-07-10 14:54:01+00:00
4903533,4903533QC.nc,45,41.204,-28.432999999999996,2024-07-20 01:30:00+00:00,-27.812410367019265,PACE_OCI_L2_AOP_PACE_OCI.20240719T150812.L2.OC_AOP.V3_1.nc_3.1,PACE_OCI_L2_AOP_PACE_OCI.20240719T150812.L2.OC_AOP.V3_1.nc_3.1,PACE_OCI.20240719T150812.L2.OC_AOP.V3_1.nc,1.942945547581054,2024-07-19 15:10:41.500000+00:00
4903533,4903533QC.nc,46,41.094,-28.697000000000003,2024-07-30 00:56:59.999997440+00:00,-28.643801953745243,PACE_OCI_L2_AOP_PACE_OCI.20240730T145520.L2.OC_AOP.V3_1.nc_3.1,PACE_OCI_L2_AOP_PACE_OCI.20240730T145520.L2.OC_AOP.V3_1.nc_3.1,PACE_OCI.20240730T145520.L2.OC_AOP.V3_1.nc,22.30766167951605,2024-07-30 14:57:50+00:00
4903533,4903533QC.nc,47,41.071,-29.007000000000005,2024-08-08 22:47:59.999995904+00:00,-17.64858081092147,PACE_OCI_L2_AOP_PACE_OCI.20240808T151121.L2.OC_AOP.V3_1.nc_3.1,PACE_OCI_L2_AOP_PACE_OCI.20240808T151121.L2.OC_AOP.V3_1.nc_3.1,PACE_OCI.20240808T151121.L2.OC_AOP.V3_1.nc,7.143660299392238,2024-08-08 15:13:50.500000+00:00
4903564,4903564QC.nc,0,25.404,-29.01400000000001,2025-02-12 21:28:00.000000512+00:00,-23.076736133972616,PACE_OCI_L2_AOP_PACE_OCI.20250213T140342.L2.OC_AOP.V3_1.nc_3.1,PACE_OCI_L2_AOP_PACE_OCI.20250213T140342.L2.OC_AOP.V3_1.nc_3.1,PACE_OCI.20250213T140342.L2.OC_AOP.V3_1.nc,0.523083909434779,2025-02-13 14:06:11.500000+00:00
4903564,4903564QC.nc,2,25.184,-29.22800000000001,2025-03-05 00:20:59.999995392+00:00,-57.95925518860338,PACE_OCI_L2_AOP_PACE_OCI.20250305T142611.L2.OC_AOP.V3_1.nc_3.1,PACE_OCI_L2_AOP_PACE_OCI.20250305T142611.L2.OC_AOP.V3_1.nc_3.1,PACE_OCI.20250305T142611.L2.OC_AOP.V3_1.nc,1.5261503402004537,2025-03-05 14:28:40.500000+00:00
4903564,4903564QC.nc,5,24.402,-29.023000000000025,2025-04-04 04:50:59.999995392+00:00,-38.39952729228884,PACE_OCI_L2_AOP_PACE_OCI.20250404T140333.L2.OC_AOP.V3_1.nc_3.1,PACE_OCI_L2_AOP_PACE_OCI.20250404T140333.L2.OC_AOP.V3_1.nc_3.1,PACE_OCI.20250404T140333.L2.OC_AOP.V3_1.nc,0.6779014004388991,2025-04-04 14:06:03+00:00
4903564,4903564QC.nc,6,24.178,-28.84699999999998,2025-04-14 06:31:00+00:00,-14.890322131617207,PACE_OCI_L2_AOP_PACE_OCI.20250413T142707.L2.OC_AOP.V3_1.nc_3.1,PACE_OCI_L2_AOP_PACE_OCI.20250413T142707.L2.OC_AOP.V3_1.nc_3.1,PACE_OCI.20250413T142707.L2.OC_AOP.V3_1.nc,1.8747262845775519,2025-04-13 14:29:36.500000+00:00
4903564,4903564QC.nc,9,24.445,-28.97399999999999,2025-05-14 11:00:00.000003584+00:00,49.73900003017416,PACE_OCI_L2_AOP_PACE_OCI.20250513T140523.L2.OC_AOP.V3_1.nc_3.1,PACE_OCI_L2_AOP_PACE_OCI.20250513T140523.L2.OC_AOP.V3_1.nc_3.1,PACE_OCI.20250513T140523.L2.OC_AOP.V3_1.nc,0.7484115464648405,2025-05-13 14:07:52.500000+00:00
4903565,4903565QC.nc,0,18.238,-49.012,2025-02-18 05:45:00.000003584+00:00,-56.73001398694487,PACE_OCI_L2_AOP_PACE_OCI.20250217T162600.L2.OC_AOP.V3_1.nc_3.1,PACE_OCI_L2_AOP_PACE_OCI.20250217T162600.L2.OC_AOP.V3_1.nc_3.1,PACE_OCI.20250217T162600.L2.OC_AOP.V3_1.nc,6.817257026979305,2025-02-17 16:28:29.500000+00:00
4903565,4903565QC.nc,4,16.114,-49.32400000000001,2025-03-30 08:51:00.000002048+00:00,-6.253128622473739,PACE_OCI_L2_AOP_PACE_OCI.20250330T160134.L2.OC_AOP.V3_1.nc_3.1,PACE_OCI_L2_AOP_PACE_OCI.20250330T160134.L2.OC_AOP.V3_1.nc_3.1,PACE_OCI.20250330T160134.L2.OC_AOP.V3_1.nc,5.934377993427177,2025-03-30 16:04:04+00:00
4903570,4903570QC.nc,13,31.882,-65.34100000000001,2024-04-22 03:24:00.000004608+00:00,-43.80481166297522,PACE_OCI_L2_AOP_PACE_OCI.20240422T163338.L2.OC_AOP.V3_1.nc_3.1,PACE_OCI_L2_AOP_PACE_OCI.20240422T163338.L2.OC_AOP.V3_1.nc_3.1,PACE_OCI.20240422T163338.L2.OC_AOP.V3_1.nc,15.572232701902506,2024-04-22 16:36:07.500000+00:00
4903570,4903570QC.nc,14,32.27,-65.25599999999997,2024-05-02 02:15:00+00:00,-33.90426444899084,PACE_OCI_L2_AOP_PACE_OCI.20240502T172807.L2.OC_AOP.V3_1.nc_3.1,PACE_OCI_L2_AOP_PACE_OCI.20240502T172807.L2.OC_AOP.V3_1.nc_3.1,PACE_OCI.20240502T172807.L2.OC_AOP.V3_1.nc,0.30145272122272415,2024-05-02 17:30:36.500000+00:00
4903570,4903570QC.nc,16,32.632,-64.839,2024-05-22 00:44:00.000003584+00:00,-16.651981230758558,PACE_OCI_L2_AOP_PACE_OCI.20240522T173748.L2.OC_AOP.V3_1.nc_3.1,PACE_OCI_L2_AOP_PACE_OCI.20240522T173748.L2.OC_AOP.V3_1.nc_3.1,PACE_OCI.20240522T173748.L2.OC_AOP.V3_1.nc,107.52662437963193,2024-05-22 17:40:17.500000+00:00
4903570,4903570QC.nc,17,32.675,-64.78899999999999,2024-06-01 01:24:00.000001536+00:00,-21.41045357449245,PACE_OCI_L2_AOP_PACE_OCI.20240601T165222.L2.OC_AOP.V3_1.nc_3.1,PACE_OCI_L2_AOP_PACE_OCI.20240601T165222.L2.OC_AOP.V3_1.nc_3.1,PACE_OCI.20240601T165222.L2.OC_AOP.V3_1.nc,0.22940524765846357,2024-06-01 16:54:51.500000+00:00
4903570,4903570QC.nc,19,32.568,-64.85399999999998,2024-06-21 01:04:59.999998976+00:00,-17.018280240015674,"PACE_OCI_L2_AOP_PACE_OCI.20240620T162428.L2.OC_AOP.V3_1.nc_3.1,PACE_OCI_L2_AOP_PACE_OCI.20240621T165911.L2.OC_AOP.V3_1.nc_3.1",PACE_OCI_L2_AOP_PACE_OCI.20240620T162428.L2.OC_AOP.V3_1.nc_3.1,PACE_OCI.20240620T162428.L2.OC_AOP.V3_1.nc,0.24099541776536645,2024-06-20 16:26:57.500000+00:00
4903570,4903570QC.nc,20,32.926,-64.47300000000001,2024-07-01 01:36:59.999994880+00:00,-21.59363315489705,PACE_OCI_L2_AOP_PACE_OCI.20240701T175112.L2.OC_AOP.V3_1.nc_3.1,PACE_OCI_L2_AOP_PACE_OCI.20240701T175112.L2.OC_AOP.V3_1.nc_3.1,PACE_OCI.20240701T175112.L2.OC_AOP.V3_1.nc,0.46831381861951593,2024-07-01 17:53:42+00:00
4903570,4903570QC.nc,21,32.941,-65.21499999999997,2024-07-11 01:41:59.999997440+00:00,-22.45899326492676,PACE_OCI_L2_AOP_PACE_OCI.20240711T170428.L2.OC_AOP.V3_1.nc_3.1,PACE_OCI_L2_AOP_PACE_OCI.20240711T170428.L2.OC_AOP.V3_1.nc_3.1,PACE_OCI.20240711T170428.L2.OC_AOP.V3_1.nc,0.3437372952745736,2024-07-11 17:06:58+00:00
4903570,4903570QC.nc,24,33.239,-65.64100000000002,2024-08-10 02:15:00+00:00,-31.898254918074265,PACE_OCI_L2_AOP_PACE_OCI.20240810T162025.L2.OC_AOP.V3_1.nc_3.1,PACE_OCI_L2_AOP_PACE_OCI.20240810T162025.L2.OC_AOP.V3_1.nc_3.1,PACE_OCI.20240810T162025.L2.OC_AOP.V3_1.nc,2.388796371619004,2024-08-10 16:22:54.500000+00:00
4903570,4903570QC.nc,25,33.268,-67.80099999999999,2024-08-30 02:53:00.000005120+00:00,-41.77610013588576,PACE_OCI_L2_AOP_PACE_OCI.20240829T172510.L2.OC_AOP.V3_1.nc_3.1,PACE_OCI_L2_AOP_PACE_OCI.20240829T172510.L2.OC_AOP.V3_1.nc_3.1,PACE_OCI.20240829T172510.L2.OC_AOP.V3_1.nc,0.45618511586951854,2024-08-29 17:27:40+00:00
4903570,4903570QC.nc,30,32.016,-66.32100000000003,2024-10-19 03:08:00.000001536+00:00,-63.8137290453763,PACE_OCI_L2_AOP_PACE_OCI.20241019T171401.L2.OC_AOP.V3_1.nc_3.1,PACE_OCI_L2_AOP_PACE_OCI.20241019T171401.L2.OC_AOP.V3_1.nc_3.1,PACE_OCI.20241019T171401.L2.OC_AOP.V3_1.nc,21.249919806894127,2024-10-19 17:16:30.500000+00:00
4903570,4903570QC.nc,32,31.471,-67.03699999999998,2024-11-08 04:33:59.999995904+00:00,-74.3994284896623,PACE_OCI_L2_AOP_PACE_OCI.20241108T170955.L2.OC_AOP.V3_1.nc_3.1,PACE_OCI_L2_AOP_PACE_OCI.20241108T170955.L2.OC_AOP.V3_1.nc_3.1,PACE_OCI.20241108T170955.L2.OC_AOP.V3_1.nc,0.44103208342257344,2024-11-08 17:12:24.500000+00:00
4903570,4903570QC.nc,43,31.633,-68.70999999999998,2025-02-26 20:59:00.000003584+00:00,17.97355646279179,PACE_OCI_L2_AOP_PACE_OCI.20250227T172628.L2.OC_AOP.V3_1.nc_3.1,PACE_OCI_L2_AOP_PACE_OCI.20250227T172628.L2.OC_AOP.V3_1.nc_3.1,PACE_OCI.20250227T172628.L2.OC_AOP.V3_1.nc,2.97394191075415,2025-02-27 17:28:57.500000+00:00
4903570,4903570QC.nc,44,32.005,-68.32600000000002,2025-03-08 21:47:00.000003072+00:00,9.634837089167164,PACE_OCI_L2_AOP_PACE_OCI.20250308T175106.L2.OC_AOP.V3_1.nc_3.1,PACE_OCI_L2_AOP_PACE_OCI.20250308T175106.L2.OC_AOP.V3_1.nc_3.1,PACE_OCI.20250308T175106.L2.OC_AOP.V3_1.nc,60.17406803330498,2025-03-08 17:53:36+00:00
4903570,4903570QC.nc,45,32.175,-67.719,2025-03-19 01:46:00.000003072+00:00,-38.47998984202022,PACE_OCI_L2_AOP_PACE_OCI.20250319T174816.L2.OC_AOP.V3_1.nc_3.1,PACE_OCI_L2_AOP_PACE_OCI.20250319T174816.L2.OC_AOP.V3_1.nc_3.1,PACE_OCI.20250319T174816.L2.OC_AOP.V3_1.nc,23.54342146845822,2025-03-19 17:50:45.500000+00:00
4903570,4903570QC.nc,48,32.145,-66.54599999999999,2025-04-18 06:10:00.000004608+00:00,-40.20499049372508,PACE_OCI_L2_AOP_PACE_OCI.20250418T172400.L2.OC_AOP.V3_1.nc_3.1,PACE_OCI_L2_AOP_PACE_OCI.20250418T172400.L2.OC_AOP.V3_1.nc_3.1,PACE_OCI.20250418T172400.L2.OC_AOP.V3_1.nc,2.4024745767626583,2025-04-18 17:26:29.500000+00:00
4903570,4903570QC.nc,49,32.286,-66.75299999999999,2025-04-28 08:37:00.000001536+00:00,-13.79703283524824,PACE_OCI_L2_AOP_PACE_OCI.20250427T174713.L2.OC_AOP.V3_1.nc_3.1,PACE_OCI_L2_AOP_PACE_OCI.20250427T174713.L2.OC_AOP.V3_1.nc_3.1,PACE_OCI.20250427T174713.L2.OC_AOP.V3_1.nc,1.7492180441561604,2025-04-27 17:49:42.500000+00:00
4903571,4903571QC.nc,5,19.99,-22.78800000000001,2024-04-30 00:06:59.999994880+00:00,-49.82510644930292,PACE_OCI_L2_AOP_PACE_OCI.20240429T140459.L2.OC_AOP.V3_1.nc_3.1,PACE_OCI_L2_AOP_PACE_OCI.20240429T140459.L2.OC_AOP.V3_1.nc_3.1,PACE_OCI.20240429T140459.L2.OC_AOP.V3_1.nc,0.657059130045888,2024-04-29 14:07:28.500000+00:00
4903571,4903571QC.nc,14,19.998,-23.13299999999998,2024-08-07 20:09:00.000001536+00:00,-1.5021642598154972,PACE_OCI_L2_AOP_PACE_OCI.20240807T143649.L2.OC_AOP.V3_1.nc_3.1,PACE_OCI_L2_AOP_PACE_OCI.20240807T143649.L2.OC_AOP.V3_1.nc_3.1,PACE_OCI.20240807T143649.L2.OC_AOP.V3_1.nc,339.88146768525314,2024-08-07 14:39:18.500000+00:00
4903571,4903571QC.nc,17,20.153,-23.944000000000017,2024-09-06 19:12:00.000004096+00:00,7.297730466600045,PACE_OCI_L2_AOP_PACE_OCI.20240907T142317.L2.OC_AOP.V3_1.nc_3.1,PACE_OCI_L2_AOP_PACE_OCI.20240907T142317.L2.OC_AOP.V3_1.nc_3.1,PACE_OCI.20240907T142317.L2.OC_AOP.V3_1.nc,0.49401126454769895,2024-09-07 14:25:46.500000+00:00
4903571,4903571QC.nc,23,20.972,-26.687999999999988,2024-11-05 19:05:59.999995392+00:00,0.3006436689816497,PACE_OCI_L2_AOP_PACE_OCI.20241105T134350.L2.OC_AOP.V3_1.nc_3.1,PACE_OCI_L2_AOP_PACE_OCI.20241105T134350.L2.OC_AOP.V3_1.nc_3.1,PACE_OCI.20241105T134350.L2.OC_AOP.V3_1.nc,4.938552455593379,2024-11-05 13:46:20+00:00
4903571,4903571QC.nc,28,22.27,-28.32299999999998,2024-12-26 06:05:00.000002048+00:00,-32.61243302084827,PACE_OCI_L2_AOP_PACE_OCI.20241225T143554.L2.OC_AOP.V3_1.nc_3.1,PACE_OCI_L2_AOP_PACE_OCI.20241225T143554.L2.OC_AOP.V3_1.nc_3.1,PACE_OCI.20241225T143554.L2.OC_AOP.V3_1.nc,0.3925908064217387,2024-12-25 14:38:23.500000+00:00
4903571,4903571QC.nc,32,20.632,-28.754999999999995,2025-02-14 13:40:00.000004608+00:00,55.80845041527983,PACE_OCI_L2_AOP_PACE_OCI.20250213T140342.L2.OC_AOP.V3_1.nc_3.1,PACE_OCI_L2_AOP_PACE_OCI.20250213T140342.L2.OC_AOP.V3_1.nc_3.1,PACE_OCI.20250213T140342.L2.OC_AOP.V3_1.nc,1.2808799534708315,2025-02-13 14:06:11.500000+00:00
4903587,4903587QC.nc,99,32.848,-155.995,2024-10-14 19:52:00.000001536+00:00,37.21205162068004,PACE_OCI_L2_AOP_PACE_OCI.20241013T233344.L2.OC_AOP.V3_1.nc_3.1,PACE_OCI_L2_AOP_PACE_OCI.20241013T233344.L2.OC_AOP.V3_1.nc_3.1,PACE_OCI.20241013T233344.L2.OC_AOP.V3_1.nc,19.145385408167183,2024-10-13 23:36:13.500000+00:00
4903747,4903747QC.nc,31,-26.227,108.806,2024-06-12 14:15:59.999996416+00:00,-56.19908494543056,PACE_OCI_L2_AOP_PACE_OCI.20240613T053307.L2.OC_AOP.V3_1.nc_3.1,PACE_OCI_L2_AOP_PACE_OCI.20240613T053307.L2.OC_AOP.V3_1.nc_3.1,PACE_OCI.20240613T053307.L2.OC_AOP.V3_1.nc,0.9577103724989822,2024-06-13 05:35:37+00:00
4903830,4903830QC.nc,5,26.97,-35.94,2025-03-02 16:55:00.000001024+00:00,42.21517449969698,PACE_OCI_L2_AOP_PACE_OCI.20250302T155622.L2.OC_AOP.V3_1.nc_3.1,PACE_OCI_L2_AOP_PACE_OCI.20250302T155622.L2.OC_AOP.V3_1.nc_3.1,PACE_OCI.20250302T155622.L2.OC_AOP.V3_1.nc,28.899005561724888,2025-03-02 15:58:51.500000+00:00
4903831,4903831QC.nc,0,-19.997,7.969,2025-03-29 04:10:00.000001024+00:00,-20.635399912869254,PACE_OCI_L2_AOP_PACE_OCI.20250329T115924.L2.OC_AOP.V3_1.nc_3.1,PACE_OCI_L2_AOP_PACE_OCI.20250329T115924.L2.OC_AOP.V3_1.nc_3.1,PACE_OCI.20250329T115924.L2.OC_AOP.V3_1.nc,1.284133414184614,2025-03-29 12:01:54+00:00
4903831,4903831QC.nc,1,-19.892,8.197,2025-04-08 04:26:00.000004096+00:00,-17.24771834291819,PACE_OCI_L2_AOP_PACE_OCI.20250408T125830.L2.OC_AOP.V3_1.nc_3.1,PACE_OCI_L2_AOP_PACE_OCI.20250408T125830.L2.OC_AOP.V3_1.nc_3.1,PACE_OCI.20250408T125830.L2.OC_AOP.V3_1.nc,0.6378444958422389,2025-04-08 13:01:00+00:00
4903831,4903831QC.nc,4,-19.141,9.376,2025-05-08 05:49:59.999995392+00:00,1.7569918530386477,PACE_OCI_L2_AOP_PACE_OCI.20250507T120155.L2.OC_AOP.V3_1.nc_3.1,PACE_OCI_L2_AOP_PACE_OCI.20250507T120155.L2.OC_AOP.V3_1.nc_3.1,PACE_OCI.20250507T120155.L2.OC_AOP.V3_1.nc,0.5795229874079807,2025-05-07 12:04:24.500000+00:00
4903831,4903831QC.nc,5,-18.808,9.119,2025-05-18 06:31:00+00:00,9.525501130957124,PACE_OCI_L2_AOP_PACE_OCI.20250518T115155.L2.OC_AOP.V3_1.nc_3.1,PACE_OCI_L2_AOP_PACE_OCI.20250518T115155.L2.OC_AOP.V3_1.nc_3.1,PACE_OCI.20250518T115155.L2.OC_AOP.V3_1.nc,20.740195399451576,2025-05-18 11:54:24.500000+00:00
4903831,4903831QC.nc,6,-18.579,8.894,2025-05-28 08:17:00.000003072+00:00,29.61562858312004,"PACE_OCI_L2_AOP_PACE_OCI.20250527T121442.L2.OC_AOP.V3_1.nc_3.1,PACE_OCI_L2_AOP_PACE_OCI.20250528T125000.L2.OC_AOP.V3_1.nc_3.1",PACE_OCI_L2_AOP_PACE_OCI.20250527T121442.L2.OC_AOP.V3_1.nc_3.1,PACE_OCI.20250527T121442.L2.OC_AOP.V3_1.nc,0.4801808503260054,2025-05-27 12:17:11.500000+00:00
4903831,4903831QC.nc,7,-18.416,8.694,2025-06-07 08:53:00.000005120+00:00,34.70462824048387,PACE_OCI_L2_AOP_PACE_OCI.20250607T120926.L2.OC_AOP.V3_1.nc_3.1,PACE_OCI_L2_AOP_PACE_OCI.20250607T120926.L2.OC_AOP.V3_1.nc_3.1,PACE_OCI.20250607T120926.L2.OC_AOP.V3_1.nc,5.118113986948384,2025-06-07 12:11:55.500000+00:00
4903868,4903868QC.nc,2,-34.602,-46.40699999999998,2025-05-05 15:42:59.999996928+00:00,38.05653892526946,"PACE_OCI_L2_AOP_PACE_OCI.20250504T164426.L2.OC_AOP.V3_1.nc_3.1,PACE_OCI_L2_AOP_PACE_OCI.20250505T154122.L2.OC_AOP.V3_1.nc_3.1",PACE_OCI_L2_AOP_PACE_OCI.20250504T164426.L2.OC_AOP.V3_1.nc_3.1,PACE_OCI.20250504T164426.L2.OC_AOP.V3_1.nc,0.49229710524492,2025-05-04 16:46:55.500000+00:00
4903868,4903868QC.nc,5,-34.883,-48.21699999999999,2025-06-04 21:19:59.999998976+00:00,-14.360950892553593,PACE_OCI_L2_AOP_PACE_OCI.20250605T172717.L2.OC_AOP.V3_1.nc_3.1,PACE_OCI_L2_AOP_PACE_OCI.20250605T172717.L2.OC_AOP.V3_1.nc_3.1,PACE_OCI.20250605T172717.L2.OC_AOP.V3_1.nc,18.886192984475457,2025-06-05 17:29:46.500000+00:00
5906026,5906026QC.nc,115,53.889,-137.834,2024-08-02 03:24:00.000004608+00:00,13.315704525275926,PACE_OCI_L2_AOP_PACE_OCI.20240802T200036.L2.OC_AOP.V3_1.nc_3.1,PACE_OCI_L2_AOP_PACE_OCI.20240802T200036.L2.OC_AOP.V3_1.nc_3.1,PACE_OCI.20240802T200036.L2.OC_AOP.V3_1.nc,1.3253890185417128,2024-08-02 20:03:05.500000+00:00
5906036,5906036QC.nc,198,-31.222,48.506,2024-08-12 23:53:00.000005120+00:00,-45.24661714916524,PACE_OCI_L2_AOP_PACE_OCI.20240813T093723.L2.OC_AOP.V3_1.nc_3.1,PACE_OCI_L2_AOP_PACE_OCI.20240813T093723.L2.OC_AOP.V3_1.nc_3.1,PACE_OCI.20240813T093723.L2.OC_AOP.V3_1.nc,0.5032097951643278,2024-08-13 09:39:52.500000+00:00
5906036,5906036QC.nc,216,-31.864,49.038,2025-02-03 06:39:59.999997952+00:00,55.2393886444605,PACE_OCI_L2_AOP_PACE_OCI.20250202T104153.L2.OC_AOP.V3_1.nc_3.1,PACE_OCI_L2_AOP_PACE_OCI.20250202T104153.L2.OC_AOP.V3_1.nc_3.1,PACE_OCI.20250202T104153.L2.OC_AOP.V3_1.nc,5.9324800362493635,2025-02-02 10:44:23+00:00
5906036,5906036QC.nc,226,-30.532,44.891,2025-05-11 00:56:59.999997440+00:00,-34.42381558794816,"PACE_OCI_L2_AOP_PACE_OCI.20250510T102606.L2.OC_AOP.V3_1.nc_3.1,PACE_OCI_L2_AOP_PACE_OCI.20250511T092302.L2.OC_AOP.V3_1.nc_3.1,PACE_OCI_L2_AOP_PACE_OCI.20250511T110124.L2.OC_AOP.V3_1.nc_3.1",PACE_OCI_L2_AOP_PACE_OCI.20250510T102606.L2.OC_AOP.V3_1.nc_3.1,PACE_OCI.20250510T102606.L2.OC_AOP.V3_1.nc,0.1683606375265482,2025-05-10 10:28:35.500000+00:00
5906036,5906036QC.nc,227,-30.539,44.41,2025-05-20 17:17:59.999999488+00:00,-39.51126874811855,PACE_OCI_L2_AOP_PACE_OCI.20250521T102112.L2.OC_AOP.V3_1.nc_3.1,PACE_OCI_L2_AOP_PACE_OCI.20250521T102112.L2.OC_AOP.V3_1.nc_3.1,PACE_OCI.20250521T102112.L2.OC_AOP.V3_1.nc,141.7100230994578,2025-05-21 10:23:41.500000+00:00
5906304,5906304QC.nc,127,-33.862,-166.957,2024-07-23 07:10:59.999997440+00:00,-34.790965518959105,PACE_OCI_L2_AOP_PACE_OCI.20240723T234449.L2.OC_AOP.V3_1.nc_3.1,PACE_OCI_L2_AOP_PACE_OCI.20240723T234449.L2.OC_AOP.V3_1.nc_3.1,PACE_OCI.20240723T234449.L2.OC_AOP.V3_1.nc,4.289227744070278,2024-07-23 23:47:18.500000+00:00
5906304,5906304QC.nc,135,-35.38,-168.318,2024-10-31 05:31:00.000003072+00:00,1.7656007389608748,PACE_OCI_L2_AOP_PACE_OCI.20241101T012207.L2.OC_AOP.V3_1.nc_3.1,PACE_OCI_L2_AOP_PACE_OCI.20241101T012207.L2.OC_AOP.V3_1.nc_3.1,PACE_OCI.20241101T012207.L2.OC_AOP.V3_1.nc,10.915985930668823,2024-11-01 01:24:36.500000+00:00
5906304,5906304QC.nc,141,-32.012,-171.844,2025-02-08 06:45:59.999996416+00:00,-5.247118644398394,PACE_OCI_L2_AOP_PACE_OCI.20250209T013617.L2.OC_AOP.V3_1.nc_3.1,PACE_OCI_L2_AOP_PACE_OCI.20250209T013617.L2.OC_AOP.V3_1.nc_3.1,PACE_OCI.20250209T013617.L2.OC_AOP.V3_1.nc,17.10594858092645,2025-02-09 01:38:47+00:00
5906305,5906305QC.nc,127,-30.61,-80.36900000000003,2024-04-18 12:06:59.999994880+00:00,4.283849847960346,PACE_OCI_L2_AOP_PACE_OCI.20240417T181839.L2.OC_AOP.V3_1.nc_3.1,PACE_OCI_L2_AOP_PACE_OCI.20240417T181839.L2.OC_AOP.V3_1.nc_3.1,PACE_OCI.20240417T181839.L2.OC_AOP.V3_1.nc,23.23216509931406,2024-04-17 18:21:08.500000+00:00
5906305,5906305QC.nc,140,-30.584,-80.233,2024-08-26 07:23:00.000005120+00:00,-55.40696330094352,PACE_OCI_L2_AOP_PACE_OCI.20240825T180901.L2.OC_AOP.V3_1.nc_3.1,PACE_OCI_L2_AOP_PACE_OCI.20240825T180901.L2.OC_AOP.V3_1.nc_3.1,PACE_OCI.20240825T180901.L2.OC_AOP.V3_1.nc,45.69161567907401,2024-08-25 18:11:30.500000+00:00
5906305,5906305QC.nc,149,-29.464,-80.41199999999998,2024-11-24 07:33:59.999995904+00:00,-28.822219955424107,PACE_OCI_L2_AOP_PACE_OCI.20241123T185500.L2.OC_AOP.V3_1.nc_3.1,PACE_OCI_L2_AOP_PACE_OCI.20241123T185500.L2.OC_AOP.V3_1.nc_3.1,PACE_OCI.20241123T185500.L2.OC_AOP.V3_1.nc,0.7979243599228398,2024-11-23 18:57:29.500000+00:00
5906305,5906305QC.nc,151,-29.336,-80.23500000000001,2024-12-14 07:02:59.999995904+00:00,-31.430635600585887,PACE_OCI_L2_AOP_PACE_OCI.20241214T174828.L2.OC_AOP.V3_1.nc_3.1,PACE_OCI_L2_AOP_PACE_OCI.20241214T174828.L2.OC_AOP.V3_1.nc_3.1,PACE_OCI.20241214T174828.L2.OC_AOP.V3_1.nc,67.8670318593776,2024-12-14 17:50:57.500000+00:00
5906305,5906305QC.nc,155,-29.293,-80.11200000000002,2025-01-23 05:46:59.999996416+00:00,-41.19829215546868,PACE_OCI_L2_AOP_PACE_OCI.20250122T190501.L2.OC_AOP.V3_1.nc_3.1,PACE_OCI_L2_AOP_PACE_OCI.20250122T190501.L2.OC_AOP.V3_1.nc_3.1,PACE_OCI.20250122T190501.L2.OC_AOP.V3_1.nc,7.569272121501839,2025-01-22 19:07:30.500000+00:00
5906305,5906305QC.nc,159,-29.255,-79.798,2025-03-04 05:48:59.999998976+00:00,-54.14679239577674,PACE_OCI_L2_AOP_PACE_OCI.20250304T183045.L2.OC_AOP.V3_1.nc_3.1,PACE_OCI_L2_AOP_PACE_OCI.20250304T183045.L2.OC_AOP.V3_1.nc_3.1,PACE_OCI.20250304T183045.L2.OC_AOP.V3_1.nc,0.6592789799479066,2025-03-04 18:33:14.500000+00:00
5906306,5906306QC.nc,135,-37.299,-87.344,2024-08-12 11:48:59.999998976+00:00,-9.902768386835977,PACE_OCI_L2_AOP_PACE_OCI.20240811T181815.L2.OC_AOP.V3_1.nc_3.1,PACE_OCI_L2_AOP_PACE_OCI.20240811T181815.L2.OC_AOP.V3_1.nc_3.1,PACE_OCI.20240811T181815.L2.OC_AOP.V3_1.nc,390.9427298306733,2024-08-11 18:20:44.500000+00:00
5906307,5906307QC.nc,152,-38.241,-152.47,2025-03-12 04:02:59.999995904+00:00,5.411385538320913,PACE_OCI_L2_AOP_PACE_OCI.20250312T231457.L2.OC_AOP.V3_1.nc_3.1,PACE_OCI_L2_AOP_PACE_OCI.20250312T231457.L2.OC_AOP.V3_1.nc_3.1,PACE_OCI.20250312T231457.L2.OC_AOP.V3_1.nc,0.6276601927812865,2025-03-12 23:17:27+00:00
5906308,5906308QC.nc,124,-36.818,-77.106,2024-04-23 08:39:00.000004608+00:00,-36.952345326977216,PACE_OCI_L2_AOP_PACE_OCI.20240423T183158.L2.OC_AOP.V3_1.nc_3.1,PACE_OCI_L2_AOP_PACE_OCI.20240423T183158.L2.OC_AOP.V3_1.nc_3.1,PACE_OCI.20240423T183158.L2.OC_AOP.V3_1.nc,0.5938387668698633,2024-04-23 18:34:28+00:00
5906308,5906308QC.nc,132,-36.65,-75.80700000000002,2024-07-14 13:18:00.000002560+00:00,10.368571144142456,PACE_OCI_L2_AOP_PACE_OCI.20240713T175344.L2.OC_AOP.V3_1.nc_3.1,PACE_OCI_L2_AOP_PACE_OCI.20240713T175344.L2.OC_AOP.V3_1.nc_3.1,PACE_OCI.20240713T175344.L2.OC_AOP.V3_1.nc,65.29458120498313,2024-07-13 17:56:13.500000+00:00
5906308,5906308QC.nc,135,-37.137,-76.96199999999999,2024-08-14 09:14:59.999996416+00:00,-31.776880851784927,PACE_OCI_L2_AOP_PACE_OCI.20240813T174853.L2.OC_AOP.V3_1.nc_3.1,PACE_OCI_L2_AOP_PACE_OCI.20240813T174853.L2.OC_AOP.V3_1.nc_3.1,PACE_OCI.20240813T174853.L2.OC_AOP.V3_1.nc,297.6230100707886,2024-08-13 17:51:22.500000+00:00
5906308,5906308QC.nc,138,-37.406,-77.58100000000002,2024-09-14 03:25:00.000001024+00:00,-48.76482409752754,PACE_OCI_L2_AOP_PACE_OCI.20240913T173417.L2.OC_AOP.V3_1.nc_3.1,PACE_OCI_L2_AOP_PACE_OCI.20240913T173417.L2.OC_AOP.V3_1.nc_3.1,PACE_OCI.20240913T173417.L2.OC_AOP.V3_1.nc,2.567502201723991,2024-09-13 17:36:46.500000+00:00
5906308,5906308QC.nc,140,-37.6,-77.81700000000001,2024-10-04 16:01:59.999999488+00:00,54.57886841259322,PACE_OCI_L2_AOP_PACE_OCI.20241003T173651.L2.OC_AOP.V3_1.nc_3.1,PACE_OCI_L2_AOP_PACE_OCI.20241003T173651.L2.OC_AOP.V3_1.nc_3.1,PACE_OCI.20241003T173651.L2.OC_AOP.V3_1.nc,281.60161052749874,2024-10-03 17:39:20.500000+00:00
5906308,5906308QC.nc,144,-37.521,-78.055,2024-11-14 18:03:59.999995904+00:00,65.94920979757568,PACE_OCI_L2_AOP_PACE_OCI.20241115T173753.L2.OC_AOP.V3_1.nc_3.1,PACE_OCI_L2_AOP_PACE_OCI.20241115T173753.L2.OC_AOP.V3_1.nc_3.1,PACE_OCI.20241115T173753.L2.OC_AOP.V3_1.nc,3.75734188583197,2024-11-15 17:40:22.500000+00:00
5906308,5906308QC.nc,145,-37.456,-78.113,2024-11-25 01:10:00.000001024+00:00,-10.62598467186652,PACE_OCI_L2_AOP_PACE_OCI.20241125T182509.L2.OC_AOP.V3_1.nc_3.1,PACE_OCI_L2_AOP_PACE_OCI.20241125T182509.L2.OC_AOP.V3_1.nc_3.1,PACE_OCI.20241125T182509.L2.OC_AOP.V3_1.nc,0.7572305111221095,2024-11-25 18:27:38.500000+00:00
5906308,5906308QC.nc,147,-37.322,-78.35300000000001,2024-12-15 13:58:59.999996928+00:00,47.2231207446488,PACE_OCI_L2_AOP_PACE_OCI.20241214T174828.L2.OC_AOP.V3_1.nc_3.1,PACE_OCI_L2_AOP_PACE_OCI.20241214T174828.L2.OC_AOP.V3_1.nc_3.1,PACE_OCI.20241214T174828.L2.OC_AOP.V3_1.nc,137.72349528638682,2024-12-14 17:50:57.500000+00:00
5906308,5906308QC.nc,148,-37.285,-78.531,2024-12-25 19:54:00.000004608+00:00,53.21978203919523,PACE_OCI_L2_AOP_PACE_OCI.20241225T173732.L2.OC_AOP.V3_1.nc_3.1,PACE_OCI_L2_AOP_PACE_OCI.20241225T173732.L2.OC_AOP.V3_1.nc_3.1,PACE_OCI.20241225T173732.L2.OC_AOP.V3_1.nc,374.94335428329555,2024-12-25 17:40:02+00:00
5906308,5906308QC.nc,150,-37.089,-78.92200000000003,2025-01-15 09:17:59.999995904+00:00,-10.109210032244563,"PACE_OCI_L2_AOP_PACE_OCI.20250114T174354.L2.OC_AOP.V3_1.nc_3.1,PACE_OCI_L2_AOP_PACE_OCI.20250115T181837.L2.OC_AOP.V3_1.nc_3.1",PACE_OCI_L2_AOP_PACE_OCI.20250114T174354.L2.OC_AOP.V3_1.nc_3.1,PACE_OCI.20250114T174354.L2.OC_AOP.V3_1.nc,2.124755393878767,2025-01-14 17:46:23.500000+00:00
5906308,5906308QC.nc,154,-36.368,-78.53300000000002,2025-02-25 11:46:59.999996416+00:00,9.346388136865327,PACE_OCI_L2_AOP_PACE_OCI.20250225T173844.L2.OC_AOP.V3_1.nc_3.1,PACE_OCI_L2_AOP_PACE_OCI.20250225T173844.L2.OC_AOP.V3_1.nc_3.1,PACE_OCI.20250225T173844.L2.OC_AOP.V3_1.nc,2.0682241559496886,2025-02-25 17:41:13.500000+00:00
5906308,5906308QC.nc,155,-36.616,-78.24900000000002,2025-03-07 19:18:00.000002560+00:00,48.944899995929646,PACE_OCI_L2_AOP_PACE_OCI.20250308T191428.L2.OC_AOP.V3_1.nc_3.1,PACE_OCI_L2_AOP_PACE_OCI.20250308T191428.L2.OC_AOP.V3_1.nc_3.1,PACE_OCI.20250308T191428.L2.OC_AOP.V3_1.nc,1.183687373196492,2025-03-08 19:16:58+00:00
5906310,5906310QC.nc,149,-34.161,-156.617,2025-01-15 10:04:59.999998976+00:00,-34.31418114552076,PACE_OCI_L2_AOP_PACE_OCI.20250115T001710.L2.OC_AOP.V3_1.nc_3.1,PACE_OCI_L2_AOP_PACE_OCI.20250115T001710.L2.OC_AOP.V3_1.nc_3.1,PACE_OCI.20250115T001710.L2.OC_AOP.V3_1.nc,0.5583020006393548,2025-01-15 00:19:40+00:00
5906339,5906339QC.nc,140,13.572,-56.519000000000005,2025-02-16 05:34:59.999998976+00:00,-66.8378415035648,PACE_OCI_L2_AOP_PACE_OCI.20250215T165313.L2.OC_AOP.V3_1.nc_3.1,PACE_OCI_L2_AOP_PACE_OCI.20250215T165313.L2.OC_AOP.V3_1.nc_3.1,PACE_OCI.20250215T165313.L2.OC_AOP.V3_1.nc,28.26874867965586,2025-02-15 16:55:43+00:00
5906488,5906488QC.nc,93,-36.158,-45.71199999999999,2024-09-24 21:31:59.999996416+00:00,-7.01022441752276,PACE_OCI_L2_AOP_PACE_OCI.20240924T171821.L2.OC_AOP.V3_1.nc_3.1,PACE_OCI_L2_AOP_PACE_OCI.20240924T171821.L2.OC_AOP.V3_1.nc_3.1,PACE_OCI.20240924T171821.L2.OC_AOP.V3_1.nc,235.63177124280335,2024-09-24 17:20:50.500000+00:00
5906488,5906488QC.nc,95,-38.235,-47.22300000000001,2024-10-15 09:19:59.999998976+00:00,10.472231350308242,PACE_OCI_L2_AOP_PACE_OCI.20241014T154131.L2.OC_AOP.V3_1.nc_3.1,PACE_OCI_L2_AOP_PACE_OCI.20241014T154131.L2.OC_AOP.V3_1.nc_3.1,PACE_OCI.20241014T154131.L2.OC_AOP.V3_1.nc,2.5732517888478794,2024-10-14 15:44:00.500000+00:00
5906510,5906510QC.nc,102,27.064,133.506,2025-03-20 09:53:59.999997952+00:00,-9.039592528035516,PACE_OCI_L2_AOP_PACE_OCI.20250321T041357.L2.OC_AOP.V3_1.nc_3.1,PACE_OCI_L2_AOP_PACE_OCI.20250321T041357.L2.OC_AOP.V3_1.nc_3.1,PACE_OCI.20250321T041357.L2.OC_AOP.V3_1.nc,0.14929382579616454,2025-03-21 04:16:26.500000+00:00
5906513,5906513QC.nc,74,27.262,137.078,2024-06-01 12:53:59.999997952+00:00,-33.22855220177283,PACE_OCI_L2_AOP_PACE_OCI.20240601T034049.L2.OC_AOP.V3_1.nc_3.1,PACE_OCI_L2_AOP_PACE_OCI.20240601T034049.L2.OC_AOP.V3_1.nc_3.1,PACE_OCI.20240601T034049.L2.OC_AOP.V3_1.nc,9.935153063816584,2024-06-01 03:43:18.500000+00:00
5906537,5906537QC.nc,51,-11.507,58.285,2024-04-10 11:43:59.999996928+00:00,32.806712641138624,PACE_OCI_L2_AOP_PACE_OCI.20240410T092330.L2.OC_AOP.V3_1.nc_3.1,PACE_OCI_L2_AOP_PACE_OCI.20240410T092330.L2.OC_AOP.V3_1.nc_3.1,PACE_OCI.20240410T092330.L2.OC_AOP.V3_1.nc,0.6899886125104377,2024-04-10 09:25:59.500000+00:00
5906537,5906537QC.nc,59,-11.239,58.456,2024-06-29 10:46:00.000003072+00:00,38.57441715081275,PACE_OCI_L2_AOP_PACE_OCI.20240629T095335.L2.OC_AOP.V3_1.nc_3.1,PACE_OCI_L2_AOP_PACE_OCI.20240629T095335.L2.OC_AOP.V3_1.nc_3.1,PACE_OCI.20240629T095335.L2.OC_AOP.V3_1.nc,31.620183480903513,2024-06-29 09:56:05+00:00
5906537,5906537QC.nc,66,-11.664,58.973,2024-09-07 07:18:00.000002560+00:00,69.3599669123469,PACE_OCI_L2_AOP_PACE_OCI.20240907T091824.L2.OC_AOP.V3_1.nc_3.1,PACE_OCI_L2_AOP_PACE_OCI.20240907T091824.L2.OC_AOP.V3_1.nc_3.1,PACE_OCI.20240907T091824.L2.OC_AOP.V3_1.nc,1.5221494011413383,2024-09-07 09:20:53.500000+00:00
5906537,5906537QC.nc,69,-11.529,58.476,2024-10-07 05:31:00.000003072+00:00,54.25993394450876,PACE_OCI_L2_AOP_PACE_OCI.20241006T093452.L2.OC_AOP.V3_1.nc_3.1,PACE_OCI_L2_AOP_PACE_OCI.20241006T093452.L2.OC_AOP.V3_1.nc_3.1,PACE_OCI.20241006T093452.L2.OC_AOP.V3_1.nc,3.9324750328180387,2024-10-06 09:37:21.500000+00:00
5906537,5906537QC.nc,71,-11.282,58.389,2024-10-27 05:39:00.000004608+00:00,57.90762565314178,"PACE_OCI_L2_AOP_PACE_OCI.20241026T093005.L2.OC_AOP.V3_1.nc_3.1,PACE_OCI_L2_AOP_PACE_OCI.20241027T082556.L2.OC_AOP.V3_1.nc_3.1",PACE_OCI_L2_AOP_PACE_OCI.20241026T093005.L2.OC_AOP.V3_1.nc_3.1,PACE_OCI.20241026T093005.L2.OC_AOP.V3_1.nc,2.4851027846164486,2024-10-26 09:32:34.500000+00:00
5906537,5906537QC.nc,72,-11.033,58.223,2024-11-06 04:54:00.000004608+00:00,46.85098779518757,"PACE_OCI_L2_AOP_PACE_OCI.20241105T084359.L2.OC_AOP.V3_1.nc_3.1,PACE_OCI_L2_AOP_PACE_OCI.20241106T091315.L2.OC_AOP.V3_1.nc_3.1",PACE_OCI_L2_AOP_PACE_OCI.20241106T091315.L2.OC_AOP.V3_1.nc_3.1,PACE_OCI.20241106T091315.L2.OC_AOP.V3_1.nc,2.3453405106503826,2024-11-06 09:15:44.500000+00:00
5906537,5906537QC.nc,73,-10.992,58.143,2024-11-16 04:04:59.999998976+00:00,34.79852085186846,PACE_OCI_L2_AOP_PACE_OCI.20241115T093129.L2.OC_AOP.V3_1.nc_3.1,PACE_OCI_L2_AOP_PACE_OCI.20241115T093129.L2.OC_AOP.V3_1.nc_3.1,PACE_OCI.20241115T093129.L2.OC_AOP.V3_1.nc,1.3240071469284769,2024-11-15 09:33:58.500000+00:00
5906537,5906537QC.nc,74,-10.944,57.907,2024-11-26 04:21:00.000002048+00:00,37.68984957604907,PACE_OCI_L2_AOP_PACE_OCI.20241126T091441.L2.OC_AOP.V3_1.nc_3.1,PACE_OCI_L2_AOP_PACE_OCI.20241126T091441.L2.OC_AOP.V3_1.nc_3.1,PACE_OCI.20241126T091441.L2.OC_AOP.V3_1.nc,0.7737068535240164,2024-11-26 09:17:11+00:00
5906537,5906537QC.nc,85,-10.465,57.538,2025-03-15 21:36:59.999998464+00:00,-66.95930618892855,"PACE_OCI_L2_AOP_PACE_OCI.20250315T084248.L2.OC_AOP.V3_1.nc_3.1,PACE_OCI_L2_AOP_PACE_OCI.20250316T091819.L2.OC_AOP.V3_1.nc_3.1",PACE_OCI_L2_AOP_PACE_OCI.20250315T084248.L2.OC_AOP.V3_1.nc_3.1,PACE_OCI.20250315T084248.L2.OC_AOP.V3_1.nc,0.3965055788153356,2025-03-15 08:45:18+00:00
5906537,5906537QC.nc,87,-11.111,58.037,2025-04-04 19:35:00.000002048+00:00,-79.82930166339048,PACE_OCI_L2_AOP_PACE_OCI.20250404T090328.L2.OC_AOP.V3_1.nc_3.1,PACE_OCI_L2_AOP_PACE_OCI.20250404T090328.L2.OC_AOP.V3_1.nc_3.1,PACE_OCI.20250404T090328.L2.OC_AOP.V3_1.nc,0.3133214702566601,2025-04-04 09:05:57.500000+00:00
5906537,5906537QC.nc,88,-11.852,58.088,2025-04-14 19:29:00.000003584+00:00,-80.25109041068954,PACE_OCI_L2_AOP_PACE_OCI.20250415T085427.L2.OC_AOP.V3_1.nc_3.1,PACE_OCI_L2_AOP_PACE_OCI.20250415T085427.L2.OC_AOP.V3_1.nc_3.1,PACE_OCI.20250415T085427.L2.OC_AOP.V3_1.nc,0.3325975203980255,2025-04-15 08:56:56.500000+00:00
5906537,5906537QC.nc,89,-11.49,58.515,2025-04-24 19:26:00.000004096+00:00,-80.59221786974983,"PACE_OCI_L2_AOP_PACE_OCI.20250424T091745.L2.OC_AOP.V3_1.nc_3.1,PACE_OCI_L2_AOP_PACE_OCI.20250425T095306.L2.OC_AOP.V3_1.nc_3.1",PACE_OCI_L2_AOP_PACE_OCI.20250424T091745.L2.OC_AOP.V3_1.nc_3.1,PACE_OCI.20250424T091745.L2.OC_AOP.V3_1.nc,0.639934984188776,2025-04-24 09:20:14.500000+00:00
5906537,5906537QC.nc,90,-10.857,58.53,2025-05-04 19:30:59.999996416+00:00,-80.64539309809355,PACE_OCI_L2_AOP_PACE_OCI.20250504T083740.L2.OC_AOP.V3_1.nc_3.1,PACE_OCI_L2_AOP_PACE_OCI.20250504T083740.L2.OC_AOP.V3_1.nc_3.1,PACE_OCI.20250504T083740.L2.OC_AOP.V3_1.nc,0.9752604691362328,2025-05-04 08:40:09.500000+00:00
5906537,5906537QC.nc,91,-10.771,58.429,2025-05-14 19:27:00.000000512+00:00,-78.21909989350632,PACE_OCI_L2_AOP_PACE_OCI.20250514T093537.L2.OC_AOP.V3_1.nc_3.1,PACE_OCI_L2_AOP_PACE_OCI.20250514T093537.L2.OC_AOP.V3_1.nc_3.1,PACE_OCI.20250514T093537.L2.OC_AOP.V3_1.nc,0.9865519546478845,2025-05-14 09:38:06.500000+00:00
5906537,5906537QC.nc,93,-11.357,58.256,2025-06-03 19:21:00.000002048+00:00,-74.71416258859651,PACE_OCI_L2_AOP_PACE_OCI.20250603T094819.L2.OC_AOP.V3_1.nc_3.1,PACE_OCI_L2_AOP_PACE_OCI.20250603T094819.L2.OC_AOP.V3_1.nc_3.1,PACE_OCI.20250603T094819.L2.OC_AOP.V3_1.nc,0.9780460347994224,2025-06-03 09:50:48.500000+00:00
5906538,5906538QC.nc,53,-25.889,52.472,2024-05-07 20:03:00.000002560+00:00,-79.66387931502241,PACE_OCI_L2_AOP_PACE_OCI.20240507T101747.L2.OC_AOP.V3_1.nc_3.1,PACE_OCI_L2_AOP_PACE_OCI.20240507T101747.L2.OC_AOP.V3_1.nc_3.1,PACE_OCI.20240507T101747.L2.OC_AOP.V3_1.nc,4.2430647673584785,2024-05-07 10:20:16.500000+00:00
5906538,5906538QC.nc,56,-24.827,52.405,2024-06-06 17:15:59.999996416+00:00,-45.99220901501761,PACE_OCI_L2_AOP_PACE_OCI.20240607T101610.L2.OC_AOP.V3_1.nc_3.1,PACE_OCI_L2_AOP_PACE_OCI.20240607T101610.L2.OC_AOP.V3_1.nc_3.1,PACE_OCI.20240607T101610.L2.OC_AOP.V3_1.nc,4.960620121264825,2024-06-07 10:18:40+00:00
5906538,5906538QC.nc,58,-25.116,51.857,2024-06-26 16:01:00.000003072+00:00,-28.094813649725083,PACE_OCI_L2_AOP_PACE_OCI.20240627T102231.L2.OC_AOP.V3_1.nc_3.1,PACE_OCI_L2_AOP_PACE_OCI.20240627T102231.L2.OC_AOP.V3_1.nc_3.1,PACE_OCI.20240627T102231.L2.OC_AOP.V3_1.nc,2.41584049567852,2024-06-27 10:25:00.500000+00:00
5906538,5906538QC.nc,59,-25.286,51.351,2024-07-06 14:48:00.000002560+00:00,-11.258497322732884,"PACE_OCI_L2_AOP_PACE_OCI.20240706T103942.L2.OC_AOP.V3_1.nc_3.1,PACE_OCI_L2_AOP_PACE_OCI.20240707T093603.L2.OC_AOP.V3_1.nc_3.1",PACE_OCI_L2_AOP_PACE_OCI.20240706T103942.L2.OC_AOP.V3_1.nc_3.1,PACE_OCI.20240706T103942.L2.OC_AOP.V3_1.nc,2.501659886796233,2024-07-06 10:42:12+00:00
5906538,5906538QC.nc,60,-25.441,50.998,2024-07-16 14:23:59.999997952+00:00,-5.101560287093033,"PACE_OCI_L2_AOP_PACE_OCI.20240716T095245.L2.OC_AOP.V3_1.nc_3.1,PACE_OCI_L2_AOP_PACE_OCI.20240717T102722.L2.OC_AOP.V3_1.nc_3.1",PACE_OCI_L2_AOP_PACE_OCI.20240716T095245.L2.OC_AOP.V3_1.nc_3.1,PACE_OCI.20240716T095245.L2.OC_AOP.V3_1.nc,0.2474900885535126,2024-07-16 09:55:14.500000+00:00
5906538,5906538QC.nc,61,-25.805,50.803,2024-07-26 12:39:00.000001536+00:00,17.21941767357442,"PACE_OCI_L2_AOP_PACE_OCI.20240726T090531.L2.OC_AOP.V3_1.nc_3.1,PACE_OCI_L2_AOP_PACE_OCI.20240726T104349.L2.OC_AOP.V3_1.nc_3.1,PACE_OCI_L2_AOP_PACE_OCI.20240727T094006.L2.OC_AOP.V3_1.nc_3.1",PACE_OCI_L2_AOP_PACE_OCI.20240727T094006.L2.OC_AOP.V3_1.nc_3.1,PACE_OCI.20240727T094006.L2.OC_AOP.V3_1.nc,0.7822394651100482,2024-07-27 09:42:35.500000+00:00
5906538,5906538QC.nc,73,-27.128,50.347,2024-11-23 03:39:00.000001536+00:00,25.108921289447988,"PACE_OCI_L2_AOP_PACE_OCI.20241123T090519.L2.OC_AOP.V3_1.nc_3.1,PACE_OCI_L2_AOP_PACE_OCI.20241123T104336.L2.OC_AOP.V3_1.nc_3.1",PACE_OCI_L2_AOP_PACE_OCI.20241123T104336.L2.OC_AOP.V3_1.nc_3.1,PACE_OCI.20241123T104336.L2.OC_AOP.V3_1.nc,11.62664656538768,2024-11-23 10:46:06+00:00
5906538,5906538QC.nc,74,-27.676,49.579,2024-12-03 02:01:59.999996416+00:00,4.19486733936463,"PACE_OCI_L2_AOP_PACE_OCI.20241202T091818.L2.OC_AOP.V3_1.nc_3.1,PACE_OCI_L2_AOP_PACE_OCI.20241203T095229.L2.OC_AOP.V3_1.nc_3.1",PACE_OCI_L2_AOP_PACE_OCI.20241203T095229.L2.OC_AOP.V3_1.nc_3.1,PACE_OCI.20241203T095229.L2.OC_AOP.V3_1.nc,0.7199826822631185,2024-12-03 09:54:58.500000+00:00
5906538,5906538QC.nc,75,-28.319,49.466,2024-12-13 01:04:00.000002560+00:00,-7.501485386828802,PACE_OCI_L2_AOP_PACE_OCI.20241213T090208.L2.OC_AOP.V3_1.nc_3.1,PACE_OCI_L2_AOP_PACE_OCI.20241213T090208.L2.OC_AOP.V3_1.nc_3.1,PACE_OCI.20241213T090208.L2.OC_AOP.V3_1.nc,0.46207055118582896,2024-12-13 09:04:37.500000+00:00
5906538,5906538QC.nc,76,-28.672,49.754,2024-12-23 01:26:00.000004096+00:00,-3.714857961186443,PACE_OCI_L2_AOP_PACE_OCI.20241222T091959.L2.OC_AOP.V3_1.nc_3.1,PACE_OCI_L2_AOP_PACE_OCI.20241222T091959.L2.OC_AOP.V3_1.nc_3.1,PACE_OCI.20241222T091959.L2.OC_AOP.V3_1.nc,32.66219516242968,2024-12-22 09:22:29+00:00
5906538,5906538QC.nc,78,-28.519,50.754,2025-01-12 00:00:00+00:00,-21.279458148145416,PACE_OCI_L2_AOP_PACE_OCI.20250112T100118.L2.OC_AOP.V3_1.nc_3.1,PACE_OCI_L2_AOP_PACE_OCI.20250112T100118.L2.OC_AOP.V3_1.nc_3.1,PACE_OCI.20250112T100118.L2.OC_AOP.V3_1.nc,0.5262121960906007,2025-01-12 10:03:47.500000+00:00
5906538,5906538QC.nc,80,-28.303,50.853,2025-01-31 22:23:00.000005120+00:00,-39.32941539030895,PACE_OCI_L2_AOP_PACE_OCI.20250201T100711.L2.OC_AOP.V3_1.nc_3.1,PACE_OCI_L2_AOP_PACE_OCI.20250201T100711.L2.OC_AOP.V3_1.nc_3.1,PACE_OCI.20250201T100711.L2.OC_AOP.V3_1.nc,1.4510779067535644,2025-02-01 10:09:41+00:00
5906538,5906538QC.nc,81,-28.154,50.869,2025-02-10 21:14:00+00:00,-47.421712984848064,PACE_OCI_L2_AOP_PACE_OCI.20250211T092549.L2.OC_AOP.V3_1.nc_3.1,PACE_OCI_L2_AOP_PACE_OCI.20250211T092549.L2.OC_AOP.V3_1.nc_3.1,PACE_OCI.20250211T092549.L2.OC_AOP.V3_1.nc,1.1368248930646851,2025-02-11 09:28:18.500000+00:00
5906538,5906538QC.nc,89,-28.246,51.937,2025-05-11 17:08:00.000005120+00:00,-43.12112582898831,"PACE_OCI_L2_AOP_PACE_OCI.20250511T092302.L2.OC_AOP.V3_1.nc_3.1,PACE_OCI_L2_AOP_PACE_OCI.20250512T095823.L2.OC_AOP.V3_1.nc_3.1",PACE_OCI_L2_AOP_PACE_OCI.20250511T092302.L2.OC_AOP.V3_1.nc_3.1,PACE_OCI.20250511T092302.L2.OC_AOP.V3_1.nc,1.4642687779717587,2025-05-11 09:25:31.500000+00:00
5906538,5906538QC.nc,90,-28.111,52.301,2025-05-21 15:47:00.000003072+00:00,-26.4432244074184,PACE_OCI_L2_AOP_PACE_OCI.20250521T102112.L2.OC_AOP.V3_1.nc_3.1,PACE_OCI_L2_AOP_PACE_OCI.20250521T102112.L2.OC_AOP.V3_1.nc_3.1,PACE_OCI.20250521T102112.L2.OC_AOP.V3_1.nc,5.683996832531008,2025-05-21 10:23:41.500000+00:00
5906538,5906538QC.nc,91,-28.066,52.613,2025-05-31 15:53:59.999997952+00:00,-28.5949179865,"PACE_OCI_L2_AOP_PACE_OCI.20250531T094050.L2.OC_AOP.V3_1.nc_3.1,PACE_OCI_L2_AOP_PACE_OCI.20250601T101607.L2.OC_AOP.V3_1.nc_3.1",PACE_OCI_L2_AOP_PACE_OCI.20250601T101607.L2.OC_AOP.V3_1.nc_3.1,PACE_OCI.20250601T101607.L2.OC_AOP.V3_1.nc,8.078469711840075,2025-06-01 10:18:36.500000+00:00
5906538,5906538QC.nc,92,-27.995,52.718,2025-06-10 15:45:00+00:00,-26.718439453248788,PACE_OCI_L2_AOP_PACE_OCI.20250611T093525.L2.OC_AOP.V3_1.nc_3.1,PACE_OCI_L2_AOP_PACE_OCI.20250611T093525.L2.OC_AOP.V3_1.nc_3.1,PACE_OCI.20250611T093525.L2.OC_AOP.V3_1.nc,0.7753325712918441,2025-06-11 09:37:54.500000+00:00
5906538,5906538QC.nc,93,-27.982,52.671,2025-06-20 14:57:59.999996928+00:00,-16.383055634712644,PACE_OCI_L2_AOP_PACE_OCI.20250620T095731.L2.OC_AOP.V3_1.nc_3.1,PACE_OCI_L2_AOP_PACE_OCI.20250620T095731.L2.OC_AOP.V3_1.nc_3.1,PACE_OCI.20250620T095731.L2.OC_AOP.V3_1.nc,86.95858818657636,2025-06-20 10:00:00.500000+00:00
5906539,5906539QC.nc,53,-7.814,76.415,2024-04-15 02:43:00.000000512+00:00,25.01263941477166,PACE_OCI_L2_AOP_PACE_OCI.20240414T082657.L2.OC_AOP.V3_1.nc_3.1,PACE_OCI_L2_AOP_PACE_OCI.20240414T082657.L2.OC_AOP.V3_1.nc_3.1,PACE_OCI.20240414T082657.L2.OC_AOP.V3_1.nc,2.9896651280904125,2024-04-14 08:29:26.500000+00:00
5906539,5906539QC.nc,73,-10.65,77.812,2024-11-01 01:41:59.999997440+00:00,19.39378972565953,PACE_OCI_L2_AOP_PACE_OCI.20241101T080516.L2.OC_AOP.V3_1.nc_3.1,PACE_OCI_L2_AOP_PACE_OCI.20241101T080516.L2.OC_AOP.V3_1.nc_3.1,PACE_OCI.20241101T080516.L2.OC_AOP.V3_1.nc,86.96020201850979,2024-11-01 08:07:46+00:00
5906539,5906539QC.nc,79,-11.367,75.707,2024-12-31 02:20:00.000002048+00:00,22.690522857588668,PACE_OCI_L2_AOP_PACE_OCI.20241231T080428.L2.OC_AOP.V3_1.nc_3.1,PACE_OCI_L2_AOP_PACE_OCI.20241231T080428.L2.OC_AOP.V3_1.nc_3.1,PACE_OCI.20241231T080428.L2.OC_AOP.V3_1.nc,0.3405476740003423,2024-12-31 08:06:57.500000+00:00
5906539,5906539QC.nc,84,-12.881,75.534,2025-02-19 03:16:59.999999488+00:00,32.7601177115095,PACE_OCI_L2_AOP_PACE_OCI.20250218T083943.L2.OC_AOP.V3_1.nc_3.1,PACE_OCI_L2_AOP_PACE_OCI.20250218T083943.L2.OC_AOP.V3_1.nc_3.1,PACE_OCI.20250218T083943.L2.OC_AOP.V3_1.nc,14.705757477743985,2025-02-18 08:42:12.500000+00:00
5906539,5906539QC.nc,87,-13.575,75.075,2025-03-21 03:16:00.000003072+00:00,31.226169468777005,"PACE_OCI_L2_AOP_PACE_OCI.20250320T082334.L2.OC_AOP.V3_1.nc_3.1,PACE_OCI_L2_AOP_PACE_OCI.20250321T072041.L2.OC_AOP.V3_1.nc_3.1",PACE_OCI_L2_AOP_PACE_OCI.20250321T072041.L2.OC_AOP.V3_1.nc_3.1,PACE_OCI.20250321T072041.L2.OC_AOP.V3_1.nc,3.0848000942093186,2025-03-21 07:23:11+00:00
5906539,5906539QC.nc,92,-12.111,74.557,2025-05-10 01:30:00+00:00,3.94734339663553,PACE_OCI_L2_AOP_PACE_OCI.20250510T085245.L2.OC_AOP.V3_1.nc_3.1,PACE_OCI_L2_AOP_PACE_OCI.20250510T085245.L2.OC_AOP.V3_1.nc_3.1,PACE_OCI.20250510T085245.L2.OC_AOP.V3_1.nc,231.00861769869715,2025-05-10 08:55:14.500000+00:00
5906540,5906540QC.nc,59,-12.626,46.554,2024-06-07 16:29:00.000003584+00:00,-26.84045272633396,PACE_OCI_L2_AOP_PACE_OCI.20240607T101610.L2.OC_AOP.V3_1.nc_3.1,PACE_OCI_L2_AOP_PACE_OCI.20240607T101610.L2.OC_AOP.V3_1.nc_3.1,PACE_OCI.20240607T101610.L2.OC_AOP.V3_1.nc,0.7138212969105501,2024-06-07 10:18:40+00:00
5906540,5906540QC.nc,60,-11.906,46.781,2024-06-17 16:16:59.999996416+00:00,-23.601167347209483,PACE_OCI_L2_AOP_PACE_OCI.20240618T100505.L2.OC_AOP.V3_1.nc_3.1,PACE_OCI_L2_AOP_PACE_OCI.20240618T100505.L2.OC_AOP.V3_1.nc_3.1,PACE_OCI.20240618T100505.L2.OC_AOP.V3_1.nc,2.2521231483699906,2024-06-18 10:07:35+00:00
5906540,5906540QC.nc,61,-11.729,46.627,2024-06-27 15:08:00.000001536+00:00,-7.169912174734461,PACE_OCI_L2_AOP_PACE_OCI.20240627T102231.L2.OC_AOP.V3_1.nc_3.1,PACE_OCI_L2_AOP_PACE_OCI.20240627T102231.L2.OC_AOP.V3_1.nc_3.1,PACE_OCI.20240627T102231.L2.OC_AOP.V3_1.nc,0.4156610528024525,2024-06-27 10:25:00.500000+00:00
5906540,5906540QC.nc,64,-12.011,47.669,2024-07-27 13:21:59.999998464+00:00,17.523643436616478,PACE_OCI_L2_AOP_PACE_OCI.20240728T101940.L2.OC_AOP.V3_1.nc_3.1,PACE_OCI_L2_AOP_PACE_OCI.20240728T101940.L2.OC_AOP.V3_1.nc_3.1,PACE_OCI.20240728T101940.L2.OC_AOP.V3_1.nc,1.1240027870447016,2024-07-28 10:22:09.500000+00:00
5906540,5906540QC.nc,65,-12.929,47.561,2024-08-06 11:51:59.999998464+00:00,37.43970651095977,PACE_OCI_L2_AOP_PACE_OCI.20240806T103540.L2.OC_AOP.V3_1.nc_3.1,PACE_OCI_L2_AOP_PACE_OCI.20240806T103540.L2.OC_AOP.V3_1.nc_3.1,PACE_OCI.20240806T103540.L2.OC_AOP.V3_1.nc,1.7030359377522704,2024-08-06 10:38:09.500000+00:00
5906540,5906540QC.nc,66,-13.354,47.52,2024-08-16 11:34:59.999998976+00:00,41.96485038531328,PACE_OCI_L2_AOP_PACE_OCI.20240817T102205.L2.OC_AOP.V3_1.nc_3.1,PACE_OCI_L2_AOP_PACE_OCI.20240817T102205.L2.OC_AOP.V3_1.nc_3.1,PACE_OCI.20240817T102205.L2.OC_AOP.V3_1.nc,0.23591943430525894,2024-08-17 10:24:34.500000+00:00
5906540,5906540QC.nc,67,-13.201,47.624,2024-08-26 10:32:00.000003072+00:00,55.77693419853588,PACE_OCI_L2_AOP_PACE_OCI.20240826T103703.L2.OC_AOP.V3_1.nc_3.1,PACE_OCI_L2_AOP_PACE_OCI.20240826T103703.L2.OC_AOP.V3_1.nc_3.1,PACE_OCI.20240826T103703.L2.OC_AOP.V3_1.nc,2.0520462853196153,2024-08-26 10:39:32.500000+00:00
5906540,5906540QC.nc,68,-13.363,47.506,2024-09-05 10:43:00.000003584+00:00,55.307068553869655,PACE_OCI_L2_AOP_PACE_OCI.20240906T102219.L2.OC_AOP.V3_1.nc_3.1,PACE_OCI_L2_AOP_PACE_OCI.20240906T102219.L2.OC_AOP.V3_1.nc_3.1,PACE_OCI.20240906T102219.L2.OC_AOP.V3_1.nc,4.647386010875299,2024-09-06 10:24:48.500000+00:00
5906540,5906540QC.nc,70,-13.207,47.638,2024-09-25 09:03:59.999995904+00:00,76.62527567660759,PACE_OCI_L2_AOP_PACE_OCI.20240925T095112.L2.OC_AOP.V3_1.nc_3.1,PACE_OCI_L2_AOP_PACE_OCI.20240925T095112.L2.OC_AOP.V3_1.nc_3.1,PACE_OCI.20240925T095112.L2.OC_AOP.V3_1.nc,6.847670885875907,2024-09-25 09:53:41.500000+00:00
5906540,5906540QC.nc,72,-12.793,47.397,2024-10-15 06:48:59.999995904+00:00,63.40832702213281,PACE_OCI_L2_AOP_PACE_OCI.20241015T094734.L2.OC_AOP.V3_1.nc_3.1,PACE_OCI_L2_AOP_PACE_OCI.20241015T094734.L2.OC_AOP.V3_1.nc_3.1,PACE_OCI.20241015T094734.L2.OC_AOP.V3_1.nc,1.2195568894599493,2024-10-15 09:50:03.500000+00:00
5906540,5906540QC.nc,74,-12.823,47.364,2024-11-04 05:48:00.000002560+00:00,49.72800151164052,PACE_OCI_L2_AOP_PACE_OCI.20241103T091354.L2.OC_AOP.V3_1.nc_3.1,PACE_OCI_L2_AOP_PACE_OCI.20241103T091354.L2.OC_AOP.V3_1.nc_3.1,PACE_OCI.20241103T091354.L2.OC_AOP.V3_1.nc,6.874569958418261,2024-11-03 09:16:23.500000+00:00
5906540,5906540QC.nc,76,-13.005,47.238,2024-11-24 04:27:00.000000512+00:00,29.88097848932022,"PACE_OCI_L2_AOP_PACE_OCI.20241123T091019.L2.OC_AOP.V3_1.nc_3.1,PACE_OCI_L2_AOP_PACE_OCI.20241124T094432.L2.OC_AOP.V3_1.nc_3.1",PACE_OCI_L2_AOP_PACE_OCI.20241123T091019.L2.OC_AOP.V3_1.nc_3.1,PACE_OCI.20241123T091019.L2.OC_AOP.V3_1.nc,2.877188780883409,2024-11-23 09:12:48.500000+00:00
5906540,5906540QC.nc,83,-12.888,47.033,2025-02-02 01:19:59.999995392+00:00,-20.49865800012717,PACE_OCI_L2_AOP_PACE_OCI.20250202T104153.L2.OC_AOP.V3_1.nc_3.1,PACE_OCI_L2_AOP_PACE_OCI.20250202T104153.L2.OC_AOP.V3_1.nc_3.1,PACE_OCI.20250202T104153.L2.OC_AOP.V3_1.nc,295.1595824510228,2025-02-02 10:44:23+00:00
5906540,5906540QC.nc,86,-13.436,47.345,2025-03-03 23:35:59.999995392+00:00,-46.9906664134728,"PACE_OCI_L2_AOP_PACE_OCI.20250303T094823.L2.OC_AOP.V3_1.nc_3.1,PACE_OCI_L2_AOP_PACE_OCI.20250304T102355.L2.OC_AOP.V3_1.nc_3.1",PACE_OCI_L2_AOP_PACE_OCI.20250304T102355.L2.OC_AOP.V3_1.nc_3.1,PACE_OCI.20250304T102355.L2.OC_AOP.V3_1.nc,0.553425505569843,2025-03-04 10:26:24.500000+00:00
5906540,5906540QC.nc,87,-13.636,47.209,2025-03-13 23:26:59.999997440+00:00,-50.21741427700115,PACE_OCI_L2_AOP_PACE_OCI.20250313T091009.L2.OC_AOP.V3_1.nc_3.1,PACE_OCI_L2_AOP_PACE_OCI.20250313T091009.L2.OC_AOP.V3_1.nc_3.1,PACE_OCI.20250313T091009.L2.OC_AOP.V3_1.nc,2.940526594449362,2025-03-13 09:12:39+00:00
5906540,5906540QC.nc,88,-13.524,47.308,2025-03-23 23:28:00.000003584+00:00,-50.75952184823134,PACE_OCI_L2_AOP_PACE_OCI.20250324T104026.L2.OC_AOP.V3_1.nc_3.1,PACE_OCI_L2_AOP_PACE_OCI.20250324T104026.L2.OC_AOP.V3_1.nc_3.1,PACE_OCI.20250324T104026.L2.OC_AOP.V3_1.nc,2.8066897007286884,2025-03-24 10:42:56+00:00
5906540,5906540QC.nc,89,-13.75,47.288,2025-04-02 22:52:59.999998464+00:00,-59.5452642769719,PACE_OCI_L2_AOP_PACE_OCI.20250403T100124.L2.OC_AOP.V3_1.nc_3.1,PACE_OCI_L2_AOP_PACE_OCI.20250403T100124.L2.OC_AOP.V3_1.nc_3.1,PACE_OCI.20250403T100124.L2.OC_AOP.V3_1.nc,2.974934422848195,2025-04-03 10:03:53.500000+00:00
5906540,5906540QC.nc,90,-13.834,47.216,2025-04-12 22:49:00.000002560+00:00,-60.880321623765184,PACE_OCI_L2_AOP_PACE_OCI.20250413T092202.L2.OC_AOP.V3_1.nc_3.1,PACE_OCI_L2_AOP_PACE_OCI.20250413T092202.L2.OC_AOP.V3_1.nc_3.1,PACE_OCI.20250413T092202.L2.OC_AOP.V3_1.nc,1.5864958416675408,2025-04-13 09:24:31.500000+00:00
5906540,5906540QC.nc,91,-13.608,47.41,2025-04-22 21:48:59.999995904+00:00,-75.2741132056577,"PACE_OCI_L2_AOP_PACE_OCI.20250422T094523.L2.OC_AOP.V3_1.nc_3.1,PACE_OCI_L2_AOP_PACE_OCI.20250423T102044.L2.OC_AOP.V3_1.nc_3.1",PACE_OCI_L2_AOP_PACE_OCI.20250422T094523.L2.OC_AOP.V3_1.nc_3.1,PACE_OCI.20250422T094523.L2.OC_AOP.V3_1.nc,0.3671422671262566,2025-04-22 09:47:52.500000+00:00
5906540,5906540QC.nc,92,-13.393,47.463,2025-05-02 21:42:59.999996928+00:00,-76.26793994181541,PACE_OCI_L2_AOP_PACE_OCI.20250503T094042.L2.OC_AOP.V3_1.nc_3.1,PACE_OCI_L2_AOP_PACE_OCI.20250503T094042.L2.OC_AOP.V3_1.nc_3.1,PACE_OCI.20250503T094042.L2.OC_AOP.V3_1.nc,1.6325738743604976,2025-05-03 09:43:11.500000+00:00
5906540,5906540QC.nc,95,-13.742,46.656,2025-06-01 20:18:59.999995904+00:00,-78.60304188056931,PACE_OCI_L2_AOP_PACE_OCI.20250601T101607.L2.OC_AOP.V3_1.nc_3.1,PACE_OCI_L2_AOP_PACE_OCI.20250601T101607.L2.OC_AOP.V3_1.nc_3.1,PACE_OCI.20250601T101607.L2.OC_AOP.V3_1.nc,30.298476045002875,2025-06-01 10:18:36.500000+00:00
5906540,5906540QC.nc,97,-12.58,46.903,2025-06-21 19:05:59.999995392+00:00,-62.12935093308662,PACE_OCI_L2_AOP_PACE_OCI.20250621T103244.L2.OC_AOP.V3_1.nc_3.1,PACE_OCI_L2_AOP_PACE_OCI.20250621T103244.L2.OC_AOP.V3_1.nc_3.1,PACE_OCI.20250621T103244.L2.OC_AOP.V3_1.nc,2.2349928696417174,2025-06-21 10:35:13.500000+00:00
5906541,5906541QC.nc,51,-38.646,-53.767,2024-04-18 06:08:59.999997952+00:00,-45.879411372708105,PACE_OCI_L2_AOP_PACE_OCI.20240418T171520.L2.OC_AOP.V3_1.nc_3.1,PACE_OCI_L2_AOP_PACE_OCI.20240418T171520.L2.OC_AOP.V3_1.nc_3.1,PACE_OCI.20240418T171520.L2.OC_AOP.V3_1.nc,0.5445613150688525,2024-04-18 17:17:49.500000+00:00
5906541,5906541QC.nc,69,-38.954,-40.40199999999999,2024-10-20 05:03:59.999998976+00:00,-28.4233340765688,PACE_OCI_L2_AOP_PACE_OCI.20241019T165401.L2.OC_AOP.V3_1.nc_3.1,PACE_OCI_L2_AOP_PACE_OCI.20241019T165401.L2.OC_AOP.V3_1.nc_3.1,PACE_OCI.20241019T165401.L2.OC_AOP.V3_1.nc,126.12170336194511,2024-10-19 16:56:30.500000+00:00
5906563,5906563QC.nc,70,18.954,-125.731,2024-10-14 00:36:59.999998464+00:00,18.62557199479757,"PACE_OCI_L2_AOP_PACE_OCI.20241013T201718.L2.OC_AOP.V3_1.nc_3.1,PACE_OCI_L2_AOP_PACE_OCI.20241013T215535.L2.OC_AOP.V3_1.nc_3.1",PACE_OCI_L2_AOP_PACE_OCI.20241013T215535.L2.OC_AOP.V3_1.nc_3.1,PACE_OCI.20241013T215535.L2.OC_AOP.V3_1.nc,1.1931372475188222,2024-10-13 21:58:04.500000+00:00
5906563,5906563QC.nc,75,18.805,-125.654,2024-12-02 18:02:59.999999488+00:00,38.33246353896055,PACE_OCI_L2_AOP_PACE_OCI.20241201T202708.L2.OC_AOP.V3_1.nc_3.1,PACE_OCI_L2_AOP_PACE_OCI.20241201T202708.L2.OC_AOP.V3_1.nc_3.1,PACE_OCI.20241201T202708.L2.OC_AOP.V3_1.nc,44.39153505279015,2024-12-01 20:29:37.500000+00:00
5906563,5906563QC.nc,77,19.021,-125.698,2024-12-22 15:10:00.000004608+00:00,3.212861083824066,PACE_OCI_L2_AOP_PACE_OCI.20241221T202827.L2.OC_AOP.V3_1.nc_3.1,PACE_OCI_L2_AOP_PACE_OCI.20241221T202827.L2.OC_AOP.V3_1.nc_3.1,PACE_OCI.20241221T202827.L2.OC_AOP.V3_1.nc,29.717339827445905,2024-12-21 20:30:56.500000+00:00
5906563,5906563QC.nc,79,19.03,-125.706,2025-01-11 11:56:00.000004096+00:00,-42.05229722919867,PACE_OCI_L2_AOP_PACE_OCI.20250110T203503.L2.OC_AOP.V3_1.nc_3.1,PACE_OCI_L2_AOP_PACE_OCI.20250110T203503.L2.OC_AOP.V3_1.nc_3.1,PACE_OCI.20250110T203503.L2.OC_AOP.V3_1.nc,1.9900447172381721,2025-01-10 20:37:33+00:00
5906563,5906563QC.nc,91,18.96,-127.447,2025-05-10 18:14:59.999996416+00:00,58.923675960148536,PACE_OCI_L2_AOP_PACE_OCI.20250510T203113.L2.OC_AOP.V3_1.nc_3.1,PACE_OCI_L2_AOP_PACE_OCI.20250510T203113.L2.OC_AOP.V3_1.nc_3.1,PACE_OCI.20250510T203113.L2.OC_AOP.V3_1.nc,312.15483377022395,2025-05-10 20:33:42.500000+00:00
5906564,5906564QC.nc,58,8.485,-162.727,2024-06-20 20:01:59.999996416+00:00,46.56489365389356,PACE_OCI_L2_AOP_PACE_OCI.20240621T003103.L2.OC_AOP.V3_1.nc_3.1,PACE_OCI_L2_AOP_PACE_OCI.20240621T003103.L2.OC_AOP.V3_1.nc_3.1,PACE_OCI.20240621T003103.L2.OC_AOP.V3_1.nc,98.27162171881912,2024-06-21 00:33:33+00:00
5906564,5906564QC.nc,65,7.913,-163.59,2024-08-29 13:27:59.999996928+00:00,-48.30812934880462,"PACE_OCI_L2_AOP_PACE_OCI.20240828T231856.L2.OC_AOP.V3_1.nc_3.1,PACE_OCI_L2_AOP_PACE_OCI.20240829T235321.L2.OC_AOP.V3_1.nc_3.1",PACE_OCI_L2_AOP_PACE_OCI.20240829T235321.L2.OC_AOP.V3_1.nc_3.1,PACE_OCI.20240829T235321.L2.OC_AOP.V3_1.nc,1.021289863391421,2024-08-29 23:55:51+00:00
5906564,5906564QC.nc,66,8.144,-163.62,2024-09-08 12:47:00.000003072+00:00,-58.28298878793036,PACE_OCI_L2_AOP_PACE_OCI.20240908T001302.L2.OC_AOP.V3_1.nc_3.1,PACE_OCI_L2_AOP_PACE_OCI.20240908T001302.L2.OC_AOP.V3_1.nc_3.1,PACE_OCI.20240908T001302.L2.OC_AOP.V3_1.nc,14.869742763294235,2024-09-08 00:15:31.500000+00:00
5906564,5906564QC.nc,78,10.458,-161.849,2025-01-06 00:03:59.999995904+00:00,52.7643564172653,PACE_OCI_L2_AOP_PACE_OCI.20250106T000940.L2.OC_AOP.V3_1.nc_3.1,PACE_OCI_L2_AOP_PACE_OCI.20250106T000940.L2.OC_AOP.V3_1.nc_3.1,PACE_OCI.20250106T000940.L2.OC_AOP.V3_1.nc,54.09990891041047,2025-01-06 00:12:09.500000+00:00
5906564,5906564QC.nc,81,10.906,-159.85,2025-02-04 21:22:00.000001536+00:00,54.91883185406929,PACE_OCI_L2_AOP_PACE_OCI.20250203T225447.L2.OC_AOP.V3_1.nc_3.1,PACE_OCI_L2_AOP_PACE_OCI.20250203T225447.L2.OC_AOP.V3_1.nc_3.1,PACE_OCI.20250203T225447.L2.OC_AOP.V3_1.nc,6.772952842285689,2025-02-03 22:57:16.500000+00:00
5906564,5906564QC.nc,82,10.896,-159.225,2025-02-14 21:16:00.000003072+00:00,56.65557578519873,"PACE_OCI_L2_AOP_PACE_OCI.20250213T234856.L2.OC_AOP.V3_1.nc_3.1,PACE_OCI_L2_AOP_PACE_OCI.20250214T225108.L2.OC_AOP.V3_1.nc_3.1",PACE_OCI_L2_AOP_PACE_OCI.20250213T234856.L2.OC_AOP.V3_1.nc_3.1,PACE_OCI.20250213T234856.L2.OC_AOP.V3_1.nc,1.075772831585768,2025-02-13 23:51:26+00:00
5906564,5906564QC.nc,83,10.688,-158.651,2025-02-24 20:31:59.999999488+00:00,50.88450576512837,"PACE_OCI_L2_AOP_PACE_OCI.20250223T231107.L2.OC_AOP.V3_1.nc_3.1,PACE_OCI_L2_AOP_PACE_OCI.20250224T234640.L2.OC_AOP.V3_1.nc_3.1",PACE_OCI_L2_AOP_PACE_OCI.20250224T234640.L2.OC_AOP.V3_1.nc_3.1,PACE_OCI.20250224T234640.L2.OC_AOP.V3_1.nc,1.1610907149150211,2025-02-24 23:49:09.500000+00:00
5906564,5906564QC.nc,84,10.52,-158.851,2025-03-06 19:49:00.000002560+00:00,43.083329571877634,PACE_OCI_L2_AOP_PACE_OCI.20250306T001123.L2.OC_AOP.V3_1.nc_3.1,PACE_OCI_L2_AOP_PACE_OCI.20250306T001123.L2.OC_AOP.V3_1.nc_3.1,PACE_OCI.20250306T001123.L2.OC_AOP.V3_1.nc,3.5485936167653453,2025-03-06 00:13:52.500000+00:00
5906564,5906564QC.nc,85,10.346,-159.569,2025-03-16 19:47:59.999995904+00:00,44.04184758832788,"PACE_OCI_L2_AOP_PACE_OCI.20250315T233307.L2.OC_AOP.V3_1.nc_3.1,PACE_OCI_L2_AOP_PACE_OCI.20250317T000836.L2.OC_AOP.V3_1.nc_3.1",PACE_OCI_L2_AOP_PACE_OCI.20250315T233307.L2.OC_AOP.V3_1.nc_3.1,PACE_OCI.20250315T233307.L2.OC_AOP.V3_1.nc,0.42378114071935546,2025-03-15 23:35:36.500000+00:00
5906564,5906564QC.nc,86,10.155,-160.504,2025-03-26 18:44:00.000003584+00:00,29.14015392589444,"PACE_OCI_L2_AOP_PACE_OCI.20250325T225428.L2.OC_AOP.V3_1.nc_3.1,PACE_OCI_L2_AOP_PACE_OCI.20250326T232956.L2.OC_AOP.V3_1.nc_3.1",PACE_OCI_L2_AOP_PACE_OCI.20250325T225428.L2.OC_AOP.V3_1.nc_3.1,PACE_OCI.20250325T225428.L2.OC_AOP.V3_1.nc,3.6883485570351393,2025-03-25 22:56:58+00:00
5906564,5906564QC.nc,88,10.151,-162.442,2025-04-15 16:29:00.000003584+00:00,-3.242137104711188,PACE_OCI_L2_AOP_PACE_OCI.20250414T231418.L2.OC_AOP.V3_1.nc_3.1,PACE_OCI_L2_AOP_PACE_OCI.20250414T231418.L2.OC_AOP.V3_1.nc_3.1,PACE_OCI.20250414T231418.L2.OC_AOP.V3_1.nc,16.528751600826695,2025-04-14 23:16:47.500000+00:00
5906564,5906564QC.nc,94,9.223,-165.685,2025-06-14 10:10:59.999997440+00:00,-55.0910474998628,PACE_OCI_L2_AOP_PACE_OCI.20250615T003759.L2.OC_AOP.V3_1.nc_3.1,PACE_OCI_L2_AOP_PACE_OCI.20250615T003759.L2.OC_AOP.V3_1.nc_3.1,PACE_OCI.20250615T003759.L2.OC_AOP.V3_1.nc,17.056548593138267,2025-06-15 00:40:28.500000+00:00
5906566,5906566QC.nc,77,-25.924,-158.566,2025-01-15 09:11:59.999997440+00:00,-38.03492288751511,PACE_OCI_L2_AOP_PACE_OCI.20250115T001710.L2.OC_AOP.V3_1.nc_3.1,PACE_OCI_L2_AOP_PACE_OCI.20250115T001710.L2.OC_AOP.V3_1.nc_3.1,PACE_OCI.20250115T001710.L2.OC_AOP.V3_1.nc,112.92658830860476,2025-01-15 00:19:40+00:00
5906566,5906566QC.nc,81,-25.603,-159.43,2025-02-24 06:16:59.999999488+00:00,-14.861587601826402,PACE_OCI_L2_AOP_PACE_OCI.20250224T234140.L2.OC_AOP.V3_1.nc_3.1,PACE_OCI_L2_AOP_PACE_OCI.20250224T234140.L2.OC_AOP.V3_1.nc_3.1,PACE_OCI.20250224T234140.L2.OC_AOP.V3_1.nc,0.6275210674180984,2025-02-24 23:44:10+00:00
5906566,5906566QC.nc,85,-26.367,-160.712,2025-04-05 00:50:00.000002048+00:00,45.70453779176555,PACE_OCI_L2_AOP_PACE_OCI.20250406T001909.L2.OC_AOP.V3_1.nc_3.1,PACE_OCI_L2_AOP_PACE_OCI.20250406T001909.L2.OC_AOP.V3_1.nc_3.1,PACE_OCI.20250406T001909.L2.OC_AOP.V3_1.nc,0.3725681313772393,2025-04-06 00:21:38.500000+00:00
5906566,5906566QC.nc,92,-25.715,-161.561,2025-06-13 16:05:59.999995392+00:00,-18.44532977083012,PACE_OCI_L2_AOP_PACE_OCI.20250613T005550.L2.OC_AOP.V3_1.nc_3.1,PACE_OCI_L2_AOP_PACE_OCI.20250613T005550.L2.OC_AOP.V3_1.nc_3.1,PACE_OCI.20250613T005550.L2.OC_AOP.V3_1.nc,3.613269852789616,2025-06-13 00:58:19.500000+00:00
5906765,5906765QC.nc,149,4.128,170.782,2025-02-18 09:14:59.999996416+00:00,-36.15150066251337,PACE_OCI_L2_AOP_PACE_OCI.20250218T021114.L2.OC_AOP.V3_1.nc_3.1,PACE_OCI_L2_AOP_PACE_OCI.20250218T021114.L2.OC_AOP.V3_1.nc_3.1,PACE_OCI.20250218T021114.L2.OC_AOP.V3_1.nc,2.126226877367862,2025-02-18 02:13:43.500000+00:00
5906765,5906765QC.nc,153,4.728,169.288,2025-03-30 21:02:00.000003072+00:00,33.93533319022991,PACE_OCI_L2_AOP_PACE_OCI.20250331T014639.L2.OC_AOP.V3_1.nc_3.1,PACE_OCI_L2_AOP_PACE_OCI.20250331T014639.L2.OC_AOP.V3_1.nc_3.1,PACE_OCI.20250331T014639.L2.OC_AOP.V3_1.nc,22.153792911906546,2025-03-31 01:49:08.500000+00:00
5906767,5906767QC.nc,94,2.262,-173.28,2024-04-17 23:34:00.000002560+00:00,81.33759382768697,PACE_OCI_L2_AOP_PACE_OCI.20240418T010200.L2.OC_AOP.V3_1.nc_3.1,PACE_OCI_L2_AOP_PACE_OCI.20240418T010200.L2.OC_AOP.V3_1.nc_3.1,PACE_OCI.20240418T010200.L2.OC_AOP.V3_1.nc,1.5370335010597034,2024-04-18 01:04:29.500000+00:00
5906767,5906767QC.nc,101,2.421,-171.451,2024-06-27 23:51:00.000002048+00:00,68.49701487148369,PACE_OCI_L2_AOP_PACE_OCI.20240627T233401.L2.OC_AOP.V3_1.nc_3.1,PACE_OCI_L2_AOP_PACE_OCI.20240627T233401.L2.OC_AOP.V3_1.nc_3.1,PACE_OCI.20240627T233401.L2.OC_AOP.V3_1.nc,13.178708305675542,2024-06-27 23:36:30.500000+00:00
5906767,5906767QC.nc,103,2.145,-169.755,2024-07-17 20:40:59.999997440+00:00,45.80996480666622,PACE_OCI_L2_AOP_PACE_OCI.20240717T234349.L2.OC_AOP.V3_1.nc_3.1,PACE_OCI_L2_AOP_PACE_OCI.20240717T234349.L2.OC_AOP.V3_1.nc_3.1,PACE_OCI.20240717T234349.L2.OC_AOP.V3_1.nc,18.71601037247075,2024-07-17 23:46:18.500000+00:00
5906767,5906767QC.nc,107,2.628,-168.803,2024-08-27 12:34:59.999995392+00:00,-66.85943869968503,"PACE_OCI_L2_AOP_PACE_OCI.20240826T234824.L2.OC_AOP.V3_1.nc_3.1,PACE_OCI_L2_AOP_PACE_OCI.20240828T002249.L2.OC_AOP.V3_1.nc_3.1",PACE_OCI_L2_AOP_PACE_OCI.20240828T002249.L2.OC_AOP.V3_1.nc_3.1,PACE_OCI.20240828T002249.L2.OC_AOP.V3_1.nc,7.472174065878054,2024-08-28 00:25:19+00:00
5906767,5906767QC.nc,108,2.527,-169.38,2024-09-07 00:11:00.000001024+00:00,75.75133261805276,"PACE_OCI_L2_AOP_PACE_OCI.20240906T233339.L2.OC_AOP.V3_1.nc_3.1,PACE_OCI_L2_AOP_PACE_OCI.20240908T000802.L2.OC_AOP.V3_1.nc_3.1",PACE_OCI_L2_AOP_PACE_OCI.20240908T000802.L2.OC_AOP.V3_1.nc_3.1,PACE_OCI.20240908T000802.L2.OC_AOP.V3_1.nc,0.37594000687985,2024-09-08 00:10:31.500000+00:00
5906767,5906767QC.nc,110,2.743,-169.697,2024-09-26 19:32:00.000003072+00:00,35.41263930604066,PACE_OCI_L2_AOP_PACE_OCI.20240926T004046.L2.OC_AOP.V3_1.nc_3.1,PACE_OCI_L2_AOP_PACE_OCI.20240926T004046.L2.OC_AOP.V3_1.nc_3.1,PACE_OCI.20240926T004046.L2.OC_AOP.V3_1.nc,1.2635507580429177,2024-09-26 00:43:15.500000+00:00
5906767,5906767QC.nc,114,2.554,-169.408,2024-11-06 10:18:00.000002560+00:00,-72.70786722511323,"PACE_OCI_L2_AOP_PACE_OCI.20241105T232832.L2.OC_AOP.V3_1.nc_3.1,PACE_OCI_L2_AOP_PACE_OCI.20241107T000249.L2.OC_AOP.V3_1.nc_3.1",PACE_OCI_L2_AOP_PACE_OCI.20241107T000249.L2.OC_AOP.V3_1.nc_3.1,PACE_OCI.20241107T000249.L2.OC_AOP.V3_1.nc,0.6475588066934564,2024-11-07 00:05:18.500000+00:00
5906767,5906767QC.nc,116,2.149,-168.088,2024-11-26 13:38:59.999997952+00:00,-46.8632240966167,PACE_OCI_L2_AOP_PACE_OCI.20241126T235913.L2.OC_AOP.V3_1.nc_3.1,PACE_OCI_L2_AOP_PACE_OCI.20241126T235913.L2.OC_AOP.V3_1.nc_3.1,PACE_OCI.20241126T235913.L2.OC_AOP.V3_1.nc,44.73538214133713,2024-11-27 00:01:43+00:00
5906767,5906767QC.nc,120,1.994,-165.07,2025-01-06 04:24:59.999997952+00:00,8.799153355144043,PACE_OCI_L2_AOP_PACE_OCI.20250106T000940.L2.OC_AOP.V3_1.nc_3.1,PACE_OCI_L2_AOP_PACE_OCI.20250106T000940.L2.OC_AOP.V3_1.nc_3.1,PACE_OCI.20250106T000940.L2.OC_AOP.V3_1.nc,6.2099750816197075,2025-01-06 00:12:09.500000+00:00
5906767,5906767QC.nc,121,1.885,-164.009,2025-01-16 08:03:59.999998976+00:00,-41.83503928345831,PACE_OCI_L2_AOP_PACE_OCI.20250116T235317.L2.OC_AOP.V3_1.nc_3.1,PACE_OCI_L2_AOP_PACE_OCI.20250116T235317.L2.OC_AOP.V3_1.nc_3.1,PACE_OCI.20250116T235317.L2.OC_AOP.V3_1.nc,2.498314656588264,2025-01-16 23:55:47+00:00
5906767,5906767QC.nc,122,1.808,-163.298,2025-01-26 19:57:00.000004096+00:00,39.36829171960488,"PACE_OCI_L2_AOP_PACE_OCI.20250126T001047.L2.OC_AOP.V3_1.nc_3.1,PACE_OCI_L2_AOP_PACE_OCI.20250126T230708.L2.OC_AOP.V3_1.nc_3.1",PACE_OCI_L2_AOP_PACE_OCI.20250126T001047.L2.OC_AOP.V3_1.nc_3.1,PACE_OCI.20250126T001047.L2.OC_AOP.V3_1.nc,0.21541746938951647,2025-01-26 00:13:17+00:00
5906767,5906767QC.nc,123,1.7,-161.865,2025-02-05 11:48:59.999998976+00:00,-71.69134893944693,"PACE_OCI_L2_AOP_PACE_OCI.20250204T232429.L2.OC_AOP.V3_1.nc_3.1,PACE_OCI_L2_AOP_PACE_OCI.20250205T235928.L2.OC_AOP.V3_1.nc_3.1",PACE_OCI_L2_AOP_PACE_OCI.20250205T235928.L2.OC_AOP.V3_1.nc_3.1,PACE_OCI.20250205T235928.L2.OC_AOP.V3_1.nc,0.9235395507043237,2025-02-06 00:01:57.500000+00:00
5906767,5906767QC.nc,124,2.239,-160.535,2025-02-15 16:04:59.999998976+00:00,-12.972984666252009,"PACE_OCI_L2_AOP_PACE_OCI.20250215T002430.L2.OC_AOP.V3_1.nc_3.1,PACE_OCI_L2_AOP_PACE_OCI.20250215T232142.L2.OC_AOP.V3_1.nc_3.1",PACE_OCI_L2_AOP_PACE_OCI.20250215T232142.L2.OC_AOP.V3_1.nc_3.1,PACE_OCI.20250215T232142.L2.OC_AOP.V3_1.nc,0.5974388177013891,2025-02-15 23:24:11.500000+00:00
5906767,5906767QC.nc,125,2.166,-159.821,2025-02-25 19:44:59.999996416+00:00,42.11456092300668,"PACE_OCI_L2_AOP_PACE_OCI.20250224T234640.L2.OC_AOP.V3_1.nc_3.1,PACE_OCI_L2_AOP_PACE_OCI.20250226T002214.L2.OC_AOP.V3_1.nc_3.1",PACE_OCI_L2_AOP_PACE_OCI.20250226T002214.L2.OC_AOP.V3_1.nc_3.1,PACE_OCI.20250226T002214.L2.OC_AOP.V3_1.nc,1.5913171364029983,2025-02-26 00:24:43.500000+00:00
5906767,5906767QC.nc,134,1.799,-156.426,2025-05-28 00:22:59.999998464+00:00,54.78362941424845,PACE_OCI_L2_AOP_PACE_OCI.20250528T224507.L2.OC_AOP.V3_1.nc_3.1,PACE_OCI_L2_AOP_PACE_OCI.20250528T224507.L2.OC_AOP.V3_1.nc_3.1,PACE_OCI.20250528T224507.L2.OC_AOP.V3_1.nc,1.5083025911699515,2025-05-28 22:47:36.500000+00:00
6990590,6990590QC.nc,0,21.679,-117.954,2025-03-20 02:31:00.000003072+00:00,-7.412138040731535,PACE_OCI_L2_AOP_PACE_OCI.20250320T195707.L2.OC_AOP.V3_1.nc_3.1,PACE_OCI_L2_AOP_PACE_OCI.20250320T195707.L2.OC_AOP.V3_1.nc_3.1,PACE_OCI.20250320T195707.L2.OC_AOP.V3_1.nc,0.29733308710205986,2025-03-20 19:59:36.500000+00:00
6990590,6990590QC.nc,2,22.076,-117.647,2025-04-09 17:54:59.999997952+00:00,58.48233371227512,"PACE_OCI_L2_AOP_PACE_OCI.20250408T194156.L2.OC_AOP.V3_1.nc_3.1,PACE_OCI_L2_AOP_PACE_OCI.20250409T201720.L2.OC_AOP.V3_1.nc_3.1",PACE_OCI_L2_AOP_PACE_OCI.20250409T201720.L2.OC_AOP.V3_1.nc_3.1,PACE_OCI.20250409T201720.L2.OC_AOP.V3_1.nc,0.2867783342083015,2025-04-09 20:19:50+00:00
6990590,6990590QC.nc,3,22.064,-117.515,2025-04-20 00:45:00+00:00,19.02760916187472,PACE_OCI_L2_AOP_PACE_OCI.20250420T201305.L2.OC_AOP.V3_1.nc_3.1,PACE_OCI_L2_AOP_PACE_OCI.20250420T201305.L2.OC_AOP.V3_1.nc_3.1,PACE_OCI.20250420T201305.L2.OC_AOP.V3_1.nc,14.117767039019117,2025-04-20 20:15:35+00:00
6990590,6990590QC.nc,5,21.808,-117.217,2025-05-10 14:54:59.999997952+00:00,22.28168280463013,PACE_OCI_L2_AOP_PACE_OCI.20250510T203113.L2.OC_AOP.V3_1.nc_3.1,PACE_OCI_L2_AOP_PACE_OCI.20250510T203113.L2.OC_AOP.V3_1.nc_3.1,PACE_OCI.20250510T203113.L2.OC_AOP.V3_1.nc,150.857981960342,2025-05-10 20:33:42.500000+00:00
6990590,6990590QC.nc,6,21.791,-117.119,2025-05-20 21:42:59.999996928+00:00,62.458346645196826,PACE_OCI_L2_AOP_PACE_OCI.20250520T195100.L2.OC_AOP.V3_1.nc_3.1,PACE_OCI_L2_AOP_PACE_OCI.20250520T195100.L2.OC_AOP.V3_1.nc_3.1,PACE_OCI.20250520T195100.L2.OC_AOP.V3_1.nc,2.3492617031138816,2025-05-20 19:53:29.500000+00:00
6990671,6990671QC.nc,4,-15.386,-13.74599999999998,2025-04-17 10:54:00.000004608+00:00,50.42647711367543,PACE_OCI_L2_AOP_PACE_OCI.20250416T142454.L2.OC_AOP.V3_1.nc_3.1,PACE_OCI_L2_AOP_PACE_OCI.20250416T142454.L2.OC_AOP.V3_1.nc_3.1,PACE_OCI.20250416T142454.L2.OC_AOP.V3_1.nc,4.2889930443314705,2025-04-16 14:27:23.500000+00:00
6990671,6990671QC.nc,5,-15.777,-13.76600000000002,2025-04-27 11:37:59.999998464+00:00,54.986061971978685,"PACE_OCI_L2_AOP_PACE_OCI.20250426T134510.L2.OC_AOP.V3_1.nc_3.1,PACE_OCI_L2_AOP_PACE_OCI.20250427T142031.L2.OC_AOP.V3_1.nc_3.1",PACE_OCI_L2_AOP_PACE_OCI.20250426T134510.L2.OC_AOP.V3_1.nc_3.1,PACE_OCI.20250426T134510.L2.OC_AOP.V3_1.nc,0.5629347297936089,2025-04-26 13:47:39.500000+00:00
6990671,6990671QC.nc,9,-15.559,-13.050999999999988,2025-06-06 18:25:00.000001024+00:00,0.3176025798614002,PACE_OCI_L2_AOP_PACE_OCI.20250607T134747.L2.OC_AOP.V3_1.nc_3.1,PACE_OCI_L2_AOP_PACE_OCI.20250607T134747.L2.OC_AOP.V3_1.nc_3.1,PACE_OCI.20250607T134747.L2.OC_AOP.V3_1.nc,0.7963442426608911,2025-06-07 13:50:16.500000+00:00
6990687,6990687QC.nc,1,30.159,-71.452,2025-03-01 01:24:59.999997952+00:00,-35.349264570603054,PACE_OCI_L2_AOP_PACE_OCI.20250228T180201.L2.OC_AOP.V3_1.nc_3.1,PACE_OCI_L2_AOP_PACE_OCI.20250228T180201.L2.OC_AOP.V3_1.nc_3.1,PACE_OCI.20250228T180201.L2.OC_AOP.V3_1.nc,7.024502058265639,2025-02-28 18:04:31+00:00
6990687,6990687QC.nc,2,30.215,-71.67899999999997,2025-03-11 07:55:00.000001024+00:00,-40.20958153246342,PACE_OCI_L2_AOP_PACE_OCI.20250311T175919.L2.OC_AOP.V3_1.nc_3.1,PACE_OCI_L2_AOP_PACE_OCI.20250311T175919.L2.OC_AOP.V3_1.nc_3.1,PACE_OCI.20250311T175919.L2.OC_AOP.V3_1.nc,38.89635049167909,2025-03-11 18:01:48.500000+00:00
6990687,6990687QC.nc,3,30.165,-72.18599999999998,2025-03-21 14:25:00.000004608+00:00,43.520709593118056,PACE_OCI_L2_AOP_PACE_OCI.20250320T182345.L2.OC_AOP.V3_1.nc_3.1,PACE_OCI_L2_AOP_PACE_OCI.20250320T182345.L2.OC_AOP.V3_1.nc_3.1,PACE_OCI.20250320T182345.L2.OC_AOP.V3_1.nc,1.359276864480942,2025-03-20 18:26:15+00:00
6990687,6990687QC.nc,5,30.162,-73.02999999999997,2025-04-11 02:45:00.000003584+00:00,-40.69263122160638,PACE_OCI_L2_AOP_PACE_OCI.20250411T181125.L2.OC_AOP.V3_1.nc_3.1,PACE_OCI_L2_AOP_PACE_OCI.20250411T181125.L2.OC_AOP.V3_1.nc_3.1,PACE_OCI.20250411T181125.L2.OC_AOP.V3_1.nc,2.2978618340593586,2025-04-11 18:13:54.500000+00:00
6990687,6990687QC.nc,7,30.328,-73.87599999999998,2025-05-01 14:57:00.000000512+00:00,59.567385995590925,"PACE_OCI_L2_AOP_PACE_OCI.20250430T175451.L2.OC_AOP.V3_1.nc_3.1,PACE_OCI_L2_AOP_PACE_OCI.20250501T165149.L2.OC_AOP.V3_1.nc_3.1",PACE_OCI_L2_AOP_PACE_OCI.20250501T165149.L2.OC_AOP.V3_1.nc_3.1,PACE_OCI.20250501T165149.L2.OC_AOP.V3_1.nc,0.6760042096240987,2025-05-01 16:54:19+00:00
6990687,6990687QC.nc,8,30.814,-74.399,2025-05-11 20:31:59.999999488+00:00,39.28989555908883,PACE_OCI_L2_AOP_PACE_OCI.20250512T164647.L2.OC_AOP.V3_1.nc_3.1,PACE_OCI_L2_AOP_PACE_OCI.20250512T164647.L2.OC_AOP.V3_1.nc_3.1,PACE_OCI.20250512T164647.L2.OC_AOP.V3_1.nc,326.0101657660093,2025-05-12 16:49:16.500000+00:00
6990687,6990687QC.nc,12,30.162,-74.54899999999998,2025-06-21 22:10:59.999997440+00:00,21.66560257775023,"PACE_OCI_L2_AOP_PACE_OCI.20250621T172107.L2.OC_AOP.V3_1.nc_3.1,PACE_OCI_L2_AOP_PACE_OCI.20250622T175621.L2.OC_AOP.V3_1.nc_3.1",PACE_OCI_L2_AOP_PACE_OCI.20250622T175621.L2.OC_AOP.V3_1.nc_3.1,PACE_OCI.20250622T175621.L2.OC_AOP.V3_1.nc,0.48896577373880895,2025-06-22 17:58:50.500000+00:00
7901095,7901095QC.nc,24,-0.475,142.7,2024-04-21 20:51:00.000002048+00:00,5.735308454546424,PACE_OCI_L2_AOP_PACE_OCI.20240422T032159.L2.OC_AOP.V3_1.nc_3.1,PACE_OCI_L2_AOP_PACE_OCI.20240422T032159.L2.OC_AOP.V3_1.nc_3.1,PACE_OCI.20240422T032159.L2.OC_AOP.V3_1.nc,0.18192828838135816,2024-04-22 03:24:29+00:00
7901095,7901095QC.nc,35,0.102,147.074,2024-08-13 02:12:59.999996928+00:00,75.53168051593754,PACE_OCI_L2_AOP_PACE_OCI.20240813T031411.L2.OC_AOP.V3_1.nc_3.1,PACE_OCI_L2_AOP_PACE_OCI.20240813T031411.L2.OC_AOP.V3_1.nc_3.1,PACE_OCI.20240813T031411.L2.OC_AOP.V3_1.nc,0.6228069443079441,2024-08-13 03:16:40.500000+00:00
7901095,7901095QC.nc,39,1.469,148.747,2024-09-23 05:53:00.000005120+00:00,31.066119211689937,PACE_OCI_L2_AOP_PACE_OCI.20240923T034747.L2.OC_AOP.V3_1.nc_3.1,PACE_OCI_L2_AOP_PACE_OCI.20240923T034747.L2.OC_AOP.V3_1.nc_3.1,PACE_OCI.20240923T034747.L2.OC_AOP.V3_1.nc,203.03861175641143,2024-09-23 03:50:16.500000+00:00
7901095,7901095QC.nc,54,0.436,146.018,2025-03-06 23:14:00.000003584+00:00,41.50640574714351,"PACE_OCI_L2_AOP_PACE_OCI.20250306T032307.L2.OC_AOP.V3_1.nc_3.1,PACE_OCI_L2_AOP_PACE_OCI.20250307T022517.L2.OC_AOP.V3_1.nc_3.1",PACE_OCI_L2_AOP_PACE_OCI.20250306T032307.L2.OC_AOP.V3_1.nc_3.1,PACE_OCI.20250306T032307.L2.OC_AOP.V3_1.nc,44.976930694088345,2025-03-06 03:25:36.500000+00:00
7901097,7901097QC.nc,39,8.466,174.098,2024-10-26 23:35:59.999995392+00:00,67.29126712978355,PACE_OCI_L2_AOP_PACE_OCI.20241027T015750.L2.OC_AOP.V3_1.nc_3.1,PACE_OCI_L2_AOP_PACE_OCI.20241027T015750.L2.OC_AOP.V3_1.nc_3.1,PACE_OCI.20241027T015750.L2.OC_AOP.V3_1.nc,119.26161879717175,2024-10-27 02:00:20+00:00
7901097,7901097QC.nc,49,7.229,170.561,2025-02-17 14:34:00.000002560+00:00,-64.37279820142999,PACE_OCI_L2_AOP_PACE_OCI.20250218T021114.L2.OC_AOP.V3_1.nc_3.1,PACE_OCI_L2_AOP_PACE_OCI.20250218T021114.L2.OC_AOP.V3_1.nc_3.1,PACE_OCI.20250218T021114.L2.OC_AOP.V3_1.nc,2.4512001209907863,2025-02-18 02:13:43.500000+00:00
7901097,7901097QC.nc,52,7.441,169.512,2025-03-20 12:24:00.000004608+00:00,-80.20724644142783,PACE_OCI_L2_AOP_PACE_OCI.20250320T015506.L2.OC_AOP.V3_1.nc_3.1,PACE_OCI_L2_AOP_PACE_OCI.20250320T015506.L2.OC_AOP.V3_1.nc_3.1,PACE_OCI.20250320T015506.L2.OC_AOP.V3_1.nc,5.212655390502485,2025-03-20 01:57:36+00:00
7901097,7901097QC.nc,54,8.179,168.752,2025-04-10 04:58:59.999996928+00:00,27.54786506957816,PACE_OCI_L2_AOP_PACE_OCI.20250411T014249.L2.OC_AOP.V3_1.nc_3.1,PACE_OCI_L2_AOP_PACE_OCI.20250411T014249.L2.OC_AOP.V3_1.nc_3.1,PACE_OCI.20250411T014249.L2.OC_AOP.V3_1.nc,0.9240768712989164,2025-04-11 01:45:18.500000+00:00
7901097,7901097QC.nc,59,8.786,167.24,2025-05-31 14:48:59.999998976+00:00,-47.37498592504444,PACE_OCI_L2_AOP_PACE_OCI.20250601T021421.L2.OC_AOP.V3_1.nc_3.1,PACE_OCI_L2_AOP_PACE_OCI.20250601T021421.L2.OC_AOP.V3_1.nc_3.1,PACE_OCI.20250601T021421.L2.OC_AOP.V3_1.nc,0.5963290612775528,2025-06-01 02:16:50.500000+00:00
7901098,7901098QC.nc,20,8.111,-169.667,2024-04-21 16:44:00+00:00,-6.310879024801722,PACE_OCI_L2_AOP_PACE_OCI.20240420T233022.L2.OC_AOP.V3_1.nc_3.1,PACE_OCI_L2_AOP_PACE_OCI.20240420T233022.L2.OC_AOP.V3_1.nc_3.1,PACE_OCI.20240420T233022.L2.OC_AOP.V3_1.nc,66.2612078356304,2024-04-20 23:32:51.500000+00:00
7901098,7901098QC.nc,25,7.479,-174.085,2024-06-12 06:22:00.000001536+00:00,-7.444049846166084,PACE_OCI_L2_AOP_PACE_OCI.20240613T004810.L2.OC_AOP.V3_1.nc_3.1,PACE_OCI_L2_AOP_PACE_OCI.20240613T004810.L2.OC_AOP.V3_1.nc_3.1,PACE_OCI.20240613T004810.L2.OC_AOP.V3_1.nc,5.940720688142119,2024-06-13 00:50:40+00:00
7901098,7901098QC.nc,30,7.728,-175.266,2024-08-02 20:37:00.000001536+00:00,42.71887834410528,PACE_OCI_L2_AOP_PACE_OCI.20240803T004531.L2.OC_AOP.V3_1.nc_3.1,PACE_OCI_L2_AOP_PACE_OCI.20240803T004531.L2.OC_AOP.V3_1.nc_3.1,PACE_OCI.20240803T004531.L2.OC_AOP.V3_1.nc,100.66274452073542,2024-08-03 00:48:00.500000+00:00
7901098,7901098QC.nc,34,7.148,-174.136,2024-09-13 01:47:59.999995904+00:00,56.091381906477736,PACE_OCI_L2_AOP_PACE_OCI.20240912T234806.L2.OC_AOP.V3_1.nc_3.1,PACE_OCI_L2_AOP_PACE_OCI.20240912T234806.L2.OC_AOP.V3_1.nc_3.1,PACE_OCI.20240912T234806.L2.OC_AOP.V3_1.nc,199.47060000802895,2024-09-12 23:50:36+00:00
7901098,7901098QC.nc,35,6.911,-173.199,2024-09-23 09:42:59.999996928+00:00,-63.73907861465215,PACE_OCI_L2_AOP_PACE_OCI.20240923T003613.L2.OC_AOP.V3_1.nc_3.1,PACE_OCI_L2_AOP_PACE_OCI.20240923T003613.L2.OC_AOP.V3_1.nc_3.1,PACE_OCI.20240923T003613.L2.OC_AOP.V3_1.nc,0.5486427655389771,2024-09-23 00:38:42.500000+00:00
7901098,7901098QC.nc,37,7.452,-171.889,2024-10-14 00:10:00.000004608+00:00,68.91805949006891,"PACE_OCI_L2_AOP_PACE_OCI.20241013T003258.L2.OC_AOP.V3_1.nc_3.1,PACE_OCI_L2_AOP_PACE_OCI.20241014T010701.L2.OC_AOP.V3_1.nc_3.1",PACE_OCI_L2_AOP_PACE_OCI.20241013T003258.L2.OC_AOP.V3_1.nc_3.1,PACE_OCI.20241013T003258.L2.OC_AOP.V3_1.nc,1.809202511421943,2024-10-13 00:35:27.500000+00:00
7901098,7901098QC.nc,38,7.052,-170.971,2024-10-24 06:51:59.999994880+00:00,-26.815369924700327,PACE_OCI_L2_AOP_PACE_OCI.20241025T004934.L2.OC_AOP.V3_1.nc_3.1,PACE_OCI_L2_AOP_PACE_OCI.20241025T004934.L2.OC_AOP.V3_1.nc_3.1,PACE_OCI.20241025T004934.L2.OC_AOP.V3_1.nc,278.73019033002316,2024-10-25 00:52:03.500000+00:00
7901098,7901098QC.nc,39,6.626,-170.044,2024-11-03 13:55:59.999997440+00:00,-46.909581012638085,PACE_OCI_L2_AOP_PACE_OCI.20241102T232410.L2.OC_AOP.V3_1.nc_3.1,PACE_OCI_L2_AOP_PACE_OCI.20241102T232410.L2.OC_AOP.V3_1.nc_3.1,PACE_OCI.20241102T232410.L2.OC_AOP.V3_1.nc,22.556986998695532,2024-11-02 23:26:40+00:00
7901098,7901098QC.nc,40,7.044,-169.523,2024-11-13 21:27:00.000004096+00:00,55.44103111979179,PACE_OCI_L2_AOP_PACE_OCI.20241114T004550.L2.OC_AOP.V3_1.nc_3.1,PACE_OCI_L2_AOP_PACE_OCI.20241114T004550.L2.OC_AOP.V3_1.nc_3.1,PACE_OCI.20241114T004550.L2.OC_AOP.V3_1.nc,126.51513739461689,2024-11-14 00:48:19.500000+00:00
7901098,7901098QC.nc,45,7.707,-167.486,2025-01-04 12:53:00.000001536+00:00,-62.10405581042546,PACE_OCI_L2_AOP_PACE_OCI.20250104T233500.L2.OC_AOP.V3_1.nc_3.1,PACE_OCI_L2_AOP_PACE_OCI.20250104T233500.L2.OC_AOP.V3_1.nc_3.1,PACE_OCI.20250104T233500.L2.OC_AOP.V3_1.nc,0.9200968947391768,2025-01-04 23:37:29.500000+00:00
7901098,7901098QC.nc,48,7.86,-168.532,2025-02-04 12:20:59.999995392+00:00,-74.67587661747945,PACE_OCI_L2_AOP_PACE_OCI.20250204T002806.L2.OC_AOP.V3_1.nc_3.1,PACE_OCI_L2_AOP_PACE_OCI.20250204T002806.L2.OC_AOP.V3_1.nc_3.1,PACE_OCI.20250204T002806.L2.OC_AOP.V3_1.nc,3.5938302957925274,2025-02-04 00:30:35.500000+00:00
7901098,7901098QC.nc,49,7.871,-168.91,2025-02-14 20:01:00+00:00,34.242354888156314,"PACE_OCI_L2_AOP_PACE_OCI.20250213T234856.L2.OC_AOP.V3_1.nc_3.1,PACE_OCI_L2_AOP_PACE_OCI.20250215T002430.L2.OC_AOP.V3_1.nc_3.1",PACE_OCI_L2_AOP_PACE_OCI.20250213T234856.L2.OC_AOP.V3_1.nc_3.1,PACE_OCI.20250213T234856.L2.OC_AOP.V3_1.nc,1.2310520120385768,2025-02-13 23:51:26+00:00
7901098,7901098QC.nc,50,7.751,-169.545,2025-02-25 03:38:00.000005120+00:00,26.30618619716058,"PACE_OCI_L2_AOP_PACE_OCI.20250224T234640.L2.OC_AOP.V3_1.nc_3.1,PACE_OCI_L2_AOP_PACE_OCI.20250226T002214.L2.OC_AOP.V3_1.nc_3.1",PACE_OCI_L2_AOP_PACE_OCI.20250224T234640.L2.OC_AOP.V3_1.nc_3.1,PACE_OCI.20250224T234640.L2.OC_AOP.V3_1.nc,0.8470420523579827,2025-02-24 23:49:09.500000+00:00
7901098,7901098QC.nc,51,7.655,-170.205,2025-03-07 11:49:59.999995392+00:00,-84.77640713504199,PACE_OCI_L2_AOP_PACE_OCI.20250307T004655.L2.OC_AOP.V3_1.nc_3.1,PACE_OCI_L2_AOP_PACE_OCI.20250307T004655.L2.OC_AOP.V3_1.nc_3.1,PACE_OCI.20250307T004655.L2.OC_AOP.V3_1.nc,1.5681349012125618,2025-03-07 00:49:24.500000+00:00
7901098,7901098QC.nc,52,7.64,-170.684,2025-03-17 19:27:00.000000512+00:00,28.62345328701385,PACE_OCI_L2_AOP_PACE_OCI.20250317T000836.L2.OC_AOP.V3_1.nc_3.1,PACE_OCI_L2_AOP_PACE_OCI.20250317T000836.L2.OC_AOP.V3_1.nc_3.1,PACE_OCI.20250317T000836.L2.OC_AOP.V3_1.nc,0.39864884835352427,2025-03-17 00:11:05.500000+00:00
7901098,7901098QC.nc,61,7.457,-172.889,2025-06-18 15:16:00.000003072+00:00,-27.37053105732684,PACE_OCI_L2_AOP_PACE_OCI.20250618T234211.L2.OC_AOP.V3_1.nc_3.1,PACE_OCI_L2_AOP_PACE_OCI.20250618T234211.L2.OC_AOP.V3_1.nc_3.1,PACE_OCI.20250618T234211.L2.OC_AOP.V3_1.nc,21.831486661276106,2025-06-18 23:44:40.500000+00:00
7901103,7901103QC.nc,25,-49.784,-47.95600000000002,2025-01-16 01:10:59.999997440+00:00,-13.61355419509786,PACE_OCI_L2_AOP_PACE_OCI.20250116T171001.L2.OC_AOP.V3_1.nc_3.1,PACE_OCI_L2_AOP_PACE_OCI.20250116T171001.L2.OC_AOP.V3_1.nc_3.1,PACE_OCI.20250116T171001.L2.OC_AOP.V3_1.nc,0.4085825301646011,2025-01-16 17:12:30.500000+00:00
7901103,7901103QC.nc,26,-50.276,-47.22500000000002,2025-01-26 07:35:00.000002048+00:00,-1.4649519749233544,PACE_OCI_L2_AOP_PACE_OCI.20250125T172731.L2.OC_AOP.V3_1.nc_3.1,PACE_OCI_L2_AOP_PACE_OCI.20250125T172731.L2.OC_AOP.V3_1.nc_3.1,PACE_OCI.20250125T172731.L2.OC_AOP.V3_1.nc,61.721770391531514,2025-01-25 17:30:00.500000+00:00
7901107,7901107QC.nc,21,-41.871,129.453,2024-10-19 11:00:00.000003584+00:00,-13.187555269871709,"PACE_OCI_L2_AOP_PACE_OCI.20241019T034748.L2.OC_AOP.V3_1.nc_3.1,PACE_OCI_L2_AOP_PACE_OCI.20241020T042157.L2.OC_AOP.V3_1.nc_3.1",PACE_OCI_L2_AOP_PACE_OCI.20241020T042157.L2.OC_AOP.V3_1.nc_3.1,PACE_OCI.20241020T042157.L2.OC_AOP.V3_1.nc,117.42710249910162,2024-10-20 04:24:26.500000+00:00
7901109,7901109QC.nc,0,8.658,-90.122,2025-03-12 02:06:59.999998464+00:00,-29.34593494471325,"PACE_OCI_L2_AOP_PACE_OCI.20250311T193241.L2.OC_AOP.V3_1.nc_3.1,PACE_OCI_L2_AOP_PACE_OCI.20250312T182950.L2.OC_AOP.V3_1.nc_3.1",PACE_OCI_L2_AOP_PACE_OCI.20250311T193241.L2.OC_AOP.V3_1.nc_3.1,PACE_OCI.20250311T193241.L2.OC_AOP.V3_1.nc,1.5250966255820473,2025-03-11 19:35:10.500000+00:00
7901109,7901109QC.nc,2,10.126,-89.85300000000001,2025-04-12 01:55:59.999997440+00:00,-26.38550555214647,PACE_OCI_L2_AOP_PACE_OCI.20250412T184648.L2.OC_AOP.V3_1.nc_3.1,PACE_OCI_L2_AOP_PACE_OCI.20250412T184648.L2.OC_AOP.V3_1.nc_3.1,PACE_OCI.20250412T184648.L2.OC_AOP.V3_1.nc,1.2614140412840003,2025-04-12 18:49:17.500000+00:00
7902101,7902101QC.nc,14,2.682,-93.235,2024-11-17 11:54:00.000001536+00:00,-1.8133063070396287,PACE_OCI_L2_AOP_PACE_OCI.20241116T195523.L2.OC_AOP.V3_1.nc_3.1,PACE_OCI_L2_AOP_PACE_OCI.20241116T195523.L2.OC_AOP.V3_1.nc_3.1,PACE_OCI.20241116T195523.L2.OC_AOP.V3_1.nc,33.05958688173729,2024-11-16 19:57:52.500000+00:00
7902101,7902101QC.nc,20,2.892,-94.48399999999998,2025-01-18 03:48:59.999995904+00:00,-47.41011318544823,PACE_OCI_L2_AOP_PACE_OCI.20250118T183427.L2.OC_AOP.V3_1.nc_3.1,PACE_OCI_L2_AOP_PACE_OCI.20250118T183427.L2.OC_AOP.V3_1.nc_3.1,PACE_OCI.20250118T183427.L2.OC_AOP.V3_1.nc,0.9939040673745471,2025-01-18 18:36:57+00:00
7902101,7902101QC.nc,25,2.441,-93.62,2025-03-10 12:42:59.999996928+00:00,4.586214668479137,"PACE_OCI_L2_AOP_PACE_OCI.20250309T195959.L2.OC_AOP.V3_1.nc_3.1,PACE_OCI_L2_AOP_PACE_OCI.20250310T185710.L2.OC_AOP.V3_1.nc_3.1",PACE_OCI_L2_AOP_PACE_OCI.20250310T185710.L2.OC_AOP.V3_1.nc_3.1,PACE_OCI.20250310T185710.L2.OC_AOP.V3_1.nc,18.023171885681254,2025-03-10 18:59:39.500000+00:00
7902101,7902101QC.nc,26,2.727,-93.961,2025-03-20 18:47:59.999999488+00:00,83.26844631929637,PACE_OCI_L2_AOP_PACE_OCI.20250319T192138.L2.OC_AOP.V3_1.nc_3.1,PACE_OCI_L2_AOP_PACE_OCI.20250319T192138.L2.OC_AOP.V3_1.nc_3.1,PACE_OCI.20250319T192138.L2.OC_AOP.V3_1.nc,8.874985185390107,2025-03-19 19:24:07.500000+00:00
7902101,7902101QC.nc,32,2.561,-94.33100000000002,2025-05-21 12:00:00+00:00,-2.367723952814019,PACE_OCI_L2_AOP_PACE_OCI.20250520T194100.L2.OC_AOP.V3_1.nc_3.1,PACE_OCI_L2_AOP_PACE_OCI.20250520T194100.L2.OC_AOP.V3_1.nc_3.1,PACE_OCI.20250520T194100.L2.OC_AOP.V3_1.nc,5.858090420725498,2025-05-20 19:43:29.500000+00:00
7902102,7902102QC.nc,14,-1.181,-94.978,2024-11-21 09:20:59.999995392+00:00,-37.70683506838191,PACE_OCI_L2_AOP_PACE_OCI.20241121T192951.L2.OC_AOP.V3_1.nc_3.1,PACE_OCI_L2_AOP_PACE_OCI.20241121T192951.L2.OC_AOP.V3_1.nc_3.1,PACE_OCI.20241121T192951.L2.OC_AOP.V3_1.nc,1.5078018753302411,2024-11-21 19:32:21+00:00
7902102,7902102QC.nc,22,-0.801,-95.176,2025-02-11 10:58:59.999996928+00:00,-23.01737754826512,PACE_OCI_L2_AOP_PACE_OCI.20250211T192103.L2.OC_AOP.V3_1.nc_3.1,PACE_OCI_L2_AOP_PACE_OCI.20250211T192103.L2.OC_AOP.V3_1.nc_3.1,PACE_OCI.20250211T192103.L2.OC_AOP.V3_1.nc,0.0927945177182487,2025-02-11 19:23:32.500000+00:00
7902102,7902102QC.nc,23,-1.39,-94.41199999999998,2025-02-21 17:15:59.999996416+00:00,69.3310584161681,PACE_OCI_L2_AOP_PACE_OCI.20250220T194605.L2.OC_AOP.V3_1.nc_3.1,PACE_OCI_L2_AOP_PACE_OCI.20250220T194605.L2.OC_AOP.V3_1.nc_3.1,PACE_OCI.20250220T194605.L2.OC_AOP.V3_1.nc,1.3664091934798022,2025-02-20 19:48:34.500000+00:00
7902102,7902102QC.nc,24,-1.456,-93.98000000000002,2025-03-04 00:02:59.999999488+00:00,6.409374032187523,PACE_OCI_L2_AOP_PACE_OCI.20250303T194336.L2.OC_AOP.V3_1.nc_3.1,PACE_OCI_L2_AOP_PACE_OCI.20250303T194336.L2.OC_AOP.V3_1.nc_3.1,PACE_OCI.20250303T194336.L2.OC_AOP.V3_1.nc,30.994907641377537,2025-03-03 19:46:05.500000+00:00
7902102,7902102QC.nc,25,-1.963,-93.49400000000004,2025-03-14 06:02:59.999999488+00:00,-83.33118357470887,PACE_OCI_L2_AOP_PACE_OCI.20250313T190521.L2.OC_AOP.V3_1.nc_3.1,PACE_OCI_L2_AOP_PACE_OCI.20250313T190521.L2.OC_AOP.V3_1.nc_3.1,PACE_OCI.20250313T190521.L2.OC_AOP.V3_1.nc,4.44223907751766,2025-03-13 19:07:50.500000+00:00
7902102,7902102QC.nc,30,-1.635,-92.793,2025-05-04 13:38:00.000001536+00:00,21.137798350684665,PACE_OCI_L2_AOP_PACE_OCI.20250503T193050.L2.OC_AOP.V3_1.nc_3.1,PACE_OCI_L2_AOP_PACE_OCI.20250503T193050.L2.OC_AOP.V3_1.nc_3.1,PACE_OCI.20250503T193050.L2.OC_AOP.V3_1.nc,0.6705606922662871,2025-05-03 19:33:19.500000+00:00
7902103,7902103QC.nc,12,7.228,-99.43200000000002,2024-11-08 09:48:59.999995904+00:00,-38.50791304644322,PACE_OCI_L2_AOP_PACE_OCI.20241108T201629.L2.OC_AOP.V3_1.nc_3.1,PACE_OCI_L2_AOP_PACE_OCI.20241108T201629.L2.OC_AOP.V3_1.nc_3.1,PACE_OCI.20241108T201629.L2.OC_AOP.V3_1.nc,41.10124915898314,2024-11-08 20:18:59+00:00
7902103,7902103QC.nc,19,7.526,-101.48000000000002,2025-01-19 09:24:00.000004608+00:00,-52.15921652307943,"PACE_OCI_L2_AOP_PACE_OCI.20250118T201246.L2.OC_AOP.V3_1.nc_3.1,PACE_OCI_L2_AOP_PACE_OCI.20250119T190910.L2.OC_AOP.V3_1.nc_3.1",PACE_OCI_L2_AOP_PACE_OCI.20250119T190910.L2.OC_AOP.V3_1.nc_3.1,PACE_OCI.20250119T190910.L2.OC_AOP.V3_1.nc,0.7391129793835509,2025-01-19 19:11:39.500000+00:00
7902103,7902103QC.nc,20,7.425,-101.70800000000004,2025-01-29 16:40:00.000004608+00:00,47.27080608278247,"PACE_OCI_L2_AOP_PACE_OCI.20250128T192636.L2.OC_AOP.V3_1.nc_3.1,PACE_OCI_L2_AOP_PACE_OCI.20250129T200118.L2.OC_AOP.V3_1.nc_3.1",PACE_OCI_L2_AOP_PACE_OCI.20250128T192636.L2.OC_AOP.V3_1.nc_3.1,PACE_OCI.20250128T192636.L2.OC_AOP.V3_1.nc,0.3307450606864089,2025-01-28 19:29:06+00:00
7902103,7902103QC.nc,21,7.283,-102.07,2025-02-08 23:04:59.999995392+00:00,26.02495498808972,PACE_OCI_L2_AOP_PACE_OCI.20250209T194824.L2.OC_AOP.V3_1.nc_3.1,PACE_OCI_L2_AOP_PACE_OCI.20250209T194824.L2.OC_AOP.V3_1.nc_3.1,PACE_OCI.20250209T194824.L2.OC_AOP.V3_1.nc,1.5909739422657059,2025-02-09 19:50:53.500000+00:00
7902103,7902103QC.nc,24,7.135,-102.336,2025-03-11 19:33:59.999995904+00:00,76.35811705550644,PACE_OCI_L2_AOP_PACE_OCI.20250311T193241.L2.OC_AOP.V3_1.nc_3.1,PACE_OCI_L2_AOP_PACE_OCI.20250311T193241.L2.OC_AOP.V3_1.nc_3.1,PACE_OCI.20250311T193241.L2.OC_AOP.V3_1.nc,0.22440880797989882,2025-03-11 19:35:10.500000+00:00
7902103,7902103QC.nc,27,7.354,-102.555,2025-04-11 15:33:59.999998976+00:00,41.23217906494499,PACE_OCI_L2_AOP_PACE_OCI.20250410T191423.L2.OC_AOP.V3_1.nc_3.1,PACE_OCI_L2_AOP_PACE_OCI.20250410T191423.L2.OC_AOP.V3_1.nc_3.1,PACE_OCI.20250410T191423.L2.OC_AOP.V3_1.nc,7.495447982238094,2025-04-10 19:16:52.500000+00:00
7902104,7902104QC.nc,20,11.97,-106.077,2025-01-31 04:16:00+00:00,-45.83010506192919,PACE_OCI_L2_AOP_PACE_OCI.20250131T193222.L2.OC_AOP.V3_1.nc_3.1,PACE_OCI_L2_AOP_PACE_OCI.20250131T193222.L2.OC_AOP.V3_1.nc_3.1,PACE_OCI.20250131T193222.L2.OC_AOP.V3_1.nc,0.3855303624103262,2025-01-31 19:34:51.500000+00:00
7902104,7902104QC.nc,21,11.817,-106.022,2025-02-10 10:38:59.999997952+00:00,-41.13237132835125,PACE_OCI_L2_AOP_PACE_OCI.20250209T195324.L2.OC_AOP.V3_1.nc_3.1,PACE_OCI_L2_AOP_PACE_OCI.20250209T195324.L2.OC_AOP.V3_1.nc_3.1,PACE_OCI.20250209T195324.L2.OC_AOP.V3_1.nc,1.1696107482363303,2025-02-09 19:55:53.500000+00:00
7902104,7902104QC.nc,22,11.52,-106.082,2025-02-20 17:40:59.999997440+00:00,57.28562323575385,PACE_OCI_L2_AOP_PACE_OCI.20250220T194605.L2.OC_AOP.V3_1.nc_3.1,PACE_OCI_L2_AOP_PACE_OCI.20250220T194605.L2.OC_AOP.V3_1.nc_3.1,PACE_OCI.20250220T194605.L2.OC_AOP.V3_1.nc,0.41305946886271666,2025-02-20 19:48:34.500000+00:00
7902104,7902104QC.nc,23,11.573,-106.15,2025-03-02 23:51:59.999998464+00:00,19.123067564392404,"PACE_OCI_L2_AOP_PACE_OCI.20250302T190806.L2.OC_AOP.V3_1.nc_3.1,PACE_OCI_L2_AOP_PACE_OCI.20250303T194336.L2.OC_AOP.V3_1.nc_3.1",PACE_OCI_L2_AOP_PACE_OCI.20250303T194336.L2.OC_AOP.V3_1.nc_3.1,PACE_OCI.20250303T194336.L2.OC_AOP.V3_1.nc,0.40485072465501065,2025-03-03 19:46:05.500000+00:00
7902104,7902104QC.nc,24,11.65,-106.149,2025-03-13 06:17:59.999995904+00:00,-73.54919309923578,"PACE_OCI_L2_AOP_PACE_OCI.20250312T200813.L2.OC_AOP.V3_1.nc_3.1,PACE_OCI_L2_AOP_PACE_OCI.20250313T190521.L2.OC_AOP.V3_1.nc_3.1",PACE_OCI_L2_AOP_PACE_OCI.20250313T190521.L2.OC_AOP.V3_1.nc_3.1,PACE_OCI.20250313T190521.L2.OC_AOP.V3_1.nc,0.4264212167193174,2025-03-13 19:07:50.500000+00:00
7902104,7902104QC.nc,26,11.167,-105.802,2025-04-02 19:26:00.000004096+00:00,82.3783980957272,PACE_OCI_L2_AOP_PACE_OCI.20250402T192609.L2.OC_AOP.V3_1.nc_3.1,PACE_OCI_L2_AOP_PACE_OCI.20250402T192609.L2.OC_AOP.V3_1.nc_3.1,PACE_OCI.20250402T192609.L2.OC_AOP.V3_1.nc,1.0545952843633604,2025-04-02 19:28:39+00:00
7902111,7902111QC.nc,0,40.043,-139.964,2024-07-08 16:52:00.000001536+00:00,30.486022900535,"PACE_OCI_L2_AOP_PACE_OCI.20240707T211913.L2.OC_AOP.V3_1.nc_3.1,PACE_OCI_L2_AOP_PACE_OCI.20240708T215347.L2.OC_AOP.V3_1.nc_3.1",PACE_OCI_L2_AOP_PACE_OCI.20240708T215347.L2.OC_AOP.V3_1.nc_3.1,PACE_OCI.20240708T215347.L2.OC_AOP.V3_1.nc,0.37947872543708266,2024-07-08 21:56:16.500000+00:00
7902111,7902111QC.nc,1,40.058,-139.965,2024-07-09 16:41:59.999997440+00:00,28.486847590659647,"PACE_OCI_L2_AOP_PACE_OCI.20240708T215347.L2.OC_AOP.V3_1.nc_3.1,PACE_OCI_L2_AOP_PACE_OCI.20240709T205007.L2.OC_AOP.V3_1.nc_3.1",PACE_OCI_L2_AOP_PACE_OCI.20240709T205007.L2.OC_AOP.V3_1.nc_3.1,PACE_OCI.20240709T205007.L2.OC_AOP.V3_1.nc,0.5348270871935246,2024-07-09 20:52:36.500000+00:00
7902111,7902111QC.nc,2,40.064,-139.954,2024-07-10 17:29:00+00:00,37.36240341755253,PACE_OCI_L2_AOP_PACE_OCI.20240709T205007.L2.OC_AOP.V3_1.nc_3.1,PACE_OCI_L2_AOP_PACE_OCI.20240709T205007.L2.OC_AOP.V3_1.nc_3.1,PACE_OCI.20240709T205007.L2.OC_AOP.V3_1.nc,1.5683383099641879,2024-07-09 20:52:36.500000+00:00
7902111,7902111QC.nc,20,40.289,-140.301,2024-09-26 08:45:00.000003584+00:00,-50.71182996058194,PACE_OCI_L2_AOP_PACE_OCI.20240926T220328.L2.OC_AOP.V3_1.nc_3.1,PACE_OCI_L2_AOP_PACE_OCI.20240926T220328.L2.OC_AOP.V3_1.nc_3.1,PACE_OCI.20240926T220328.L2.OC_AOP.V3_1.nc,0.4807961999615994,2024-09-26 22:05:57.500000+00:00
7902111,7902111QC.nc,21,40.382,-140.267,2024-10-01 15:28:00.000000512+00:00,1.3846201394990532,PACE_OCI_L2_AOP_PACE_OCI.20240930T224214.L2.OC_AOP.V3_1.nc_3.1,PACE_OCI_L2_AOP_PACE_OCI.20240930T224214.L2.OC_AOP.V3_1.nc_3.1,PACE_OCI.20240930T224214.L2.OC_AOP.V3_1.nc,2.1626026262049445,2024-09-30 22:44:43.500000+00:00
7902111,7902111QC.nc,28,40.553,-139.448,2024-11-07 11:08:00.000005120+00:00,-53.596992253728295,PACE_OCI_L2_AOP_PACE_OCI.20241106T205614.L2.OC_AOP.V3_1.nc_3.1,PACE_OCI_L2_AOP_PACE_OCI.20241106T205614.L2.OC_AOP.V3_1.nc_3.1,PACE_OCI.20241106T205614.L2.OC_AOP.V3_1.nc,29.113458082542937,2024-11-06 20:58:44+00:00
7902111,7902111QC.nc,51,40.284,-138.726,2025-03-08 11:23:59.999997952+00:00,-45.55286924046305,PACE_OCI_L2_AOP_PACE_OCI.20250309T090913.L2.OC_AOP.V3_1.nc_3.1,PACE_OCI_L2_AOP_PACE_OCI.20250309T090913.L2.OC_AOP.V3_1.nc_3.1,PACE_OCI.20250309T090913.L2.OC_AOP.V3_1.nc,1000000000.0,2025-03-09 09:10:12+00:00
7902112,7902112QC.nc,10,40.505,-149.605,2024-08-11 04:05:59.999995392+00:00,9.40284876974207,PACE_OCI_L2_AOP_PACE_OCI.20240811T232804.L2.OC_AOP.V3_1.nc_3.1,PACE_OCI_L2_AOP_PACE_OCI.20240811T232804.L2.OC_AOP.V3_1.nc_3.1,PACE_OCI.20240811T232804.L2.OC_AOP.V3_1.nc,16.28982908829426,2024-08-11 23:30:33.500000+00:00
7902112,7902112QC.nc,18,40.636,-149.236,2024-09-22 05:31:59.999999488+00:00,-19.07507592390295,PACE_OCI_L2_AOP_PACE_OCI.20240922T230256.L2.OC_AOP.V3_1.nc_3.1,PACE_OCI_L2_AOP_PACE_OCI.20240922T230256.L2.OC_AOP.V3_1.nc_3.1,PACE_OCI.20240922T230256.L2.OC_AOP.V3_1.nc,4.805138435677913,2024-09-22 23:05:25.500000+00:00
7902136,7902136QC.nc,0,2.961,-140.012,2024-11-14 16:27:00.000000512+00:00,18.537698446194703,"PACE_OCI_L2_AOP_PACE_OCI.20241113T212916.L2.OC_AOP.V3_1.nc_3.1,PACE_OCI_L2_AOP_PACE_OCI.20241114T220330.L2.OC_AOP.V3_1.nc_3.1",PACE_OCI_L2_AOP_PACE_OCI.20241114T220330.L2.OC_AOP.V3_1.nc_3.1,PACE_OCI.20241114T220330.L2.OC_AOP.V3_1.nc,0.8809031062104571,2024-11-14 22:06:00+00:00
7902136,7902136QC.nc,1,4.005,-139.453,2024-11-24 22:38:00.000001536+00:00,56.278785396533,PACE_OCI_L2_AOP_PACE_OCI.20241124T225047.L2.OC_AOP.V3_1.nc_3.1,PACE_OCI_L2_AOP_PACE_OCI.20241124T225047.L2.OC_AOP.V3_1.nc_3.1,PACE_OCI.20241124T225047.L2.OC_AOP.V3_1.nc,2.17155671589346,2024-11-24 22:53:16.500000+00:00
7902136,7902136QC.nc,7,3.947,-136.715,2025-01-25 13:05:59.999995392+00:00,-32.72617723397966,"PACE_OCI_L2_AOP_PACE_OCI.20250124T215746.L2.OC_AOP.V3_1.nc_3.1,PACE_OCI_L2_AOP_PACE_OCI.20250125T223228.L2.OC_AOP.V3_1.nc_3.1",PACE_OCI_L2_AOP_PACE_OCI.20250125T223228.L2.OC_AOP.V3_1.nc_3.1,PACE_OCI.20250125T223228.L2.OC_AOP.V3_1.nc,3.8771043564773158,2025-01-25 22:34:57.500000+00:00
7902136,7902136QC.nc,8,3.748,-136.272,2025-02-04 18:59:59.999996416+00:00,50.38949341014255,PACE_OCI_L2_AOP_PACE_OCI.20250204T214610.L2.OC_AOP.V3_1.nc_3.1,PACE_OCI_L2_AOP_PACE_OCI.20250204T214610.L2.OC_AOP.V3_1.nc_3.1,PACE_OCI.20250204T214610.L2.OC_AOP.V3_1.nc,8.277993250075786,2025-02-04 21:48:39.500000+00:00
7902136,7902136QC.nc,9,3.925,-135.766,2025-02-15 01:49:59.999998976+00:00,20.29884913287864,"PACE_OCI_L2_AOP_PACE_OCI.20250214T224608.L2.OC_AOP.V3_1.nc_3.1,PACE_OCI_L2_AOP_PACE_OCI.20250215T214320.L2.OC_AOP.V3_1.nc_3.1",PACE_OCI_L2_AOP_PACE_OCI.20250215T214320.L2.OC_AOP.V3_1.nc_3.1,PACE_OCI.20250215T214320.L2.OC_AOP.V3_1.nc,1.9998465077762029,2025-02-15 21:45:49.500000+00:00
7902136,7902136QC.nc,10,4.085,-135.307,2025-02-25 07:24:00.000001536+00:00,-62.21172398579496,PACE_OCI_L2_AOP_PACE_OCI.20250225T224351.L2.OC_AOP.V3_1.nc_3.1,PACE_OCI_L2_AOP_PACE_OCI.20250225T224351.L2.OC_AOP.V3_1.nc_3.1,PACE_OCI.20250225T224351.L2.OC_AOP.V3_1.nc,16.81330034726892,2025-02-25 22:46:20.500000+00:00
7902136,7902136QC.nc,13,3.838,-134.27,2025-03-28 02:37:00.000001536+00:00,6.590981057466164,PACE_OCI_L2_AOP_PACE_OCI.20250327T222202.L2.OC_AOP.V3_1.nc_3.1,PACE_OCI_L2_AOP_PACE_OCI.20250327T222202.L2.OC_AOP.V3_1.nc_3.1,PACE_OCI.20250327T222202.L2.OC_AOP.V3_1.nc,1.083998858141909,2025-03-27 22:24:31.500000+00:00
7902226,7902226QC.nc,3,27.225,-46.02199999999999,2025-02-08 18:16:00.000003072+00:00,29.864807931724823,PACE_OCI_L2_AOP_PACE_OCI.20250209T163639.L2.OC_AOP.V3_1.nc_3.1,PACE_OCI_L2_AOP_PACE_OCI.20250209T163639.L2.OC_AOP.V3_1.nc_3.1,PACE_OCI.20250209T163639.L2.OC_AOP.V3_1.nc,7.557063001837703,2025-02-09 16:39:09+00:00
7902226,7902226QC.nc,4,27.479,-46.221,2025-02-18 20:26:59.999997440+00:00,6.099995732946012,PACE_OCI_L2_AOP_PACE_OCI.20250219T155847.L2.OC_AOP.V3_1.nc_3.1,PACE_OCI_L2_AOP_PACE_OCI.20250219T155847.L2.OC_AOP.V3_1.nc_3.1,PACE_OCI.20250219T155847.L2.OC_AOP.V3_1.nc,0.4061643651635472,2025-02-19 16:01:17+00:00
7902226,7902226QC.nc,5,27.563,-46.293000000000006,2025-02-28 21:48:59.999995904+00:00,-10.467588065344216,PACE_OCI_L2_AOP_PACE_OCI.20250301T152050.L2.OC_AOP.V3_1.nc_3.1,PACE_OCI_L2_AOP_PACE_OCI.20250301T152050.L2.OC_AOP.V3_1.nc_3.1,PACE_OCI.20250301T152050.L2.OC_AOP.V3_1.nc,0.8737417403463626,2025-03-01 15:23:19.500000+00:00
7902226,7902226QC.nc,8,26.949,-46.99400000000003,2025-03-31 04:10:00.000001024+00:00,-55.823584753386406,PACE_OCI_L2_AOP_PACE_OCI.20250330T160134.L2.OC_AOP.V3_1.nc_3.1,PACE_OCI_L2_AOP_PACE_OCI.20250330T160134.L2.OC_AOP.V3_1.nc_3.1,PACE_OCI.20250330T160134.L2.OC_AOP.V3_1.nc,4.198757601298467,2025-03-30 16:04:04+00:00
7902277,7902277QC.nc,4,-24.699,-9.339999999999977,2025-06-06 23:53:00.000005120+00:00,-79.93523162873993,PACE_OCI_L2_AOP_PACE_OCI.20250607T134747.L2.OC_AOP.V3_1.nc_3.1,PACE_OCI_L2_AOP_PACE_OCI.20250607T134747.L2.OC_AOP.V3_1.nc_3.1,PACE_OCI.20250607T134747.L2.OC_AOP.V3_1.nc,1.5143996193108222,2025-06-07 13:50:16.500000+00:00
7901009,Ocean_Biogeochemistry_BGC-Argo_Global_Profiles_Mediterranean.nc,2,22.230100631713867,-85.6676025390625,2024-04-20 16:40:40.001779050+00:00,72.18302534907957,PACE_OCI_L2_AOP_PACE_OCI.20240419T180521.L2.OC_AOP.V3_1.nc_3.1,PACE_OCI_L2_AOP_PACE_OCI.20240419T180521.L2.OC_AOP.V3_1.nc_3.1,PACE_OCI.20240419T180521.L2.OC_AOP.V3_1.nc,0.19137133423647354,2024-04-19 18:07:50.500000+00:00
7901009,Ocean_Biogeochemistry_BGC-Argo_Global_Profiles_Mediterranean.nc,6,25.52090072631836,-87.17239379882812,2025-02-01 18:36:50.001983868+00:00,46.79980911270409,PACE_OCI_L2_AOP_PACE_OCI.20250201T183345.L2.OC_AOP.V3_1.nc_3.1,PACE_OCI_L2_AOP_PACE_OCI.20250201T183345.L2.OC_AOP.V3_1.nc_3.1,PACE_OCI.20250201T183345.L2.OC_AOP.V3_1.nc,15.93416057884467,2025-02-01 18:36:14.500000+00:00
7901009,Ocean_Biogeochemistry_BGC-Argo_Global_Profiles_Mediterranean.nc,8,26.22509956359864,-86.5679931640625,2025-04-04 15:08:40.001625272+00:00,46.74908174490258,"PACE_OCI_L2_AOP_PACE_OCI.20250403T182313.L2.OC_AOP.V3_1.nc_3.1,PACE_OCI_L2_AOP_PACE_OCI.20250404T185838.L2.OC_AOP.V3_1.nc_3.1",PACE_OCI_L2_AOP_PACE_OCI.20250404T185838.L2.OC_AOP.V3_1.nc_3.1,PACE_OCI.20250404T185838.L2.OC_AOP.V3_1.nc,3.2122221742059582,2025-04-04 19:01:08+00:00
7901009,Ocean_Biogeochemistry_BGC-Argo_Global_Profiles_Mediterranean.nc,11,22.086200714111328,-85.92718505859375,2024-05-31 17:14:30.001842454+00:00,83.75292238747863,PACE_OCI_L2_AOP_PACE_OCI.20240531T175554.L2.OC_AOP.V3_1.nc_3.1,PACE_OCI_L2_AOP_PACE_OCI.20240531T175554.L2.OC_AOP.V3_1.nc_3.1,PACE_OCI.20240531T175554.L2.OC_AOP.V3_1.nc,1.9372447302505322,2024-05-31 17:58:23.500000+00:00
7901009,Ocean_Biogeochemistry_BGC-Argo_Global_Profiles_Mediterranean.nc,16,22.2539005279541,-85.90609741210938,2024-08-21 13:36:30.001445264+00:00,29.733642849811663,PACE_OCI_L2_AOP_PACE_OCI.20240820T184828.L2.OC_AOP.V3_1.nc_3.1,PACE_OCI_L2_AOP_PACE_OCI.20240820T184828.L2.OC_AOP.V3_1.nc_3.1,PACE_OCI.20240820T184828.L2.OC_AOP.V3_1.nc,0.9457368542975642,2024-08-20 18:50:57.500000+00:00
7901009,Ocean_Biogeochemistry_BGC-Argo_Global_Profiles_Mediterranean.nc,20,25.17690086364746,-86.91448974609375,2025-01-22 12:02:20.001292528+00:00,-7.522701164568953,PACE_OCI_L2_AOP_PACE_OCI.20250122T192001.L2.OC_AOP.V3_1.nc_3.1,PACE_OCI_L2_AOP_PACE_OCI.20250122T192001.L2.OC_AOP.V3_1.nc_3.1,PACE_OCI.20250122T192001.L2.OC_AOP.V3_1.nc,184.32513909032275,2025-01-22 19:22:30.500000+00:00
7901009,Ocean_Biogeochemistry_BGC-Argo_Global_Profiles_Mediterranean.nc,21,25.83329963684082,-87.2587890625,2025-02-12 01:36:30.000157804+00:00,-26.69684978080313,PACE_OCI_L2_AOP_PACE_OCI.20250212T182315.L2.OC_AOP.V3_1.nc_3.1,PACE_OCI_L2_AOP_PACE_OCI.20250212T182315.L2.OC_AOP.V3_1.nc_3.1,PACE_OCI.20250212T182315.L2.OC_AOP.V3_1.nc,0.106146110902507,2025-02-12 18:25:44.500000+00:00
7901009,Ocean_Biogeochemistry_BGC-Argo_Global_Profiles_Mediterranean.nc,23,25.73110008239746,-86.385009765625,2025-03-04 15:22:59.999998208+00:00,40.85627546257993,PACE_OCI_L2_AOP_PACE_OCI.20250303T181013.L2.OC_AOP.V3_1.nc_3.1,PACE_OCI_L2_AOP_PACE_OCI.20250303T181013.L2.OC_AOP.V3_1.nc_3.1,PACE_OCI.20250303T181013.L2.OC_AOP.V3_1.nc,0.5398918494530031,2025-03-03 18:12:42.500000+00:00
7901009,Ocean_Biogeochemistry_BGC-Argo_Global_Profiles_Mediterranean.nc,27,27.31489944458008,-88.13180541992188,2025-07-26 18:03:50.001930896+00:00,81.86616905505366,PACE_OCI_L2_AOP_PACE_OCI.20250725T191532.L2.OC_AOP.V3_1.nc_3.1,PACE_OCI_L2_AOP_PACE_OCI.20250725T191532.L2.OC_AOP.V3_1.nc_3.1,PACE_OCI.20250725T191532.L2.OC_AOP.V3_1.nc,71.2662231871814,2025-07-25 19:18:01.500000+00:00
7901009,Ocean_Biogeochemistry_BGC-Argo_Global_Profiles_Mediterranean.nc,28,24.15169906616211,-86.18740844726562,2024-11-21 15:22:30.001639500+00:00,35.86277849858538,PACE_OCI_L2_AOP_PACE_OCI.20241120T190538.L2.OC_AOP.V3_1.nc_3.1,PACE_OCI_L2_AOP_PACE_OCI.20241120T190538.L2.OC_AOP.V3_1.nc_3.1,PACE_OCI.20241120T190538.L2.OC_AOP.V3_1.nc,182.91547631138434,2024-11-20 19:08:07.500000+00:00
7901009,Ocean_Biogeochemistry_BGC-Argo_Global_Profiles_Mediterranean.nc,29,23.09830093383789,-86.0474853515625,2024-10-11 17:28:10.001860632+00:00,59.50512792825499,"PACE_OCI_L2_AOP_PACE_OCI.20241010T183444.L2.OC_AOP.V3_1.nc_3.1,PACE_OCI_L2_AOP_PACE_OCI.20241011T190856.L2.OC_AOP.V3_1.nc_3.1",PACE_OCI_L2_AOP_PACE_OCI.20241010T183444.L2.OC_AOP.V3_1.nc_3.1,PACE_OCI.20241010T183444.L2.OC_AOP.V3_1.nc,3.6325317234782024,2024-10-10 18:37:13.500000+00:00
7901009,Ocean_Biogeochemistry_BGC-Argo_Global_Profiles_Mediterranean.nc,31,25.482799530029297,-85.96029663085938,2024-12-02 00:01:10.000002532+00:00,-15.252245054397784,PACE_OCI_L2_AOP_PACE_OCI.20241201T184851.L2.OC_AOP.V3_1.nc_3.1,PACE_OCI_L2_AOP_PACE_OCI.20241201T184851.L2.OC_AOP.V3_1.nc_3.1,PACE_OCI.20241201T184851.L2.OC_AOP.V3_1.nc,1.922771265179043,2024-12-01 18:51:20.500000+00:00
7901009,Ocean_Biogeochemistry_BGC-Argo_Global_Profiles_Mediterranean.nc,33,25.019399642944336,-85.79940795898438,2025-03-15 02:04:10.000216440+00:00,-30.589901179368606,PACE_OCI_L2_AOP_PACE_OCI.20250314T180730.L2.OC_AOP.V3_1.nc_3.1,PACE_OCI_L2_AOP_PACE_OCI.20250314T180730.L2.OC_AOP.V3_1.nc_3.1,PACE_OCI.20250314T180730.L2.OC_AOP.V3_1.nc,2.6887163468762343,2025-03-14 18:09:59.500000+00:00
7901009,Ocean_Biogeochemistry_BGC-Argo_Global_Profiles_Mediterranean.nc,34,26.589000701904297,-85.77740478515625,2025-04-14 22:03:30.002367944+00:00,26.589029063471266,"PACE_OCI_L2_AOP_PACE_OCI.20250414T181913.L2.OC_AOP.V3_1.nc_3.1,PACE_OCI_L2_AOP_PACE_OCI.20250415T185436.L2.OC_AOP.V3_1.nc_3.1",PACE_OCI_L2_AOP_PACE_OCI.20250415T185436.L2.OC_AOP.V3_1.nc_3.1,PACE_OCI.20250415T185436.L2.OC_AOP.V3_1.nc,1.1039366426015238,2025-04-15 18:57:05.500000+00:00
7901009,Ocean_Biogeochemistry_BGC-Argo_Global_Profiles_Mediterranean.nc,39,26.60300064086914,-88.66830444335938,2025-08-16 07:52:59.999998208+00:00,-41.16110390380346,PACE_OCI_L2_AOP_PACE_OCI.20250815T182611.L2.OC_AOP.V3_1.nc_3.1,PACE_OCI_L2_AOP_PACE_OCI.20250815T182611.L2.OC_AOP.V3_1.nc_3.1,PACE_OCI.20250815T182611.L2.OC_AOP.V3_1.nc,3.443043723645833,2025-08-15 18:28:40.500000+00:00
7901009,Ocean_Biogeochemistry_BGC-Argo_Global_Profiles_Mediterranean.nc,42,22.153499603271484,-86.05450439453125,2024-08-11 07:12:30.000766664+00:00,-47.55203348748353,PACE_OCI_L2_AOP_PACE_OCI.20240810T175843.L2.OC_AOP.V3_1.nc_3.1,PACE_OCI_L2_AOP_PACE_OCI.20240810T175843.L2.OC_AOP.V3_1.nc_3.1,PACE_OCI.20240810T175843.L2.OC_AOP.V3_1.nc,15.543330761375776,2024-08-10 18:01:12.500000+00:00
7901009,Ocean_Biogeochemistry_BGC-Argo_Global_Profiles_Mediterranean.nc,43,22.046300888061523,-86.06610107421875,2024-08-01 01:54:30.000183956+00:00,-19.78523670709791,PACE_OCI_L2_AOP_PACE_OCI.20240801T192103.L2.OC_AOP.V3_1.nc_3.1,PACE_OCI_L2_AOP_PACE_OCI.20240801T192103.L2.OC_AOP.V3_1.nc_3.1,PACE_OCI.20240801T192103.L2.OC_AOP.V3_1.nc,7.220892133104622,2024-08-01 19:23:32.500000+00:00
7901009,Ocean_Biogeochemistry_BGC-Argo_Global_Profiles_Mediterranean.nc,48,27.53949928283692,-88.15469360351562,2025-08-06 00:53:30.000080240+00:00,-3.9647987303299694,PACE_OCI_L2_AOP_PACE_OCI.20250805T190833.L2.OC_AOP.V3_1.nc_3.1,PACE_OCI_L2_AOP_PACE_OCI.20250805T190833.L2.OC_AOP.V3_1.nc_3.1,PACE_OCI.20250805T190833.L2.OC_AOP.V3_1.nc,0.6029843263578784,2025-08-05 19:11:02.500000+00:00
7901009,Ocean_Biogeochemistry_BGC-Argo_Global_Profiles_GulfofMexico.nc,2,22.230100631713867,-85.6676025390625,2024-04-20 16:40:40.001779050+00:00,72.18302534907957,PACE_OCI_L2_AOP_PACE_OCI.20240419T180521.L2.OC_AOP.V3_1.nc_3.1,PACE_OCI_L2_AOP_PACE_OCI.20240419T180521.L2.OC_AOP.V3_1.nc_3.1,PACE_OCI.20240419T180521.L2.OC_AOP.V3_1.nc,0.19137133423647354,2024-04-19 18:07:50.500000+00:00
7901009,Ocean_Biogeochemistry_BGC-Argo_Global_Profiles_GulfofMexico.nc,6,25.52090072631836,-87.17239379882812,2025-02-01 18:36:50.001983868+00:00,46.79980911270409,PACE_OCI_L2_AOP_PACE_OCI.20250201T183345.L2.OC_AOP.V3_1.nc_3.1,PACE_OCI_L2_AOP_PACE_OCI.20250201T183345.L2.OC_AOP.V3_1.nc_3.1,PACE_OCI.20250201T183345.L2.OC_AOP.V3_1.nc,15.93416057884467,2025-02-01 18:36:14.500000+00:00
7901009,Ocean_Biogeochemistry_BGC-Argo_Global_Profiles_GulfofMexico.nc,8,26.22509956359864,-86.5679931640625,2025-04-04 15:08:40.001625272+00:00,46.74908174490258,"PACE_OCI_L2_AOP_PACE_OCI.20250403T182313.L2.OC_AOP.V3_1.nc_3.1,PACE_OCI_L2_AOP_PACE_OCI.20250404T185838.L2.OC_AOP.V3_1.nc_3.1",PACE_OCI_L2_AOP_PACE_OCI.20250404T185838.L2.OC_AOP.V3_1.nc_3.1,PACE_OCI.20250404T185838.L2.OC_AOP.V3_1.nc,3.2122221742059582,2025-04-04 19:01:08+00:00
7901009,Ocean_Biogeochemistry_BGC-Argo_Global_Profiles_GulfofMexico.nc,11,22.086200714111328,-85.92718505859375,2024-05-31 17:14:30.001842454+00:00,83.75292238747863,PACE_OCI_L2_AOP_PACE_OCI.20240531T175554.L2.OC_AOP.V3_1.nc_3.1,PACE_OCI_L2_AOP_PACE_OCI.20240531T175554.L2.OC_AOP.V3_1.nc_3.1,PACE_OCI.20240531T175554.L2.OC_AOP.V3_1.nc,1.9372447302505322,2024-05-31 17:58:23.500000+00:00
7901009,Ocean_Biogeochemistry_BGC-Argo_Global_Profiles_GulfofMexico.nc,16,22.2539005279541,-85.90609741210938,2024-08-21 13:36:30.001445264+00:00,29.733642849811663,PACE_OCI_L2_AOP_PACE_OCI.20240820T184828.L2.OC_AOP.V3_1.nc_3.1,PACE_OCI_L2_AOP_PACE_OCI.20240820T184828.L2.OC_AOP.V3_1.nc_3.1,PACE_OCI.20240820T184828.L2.OC_AOP.V3_1.nc,0.9457368542975642,2024-08-20 18:50:57.500000+00:00
7901009,Ocean_Biogeochemistry_BGC-Argo_Global_Profiles_GulfofMexico.nc,20,25.17690086364746,-86.91448974609375,2025-01-22 12:02:20.001292528+00:00,-7.522701164568953,PACE_OCI_L2_AOP_PACE_OCI.20250122T192001.L2.OC_AOP.V3_1.nc_3.1,PACE_OCI_L2_AOP_PACE_OCI.20250122T192001.L2.OC_AOP.V3_1.nc_3.1,PACE_OCI.20250122T192001.L2.OC_AOP.V3_1.nc,184.32513909032275,2025-01-22 19:22:30.500000+00:00
7901009,Ocean_Biogeochemistry_BGC-Argo_Global_Profiles_GulfofMexico.nc,21,25.83329963684082,-87.2587890625,2025-02-12 01:36:30.000157804+00:00,-26.69684978080313,PACE_OCI_L2_AOP_PACE_OCI.20250212T182315.L2.OC_AOP.V3_1.nc_3.1,PACE_OCI_L2_AOP_PACE_OCI.20250212T182315.L2.OC_AOP.V3_1.nc_3.1,PACE_OCI.20250212T182315.L2.OC_AOP.V3_1.nc,0.106146110902507,2025-02-12 18:25:44.500000+00:00
7901009,Ocean_Biogeochemistry_BGC-Argo_Global_Profiles_GulfofMexico.nc,23,25.73110008239746,-86.385009765625,2025-03-04 15:22:59.999998208+00:00,40.85627546257993,PACE_OCI_L2_AOP_PACE_OCI.20250303T181013.L2.OC_AOP.V3_1.nc_3.1,PACE_OCI_L2_AOP_PACE_OCI.20250303T181013.L2.OC_AOP.V3_1.nc_3.1,PACE_OCI.20250303T181013.L2.OC_AOP.V3_1.nc,0.5398918494530031,2025-03-03 18:12:42.500000+00:00
7901009,Ocean_Biogeochemistry_BGC-Argo_Global_Profiles_GulfofMexico.nc,27,27.31489944458008,-88.13180541992188,2025-07-26 18:03:50.001930896+00:00,81.86616905505366,PACE_OCI_L2_AOP_PACE_OCI.20250725T191532.L2.OC_AOP.V3_1.nc_3.1,PACE_OCI_L2_AOP_PACE_OCI.20250725T191532.L2.OC_AOP.V3_1.nc_3.1,PACE_OCI.20250725T191532.L2.OC_AOP.V3_1.nc,71.2662231871814,2025-07-25 19:18:01.500000+00:00
7901009,Ocean_Biogeochemistry_BGC-Argo_Global_Profiles_GulfofMexico.nc,28,24.15169906616211,-86.18740844726562,2024-11-21 15:22:30.001639500+00:00,35.86277849858538,PACE_OCI_L2_AOP_PACE_OCI.20241120T190538.L2.OC_AOP.V3_1.nc_3.1,PACE_OCI_L2_AOP_PACE_OCI.20241120T190538.L2.OC_AOP.V3_1.nc_3.1,PACE_OCI.20241120T190538.L2.OC_AOP.V3_1.nc,182.91547631138434,2024-11-20 19:08:07.500000+00:00
7901009,Ocean_Biogeochemistry_BGC-Argo_Global_Profiles_GulfofMexico.nc,29,23.09830093383789,-86.0474853515625,2024-10-11 17:28:10.001860632+00:00,59.50512792825499,"PACE_OCI_L2_AOP_PACE_OCI.20241010T183444.L2.OC_AOP.V3_1.nc_3.1,PACE_OCI_L2_AOP_PACE_OCI.20241011T190856.L2.OC_AOP.V3_1.nc_3.1",PACE_OCI_L2_AOP_PACE_OCI.20241010T183444.L2.OC_AOP.V3_1.nc_3.1,PACE_OCI.20241010T183444.L2.OC_AOP.V3_1.nc,3.6325317234782024,2024-10-10 18:37:13.500000+00:00
7901009,Ocean_Biogeochemistry_BGC-Argo_Global_Profiles_GulfofMexico.nc,31,25.482799530029297,-85.96029663085938,2024-12-02 00:01:10.000002532+00:00,-15.252245054397784,PACE_OCI_L2_AOP_PACE_OCI.20241201T184851.L2.OC_AOP.V3_1.nc_3.1,PACE_OCI_L2_AOP_PACE_OCI.20241201T184851.L2.OC_AOP.V3_1.nc_3.1,PACE_OCI.20241201T184851.L2.OC_AOP.V3_1.nc,1.922771265179043,2024-12-01 18:51:20.500000+00:00
7901009,Ocean_Biogeochemistry_BGC-Argo_Global_Profiles_GulfofMexico.nc,33,25.019399642944336,-85.79940795898438,2025-03-15 02:04:10.000216440+00:00,-30.589901179368606,PACE_OCI_L2_AOP_PACE_OCI.20250314T180730.L2.OC_AOP.V3_1.nc_3.1,PACE_OCI_L2_AOP_PACE_OCI.20250314T180730.L2.OC_AOP.V3_1.nc_3.1,PACE_OCI.20250314T180730.L2.OC_AOP.V3_1.nc,2.6887163468762343,2025-03-14 18:09:59.500000+00:00
7901009,Ocean_Biogeochemistry_BGC-Argo_Global_Profiles_GulfofMexico.nc,34,26.589000701904297,-85.77740478515625,2025-04-14 22:03:30.002367944+00:00,26.589029063471266,"PACE_OCI_L2_AOP_PACE_OCI.20250414T181913.L2.OC_AOP.V3_1.nc_3.1,PACE_OCI_L2_AOP_PACE_OCI.20250415T185436.L2.OC_AOP.V3_1.nc_3.1",PACE_OCI_L2_AOP_PACE_OCI.20250415T185436.L2.OC_AOP.V3_1.nc_3.1,PACE_OCI.20250415T185436.L2.OC_AOP.V3_1.nc,1.1039366426015238,2025-04-15 18:57:05.500000+00:00
7901009,Ocean_Biogeochemistry_BGC-Argo_Global_Profiles_GulfofMexico.nc,39,26.60300064086914,-88.66830444335938,2025-08-16 07:52:59.999998208+00:00,-41.16110390380346,PACE_OCI_L2_AOP_PACE_OCI.20250815T182611.L2.OC_AOP.V3_1.nc_3.1,PACE_OCI_L2_AOP_PACE_OCI.20250815T182611.L2.OC_AOP.V3_1.nc_3.1,PACE_OCI.20250815T182611.L2.OC_AOP.V3_1.nc,3.443043723645833,2025-08-15 18:28:40.500000+00:00
7901009,Ocean_Biogeochemistry_BGC-Argo_Global_Profiles_GulfofMexico.nc,42,22.153499603271484,-86.05450439453125,2024-08-11 07:12:30.000766664+00:00,-47.55203348748353,PACE_OCI_L2_AOP_PACE_OCI.20240810T175843.L2.OC_AOP.V3_1.nc_3.1,PACE_OCI_L2_AOP_PACE_OCI.20240810T175843.L2.OC_AOP.V3_1.nc_3.1,PACE_OCI.20240810T175843.L2.OC_AOP.V3_1.nc,15.543330761375776,2024-08-10 18:01:12.500000+00:00
7901009,Ocean_Biogeochemistry_BGC-Argo_Global_Profiles_GulfofMexico.nc,43,22.046300888061523,-86.06610107421875,2024-08-01 01:54:30.000183956+00:00,-19.78523670709791,PACE_OCI_L2_AOP_PACE_OCI.20240801T192103.L2.OC_AOP.V3_1.nc_3.1,PACE_OCI_L2_AOP_PACE_OCI.20240801T192103.L2.OC_AOP.V3_1.nc_3.1,PACE_OCI.20240801T192103.L2.OC_AOP.V3_1.nc,7.220892133104622,2024-08-01 19:23:32.500000+00:00
7901009,Ocean_Biogeochemistry_BGC-Argo_Global_Profiles_GulfofMexico.nc,48,27.53949928283692,-88.15469360351562,2025-08-06 00:53:30.000080240+00:00,-3.9647987303299694,PACE_OCI_L2_AOP_PACE_OCI.20250805T190833.L2.OC_AOP.V3_1.nc_3.1,PACE_OCI_L2_AOP_PACE_OCI.20250805T190833.L2.OC_AOP.V3_1.nc_3.1,PACE_OCI.20250805T190833.L2.OC_AOP.V3_1.nc,0.6029843263578784,2025-08-05 19:11:02.500000+00:00
