AOP_file,L1B_file,lat,lon,time
PACE_OCI.20240708T202028.L2.OC_AOP.V3_0.nc,PACE_OCI.20240708T202028.L1B.V3.nc,56.348,-147.356,2024-07-09 04:35:00.000002048+00:00
PACE_OCI.20240510T203409.L2.OC_AOP.V3_0.nc,PACE_OCI.20240510T203409.L1B.V3.nc,45.006,-133.357,2024-05-09 22:07:00.000001536+00:00
PACE_OCI.20240510T203409.L2.OC_AOP.V3_0.nc,PACE_OCI.20240510T203409.L1B.V3.nc,45.02,-133.356,2024-05-10 09:02:59.999999488+00:00
PACE_OCI.20240510T203409.L2.OC_AOP.V3_0.nc,PACE_OCI.20240510T203409.L1B.V3.nc,45.02,-133.354,2024-05-10 19:52:59.999998464+00:00
PACE_OCI.20240510T203409.L2.OC_AOP.V3_0.nc,PACE_OCI.20240510T203409.L1B.V3.nc,45.038,-133.348,2024-05-11 08:18:59.999995904+00:00
PACE_OCI.20240802T200036.L2.OC_AOP.V3_0.nc,PACE_OCI.20240802T200036.L1B.V3.nc,45.367,-132.841,2024-08-02 19:35:00.000002048+00:00
PACE_OCI.20240822T200221.L2.OC_AOP.V3_0.nc,PACE_OCI.20240822T200221.L1B.V3.nc,45.161,-132.562,2024-08-23 03:24:00.000004608+00:00
PACE_OCI.20241013T202218.L2.OC_AOP.V3_0.nc,PACE_OCI.20241013T202218.L1B.V3.nc,44.734,-131.99,2024-10-12 21:48:59.999995904+00:00
PACE_OCI.20241022T203443.L2.OC_AOP.V3_0.nc,PACE_OCI.20241022T203443.L1B.V3.nc,44.703,-131.969,2024-10-23 02:34:00.000002560+00:00
PACE_OCI.20240814T021023.L2.OC_AOP.V3_0.nc,PACE_OCI.20240814T021023.L1B.V3.nc,5.055,160.529,2024-08-13 13:32:00.000003072+00:00
PACE_OCI.20241214T013518.L2.OC_AOP.V3_0.nc,PACE_OCI.20241214T013518.L1B.V3.nc,5.898,165.981,2024-12-14 04:27:59.999996928+00:00
PACE_OCI.20250213T023006.L2.OC_AOP.V3_0.nc,PACE_OCI.20250213T023006.L1B.V3.nc,5.828,167.535,2025-02-12 21:38:00.000005120+00:00
PACE_OCI.20240510T203409.L2.OC_AOP.V3_0.nc,PACE_OCI.20240510T203409.L1B.V3.nc,51.955,-142.958,2024-05-11 02:31:59.999999488+00:00
PACE_OCI.20240510T203409.L2.OC_AOP.V3_0.nc,PACE_OCI.20240510T203409.L1B.V3.nc,51.953,-142.962,2024-05-11 03:33:00.000002560+00:00
PACE_OCI.20240510T203409.L2.OC_AOP.V3_0.nc,PACE_OCI.20240510T203409.L1B.V3.nc,51.953,-142.968,2024-05-11 04:33:59.999995904+00:00
PACE_OCI.20240510T203409.L2.OC_AOP.V3_0.nc,PACE_OCI.20240510T203409.L1B.V3.nc,51.953,-142.973,2024-05-11 05:32:59.999995904+00:00
PACE_OCI.20240510T203409.L2.OC_AOP.V3_0.nc,PACE_OCI.20240510T203409.L1B.V3.nc,51.956,-142.975,2024-05-11 06:31:00+00:00
PACE_OCI.20240510T203409.L2.OC_AOP.V3_0.nc,PACE_OCI.20240510T203409.L1B.V3.nc,51.96,-142.974,2024-05-11 07:29:00.000003584+00:00
PACE_OCI.20240510T203409.L2.OC_AOP.V3_0.nc,PACE_OCI.20240510T203409.L1B.V3.nc,51.963,-142.971,2024-05-11 08:28:00.000003584+00:00
PACE_OCI.20240510T203409.L2.OC_AOP.V3_0.nc,PACE_OCI.20240510T203409.L1B.V3.nc,51.962,-142.973,2024-05-11 12:16:00.000003072+00:00
PACE_OCI.20240510T203409.L2.OC_AOP.V3_0.nc,PACE_OCI.20240510T203409.L1B.V3.nc,51.957,-142.978,2024-05-11 16:07:00.000001536+00:00
PACE_OCI.20250429T072423.L2.OC_AOP.V3_0.nc,PACE_OCI.20250429T072423.L1B.V3.nc,0.35,93.043,2025-04-30 06:38:00.000005120+00:00
PACE_OCI.20240407T160005.L2.OC_AOP.V3_0.nc,PACE_OCI.20240407T160005.L1B.V3.nc,17.269,-44.988,2024-04-06 17:23:00.000001536+00:00
PACE_OCI.20240507T152746.L2.OC_AOP.V3_0.nc,PACE_OCI.20240507T152746.L1B.V3.nc,18.394,-44.495000000000005,2024-05-06 16:38:59.999997952+00:00
PACE_OCI.20240803T153515.L2.OC_AOP.V3_0.nc,PACE_OCI.20240803T153515.L1B.V3.nc,18.572,-42.78699999999998,2024-08-04 15:22:00.000001536+00:00
PACE_OCI.20240813T144717.L2.OC_AOP.V3_0.nc,PACE_OCI.20240813T144717.L1B.V3.nc,18.677,-42.743,2024-08-14 14:09:00.000001536+00:00
PACE_OCI.20240824T161119.L2.OC_AOP.V3_0.nc,PACE_OCI.20240824T161119.L1B.V3.nc,18.753,-42.779,2024-08-24 14:04:59.999995392+00:00
PACE_OCI.20240902T162613.L2.OC_AOP.V3_0.nc,PACE_OCI.20240902T162613.L1B.V3.nc,18.806,-42.685,2024-09-03 13:38:59.999997952+00:00
PACE_OCI.20240922T144628.L2.OC_AOP.V3_0.nc,PACE_OCI.20240922T144628.L1B.V3.nc,18.774,-41.93799999999999,2024-09-23 13:41:00.000001024+00:00
PACE_OCI.20241013T152228.L2.OC_AOP.V3_0.nc,PACE_OCI.20241013T152228.L1B.V3.nc,18.611,-41.692999999999984,2024-10-13 15:00:00+00:00
PACE_OCI.20250211T160918.L2.OC_AOP.V3_0.nc,PACE_OCI.20250211T160918.L1B.V3.nc,18.11,-42.64499999999998,2025-02-11 07:55:59.999997440+00:00
PACE_OCI.20250302T155622.L2.OC_AOP.V3_0.nc,PACE_OCI.20250302T155622.L1B.V3.nc,17.827,-42.579999999999984,2025-03-03 13:26:00.000004096+00:00
PACE_OCI.20250322T161300.L2.OC_AOP.V3_0.nc,PACE_OCI.20250322T161300.L1B.V3.nc,18.235,-42.77600000000001,2025-03-23 16:01:59.999999488+00:00
PACE_OCI.20250402T160925.L2.OC_AOP.V3_0.nc,PACE_OCI.20250402T160925.L1B.V3.nc,18.466,-43.15899999999999,2025-04-02 18:31:59.999996416+00:00
PACE_OCI.20250413T160528.L2.OC_AOP.V3_0.nc,PACE_OCI.20250413T160528.L1B.V3.nc,18.66,-43.49400000000003,2025-04-12 20:21:59.999994880+00:00
PACE_OCI.20240406T152502.L2.OC_AOP.V3_0.nc,PACE_OCI.20240406T152502.L1B.V3.nc,16.511,-33.52999999999997,2024-04-06 02:15:59.999996416+00:00
PACE_OCI.20240813T144717.L2.OC_AOP.V3_0.nc,PACE_OCI.20240813T144717.L1B.V3.nc,17.077,-34.41699999999997,2024-08-14 01:38:59.999997952+00:00
PACE_OCI.20240922T144628.L2.OC_AOP.V3_0.nc,PACE_OCI.20240922T144628.L1B.V3.nc,17.564,-34.41500000000002,2024-09-23 02:25:00.000004608+00:00
PACE_OCI.20240813T144717.L2.OC_AOP.V3_0.nc,PACE_OCI.20240813T144717.L1B.V3.nc,19.015,-30.154,2024-08-12 22:41:00.000001024+00:00
PACE_OCI.20240922T144628.L2.OC_AOP.V3_0.nc,PACE_OCI.20240922T144628.L1B.V3.nc,19.109,-31.20299999999997,2024-09-21 22:47:59.999995904+00:00
PACE_OCI.20250130T140244.L2.OC_AOP.V3_0.nc,PACE_OCI.20250130T140244.L1B.V3.nc,20.086,-32.50400000000002,2025-01-30 11:11:00.000004096+00:00
PACE_OCI.20250219T142024.L2.OC_AOP.V3_0.nc,PACE_OCI.20250219T142024.L1B.V3.nc,19.997,-32.218999999999994,2025-02-19 13:55:59.999997440+00:00
PACE_OCI.20250301T152050.L2.OC_AOP.V3_0.nc,PACE_OCI.20250301T152050.L1B.V3.nc,19.829,-32.09699999999998,2025-03-01 14:14:00.000003584+00:00
PACE_OCI.20250311T144235.L2.OC_AOP.V3_0.nc,PACE_OCI.20250311T144235.L1B.V3.nc,19.563,-31.92500000000001,2025-03-11 16:27:00.000000512+00:00
PACE_OCI.20240407T160005.L2.OC_AOP.V3_0.nc,PACE_OCI.20240407T160005.L1B.V3.nc,20.736,-41.61099999999999,2024-04-07 19:13:00.000000512+00:00
PACE_OCI.20240507T152746.L2.OC_AOP.V3_0.nc,PACE_OCI.20240507T152746.L1B.V3.nc,20.254,-41.01799999999997,2024-05-07 23:45:00.000003584+00:00
PACE_OCI.20240716T150240.L2.OC_AOP.V3_0.nc,PACE_OCI.20240716T150240.L1B.V3.nc,20.106,-42.43099999999998,2024-07-17 12:06:59.999994880+00:00
PACE_OCI.20240726T155344.L2.OC_AOP.V3_0.nc,PACE_OCI.20240726T155344.L1B.V3.nc,20.079,-42.58100000000002,2024-07-27 14:23:00.000001536+00:00
PACE_OCI.20240807T161507.L2.OC_AOP.V3_0.nc,PACE_OCI.20240807T161507.L1B.V3.nc,20.052,-42.759000000000015,2024-08-06 16:18:00.000002560+00:00
PACE_OCI.20240817T152659.L2.OC_AOP.V3_0.nc,PACE_OCI.20240817T152659.L1B.V3.nc,19.908,-42.93099999999998,2024-08-16 17:28:00.000003584+00:00
PACE_OCI.20240827T161621.L2.OC_AOP.V3_0.nc,PACE_OCI.20240827T161621.L1B.V3.nc,19.62,-43.048,2024-08-26 19:41:00.000001024+00:00
PACE_OCI.20240906T152711.L2.OC_AOP.V3_0.nc,PACE_OCI.20240906T152711.L1B.V3.nc,19.385,-43.041,2024-09-05 21:14:59.999996416+00:00
PACE_OCI.20240916T161535.L2.OC_AOP.V3_0.nc,PACE_OCI.20240916T161535.L1B.V3.nc,19.27,-42.77999999999997,2024-09-15 23:26:59.999997440+00:00
PACE_OCI.20241015T145224.L2.OC_AOP.V3_0.nc,PACE_OCI.20241015T145224.L1B.V3.nc,19.188,-41.66699999999997,2024-10-16 03:16:59.999999488+00:00
PACE_OCI.20250213T154204.L2.OC_AOP.V3_0.nc,PACE_OCI.20250213T154204.L1B.V3.nc,19.344,-41.05500000000001,2025-02-14 03:31:59.999996416+00:00
PACE_OCI.20240403T165633.L2.OC_AOP.V3_0.nc,PACE_OCI.20240403T165633.L1B.V3.nc,24.994,-55.40499999999997,2024-04-03 08:48:00.000002560+00:00
PACE_OCI.20240422T163338.L2.OC_AOP.V3_0.nc,PACE_OCI.20240422T163338.L1B.V3.nc,25.584,-56.418000000000006,2024-04-23 07:57:00.000004096+00:00
PACE_OCI.20240513T171853.L2.OC_AOP.V3_0.nc,PACE_OCI.20240513T171853.L1B.V3.nc,26.777,-57.11599999999999,2024-05-13 06:45:59.999996416+00:00
PACE_OCI.20240712T160047.L2.OC_AOP.V3_0.nc,PACE_OCI.20240712T160047.L1B.V3.nc,25.544,-58.12099999999998,2024-07-12 04:35:59.999998464+00:00
PACE_OCI.20240801T160427.L2.OC_AOP.V3_0.nc,PACE_OCI.20240801T160427.L1B.V3.nc,25.143,-58.93599999999998,2024-08-01 05:17:00.000003072+00:00
PACE_OCI.20240811T165456.L2.OC_AOP.V3_0.nc,PACE_OCI.20240811T165456.L1B.V3.nc,24.86,-59.285000000000025,2024-08-11 06:30:00.000003584+00:00
PACE_OCI.20240821T160619.L2.OC_AOP.V3_0.nc,PACE_OCI.20240821T160619.L1B.V3.nc,24.662,-59.519000000000005,2024-08-21 07:04:59.999998976+00:00
PACE_OCI.20240831T165541.L2.OC_AOP.V3_0.nc,PACE_OCI.20240831T165541.L1B.V3.nc,24.691,-59.668000000000006,2024-08-31 06:14:59.999996416+00:00
PACE_OCI.20240920T165429.L2.OC_AOP.V3_0.nc,PACE_OCI.20240920T165429.L1B.V3.nc,25.238,-59.95600000000002,2024-09-20 06:17:59.999995904+00:00
PACE_OCI.20241108T170955.L2.OC_AOP.V3_0.nc,PACE_OCI.20241108T170955.L1B.V3.nc,26.394,-60.83600000000001,2024-11-09 05:51:00.000002048+00:00
PACE_OCI.20250207T170349.L2.OC_AOP.V3_0.nc,PACE_OCI.20250207T170349.L1B.V3.nc,25.623,-60.910000000000025,2025-02-07 19:16:00+00:00
PACE_OCI.20250217T162600.L2.OC_AOP.V3_0.nc,PACE_OCI.20250217T162600.L1B.V3.nc,25.582,-60.61099999999999,2025-02-17 20:08:00.000005120+00:00
PACE_OCI.20250227T172628.L2.OC_AOP.V3_0.nc,PACE_OCI.20250227T172628.L1B.V3.nc,25.468,-60.10700000000003,2025-02-27 22:43:00.000003584+00:00
PACE_OCI.20250330T160134.L2.OC_AOP.V3_0.nc,PACE_OCI.20250330T160134.L1B.V3.nc,25.569,-58.250999999999976,2025-03-30 03:41:00.000004096+00:00
PACE_OCI.20250418T172400.L2.OC_AOP.V3_0.nc,PACE_OCI.20250418T172400.L1B.V3.nc,26.034,-58.137,2025-04-19 08:29:00+00:00
PACE_OCI.20240605T073318.L2.OC_AOP.V3_0.nc,PACE_OCI.20240605T073318.L1B.V3.nc,-2.189,72.368,2024-06-05 19:49:59.999998976+00:00
PACE_OCI.20250221T085303.L2.OC_AOP.V3_0.nc,PACE_OCI.20250221T085303.L1B.V3.nc,-3.52,74.473,2025-02-22 02:20:00.000002048+00:00
PACE_OCI.20250313T073647.L2.OC_AOP.V3_0.nc,PACE_OCI.20250313T073647.L1B.V3.nc,-3.521,73.842,2025-03-14 06:19:00.000002560+00:00
PACE_OCI.20250424T074423.L2.OC_AOP.V3_0.nc,PACE_OCI.20250424T074423.L1B.V3.nc,-3.207,74.71,2025-04-23 15:08:59.999997952+00:00
PACE_OCI.20240925T095112.L2.OC_AOP.V3_0.nc,PACE_OCI.20240925T095112.L1B.V3.nc,2.749,57.133,2024-09-25 12:58:00.000003584+00:00
PACE_OCI.20241025T090056.L2.OC_AOP.V3_0.nc,PACE_OCI.20241025T090056.L1B.V3.nc,2.03,57.172,2024-10-25 12:50:59.999998464+00:00
PACE_OCI.20241105T084359.L2.OC_AOP.V3_0.nc,PACE_OCI.20241105T084359.L1B.V3.nc,2.735,57.293,2024-11-04 11:53:00.000005120+00:00
PACE_OCI.20241115T093129.L2.OC_AOP.V3_0.nc,PACE_OCI.20241115T093129.L1B.V3.nc,3.975,57.994,2024-11-14 14:18:59.999995904+00:00
PACE_OCI.20241124T094432.L2.OC_AOP.V3_0.nc,PACE_OCI.20241124T094432.L1B.V3.nc,2.54,57.857,2024-11-24 16:23:00.000005120+00:00
PACE_OCI.20241214T094653.L2.OC_AOP.V3_0.nc,PACE_OCI.20241214T094653.L1B.V3.nc,1.973,55.761,2024-12-14 20:54:59.999997952+00:00
PACE_OCI.20241224T090112.L2.OC_AOP.V3_0.nc,PACE_OCI.20241224T090112.L1B.V3.nc,2.18,55.086,2024-12-24 23:09:00.000001536+00:00
PACE_OCI.20241102T083935.L2.OC_AOP.V3_0.nc,PACE_OCI.20241102T083935.L1B.V3.nc,2.493,70.456,2024-11-03 06:39:59.999997952+00:00
PACE_OCI.20250315T084748.L2.OC_AOP.V3_0.nc,PACE_OCI.20250315T084748.L1B.V3.nc,2.212,74.423,2025-03-14 11:34:59.999998976+00:00
PACE_OCI.20250424T074423.L2.OC_AOP.V3_0.nc,PACE_OCI.20250424T074423.L1B.V3.nc,2.979,73.668,2025-04-23 19:32:59.999999488+00:00
PACE_OCI.20240412T085514.L2.OC_AOP.V3_0.nc,PACE_OCI.20240412T085514.L1B.V3.nc,-26.363,56.827,2024-04-12 08:25:00.000004608+00:00
PACE_OCI.20240511T092046.L2.OC_AOP.V3_0.nc,PACE_OCI.20240511T092046.L1B.V3.nc,-25.837,55.624,2024-05-12 08:04:59.999995392+00:00
PACE_OCI.20240601T100406.L2.OC_AOP.V3_0.nc,PACE_OCI.20240601T100406.L1B.V3.nc,-25.566,54.261,2024-06-01 08:12:59.999996928+00:00
PACE_OCI.20240621T101056.L2.OC_AOP.V3_0.nc,PACE_OCI.20240621T101056.L1B.V3.nc,-25.305,52.855,2024-06-21 08:26:00.000001024+00:00
PACE_OCI.20240710T094135.L2.OC_AOP.V3_0.nc,PACE_OCI.20240710T094135.L1B.V3.nc,-25.465,51.778,2024-07-11 07:43:00.000003584+00:00
PACE_OCI.20240721T092911.L2.OC_AOP.V3_0.nc,PACE_OCI.20240721T092911.L1B.V3.nc,-25.887,51.498,2024-07-21 06:56:59.999997440+00:00
PACE_OCI.20240730T094526.L2.OC_AOP.V3_0.nc,PACE_OCI.20240730T094526.L1B.V3.nc,-26.139,51.339,2024-07-31 07:16:59.999996416+00:00
PACE_OCI.20240809T103559.L2.OC_AOP.V3_0.nc,PACE_OCI.20240809T103559.L1B.V3.nc,-26.265,51.17,2024-08-10 06:19:00.000002560+00:00
PACE_OCI.20240820T102200.L2.OC_AOP.V3_0.nc,PACE_OCI.20240820T102200.L1B.V3.nc,-26.185,51.17,2024-08-20 07:15:00.000003584+00:00
PACE_OCI.20240908T095247.L2.OC_AOP.V3_0.nc,PACE_OCI.20240908T095247.L1B.V3.nc,-25.865,51.901,2024-09-09 07:41:59.999997440+00:00
PACE_OCI.20241019T102555.L2.OC_AOP.V3_0.nc,PACE_OCI.20241019T102555.L1B.V3.nc,-24.792,53.141,2024-10-19 07:12:00.000004096+00:00
PACE_OCI.20241118T093048.L2.OC_AOP.V3_0.nc,PACE_OCI.20241118T093048.L1B.V3.nc,-23.716,54.905,2024-11-18 06:22:59.999998464+00:00
PACE_OCI.20250108T092042.L2.OC_AOP.V3_0.nc,PACE_OCI.20250108T092042.L1B.V3.nc,-24.477,56.181,2025-01-07 15:14:59.999996416+00:00
PACE_OCI.20250118T083434.L2.OC_AOP.V3_0.nc,PACE_OCI.20250118T083434.L1B.V3.nc,-23.861,56.106,2025-01-17 18:05:59.999998464+00:00
PACE_OCI.20250328T094534.L2.OC_AOP.V3_0.nc,PACE_OCI.20250328T094534.L1B.V3.nc,-25.254,55.742,2025-03-29 08:25:00.000004608+00:00
PACE_OCI.20250418T090213.L2.OC_AOP.V3_0.nc,PACE_OCI.20250418T090213.L1B.V3.nc,-25.424,55.857,2025-04-18 12:16:59.999999488+00:00
PACE_OCI.20240407T074824.L2.OC_AOP.V3_0.nc,PACE_OCI.20240407T074824.L1B.V3.nc,5.941,66.221,2024-04-08 01:27:00.000000512+00:00
PACE_OCI.20241025T090056.L2.OC_AOP.V3_0.nc,PACE_OCI.20241025T090056.L1B.V3.nc,6.037,67.638,2024-10-25 10:19:59.999995392+00:00
PACE_OCI.20241105T084359.L2.OC_AOP.V3_0.nc,PACE_OCI.20241105T084359.L1B.V3.nc,6.219,67.64,2024-11-04 09:53:00.000001536+00:00
PACE_OCI.20241224T090112.L2.OC_AOP.V3_0.nc,PACE_OCI.20241224T090112.L1B.V3.nc,5.979,67.541,2024-12-24 20:04:59.999995392+00:00
PACE_OCI.20250316T074457.L2.OC_AOP.V3_0.nc,PACE_OCI.20250316T074457.L1B.V3.nc,5.296,67.817,2025-03-15 13:13:59.999996928+00:00
PACE_OCI.20250325T080911.L2.OC_AOP.V3_0.nc,PACE_OCI.20250325T080911.L1B.V3.nc,5.547,67.955,2025-03-25 15:50:59.999998464+00:00
PACE_OCI.20250424T074423.L2.OC_AOP.V3_0.nc,PACE_OCI.20250424T074423.L1B.V3.nc,6.171,68.98,2025-04-24 21:20:59.999995392+00:00
PACE_OCI.20241026T080148.L2.OC_AOP.V3_0.nc,PACE_OCI.20241026T080148.L1B.V3.nc,12.927,67.837,2024-10-26 10:02:59.999995904+00:00
PACE_OCI.20250214T080547.L2.OC_AOP.V3_0.nc,PACE_OCI.20250214T080547.L1B.V3.nc,12.742,67.261,2025-02-14 07:10:59.999997440+00:00
PACE_OCI.20250316T074457.L2.OC_AOP.V3_0.nc,PACE_OCI.20250316T074457.L1B.V3.nc,12.359,67.317,2025-03-16 14:25:00.000004608+00:00
PACE_OCI.20250327T074145.L2.OC_AOP.V3_0.nc,PACE_OCI.20250327T074145.L1B.V3.nc,12.396,67.261,2025-03-26 16:18:59.999998976+00:00
PACE_OCI.20250405T080532.L2.OC_AOP.V3_0.nc,PACE_OCI.20250405T080532.L1B.V3.nc,12.414,67.248,2025-04-05 18:55:00.000004608+00:00
PACE_OCI.20250416T080128.L2.OC_AOP.V3_0.nc,PACE_OCI.20250416T080128.L1B.V3.nc,12.242,67.311,2025-04-15 20:42:00.000004096+00:00
PACE_OCI.20250426T085506.L2.OC_AOP.V3_0.nc,PACE_OCI.20250426T085506.L1B.V3.nc,12.039,67.248,2025-04-25 23:04:59.999995392+00:00
PACE_OCI.20240430T124635.L2.OC_AOP.V3_0.nc,PACE_OCI.20240430T124635.L1B.V3.nc,-29.092,1.053,2024-04-29 18:33:00.000002560+00:00
PACE_OCI.20240519T122133.L2.OC_AOP.V3_0.nc,PACE_OCI.20240519T122133.L1B.V3.nc,-29.715,0.158,2024-05-19 17:59:00.000003584+00:00
PACE_OCI.20240718T124017.L2.OC_AOP.V3_0.nc,PACE_OCI.20240718T124017.L1B.V3.nc,-30.794,-0.6890000000000214,2024-07-18 09:19:59.999998976+00:00
PACE_OCI.20241115T124302.L2.OC_AOP.V3_0.nc,PACE_OCI.20241115T124302.L1B.V3.nc,-31.218,-2.4110000000000014,2024-11-15 06:19:59.999998976+00:00
PACE_OCI.20250125T141554.L2.OC_AOP.V3_0.nc,PACE_OCI.20250125T141554.L1B.V3.nc,-32.133,-4.845000000000027,2025-01-24 18:33:59.999998976+00:00
PACE_OCI.20241227T122346.L2.OC_AOP.V3_0.nc,PACE_OCI.20241227T122346.L1B.V3.nc,-1.274,-2.901999999999987,2024-12-28 04:58:59.999996928+00:00
PACE_OCI.20250319T124810.L2.OC_AOP.V3_0.nc,PACE_OCI.20250319T124810.L1B.V3.nc,-0.263,-1.4159999999999968,2025-03-18 22:44:00+00:00
PACE_OCI.20240511T123725.L2.OC_AOP.V3_0.nc,PACE_OCI.20240511T123725.L1B.V3.nc,-31.342,-0.4150000000000204,2024-05-12 05:53:00.000005120+00:00
PACE_OCI.20240522T122750.L2.OC_AOP.V3_0.nc,PACE_OCI.20240522T122750.L1B.V3.nc,-31.288,-0.6669999999999732,2024-05-22 05:15:59.999996416+00:00
PACE_OCI.20241208T124324.L2.OC_AOP.V3_0.nc,PACE_OCI.20241208T124324.L1B.V3.nc,-31.335,-4.7309999999999945,2024-12-08 08:28:00.000003584+00:00
PACE_OCI.20250118T132931.L2.OC_AOP.V3_0.nc,PACE_OCI.20250118T132931.L1B.V3.nc,-30.208,-6.670000000000016,2025-01-17 15:34:59.999995392+00:00
PACE_OCI.20250207T133704.L2.OC_AOP.V3_0.nc,PACE_OCI.20250207T133704.L1B.V3.nc,-29.728,-7.584000000000003,2025-02-06 18:59:59.999996416+00:00
PACE_OCI.20250309T131631.L2.OC_AOP.V3_0.nc,PACE_OCI.20250309T131631.L1B.V3.nc,-29.491,-8.586999999999989,2025-03-09 00:47:59.999999488+00:00
PACE_OCI.20250408T125830.L2.OC_AOP.V3_0.nc,PACE_OCI.20250408T125830.L1B.V3.nc,-29.392,-8.456999999999994,2025-04-08 05:37:00.000001536+00:00
PACE_OCI.20240723T121640.L2.OC_AOP.V3_0.nc,PACE_OCI.20240723T121640.L1B.V3.nc,-19.583,0.002,2024-07-23 15:02:59.999999488+00:00
PACE_OCI.20240921T122355.L2.OC_AOP.V3_0.nc,PACE_OCI.20240921T122355.L1B.V3.nc,-19.371,-0.535000000000025,2024-09-21 12:56:59.999997440+00:00
PACE_OCI.20250119T122555.L2.OC_AOP.V3_0.nc,PACE_OCI.20250119T122555.L1B.V3.nc,-19.209,-1.8940000000000048,2025-01-19 23:29:00+00:00
PACE_OCI.20250301T133227.L2.OC_AOP.V3_0.nc,PACE_OCI.20250301T133227.L1B.V3.nc,-17.228,-1.841000000000008,2025-03-01 06:28:59.999996928+00:00
PACE_OCI.20250410T123056.L2.OC_AOP.V3_0.nc,PACE_OCI.20250410T123056.L1B.V3.nc,-19.072,-2.629000000000019,2025-04-10 12:47:59.999999488+00:00
PACE_OCI.20240622T140217.L2.OC_AOP.V3_0.nc,PACE_OCI.20240622T140217.L1B.V3.nc,-16.112,-2.704999999999984,2024-06-21 15:56:00.000001024+00:00
PACE_OCI.20241009T125542.L2.OC_AOP.V3_0.nc,PACE_OCI.20241009T125542.L1B.V3.nc,-15.91,-2.062999999999988,2024-10-09 13:49:00.000002560+00:00
PACE_OCI.20250207T133704.L2.OC_AOP.V3_0.nc,PACE_OCI.20250207T133704.L1B.V3.nc,-15.422,-1.7819999999999825,2025-02-07 00:31:00+00:00
PACE_OCI.20250227T135944.L2.OC_AOP.V3_0.nc,PACE_OCI.20250227T135944.L1B.V3.nc,-15.287,-1.3980000000000246,2025-02-27 03:00:00+00:00
PACE_OCI.20250408T125830.L2.OC_AOP.V3_0.nc,PACE_OCI.20250408T125830.L1B.V3.nc,-15.88,-1.002999999999986,2025-04-08 11:46:59.999996416+00:00
PACE_OCI.20240421T123202.L2.OC_AOP.V3_0.nc,PACE_OCI.20240421T123202.L1B.V3.nc,-12.117,1.536,2024-04-20 13:58:59.999996928+00:00
PACE_OCI.20240429T121639.L2.OC_AOP.V3_0.nc,PACE_OCI.20240429T121639.L1B.V3.nc,-12.412,1.653,2024-04-30 12:08:59.999997952+00:00
PACE_OCI.20250426T134510.L2.OC_AOP.V3_0.nc,PACE_OCI.20250426T134510.L1B.V3.nc,-11.625,-2.1229999999999905,2025-04-26 13:50:59.999995392+00:00
PACE_OCI.20240803T134657.L2.OC_AOP.V3_0.nc,PACE_OCI.20240803T134657.L1B.V3.nc,-3.953,-5.314999999999998,2024-08-03 15:42:00.000000512+00:00
PACE_OCI.20240605T122315.L2.OC_AOP.V3_0.nc,PACE_OCI.20240605T122315.L1B.V3.nc,-23.561,-1.0400000000000205,2024-06-06 05:34:59.999998976+00:00
PACE_OCI.20240625T122945.L2.OC_AOP.V3_0.nc,PACE_OCI.20240625T122945.L1B.V3.nc,-23.683,-1.3050000000000068,2024-06-26 03:13:00.000003584+00:00
PACE_OCI.20240715T123445.L2.OC_AOP.V3_0.nc,PACE_OCI.20240715T123445.L1B.V3.nc,-23.828,-1.440999999999974,2024-07-15 23:12:59.999996928+00:00
PACE_OCI.20250122T141004.L2.OC_AOP.V3_0.nc,PACE_OCI.20250122T141004.L1B.V3.nc,-21.431,-2.180999999999983,2025-01-21 21:58:00.000003584+00:00
PACE_OCI.20250210T134521.L2.OC_AOP.V3_0.nc,PACE_OCI.20250210T134521.L1B.V3.nc,-20.931,-2.4499999999999886,2025-02-11 01:41:00.000001024+00:00
PACE_OCI.20250221T134310.L2.OC_AOP.V3_0.nc,PACE_OCI.20250221T134310.L1B.V3.nc,-20.996,-2.019999999999982,2025-02-21 03:03:59.999995904+00:00
PACE_OCI.20250302T140800.L2.OC_AOP.V3_0.nc,PACE_OCI.20250302T140800.L1B.V3.nc,-21.117,-1.3410000000000082,2025-03-03 05:18:59.999995904+00:00
PACE_OCI.20250323T132146.L2.OC_AOP.V3_0.nc,PACE_OCI.20250323T132146.L1B.V3.nc,-20.964,0.205,2025-03-23 08:20:59.999998464+00:00
PACE_OCI.20250411T130620.L2.OC_AOP.V3_0.nc,PACE_OCI.20250411T130620.L1B.V3.nc,-21.325,1.2,2025-04-12 12:20:59.999995392+00:00
PACE_OCI.20250308T191928.L2.OC_AOP.V3_0.nc,PACE_OCI.20250308T191928.L1B.V3.nc,-5.771,-91.09300000000002,2025-03-09 07:38:00.000001536+00:00
PACE_OCI.20240531T174054.L2.OC_AOP.V3_0.nc,PACE_OCI.20240531T174054.L1B.V3.nc,-19.268,-73.40699999999998,2024-05-31 18:16:59.999999488+00:00
PACE_OCI.20240611T173009.L2.OC_AOP.V3_0.nc,PACE_OCI.20240611T173009.L1B.V3.nc,-19.081,-73.20800000000003,2024-06-11 01:24:59.999997952+00:00
PACE_OCI.20240701T173612.L2.OC_AOP.V3_0.nc,PACE_OCI.20240701T173612.L1B.V3.nc,-18.961,-72.86900000000003,2024-07-01 14:48:59.999998976+00:00
PACE_OCI.20240811T181815.L2.OC_AOP.V3_0.nc,PACE_OCI.20240811T181815.L1B.V3.nc,-19.506,-72.04000000000002,2024-08-11 16:35:59.999998464+00:00
PACE_OCI.20241112T173329.L2.OC_AOP.V3_0.nc,PACE_OCI.20241112T173329.L1B.V3.nc,-18.245,-71.714,2024-11-11 20:01:00+00:00
PACE_OCI.20241202T172941.L2.OC_AOP.V3_0.nc,PACE_OCI.20241202T172941.L1B.V3.nc,-18.38,-72.094,2024-12-02 07:15:00.000003584+00:00
PACE_OCI.20241222T173134.L2.OC_AOP.V3_0.nc,PACE_OCI.20241222T173134.L1B.V3.nc,-19.089,-72.827,2024-12-22 19:18:00.000002560+00:00
PACE_OCI.20250111T173808.L2.OC_AOP.V3_0.nc,PACE_OCI.20250111T173808.L1B.V3.nc,-19.443,-72.40100000000001,2025-01-12 08:31:00.000003072+00:00
PACE_OCI.20250202T171508.L2.OC_AOP.V3_0.nc,PACE_OCI.20250202T171508.L1B.V3.nc,-19.264,-71.697,2025-02-01 21:47:59.999999488+00:00
PACE_OCI.20250317T194900.L2.OC_AOP.V3_0.nc,PACE_OCI.20250317T194900.L1B.V3.nc,12.467,-111.892,2025-03-17 09:56:00.000001024+00:00
PACE_OCI.20250326T201312.L2.OC_AOP.V3_0.nc,PACE_OCI.20250326T201312.L1B.V3.nc,11.773,-111.519,2025-03-27 16:50:59.999995392+00:00
PACE_OCI.20250416T192958.L2.OC_AOP.V3_0.nc,PACE_OCI.20250416T192958.L1B.V3.nc,11.763,-111.891,2025-04-17 07:27:00.000000512+00:00
PACE_OCI.20250223T145418.L2.OC_AOP.V3_0.nc,PACE_OCI.20250223T145418.L1B.V3.nc,-22.123,-34.65499999999997,2025-02-22 21:41:00.000004096+00:00
PACE_OCI.20250314T144046.L2.OC_AOP.V3_0.nc,PACE_OCI.20250314T144046.L1B.V3.nc,-22.209,-34.47500000000002,2025-03-14 22:19:59.999995392+00:00
PACE_OCI.20250228T180201.L2.OC_AOP.V3_0.nc,PACE_OCI.20250228T180201.L1B.V3.nc,28.721,-74.447,2025-03-01 15:58:00.000003584+00:00
PACE_OCI.20250312T165628.L2.OC_AOP.V3_0.nc,PACE_OCI.20250312T165628.L1B.V3.nc,28.784,-74.40499999999997,2025-03-11 22:24:00.000001536+00:00
PACE_OCI.20250322T175622.L2.OC_AOP.V3_0.nc,PACE_OCI.20250322T175622.L1B.V3.nc,28.796,-74.67500000000001,2025-03-22 04:19:59.999995392+00:00
PACE_OCI.20250411T181125.L2.OC_AOP.V3_0.nc,PACE_OCI.20250411T181125.L1B.V3.nc,28.726,-75.76400000000001,2025-04-11 16:32:00.000003072+00:00
PACE_OCI.20250501T165149.L2.OC_AOP.V3_0.nc,PACE_OCI.20250501T165149.L1B.V3.nc,28.266,-75.822,2025-05-02 04:38:00.000001536+00:00
PACE_OCI.20241021T211851.L2.OC_AOP.V3_0.nc,PACE_OCI.20241021T211851.L1B.V3.nc,-35.654,-108.048,2024-10-22 00:19:00.000002560+00:00
PACE_OCI.20250321T202237.L2.OC_AOP.V3_0.nc,PACE_OCI.20250321T202237.L1B.V3.nc,-34.917,-109.831,2025-03-22 08:20:59.999998464+00:00
PACE_OCI.20250111T191627.L2.OC_AOP.V3_0.nc,PACE_OCI.20250111T191627.L1B.V3.nc,-37.658,-99.29000000000002,2025-01-12 04:24:00.000001536+00:00
PACE_OCI.20250122T190501.L2.OC_AOP.V3_0.nc,PACE_OCI.20250122T190501.L1B.V3.nc,-37.685,-99.46499999999996,2025-01-22 06:14:59.999996416+00:00
PACE_OCI.20250304T183045.L2.OC_AOP.V3_0.nc,PACE_OCI.20250304T183045.L1B.V3.nc,-39.538,-88.68299999999999,2025-03-05 03:31:59.999996416+00:00
PACE_OCI.20241214T174828.L2.OC_AOP.V3_0.nc,PACE_OCI.20241214T174828.L1B.V3.nc,-40.541,-78.88600000000002,2024-12-15 14:01:00+00:00
PACE_OCI.20241225T173732.L2.OC_AOP.V3_0.nc,PACE_OCI.20241225T173732.L1B.V3.nc,-40.541,-78.69999999999999,2024-12-25 15:47:59.999999488+00:00
PACE_OCI.20250114T174354.L2.OC_AOP.V3_0.nc,PACE_OCI.20250114T174354.L1B.V3.nc,-40.549,-78.01400000000001,2025-01-14 20:29:00+00:00
PACE_OCI.20250203T174450.L2.OC_AOP.V3_0.nc,PACE_OCI.20250203T174450.L1B.V3.nc,-40.275,-78.017,2025-02-04 02:06:00.000002048+00:00
PACE_OCI.20250223T180602.L2.OC_AOP.V3_0.nc,PACE_OCI.20250223T180602.L1B.V3.nc,-39.957,-78.54899999999998,2025-02-24 06:53:59.999997952+00:00
PACE_OCI.20250325T174422.L2.OC_AOP.V3_0.nc,PACE_OCI.20250325T174422.L1B.V3.nc,-40.015,-79.33800000000002,2025-03-26 12:05:00.000002048+00:00
PACE_OCI.20250405T174042.L2.OC_AOP.V3_0.nc,PACE_OCI.20250405T174042.L1B.V3.nc,-40.122,-79.582,2025-04-05 13:32:59.999999488+00:00
PACE_OCI.20240420T035021.L2.OC_AOP.V3_0.nc,PACE_OCI.20240420T035021.L1B.V3.nc,-0.141,148.291,2024-04-20 07:21:00.000002048+00:00
PACE_OCI.20240918T023437.L2.OC_AOP.V3_0.nc,PACE_OCI.20240918T023437.L1B.V3.nc,0.082,149.869,2024-09-17 12:56:00.000001024+00:00
PACE_OCI.20240928T032736.L2.OC_AOP.V3_0.nc,PACE_OCI.20240928T032736.L1B.V3.nc,0.419,148.914,2024-09-27 13:27:00.000000512+00:00
PACE_OCI.20241028T023154.L2.OC_AOP.V3_0.nc,PACE_OCI.20241028T023154.L1B.V3.nc,1.342,146.224,2024-10-27 14:37:59.999998464+00:00
PACE_OCI.20250327T024639.L2.OC_AOP.V3_0.nc,PACE_OCI.20250327T024639.L1B.V3.nc,0.909,141.29,2025-03-26 20:03:00.000002560+00:00
PACE_OCI.20240515T195659.L2.OC_AOP.V3_0.nc,PACE_OCI.20240515T195659.L1B.V3.nc,-9.778,-93.35000000000002,2024-05-15 02:37:59.999998464+00:00
PACE_OCI.20240604T200504.L2.OC_AOP.V3_0.nc,PACE_OCI.20240604T200504.L1B.V3.nc,-10.038,-93.54500000000002,2024-06-04 16:21:00.000002048+00:00
PACE_OCI.20240705T195953.L2.OC_AOP.V3_0.nc,PACE_OCI.20240705T195953.L1B.V3.nc,-9.63,-93.226,2024-07-05 12:42:59.999996928+00:00
PACE_OCI.20241116T195523.L2.OC_AOP.V3_0.nc,PACE_OCI.20241116T195523.L1B.V3.nc,-9.652,-94.14100000000002,2024-11-16 06:58:00.000003584+00:00
PACE_OCI.20241125T200826.L2.OC_AOP.V3_0.nc,PACE_OCI.20241125T200826.L1B.V3.nc,-9.806,-93.856,2024-11-26 14:12:59.999996928+00:00
PACE_OCI.20250126T195033.L2.OC_AOP.V3_0.nc,PACE_OCI.20250126T195033.L1B.V3.nc,-9.674,-93.01799999999996,2025-01-27 09:02:00.000003072+00:00
PACE_OCI.20250308T191928.L2.OC_AOP.V3_0.nc,PACE_OCI.20250308T191928.L1B.V3.nc,-10.461,-91.92700000000002,2025-03-09 12:41:00.000004096+00:00
PACE_OCI.20250430T192312.L2.OC_AOP.V3_0.nc,PACE_OCI.20250430T192312.L1B.V3.nc,-10.066,-91.74,2025-04-30 00:19:00.000002560+00:00
PACE_OCI.20240402T193311.L2.OC_AOP.V3_0.nc,PACE_OCI.20240402T193311.L1B.V3.nc,-2.993,-98.68099999999998,2024-04-02 18:38:00.000005120+00:00
PACE_OCI.20240422T194518.L2.OC_AOP.V3_0.nc,PACE_OCI.20240422T194518.L1B.V3.nc,-3.137,-99.05200000000002,2024-04-23 08:54:59.999997952+00:00
PACE_OCI.20240613T202258.L2.OC_AOP.V3_0.nc,PACE_OCI.20240613T202258.L1B.V3.nc,-3.058,-100.29500000000002,2024-06-13 19:10:59.999997440+00:00
PACE_OCI.20240703T202852.L2.OC_AOP.V3_0.nc,PACE_OCI.20240703T202852.L1B.V3.nc,-3.08,-101.16500000000002,2024-07-04 09:39:59.999997952+00:00
PACE_OCI.20241114T202513.L2.OC_AOP.V3_0.nc,PACE_OCI.20241114T202513.L1B.V3.nc,-2.734,-104.349,2024-11-15 01:07:59.999998464+00:00
PACE_OCI.20241125T200826.L2.OC_AOP.V3_0.nc,PACE_OCI.20241125T200826.L1B.V3.nc,-2.353,-104.369,2024-11-25 08:09:00.000001536+00:00
PACE_OCI.20250104T201321.L2.OC_AOP.V3_0.nc,PACE_OCI.20250104T201321.L1B.V3.nc,-2.401,-103.959,2025-01-05 11:23:59.999997952+00:00
PACE_OCI.20250115T200156.L2.OC_AOP.V3_0.nc,PACE_OCI.20250115T200156.L1B.V3.nc,-2.532,-104.239,2025-01-15 18:33:59.999998976+00:00
PACE_OCI.20250126T195033.L2.OC_AOP.V3_0.nc,PACE_OCI.20250126T195033.L1B.V3.nc,-2.771,-104.281,2025-01-26 01:13:59.999996928+00:00
PACE_OCI.20250427T205356.L2.OC_AOP.V3_0.nc,PACE_OCI.20250427T205356.L1B.V3.nc,-3.577,-108.831,2025-04-28 18:00:00+00:00
PACE_OCI.20240401T185808.L2.OC_AOP.V3_0.nc,PACE_OCI.20240401T185808.L1B.V3.nc,0.81,-97.64800000000002,2024-04-01 01:38:00.000001536+00:00
PACE_OCI.20240410T191830.L2.OC_AOP.V3_0.nc,PACE_OCI.20240410T191830.L1B.V3.nc,0.868,-98.29399999999998,2024-04-11 01:29:00.000003584+00:00
PACE_OCI.20240521T200935.L2.OC_AOP.V3_0.nc,PACE_OCI.20240521T200935.L1B.V3.nc,0.375,-102.41199999999998,2024-05-21 03:11:00.000001024+00:00
PACE_OCI.20240530T202745.L2.OC_AOP.V3_0.nc,PACE_OCI.20240530T202745.L1B.V3.nc,0.656,-103.303,2024-05-31 04:26:00.000004096+00:00
PACE_OCI.20240610T201702.L2.OC_AOP.V3_0.nc,PACE_OCI.20240610T201702.L1B.V3.nc,0.913,-104.103,2024-06-10 04:52:59.999998464+00:00
PACE_OCI.20240729T204400.L2.OC_AOP.V3_0.nc,PACE_OCI.20240729T204400.L1B.V3.nc,-0.443,-106.701,2024-07-30 05:29:00+00:00
PACE_OCI.20241116T195523.L2.OC_AOP.V3_0.nc,PACE_OCI.20241116T195523.L1B.V3.nc,1.336,-104.207,2024-11-17 11:26:00.000001024+00:00
PACE_OCI.20241127T194335.L2.OC_AOP.V3_0.nc,PACE_OCI.20241127T194335.L1B.V3.nc,1.875,-104.138,2024-11-27 12:05:59.999998464+00:00
PACE_OCI.20241216T190800.L2.OC_AOP.V3_0.nc,PACE_OCI.20241216T190800.L1B.V3.nc,1.945,-102.959,2024-12-17 13:35:00.000002048+00:00
PACE_OCI.20241226T200036.L2.OC_AOP.V3_0.nc,PACE_OCI.20241226T200036.L1B.V3.nc,1.536,-102.634,2024-12-27 13:49:59.999998976+00:00
PACE_OCI.20250115T200156.L2.OC_AOP.V3_0.nc,PACE_OCI.20250115T200156.L1B.V3.nc,0.663,-102.25,2025-01-16 14:56:00.000004096+00:00
PACE_OCI.20250126T195033.L2.OC_AOP.V3_0.nc,PACE_OCI.20250126T195033.L1B.V3.nc,1.266,-102.356,2025-01-26 15:47:59.999999488+00:00
PACE_OCI.20250317T194900.L2.OC_AOP.V3_0.nc,PACE_OCI.20250317T194900.L1B.V3.nc,0.872,-102.08499999999998,2025-03-17 19:46:59.999999488+00:00
PACE_OCI.20240402T193311.L2.OC_AOP.V3_0.nc,PACE_OCI.20240402T193311.L1B.V3.nc,4.121,-97.753,2024-04-02 20:03:59.999998976+00:00
PACE_OCI.20240422T194518.L2.OC_AOP.V3_0.nc,PACE_OCI.20240422T194518.L1B.V3.nc,4.41,-97.05599999999998,2024-04-22 23:31:00.000003072+00:00
PACE_OCI.20240601T195901.L2.OC_AOP.V3_0.nc,PACE_OCI.20240601T195901.L1B.V3.nc,3.505,-97.37900000000002,2024-06-02 03:33:00.000002560+00:00
PACE_OCI.20240929T201941.L2.OC_AOP.V3_0.nc,PACE_OCI.20240929T201941.L1B.V3.nc,2.024,-102.168,2024-09-30 10:24:00.000001536+00:00
PACE_OCI.20241108T201629.L2.OC_AOP.V3_0.nc,PACE_OCI.20241108T201629.L1B.V3.nc,2.841,-103.046,2024-11-09 13:52:59.999998464+00:00
PACE_OCI.20250119T190910.L2.OC_AOP.V3_0.nc,PACE_OCI.20250119T190910.L1B.V3.nc,2.582,-102.43400000000004,2025-01-18 20:34:59.999998976+00:00
PACE_OCI.20250129T195618.L2.OC_AOP.V3_0.nc,PACE_OCI.20250129T195618.L1B.V3.nc,3.087,-102.365,2025-01-28 20:54:59.999997952+00:00
PACE_OCI.20250207T201534.L2.OC_AOP.V3_0.nc,PACE_OCI.20250207T201534.L1B.V3.nc,2.843,-102.26100000000002,2025-02-07 22:24:59.999997952+00:00
PACE_OCI.20250309T195959.L2.OC_AOP.V3_0.nc,PACE_OCI.20250309T195959.L1B.V3.nc,3.147,-101.92399999999998,2025-03-10 00:28:00.000000512+00:00
PACE_OCI.20250319T192138.L2.OC_AOP.V3_0.nc,PACE_OCI.20250319T192138.L1B.V3.nc,3.345,-102.14999999999998,2025-03-20 01:40:00.000004608+00:00
PACE_OCI.20241106T073958.L2.OC_AOP.V3_0.nc,PACE_OCI.20241106T073958.L1B.V3.nc,3.074,82.007,2024-11-05 13:49:59.999998976+00:00
PACE_OCI.20241226T065404.L2.OC_AOP.V3_0.nc,PACE_OCI.20241226T065404.L1B.V3.nc,3.614,80.895,2024-12-27 04:01:00.000003072+00:00
PACE_OCI.20250319T075304.L2.OC_AOP.V3_0.nc,PACE_OCI.20250319T075304.L1B.V3.nc,3.496,83.353,2025-03-19 14:54:59.999997952+00:00
PACE_OCI.20250429T072423.L2.OC_AOP.V3_0.nc,PACE_OCI.20250429T072423.L1B.V3.nc,2.118,82.209,2025-04-29 19:52:00.000001536+00:00
PACE_OCI.20240605T073318.L2.OC_AOP.V3_0.nc,PACE_OCI.20240605T073318.L1B.V3.nc,-4.781,86.538,2024-06-04 12:28:00.000000512+00:00
PACE_OCI.20250219T074155.L2.OC_AOP.V3_0.nc,PACE_OCI.20250219T074155.L1B.V3.nc,-4.926,89.688,2025-02-20 03:13:00.000003584+00:00
PACE_OCI.20250321T072041.L2.OC_AOP.V3_0.nc,PACE_OCI.20250321T072041.L1B.V3.nc,-5.087,91.085,2025-03-22 04:26:00.000004096+00:00
PACE_OCI.20250421T073139.L2.OC_AOP.V3_0.nc,PACE_OCI.20250421T073139.L1B.V3.nc,-5.615,93.918,2025-04-21 05:32:59.999995904+00:00
PACE_OCI.20250501T065141.L2.OC_AOP.V3_0.nc,PACE_OCI.20250501T065141.L1B.V3.nc,-5.836,94.528,2025-05-01 06:50:59.999998464+00:00
PACE_OCI.20241027T083056.L2.OC_AOP.V3_0.nc,PACE_OCI.20241027T083056.L1B.V3.nc,1.248,66.457,2024-10-27 18:00:00+00:00
PACE_OCI.20241106T091815.L2.OC_AOP.V3_0.nc,PACE_OCI.20241106T091815.L1B.V3.nc,1.412,65.927,2024-11-06 18:22:59.999998464+00:00
PACE_OCI.20241126T091441.L2.OC_AOP.V3_0.nc,PACE_OCI.20241126T091441.L1B.V3.nc,1.091,65.011,2024-11-26 19:27:00.000000512+00:00
PACE_OCI.20250406T083557.L2.OC_AOP.V3_0.nc,PACE_OCI.20250406T083557.L1B.V3.nc,-1.157,74.559,2025-04-06 02:34:59.999998976+00:00
PACE_OCI.20241101T080516.L2.OC_AOP.V3_0.nc,PACE_OCI.20241101T080516.L1B.V3.nc,-8.225,86.523,2024-10-31 14:59:00.000003584+00:00
PACE_OCI.20241231T080428.L2.OC_AOP.V3_0.nc,PACE_OCI.20241231T080428.L1B.V3.nc,-8.777,86.005,2024-12-30 17:20:00.000002048+00:00
PACE_OCI.20250218T070121.L2.OC_AOP.V3_0.nc,PACE_OCI.20250218T070121.L1B.V3.nc,-9.405,89.056,2025-02-18 21:05:00.000002048+00:00
PACE_OCI.20250321T072041.L2.OC_AOP.V3_0.nc,PACE_OCI.20250321T072041.L1B.V3.nc,-10.078,90.545,2025-03-20 23:04:59.999995392+00:00
PACE_OCI.20250430T061621.L2.OC_AOP.V3_0.nc,PACE_OCI.20250430T061621.L1B.V3.nc,-9.934,91.907,2025-04-30 02:23:00.000001536+00:00
PACE_OCI.20240409T053147.L2.OC_AOP.V3_0.nc,PACE_OCI.20240409T053147.L1B.V3.nc,-17.927,101.994,2024-04-09 23:37:00.000001536+00:00
PACE_OCI.20240510T070732.L2.OC_AOP.V3_0.nc,PACE_OCI.20240510T070732.L1B.V3.nc,-18.909,100.728,2024-05-10 21:05:59.999998464+00:00
PACE_OCI.20240531T061240.L2.OC_AOP.V3_0.nc,PACE_OCI.20240531T061240.L1B.V3.nc,-19.374,100.869,2024-05-31 11:39:00.000004608+00:00
PACE_OCI.20240620T061935.L2.OC_AOP.V3_0.nc,PACE_OCI.20240620T061935.L1B.V3.nc,-18.816,100.961,2024-06-21 00:17:59.999995904+00:00
PACE_OCI.20240812T055116.L2.OC_AOP.V3_0.nc,PACE_OCI.20240812T055116.L1B.V3.nc,-18.206,98.678,2024-08-11 11:29:00+00:00
PACE_OCI.20240821T060633.L2.OC_AOP.V3_0.nc,PACE_OCI.20240821T060633.L1B.V3.nc,-18.227,98.098,2024-08-21 18:45:59.999996416+00:00
PACE_OCI.20240901T055201.L2.OC_AOP.V3_0.nc,PACE_OCI.20240901T055201.L1B.V3.nc,-18.355,97.548,2024-09-01 01:09:00.000004608+00:00
PACE_OCI.20241101T062158.L2.OC_AOP.V3_0.nc,PACE_OCI.20241101T062158.L1B.V3.nc,-18.704,96.73,2024-11-01 22:01:00.000003072+00:00
PACE_OCI.20241123T072702.L2.OC_AOP.V3_0.nc,PACE_OCI.20241123T072702.L1B.V3.nc,-18.241,96.242,2024-11-22 12:34:59.999995392+00:00
PACE_OCI.20250113T071918.L2.OC_AOP.V3_0.nc,PACE_OCI.20250113T071918.L1B.V3.nc,-18.181,95.974,2025-01-13 03:06:59.999994880+00:00
PACE_OCI.20250224T071758.L2.OC_AOP.V3_0.nc,PACE_OCI.20250224T071758.L1B.V3.nc,-18.541,97.572,2025-02-23 07:54:00.000004608+00:00
PACE_OCI.20250327T055323.L2.OC_AOP.V3_0.nc,PACE_OCI.20250327T055323.L1B.V3.nc,-19.239,97.027,2025-03-26 06:31:59.999996416+00:00
PACE_OCI.20240817T101705.L2.OC_AOP.V3_0.nc,PACE_OCI.20240817T101705.L1B.V3.nc,-41.079,34.997,2024-08-17 12:56:59.999997440+00:00
PACE_OCI.20250424T074423.L2.OC_AOP.V3_0.nc,PACE_OCI.20250424T074423.L1B.V3.nc,8.897,87.493,2025-04-23 17:31:59.999999488+00:00
PACE_OCI.20250429T072423.L2.OC_AOP.V3_0.nc,PACE_OCI.20250429T072423.L1B.V3.nc,16.614,89.456,2025-04-28 18:47:59.999999488+00:00
PACE_OCI.20241215T200132.L2.OC_AOP.V3_0.nc,PACE_OCI.20241215T200132.L1B.V3.nc,-29.9,-90.00400000000002,2024-12-15 08:00:00.000003584+00:00
PACE_OCI.20241215T200132.L2.OC_AOP.V3_0.nc,PACE_OCI.20241215T200132.L1B.V3.nc,-29.9,-90.007,2024-12-15 09:05:00.000002048+00:00
PACE_OCI.20241215T200132.L2.OC_AOP.V3_0.nc,PACE_OCI.20241215T200132.L1B.V3.nc,-29.902,-90.00999999999999,2024-12-15 10:09:00.000004608+00:00
PACE_OCI.20241215T200132.L2.OC_AOP.V3_0.nc,PACE_OCI.20241215T200132.L1B.V3.nc,-29.905,-90.01299999999998,2024-12-15 11:15:59.999996416+00:00
PACE_OCI.20241215T200132.L2.OC_AOP.V3_0.nc,PACE_OCI.20241215T200132.L1B.V3.nc,-29.909,-90.01400000000001,2024-12-15 12:25:00.000001024+00:00
PACE_OCI.20241215T200132.L2.OC_AOP.V3_0.nc,PACE_OCI.20241215T200132.L1B.V3.nc,-29.912,-90.01499999999999,2024-12-15 13:29:00.000003584+00:00
PACE_OCI.20241215T200132.L2.OC_AOP.V3_0.nc,PACE_OCI.20241215T200132.L1B.V3.nc,-29.915,-90.01499999999999,2024-12-15 14:35:59.999995392+00:00
PACE_OCI.20241215T200132.L2.OC_AOP.V3_0.nc,PACE_OCI.20241215T200132.L1B.V3.nc,-29.917,-90.01499999999999,2024-12-15 15:41:00.000004096+00:00
PACE_OCI.20241215T200132.L2.OC_AOP.V3_0.nc,PACE_OCI.20241215T200132.L1B.V3.nc,-29.919,-90.01499999999999,2024-12-15 16:44:59.999996416+00:00
PACE_OCI.20241215T200132.L2.OC_AOP.V3_0.nc,PACE_OCI.20241215T200132.L1B.V3.nc,-29.919,-90.01499999999999,2024-12-15 17:51:59.999998464+00:00
PACE_OCI.20241215T200132.L2.OC_AOP.V3_0.nc,PACE_OCI.20241215T200132.L1B.V3.nc,-29.919,-90.01600000000002,2024-12-15 18:59:00+00:00
PACE_OCI.20241215T200132.L2.OC_AOP.V3_0.nc,PACE_OCI.20241215T200132.L1B.V3.nc,-29.919,-90.01799999999997,2024-12-15 20:03:00.000002560+00:00
PACE_OCI.20241215T200132.L2.OC_AOP.V3_0.nc,PACE_OCI.20241215T200132.L1B.V3.nc,-29.919,-90.02100000000002,2024-12-15 21:13:00.000003584+00:00
PACE_OCI.20241215T200132.L2.OC_AOP.V3_0.nc,PACE_OCI.20241215T200132.L1B.V3.nc,-29.92,-90.024,2024-12-15 22:19:59.999995392+00:00
PACE_OCI.20241215T200132.L2.OC_AOP.V3_0.nc,PACE_OCI.20241215T200132.L1B.V3.nc,-29.922,-90.02699999999999,2024-12-15 23:26:59.999997440+00:00
PACE_OCI.20241215T200132.L2.OC_AOP.V3_0.nc,PACE_OCI.20241215T200132.L1B.V3.nc,-29.938,-90.03300000000002,2024-12-16 07:41:59.999997440+00:00
PACE_OCI.20241215T200132.L2.OC_AOP.V3_0.nc,PACE_OCI.20241215T200132.L1B.V3.nc,-29.937,-90.03500000000003,2024-12-16 12:16:59.999999488+00:00
PACE_OCI.20250108T191035.L2.OC_AOP.V3_0.nc,PACE_OCI.20250108T191035.L1B.V3.nc,-29.726,-90.077,2025-01-08 13:41:00.000001024+00:00
PACE_OCI.20250118T182427.L2.OC_AOP.V3_0.nc,PACE_OCI.20250118T182427.L1B.V3.nc,-29.398,-90.04899999999998,2025-01-18 18:22:59.999998464+00:00
PACE_OCI.20250128T191636.L2.OC_AOP.V3_0.nc,PACE_OCI.20250128T191636.L1B.V3.nc,-29.114,-89.99200000000002,2025-01-28 23:18:59.999995904+00:00
PACE_OCI.20250207T201034.L2.OC_AOP.V3_0.nc,PACE_OCI.20250207T201034.L1B.V3.nc,-28.917,-89.79000000000002,2025-02-08 03:53:00.000001536+00:00
PACE_OCI.20250320T194707.L2.OC_AOP.V3_0.nc,PACE_OCI.20250320T194707.L1B.V3.nc,-29.998,-89.87799999999999,2025-03-20 14:15:59.999996416+00:00
PACE_OCI.20250120T193354.L2.OC_AOP.V3_0.nc,PACE_OCI.20250120T193354.L1B.V3.nc,-30.296,-106.313,2025-01-21 13:24:00.000001536+00:00
PACE_OCI.20250131T210041.L2.OC_AOP.V3_0.nc,PACE_OCI.20250131T210041.L1B.V3.nc,-30.143,-106.422,2025-01-31 17:49:59.999995392+00:00
PACE_OCI.20250313T203343.L2.OC_AOP.V3_0.nc,PACE_OCI.20250313T203343.L1B.V3.nc,-30.425,-106.378,2025-03-13 19:30:00+00:00
PACE_OCI.20250322T205806.L2.OC_AOP.V3_0.nc,PACE_OCI.20250322T205806.L1B.V3.nc,-30.6,-106.283,2025-03-23 11:54:00.000001536+00:00
PACE_OCI.20240626T000256.L2.OC_AOP.V3_0.nc,PACE_OCI.20240626T000256.L1B.V3.nc,1.387,-168.199,2024-06-26 17:08:00.000005120+00:00
PACE_OCI.20240717T233849.L2.OC_AOP.V3_0.nc,PACE_OCI.20240717T233849.L1B.V3.nc,1.09,-170.164,2024-07-17 07:24:00.000001536+00:00
PACE_OCI.20240806T005051.L2.OC_AOP.V3_0.nc,PACE_OCI.20240806T005051.L1B.V3.nc,0.887,-172.214,2024-08-06 21:58:00.000003584+00:00
PACE_OCI.20240826T234824.L2.OC_AOP.V3_0.nc,PACE_OCI.20240826T234824.L1B.V3.nc,1.342,-174.341,2024-08-27 11:53:00.000005120+00:00
PACE_OCI.20241029T012745.L2.OC_AOP.V3_0.nc,PACE_OCI.20241029T012745.L1B.V3.nc,1.277,-178.81,2024-10-28 06:38:00.000005120+00:00
PACE_OCI.20250331T014639.L2.OC_AOP.V3_0.nc,PACE_OCI.20250331T014639.L1B.V3.nc,0.774,178.739,2025-03-31 14:40:00.000001024+00:00
PACE_OCI.20250411T014249.L2.OC_AOP.V3_0.nc,PACE_OCI.20250411T014249.L1B.V3.nc,0.324,179.158,2025-04-10 21:44:00.000003584+00:00
PACE_OCI.20250115T181837.L2.OC_AOP.V3_0.nc,PACE_OCI.20250115T181837.L1B.V3.nc,-16.968,-79.67000000000002,2025-01-15 07:29:00.000003584+00:00
PACE_OCI.20250125T191050.L2.OC_AOP.V3_0.nc,PACE_OCI.20250125T191050.L1B.V3.nc,-17.045,-79.76600000000002,2025-01-25 14:45:00.000003584+00:00
PACE_OCI.20250205T185921.L2.OC_AOP.V3_0.nc,PACE_OCI.20250205T185921.L1B.V3.nc,-16.935,-79.96600000000001,2025-02-04 22:07:59.999998464+00:00
PACE_OCI.20250308T191928.L2.OC_AOP.V3_0.nc,PACE_OCI.20250308T191928.L1B.V3.nc,-16.523,-80.75,2025-03-07 20:26:59.999997440+00:00
PACE_OCI.20240423T234158.L2.OC_AOP.V3_0.nc,PACE_OCI.20240423T234158.L1B.V3.nc,19.087,-156.475,2024-04-24 00:05:59.999998464+00:00
PACE_OCI.20240703T235029.L2.OC_AOP.V3_0.nc,PACE_OCI.20240703T235029.L1B.V3.nc,19.496,-158.688,2024-07-04 10:32:00.000003072+00:00
PACE_OCI.20240814T232818.L2.OC_AOP.V3_0.nc,PACE_OCI.20240814T232818.L1B.V3.nc,18.641,-159.144,2024-08-14 03:28:59.999996928+00:00
PACE_OCI.20240819T230855.L2.OC_AOP.V3_0.nc,PACE_OCI.20240819T230855.L1B.V3.nc,18.644,-159.305,2024-08-19 04:54:00.000004608+00:00
PACE_OCI.20240902T225924.L2.OC_AOP.V3_0.nc,PACE_OCI.20240902T225924.L1B.V3.nc,18.737,-159.667,2024-09-03 12:16:59.999999488+00:00
PACE_OCI.20240908T001302.L2.OC_AOP.V3_0.nc,PACE_OCI.20240908T001302.L1B.V3.nc,18.675,-159.808,2024-09-08 13:54:00.000004608+00:00
PACE_OCI.20240912T234806.L2.OC_AOP.V3_0.nc,PACE_OCI.20240912T234806.L1B.V3.nc,18.595,-159.987,2024-09-13 16:40:00.000004608+00:00
PACE_OCI.20241003T224642.L2.OC_AOP.V3_0.nc,PACE_OCI.20241003T224642.L1B.V3.nc,18.155,-161.002,2024-10-04 01:47:59.999995904+00:00
PACE_OCI.20241009T225523.L2.OC_AOP.V3_0.nc,PACE_OCI.20241009T225523.L1B.V3.nc,18.062,-161.276,2024-10-09 03:13:00.000003584+00:00
PACE_OCI.20241013T233344.L2.OC_AOP.V3_0.nc,PACE_OCI.20241013T233344.L1B.V3.nc,17.977,-161.552,2024-10-14 05:57:00.000000512+00:00
PACE_OCI.20241018T230758.L2.OC_AOP.V3_0.nc,PACE_OCI.20241018T230758.L1B.V3.nc,17.886,-161.82,2024-10-19 07:23:00.000005120+00:00
PACE_OCI.20250107T234048.L2.OC_AOP.V3_0.nc,PACE_OCI.20250107T234048.L1B.V3.nc,18.387,-164.838,2025-01-08 21:19:00.000002560+00:00
PACE_OCI.20250118T232924.L2.OC_AOP.V3_0.nc,PACE_OCI.20250118T232924.L1B.V3.nc,18.177,-165.024,2025-01-19 01:10:00.000001024+00:00
PACE_OCI.20250203T225447.L2.OC_AOP.V3_0.nc,PACE_OCI.20250203T225447.L1B.V3.nc,17.927,-165.033,2025-02-03 07:55:00.000001024+00:00
PACE_OCI.20250209T001255.L2.OC_AOP.V3_0.nc,PACE_OCI.20250209T001255.L1B.V3.nc,17.841,-164.987,2025-02-08 09:41:00.000004096+00:00
PACE_OCI.20250213T235356.L2.OC_AOP.V3_0.nc,PACE_OCI.20250213T235356.L1B.V3.nc,17.8,-165.004,2025-02-13 12:16:59.999999488+00:00
PACE_OCI.20250218T003752.L2.OC_AOP.V3_0.nc,PACE_OCI.20250218T003752.L1B.V3.nc,17.8,-165.096,2025-02-18 14:14:00.000003584+00:00
PACE_OCI.20250223T001858.L2.OC_AOP.V3_0.nc,PACE_OCI.20250223T001858.L1B.V3.nc,17.916,-165.235,2025-02-23 16:43:00.000003584+00:00
PACE_OCI.20250301T003030.L2.OC_AOP.V3_0.nc,PACE_OCI.20250301T003030.L1B.V3.nc,18.04,-165.402,2025-02-28 19:16:59.999996416+00:00
PACE_OCI.20250306T001123.L2.OC_AOP.V3_0.nc,PACE_OCI.20250306T001123.L1B.V3.nc,18.142,-165.479,2025-03-05 21:41:00.000004096+00:00
PACE_OCI.20250315T233307.L2.OC_AOP.V3_0.nc,PACE_OCI.20250315T233307.L1B.V3.nc,18.127,-165.424,2025-03-16 01:52:59.999998464+00:00
PACE_OCI.20250321T234921.L2.OC_AOP.V3_0.nc,PACE_OCI.20250321T234921.L1B.V3.nc,17.943,-165.286,2025-03-21 03:34:59.999995392+00:00
PACE_OCI.20250326T232956.L2.OC_AOP.V3_0.nc,PACE_OCI.20250326T232956.L1B.V3.nc,17.657,-165.101,2025-03-26 06:17:59.999995904+00:00
PACE_OCI.20250414T231418.L2.OC_AOP.V3_0.nc,PACE_OCI.20250414T231418.L1B.V3.nc,17.3,-163.816,2025-04-15 15:22:00.000001536+00:00
PACE_OCI.20241122T214221.L2.OC_AOP.V3_0.nc,PACE_OCI.20241122T214221.L1B.V3.nc,0.513,-139.96,2024-11-22 06:08:00.000001536+00:00
PACE_OCI.20241122T214221.L2.OC_AOP.V3_0.nc,PACE_OCI.20241122T214221.L1B.V3.nc,0.524,-139.927,2024-11-22 07:18:59.999998976+00:00
PACE_OCI.20241123T221634.L2.OC_AOP.V3_0.nc,PACE_OCI.20241123T221634.L1B.V3.nc,0.536,-139.805,2024-11-23 04:18:00.000002560+00:00
PACE_OCI.20241123T221634.L2.OC_AOP.V3_0.nc,PACE_OCI.20241123T221634.L1B.V3.nc,0.536,-139.777,2024-11-23 13:52:00.000001536+00:00
PACE_OCI.20241123T221634.L2.OC_AOP.V3_0.nc,PACE_OCI.20241123T221634.L1B.V3.nc,0.539,-139.749,2024-11-23 23:37:00.000001536+00:00
PACE_OCI.20241123T221634.L2.OC_AOP.V3_0.nc,PACE_OCI.20241123T221634.L1B.V3.nc,0.54,-139.72,2024-11-24 11:06:59.999998464+00:00
PACE_OCI.20241125T214643.L2.OC_AOP.V3_0.nc,PACE_OCI.20241125T214643.L1B.V3.nc,0.54,-139.692,2024-11-24 22:36:59.999994880+00:00
PACE_OCI.20241125T214643.L2.OC_AOP.V3_0.nc,PACE_OCI.20241125T214643.L1B.V3.nc,0.522,-139.67,2024-11-25 09:47:59.999999488+00:00
PACE_OCI.20241125T214643.L2.OC_AOP.V3_0.nc,PACE_OCI.20241125T214643.L1B.V3.nc,0.494,-139.652,2024-11-25 20:53:00.000005120+00:00
PACE_OCI.20241126T222056.L2.OC_AOP.V3_0.nc,PACE_OCI.20241126T222056.L1B.V3.nc,0.462,-139.624,2024-11-26 08:57:59.999996928+00:00
PACE_OCI.20241225T223729.L2.OC_AOP.V3_0.nc,PACE_OCI.20241225T223729.L1B.V3.nc,0.943,-138.307,2024-12-26 17:09:00.000001536+00:00
PACE_OCI.20250105T222625.L2.OC_AOP.V3_0.nc,PACE_OCI.20250105T222625.L1B.V3.nc,0.362,-138.387,2025-01-05 21:28:59.999996928+00:00
PACE_OCI.20250115T214015.L2.OC_AOP.V3_0.nc,PACE_OCI.20250115T214015.L1B.V3.nc,-0.347,-138.044,2025-01-16 01:49:00.000002560+00:00
PACE_OCI.20250126T212852.L2.OC_AOP.V3_0.nc,PACE_OCI.20250126T212852.L1B.V3.nc,-0.227,-137.417,2025-01-26 06:10:00.000004608+00:00
PACE_OCI.20250204T214610.L2.OC_AOP.V3_0.nc,PACE_OCI.20250204T214610.L1B.V3.nc,0.154,-136.761,2025-02-05 10:30:00+00:00
PACE_OCI.20250214T224608.L2.OC_AOP.V3_0.nc,PACE_OCI.20250214T224608.L1B.V3.nc,0.513,-136.033,2025-02-15 14:53:00.000005120+00:00
PACE_OCI.20250225T224351.L2.OC_AOP.V3_0.nc,PACE_OCI.20250225T224351.L1B.V3.nc,0.448,-135.653,2025-02-26 03:08:59.999997952+00:00
PACE_OCI.20250327T222202.L2.OC_AOP.V3_0.nc,PACE_OCI.20250327T222202.L1B.V3.nc,1.097,-133.798,2025-03-28 04:16:00+00:00
PACE_OCI.20250408T062503.L2.OC_AOP.V3_0.nc,PACE_OCI.20250408T062503.L1B.V3.nc,-11.969,95.057,2025-04-07 14:14:00.000003584+00:00
PACE_OCI.20250408T062503.L2.OC_AOP.V3_0.nc,PACE_OCI.20250408T062503.L1B.V3.nc,-11.977,95.054,2025-04-08 11:04:59.999995392+00:00
PACE_OCI.20250421T073139.L2.OC_AOP.V3_0.nc,PACE_OCI.20250421T073139.L1B.V3.nc,-11.91,94.799,2025-04-20 20:06:59.999998464+00:00
PACE_OCI.20250501T065141.L2.OC_AOP.V3_0.nc,PACE_OCI.20250501T065141.L1B.V3.nc,-11.729,94.29,2025-05-01 07:55:59.999997440+00:00
PACE_OCI.20240417T201159.L2.OC_AOP.V3_0.nc,PACE_OCI.20240417T201159.L1B.V3.nc,32.079,-119.565,2024-04-17 01:52:00.000001536+00:00
PACE_OCI.20240507T202245.L2.OC_AOP.V3_0.nc,PACE_OCI.20240507T202245.L1B.V3.nc,32.669,-120.155,2024-05-07 18:45:00+00:00
PACE_OCI.20240517T193826.L2.OC_AOP.V3_0.nc,PACE_OCI.20240517T193826.L1B.V3.nc,33.209,-120.641,2024-05-18 00:42:00.000000512+00:00
PACE_OCI.20240607T202105.L2.OC_AOP.V3_0.nc,PACE_OCI.20240607T202105.L1B.V3.nc,33.603,-120.404,2024-06-07 12:31:59.999996416+00:00
PACE_OCI.20240616T203852.L2.OC_AOP.V3_0.nc,PACE_OCI.20240616T203852.L1B.V3.nc,33.541,-120.601,2024-06-17 18:24:00.000004608+00:00
PACE_OCI.20240708T201528.L2.OC_AOP.V3_0.nc,PACE_OCI.20240708T201528.L1B.V3.nc,33.728,-120.975,2024-07-08 06:17:59.999995904+00:00
PACE_OCI.20240808T200615.L2.OC_AOP.V3_0.nc,PACE_OCI.20240808T200615.L1B.V3.nc,33.025,-121.377,2024-08-08 02:23:59.999997952+00:00
PACE_OCI.20240828T201221.L2.OC_AOP.V3_0.nc,PACE_OCI.20240828T201221.L1B.V3.nc,33.073,-121.632,2024-08-28 23:04:59.999995392+00:00
PACE_OCI.20240928T195526.L2.OC_AOP.V3_0.nc,PACE_OCI.20240928T195526.L1B.V3.nc,33.247,-121.839,2024-09-28 08:06:59.999998464+00:00
PACE_OCI.20241107T195213.L2.OC_AOP.V3_0.nc,PACE_OCI.20241107T195213.L1B.V3.nc,33.281,-122.316,2024-11-07 18:22:00.000001536+00:00
PACE_OCI.20241218T202231.L2.OC_AOP.V3_0.nc,PACE_OCI.20241218T202231.L1B.V3.nc,32.336,-122.331,2024-12-18 10:16:00+00:00
PACE_OCI.20250206T194957.L2.OC_AOP.V3_0.nc,PACE_OCI.20250206T194957.L1B.V3.nc,32.073,-123.12,2025-02-07 02:32:59.999995904+00:00
PACE_OCI.20250227T204313.L2.OC_AOP.V3_0.nc,PACE_OCI.20250227T204313.L1B.V3.nc,31.803,-123.041,2025-02-27 18:45:00+00:00
PACE_OCI.20250309T200459.L2.OC_AOP.V3_0.nc,PACE_OCI.20250309T200459.L1B.V3.nc,31.834,-122.998,2025-03-09 10:44:59.999996416+00:00
PACE_OCI.20250318T202930.L2.OC_AOP.V3_0.nc,PACE_OCI.20250318T202930.L1B.V3.nc,32.001,-122.818,2025-03-19 14:43:00.000000512+00:00
PACE_OCI.20250428T200053.L2.OC_AOP.V3_0.nc,PACE_OCI.20250428T200053.L1B.V3.nc,31.982,-122.107,2025-04-29 06:47:00.000003072+00:00
PACE_OCI.20241027T020250.L2.OC_AOP.V3_0.nc,PACE_OCI.20241027T020250.L1B.V3.nc,15.264,158.966,2024-10-26 04:21:59.999998464+00:00
PACE_OCI.20241105T021550.L2.OC_AOP.V3_0.nc,PACE_OCI.20241105T021550.L1B.V3.nc,15.329,158.627,2024-11-05 09:08:59.999997952+00:00
PACE_OCI.20241116T015918.L2.OC_AOP.V3_0.nc,PACE_OCI.20241116T015918.L1B.V3.nc,15.568,158.107,2024-11-15 13:46:59.999999488+00:00
PACE_OCI.20250115T020529.L2.OC_AOP.V3_0.nc,PACE_OCI.20250115T020529.L1B.V3.nc,16.603,156.308,2025-01-15 13:43:00.000003584+00:00
PACE_OCI.20250206T014250.L2.OC_AOP.V3_0.nc,PACE_OCI.20250206T014250.L1B.V3.nc,17.298,156.543,2025-02-05 06:45:59.999996416+00:00
PACE_OCI.20250307T022517.L2.OC_AOP.V3_0.nc,PACE_OCI.20250307T022517.L1B.V3.nc,17.382,157.295,2025-03-07 08:46:00+00:00
PACE_OCI.20250328T014345.L2.OC_AOP.V3_0.nc,PACE_OCI.20250328T014345.L1B.V3.nc,17.161,156.822,2025-03-27 18:25:00.000001024+00:00
PACE_OCI.20250329T115924.L2.OC_AOP.V3_0.nc,PACE_OCI.20250329T115924.L1B.V3.nc,-18.965,5.996,2025-03-28 15:39:59.999997952+00:00
PACE_OCI.20250408T125830.L2.OC_AOP.V3_0.nc,PACE_OCI.20250408T125830.L1B.V3.nc,-18.95,5.811,2025-04-07 15:39:59.999997952+00:00
PACE_OCI.20250321T135409.L2.OC_AOP.V3_0.nc,PACE_OCI.20250321T135409.L1B.V3.nc,-15.996,-10.00400000000002,2025-03-22 00:56:00.000001024+00:00
PACE_OCI.20250410T140918.L2.OC_AOP.V3_0.nc,PACE_OCI.20250410T140918.L1B.V3.nc,-15.632,-10.009000000000016,2025-04-11 03:56:59.999997440+00:00
PACE_OCI.20250421T140505.L2.OC_AOP.V3_0.nc,PACE_OCI.20250421T140505.L1B.V3.nc,-15.456,-10.019000000000004,2025-04-21 06:00:59.999996416+00:00
PACE_OCI.20250430T142808.L2.OC_AOP.V3_0.nc,PACE_OCI.20250430T142808.L1B.V3.nc,-15.406,-10.011000000000024,2025-05-01 06:42:59.999996928+00:00
PACE_OCI.20250314T144046.L2.OC_AOP.V3_0.nc,PACE_OCI.20250314T144046.L1B.V3.nc,-15.987,-19.031999999999982,2025-03-14 02:17:00.000003072+00:00
PACE_OCI.20250403T145629.L2.OC_AOP.V3_0.nc,PACE_OCI.20250403T145629.L1B.V3.nc,-15.875,-19.60500000000001,2025-04-03 05:26:59.999997440+00:00
PACE_OCI.20250413T141707.L2.OC_AOP.V3_0.nc,PACE_OCI.20250413T141707.L1B.V3.nc,-15.751,-19.945,2025-04-13 06:47:59.999999488+00:00
PACE_OCI.20250403T115946.L2.OC_AOP.V3_0.nc,PACE_OCI.20250403T115946.L1B.V3.nc,58.832,-23.88900000000001,2025-04-04 00:22:59.999998464+00:00
PACE_OCI.20240629T150331.L2.OC_AOP.V3_0.nc,PACE_OCI.20240629T150331.L1B.V3.nc,41.502,-44.75599999999997,2024-06-30 09:16:00.000003072+00:00
PACE_OCI.20240710T145131.L2.OC_AOP.V3_0.nc,PACE_OCI.20240710T145131.L1B.V3.nc,41.957,-46.14699999999999,2024-07-10 07:40:00.000004608+00:00
PACE_OCI.20250322T175622.L2.OC_AOP.V3_0.nc,PACE_OCI.20250322T175622.L1B.V3.nc,37.331,-72.30200000000002,2025-03-21 19:16:00+00:00
PACE_OCI.20250501T165149.L2.OC_AOP.V3_0.nc,PACE_OCI.20250501T165149.L1B.V3.nc,38.096,-63.67700000000002,2025-05-01 05:37:59.999998464+00:00
PACE_OCI.20241005T235511.L2.OC_AOP.V3_0.nc,PACE_OCI.20241005T235511.L1B.V3.nc,20.617,-177.948,2024-10-05 10:19:59.999995392+00:00
PACE_OCI.20241016T004204.L2.OC_AOP.V3_0.nc,PACE_OCI.20241016T004204.L1B.V3.nc,20.396,-177.844,2024-10-15 08:43:00.000000512+00:00
PACE_OCI.20241105T003733.L2.OC_AOP.V3_0.nc,PACE_OCI.20241105T003733.L1B.V3.nc,20.155,-177.195,2024-11-04 08:34:59.999998976+00:00
PACE_OCI.20250213T005644.L2.OC_AOP.V3_0.nc,PACE_OCI.20250213T005644.L1B.V3.nc,19.768,-176.429,2025-02-13 07:47:59.999995904+00:00
PACE_OCI.20250223T001858.L2.OC_AOP.V3_0.nc,PACE_OCI.20250223T001858.L1B.V3.nc,19.892,-176.673,2025-02-23 10:18:00.000002560+00:00
PACE_OCI.20250326T003250.L2.OC_AOP.V3_0.nc,PACE_OCI.20250326T003250.L1B.V3.nc,20.233,-177.732,2025-03-25 16:29:00.000003584+00:00
PACE_OCI.20250414T001716.L2.OC_AOP.V3_0.nc,PACE_OCI.20250414T001716.L1B.V3.nc,20.457,-178.428,2025-04-14 19:43:00.000003584+00:00
PACE_OCI.20241031T024104.L2.OC_AOP.V3_0.nc,PACE_OCI.20241031T024104.L1B.V3.nc,15.153,154.183,2024-10-30 17:17:59.999999488+00:00
PACE_OCI.20241119T020337.L2.OC_AOP.V3_0.nc,PACE_OCI.20241119T020337.L1B.V3.nc,14.583,154.376,2024-11-19 18:45:00+00:00
PACE_OCI.20250120T014226.L2.OC_AOP.V3_0.nc,PACE_OCI.20250120T014226.L1B.V3.nc,14.806,158.41,2025-01-19 02:35:59.999995392+00:00
PACE_OCI.20250129T015951.L2.OC_AOP.V3_0.nc,PACE_OCI.20250129T015951.L1B.V3.nc,15.113,158.185,2025-01-29 05:20:00.000002048+00:00
PACE_OCI.20250209T015117.L2.OC_AOP.V3_0.nc,PACE_OCI.20250209T015117.L1B.V3.nc,15.38,157.591,2025-02-08 06:30:00.000003584+00:00
PACE_OCI.20250218T021614.L2.OC_AOP.V3_0.nc,PACE_OCI.20250218T021614.L1B.V3.nc,15.632,156.812,2025-02-18 08:26:00.000001024+00:00
PACE_OCI.20250320T015506.L2.OC_AOP.V3_0.nc,PACE_OCI.20250320T015506.L1B.V3.nc,16.173,154.626,2025-03-20 14:06:00.000002048+00:00
PACE_OCI.20250330T025440.L2.OC_AOP.V3_0.nc,PACE_OCI.20250330T025440.L1B.V3.nc,16.109,154.065,2025-03-30 16:05:59.999995392+00:00
PACE_OCI.20241015T000754.L2.OC_AOP.V3_0.nc,PACE_OCI.20241015T000754.L1B.V3.nc,21.258,-173.378,2024-10-14 09:36:59.999998464+00:00
PACE_OCI.20250130T005614.L2.OC_AOP.V3_0.nc,PACE_OCI.20250130T005614.L1B.V3.nc,22.349,-177.616,2025-01-29 02:20:00.000002048+00:00
PACE_OCI.20250130T005614.L2.OC_AOP.V3_0.nc,PACE_OCI.20250130T005614.L1B.V3.nc,22.377,-177.626,2025-01-30 09:22:00.000001536+00:00
PACE_OCI.20250201T002719.L2.OC_AOP.V3_0.nc,PACE_OCI.20250201T002719.L1B.V3.nc,22.363,-177.635,2025-01-31 01:07:00.000001536+00:00
PACE_OCI.20250201T002719.L2.OC_AOP.V3_0.nc,PACE_OCI.20250201T002719.L1B.V3.nc,22.363,-177.649,2025-01-31 12:33:00.000002560+00:00
PACE_OCI.20250201T002719.L2.OC_AOP.V3_0.nc,PACE_OCI.20250201T002719.L1B.V3.nc,22.352,-177.646,2025-02-01 03:53:00.000001536+00:00
PACE_OCI.20250201T002719.L2.OC_AOP.V3_0.nc,PACE_OCI.20250201T002719.L1B.V3.nc,22.356,-177.663,2025-02-01 19:27:00.000000512+00:00
PACE_OCI.20250202T010200.L2.OC_AOP.V3_0.nc,PACE_OCI.20250202T010200.L1B.V3.nc,22.358,-177.661,2025-02-02 11:21:59.999994880+00:00
PACE_OCI.20250202T010200.L2.OC_AOP.V3_0.nc,PACE_OCI.20250202T010200.L1B.V3.nc,22.356,-177.675,2025-02-02 22:49:59.999998976+00:00
PACE_OCI.20250205T010747.L2.OC_AOP.V3_0.nc,PACE_OCI.20250205T010747.L1B.V3.nc,22.366,-177.693,2025-02-04 01:55:00.000001024+00:00
PACE_OCI.20250205T010747.L2.OC_AOP.V3_0.nc,PACE_OCI.20250205T010747.L1B.V3.nc,22.371,-177.687,2025-02-04 13:16:00+00:00
PACE_OCI.20250206T000428.L2.OC_AOP.V3_0.nc,PACE_OCI.20250206T000428.L1B.V3.nc,22.362,-177.707,2025-02-05 05:35:59.999995392+00:00
PACE_OCI.20250206T000428.L2.OC_AOP.V3_0.nc,PACE_OCI.20250206T000428.L1B.V3.nc,22.369,-177.709,2025-02-05 17:14:00.000003584+00:00
PACE_OCI.20250207T004005.L2.OC_AOP.V3_0.nc,PACE_OCI.20250207T004005.L1B.V3.nc,22.364,-177.719,2025-02-06 08:39:00.000004608+00:00
PACE_OCI.20250207T004005.L2.OC_AOP.V3_0.nc,PACE_OCI.20250207T004005.L1B.V3.nc,22.363,-177.73,2025-02-06 20:23:59.999997952+00:00
PACE_OCI.20250207T004005.L2.OC_AOP.V3_0.nc,PACE_OCI.20250207T004005.L1B.V3.nc,22.361,-177.728,2025-02-07 11:51:00.000002048+00:00
PACE_OCI.20250207T004005.L2.OC_AOP.V3_0.nc,PACE_OCI.20250207T004005.L1B.V3.nc,22.364,-177.751,2025-02-07 23:40:00.000001024+00:00
PACE_OCI.20250209T001255.L2.OC_AOP.V3_0.nc,PACE_OCI.20250209T001255.L1B.V3.nc,22.362,-177.739,2025-02-08 15:02:59.999999488+00:00
PACE_OCI.20250210T004823.L2.OC_AOP.V3_0.nc,PACE_OCI.20250210T004823.L1B.V3.nc,22.369,-177.752,2025-02-09 02:32:59.999995904+00:00
PACE_OCI.20250210T004823.L2.OC_AOP.V3_0.nc,PACE_OCI.20250210T004823.L1B.V3.nc,22.364,-177.728,2025-02-09 17:53:00.000005120+00:00
PACE_OCI.20250210T004823.L2.OC_AOP.V3_0.nc,PACE_OCI.20250210T004823.L1B.V3.nc,22.366,-177.726,2025-02-10 05:21:59.999994880+00:00
PACE_OCI.20250210T004823.L2.OC_AOP.V3_0.nc,PACE_OCI.20250210T004823.L1B.V3.nc,22.357,-177.713,2025-02-10 21:00:00+00:00
PACE_OCI.20250212T002110.L2.OC_AOP.V3_0.nc,PACE_OCI.20250212T002110.L1B.V3.nc,22.354,-177.701,2025-02-11 12:39:00.000001536+00:00
PACE_OCI.20250212T002110.L2.OC_AOP.V3_0.nc,PACE_OCI.20250212T002110.L1B.V3.nc,22.35,-177.69,2025-02-11 23:59:00.000003584+00:00
PACE_OCI.20250212T002110.L2.OC_AOP.V3_0.nc,PACE_OCI.20250212T002110.L1B.V3.nc,22.35,-177.668,2025-02-12 11:54:00.000001536+00:00
PACE_OCI.20250213T005644.L2.OC_AOP.V3_0.nc,PACE_OCI.20250213T005644.L1B.V3.nc,22.347,-177.648,2025-02-13 03:45:00+00:00
PACE_OCI.20250213T005644.L2.OC_AOP.V3_0.nc,PACE_OCI.20250213T005644.L1B.V3.nc,22.346,-177.614,2025-02-13 14:57:00.000000512+00:00
PACE_OCI.20250213T235356.L2.OC_AOP.V3_0.nc,PACE_OCI.20250213T235356.L1B.V3.nc,22.349,-177.62,2025-02-14 03:00:00+00:00
PACE_OCI.20250213T235356.L2.OC_AOP.V3_0.nc,PACE_OCI.20250213T235356.L1B.V3.nc,22.363,-177.615,2025-02-14 14:18:59.999995904+00:00
PACE_OCI.20250218T003752.L2.OC_AOP.V3_0.nc,PACE_OCI.20250218T003752.L1B.V3.nc,22.412,-177.636,2025-02-17 09:03:59.999995904+00:00
PACE_OCI.20250218T003752.L2.OC_AOP.V3_0.nc,PACE_OCI.20250218T003752.L1B.V3.nc,22.433,-177.642,2025-02-17 20:37:59.999998464+00:00
PACE_OCI.20250219T011326.L2.OC_AOP.V3_0.nc,PACE_OCI.20250219T011326.L1B.V3.nc,22.444,-177.643,2025-02-18 08:04:59.999995392+00:00
PACE_OCI.20250219T011326.L2.OC_AOP.V3_0.nc,PACE_OCI.20250219T011326.L1B.V3.nc,22.451,-177.655,2025-02-18 18:56:00.000001024+00:00
PACE_OCI.20250220T001038.L2.OC_AOP.V3_0.nc,PACE_OCI.20250220T001038.L1B.V3.nc,22.449,-177.663,2025-02-19 05:54:59.999997952+00:00
PACE_OCI.20250220T001038.L2.OC_AOP.V3_0.nc,PACE_OCI.20250220T001038.L1B.V3.nc,22.441,-177.674,2025-02-19 16:44:59.999996416+00:00
PACE_OCI.20250221T004612.L2.OC_AOP.V3_0.nc,PACE_OCI.20250221T004612.L1B.V3.nc,22.434,-177.676,2025-02-20 03:36:59.999998464+00:00
PACE_OCI.20250220T001038.L2.OC_AOP.V3_0.nc,PACE_OCI.20250220T001038.L1B.V3.nc,22.433,-177.665,2025-02-20 14:26:59.999997440+00:00
PACE_OCI.20250221T004612.L2.OC_AOP.V3_0.nc,PACE_OCI.20250221T004612.L1B.V3.nc,22.43,-177.66,2025-02-21 01:16:59.999996416+00:00
PACE_OCI.20250221T004612.L2.OC_AOP.V3_0.nc,PACE_OCI.20250221T004612.L1B.V3.nc,22.438,-177.65,2025-02-21 12:05:59.999998464+00:00
PACE_OCI.20250221T004612.L2.OC_AOP.V3_0.nc,PACE_OCI.20250221T004612.L1B.V3.nc,22.439,-177.639,2025-02-21 22:54:00.000004608+00:00
PACE_OCI.20250223T001858.L2.OC_AOP.V3_0.nc,PACE_OCI.20250223T001858.L1B.V3.nc,22.446,-177.641,2025-02-22 10:04:00.000002560+00:00
PACE_OCI.20250223T001858.L2.OC_AOP.V3_0.nc,PACE_OCI.20250223T001858.L1B.V3.nc,22.457,-177.644,2025-02-22 20:54:00.000001536+00:00
PACE_OCI.20250224T005429.L2.OC_AOP.V3_0.nc,PACE_OCI.20250224T005429.L1B.V3.nc,22.461,-177.654,2025-02-23 07:41:59.999997440+00:00
PACE_OCI.20250224T005429.L2.OC_AOP.V3_0.nc,PACE_OCI.20250224T005429.L1B.V3.nc,22.466,-177.662,2025-02-23 18:16:00.000003072+00:00
PACE_OCI.20250224T005429.L2.OC_AOP.V3_0.nc,PACE_OCI.20250224T005429.L1B.V3.nc,22.462,-177.658,2025-02-24 04:55:59.999997440+00:00
PACE_OCI.20250224T005429.L2.OC_AOP.V3_0.nc,PACE_OCI.20250224T005429.L1B.V3.nc,22.46,-177.655,2025-02-24 15:51:59.999994880+00:00
PACE_OCI.20250224T235140.L2.OC_AOP.V3_0.nc,PACE_OCI.20250224T235140.L1B.V3.nc,22.463,-177.65,2025-02-25 02:29:00+00:00
PACE_OCI.20250224T235140.L2.OC_AOP.V3_0.nc,PACE_OCI.20250224T235140.L1B.V3.nc,22.462,-177.64,2025-02-25 13:13:00.000000512+00:00
PACE_OCI.20250224T235140.L2.OC_AOP.V3_0.nc,PACE_OCI.20250224T235140.L1B.V3.nc,22.469,-177.64,2025-02-25 23:48:00.000002560+00:00
PACE_OCI.20241007T020235.L2.OC_AOP.V3_0.nc,PACE_OCI.20241007T020235.L1B.V3.nc,19.535,172.06,2024-10-07 06:51:59.999994880+00:00
PACE_OCI.20241027T020250.L2.OC_AOP.V3_0.nc,PACE_OCI.20241027T020250.L1B.V3.nc,19.924,172.149,2024-10-27 01:55:00.000001024+00:00
PACE_OCI.20241116T015918.L2.OC_AOP.V3_0.nc,PACE_OCI.20241116T015918.L1B.V3.nc,21.007,171.171,2024-11-16 00:19:00.000002560+00:00
PACE_OCI.20250115T020529.L2.OC_AOP.V3_0.nc,PACE_OCI.20250115T020529.L1B.V3.nc,20.375,171.879,2025-01-15 10:21:00.000002048+00:00
PACE_OCI.20250405T013205.L2.OC_AOP.V3_0.nc,PACE_OCI.20250405T013205.L1B.V3.nc,20.82,173.019,2025-04-05 21:14:59.999996416+00:00
PACE_OCI.20250203T013643.L2.OC_AOP.V3_0.nc,PACE_OCI.20250203T013643.L1B.V3.nc,20.956,178.02,2025-02-03 18:11:59.999997440+00:00
PACE_OCI.20250405T013205.L2.OC_AOP.V3_0.nc,PACE_OCI.20250405T013205.L1B.V3.nc,20.356,178.929,2025-04-05 03:19:00.000002560+00:00
PACE_OCI.20241101T031524.L2.OC_AOP.V3_0.nc,PACE_OCI.20241101T031524.L1B.V3.nc,14.24,149.053,2024-11-01 08:12:59.999996928+00:00
PACE_OCI.20241121T031203.L2.OC_AOP.V3_0.nc,PACE_OCI.20241121T031203.L1B.V3.nc,14.185,150.741,2024-11-21 05:01:00+00:00
PACE_OCI.20241211T030759.L2.OC_AOP.V3_0.nc,PACE_OCI.20241211T030759.L1B.V3.nc,13.262,151.408,2024-12-11 05:11:00.000004096+00:00
PACE_OCI.20250110T022835.L2.OC_AOP.V3_0.nc,PACE_OCI.20250110T022835.L1B.V3.nc,14.12,151.849,2025-01-10 06:02:00.000003072+00:00
PACE_OCI.20250121T021709.L2.OC_AOP.V3_0.nc,PACE_OCI.20250121T021709.L1B.V3.nc,14.218,152.459,2025-01-20 06:36:59.999998464+00:00
PACE_OCI.20250209T015117.L2.OC_AOP.V3_0.nc,PACE_OCI.20250209T015117.L1B.V3.nc,14.021,153.529,2025-02-09 07:44:59.999996416+00:00
PACE_OCI.20250114T175854.L2.OC_AOP.V3_0.nc,PACE_OCI.20250114T175854.L1B.V3.nc,25.025,-67.60899999999998,2025-01-15 16:04:00.000002560+00:00
PACE_OCI.20250214T175601.L2.OC_AOP.V3_0.nc,PACE_OCI.20250214T175601.L1B.V3.nc,26.318,-68.77300000000002,2025-02-14 21:42:59.999996928+00:00
PACE_OCI.20250405T175542.L2.OC_AOP.V3_0.nc,PACE_OCI.20250405T175542.L1B.V3.nc,26.539,-66.29399999999998,2025-04-06 09:53:00.000001536+00:00
PACE_OCI.20250415T171614.L2.OC_AOP.V3_0.nc,PACE_OCI.20250415T171614.L1B.V3.nc,26.36,-66.23700000000002,2025-04-16 12:00:00+00:00
PACE_OCI.20241102T020626.L2.OC_AOP.V3_0.nc,PACE_OCI.20241102T020626.L1B.V3.nc,-4.052,166.947,2024-11-02 22:04:00.000002560+00:00
PACE_OCI.20250424T010557.L2.OC_AOP.V3_0.nc,PACE_OCI.20250424T010557.L1B.V3.nc,-4.596,-177.393,2025-04-24 04:58:00.000000512+00:00
PACE_OCI.20241112T173329.L2.OC_AOP.V3_0.nc,PACE_OCI.20241112T173329.L1B.V3.nc,-14.718,-79.79199999999997,2024-11-13 07:30:00+00:00
PACE_OCI.20250316T190831.L2.OC_AOP.V3_0.nc,PACE_OCI.20250316T190831.L1B.V3.nc,-13.864,-81.22199999999998,2025-03-16 11:00:00.000003584+00:00
PACE_OCI.20250219T142024.L2.OC_AOP.V3_0.nc,PACE_OCI.20250219T142024.L1B.V3.nc,26.241,-37.535000000000025,2025-02-19 15:38:00.000005120+00:00
PACE_OCI.20250301T152050.L2.OC_AOP.V3_0.nc,PACE_OCI.20250301T152050.L1B.V3.nc,26.044,-37.40899999999999,2025-03-01 16:52:59.999998464+00:00
PACE_OCI.20250311T144235.L2.OC_AOP.V3_0.nc,PACE_OCI.20250311T144235.L1B.V3.nc,25.762,-37.33600000000001,2025-03-11 18:59:00+00:00
PACE_OCI.20240420T202342.L2.OC_AOP.V3_0.nc,PACE_OCI.20240420T202342.L1B.V3.nc,36.5,-126.986,2024-04-19 23:15:59.999996416+00:00
PACE_OCI.20240518T201318.L2.OC_AOP.V3_0.nc,PACE_OCI.20240518T201318.L1B.V3.nc,37.038,-126.81,2024-05-18 14:09:59.999997952+00:00
PACE_OCI.20240605T204951.L2.OC_AOP.V3_0.nc,PACE_OCI.20240605T204951.L1B.V3.nc,37.248,-126.282,2024-06-06 16:47:59.999995904+00:00
PACE_OCI.20240610T202702.L2.OC_AOP.V3_0.nc,PACE_OCI.20240610T202702.L1B.V3.nc,37.234,-126.156,2024-06-09 21:30:00.000003584+00:00
PACE_OCI.20240612T195813.L2.OC_AOP.V3_0.nc,PACE_OCI.20240612T195813.L1B.V3.nc,37.198,-126.014,2024-06-13 01:55:00.000001024+00:00
PACE_OCI.20240616T203852.L2.OC_AOP.V3_0.nc,PACE_OCI.20240616T203852.L1B.V3.nc,37.132,-125.874,2024-06-16 06:22:59.999998464+00:00
PACE_OCI.20240624T202137.L2.OC_AOP.V3_0.nc,PACE_OCI.20240624T202137.L1B.V3.nc,37.004,-125.468,2024-06-25 19:41:00.000001024+00:00
PACE_OCI.20240629T195827.L2.OC_AOP.V3_0.nc,PACE_OCI.20240629T195827.L1B.V3.nc,37.0,-125.37,2024-06-29 00:05:00.000002048+00:00
PACE_OCI.20240702T200411.L2.OC_AOP.V3_0.nc,PACE_OCI.20240702T200411.L1B.V3.nc,37.039,-125.293,2024-07-02 04:32:00.000003072+00:00
PACE_OCI.20240705T200953.L2.OC_AOP.V3_0.nc,PACE_OCI.20240705T200953.L1B.V3.nc,37.097,-125.228,2024-07-05 09:05:00.000002048+00:00
PACE_OCI.20240708T201528.L2.OC_AOP.V3_0.nc,PACE_OCI.20240708T201528.L1B.V3.nc,37.17,-125.162,2024-07-08 13:24:59.999997952+00:00
PACE_OCI.20240802T195536.L2.OC_AOP.V3_0.nc,PACE_OCI.20240802T195536.L1B.V3.nc,37.56,-125.49,2024-08-03 00:34:59.999995392+00:00
PACE_OCI.20240819T195720.L2.OC_AOP.V3_0.nc,PACE_OCI.20240819T195720.L1B.V3.nc,37.558,-125.954,2024-08-18 22:29:00.000003584+00:00
PACE_OCI.20240822T200221.L2.OC_AOP.V3_0.nc,PACE_OCI.20240822T200221.L1B.V3.nc,37.554,-126.081,2024-08-22 02:57:59.999996928+00:00
PACE_OCI.20240825T200719.L2.OC_AOP.V3_0.nc,PACE_OCI.20240825T200719.L1B.V3.nc,37.536,-126.239,2024-08-25 07:24:59.999997952+00:00
PACE_OCI.20240828T201221.L2.OC_AOP.V3_0.nc,PACE_OCI.20240828T201221.L1B.V3.nc,37.514,-126.404,2024-08-28 11:51:00.000002048+00:00
PACE_OCI.20240831T201716.L2.OC_AOP.V3_0.nc,PACE_OCI.20240831T201716.L1B.V3.nc,37.505,-126.58,2024-08-31 16:26:00.000004096+00:00
PACE_OCI.20240906T202704.L2.OC_AOP.V3_0.nc,PACE_OCI.20240906T202704.L1B.V3.nc,37.517,-126.953,2024-09-07 01:24:00.000001536+00:00
PACE_OCI.20241021T200035.L2.OC_AOP.V3_0.nc,PACE_OCI.20241021T200035.L1B.V3.nc,38.175,-127.371,2024-10-21 15:59:59.999996416+00:00
PACE_OCI.20241024T200444.L2.OC_AOP.V3_0.nc,PACE_OCI.20241024T200444.L1B.V3.nc,38.071,-127.152,2024-10-24 20:31:00.000003072+00:00
PACE_OCI.20241106T205614.L2.OC_AOP.V3_0.nc,PACE_OCI.20241106T205614.L1B.V3.nc,38.045,-126.612,2024-11-06 14:31:59.999999488+00:00
PACE_OCI.20241108T202629.L2.OC_AOP.V3_0.nc,PACE_OCI.20241108T202629.L1B.V3.nc,38.118,-126.513,2024-11-09 19:10:00.000001024+00:00
PACE_OCI.20241113T200059.L2.OC_AOP.V3_0.nc,PACE_OCI.20241113T200059.L1B.V3.nc,38.223,-126.425,2024-11-12 23:40:59.999997440+00:00
PACE_OCI.20250122T205820.L2.OC_AOP.V3_0.nc,PACE_OCI.20250122T205820.L1B.V3.nc,38.4,-126.159,2025-01-22 03:31:00+00:00
PACE_OCI.20250124T202927.L2.OC_AOP.V3_0.nc,PACE_OCI.20250124T202927.L1B.V3.nc,38.342,-125.995,2025-01-25 07:50:59.999995392+00:00
PACE_OCI.20250206T194957.L2.OC_AOP.V3_0.nc,PACE_OCI.20250206T194957.L1B.V3.nc,37.851,-126.003,2025-02-07 02:43:59.999996928+00:00
PACE_OCI.20250320T200207.L2.OC_AOP.V3_0.nc,PACE_OCI.20250320T200207.L1B.V3.nc,37.388,-126.423,2025-03-20 14:06:59.999998464+00:00
PACE_OCI.20240729T155905.L2.OC_AOP.V3_0.nc,PACE_OCI.20240729T155905.L1B.V3.nc,38.475,-66.75999999999999,2024-07-30 07:30:59.999996416+00:00
PACE_OCI.20241001T164321.L2.OC_AOP.V3_0.nc,PACE_OCI.20241001T164321.L1B.V3.nc,37.738,-61.339,2024-10-02 05:45:00.000003584+00:00
PACE_OCI.20241022T171810.L2.OC_AOP.V3_0.nc,PACE_OCI.20241022T171810.L1B.V3.nc,37.948,-59.91500000000002,2024-10-23 06:19:00.000002560+00:00
PACE_OCI.20240402T175951.L2.OC_AOP.V3_0.nc,PACE_OCI.20240402T175951.L1B.V3.nc,27.114,-74.32999999999998,2024-04-02 06:33:00.000002560+00:00
PACE_OCI.20240413T175156.L2.OC_AOP.V3_0.nc,PACE_OCI.20240413T175156.L1B.V3.nc,27.173,-74.09100000000001,2024-04-13 05:21:59.999994880+00:00
PACE_OCI.20240422T181158.L2.OC_AOP.V3_0.nc,PACE_OCI.20240422T181158.L1B.V3.nc,27.494,-73.993,2024-04-23 06:25:59.999997440+00:00
PACE_OCI.20240503T180302.L2.OC_AOP.V3_0.nc,PACE_OCI.20240503T180302.L1B.V3.nc,28.001,-74.589,2024-05-04 05:25:00.000004608+00:00
PACE_OCI.20240513T171853.L2.OC_AOP.V3_0.nc,PACE_OCI.20240513T171853.L1B.V3.nc,28.735,-75.11000000000001,2024-05-14 06:36:00.000002048+00:00
PACE_OCI.20240715T174440.L2.OC_AOP.V3_0.nc,PACE_OCI.20240715T174440.L1B.V3.nc,29.346,-76.44299999999998,2024-07-15 06:41:00.000004096+00:00
PACE_OCI.20240805T164420.L2.OC_AOP.V3_0.nc,PACE_OCI.20240805T164420.L1B.V3.nc,28.39,-75.476,2024-08-06 05:31:00.000003072+00:00
PACE_OCI.20240816T180905.L2.OC_AOP.V3_0.nc,PACE_OCI.20240816T180905.L1B.V3.nc,28.414,-74.87900000000002,2024-08-16 06:56:00.000001024+00:00
PACE_OCI.20240917T183311.L2.OC_AOP.V3_0.nc,PACE_OCI.20240917T183311.L1B.V3.nc,28.445,-76.65300000000002,2024-09-17 05:29:00+00:00
PACE_OCI.20250114T175854.L2.OC_AOP.V3_0.nc,PACE_OCI.20250114T175854.L1B.V3.nc,23.662,-71.84199999999998,2025-01-15 06:11:59.999997440+00:00
PACE_OCI.20250206T180635.L2.OC_AOP.V3_0.nc,PACE_OCI.20250206T180635.L1B.V3.nc,23.0,-71.608,2025-02-06 06:22:00.000001536+00:00
PACE_OCI.20250216T172847.L2.OC_AOP.V3_0.nc,PACE_OCI.20250216T172847.L1B.V3.nc,22.367,-71.42000000000002,2025-02-17 05:48:59.999998976+00:00
PACE_OCI.20250227T172628.L2.OC_AOP.V3_0.nc,PACE_OCI.20250227T172628.L1B.V3.nc,22.172,-70.62099999999998,2025-02-28 06:17:59.999995904+00:00
PACE_OCI.20250311T175919.L2.OC_AOP.V3_0.nc,PACE_OCI.20250311T175919.L1B.V3.nc,23.079,-70.93,2025-03-11 05:26:00.000001024+00:00
PACE_OCI.20250401T171221.L2.OC_AOP.V3_0.nc,PACE_OCI.20250401T171221.L1B.V3.nc,23.17,-69.37,2025-04-02 05:09:59.999997952+00:00
PACE_OCI.20250413T174350.L2.OC_AOP.V3_0.nc,PACE_OCI.20250413T174350.L1B.V3.nc,22.654,-69.29399999999998,2025-04-13 06:25:00.000001024+00:00
PACE_OCI.20240601T165222.L2.OC_AOP.V3_0.nc,PACE_OCI.20240601T165222.L1B.V3.nc,37.642,-50.685,2024-06-02 16:01:59.999999488+00:00
PACE_OCI.20240621T165911.L2.OC_AOP.V3_0.nc,PACE_OCI.20240621T165911.L1B.V3.nc,38.326,-52.259000000000015,2024-06-22 15:16:00.000003072+00:00
PACE_OCI.20240702T150915.L2.OC_AOP.V3_0.nc,PACE_OCI.20240702T150915.L1B.V3.nc,38.408,-52.12299999999999,2024-07-02 14:59:00.000003584+00:00
PACE_OCI.20240712T160047.L2.OC_AOP.V3_0.nc,PACE_OCI.20240712T160047.L1B.V3.nc,37.904,-51.98700000000002,2024-07-12 15:08:00.000001536+00:00
PACE_OCI.20240722T151341.L2.OC_AOP.V3_0.nc,PACE_OCI.20240722T151341.L1B.V3.nc,37.508,-52.55799999999999,2024-07-22 15:34:59.999995392+00:00
PACE_OCI.20240731T152954.L2.OC_AOP.V3_0.nc,PACE_OCI.20240731T152954.L1B.V3.nc,37.169,-53.036,2024-08-01 14:56:00.000004096+00:00
PACE_OCI.20240810T162025.L2.OC_AOP.V3_0.nc,PACE_OCI.20240810T162025.L1B.V3.nc,37.235,-52.932000000000016,2024-08-11 15:17:59.999995904+00:00
PACE_OCI.20240826T172013.L2.OC_AOP.V3_0.nc,PACE_OCI.20240826T172013.L1B.V3.nc,13.316,-58.291,2024-08-27 04:27:00.000000512+00:00
PACE_OCI.20240905T163106.L2.OC_AOP.V3_0.nc,PACE_OCI.20240905T163106.L1B.V3.nc,13.267,-57.696000000000026,2024-09-06 05:12:00.000000512+00:00
PACE_OCI.20240915T171938.L2.OC_AOP.V3_0.nc,PACE_OCI.20240915T171938.L1B.V3.nc,13.077,-57.142,2024-09-16 06:45:00+00:00
PACE_OCI.20240925T162921.L2.OC_AOP.V3_0.nc,PACE_OCI.20240925T162921.L1B.V3.nc,14.051,-56.93000000000001,2024-09-26 07:16:59.999996416+00:00
PACE_OCI.20250204T165613.L2.OC_AOP.V3_0.nc,PACE_OCI.20250204T165613.L1B.V3.nc,14.51,-55.07900000000001,2025-02-04 06:13:00.000003584+00:00
PACE_OCI.20250213T154204.L2.OC_AOP.V3_0.nc,PACE_OCI.20250213T154204.L1B.V3.nc,14.021,-55.089999999999975,2025-02-14 08:06:00.000002048+00:00
PACE_OCI.20240401T140807.L2.OC_AOP.V3_0.nc,PACE_OCI.20240401T140807.L1B.V3.nc,4.406,-28.38099999999997,2024-04-01 03:19:59.999998976+00:00
PACE_OCI.20241128T134440.L2.OC_AOP.V3_0.nc,PACE_OCI.20241128T134440.L1B.V3.nc,3.016,-23.28100000000001,2024-11-27 18:58:00.000003584+00:00
PACE_OCI.20250127T135657.L2.OC_AOP.V3_0.nc,PACE_OCI.20250127T135657.L1B.V3.nc,3.207,-24.48599999999999,2025-01-27 07:46:00.000003072+00:00
PACE_OCI.20240520T162304.L2.OC_AOP.V3_0.nc,PACE_OCI.20240520T162304.L1B.V3.nc,7.713,-55.17599999999999,2024-05-20 05:35:59.999995392+00:00
PACE_OCI.20240827T161621.L2.OC_AOP.V3_0.nc,PACE_OCI.20240827T161621.L1B.V3.nc,10.102,-53.23599999999999,2024-08-28 05:54:00.000001536+00:00
PACE_OCI.20240906T170529.L2.OC_AOP.V3_0.nc,PACE_OCI.20240906T170529.L1B.V3.nc,10.782,-53.16300000000001,2024-09-07 05:56:00.000004096+00:00
PACE_OCI.20240916T161535.L2.OC_AOP.V3_0.nc,PACE_OCI.20240916T161535.L1B.V3.nc,10.618,-52.98599999999999,2024-09-17 06:56:59.999997440+00:00
PACE_OCI.20250204T165613.L2.OC_AOP.V3_0.nc,PACE_OCI.20250204T165613.L1B.V3.nc,10.662,-51.06,2025-02-05 05:20:00.000002048+00:00
PACE_OCI.20240401T140807.L2.OC_AOP.V3_0.nc,PACE_OCI.20240401T140807.L1B.V3.nc,5.378,-22.46199999999999,2024-04-01 14:54:00.000001536+00:00
PACE_OCI.20241108T134821.L2.OC_AOP.V3_0.nc,PACE_OCI.20241108T134821.L1B.V3.nc,5.783,-22.283999999999992,2024-11-07 22:52:00.000001536+00:00
PACE_OCI.20241128T134440.L2.OC_AOP.V3_0.nc,PACE_OCI.20241128T134440.L1B.V3.nc,5.671,-22.692000000000007,2024-11-28 00:00:59.999996416+00:00
PACE_OCI.20250127T135657.L2.OC_AOP.V3_0.nc,PACE_OCI.20250127T135657.L1B.V3.nc,5.638,-23.110000000000014,2025-01-27 14:01:59.999996416+00:00
PACE_OCI.20240403T133953.L2.OC_AOP.V3_0.nc,PACE_OCI.20240403T133953.L1B.V3.nc,28.501,-16.067000000000007,2024-04-04 00:25:00.000001024+00:00
PACE_OCI.20240424T124837.L2.OC_AOP.V3_0.nc,PACE_OCI.20240424T124837.L1B.V3.nc,28.198,-16.007000000000005,2024-04-23 21:11:59.999997440+00:00
PACE_OCI.20240504T134259.L2.OC_AOP.V3_0.nc,PACE_OCI.20240504T134259.L1B.V3.nc,27.913,-16.494000000000028,2024-05-03 20:43:59.999996928+00:00
PACE_OCI.20240523T131732.L2.OC_AOP.V3_0.nc,PACE_OCI.20240523T131732.L1B.V3.nc,27.555,-16.99000000000001,2024-05-23 21:00:00+00:00
PACE_OCI.20240603T144520.L2.OC_AOP.V3_0.nc,PACE_OCI.20240603T144520.L1B.V3.nc,27.237,-17.101999999999975,2024-06-02 21:08:00.000001536+00:00
PACE_OCI.20240623T130840.L2.OC_AOP.V3_0.nc,PACE_OCI.20240623T130840.L1B.V3.nc,26.816,-16.795000000000016,2024-06-22 20:54:00.000001536+00:00
PACE_OCI.20240723T140958.L2.OC_AOP.V3_0.nc,PACE_OCI.20240723T140958.L1B.V3.nc,27.651,-17.25799999999998,2024-07-22 20:34:59.999998976+00:00
PACE_OCI.20240801T142609.L2.OC_AOP.V3_0.nc,PACE_OCI.20240801T142609.L1B.V3.nc,27.799,-17.052999999999997,2024-08-01 20:37:00.000001536+00:00
PACE_OCI.20240930T125232.L2.OC_AOP.V3_0.nc,PACE_OCI.20240930T125232.L1B.V3.nc,26.184,-15.649,2024-09-30 19:55:59.999997440+00:00
PACE_OCI.20250109T132703.L2.OC_AOP.V3_0.nc,PACE_OCI.20250109T132703.L1B.V3.nc,25.616,-16.581999999999994,2025-01-09 06:27:00.000004096+00:00
PACE_OCI.20250218T134450.L2.OC_AOP.V3_0.nc,PACE_OCI.20250218T134450.L1B.V3.nc,26.063,-16.649,2025-02-18 14:26:59.999997440+00:00
PACE_OCI.20250311T144235.L2.OC_AOP.V3_0.nc,PACE_OCI.20250311T144235.L1B.V3.nc,25.873,-16.778999999999996,2025-03-10 17:17:00.000003072+00:00
PACE_OCI.20250330T142313.L2.OC_AOP.V3_0.nc,PACE_OCI.20250330T142313.L1B.V3.nc,25.628,-16.548999999999978,2025-03-30 20:49:59.999995392+00:00
PACE_OCI.20240719T145812.L2.OC_AOP.V3_0.nc,PACE_OCI.20240719T145812.L1B.V3.nc,4.783,-19.59699999999998,2024-07-19 12:16:00.000003072+00:00
PACE_OCI.20241126T141432.L2.OC_AOP.V3_0.nc,PACE_OCI.20241126T141432.L1B.V3.nc,4.927,-21.64299999999997,2024-11-26 12:13:00.000003584+00:00
PACE_OCI.20240401T140807.L2.OC_AOP.V3_0.nc,PACE_OCI.20240401T140807.L1B.V3.nc,25.341,-22.88900000000001,2024-04-01 12:31:00+00:00
PACE_OCI.20240510T135551.L2.OC_AOP.V3_0.nc,PACE_OCI.20240510T135551.L1B.V3.nc,25.517,-22.308,2024-05-11 06:50:00.000002048+00:00
PACE_OCI.20240710T145131.L2.OC_AOP.V3_0.nc,PACE_OCI.20240710T145131.L1B.V3.nc,26.061,-24.089,2024-07-09 23:34:59.999998976+00:00
PACE_OCI.20240730T145520.L2.OC_AOP.V3_0.nc,PACE_OCI.20240730T145520.L1B.V3.nc,26.358,-24.649,2024-07-29 21:02:00.000003072+00:00
PACE_OCI.20240808T151121.L2.OC_AOP.V3_0.nc,PACE_OCI.20240808T151121.L1B.V3.nc,26.509,-24.75999999999999,2024-08-08 21:11:59.999997440+00:00
PACE_OCI.20240907T142317.L2.OC_AOP.V3_0.nc,PACE_OCI.20240907T142317.L1B.V3.nc,26.414,-24.25400000000002,2024-09-07 18:06:59.999994880+00:00
PACE_OCI.20240928T132218.L2.OC_AOP.V3_0.nc,PACE_OCI.20240928T132218.L1B.V3.nc,26.191,-24.26799999999997,2024-09-27 16:01:00.000003072+00:00
PACE_OCI.20241027T133046.L2.OC_AOP.V3_0.nc,PACE_OCI.20241027T133046.L1B.V3.nc,25.55,-23.514999999999983,2024-10-27 13:13:59.999996928+00:00
PACE_OCI.20250105T142450.L2.OC_AOP.V3_0.nc,PACE_OCI.20250105T142450.L1B.V3.nc,26.679,-23.713000000000022,2025-01-05 17:25:00.000004608+00:00
PACE_OCI.20250307T135851.L2.OC_AOP.V3_0.nc,PACE_OCI.20250307T135851.L1B.V3.nc,26.84,-22.911,2025-03-06 22:47:59.999995904+00:00
PACE_OCI.20250415T135931.L2.OC_AOP.V3_0.nc,PACE_OCI.20250415T135931.L1B.V3.nc,26.568,-22.707,2025-04-16 01:38:00.000001536+00:00
PACE_OCI.20240626T114608.L2.OC_AOP.V3_0.nc,PACE_OCI.20240626T114608.L1B.V3.nc,54.455,-16.821000000000026,2024-06-25 13:01:59.999999488+00:00
PACE_OCI.20250402T130242.L2.OC_AOP.V3_0.nc,PACE_OCI.20250402T130242.L1B.V3.nc,55.103,-25.011000000000024,2025-04-01 23:54:59.999997952+00:00
PACE_OCI.20240503T143623.L2.OC_AOP.V3_0.nc,PACE_OCI.20240503T143623.L1B.V3.nc,-2.217,-17.089999999999975,2024-05-03 08:46:00+00:00
PACE_OCI.20240522T141109.L2.OC_AOP.V3_0.nc,PACE_OCI.20240522T141109.L1B.V3.nc,-2.636,-16.613999999999976,2024-05-23 07:27:00.000000512+00:00
PACE_OCI.20250228T143517.L2.OC_AOP.V3_0.nc,PACE_OCI.20250228T143517.L1B.V3.nc,-2.635,-16.50400000000002,2025-02-27 18:58:00.000003584+00:00
PACE_OCI.20250319T142132.L2.OC_AOP.V3_0.nc,PACE_OCI.20250319T142132.L1B.V3.nc,-2.655,-17.165999999999997,2025-03-19 21:16:59.999999488+00:00
PACE_OCI.20250428T145549.L2.OC_AOP.V3_0.nc,PACE_OCI.20250428T145549.L1B.V3.nc,-3.314,-19.93599999999998,2025-04-29 05:54:59.999997952+00:00
PACE_OCI.20240411T133012.L2.OC_AOP.V3_0.nc,PACE_OCI.20240411T133012.L1B.V3.nc,41.488,-27.72699999999997,2024-04-11 10:29:00.000003584+00:00
PACE_OCI.20240501T151451.L2.OC_AOP.V3_0.nc,PACE_OCI.20240501T151451.L1B.V3.nc,41.134,-28.24200000000002,2024-05-01 09:20:59.999995392+00:00
PACE_OCI.20240629T150331.L2.OC_AOP.V3_0.nc,PACE_OCI.20240629T150331.L1B.V3.nc,40.865,-28.25,2024-06-30 03:42:00.000000512+00:00
PACE_OCI.20240710T145131.L2.OC_AOP.V3_0.nc,PACE_OCI.20240710T145131.L1B.V3.nc,41.144,-28.28800000000001,2024-07-10 02:01:59.999996416+00:00
PACE_OCI.20240719T150812.L2.OC_AOP.V3_0.nc,PACE_OCI.20240719T150812.L1B.V3.nc,41.204,-28.433,2024-07-20 01:30:00+00:00
PACE_OCI.20240730T145520.L2.OC_AOP.V3_0.nc,PACE_OCI.20240730T145520.L1B.V3.nc,41.094,-28.697000000000003,2024-07-30 00:56:59.999997440+00:00
PACE_OCI.20240808T151121.L2.OC_AOP.V3_0.nc,PACE_OCI.20240808T151121.L1B.V3.nc,41.071,-29.007000000000005,2024-08-08 22:47:59.999995904+00:00
PACE_OCI.20250213T140342.L2.OC_AOP.V3_0.nc,PACE_OCI.20250213T140342.L1B.V3.nc,25.404,-29.01400000000001,2025-02-12 21:28:00.000000512+00:00
PACE_OCI.20250305T142611.L2.OC_AOP.V3_0.nc,PACE_OCI.20250305T142611.L1B.V3.nc,25.184,-29.22800000000001,2025-03-05 00:20:59.999995392+00:00
PACE_OCI.20250404T140333.L2.OC_AOP.V3_0.nc,PACE_OCI.20250404T140333.L1B.V3.nc,24.402,-29.023000000000025,2025-04-04 04:50:59.999995392+00:00
PACE_OCI.20250413T142707.L2.OC_AOP.V3_0.nc,PACE_OCI.20250413T142707.L1B.V3.nc,24.178,-28.84699999999998,2025-04-14 06:31:00+00:00
PACE_OCI.20250217T162600.L2.OC_AOP.V3_0.nc,PACE_OCI.20250217T162600.L1B.V3.nc,18.238,-49.012,2025-02-18 05:45:00.000003584+00:00
PACE_OCI.20250330T160134.L2.OC_AOP.V3_0.nc,PACE_OCI.20250330T160134.L1B.V3.nc,16.114,-49.32400000000001,2025-03-30 08:51:00.000002048+00:00
PACE_OCI.20240422T163338.L2.OC_AOP.V3_0.nc,PACE_OCI.20240422T163338.L1B.V3.nc,31.882,-65.34100000000001,2024-04-22 03:24:00.000004608+00:00
PACE_OCI.20240502T172807.L2.OC_AOP.V3_0.nc,PACE_OCI.20240502T172807.L1B.V3.nc,32.27,-65.25599999999997,2024-05-02 02:15:00+00:00
PACE_OCI.20240522T173748.L2.OC_AOP.V3_0.nc,PACE_OCI.20240522T173748.L1B.V3.nc,32.632,-64.839,2024-05-22 00:44:00.000003584+00:00
PACE_OCI.20240601T165222.L2.OC_AOP.V3_0.nc,PACE_OCI.20240601T165222.L1B.V3.nc,32.675,-64.78899999999999,2024-06-01 01:24:00.000001536+00:00
PACE_OCI.20240620T162428.L2.OC_AOP.V3_0.nc,PACE_OCI.20240620T162428.L1B.V3.nc,32.568,-64.85399999999998,2024-06-21 01:04:59.999998976+00:00
PACE_OCI.20240701T175112.L2.OC_AOP.V3_0.nc,PACE_OCI.20240701T175112.L1B.V3.nc,32.926,-64.47300000000001,2024-07-01 01:36:59.999994880+00:00
PACE_OCI.20240711T170428.L2.OC_AOP.V3_0.nc,PACE_OCI.20240711T170428.L1B.V3.nc,32.941,-65.21499999999997,2024-07-11 01:41:59.999997440+00:00
PACE_OCI.20240810T162025.L2.OC_AOP.V3_0.nc,PACE_OCI.20240810T162025.L1B.V3.nc,33.239,-65.64100000000002,2024-08-10 02:15:00+00:00
PACE_OCI.20240829T172510.L2.OC_AOP.V3_0.nc,PACE_OCI.20240829T172510.L1B.V3.nc,33.268,-67.80099999999999,2024-08-30 02:53:00.000005120+00:00
PACE_OCI.20241019T171401.L2.OC_AOP.V3_0.nc,PACE_OCI.20241019T171401.L1B.V3.nc,32.016,-66.32100000000003,2024-10-19 03:08:00.000001536+00:00
PACE_OCI.20241108T170955.L2.OC_AOP.V3_0.nc,PACE_OCI.20241108T170955.L1B.V3.nc,31.471,-67.03699999999998,2024-11-08 04:33:59.999995904+00:00
PACE_OCI.20250227T172628.L2.OC_AOP.V3_0.nc,PACE_OCI.20250227T172628.L1B.V3.nc,31.633,-68.70999999999998,2025-02-26 20:59:00.000003584+00:00
PACE_OCI.20250308T175106.L2.OC_AOP.V3_0.nc,PACE_OCI.20250308T175106.L1B.V3.nc,32.005,-68.32600000000002,2025-03-08 21:47:00.000003072+00:00
PACE_OCI.20250319T174816.L2.OC_AOP.V3_0.nc,PACE_OCI.20250319T174816.L1B.V3.nc,32.175,-67.719,2025-03-19 01:46:00.000003072+00:00
PACE_OCI.20250418T172400.L2.OC_AOP.V3_0.nc,PACE_OCI.20250418T172400.L1B.V3.nc,32.145,-66.54599999999999,2025-04-18 06:10:00.000004608+00:00
PACE_OCI.20250427T174713.L2.OC_AOP.V3_0.nc,PACE_OCI.20250427T174713.L1B.V3.nc,32.286,-66.75299999999999,2025-04-28 08:37:00.000001536+00:00
PACE_OCI.20240429T140459.L2.OC_AOP.V3_0.nc,PACE_OCI.20240429T140459.L1B.V3.nc,19.99,-22.78800000000001,2024-04-30 00:06:59.999994880+00:00
PACE_OCI.20240807T143649.L2.OC_AOP.V3_0.nc,PACE_OCI.20240807T143649.L1B.V3.nc,19.998,-23.13299999999998,2024-08-07 20:09:00.000001536+00:00
PACE_OCI.20240907T142317.L2.OC_AOP.V3_0.nc,PACE_OCI.20240907T142317.L1B.V3.nc,20.153,-23.944000000000017,2024-09-06 19:12:00.000004096+00:00
PACE_OCI.20241105T134350.L2.OC_AOP.V3_0.nc,PACE_OCI.20241105T134350.L1B.V3.nc,20.972,-26.687999999999988,2024-11-05 19:05:59.999995392+00:00
PACE_OCI.20241225T143554.L2.OC_AOP.V3_0.nc,PACE_OCI.20241225T143554.L1B.V3.nc,22.27,-28.32299999999998,2024-12-26 06:05:00.000002048+00:00
PACE_OCI.20250213T140342.L2.OC_AOP.V3_0.nc,PACE_OCI.20250213T140342.L1B.V3.nc,20.632,-28.754999999999995,2025-02-14 13:40:00.000004608+00:00
PACE_OCI.20250307T135851.L2.OC_AOP.V3_0.nc,PACE_OCI.20250307T135851.L1B.V3.nc,20.311,-28.76400000000001,2025-03-06 16:32:00.000003072+00:00
PACE_OCI.20250415T135931.L2.OC_AOP.V3_0.nc,PACE_OCI.20250415T135931.L1B.V3.nc,20.241,-28.899999999999977,2025-04-15 21:59:59.999996416+00:00
PACE_OCI.20241013T233344.L2.OC_AOP.V3_0.nc,PACE_OCI.20241013T233344.L1B.V3.nc,32.848,-155.995,2024-10-14 19:52:00.000001536+00:00
PACE_OCI.20240613T053307.L2.OC_AOP.V3_0.nc,PACE_OCI.20240613T053307.L1B.V3.nc,-26.227,108.806,2024-06-12 14:15:59.999996416+00:00
PACE_OCI.20250302T155622.L2.OC_AOP.V3_0.nc,PACE_OCI.20250302T155622.L1B.V3.nc,26.97,-35.94,2025-03-02 16:55:00.000001024+00:00
PACE_OCI.20250329T115924.L2.OC_AOP.V3_0.nc,PACE_OCI.20250329T115924.L1B.V3.nc,-19.997,7.969,2025-03-29 04:10:00.000001024+00:00
PACE_OCI.20250408T125830.L2.OC_AOP.V3_0.nc,PACE_OCI.20250408T125830.L1B.V3.nc,-19.892,8.197,2025-04-08 04:26:00.000004096+00:00
PACE_OCI.20240802T200036.L2.OC_AOP.V3_0.nc,PACE_OCI.20240802T200036.L1B.V3.nc,53.889,-137.834,2024-08-02 03:24:00.000004608+00:00
PACE_OCI.20240813T093723.L2.OC_AOP.V3_0.nc,PACE_OCI.20240813T093723.L1B.V3.nc,-31.222,48.506,2024-08-12 23:53:00.000005120+00:00
PACE_OCI.20250202T104153.L2.OC_AOP.V3_0.nc,PACE_OCI.20250202T104153.L1B.V3.nc,-31.864,49.038,2025-02-03 06:39:59.999997952+00:00
PACE_OCI.20240723T234449.L2.OC_AOP.V3_0.nc,PACE_OCI.20240723T234449.L1B.V3.nc,-33.862,-166.957,2024-07-23 07:10:59.999997440+00:00
PACE_OCI.20241101T012207.L2.OC_AOP.V3_0.nc,PACE_OCI.20241101T012207.L1B.V3.nc,-35.38,-168.318,2024-10-31 05:31:00.000003072+00:00
PACE_OCI.20250209T013617.L2.OC_AOP.V3_0.nc,PACE_OCI.20250209T013617.L1B.V3.nc,-32.012,-171.844,2025-02-08 06:45:59.999996416+00:00
PACE_OCI.20240417T181839.L2.OC_AOP.V3_0.nc,PACE_OCI.20240417T181839.L1B.V3.nc,-30.61,-80.36900000000003,2024-04-18 12:06:59.999994880+00:00
PACE_OCI.20240825T180901.L2.OC_AOP.V3_0.nc,PACE_OCI.20240825T180901.L1B.V3.nc,-30.584,-80.233,2024-08-26 07:23:00.000005120+00:00
PACE_OCI.20241123T185500.L2.OC_AOP.V3_0.nc,PACE_OCI.20241123T185500.L1B.V3.nc,-29.464,-80.41199999999998,2024-11-24 07:33:59.999995904+00:00
PACE_OCI.20241214T174828.L2.OC_AOP.V3_0.nc,PACE_OCI.20241214T174828.L1B.V3.nc,-29.336,-80.23500000000001,2024-12-14 07:02:59.999995904+00:00
PACE_OCI.20250122T190501.L2.OC_AOP.V3_0.nc,PACE_OCI.20250122T190501.L1B.V3.nc,-29.293,-80.11200000000002,2025-01-23 05:46:59.999996416+00:00
PACE_OCI.20250304T183045.L2.OC_AOP.V3_0.nc,PACE_OCI.20250304T183045.L1B.V3.nc,-29.255,-79.798,2025-03-04 05:48:59.999998976+00:00
PACE_OCI.20240811T181815.L2.OC_AOP.V3_0.nc,PACE_OCI.20240811T181815.L1B.V3.nc,-37.299,-87.344,2024-08-12 11:48:59.999998976+00:00
PACE_OCI.20250312T231457.L2.OC_AOP.V3_0.nc,PACE_OCI.20250312T231457.L1B.V3.nc,-38.241,-152.47,2025-03-12 04:02:59.999995904+00:00
PACE_OCI.20240423T183158.L2.OC_AOP.V3_0.nc,PACE_OCI.20240423T183158.L1B.V3.nc,-36.818,-77.106,2024-04-23 08:39:00.000004608+00:00
PACE_OCI.20240713T175344.L2.OC_AOP.V3_0.nc,PACE_OCI.20240713T175344.L1B.V3.nc,-36.65,-75.80700000000002,2024-07-14 13:18:00.000002560+00:00
PACE_OCI.20240813T174853.L2.OC_AOP.V3_0.nc,PACE_OCI.20240813T174853.L1B.V3.nc,-37.137,-76.96199999999999,2024-08-14 09:14:59.999996416+00:00
PACE_OCI.20240913T173417.L2.OC_AOP.V3_0.nc,PACE_OCI.20240913T173417.L1B.V3.nc,-37.406,-77.58100000000002,2024-09-14 03:25:00.000001024+00:00
PACE_OCI.20241003T173651.L2.OC_AOP.V3_0.nc,PACE_OCI.20241003T173651.L1B.V3.nc,-37.6,-77.81700000000001,2024-10-04 16:01:59.999999488+00:00
PACE_OCI.20241115T173753.L2.OC_AOP.V3_0.nc,PACE_OCI.20241115T173753.L1B.V3.nc,-37.521,-78.055,2024-11-14 18:03:59.999995904+00:00
PACE_OCI.20241125T182509.L2.OC_AOP.V3_0.nc,PACE_OCI.20241125T182509.L1B.V3.nc,-37.456,-78.113,2024-11-25 01:10:00.000001024+00:00
PACE_OCI.20241214T174828.L2.OC_AOP.V3_0.nc,PACE_OCI.20241214T174828.L1B.V3.nc,-37.322,-78.35300000000001,2024-12-15 13:58:59.999996928+00:00
PACE_OCI.20241225T173732.L2.OC_AOP.V3_0.nc,PACE_OCI.20241225T173732.L1B.V3.nc,-37.285,-78.531,2024-12-25 19:54:00.000004608+00:00
PACE_OCI.20250114T174354.L2.OC_AOP.V3_0.nc,PACE_OCI.20250114T174354.L1B.V3.nc,-37.089,-78.92200000000003,2025-01-15 09:17:59.999995904+00:00
PACE_OCI.20250225T173844.L2.OC_AOP.V3_0.nc,PACE_OCI.20250225T173844.L1B.V3.nc,-36.368,-78.53300000000002,2025-02-25 11:46:59.999996416+00:00
PACE_OCI.20250308T191428.L2.OC_AOP.V3_0.nc,PACE_OCI.20250308T191428.L1B.V3.nc,-36.616,-78.24900000000002,2025-03-07 19:18:00.000002560+00:00
PACE_OCI.20250115T001710.L2.OC_AOP.V3_0.nc,PACE_OCI.20250115T001710.L1B.V3.nc,-34.161,-156.617,2025-01-15 10:04:59.999998976+00:00
PACE_OCI.20250215T165313.L2.OC_AOP.V3_0.nc,PACE_OCI.20250215T165313.L1B.V3.nc,13.572,-56.519000000000005,2025-02-16 05:34:59.999998976+00:00
PACE_OCI.20240924T171821.L2.OC_AOP.V3_0.nc,PACE_OCI.20240924T171821.L1B.V3.nc,-36.158,-45.71199999999999,2024-09-24 21:31:59.999996416+00:00
PACE_OCI.20241014T154131.L2.OC_AOP.V3_0.nc,PACE_OCI.20241014T154131.L1B.V3.nc,-38.235,-47.22300000000001,2024-10-15 09:19:59.999998976+00:00
PACE_OCI.20250321T041357.L2.OC_AOP.V3_0.nc,PACE_OCI.20250321T041357.L1B.V3.nc,27.064,133.506,2025-03-20 09:53:59.999997952+00:00
PACE_OCI.20240601T034049.L2.OC_AOP.V3_0.nc,PACE_OCI.20240601T034049.L1B.V3.nc,27.262,137.078,2024-06-01 12:53:59.999997952+00:00
PACE_OCI.20240410T092330.L2.OC_AOP.V3_0.nc,PACE_OCI.20240410T092330.L1B.V3.nc,-11.507,58.285,2024-04-10 11:43:59.999996928+00:00
PACE_OCI.20240629T095335.L2.OC_AOP.V3_0.nc,PACE_OCI.20240629T095335.L1B.V3.nc,-11.239,58.456,2024-06-29 10:46:00.000003072+00:00
PACE_OCI.20240907T091824.L2.OC_AOP.V3_0.nc,PACE_OCI.20240907T091824.L1B.V3.nc,-11.664,58.973,2024-09-07 07:18:00.000002560+00:00
PACE_OCI.20241006T093452.L2.OC_AOP.V3_0.nc,PACE_OCI.20241006T093452.L1B.V3.nc,-11.529,58.476,2024-10-07 05:31:00.000003072+00:00
PACE_OCI.20241026T093005.L2.OC_AOP.V3_0.nc,PACE_OCI.20241026T093005.L1B.V3.nc,-11.282,58.389,2024-10-27 05:39:00.000004608+00:00
PACE_OCI.20241106T091315.L2.OC_AOP.V3_0.nc,PACE_OCI.20241106T091315.L1B.V3.nc,-11.033,58.223,2024-11-06 04:54:00.000004608+00:00
PACE_OCI.20241115T093129.L2.OC_AOP.V3_0.nc,PACE_OCI.20241115T093129.L1B.V3.nc,-10.992,58.143,2024-11-16 04:04:59.999998976+00:00
PACE_OCI.20241126T091441.L2.OC_AOP.V3_0.nc,PACE_OCI.20241126T091441.L1B.V3.nc,-10.944,57.907,2024-11-26 04:21:00.000002048+00:00
PACE_OCI.20250315T084248.L2.OC_AOP.V3_0.nc,PACE_OCI.20250315T084248.L1B.V3.nc,-10.465,57.538,2025-03-15 21:36:59.999998464+00:00
PACE_OCI.20250404T090328.L2.OC_AOP.V3_0.nc,PACE_OCI.20250404T090328.L1B.V3.nc,-11.111,58.037,2025-04-04 19:35:00.000002048+00:00
PACE_OCI.20250415T085427.L2.OC_AOP.V3_0.nc,PACE_OCI.20250415T085427.L1B.V3.nc,-11.852,58.088,2025-04-14 19:29:00.000003584+00:00
PACE_OCI.20250424T091745.L2.OC_AOP.V3_0.nc,PACE_OCI.20250424T091745.L1B.V3.nc,-11.49,58.515,2025-04-24 19:26:00.000004096+00:00
PACE_OCI.20240507T101747.L2.OC_AOP.V3_0.nc,PACE_OCI.20240507T101747.L1B.V3.nc,-25.889,52.472,2024-05-07 20:03:00.000002560+00:00
PACE_OCI.20240607T101610.L2.OC_AOP.V3_0.nc,PACE_OCI.20240607T101610.L1B.V3.nc,-24.827,52.405,2024-06-06 17:15:59.999996416+00:00
PACE_OCI.20240627T102231.L2.OC_AOP.V3_0.nc,PACE_OCI.20240627T102231.L1B.V3.nc,-25.116,51.857,2024-06-26 16:01:00.000003072+00:00
PACE_OCI.20240706T103942.L2.OC_AOP.V3_0.nc,PACE_OCI.20240706T103942.L1B.V3.nc,-25.286,51.351,2024-07-06 14:48:00.000002560+00:00
PACE_OCI.20240716T095245.L2.OC_AOP.V3_0.nc,PACE_OCI.20240716T095245.L1B.V3.nc,-25.441,50.998,2024-07-16 14:23:59.999997952+00:00
PACE_OCI.20240727T094006.L2.OC_AOP.V3_0.nc,PACE_OCI.20240727T094006.L1B.V3.nc,-25.805,50.803,2024-07-26 12:39:00.000001536+00:00
PACE_OCI.20241123T104336.L2.OC_AOP.V3_0.nc,PACE_OCI.20241123T104336.L1B.V3.nc,-27.128,50.347,2024-11-23 03:39:00.000001536+00:00
PACE_OCI.20241203T095229.L2.OC_AOP.V3_0.nc,PACE_OCI.20241203T095229.L1B.V3.nc,-27.676,49.579,2024-12-03 02:01:59.999996416+00:00
PACE_OCI.20241213T090208.L2.OC_AOP.V3_0.nc,PACE_OCI.20241213T090208.L1B.V3.nc,-28.319,49.466,2024-12-13 01:04:00.000002560+00:00
PACE_OCI.20241222T091959.L2.OC_AOP.V3_0.nc,PACE_OCI.20241222T091959.L1B.V3.nc,-28.672,49.754,2024-12-23 01:26:00.000004096+00:00
PACE_OCI.20250112T100118.L2.OC_AOP.V3_0.nc,PACE_OCI.20250112T100118.L1B.V3.nc,-28.519,50.754,2025-01-12 00:00:00+00:00
PACE_OCI.20250201T100711.L2.OC_AOP.V3_0.nc,PACE_OCI.20250201T100711.L1B.V3.nc,-28.303,50.853,2025-01-31 22:23:00.000005120+00:00
PACE_OCI.20250211T092549.L2.OC_AOP.V3_0.nc,PACE_OCI.20250211T092549.L1B.V3.nc,-28.154,50.869,2025-02-10 21:14:00+00:00
PACE_OCI.20240414T082657.L2.OC_AOP.V3_0.nc,PACE_OCI.20240414T082657.L1B.V3.nc,-7.814,76.415,2024-04-15 02:43:00.000000512+00:00
PACE_OCI.20241101T080516.L2.OC_AOP.V3_0.nc,PACE_OCI.20241101T080516.L1B.V3.nc,-10.65,77.812,2024-11-01 01:41:59.999997440+00:00
PACE_OCI.20241231T080428.L2.OC_AOP.V3_0.nc,PACE_OCI.20241231T080428.L1B.V3.nc,-11.367,75.707,2024-12-31 02:20:00.000002048+00:00
PACE_OCI.20250218T083943.L2.OC_AOP.V3_0.nc,PACE_OCI.20250218T083943.L1B.V3.nc,-12.881,75.534,2025-02-19 03:16:59.999999488+00:00
PACE_OCI.20250321T072041.L2.OC_AOP.V3_0.nc,PACE_OCI.20250321T072041.L1B.V3.nc,-13.575,75.075,2025-03-21 03:16:00.000003072+00:00
PACE_OCI.20240607T101610.L2.OC_AOP.V3_0.nc,PACE_OCI.20240607T101610.L1B.V3.nc,-12.626,46.554,2024-06-07 16:29:00.000003584+00:00
PACE_OCI.20240618T100505.L2.OC_AOP.V3_0.nc,PACE_OCI.20240618T100505.L1B.V3.nc,-11.906,46.781,2024-06-17 16:16:59.999996416+00:00
PACE_OCI.20240627T102231.L2.OC_AOP.V3_0.nc,PACE_OCI.20240627T102231.L1B.V3.nc,-11.729,46.627,2024-06-27 15:08:00.000001536+00:00
PACE_OCI.20240728T101940.L2.OC_AOP.V3_0.nc,PACE_OCI.20240728T101940.L1B.V3.nc,-12.011,47.669,2024-07-27 13:21:59.999998464+00:00
PACE_OCI.20240806T103540.L2.OC_AOP.V3_0.nc,PACE_OCI.20240806T103540.L1B.V3.nc,-12.929,47.561,2024-08-06 11:51:59.999998464+00:00
PACE_OCI.20240817T102205.L2.OC_AOP.V3_0.nc,PACE_OCI.20240817T102205.L1B.V3.nc,-13.354,47.52,2024-08-16 11:34:59.999998976+00:00
PACE_OCI.20240826T103703.L2.OC_AOP.V3_0.nc,PACE_OCI.20240826T103703.L1B.V3.nc,-13.201,47.624,2024-08-26 10:32:00.000003072+00:00
PACE_OCI.20240906T102219.L2.OC_AOP.V3_0.nc,PACE_OCI.20240906T102219.L1B.V3.nc,-13.363,47.506,2024-09-05 10:43:00.000003584+00:00
PACE_OCI.20240925T095112.L2.OC_AOP.V3_0.nc,PACE_OCI.20240925T095112.L1B.V3.nc,-13.207,47.638,2024-09-25 09:03:59.999995904+00:00
PACE_OCI.20241015T094734.L2.OC_AOP.V3_0.nc,PACE_OCI.20241015T094734.L1B.V3.nc,-12.793,47.397,2024-10-15 06:48:59.999995904+00:00
PACE_OCI.20241103T091354.L2.OC_AOP.V3_0.nc,PACE_OCI.20241103T091354.L1B.V3.nc,-12.823,47.364,2024-11-04 05:48:00.000002560+00:00
PACE_OCI.20241123T091019.L2.OC_AOP.V3_0.nc,PACE_OCI.20241123T091019.L1B.V3.nc,-13.005,47.238,2024-11-24 04:27:00.000000512+00:00
PACE_OCI.20250202T104153.L2.OC_AOP.V3_0.nc,PACE_OCI.20250202T104153.L1B.V3.nc,-12.888,47.033,2025-02-02 01:19:59.999995392+00:00
PACE_OCI.20250304T102355.L2.OC_AOP.V3_0.nc,PACE_OCI.20250304T102355.L1B.V3.nc,-13.436,47.345,2025-03-03 23:35:59.999995392+00:00
PACE_OCI.20250313T091009.L2.OC_AOP.V3_0.nc,PACE_OCI.20250313T091009.L1B.V3.nc,-13.636,47.209,2025-03-13 23:26:59.999997440+00:00
PACE_OCI.20250324T104026.L2.OC_AOP.V3_0.nc,PACE_OCI.20250324T104026.L1B.V3.nc,-13.524,47.308,2025-03-23 23:28:00.000003584+00:00
PACE_OCI.20250403T100124.L2.OC_AOP.V3_0.nc,PACE_OCI.20250403T100124.L1B.V3.nc,-13.75,47.288,2025-04-02 22:52:59.999998464+00:00
PACE_OCI.20250413T092202.L2.OC_AOP.V3_0.nc,PACE_OCI.20250413T092202.L1B.V3.nc,-13.834,47.216,2025-04-12 22:49:00.000002560+00:00
PACE_OCI.20250422T094523.L2.OC_AOP.V3_0.nc,PACE_OCI.20250422T094523.L1B.V3.nc,-13.608,47.41,2025-04-22 21:48:59.999995904+00:00
PACE_OCI.20240418T171520.L2.OC_AOP.V3_0.nc,PACE_OCI.20240418T171520.L1B.V3.nc,-38.646,-53.767,2024-04-18 06:08:59.999997952+00:00
PACE_OCI.20241019T165401.L2.OC_AOP.V3_0.nc,PACE_OCI.20241019T165401.L1B.V3.nc,-38.954,-40.40199999999999,2024-10-20 05:03:59.999998976+00:00
PACE_OCI.20241013T215535.L2.OC_AOP.V3_0.nc,PACE_OCI.20241013T215535.L1B.V3.nc,18.954,-125.731,2024-10-14 00:36:59.999998464+00:00
PACE_OCI.20241201T202708.L2.OC_AOP.V3_0.nc,PACE_OCI.20241201T202708.L1B.V3.nc,18.805,-125.654,2024-12-02 18:02:59.999999488+00:00
PACE_OCI.20241221T202827.L2.OC_AOP.V3_0.nc,PACE_OCI.20241221T202827.L1B.V3.nc,19.021,-125.698,2024-12-22 15:10:00.000004608+00:00
PACE_OCI.20250110T203503.L2.OC_AOP.V3_0.nc,PACE_OCI.20250110T203503.L1B.V3.nc,19.03,-125.706,2025-01-11 11:56:00.000004096+00:00
PACE_OCI.20240621T003103.L2.OC_AOP.V3_0.nc,PACE_OCI.20240621T003103.L1B.V3.nc,8.485,-162.727,2024-06-20 20:01:59.999996416+00:00
PACE_OCI.20240829T235321.L2.OC_AOP.V3_0.nc,PACE_OCI.20240829T235321.L1B.V3.nc,7.913,-163.59,2024-08-29 13:27:59.999996928+00:00
PACE_OCI.20240908T001302.L2.OC_AOP.V3_0.nc,PACE_OCI.20240908T001302.L1B.V3.nc,8.144,-163.62,2024-09-08 12:47:00.000003072+00:00
PACE_OCI.20250106T000940.L2.OC_AOP.V3_0.nc,PACE_OCI.20250106T000940.L1B.V3.nc,10.458,-161.849,2025-01-06 00:03:59.999995904+00:00
PACE_OCI.20250203T225447.L2.OC_AOP.V3_0.nc,PACE_OCI.20250203T225447.L1B.V3.nc,10.906,-159.85,2025-02-04 21:22:00.000001536+00:00
PACE_OCI.20250213T234856.L2.OC_AOP.V3_0.nc,PACE_OCI.20250213T234856.L1B.V3.nc,10.896,-159.225,2025-02-14 21:16:00.000003072+00:00
PACE_OCI.20250224T234640.L2.OC_AOP.V3_0.nc,PACE_OCI.20250224T234640.L1B.V3.nc,10.688,-158.651,2025-02-24 20:31:59.999999488+00:00
PACE_OCI.20250306T001123.L2.OC_AOP.V3_0.nc,PACE_OCI.20250306T001123.L1B.V3.nc,10.52,-158.851,2025-03-06 19:49:00.000002560+00:00
PACE_OCI.20250315T233307.L2.OC_AOP.V3_0.nc,PACE_OCI.20250315T233307.L1B.V3.nc,10.346,-159.569,2025-03-16 19:47:59.999995904+00:00
PACE_OCI.20250325T225428.L2.OC_AOP.V3_0.nc,PACE_OCI.20250325T225428.L1B.V3.nc,10.155,-160.504,2025-03-26 18:44:00.000003584+00:00
PACE_OCI.20250414T231418.L2.OC_AOP.V3_0.nc,PACE_OCI.20250414T231418.L1B.V3.nc,10.151,-162.442,2025-04-15 16:29:00.000003584+00:00
PACE_OCI.20250115T001710.L2.OC_AOP.V3_0.nc,PACE_OCI.20250115T001710.L1B.V3.nc,-25.924,-158.566,2025-01-15 09:11:59.999997440+00:00
PACE_OCI.20250224T234140.L2.OC_AOP.V3_0.nc,PACE_OCI.20250224T234140.L1B.V3.nc,-25.603,-159.43,2025-02-24 06:16:59.999999488+00:00
PACE_OCI.20250406T001909.L2.OC_AOP.V3_0.nc,PACE_OCI.20250406T001909.L1B.V3.nc,-26.367,-160.712,2025-04-05 00:50:00.000002048+00:00
PACE_OCI.20250218T021114.L2.OC_AOP.V3_0.nc,PACE_OCI.20250218T021114.L1B.V3.nc,4.128,170.782,2025-02-18 09:14:59.999996416+00:00
PACE_OCI.20250331T014639.L2.OC_AOP.V3_0.nc,PACE_OCI.20250331T014639.L1B.V3.nc,4.728,169.288,2025-03-30 21:02:00.000003072+00:00
PACE_OCI.20240418T010200.L2.OC_AOP.V3_0.nc,PACE_OCI.20240418T010200.L1B.V3.nc,2.262,-173.28,2024-04-17 23:34:00.000002560+00:00
PACE_OCI.20240627T233401.L2.OC_AOP.V3_0.nc,PACE_OCI.20240627T233401.L1B.V3.nc,2.421,-171.451,2024-06-27 23:51:00.000002048+00:00
PACE_OCI.20240717T234349.L2.OC_AOP.V3_0.nc,PACE_OCI.20240717T234349.L1B.V3.nc,2.145,-169.755,2024-07-17 20:40:59.999997440+00:00
PACE_OCI.20240828T002249.L2.OC_AOP.V3_0.nc,PACE_OCI.20240828T002249.L1B.V3.nc,2.628,-168.803,2024-08-27 12:34:59.999995392+00:00
PACE_OCI.20240908T000802.L2.OC_AOP.V3_0.nc,PACE_OCI.20240908T000802.L1B.V3.nc,2.527,-169.38,2024-09-07 00:11:00.000001024+00:00
PACE_OCI.20240926T004046.L2.OC_AOP.V3_0.nc,PACE_OCI.20240926T004046.L1B.V3.nc,2.743,-169.697,2024-09-26 19:32:00.000003072+00:00
PACE_OCI.20241107T000249.L2.OC_AOP.V3_0.nc,PACE_OCI.20241107T000249.L1B.V3.nc,2.554,-169.408,2024-11-06 10:18:00.000002560+00:00
PACE_OCI.20241126T235913.L2.OC_AOP.V3_0.nc,PACE_OCI.20241126T235913.L1B.V3.nc,2.149,-168.088,2024-11-26 13:38:59.999997952+00:00
PACE_OCI.20250106T000940.L2.OC_AOP.V3_0.nc,PACE_OCI.20250106T000940.L1B.V3.nc,1.994,-165.07,2025-01-06 04:24:59.999997952+00:00
PACE_OCI.20250116T235317.L2.OC_AOP.V3_0.nc,PACE_OCI.20250116T235317.L1B.V3.nc,1.885,-164.009,2025-01-16 08:03:59.999998976+00:00
PACE_OCI.20250126T001047.L2.OC_AOP.V3_0.nc,PACE_OCI.20250126T001047.L1B.V3.nc,1.808,-163.298,2025-01-26 19:57:00.000004096+00:00
PACE_OCI.20250205T235928.L2.OC_AOP.V3_0.nc,PACE_OCI.20250205T235928.L1B.V3.nc,1.7,-161.865,2025-02-05 11:48:59.999998976+00:00
PACE_OCI.20250215T232142.L2.OC_AOP.V3_0.nc,PACE_OCI.20250215T232142.L1B.V3.nc,2.239,-160.535,2025-02-15 16:04:59.999998976+00:00
PACE_OCI.20250226T002214.L2.OC_AOP.V3_0.nc,PACE_OCI.20250226T002214.L1B.V3.nc,2.166,-159.821,2025-02-25 19:44:59.999996416+00:00
PACE_OCI.20250320T195707.L2.OC_AOP.V3_0.nc,PACE_OCI.20250320T195707.L1B.V3.nc,21.679,-117.954,2025-03-20 02:31:00.000003072+00:00
PACE_OCI.20250409T201720.L2.OC_AOP.V3_0.nc,PACE_OCI.20250409T201720.L1B.V3.nc,22.076,-117.647,2025-04-09 17:54:59.999997952+00:00
PACE_OCI.20250420T201305.L2.OC_AOP.V3_0.nc,PACE_OCI.20250420T201305.L1B.V3.nc,22.064,-117.515,2025-04-20 00:45:00+00:00
PACE_OCI.20250416T142454.L2.OC_AOP.V3_0.nc,PACE_OCI.20250416T142454.L1B.V3.nc,-15.386,-13.74599999999998,2025-04-17 10:54:00.000004608+00:00
PACE_OCI.20250426T134510.L2.OC_AOP.V3_0.nc,PACE_OCI.20250426T134510.L1B.V3.nc,-15.777,-13.76600000000002,2025-04-27 11:37:59.999998464+00:00
PACE_OCI.20250228T180201.L2.OC_AOP.V3_0.nc,PACE_OCI.20250228T180201.L1B.V3.nc,30.159,-71.452,2025-03-01 01:24:59.999997952+00:00
PACE_OCI.20250311T175919.L2.OC_AOP.V3_0.nc,PACE_OCI.20250311T175919.L1B.V3.nc,30.215,-71.67899999999997,2025-03-11 07:55:00.000001024+00:00
PACE_OCI.20250320T182345.L2.OC_AOP.V3_0.nc,PACE_OCI.20250320T182345.L1B.V3.nc,30.165,-72.18599999999998,2025-03-21 14:25:00.000004608+00:00
PACE_OCI.20250411T181125.L2.OC_AOP.V3_0.nc,PACE_OCI.20250411T181125.L1B.V3.nc,30.162,-73.02999999999997,2025-04-11 02:45:00.000003584+00:00
PACE_OCI.20250501T165149.L2.OC_AOP.V3_0.nc,PACE_OCI.20250501T165149.L1B.V3.nc,30.328,-73.87599999999998,2025-05-01 14:57:00.000000512+00:00
PACE_OCI.20240422T032159.L2.OC_AOP.V3_0.nc,PACE_OCI.20240422T032159.L1B.V3.nc,-0.475,142.7,2024-04-21 20:51:00.000002048+00:00
PACE_OCI.20240813T031411.L2.OC_AOP.V3_0.nc,PACE_OCI.20240813T031411.L1B.V3.nc,0.102,147.074,2024-08-13 02:12:59.999996928+00:00
PACE_OCI.20240923T034747.L2.OC_AOP.V3_0.nc,PACE_OCI.20240923T034747.L1B.V3.nc,1.469,148.747,2024-09-23 05:53:00.000005120+00:00
PACE_OCI.20250306T032307.L2.OC_AOP.V3_0.nc,PACE_OCI.20250306T032307.L1B.V3.nc,0.436,146.018,2025-03-06 23:14:00.000003584+00:00
PACE_OCI.20241027T015750.L2.OC_AOP.V3_0.nc,PACE_OCI.20241027T015750.L1B.V3.nc,8.466,174.098,2024-10-26 23:35:59.999995392+00:00
PACE_OCI.20250218T021114.L2.OC_AOP.V3_0.nc,PACE_OCI.20250218T021114.L1B.V3.nc,7.229,170.561,2025-02-17 14:34:00.000002560+00:00
PACE_OCI.20250320T015506.L2.OC_AOP.V3_0.nc,PACE_OCI.20250320T015506.L1B.V3.nc,7.441,169.512,2025-03-20 12:24:00.000004608+00:00
PACE_OCI.20250411T014249.L2.OC_AOP.V3_0.nc,PACE_OCI.20250411T014249.L1B.V3.nc,8.179,168.752,2025-04-10 04:58:59.999996928+00:00
PACE_OCI.20240420T233022.L2.OC_AOP.V3_0.nc,PACE_OCI.20240420T233022.L1B.V3.nc,8.111,-169.667,2024-04-21 16:44:00+00:00
PACE_OCI.20240613T004810.L2.OC_AOP.V3_0.nc,PACE_OCI.20240613T004810.L1B.V3.nc,7.479,-174.085,2024-06-12 06:22:00.000001536+00:00
PACE_OCI.20240803T004531.L2.OC_AOP.V3_0.nc,PACE_OCI.20240803T004531.L1B.V3.nc,7.728,-175.266,2024-08-02 20:37:00.000001536+00:00
PACE_OCI.20240912T234806.L2.OC_AOP.V3_0.nc,PACE_OCI.20240912T234806.L1B.V3.nc,7.148,-174.136,2024-09-13 01:47:59.999995904+00:00
PACE_OCI.20240923T003613.L2.OC_AOP.V3_0.nc,PACE_OCI.20240923T003613.L1B.V3.nc,6.911,-173.199,2024-09-23 09:42:59.999996928+00:00
PACE_OCI.20241013T003258.L2.OC_AOP.V3_0.nc,PACE_OCI.20241013T003258.L1B.V3.nc,7.452,-171.889,2024-10-14 00:10:00.000004608+00:00
PACE_OCI.20241025T004934.L2.OC_AOP.V3_0.nc,PACE_OCI.20241025T004934.L1B.V3.nc,7.052,-170.971,2024-10-24 06:51:59.999994880+00:00
PACE_OCI.20241102T232410.L2.OC_AOP.V3_0.nc,PACE_OCI.20241102T232410.L1B.V3.nc,6.626,-170.044,2024-11-03 13:55:59.999997440+00:00
PACE_OCI.20241114T004550.L2.OC_AOP.V3_0.nc,PACE_OCI.20241114T004550.L1B.V3.nc,7.044,-169.523,2024-11-13 21:27:00.000004096+00:00
PACE_OCI.20250104T233500.L2.OC_AOP.V3_0.nc,PACE_OCI.20250104T233500.L1B.V3.nc,7.707,-167.486,2025-01-04 12:53:00.000001536+00:00
PACE_OCI.20250204T002806.L2.OC_AOP.V3_0.nc,PACE_OCI.20250204T002806.L1B.V3.nc,7.86,-168.532,2025-02-04 12:20:59.999995392+00:00
PACE_OCI.20250213T234856.L2.OC_AOP.V3_0.nc,PACE_OCI.20250213T234856.L1B.V3.nc,7.871,-168.91,2025-02-14 20:01:00+00:00
PACE_OCI.20250224T234640.L2.OC_AOP.V3_0.nc,PACE_OCI.20250224T234640.L1B.V3.nc,7.751,-169.545,2025-02-25 03:38:00.000005120+00:00
PACE_OCI.20250307T004655.L2.OC_AOP.V3_0.nc,PACE_OCI.20250307T004655.L1B.V3.nc,7.655,-170.205,2025-03-07 11:49:59.999995392+00:00
PACE_OCI.20250317T000836.L2.OC_AOP.V3_0.nc,PACE_OCI.20250317T000836.L1B.V3.nc,7.64,-170.684,2025-03-17 19:27:00.000000512+00:00
PACE_OCI.20250116T171001.L2.OC_AOP.V3_0.nc,PACE_OCI.20250116T171001.L1B.V3.nc,-49.784,-47.95600000000002,2025-01-16 01:10:59.999997440+00:00
PACE_OCI.20250125T172731.L2.OC_AOP.V3_0.nc,PACE_OCI.20250125T172731.L1B.V3.nc,-50.276,-47.22500000000002,2025-01-26 07:35:00.000002048+00:00
PACE_OCI.20241020T042157.L2.OC_AOP.V3_0.nc,PACE_OCI.20241020T042157.L1B.V3.nc,-41.871,129.453,2024-10-19 11:00:00.000003584+00:00
PACE_OCI.20250311T193241.L2.OC_AOP.V3_0.nc,PACE_OCI.20250311T193241.L1B.V3.nc,8.658,-90.122,2025-03-12 02:06:59.999998464+00:00
PACE_OCI.20250412T184648.L2.OC_AOP.V3_0.nc,PACE_OCI.20250412T184648.L1B.V3.nc,10.126,-89.85300000000001,2025-04-12 01:55:59.999997440+00:00
PACE_OCI.20241116T195523.L2.OC_AOP.V3_0.nc,PACE_OCI.20241116T195523.L1B.V3.nc,2.682,-93.235,2024-11-17 11:54:00.000001536+00:00
PACE_OCI.20250118T183427.L2.OC_AOP.V3_0.nc,PACE_OCI.20250118T183427.L1B.V3.nc,2.892,-94.48399999999998,2025-01-18 03:48:59.999995904+00:00
PACE_OCI.20250310T185710.L2.OC_AOP.V3_0.nc,PACE_OCI.20250310T185710.L1B.V3.nc,2.441,-93.62,2025-03-10 12:42:59.999996928+00:00
PACE_OCI.20250319T192138.L2.OC_AOP.V3_0.nc,PACE_OCI.20250319T192138.L1B.V3.nc,2.727,-93.961,2025-03-20 18:47:59.999999488+00:00
PACE_OCI.20241121T192951.L2.OC_AOP.V3_0.nc,PACE_OCI.20241121T192951.L1B.V3.nc,-1.181,-94.978,2024-11-21 09:20:59.999995392+00:00
PACE_OCI.20250211T192103.L2.OC_AOP.V3_0.nc,PACE_OCI.20250211T192103.L1B.V3.nc,-0.801,-95.176,2025-02-11 10:58:59.999996928+00:00
PACE_OCI.20250220T194605.L2.OC_AOP.V3_0.nc,PACE_OCI.20250220T194605.L1B.V3.nc,-1.39,-94.41199999999998,2025-02-21 17:15:59.999996416+00:00
PACE_OCI.20250303T194336.L2.OC_AOP.V3_0.nc,PACE_OCI.20250303T194336.L1B.V3.nc,-1.456,-93.98000000000002,2025-03-04 00:02:59.999999488+00:00
PACE_OCI.20250313T190521.L2.OC_AOP.V3_0.nc,PACE_OCI.20250313T190521.L1B.V3.nc,-1.963,-93.49400000000004,2025-03-14 06:02:59.999999488+00:00
PACE_OCI.20241108T201629.L2.OC_AOP.V3_0.nc,PACE_OCI.20241108T201629.L1B.V3.nc,7.228,-99.43200000000002,2024-11-08 09:48:59.999995904+00:00
PACE_OCI.20250119T190910.L2.OC_AOP.V3_0.nc,PACE_OCI.20250119T190910.L1B.V3.nc,7.526,-101.48000000000002,2025-01-19 09:24:00.000004608+00:00
PACE_OCI.20250128T192636.L2.OC_AOP.V3_0.nc,PACE_OCI.20250128T192636.L1B.V3.nc,7.425,-101.70800000000004,2025-01-29 16:40:00.000004608+00:00
PACE_OCI.20250209T194824.L2.OC_AOP.V3_0.nc,PACE_OCI.20250209T194824.L1B.V3.nc,7.283,-102.07,2025-02-08 23:04:59.999995392+00:00
PACE_OCI.20250311T193241.L2.OC_AOP.V3_0.nc,PACE_OCI.20250311T193241.L1B.V3.nc,7.135,-102.336,2025-03-11 19:33:59.999995904+00:00
PACE_OCI.20250410T191423.L2.OC_AOP.V3_0.nc,PACE_OCI.20250410T191423.L1B.V3.nc,7.354,-102.555,2025-04-11 15:33:59.999998976+00:00
PACE_OCI.20250131T193222.L2.OC_AOP.V3_0.nc,PACE_OCI.20250131T193222.L1B.V3.nc,11.97,-106.077,2025-01-31 04:16:00+00:00
PACE_OCI.20250209T195324.L2.OC_AOP.V3_0.nc,PACE_OCI.20250209T195324.L1B.V3.nc,11.817,-106.022,2025-02-10 10:38:59.999997952+00:00
PACE_OCI.20250220T194605.L2.OC_AOP.V3_0.nc,PACE_OCI.20250220T194605.L1B.V3.nc,11.52,-106.082,2025-02-20 17:40:59.999997440+00:00
PACE_OCI.20250303T194336.L2.OC_AOP.V3_0.nc,PACE_OCI.20250303T194336.L1B.V3.nc,11.573,-106.15,2025-03-02 23:51:59.999998464+00:00
PACE_OCI.20250313T190521.L2.OC_AOP.V3_0.nc,PACE_OCI.20250313T190521.L1B.V3.nc,11.65,-106.149,2025-03-13 06:17:59.999995904+00:00
PACE_OCI.20250402T192609.L2.OC_AOP.V3_0.nc,PACE_OCI.20250402T192609.L1B.V3.nc,11.167,-105.802,2025-04-02 19:26:00.000004096+00:00
PACE_OCI.20240708T215347.L2.OC_AOP.V3_0.nc,PACE_OCI.20240708T215347.L1B.V3.nc,40.043,-139.964,2024-07-08 16:52:00.000001536+00:00
PACE_OCI.20240709T205007.L2.OC_AOP.V3_0.nc,PACE_OCI.20240709T205007.L1B.V3.nc,40.058,-139.965,2024-07-09 16:41:59.999997440+00:00
PACE_OCI.20240709T205007.L2.OC_AOP.V3_0.nc,PACE_OCI.20240709T205007.L1B.V3.nc,40.064,-139.954,2024-07-10 17:29:00+00:00
PACE_OCI.20240926T220328.L2.OC_AOP.V3_0.nc,PACE_OCI.20240926T220328.L1B.V3.nc,40.289,-140.301,2024-09-26 08:45:00.000003584+00:00
PACE_OCI.20240930T224214.L2.OC_AOP.V3_0.nc,PACE_OCI.20240930T224214.L1B.V3.nc,40.382,-140.267,2024-10-01 15:28:00.000000512+00:00
PACE_OCI.20241106T205614.L2.OC_AOP.V3_0.nc,PACE_OCI.20241106T205614.L1B.V3.nc,40.553,-139.448,2024-11-07 11:08:00.000005120+00:00
PACE_OCI.20250309T090913.L2.OC_AOP.V3_0.nc,PACE_OCI.20250309T090913.L1B.V3.nc,40.284,-138.726,2025-03-08 11:23:59.999997952+00:00
PACE_OCI.20240811T232804.L2.OC_AOP.V3_0.nc,PACE_OCI.20240811T232804.L1B.V3.nc,40.505,-149.605,2024-08-11 04:05:59.999995392+00:00
PACE_OCI.20240922T230256.L2.OC_AOP.V3_0.nc,PACE_OCI.20240922T230256.L1B.V3.nc,40.636,-149.236,2024-09-22 05:31:59.999999488+00:00
PACE_OCI.20241114T220330.L2.OC_AOP.V3_0.nc,PACE_OCI.20241114T220330.L1B.V3.nc,2.961,-140.012,2024-11-14 16:27:00.000000512+00:00
PACE_OCI.20241124T225047.L2.OC_AOP.V3_0.nc,PACE_OCI.20241124T225047.L1B.V3.nc,4.005,-139.453,2024-11-24 22:38:00.000001536+00:00
PACE_OCI.20250125T223228.L2.OC_AOP.V3_0.nc,PACE_OCI.20250125T223228.L1B.V3.nc,3.947,-136.715,2025-01-25 13:05:59.999995392+00:00
PACE_OCI.20250204T214610.L2.OC_AOP.V3_0.nc,PACE_OCI.20250204T214610.L1B.V3.nc,3.748,-136.272,2025-02-04 18:59:59.999996416+00:00
PACE_OCI.20250215T214320.L2.OC_AOP.V3_0.nc,PACE_OCI.20250215T214320.L1B.V3.nc,3.925,-135.766,2025-02-15 01:49:59.999998976+00:00
PACE_OCI.20250225T224351.L2.OC_AOP.V3_0.nc,PACE_OCI.20250225T224351.L1B.V3.nc,4.085,-135.307,2025-02-25 07:24:00.000001536+00:00
PACE_OCI.20250327T222202.L2.OC_AOP.V3_0.nc,PACE_OCI.20250327T222202.L1B.V3.nc,3.838,-134.27,2025-03-28 02:37:00.000001536+00:00
PACE_OCI.20250209T163639.L2.OC_AOP.V3_0.nc,PACE_OCI.20250209T163639.L1B.V3.nc,27.225,-46.02199999999999,2025-02-08 18:16:00.000003072+00:00
PACE_OCI.20250219T155847.L2.OC_AOP.V3_0.nc,PACE_OCI.20250219T155847.L1B.V3.nc,27.479,-46.221,2025-02-18 20:26:59.999997440+00:00
PACE_OCI.20250301T152050.L2.OC_AOP.V3_0.nc,PACE_OCI.20250301T152050.L1B.V3.nc,27.563,-46.293000000000006,2025-02-28 21:48:59.999995904+00:00
PACE_OCI.20250330T160134.L2.OC_AOP.V3_0.nc,PACE_OCI.20250330T160134.L1B.V3.nc,26.949,-46.99400000000003,2025-03-31 04:10:00.000001024+00:00
