bbp_440,sig_bbp_440,aph_440,sig_aph_440,adg_440,sig_adg_440,Sdg,sig_Sdg,beta,sig_beta
0.0007184623735537,0.0001083661918031,0.0030551366508007,0.0015990717010572,0.0074494731921371,0.0015288497073022,0.012555367,0.0030287983827292,0.7249397,0.5977996537089347
0.0009844257965857,0.0001340623872958,0.0036423492711037,0.0010515743633732,0.0048568780594721,0.00100131291809,0.014744738,0.0032904133200645,0.97404647,0.6034967309236524
0.0004534945799698,9.17197880814537e-05,0.0062473150901496,0.002590332836844,0.0107037424507792,0.0024100037649009,0.012553166,0.0030224677175283,0.86156094,0.6535857963562012
0.0006065617196755,0.0001014012476845,0.0044303364120423,0.0022884828271344,0.0089506813616633,0.0022243783410333,0.015501784,0.00354566546157,1.4628984,0.5321020770072937
0.0014023687317607,0.0002062951059641,0.0080591249279677,0.0018564333207905,0.0082974011296417,0.0019511172181388,0.013958192,0.0032395387627184,0.9137987,0.5748835241794586
0.0005641625000534,0.0001379228353243,0.0026260251179337,0.0059194478108111,0.0320449096134933,0.0067368489785879,0.013243568,0.002903131339699,1.2186202,0.64598648250103
0.000729854135648,0.0001085230940156,0.0048098629340529,0.000999441621825,0.0039438872901715,0.0008490814706027,0.014251664,0.0033962132968008,1.1816584,0.6188995134830474
0.0009724551904184,0.0001423803854405,0.005815070355311,0.0015061494428664,0.0065685383562097,0.001447194231871,0.013633502,0.0032651592046022,0.8092277,0.597870831489563
0.0016680181101268,0.0002046144252395,0.0069006169214844,0.0022280898410826,0.0114590005254314,0.0025864054939603,0.012894546,0.002943911422044,0.518331,0.4389312490820884
0.000659424639966,0.0001383417707115,0.0054440812673419,0.0055020750514813,0.0216835553909351,0.0054532557639008,0.012450936,0.0029303212277591,0.9526917,0.6656783223152161
0.0030075013080078,0.000680798142554,0.0284441970288753,0.0103899070620536,0.0384080335370704,0.01558955964173,0.012649025,0.002830301541835,0.87201977,0.6163304299116135
0.0005512719409753,8.919353671580027e-05,0.0045412613544613,0.001188912843354,0.0049675431085841,0.0010373693697804,0.012984874,0.0031578989140689,0.78217876,0.6328908476233482
0.0009364294664079,0.000137677602087,0.0040741572156548,0.0015430467855185,0.0074126335351919,0.0015435150891624,0.013079535,0.0031338043697178,0.7781026,0.6005414873361588
0.0012955227276009,0.0002018967985705,0.0006515275454148,0.0017391173524447,0.015678330500476,0.0021607481988685,0.01086027,0.0013467264361679,0.7369987,0.5783837658166884
0.0010993038144321,0.0001787076778994,0.004508274141699,0.0037954877904849,0.0146573565840392,0.0038416053438572,0.0134952795,0.0034710066393017,1.244828,0.5922345221042633
0.001408900881594,0.0002444107491142,0.0005605843907687,0.0025255690902849,0.0194969362088156,0.0036704303433542,0.011913914,0.002350376471877,1.0692949,0.5992820519208907
0.000783249648041,0.0001623044890818,0.0005682681803591,0.0031090894144654,0.0272365209840958,0.004230362227197,0.013286214,0.0023441328667104,1.2112186,0.6353006309270859
0.0005046601363468,0.0001078363815952,0.0002019261009991,0.0013173230226038,0.0143000362187649,0.0017863870574663,0.013044601,0.0022271946072578,1.1651268,0.6475242227315903
0.0006177495689451,0.0001023216619194,0.0073755152989178,0.0015663949772715,0.0065183467624346,0.0013495680059262,0.015834358,0.0030472439154982,1.2384168,0.6164964568614959
0.0018391533128206,0.0003236771979383,0.0051905519794672,0.0049068039347184,0.021571876364527,0.0060219446113108,0.012816882,0.0031749834865331,1.1229494,0.5810346305370331
0.0012416296723364,0.0001654617364741,0.0032965142745524,0.0013940143981017,0.0065383495227464,0.0014551128121055,0.01407153,0.0034681935794651,1.003542,0.5667899572849269
0.001218043237653,0.0002833863749691,0.0340406373143196,0.0217190431430935,0.0385270279213955,0.0216995429453039,0.012357386,0.0029903885535895,0.86143297,0.6603875160217285
0.0012223506452091,0.0002256956679184,0.0036049326881766,0.0048816080176038,0.0231847081023276,0.0057201763026765,0.01217718,0.002990785986185,1.1950407,0.6200860834121704
0.0009850572694822,0.0001755709514508,0.0054409066215157,0.0040638796868734,0.0161245765544934,0.0041198904155152,0.012669347,0.0031839392147958,0.90663177,0.6320796877145767
0.0012222475837401,0.0002130538582936,0.0005264794453978,0.0024397874197893,0.0193862729410847,0.0033442691050697,0.011505515,0.0020057065412402,1.0435232,0.626181349158287
0.0009007364738353,0.0001454907093644,0.008396697230637,0.003227402921766,0.0133989922663811,0.0032542387164186,0.01502369,0.0033472912199795,1.4037555,0.5528311645984649
0.00092022668392,0.0001222368895078,0.0030538137070834,0.0016562413983047,0.0082136656589323,0.0016114996909036,0.012367833,0.0027947891503572,0.5904243,0.5247146040201186
0.0011555734633896,0.0001738433545741,0.0046354122459888,0.0022712615178897,0.0116160891372591,0.0023733302426841,0.011791572,0.0025574162043631,0.66958606,0.5624604743719102
0.0007528954659296,0.0001377448820665,0.0106510464102029,0.0033188577555119,0.0129610280223294,0.0032034504746062,0.014556459,0.0033302901498973,0.9486289,0.6478174537420273
0.0008277805930119,0.0001237502147917,0.0073750456795096,0.0014126940444111,0.0054696152901354,0.0012427997591636,0.014934473,0.0033749183639883,0.84153837,0.61137027323246
0.0013424314421556,0.0002076615641122,0.0074262651614844,0.0031108440598472,0.012836475925304,0.0034621087740913,0.015204773,0.0035724764503538,0.7068226,0.5522396081686018
0.001825611094447,0.0001684895607609,0.0074866060167551,0.0024986755196005,0.0137571530748985,0.0026215356443039,0.016629923,0.0026640626788139,1.6686069,0.325076892375946
0.0067409790181792,0.0012393454988186,0.0216891579329967,0.0209044788673054,0.1095338687925035,0.0360807904856841,0.015271899,0.0014170166105031,1.3888301,0.5106615722179413
0.0007084306657388,0.0001035339746797,4.181222902843729e-05,0.0003058264545643,0.0187258120376516,0.0012521973743731,0.011899779,0.0012803439050912,0.4007351,0.4283228757977485
0.0010349026764102,0.0001513985609526,0.0017163412412628,0.0016825877720839,0.0086428866708829,0.0015328361360049,0.011660585,0.0025208336301147,0.9072475,0.6165758967399597
0.0004339238024346,7.884701681855582e-05,0.0058823314029723,0.0017577641736716,0.0074735342827251,0.001587659181691,0.012537742,0.0030100037157535,0.63257194,0.6024898985028266
0.0006152236282712,9.133531666432748e-05,0.004315412370488,0.00107659609057,0.0044211601014862,0.0009401913942562,0.013594352,0.0032938853837549,0.72688735,0.6188152977824211
0.0018868468588921,0.0001561851459733,0.007002136670053,0.001345749348402,0.0064026254941647,0.0013053059455739,0.015728552,0.0030345342494547,1.6490456,0.3275869846343994
0.0009781799140564,0.0001372315035867,0.0091079133562743,0.0016009777411818,0.0061315476416815,0.0013656178240461,0.015290656,0.0032385087758302,1.3709377,0.5493845546245574
0.001271025125468,0.0001868785599661,0.0019478426547721,0.0024745632710983,0.0134418128251974,0.002664354001872,0.011640745,0.0025819791480898,0.67001116,0.547320685386657
0.0012932275123534,0.0002334171073176,0.0071048024110496,0.0051665325229987,0.0187260509517098,0.0055418176725899,0.013893329,0.0033940006978809,0.82148224,0.6149918735027313
0.0010743958841473,0.0001612475856721,0.0053191075567156,0.0030535931582562,0.011819176315193,0.0031977939394645,0.014678022,0.003598090223968,1.3367329,0.5636559724807739
0.0005941962793365,0.000119427953481,7.913477747933939e-05,0.0006946774058178,0.0184310076421241,0.0015829296900532,0.012373689,0.0015875486098229,0.8054439,0.6487976005673407
0.003770917466726,0.0009654417701219,0.0279232375323772,0.0346523095213342,0.1005788956466457,0.0470298951367869,0.011782326,0.001390318647027,0.99526715,0.6518966907262802
0.0012669611616075,0.0001810306453013,0.0050264876335859,0.0019549470953643,0.0095679635452107,0.002059664422607,0.012998451,0.0029515367932617,0.77033925,0.5598262161016464
0.0017842158486557,0.0001669215587452,0.0076006343588232,0.0019247292075306,0.0089851049039346,0.0020020396435735,0.014646357,0.0032512730546295,1.642692,0.3393309712409973
0.00070490013108,0.0001166336058154,0.0113522820174694,0.0014999851584434,0.0041177896149185,0.0010469782897771,0.014793845,0.0033910820819437,1.1657889,0.6273824721574783
0.0011327435058791,0.0001906647116186,0.0078577632084488,0.0032583137508481,0.0139942278405696,0.00354098208135,0.014067998,0.0033360162749886,0.9294903,0.6099430686235428
0.0008748091988995,0.000149855465157,0.0019940377678722,0.0033277505526712,0.019988198192592,0.0038219239874978,0.014030016,0.0028831226192414,1.409508,0.5458048427104948
0.0010398795838869,0.0001563295320537,0.007009036373347,0.0015870365314185,0.0065726033704271,0.0014974365216244,0.014954172,0.003366962429136,0.88206804,0.6091031485795975
0.0009342452146299,0.0001849411485024,0.0003253863396821,0.0024402971239396,0.0246301616272197,0.003511311530199,0.012124531,0.0018661597929894,1.0100791,0.6619061529636383
0.0006945026375542,0.0001167256271669,0.0135464072227478,0.0022159145958721,0.0068502969127185,0.0017035373016819,0.015238996,0.0032893222384154,1.3940892,0.5591563284397125
0.0007972858419373,0.0001283804550107,0.0056369418743997,0.0035446721944026,0.0131633679261782,0.0034502627614778,0.014564605,0.0035421489924192,1.4295528,0.5368955135345459
0.0011786573848488,0.0002269859288942,0.0022452254779636,0.0051154283242794,0.0325963302254372,0.0065323938837839,0.011665349,0.0020623845048248,1.3080082,0.5769388628005981
0.0014021483424662,0.0002504754447052,0.0167743097990751,0.0046576838009059,0.0171315589835822,0.0048920567266065,0.014201699,0.0033484250120818,1.0649309,0.6284375858306882
0.0005504664326854,8.768946671446824e-05,0.0027479961281642,0.0018609142082277,0.0081584541851866,0.0016709684231014,0.012069574,0.0028087179549038,0.62330675,0.5833819583058357
0.0013532466143053,0.0002287472897846,0.0052840006537735,0.0041325016762129,0.0174757460055949,0.0044666193188155,0.015235793,0.0033106664195656,1.1189167,0.6106181490421295
0.0014595626960493,0.000174080386285,0.0054846010170876,0.0010415785945951,0.0043287478477889,0.0009706889707771,0.014168909,0.0034232409670948,1.1697887,0.5211803483963012
0.0016341780222735,0.0001406640137631,0.005786613561213,0.0009793702047318,0.0042756600618665,0.0008783519920772,0.015290291,0.0031745917722582,1.6040695,0.3590620923042297
0.0014710261931575,0.0001795680464412,0.009743477217853,0.0014687963016331,0.0059776700079772,0.0012076227099606,0.01638592,0.0028549789451062,1.3409792,0.5032351016998291
0.001313402316882,0.0002168752257785,0.0022069048136472,0.0032538006016693,0.0180485408069587,0.0037913086239171,0.011905474,0.0025937280245125,1.1646422,0.6040830886363984
0.0011622338362416,0.0001899953684175,0.0011871150927618,0.0022567739515579,0.0147244386002852,0.0027137391570102,0.011547904,0.0023205841891467,1.0065081,0.6107449680566788
0.0010192857285332,0.000155808376039,0.0022526385728269,0.0025434729104745,0.0125225602337349,0.0025295752620881,0.011864487,0.0027019787207245,0.81054676,0.6058641672134399
0.0018570039846213,0.0002086128247349,0.0041015539318323,0.0020590466447174,0.0100889374598152,0.0023989421126599,0.013573138,0.0033188727684319,1.4538345,0.4364744174480437
0.0010311585547417,0.0001587428094674,0.0036653948482125,0.0020159643027,0.0088552272632398,0.0020474337523766,0.01286339,0.0033312994800508,1.0916276,0.6276082116365428
0.0041146124774346,0.0009777822943361,0.035036165267229,0.0120929981768131,0.052952068565087,0.020452068101664,0.011540125,0.0016845493391156,0.77196455,0.613116443157196
0.0014597526198978,0.000221520680423,7.28161830920726e-05,0.0005197774173666,0.0145807306427846,0.0016148686701089,0.014051358,0.0014813625998795,0.85167027,0.5626376962661743
0.00132767265496,0.000174998395265,0.0070670479908585,0.0015482828021049,0.0073252585748039,0.0014573301231519,0.01608756,0.0028986443206667,1.2386652,0.5474704861640929
0.0012669488448878,0.0001567906882736,0.0089039108715951,0.0018965601921081,0.0083999345292316,0.0018535689793262,0.012359544,0.0029362355172634,0.5086178,0.4590323567390442
0.00062357277038,8.930664566832191e-05,0.0046175187453627,0.0010602142428979,0.0045891494023402,0.0009409374089303,0.013924798,0.0032245852053165,0.6167101,0.574335977435112
0.0013545851358851,0.0001751208029224,0.0075298524461686,0.0014477630611509,0.0062588616124639,0.0013733154827397,0.015346872,0.00324467709288,1.3039113,0.5380091178417205
0.0008662424380684,0.0001531217605776,0.0041905203834176,0.0039565184860839,0.0186573374413908,0.0041085998764626,0.015000006,0.0031921901367604,1.2294334,0.6120384037494659
0.0016045828855794,0.0002080736147558,0.0053699910640716,0.0026651307195425,0.0128078096467263,0.0030024402113299,0.013062834,0.0031299204565584,1.4579798,0.4798964440822601
0.000527656948008,0.0001296692938754,0.0015161861665546,0.0047550660552587,0.0285779397223608,0.0055177654053349,0.012413042,0.0025687110610306,0.9833084,0.6740913242101669
0.0013945220063721,0.0002172672053751,0.0100553180091083,0.0026460066437721,0.0113808941968458,0.0028445989911272,0.01335779,0.0032993800751864,0.7208886,0.5667643961310387
0.0001758657740044,6.792731156497712e-05,0.0072373419534415,0.001542093232274,0.0054636998444542,0.0012269237708896,0.015089419,0.0033010345697402,1.0741725,0.6729733759164809
0.0007512944713208,9.852991316850868e-05,0.0028768857009708,0.0006326910899952,0.0025320364828617,0.0005200761410805,0.014652666,0.0033657485991716,0.8612086,0.6090564984083175
0.0009833981061021,0.0001302007675037,0.0007167534786276,0.0014571246704872,0.010807184846633,0.0014423174414298,0.011105297,0.0016409559175372,0.5871606,0.5190988928079605
0.0011284320529142,0.0001852694856851,0.0011815492762252,0.0026767179141279,0.0173316046355921,0.0031512511314429,0.01135362,0.0022653015330433,1.2187606,0.5998483979701996
0.0010778404360414,0.0001788170985803,0.0009269316215068,0.0034752413102978,0.026718663366913,0.0045345776826634,0.0144147305,0.0024784123338758,1.431423,0.5234098279476164
0.0008269848247177,0.0001355078945095,0.0086968061514198,0.0020780919585376,0.0088203100173681,0.0019472460068651,0.015526464,0.0032057130895555,1.117899,0.6336950260400772
0.0009133636599686,0.0001379614700755,0.00673766923137,0.0028877566801384,0.0112232456853437,0.0028673752296261,0.015012432,0.0034557037428021,1.4416552,0.5306548488140106
0.0014748019556649,0.0002434604928302,0.0123152509331703,0.003937935270369,0.0163347955102955,0.0043745120158071,0.014283712,0.0032165464945137,0.784857,0.5732700675725937
0.0014491135784837,0.0001886611586918,0.0030004503205418,0.0022484621661715,0.0101958427283488,0.0023236456181693,0.012906154,0.0032552611082792,1.3586781,0.5273284018039703
0.0005279824054776,8.865433554515836e-05,0.0045491275377571,0.0020240155281499,0.0087145573172482,0.0019324181061156,0.013216152,0.0032414691522717,0.6014719,0.5882603996992112
0.0005368077766105,0.0001063813629814,0.0079965619370341,0.0026697858329862,0.0105370725196202,0.00247565686567,0.013353279,0.0032239477150142,0.9785118,0.6662602013349533
0.0011227389131201,0.0001663113245038,0.0001373672421323,0.0012954584212366,0.0203666924653372,0.0022862076414945,0.013311833,0.0017477683722972,1.5472407,0.4546200335025787
0.0060176889852143,0.0013868918791021,0.0246188407763838,0.0292301771533675,0.148466482573584,0.0479917098373599,0.01186149,0.0009088293276727,0.7906216,0.57614566385746
0.0013107615244831,0.0002163280252708,0.0091831553727388,0.005454309284687,0.0195455995858044,0.0058769534773467,0.014743764,0.0034814192913472,1.370218,0.5527433753013611
0.0013197152138886,0.0002144647435738,7.681547140236944e-05,0.0007674980976389,0.0272474907354166,0.0027789032067458,0.013355345,0.0014881367981433,1.436876,0.5249619555473328
0.0009901837319826,0.0001381881921593,0.0052840239368379,0.0014246237697079,0.0063629759745394,0.0014034434625131,0.014668487,0.0033525493927299,1.2683063,0.5781718790531158
0.000460723234947,0.0001046961427537,0.0009361623087897,0.0028981029470924,0.0205833227356176,0.003104639577602,0.011301893,0.0017123371362686,0.9080901,0.6678707152605057
0.0012712098105876,0.0001971074722655,0.0068295984528958,0.002424101345241,0.0108269899607204,0.0026298184202223,0.013858653,0.0033241592347621,1.1655844,0.5967080891132355
0.0009601808978517,0.0001564388928824,0.0007770388328935,0.0021094925969009,0.0153917258376469,0.002441444285841,0.011361461,0.0020292568951845,0.7610086,0.5984421315789223
0.0010622620141531,0.0001463410423209,0.0058230250142514,0.0012137306760996,0.0050562808887696,0.0010784067905599,0.015302195,0.0032617731206119,1.1430233,0.5914017510414123
0.0012475809483039,0.0001997213020963,0.000235401574173,0.0013088430690186,0.0179491860523264,0.0020431890597395,0.0109644625,0.0010992300510406,0.76311004,0.5847374820709228
0.0017515441430265,0.0001757673933294,0.0086917416192591,0.0016192806698381,0.0071671454441528,0.0015679382579443,0.015649796,0.0031799175031483,1.5545218,0.396937608718872
0.0010123182529399,0.0001542458767734,0.0048059211112558,0.0018700396176427,0.0087266251824261,0.0018723602494239,0.012921559,0.0030386950820684,1.0192314,0.6177623254060746
0.0035243381337222,0.0007683674960662,0.0482731219381094,0.0561327624096884,0.1851143863149255,0.0747029748117232,0.016775154,0.0017927397601306,1.2082807,0.6090819835662842
0.0009733879212546,0.000203584055827,0.0009949197992682,0.0045232234412833,0.0325316578704483,0.0059164684665857,0.012755992,0.0023907274007797,1.0787585,0.6550989884138108
0.001210188468666,0.0001646793967006,0.0072566592134535,0.0021738721989095,0.0095900414640336,0.0022545687346342,0.014259144,0.0033883686549961,1.4031297,0.5143850731849671
0.0009337595928243,0.0001865347260554,0.0007087754784151,0.0034980466052729,0.0276707470592235,0.0046702943883267,0.01379446,0.0024591349065303,0.983623,0.6525111943483353
0.0010065166057425,0.0001277389797064,0.0061931060627102,0.0008344655018299,0.0025716539428603,0.0005973365697753,0.014616184,0.0034639327228069,1.2431443,0.5618532049655914
0.000592770006612,0.0001041969538655,0.0066433767788112,0.0020605560857802,0.0083696487309503,0.0019236927446308,0.015044952,0.0033498208038508,1.3349464,0.5864054894447326
0.0006561233646558,0.0001271784090924,8.050864926190116e-05,0.0007469788627167,0.018676280304073,0.0016558224916657,0.012164691,0.0015432825312018,0.7744659,0.6320016458630562
0.0008186320336178,0.0001121906301312,0.0078454404138028,0.0017245726473629,0.0069488177222165,0.0015656896850685,0.013827624,0.0031964285299181,0.5470062,0.5173974335193634
0.0012797257654002,0.00014111892351,0.0078186467289924,0.0038154815556481,0.0185660973617082,0.0039867515371499,0.016875396,0.0028136996552348,1.7248397,0.2980199956893921
0.0007592842671195,0.0001381172942012,0.0098876450210809,0.0031965959072113,0.0123055636352251,0.0030607521424322,0.014030799,0.0032983214780688,0.8987024,0.6505776393413543
0.0012325379583232,0.0002185636658116,0.0066606462933123,0.0038385849772021,0.0185248518845131,0.0042477934607644,0.011760059,0.002357363756746,0.9801672,0.6254545444250106
0.0005981231301941,7.70668796771525e-05,0.0013219807296991,0.0004830654361285,0.002000380118538,0.0003981222779771,0.01428574,0.003352565690875,0.8545047,0.6163358730077744
0.0030162375481131,0.0003787670126736,0.0084456047043204,0.0085198112044599,0.0527241381638077,0.0115578958618328,0.016088689,0.0021615121513605,1.6113424,0.3782168436050415
0.0010634659776132,0.0001360144232134,0.0069057559594511,0.0010644984431564,0.0038675434296949,0.000864679436269,0.014354501,0.0033494001254439,0.6847954,0.5350517719984054
0.0006225466978781,0.0001126153052458,0.0053817485459148,0.0031580954091623,0.0117717533685042,0.0030115368173935,0.014104288,0.0033514811657369,1.1737684,0.6406156468391419
0.0003913715530947,0.000107148704133,0.0003716336068464,0.0024945650636709,0.0260728996558912,0.0032774043511895,0.014847604,0.0022879758663475,1.120449,0.67872454226017
0.0016827448910297,0.0002687115123562,0.0043139636982232,0.0036305219342466,0.0163122115807697,0.0040657784387391,0.011998603,0.0027816485427319,1.1874192,0.572794429063797
0.0015909153750594,0.0001794412236062,0.006093165371567,0.0008839775621891,0.0031004636402352,0.0006760835817195,0.014364244,0.0031982868723571,1.0921074,0.5026122260093688
0.0012363963922271,0.0001550650965238,0.0033513905946165,0.0010095454286783,0.0046490043665987,0.0010026726085491,0.014648709,0.0034243091940879,0.8718599,0.5501177161931992
0.0006468652397187,0.0001125743519455,0.0055333557538688,0.0020862066885456,0.0089467565908835,0.0019813803050892,0.013647699,0.003148419316858,1.1063855,0.6473745256662369
0.0006512862438399,0.0001036373619868,0.0061360062099993,0.0014982242137193,0.0061759930534981,0.0013686246962373,0.014857892,0.0034219832159578,0.76547337,0.6234009462594985
0.000953557342967,0.0001657359083423,0.00061964179622,0.0033661631691211,0.0346669533720645,0.0046504215631565,0.015639529,0.0020533234998583,1.4940152,0.5142248868942261
0.0007198067027223,0.0001129639854612,0.0055392426438629,0.0013939747586846,0.0057506655119669,0.0012598514630221,0.0145768365,0.0033656573854386,1.1431139,0.6416016668081284
0.0010424190903973,0.0002117502589394,0.0025537346955388,0.0059929781571554,0.031825506950951,0.0072026152829734,0.012403653,0.0025702472403645,0.8383318,0.6320500373840332
0.0020579447843439,0.0002337469517839,0.0077353816013783,0.0016288169473409,0.008483881348453,0.0016839157011726,0.016328925,0.0028121482208371,1.3154608,0.458261489868164
0.0012179363915639,0.0001969224488717,0.0005606164340861,0.00233240007954,0.0292830117964076,0.0035121507260819,0.01678165,0.0017699940688908,1.2904778,0.5902379751205444
0.0006464577542583,0.0001217462052807,0.0013362306635826,0.0028667092342402,0.0218857797907681,0.0032664233686329,0.015598649,0.0023209992237389,1.3059673,0.618542023897171
0.0011590523248663,0.0002462627507529,0.0049461554735898,0.0070257834249787,0.0320598441041638,0.0084478792298974,0.012131387,0.002779341302812,0.8921222,0.6645318120718002
0.0009038487127234,0.0001322142025123,0.0018444621236994,0.0017547521420056,0.0080618194343294,0.001593043279766,0.012066413,0.0029447537101805,1.1031579,0.60374915599823
0.0005147013747914,0.000111711135459,0.0058042202144861,0.0045454129506833,0.0161748539310849,0.0041420030588864,0.012633368,0.0031669624149799,1.0014573,0.6699647712707518
0.0013963379872936,0.0001788406995809,0.005055381450802,0.0015316504286602,0.0074818972640637,0.0015759010171707,0.015114352,0.003158806823194,1.2438996,0.5403968393802643
0.0008497695066238,0.0001366732780675,0.0059695485979318,0.0018982575275003,0.0081578733280652,0.0018091753819936,0.013103986,0.0031667305156588,0.9806944,0.6403733640909195
0.0013695701468386,0.0002172703756329,5.136069376021624e-05,0.0004269825402388,0.028697673976148,0.0025326821969354,0.010873689,0.0008100653067231,0.5684813,0.5154721000790596
0.0011084178963643,0.0001654561616978,0.0059580095112323,0.0034086959203705,0.0129833519821287,0.0035071978054081,0.013578016,0.0034568794071674,1.3976634,0.534771258831024
0.0024137446753491,0.0005148033509352,0.0200957581400871,0.0090331598743796,0.0337419451165783,0.0126647771092804,0.013518531,0.0030248509719967,0.69097954,0.5817272886633873
0.0013643329194901,0.0001978162507501,0.0030507338233292,0.0027451552901766,0.0121484190482013,0.0027843698461353,0.012176602,0.0028840405866503,0.6791937,0.5475556206703186
0.0010516777371857,0.0001800325043531,0.0006488389335572,0.0026660279904717,0.0213809626704688,0.0033514310056385,0.011202473,0.0015828339383006,0.66143066,0.5851280763745308
0.0003819212420242,8.228466586765047e-05,0.005849817302078,0.0022208652971312,0.009168348074483,0.0020724194968894,0.013274625,0.0032581072300672,0.89952564,0.6626374250650406
0.0004840912455825,0.0001027270178967,6.074155317037366e-05,0.0004890110999713,0.0227391347445584,0.0016622200117463,0.016241131,0.0016830451786518,0.7317014,0.6350443351268766
0.0013559830084296,0.0001268483017811,0.0052971197292208,0.0017164046876132,0.008272377746082,0.0018206605004497,0.014054177,0.0033268728293478,0.3631833,0.3423978500068187
0.0010296704350027,0.000143863027417,0.0031776997493579,0.0026651052176021,0.0132022462653722,0.0024596655043226,0.011316352,0.0021344129927456,0.5313551,0.4930771067738533
0.0011168894266168,0.0001404505893493,0.005992435850203,0.001118722250685,0.0046277205181322,0.0010030312469747,0.013952875,0.0032882834784686,0.6329764,0.5169565081596375
0.001953152584154,0.0001831641598948,0.0067343390546739,0.0022863737959414,0.0114193951093267,0.0025072204202751,0.016011775,0.003068026676774,1.6484283,0.3362714338302612
0.0013604133334704,0.0001891508678953,0.0069902283139526,0.0018721371889114,0.0085391260639662,0.0019972200996721,0.014355112,0.0033510017767548,0.7286831,0.53947015106678
0.0011651678945022,0.0001793696393225,0.0002932489733211,0.0017368476624142,0.0162079254371166,0.0022940235145754,0.011221424,0.0016736723482608,1.3026489,0.5695071709156037
0.0021999986565232,0.0002992488721424,0.0112047716975212,0.0034835070371627,0.0161868257512127,0.0042684994943108,0.014439881,0.0032000527158379,1.3726847,0.4727814698219299
0.0015187774222712,0.0002460060736932,0.006690040230751,0.0035100842360407,0.0152502231433828,0.0040578206003494,0.01437383,0.0033781404048204,1.1699942,0.5871472299098965
0.0008708777959819,0.0001232293754102,0.0065694148652255,0.0009538191370666,0.0030825181197304,0.0007031545793569,0.015347332,0.0033934591338038,1.0986254,0.6172952651977539
0.0014750650935124,0.0002496121949373,0.0003742727276403,0.0021195823944708,0.0224892262309794,0.0033763531632259,0.01431055,0.0020265276543796,1.0431924,0.6037557125091553
0.0012091380311021,0.0001724279214348,0.0061950269155204,0.0014800119679421,0.0063774385398259,0.0014396236249859,0.014323373,0.0033669717982411,0.9385073,0.5894747602939605
0.001705252944514,0.0002647840573274,0.0082924128510057,0.0028055298700928,0.0128425440516774,0.003277822303967,0.014121741,0.0033054109662771,1.0497057,0.5727423548698424
0.0007993115222206,0.0001312200546649,0.0063453982584178,0.0035217497497797,0.0144120572884744,0.0035161368761761,0.015689677,0.0032285656966269,1.4121127,0.5449669361114502
0.0012955916494766,0.0001566160862572,0.0078177200630307,0.0018124133348464,0.0087832194693745,0.0017120909105206,0.016594118,0.0028349921293556,1.459753,0.4752238035202026
0.0016314476189239,0.0002015732282079,0.0043245642445981,0.0025334443943575,0.0113906926786138,0.0028362025575945,0.013637291,0.0034984261728823,1.4423658,0.4653857088088989
0.0008801554860037,0.0001302831798148,0.0048544397577643,0.0014040160598233,0.0062956629873779,0.0013711350253911,0.014336358,0.0033629708923399,0.86644757,0.6178564262390136
0.0011366238959076,0.0001956588868971,0.0003877174895023,0.0016544865999185,0.015864159038003,0.0023614288271184,0.011564904,0.0018206778913736,0.90160817,0.621221512556076
0.0020760603182066,0.0002335500927503,0.0136926341801881,0.0031370181031525,0.0153044809354983,0.003410727305145,0.016294979,0.0028680219501256,1.5592276,0.3968960762023925
0.001170940499951,0.0001840469881775,0.0027411390328779,0.0028182592666416,0.0129787252662921,0.0029495999698115,0.012499558,0.0031446553766727,1.077983,0.5981513983011246
0.0010778143563666,0.0001158039218591,0.0026824779342859,0.0035337388134939,0.0225788535493521,0.0033186643122401,0.010573651,0.000846576411277,0.2903814,0.3335430520772933
0.0006328612048066,8.058583016874558e-05,0.0017912681214511,0.0016999969520838,0.0090908363841904,0.001318350416563,0.010954651,0.0016334662213921,0.38018325,0.4180322977900505
0.0008585525798037,0.0001272955984776,0.0062352064996957,0.0025790556287392,0.0118788625212315,0.0025813273150447,0.012460761,0.002854132540524,0.5439072,0.5177291855216026
0.0016889284673943,0.0001945619678137,0.0053985323756933,0.0017692156834527,0.0087184861069748,0.0019495791738126,0.014808235,0.0032808219268918,1.4494476,0.4579531013965607
0.001084568271331,0.0001446772033394,0.0037641683593392,0.0023308384115807,0.0112784070969386,0.0024025255802551,0.012399756,0.0028935726732015,0.52428615,0.4923198738694191
0.000538952833922,0.0001129272161614,0.0034244847483932,0.0036653785609814,0.0155112451156303,0.0035287289857177,0.012361461,0.0030272584408521,1.1417063,0.660224325060844
0.0011456458494146,0.0001196366225095,0.0059027806855738,0.0009820968378335,0.0040130517998319,0.0008430732701838,0.013855906,0.0032292664982378,0.47901535,0.4279530867934227
0.00064837655755,0.0001125344428005,0.0048181032761931,0.0024687284603714,0.0102723163268165,0.0024125055812839,0.013242083,0.0031974434480071,0.91902727,0.6534499180316925
0.0006181063242309,0.0001051292947283,0.0046725426800549,0.0018972592661157,0.0077616521349459,0.0017907428835038,0.013595323,0.0032791627012193,1.2435862,0.6184586369991303
0.0005597303352072,0.0001063172577986,0.0110078123398125,0.0023675017431378,0.0081471171525592,0.0020414075181547,0.014778701,0.0034245229326188,0.96212935,0.658428852558136
0.0007875700996216,0.0001277353290714,0.0055445488542318,0.0020250644301995,0.0088276737925205,0.0019774098054553,0.013916914,0.0033062147349119,1.2181054,0.6207958698272704
0.0005008519898359,9.697489014953143e-05,0.0077117092441767,0.0022128405608236,0.0087344191914056,0.0020198247523836,0.015447841,0.003326129168272,1.0657955,0.670665517449379
0.0005196205596504,0.000124411795705,0.0005371042061597,0.0029224597747088,0.03196564201833,0.003974329340996,0.015606342,0.0021355168335139,1.1532199,0.6593135446310043
0.0011070626187798,0.000169284892418,0.0017445473931729,0.0024668198964354,0.0127770945366463,0.002711642651823,0.012329477,0.0031108503043651,1.2322024,0.5934647512435913
0.0004217674666407,9.43273380664398e-05,0.0084099378436803,0.0033276653848588,0.0121317428616661,0.0031179467771634,0.014057782,0.0033910740166902,0.9871349,0.6653722822666168
0.0007505376535311,0.0001217664259959,0.0058961673639714,0.0018330209422856,0.0077951154307114,0.0017349997150448,0.014655136,0.0032797675393521,1.0222237,0.6470497041940689
0.0004932677250446,9.764899617936652e-05,0.0062995390035212,0.0025715134944766,0.0101779954522493,0.0024747886679049,0.013847232,0.003557183779776,0.9465412,0.6575611728429794
0.0004104608329477,8.351303791517264e-05,0.0064371307380497,0.0015984295122325,0.0065486707590425,0.0013997827792794,0.015648566,0.0032105441205203,1.2328013,0.6327054500579834
0.0018545987333558,0.0002386191326092,0.0066646258346736,0.0025968027766793,0.0127202299722657,0.0031094378177641,0.01341599,0.0032332604564726,1.4195298,0.4752554643154144
0.0009467127173346,0.0001438439389829,0.0067587429657578,0.0015317180659621,0.0063503976132263,0.0014165448968942,0.013607055,0.0033122763223946,1.0649716,0.6220632201433178
0.0012751418475648,0.0001849226650903,0.0088687911629676,0.0028227304574102,0.0122593741418263,0.0029877501931763,0.013693424,0.0031573446281254,0.6301132,0.5246611014008522
0.0006809932065228,0.0001179050172696,0.0067879604175686,0.0019332370720803,0.0080406459089497,0.0018168542838036,0.014798936,0.0033474117517471,1.060986,0.657490149140358
0.0002586545707679,7.225994795201449e-05,0.0073267491534352,0.00246128202416,0.0094949550105692,0.0021982480067613,0.0132436175,0.0031904662959277,0.7827722,0.6559211668372155
0.001269457892661,0.0001203810620506,0.007913751527667,0.0009225230198353,0.0028810572088891,0.0006654220023953,0.014650047,0.0033718631602823,0.43004075,0.388538906276226
0.0001574356434085,7.787357489444759e-05,0.0011400289949961,0.0023191543987195,0.0132027949398751,0.0022705999756203,0.011732727,0.0024479657039046,0.9972097,0.6816333341598511
0.0005787031074086,0.0001016580753206,0.0053679484408348,0.0018040823005139,0.0077344112074358,0.0016772137093387,0.014729899,0.0032465623132884,1.225126,0.6337745189666748
0.0015732906232273,0.0001547206736638,0.0098549569956958,0.0018696367740631,0.0080996160545029,0.0017914932057302,0.015634183,0.0031674359925091,1.6345075,0.3618690061569214
0.000945747571474,0.0001710830545255,0.0010665788431651,0.0032229251635726,0.0232176794389621,0.0040859847921344,0.013449032,0.002585258949548,1.3088142,0.5849291980266571
0.0013195242389134,0.0002306189502843,0.0001029897830449,0.000871866006264,0.0217470275270554,0.0023206565872207,0.01106921,0.0010393823869526,0.823936,0.6108556389808655
0.001065673086597,0.0001279983224925,0.0072538373060524,0.001305415527895,0.0052253945137935,0.0011395753209481,0.015262396,0.0033005028963088,1.4925812,0.4649112069606781
0.0011057791642782,0.0001733064771484,0.0012668000999838,0.002162866198887,0.0129828331585491,0.0022682878955483,0.011130798,0.002117489464581,1.0680163,0.6205979239940641
0.0022547791321522,0.0004882240525209,0.0100729577243328,0.0100690767721971,0.042314244310788,0.0136868260306396,0.013510294,0.0028492198325693,0.8507044,0.6092331260442734
0.0013271149211509,0.0002265302008088,0.0050533004105091,0.003965273295762,0.0158930459544729,0.0042930730479379,0.013692282,0.0034215748310089,0.98897827,0.6077798444032669
0.0006679890323306,0.0001180839561998,0.0078793363645672,0.0025041149929165,0.0099497771488591,0.0023990048442072,0.014982551,0.0033616595901548,1.2344371,0.6206919538974762
0.0015852308353294,0.0002709631631019,0.0004387832595966,0.0027375146324175,0.0315889736211602,0.0046650131446773,0.014088195,0.0018773891963064,1.2987442,0.5780111455917359
0.0010002930936522,0.0001982488215573,0.0001397845480823,0.0015092050980456,0.027005291956737,0.0030824495551027,0.011899836,0.0015079406462609,0.99771845,0.6493004262447357
0.0004288682989943,8.771877557878856e-05,0.0077147516421973,0.0022087966930121,0.0084644327533636,0.0019571174379412,0.01385179,0.003241277616471,1.0183525,0.6656017798185343
0.0008454281087508,0.0001406409665394,0.0076058101840317,0.0025744964461773,0.0112763305190714,0.0025088863167861,0.015560556,0.0031175275705754,1.0332311,0.642101377248764
0.0011366615375814,0.0001400987142503,0.0055352135095745,0.0010368882212787,0.0041955159083835,0.0009257632039222,0.014712555,0.0034608509019017,1.2834753,0.5315446555614471
0.0007449818222676,0.0001061780688485,0.0071839578449726,0.0014188675489276,0.0059418278371407,0.0011988739160211,0.015835011,0.0030489428900182,1.476319,0.4989272654056549
0.0012078328050175,0.0002142646191501,6.078665319364518e-05,0.0005861286165463,0.0248829268803507,0.0024259946564105,0.014142252,0.0014530561119318,0.7843377,0.5973124700784683
0.001102140960654,0.0001627893012746,0.0058931871317327,0.00366049739765,0.0137374755773809,0.0037025196267679,0.01437192,0.0035520321130752,1.4396592,0.5143800818920136
0.0022489067153402,0.0004468967250041,0.0004579654923873,0.0050170796059774,0.0802341596136271,0.0119270183256377,0.016115725,0.0016044699586927,0.8063023,0.5896268784999847
0.0006896352357356,0.0001193308323174,0.0034205823903903,0.0033601430332055,0.0137815872907767,0.0030541891076559,0.011789291,0.0028698588721454,0.8026506,0.6277700662612915
0.0009337826047483,0.000157628480193,4.344945045886561e-05,0.0003006761231517,0.0302101515858484,0.0022773987186506,0.018402489,0.0011715971678495,0.8192288,0.6189973950386047
0.0013189220368676,0.0001833578373455,0.0051761504728347,0.0021095867268741,0.0096843365119018,0.0023501244119362,0.014150372,0.0034748741053044,1.3217481,0.5425156950950623
0.0018383009457932,0.0002240714502814,0.0048461770638823,0.002170542627573,0.0107808716769066,0.0025641217092267,0.013227807,0.0032846750691533,1.411361,0.4678963422775268
0.0009251380749934,0.0001556685883376,7.698201079620048e-05,0.0006493726779171,0.0145623091947722,0.001415233234087,0.011582436,0.0013362970203161,0.82250583,0.619297206401825
0.000606430041012,0.0001287712532971,0.0007326029008254,0.0028263925554165,0.0206732538357482,0.0034466648783648,0.013238484,0.0026273940131068,0.9454853,0.6657077825069426
0.001394628671519,0.0001515822749394,8.93178439582698e-05,0.0007033674051945,0.018330027933029,0.0014430471442978,0.010801429,0.0008394503965973,0.36802113,0.3779839281737804
0.0008738889586051,0.0001328422770811,0.0104107931256294,0.0020485175773501,0.0079862699356557,0.0017739265630631,0.015547917,0.0031359726563096,1.3848758,0.5596339404582977
0.0005915891166691,0.0001097386092077,0.0040591279976069,0.0032722015801118,0.0125700584295988,0.0030128686521544,0.014338395,0.0033995020203292,1.2163284,0.6381840550899506
0.001609533686503,0.0001967491988987,0.00763755524531,0.0020295454934239,0.0095540783226059,0.0021462906447633,0.015305164,0.0031784577295184,1.4233596,0.480247483253479
0.0016675430975626,0.0003309704542228,0.0235809125006198,0.0129520136490464,0.0390063782861091,0.0146420846256057,0.014624961,0.0032118828780949,1.2978909,0.5820732712745667
0.0011807451832262,0.0002166367392266,0.0042996262200176,0.0056663430231856,0.0266139645903294,0.0064666154399019,0.01216102,0.0028892290219664,1.2875463,0.5947348976135254
0.0012984053146519,0.0001520440096284,0.0047837574966251,0.00131040149834,0.0061901379911302,0.0013028356556858,0.015546187,0.0032314138114452,1.394524,0.4914033687114715
0.0009202093211169,0.0001492658811321,0.00442745978944,0.00310642196564,0.0126488825025138,0.0030655830889825,0.013236862,0.0032888810150325,1.2367082,0.6084271371364594
0.000667104351027,0.0001244754404673,0.0069113234058022,0.0033005398698151,0.0128034200998202,0.0033273219359236,0.014582605,0.0034813177585601,1.074239,0.6596796131134033
0.001195493745204,0.0001374132030336,0.0048008752055466,0.0017695152200758,0.0083431463977863,0.0018408955665612,0.013763684,0.0032640344649553,0.47075215,0.4331718522310257
0.0007014229138073,0.0001022464575877,0.0062792440876364,0.0015123314410448,0.0061774915100966,0.001365127158382,0.013503112,0.0033192937634885,0.6012866,0.5571774989366531
0.000749719790497,0.0001292590107159,0.0052238721400499,0.0028686916921287,0.0115710963659359,0.0028400394586984,0.014710532,0.0033985874615609,1.0776057,0.637581080198288
0.0004836505293044,9.34622421452549e-05,0.008677705656737,0.0017715487629175,0.0069297457076924,0.0015177198944664,0.01577129,0.0032045242004096,1.0576577,0.6595842838287354
0.0009762816379027,0.0001450740215612,0.000197720088181,0.001423318727775,0.0189082279503328,0.0019954524391204,0.01123749,0.0012807394377887,0.5215402,0.503983698785305
0.0010270899110308,0.0001711748707755,0.0077346998732537,0.0029855017270892,0.0130892952069125,0.003176955329224,0.015007925,0.0033065383322536,0.8617415,0.6101557666063309
0.001524381025275,0.0003366384909728,0.0989025607705116,0.0170845060050487,0.0038351775352894,0.0099434149182976,0.015324408,0.0033085317350924,1.0871903,0.6291397780179977
0.0043502417820377,0.0010856996121656,0.0043567838147282,0.070556285624716,0.6014507303910254,0.1507603986195713,0.017976696,0.0015062047168612,1.0976993,0.631624332666397
0.0011348220036473,0.0001965394727247,0.0006533036648761,0.0023432270872945,0.0185571826877117,0.0032320707106441,0.013078995,0.0025534919090569,1.2178655,0.6060281193256378
0.0011600396348111,0.0001659099597896,0.0071915811859071,0.0016861788369715,0.0073338759858675,0.0016562565897395,0.014085356,0.0032838317938148,0.8189957,0.571640744805336
0.0012775648341369,0.0002104184348768,0.0002831940073519,0.0017578041642991,0.0169292244208745,0.0026469416688835,0.012069346,0.002127397917211,1.1801016,0.5916964113712311
0.0010520622259155,0.0001611579862427,0.0061637088656425,0.0021226962190121,0.0092340484433998,0.0021539574159259,0.015175184,0.0032640554755926,1.0698919,0.6120715141296387
0.0014298344577682,0.0002353061150256,0.0001733619719743,0.0019212873908145,0.0357446223262657,0.0039779609242425,0.015793921,0.0016519641131162,1.3301101,0.5758692622184753
0.0011853764642819,0.0002121073832551,0.0019575199112296,0.0034159166423341,0.0197569151326917,0.0041611640787995,0.0118813105,0.002688156440854,1.1778468,0.6131645238399505
0.0005174285081723,0.0001167687554494,0.0001498022247687,0.0013248178734284,0.0227526716619525,0.0022304607013075,0.013815725,0.0019367206841707,0.8352181,0.6580046892166137
0.0007787937449511,0.000121479119393,0.0071306503377854,0.0015876160468906,0.0064252234062523,0.0014473366670805,0.014103066,0.0032990625128149,0.82651615,0.6144913136959076
0.0009988807492883,0.0001690065039516,0.0096161980181932,0.0028612726181745,0.0122066718712809,0.0029222820566031,0.013922059,0.0032786215655505,0.91224295,0.6181893444061279
0.0010240328912466,0.0001213138582289,0.0045031278859823,0.0015834219241514,0.0076247879111196,0.0016069714264212,0.013228759,0.0031990497373044,0.46956176,0.4526610001921654
0.0027959041091555,0.0005429314898003,0.0001619590329937,0.0021993597119944,0.0505075535891043,0.0074547623918172,0.012180692,0.0012175059504806,1.0120882,0.5841811031103133
0.001099918783555,0.0002056211783067,0.0002560412394814,0.0023426311173716,0.0298095166231824,0.003825220746797,0.013935281,0.0019177481532096,1.2253752,0.6180117428302765
0.0017199652488676,0.0001901060775306,0.0100635825656354,0.0020476270094513,0.0094639667295702,0.0020904488981463,0.015987389,0.003068962842226,1.541316,0.4176589226722718
0.0007030007551437,0.0001300131910638,0.0017624793108552,0.0035221342007571,0.0231096171826181,0.0037502485841699,0.011120665,0.0015821694396436,0.6685337,0.6063273206353188
0.0011405259325262,0.0001726955136042,0.0066044637933373,0.0026500772219151,0.0111876799456144,0.0027914974151578,0.014889248,0.0034458921290934,1.2412055,0.5907563793659205
0.0006743027168773,0.0001168790884681,0.0056614263448864,0.0020692028338089,0.0089355915950422,0.0020373839206716,0.014382824,0.0034042056649923,1.190535,0.6347701174020767
0.001267309556313,0.0001690141280788,0.0088478773832321,0.0020636253617703,0.0090997769696968,0.0020638611503992,0.015039384,0.0032470210827887,1.4513599,0.5026384031772613
0.0009720587332912,0.0001355619510868,0.0025436074938625,0.0027081570078735,0.0136728017696588,0.0024393862323859,0.0111074615,0.002020218167454,0.5303637,0.5070641860365868
0.0008739095109436,8.92391905556796e-05,0.0043221279047429,0.0015372133348137,0.0077636150054444,0.0014629966916849,0.012159169,0.0027043442241847,0.32699892,0.3457301667332648
0.000960406550364,0.0001761050152037,0.001702684443444,0.0036966927226239,0.022292923817655,0.0044613293881615,0.012994577,0.0028692214190959,1.298875,0.6027359747886657
0.000697095242328,0.0001124121753461,0.0061981976032257,0.001791950315237,0.0075583408261398,0.0016951388380308,0.014931657,0.0033170994184911,0.7656214,0.6197086584568022
0.0021168765651434,0.0003012812213652,0.020956989377737,0.0078489207662642,0.0336540018184697,0.0090267863933938,0.01639479,0.0027579512633383,1.522156,0.4482179963588715
0.0012502762664537,0.0001885189698943,0.0091741262003779,0.0020361572690308,0.0083479929608245,0.0019558792221551,0.013621481,0.0031434550695121,0.9569478,0.5965356898307801
0.0010003067058342,0.0002037298176208,0.0011423657997511,0.0046656982312924,0.0310533582721239,0.005889610288842,0.011855014,0.0020595253445208,1.1128578,0.6434441357851026
0.0010861117808374,0.0001360311081031,0.0089611988514661,0.0012285981699824,0.0042640445889136,0.0009154821274583,0.015633468,0.0031092368625104,1.4320476,0.5058009326457977
0.0011543559692657,0.0001760749380459,0.008333402685821,0.0027295204345136,0.0121612061179414,0.00293713560768,0.014257806,0.0033494434319436,0.63802797,0.5460297036170958
0.0003506250898052,7.345476355399643e-05,0.0033992289099842,0.0030517159902956,0.012219140010173,0.0026450353599615,0.011786326,0.0026683290861546,0.59267944,0.5928072333335876
0.0006696923401808,0.000104549171872,0.0049496770370751,0.0017241815058514,0.0073119553316331,0.0016364140209902,0.015178128,0.0033677237294614,1.3272109,0.5756802809238433
0.0013828049560465,0.0001920314995143,0.006333733908832,0.0017244352493435,0.007877146109379,0.001821890501173,0.014170407,0.0032974537461996,0.8414397,0.5509368884563445
0.0010036306244455,0.0001708521431278,0.002937979879789,0.0033453251581522,0.0154335456009448,0.0035693290280567,0.012432311,0.0031115798465907,1.1883838,0.6148205399513245
0.0007343262153151,0.0001798015046703,0.0009124160278588,0.0061921071937831,0.044309464663396,0.0080318667372719,0.012786735,0.0023673112317919,1.0823364,0.6558948010206223
0.0008885515950223,0.0001632184675754,0.0057567628100514,0.0052689226809889,0.020580906631252,0.005052135792608,0.011777299,0.0026374217122793,0.6957416,0.6166739827394485
0.0036419971192076,0.0003565652600831,0.0218919981271028,0.0065773390233516,0.0327374470761576,0.0080562529268877,0.015969172,0.0025649452582001,1.7072098,0.2885465621948242
0.0007354592170118,0.0001128536131104,0.0049091095570474,0.0013486842904239,0.0058411490236712,0.0012615325318659,0.014009481,0.0033508348278701,0.79060835,0.6155902481079102
0.0007350412897477,0.0001423380345557,0.0062186438590288,0.0054739113184041,0.0222640963737112,0.0054072886221123,0.0151088685,0.0030701006762683,1.3616152,0.5896938800811767
0.0006530916064083,0.0001022523018064,0.0066618237178772,0.0011940631736069,0.0045767745405468,0.0009994041261767,0.015323918,0.0033605224452912,1.3022393,0.5926678216457366
0.0014177657362502,0.0001982993033484,0.0056010484695434,0.0017449053702875,0.0083980418661009,0.001903932684847,0.014135289,0.0032297270745038,1.1246246,0.56715527176857
0.0009382297111979,0.0001597784564967,0.0004818542511202,0.0019979410817541,0.015795283956889,0.0024981036986451,0.01206994,0.0022477488964796,1.0054556,0.6316543155908584
0.0016340473997669,0.0001971028510656,0.0044290851801633,0.0012682328699156,0.0062110867626779,0.0013656656933165,0.014094561,0.003235391806811,1.0926764,0.5130826890468597
0.0010646188018236,0.0001536337016822,0.0068341891746968,0.0020385878160595,0.0095661381085342,0.0020005396652616,0.015631057,0.0030070572532713,1.2960927,0.5649113953113556
0.0008102488431571,0.0001157458733025,0.0024143850896507,0.0031509589116467,0.0177614799193583,0.0029478478038128,0.01086107,0.0014833565801382,0.4321813,0.4693108277022837
0.0012091668556047,0.0001705864895206,0.0069705753121525,0.0036043627187609,0.0138917304127884,0.0037872766611233,0.015065501,0.0035651692748069,1.4794713,0.4934239387512207
0.0009795637792414,0.0001458606055938,0.0034193282481282,0.0020825365581549,0.0088092233384811,0.0020473386782873,0.013545182,0.0033566602505743,0.8998122,0.6092156904935836
0.0013594437852431,0.000239233542106,0.0138625637628138,0.0044022724032402,0.0173515100553591,0.0048083593146188,0.012976702,0.0030927462503314,0.80084884,0.6025519371032715
0.001581264537869,0.0002207975606847,0.0047509865835309,0.0020318467356264,0.009810602510307,0.0023739160608406,0.013588229,0.0034221668541431,1.1435224,0.5511023283004761
0.0013168472777131,0.0001691248649523,0.005564943421632,0.0020193744590505,0.0094737900457591,0.0021091133302766,0.01419694,0.0032240077480673,1.417532,0.5051374244689941
0.0014270599889794,0.0002236651696946,0.011443237774074,0.002370876725763,0.0096279154669233,0.0023704615335593,0.013043158,0.0031768183223903,0.8722099,0.5919592183828354
0.0011620465716318,0.0001858763314109,0.0094678606837987,0.0025450695771723,0.0111940354433183,0.0025535865825103,0.01549581,0.0031970208510756,1.1463892,0.6144368785619736
0.0011193522320499,0.0001536924865777,0.0065057198517024,0.0025384338991716,0.0108830460475914,0.002641363652095,0.014365757,0.0033591469377279,1.4372323,0.5085963082313538
0.0012236077913148,0.0001921739213384,0.0038951244205236,0.0032975202193483,0.0140390265604192,0.0033287756945859,0.012162863,0.0029078014194965,1.1836667,0.5908216536045074
0.0015308616285361,0.0001918005618314,0.0051772985607385,0.0015226789982989,0.0075284352923398,0.0016151496151882,0.01465937,0.0031158552132546,1.2958881,0.5191878616809844
0.0011779505099803,0.0001636831999607,0.00370910752099,0.0013777671521529,0.0065948981683455,0.0014090630681729,0.013410373,0.0031831858307123,0.99918425,0.5949858123064041
0.0011061172304342,0.0001545511843565,0.0067243794910609,0.0015780913177877,0.0069345286216443,0.0014922586807674,0.015262338,0.0031783909723162,1.279871,0.5755138397216797
0.0016092920372187,0.0001307970433947,0.0063436236232519,0.0006530628353357,0.0017758297502155,0.0004032786486073,0.015329972,0.003287507649511,1.599911,0.363807806968689
0.0006463198468737,0.0001619405837602,0.0031912536360323,0.0086745072642952,0.0438473996792447,0.0098528513427569,0.011458627,0.0018582162447273,1.0232818,0.665898950099945
0.0015631760136824,0.0001957580691233,0.0076648469548672,0.0016194588970392,0.007262375999965,0.0016714379722584,0.014311022,0.0033351425081491,1.3405325,0.5027455842494966
0.001327905761157,0.0001751244932034,0.008326253388077,0.0014829526655375,0.006002474066472,0.0013650237890612,0.015390959,0.0032942756451666,1.2892807,0.5393695831298828
0.0011612891726784,0.0001912544512504,0.0001662562572164,0.0012374849529805,0.0167129629389209,0.0021569239636638,0.012873173,0.001875274349004,1.2486593,0.5859737992286682
0.0008729123356817,0.0001597007363662,6.337852391880006e-05,0.0005456578409757,0.0184344457064706,0.0017020214107845,0.012019747,0.0014038909599184,0.93858546,0.6436338180303574
0.0008349446633494,0.0001567498941454,0.0001619273389223,0.0015683416249066,0.0208570169802044,0.0024338325721424,0.011605281,0.0015674252063035,0.80902547,0.6317519670724869
0.0014493725157589,0.0001703752047413,0.006815627682954,0.001568207880482,0.0073099519637868,0.0015287181789476,0.015817877,0.0030814451910555,1.4102035,0.4772788882255554
0.0009319772165645,0.0001654956391931,0.0026468262076377,0.0034493235990521,0.0172804676289574,0.003487478003307,0.011351308,0.0022306037135422,0.9560518,0.6470823436975479
0.0010431517131169,0.000143242743126,0.0067427367903292,0.0015947611816227,0.0069927224738884,0.0015184202943958,0.015179034,0.0032177573628723,1.3643926,0.5391939961910248
0.0010144047218592,0.0001661909836819,0.0003212809970136,0.0019117850111251,0.0268603766082764,0.0029714275522433,0.015853059,0.0017853571474552,1.4158734,0.5486634945869444
0.0009999204634693,0.0001544425278428,0.0025804359465837,0.0027617657979135,0.0123964634993115,0.0025759231300725,0.011755543,0.0026063568145036,1.1739004,0.6169700455665589
0.0039681949160561,0.000676768532388,0.0304232342168688,0.0104189409688115,0.0463422415711746,0.0151514258704073,0.015065571,0.0027368250861763,1.37417,0.4956378042697906
0.0009587065641267,0.0001367828456818,0.0062112947925925,0.0017247647885233,0.0077214854312099,0.0016791966623239,0.014802241,0.0032239430584013,1.3696475,0.5482022714614868
0.0007279918718005,0.000150005156094,0.004023440182209,0.0050036038555845,0.024393959105656,0.0054454923610304,0.013558624,0.0030265523865818,1.2298648,0.6323934197425842
0.0008728035309813,0.0001076034376611,0.0058060940355062,0.0013210289180278,0.0057113887823324,0.0012412624621575,0.013697716,0.0033276672847568,0.49060076,0.474179414510727
0.0009306230989864,0.000117961471933,0.0111105050891637,0.0016941702924668,0.0060488120861713,0.0013036237023035,0.01591059,0.0029853892326354,1.5649757,0.4387246108055115
0.0008102633592276,0.0001204237918748,0.0066264178603887,0.0011328745726495,0.004299456662544,0.0009514529932021,0.015157219,0.0034443554468452,1.1655183,0.6177698928117752
0.0003309806359146,8.212110388127868e-05,0.000303343651467,0.0015851025967458,0.0133995445041562,0.0018248447772786,0.012455119,0.0023587046191096,0.89023757,0.6739259082078932
0.001044695172977,0.0001616709887918,0.0042068697512149,0.001971136778593,0.0090687634278916,0.0020681312452212,0.01408181,0.0033420924656093,0.9075171,0.6215357035398483
0.0010056729658723,0.0001842480576136,0.001178604143206,0.0029712404584643,0.0207585547347587,0.0037554516960586,0.0120220985,0.0023810924217104,1.1562047,0.6232088208198547
0.0015944178878673,0.0002376381795126,0.0068716728128492,0.0022611825261265,0.0108353665195039,0.0026610402945566,0.014580111,0.0033587652258574,1.0192382,0.5624101668596266
0.0018034117582765,0.0002896532224971,0.0004683743900386,0.0027452751912278,0.040094059596576,0.0051086229270304,0.016013645,0.0016650341823697,1.3130996,0.551257894039154
0.0012238258196467,0.0002622599467597,0.0004446144157554,0.0043430318327318,0.0470220383483778,0.0072113467508811,0.013832213,0.0019906422682106,0.9735213,0.6447017788887024
0.0004507886105462,7.758724395282761e-05,0.0064900601282715,0.0015210785996168,0.0061743532726275,0.001367923542804,0.012888078,0.0033818138949573,0.5692389,0.5670175135135649
0.0007292578034072,0.0001152517991761,0.0070994065608829,0.0014656550157815,0.0058139554816078,0.0013063841024675,0.015198667,0.0033857611007988,1.2611603,0.5988519787788391
0.0016386611290873,0.0001578159677644,0.0060613006353378,0.0016700280830264,0.008174256217671,0.0017029364400648,0.016484095,0.003038584254682,1.5757107,0.3736049818992615
0.001403528421406,0.0002212454848556,0.0075033400207757,0.0025608541816473,0.0118689299124294,0.0029323712991544,0.013878326,0.0033919131383299,0.8844272,0.5856500899791716
0.0006483251436839,0.000111417625086,0.0001572417095303,0.0009742925321279,0.0131778076532882,0.0013463035968507,0.011442124,0.0015195412561297,0.7296035,0.6223263442516327
0.001824531194081,0.0002138433917728,0.0045347192790359,0.0036579594638897,0.0156034079176334,0.0040584487456388,0.013931172,0.0033231773413717,1.5942726,0.386449933052063
0.0005162339043589,9.144580467250626e-05,0.0078718066215515,0.0019590319041162,0.0077290734109078,0.0017616383768688,0.014310688,0.0033504882827401,0.72275525,0.6270889472961426
0.0011377121127397,0.0001760193883683,5.2698171202791855e-05,0.0004833081694823,0.0187680167611043,0.0017089361913272,0.0140624065,0.0014327019453048,0.6107219,0.5362515598535538
0.0009849089949697,0.0001610577054875,0.0010416827863082,0.0020965125577276,0.0138445563698743,0.0023484508277664,0.011361111,0.0021684937365353,0.9697998,0.6355731171369552
0.0005849041860698,9.517257925617008e-05,0.0057035670615732,0.0017872178601101,0.007590763441397,0.0016587220604647,0.013540618,0.0032529145851731,0.70791364,0.6140586808323858
0.0025108773782826,0.0004449395896517,0.0544149950146675,0.0087451096624135,0.0184262253450464,0.0069761101665585,0.0155004645,0.0032267975620925,1.2356707,0.560147225856781
0.0020319399218512,0.0001534732003258,0.0048745351377874,0.0021348264999687,0.0101973152887585,0.0023116506317484,0.015652772,0.0033253170549869,1.7572153,0.2574091553688049
0.0003880937674981,0.0001063494385801,0.0004604730347637,0.0029835800714317,0.0284626743549135,0.0035176017252957,0.011159683,0.001334940623492,0.973088,0.6736495435237884
0.0006510024614019,0.0001224121297116,0.0097838435322046,0.0029074057843536,0.0113394203362537,0.0027541164978296,0.0139839295,0.0033889384381473,1.0455893,0.6526241302490234
0.0015673712893135,0.0002112132085041,0.0061210663989186,0.0018074460327625,0.0085489179184141,0.0019961800754491,0.014332796,0.0033329131826758,1.2181201,0.5420759236812591
0.0006213753103101,8.010089554073103e-05,0.0003020869626197,0.0005912644614363,0.0038076855907607,0.0004965117908303,0.011420043,0.001960959341377,1.2169639,0.6090640473365784
0.0006145739929172,9.480154132978268e-05,0.0036563389003276,0.0010503675835207,0.0046534457160495,0.0009609984786384,0.015614082,0.003338011316955,1.236279,0.6044748783111571
0.000890801576884,9.872067384217289e-05,0.003950156038627,0.0007810398237779,0.0032241825765792,0.0006513717882741,0.015373161,0.0032755042240023,1.5260861,0.460349246263504
0.000438654360776,7.909038364488732e-05,0.0008808867423795,0.001362058342238,0.0071537527353919,0.0012811089192817,0.012462707,0.0030563622713088,1.0801259,0.6663401675224304
0.0007336886140256,9.595816053402808e-05,0.0043617412447929,0.0008884228300303,0.0034071709229551,0.0007255531184194,0.015210998,0.0033887299150228,1.4222054,0.5279210209846497
0.0009509376759057,0.0001137674072561,0.0063142054714262,0.001137335319072,0.0043846583047162,0.0009811011036501,0.014201345,0.0033325016126036,1.5148783,0.465968474149704
0.0017487131669452,0.0001805106769396,0.0126234255731105,0.0032491896487772,0.0154147118331693,0.0034152441071592,0.016102972,0.002968074940145,1.6873575,0.3303788304328918
0.0008894753192153,0.000110333845889,0.0061156922020018,0.0017312595620751,0.0076989878877056,0.0016584634849172,0.01592625,0.0032396240346133,1.5991176,0.4195216774940491
0.000604959831408,0.0001034862282855,0.0057184121105819,0.002491908497177,0.0113818619057289,0.0023092484770858,0.011601585,0.0023629673197865,0.62491137,0.5825288879871368
0.0018482404142687,0.0002267777803408,0.008092253934592,0.0036130343796685,0.0166934368863535,0.0042100940754631,0.015513724,0.0031884084455668,1.5504686,0.4191095614433289
0.0009778076906675,0.0001646222898649,0.0024255365133285,0.0031598551869683,0.0148024427757593,0.0032842130266302,0.011710601,0.0028100023046135,1.1702569,0.6337471157312393
0.0017805407505408,0.0002542324468164,0.0117798256687819,0.0022474876604974,0.0095339574429004,0.0023037286221033,0.015013285,0.0031818128190934,1.0770689,0.5471095430850983
0.0010510509489343,0.000218768714267,0.0023476383648812,0.0053208540712148,0.0326752541781861,0.0067773461578466,0.013542127,0.0027676564641296,1.0561621,0.6623653769493103
0.0018383711465571,0.0002645432697705,0.0137978019192814,0.0041846908442676,0.0187719818240985,0.0049864877474211,0.012979819,0.0029540948010981,0.5273363,0.459635891020298
0.0019112397832959,0.000363257851633,0.0186291625723242,0.0059188946709036,0.023830462057041,0.0069060406633326,0.011518033,0.0021886587515473,0.88177615,0.6103260743618012
0.002340173130282,0.0003686167668864,0.0003541602491168,0.0047431556706669,0.0876036520742106,0.0106800331686334,0.013822395,0.0014496536925435,0.4191636,0.4203047007322311
0.0009157451539364,0.0002248347612024,0.0593336261808872,0.0201813188940286,0.0321129640902551,0.0170256040696766,0.015043722,0.0032584716752171,1.1365255,0.6580268651247023
0.0032484639460317,0.0007956139318028,0.0190767999738454,0.0125235384330153,0.0490227509050725,0.0195318614003958,0.012107162,0.0023416415788233,0.9745201,0.6474597007036209
0.0013615514648236,0.0001640606502324,0.0046362210996448,0.003002401262056,0.0117131862688721,0.0030513416215754,0.014942126,0.0035061791539192,1.555179,0.429405746459961
0.0029965729660998,0.0006422049470351,0.0497939623892307,0.0345649286173284,0.1020718344075696,0.0425174756733213,0.015988927,0.0021166530251502,0.6527105,0.5683053213357926
0.0056922835618566,0.0013510452795572,0.0927032083272934,0.0419961977750062,0.0941261203715245,0.0550723725758176,0.01243531,0.0018585259839892,0.69279313,0.5778689751029015
0.0061046263241445,0.0011721344313205,0.0008049022289924,0.0204307290006727,0.3504151295936903,0.0603575406661472,0.01808028,0.0010735373944044,1.3151634,0.5226212310791016
0.0030918702928745,0.0007440603907382,0.2717666327953338,0.0823593363165855,0.0489478836084345,0.1030882519863346,0.01621394,0.0029832324944436,0.6431858,0.5710319876670837
0.0040028532260479,0.0008453887634096,0.0308861639350652,0.0611007350944419,0.3693240775447964,0.1070360243711467,0.018644623,0.001175509430468,1.2619696,0.5753597915172577
0.0001764155858235,4.456467256322557e-05,0.0015710770967416,0.0004035301390103,0.0012856981053017,0.0002741600958553,0.014044172,0.0033413707278668,0.8655933,0.6664759641885757
0.000581908071032,9.299312090370957e-05,6.771990956622176e-05,0.0004660552256154,0.0070878782710131,0.0007271780798555,0.012496295,0.0018780879676341,1.0956116,0.6406142288446427
0.0003986895147167,7.428238919230399e-05,0.0007577957003377,0.001310721353002,0.0079517915669157,0.0012336768479236,0.011566641,0.0023881809599697,0.8499175,0.6546044045686717
0.0009822400068658,0.0001449686354864,0.0028453840641304,0.0023779674011166,0.0099399568901189,0.0022822518972074,0.013722181,0.003441056702286,0.7569098,0.5845632255077362
0.0017718907363506,0.0001951348249109,0.0085785258561372,0.002402335871011,0.012029816192335,0.002568492776731,0.016138256,0.0028968831896781,1.5412295,0.4077724003791809
0.0041970567487181,0.0007700611183345,0.0018747979775071,0.0106068585221328,0.1129386650331352,0.0213773466390923,0.01186115,0.0010795762203633,1.4695597,0.5002466273307801
0.0016336807290596,0.0001615059565196,0.0080386577174067,0.0017985755112022,0.0099755681814137,0.0017943824267786,0.016601793,0.0025274445489048,1.6037228,0.3757002425193787
0.0017861357227527,0.0002020194611273,0.0072965621948242,0.0025722523685544,0.0125111908377301,0.0028440805668497,0.015771812,0.0030882251448929,1.5291212,0.4171536564826965
0.0010651545108947,0.0001712921110545,0.0117125557735562,0.003097282256931,0.012756668840282,0.0031393261692548,0.015090895,0.003207848612219,0.69398844,0.5729226544499397
0.0016366784439125,0.0002843502755263,0.0051436005160212,0.0049417991458904,0.0221708874881843,0.005731201047464,0.011556333,0.0025025548413395,0.69236976,0.5600014820694923
0.0018467691684699,0.0003453340038412,0.0239655897021293,0.0069114458188414,0.0246046383167906,0.0077889573210028,0.014434656,0.0032371055893599,1.0983381,0.605544630885124
0.0028176684757577,0.000406049158344,0.0301851145923137,0.0062276923656463,0.0239355221616895,0.007103738696349,0.015369621,0.0029814961925148,1.4146085,0.4652476871013641
0.0067224082728506,0.0012367474854852,0.0658015124499797,0.050393264167942,0.1498438431458182,0.0641470136725202,0.016538817,0.0016612107865512,1.3184654,0.5036595463752747
0.0073076736113114,0.0015264587187614,0.1473341137170791,0.0594095475971698,0.2052560997300651,0.0857670062929602,0.01678683,0.0018628472462296,1.2202042,0.5526034593582153
0.0005523296628247,7.396141127824236e-05,0.0004257932596374,0.0010806401237459,0.0085683326012504,0.0010498355631448,0.011234714,0.0017868103459477,0.41391274,0.4519448429346084
0.000257496954776,5.655685233378269e-05,0.0024709245190024,0.0005708232056349,0.0020706427900334,0.0004281735987238,0.014952405,0.0033536367118358,1.317806,0.6104490709304811
0.002520423220878,0.0003531323630351,0.0170190436765551,0.0066053453087806,0.0315862340088617,0.008324741629916,0.0115203615,0.0018275962211191,0.3865024,0.3945020921528339
0.0002696369906948,6.193170939254632e-05,0.0014467324945144,0.0011408502166159,0.0043999176964726,0.0009223535190569,0.013300111,0.0033274902962148,1.2239652,0.6364884674549103
0.0007625007484345,0.0001137901753903,0.0053100455552339,0.0012360212858766,0.0052846228250108,0.0010902324238512,0.013768587,0.0031527407094836,0.83860075,0.6210564076900482
0.0013997667474173,0.0001734620548054,0.0087535283528268,0.0013602303806692,0.0047861820061625,0.0011494542401943,0.014184754,0.0033965177461504,1.3412406,0.5163208591938019
0.0012863326919524,0.0002012149829599,0.0001854905349318,0.0013673791281598,0.0212073735142926,0.0024992450132495,0.014545327,0.0017683003097772,1.3688387,0.5561077713966369
0.0016630091623465,0.0002839314811115,0.0086869546212255,0.0042718662880361,0.017031276896799,0.005102066492675,0.013816499,0.0033376100845634,0.96111435,0.5923520165681839
0.0010892493932258,0.0001763587829765,0.0061846729367971,0.0045322354126255,0.0171902882099263,0.0045632553139128,0.014844408,0.0032411189749836,1.3775952,0.5529725253582
0.0007811338300212,0.0001269064689865,0.006722770165652,0.0020304187387228,0.0082870502823145,0.0019171385961325,0.0142717045,0.0033533461391925,1.1227169,0.6336185133457181
0.0014692038871093,0.0001767907937416,0.0029373646248131,0.0039779007931065,0.024339585067531,0.0043031522885738,0.010996733,0.0014489679224789,0.3615681,0.3761617197096347
0.0015209573845912,0.0002268749406484,0.0057949996553361,0.0053698059561429,0.0236368592309939,0.0057761883577636,0.01165859,0.0022993616014719,0.49477383,0.4611224353313446
0.0005258482864056,0.0001146111533375,0.0098261032253503,0.005078020049259,0.0184414210805599,0.0048443427460128,0.015952718,0.0031176854111254,1.2523742,0.622181203365326
0.0031584988020253,0.0004109388733995,0.0139675512909889,0.0028073295205831,0.0134489051069176,0.0038435338512563,0.015232815,0.003242981955409,0.98534346,0.4422557783126831
0.0025157804020757,0.0003242440585666,0.0208225771784782,0.0027667060494422,0.0095141712235477,0.0024874765514366,0.015334904,0.0031125806830823,0.90947473,0.4620898675918579
0.002255168727449,0.0002997039182669,0.0236682193353772,0.0045544309541583,0.0189119650982704,0.0051657101726251,0.015588584,0.0030587167665362,0.5057812,0.4298200505971906
0.0043338114201802,0.0009447490201268,0.1231784895062446,0.0383885295689106,0.1200285869417755,0.0517559060567157,0.017161135,0.0019903620705008,1.1487739,0.5858412086963654
0.0067278592062992,0.001301709601785,0.000458823487861,0.0112494958952902,0.2815615048251285,0.0445166102142533,0.015496325,0.000897838268429,0.70064896,0.4877010285854339
0.006486526115775,0.001007047982086,0.1023030951619148,0.0287425443530082,0.1852712926139038,0.0497481449975096,0.018354725,0.0012040184810757,0.5386236,0.4045196548104286
0.0003628657488052,5.520838964115805e-05,0.0001330852828687,0.0003706473414149,0.0027007064769242,0.0003559668533818,0.012364866,0.0024831588380038,0.86430806,0.6422791802883147
0.0006609957157371,8.963119231705872e-05,0.0046868394128978,0.0006546811200678,0.0019560490143627,0.0004298399391344,0.015316409,0.0033184103667736,1.3167473,0.5794245302677155
0.0005928770664545,8.819142216612307e-05,0.0037367683835327,0.0008648816728964,0.0035291194298673,0.0007345031686179,0.015096319,0.0033037085086107,1.2634985,0.6063907861709593
0.0009168368858812,0.000138162939598,0.0054968358017504,0.0015366971353068,0.0067014091457905,0.0014932201930676,0.014843659,0.0033843928202986,0.8369209,0.6113271564245224
0.0011223820732035,0.0001601766858868,0.0065418169833719,0.0014549860171973,0.006164436424232,0.0013724118291188,0.014495336,0.0033165290951728,1.1783915,0.5941362071037293
0.0055008372526421,0.001263762788779,0.1194916665554046,0.032313160598278,0.0666941793728442,0.0355759140422982,0.014084906,0.0028755748644471,0.8675803,0.5718682032823563
0.0011016503881449,0.0001903079341891,0.0028784181922674,0.0033160627743927,0.0161616079198775,0.0034453485761538,0.011466096,0.0026313992217183,0.9512413,0.6327532857656479
0.0012216065104552,0.0002221437779574,0.000773375533754,0.0031027921109853,0.0252819641475606,0.0041205182836397,0.011077801,0.0014785965904593,1.1849564,0.6216371357440948
0.0010223150956997,0.0001495608296962,0.0084634134545922,0.001759064560756,0.0071226866027485,0.0016075310090164,0.015059593,0.0032669830322265,1.2861059,0.5833411574363707
0.0026921468174299,0.0004242712808932,0.005424705799669,0.0094644638920726,0.065355571842271,0.0141189255840361,0.015407782,0.0020445858687162,1.4945612,0.4668747484683991
0.0027132850462129,0.0004000158477096,0.0180031880736351,0.005636584945023,0.0239300960146143,0.0071861893314991,0.013274183,0.0030291663669049,1.4310293,0.4675591671466827
0.002433905254144,0.0005377864386045,0.0004590091702993,0.0055718492822052,0.068911216972852,0.0120343189672374,0.010990898,0.0009550093673169,1.0937293,0.6366292405128476
0.0035647451218849,0.0005308356911959,0.0362415462732315,0.0052493898570537,0.0179838518335041,0.0058575711834573,0.015350571,0.0031376922316849,0.9379473,0.4672972112894058
0.0049571130521201,0.0009579679847198,0.089291051030159,0.06301219727844,0.1337242643450211,0.0716524725751486,0.012024333,0.001558699645102,0.44336855,0.4654748514294624
0.0067633880408478,0.0006869868794993,0.1783076226711273,0.0354046002030372,0.0294418762650253,0.0387864788045358,0.012873961,0.0032546849548816,0.21402535,0.2410793788731098
0.007510791286315,0.0013265764616762,0.031372457742691,0.0683021023523906,0.3420261954101115,0.1034664795610497,0.014660482,0.0011026625707745,0.5344695,0.4501923444867132
0.0023400772969988,0.0003823042355891,0.0449787862598896,0.0109138619154691,0.0338702152690518,0.0109089636432236,0.016176794,0.0027749449945986,1.4057506,0.5084540176391601
0.0003784639124992,6.0394867998820895e-05,0.0014568992191925,0.0010818865068722,0.0044263321172316,0.0009197765402948,0.012957457,0.0034246629476547,0.583158,0.5715777057409286
0.0002602094703677,7.568875525619111e-05,0.0002696254232432,0.0013772098613117,0.0117919690871305,0.0015362055425465,0.01217602,0.0021443990990519,1.115338,0.671031728386879
0.0012693306009832,8.98810863716403e-05,0.0037766208406537,0.0008488336158916,0.0039414979683539,0.0007874666864769,0.015303182,0.0032406225986778,1.7812709,0.2348328828811645
0.0011133989507631,0.000141065411788,0.0055565759539604,0.0011194515973329,0.0047107263272171,0.0010257213780508,0.014267683,0.0033326833508908,0.72492033,0.5334999376535412
0.0009363917823996,0.0001499610784263,0.0052695570047944,0.0021321742702275,0.0101232352204269,0.0021595152814405,0.012363711,0.002889547906816,0.91674066,0.6250814962387083
0.0013975894670024,0.0001894156696889,0.0040426915511488,0.0033442918793298,0.0135815190875563,0.0034409563808889,0.012827171,0.0032469309307634,1.4536766,0.4846418499946594
0.001521979457583,0.0001795415678752,0.0070434543304145,0.0020780615322291,0.0094828760276698,0.0022041530119059,0.014096925,0.0032795684970915,1.4959042,0.4475841104984283
0.0011947937462886,0.0001840521535123,0.0108120017684996,0.0023351719975471,0.0092353772086874,0.0022599930964984,0.014098562,0.0033444021083414,0.7480774,0.5784928277134895
0.0008025888393909,0.0001404000875788,0.0181218516081571,0.0062216977030038,0.0187340184859048,0.0060195144173211,0.013568663,0.0032732430845499,0.5567117,0.5442545861005783
0.0013450281072567,0.0002640685460374,0.0005576618132181,0.0036116550350016,0.0312311145595623,0.0054625777319472,0.012246085,0.001910675317049,1.0236475,0.6408954393863678
0.0047547669692815,0.0009584518099341,0.0757859125733375,0.0161331019550561,0.0520203191281299,0.0202427326459178,0.015940817,0.0026099082641303,0.9105294,0.5465530282258987
0.0022219393733737,0.0002217507336194,0.014015968888998,0.0019473297707736,0.0077834834904513,0.0019333727277353,0.01436699,0.0032596148364245,0.4891075,0.3645920374989508
0.002150615096722,0.0003898345467052,0.0193626089021563,0.0076369917951524,0.0327792884606047,0.0095846900679443,0.01123701,0.0018412099592387,0.56731063,0.5241643297672272
0.0016356644402657,0.0003717614193158,0.0077112563885748,0.0132393738030805,0.0671163714213579,0.0177441227857386,0.014701258,0.0024826452136039,0.91293454,0.657016282081604
0.009472370819479,0.0012849857098632,0.1029734015464782,0.0286646384000778,0.2255588808574122,0.0507075779446523,0.018512774,0.0010708048939704,0.54121315,0.3503580632805821
0.0004904490551811,7.960856741850053e-05,7.699063280597329e-05,0.0004434102995583,0.0063279149487344,0.0006808313248136,0.014030933,0.0022052696719765,0.6883241,0.6116961187124251
0.0009600324241538,0.0001157811699661,0.0025278148241341,0.0006874935771338,0.0030299143453974,0.0005917780129556,0.013421195,0.0031476044096052,1.2200209,0.569971042871475
0.0008783114924218,0.0001268860931999,0.004251588601619,0.0012406702246516,0.0056568219429326,0.0011853977017575,0.01400136,0.003298115953803,1.0000689,0.6191857838630674
0.0007893362263076,0.0001237002889275,0.0020571199711412,0.0018987294170074,0.0088347981485317,0.0018211730743706,0.0143570695,0.0033048097975552,1.0906391,0.6396725171804427
0.0012842062100847,0.0001641410231621,0.0065404416527599,0.0010196560528129,0.0035667703198221,0.0007963933341891,0.013972107,0.0032705970108509,0.855973,0.5546415376663203
0.0011472915745959,0.0001904716756115,9.470662189414723e-05,0.0008523766505277,0.0153915821733448,0.0017677708348417,0.012854672,0.0016804289259016,0.7722565,0.5957662463188171
0.0022930277880669,0.0004934569017842,0.0416460409760475,0.0139852574467659,0.0391937627455129,0.0159630056616752,0.013807458,0.0031823258474469,1.0489578,0.62653748691082
0.0006998628438422,0.0001169903606764,0.0109306434169411,0.0019339890964329,0.0066593174648849,0.0015891908156324,0.01474216,0.0033694622851908,0.77339387,0.6233552396297455
0.0011412006125051,0.0001897935278776,0.0001145957648986,0.001221209375808,0.020249597460393,0.0023425139304126,0.012784576,0.0016895974986255,1.3677659,0.5735675311088562
0.0016409030566716,0.0002425265490543,0.0097051872871816,0.0025732223782688,0.0111588894480285,0.002805902192012,0.014562358,0.00322071230039,1.1243129,0.5611837470531462
0.0011252270742124,0.0001663580273508,0.0123311588540673,0.0021225787512958,0.0076428300215495,0.001876117721827,0.014388036,0.0033550080843269,0.6602104,0.5577609732747077
0.0012681983064044,0.0002412551364751,0.0139173893257975,0.006689099818468,0.0222817842890966,0.0072744635426667,0.013587773,0.0033430825732648,1.1108677,0.6330080825090405
0.000408327680299,6.413440309504278e-05,0.0009251934243366,0.0007042152420035,0.0026353997957636,0.0005040841009456,0.012541122,0.003108664881438,0.877617,0.6459309011697769
0.0002582548207777,6.007396747454894e-05,0.0024727169657126,0.0009973977971822,0.0042828932556563,0.0008679631647125,0.0139830345,0.0032721965201199,1.0397464,0.6803834587335587
0.0009096455229499,0.0001311175167309,0.0051333606243133,0.0011155733931809,0.0046360176494206,0.0010102934958092,0.0146805905,0.0034163678064942,0.9029841,0.6226823741197587
0.0009914943912011,0.0001402108310733,0.0037813258823007,0.0016772037977352,0.0076806193900077,0.0017123509062204,0.013430575,0.003336661029607,0.70551986,0.5709008505940435
0.0010929162721675,0.0001881358481859,0.0053776260465383,0.0039734819624573,0.016864651387939,0.004078914468298,0.011839479,0.0028221681714057,0.7450508,0.6084274640679359
0.0016427868767666,0.0003643569630684,0.0180939882993698,0.0137733402079902,0.039978569290522,0.0156743747581596,0.014128715,0.0031807241030037,1.0168238,0.6413457542657852
0.0009544852827245,0.0001576605431145,0.003572765388526,0.0030935956048779,0.0141135129638581,0.0029620208828185,0.011775481,0.0025088498368859,0.77204406,0.6160287946462631
0.0004366997170444,0.000106751326149,0.0008691250404808,0.0036108809736106,0.0247279891971682,0.0040438324137208,0.01142737,0.0019790609367191,0.90729177,0.6651790487766261
0.0016403864869723,0.0001671980899789,0.0076248697005212,0.002006712835282,0.0093996073584479,0.0020926966033697,0.01558552,0.0032166211307048,1.6074061,0.3725191307067871
0.0010263360675621,0.000180101511955,0.0074079865589737,0.0042150052823126,0.016440410876152,0.0044499687131084,0.012445856,0.0031120721064507,1.0577583,0.6228148549795149
0.0008539814324505,0.0001601513847765,0.0168296582996845,0.004458304028958,0.0156253201906154,0.0041741793764412,0.015449623,0.0032107566297054,1.1151015,0.6443238407373428
0.0018714147765759,0.000312258745963,0.0014239120646379,0.0051876947009077,0.0437683366989333,0.0076283980924165,0.010907775,0.0010462352074682,0.47699228,0.4874760657548904
0.0039648160163538,0.0007248646582645,0.0343207567930221,0.0126993077993392,0.0525904693531316,0.0186563008940219,0.015137124,0.0026750049553811,1.2780364,0.5210028505325317
0.0005119281276596,0.0001059593643267,0.0024566345382481,0.0030904658819054,0.0149104750602844,0.0030659524045498,0.01207939,0.0029381494969129,1.0538234,0.6630726110935211
0.0006844536271978,0.0001292917649237,0.000307122230879,0.0018319537456682,0.0245440786780847,0.0026733973698939,0.01593518,0.0019244043342769,1.4415485,0.5404698777198792
0.0007372010853127,0.0001226672091204,0.0001187281559396,0.0008995946801587,0.0148234526395966,0.0014959605334853,0.015008541,0.0018559899181127,1.4190557,0.5519903898239136
0.0033841464659502,0.0005698719760148,0.0153815560042858,0.0087157401721924,0.0357590362372868,0.0125719637224205,0.013407773,0.002976578194648,1.4861934,0.4684347248077393
0.0008445376327636,0.0001322698427462,0.0054726335220038,0.0016452927375212,0.0072241331306322,0.0016365633373132,0.014041306,0.00341208698228,0.9301434,0.6317669749259949
0.0017109111690221,0.0001823696110781,0.0080495723523199,0.00240453123115,0.0123969077019621,0.0025469468842504,0.016195636,0.0028485082276165,1.5833619,0.3902041316032409
0.0010642841114883,0.0001964773621548,0.0012485302286222,0.0040073546447274,0.0276000574063077,0.0050204691136727,0.011496992,0.0018428949080407,0.66261053,0.5862608104944227
0.000664006027943,0.000142744395988,0.0004542587848845,0.0030203754240574,0.026650931157881,0.0038352105391729,0.011709444,0.0018121870234608,0.971735,0.666433230638504
0.0008225937989656,0.000160431976745,0.0167233478277921,0.0072363113611936,0.0209142497066395,0.0070918632256523,0.012962763,0.0031150842458009,0.72974837,0.6281049996614456
0.0034184998394463,0.0006763788815544,0.0273012183606624,0.0077596043795347,0.0330768199406073,0.012086896071139,0.013609616,0.0030006640590727,0.84733933,0.5559014630317687
0.0015253329964764,0.0003579131255501,0.0136676635593175,0.0210601218963711,0.0952589799899697,0.0274232002100308,0.0152647775,0.0024115019477903,1.0609999,0.6576131331920624
8.658186146037403e-05,5.637813973104113e-05,0.0024070374201983,0.0006590934796258,0.0024005912970544,0.0005029647661541,0.014824096,0.0033802380785346,0.9667186,0.6711047905683517
0.0003061081627879,6.974090196575837e-05,0.0051549444906413,0.0011892856610938,0.0047112562487889,0.0009884793169195,0.015367561,0.0032552472315728,1.1129797,0.6645596683025361
0.0010673029507143,0.0001157944643616,0.0041521065868437,0.0026928686711471,0.0109999763396114,0.0025875864971143,0.015618366,0.0033454750664532,1.7161294,0.3133590793609615
0.0016958407416918,0.0002944342019278,0.0419230610132217,0.0067814879119396,0.0132234773153392,0.0052521669008303,0.014571256,0.0033626509644091,0.70320475,0.5564726588129996
0.0025403771906146,0.0003305527097513,0.0101366601884365,0.0037163578346371,0.017933062329011,0.0047845412675535,0.014078402,0.0031729051843285,1.4574262,0.4392465388774872
0.0009434135520598,0.0001252358198011,0.0041890069842338,0.0015358251985162,0.0072504224269152,0.0015107519467368,0.013930728,0.0032136529125273,1.4085464,0.516531081199646
0.0006437319544578,0.000106584009987,0.0015244957758113,0.0018448104371054,0.0092560434735348,0.0017508528633232,0.011922208,0.0027887274697422,1.0956267,0.6440519946813584
0.0015586057343411,0.0001939695858926,0.0002228240919066,0.0012975145088512,0.0135579490499365,0.0019333066707532,0.011902015,0.0019644619897007,1.4665052,0.4608198404312134
0.0009410741854914,0.0001339999407023,0.0008323577349074,0.0016167579393186,0.0098462052284551,0.0017369619148693,0.011798859,0.0026987246237695,0.72695434,0.570942297577858
0.0007419471899837,0.000129400516883,0.0086706988513469,0.002850052723661,0.0107928845018442,0.0026848244328397,0.013637011,0.0033700108900666,0.9733565,0.6505471992492675
0.0006059731553494,0.0001481899766503,0.0005512026837095,0.0037323145329537,0.0359513381093986,0.0050944899776033,0.012748831,0.0021083020418882,1.0604119,0.6663726538419723
0.0014240877744031,0.0002578060352875,0.0187359414994716,0.0048336720839142,0.0172652323781226,0.0049713651370567,0.013038498,0.0031025689095258,0.8611942,0.6134164756536484
0.001492223164721,0.0002898160313059,0.0017197984852828,0.0057774593421709,0.040497330507651,0.0079818510998617,0.011141688,0.0013751117512583,0.61973315,0.5771878236532211
0.0025913657517816,0.0003526443578398,0.0165920723229646,0.0032722582109272,0.0146418813440125,0.0040435521227529,0.015341287,0.0031901006586849,0.7693196,0.4611601102352141
0.0033433615093503,0.0005549813253158,8.677950972924009e-05,0.0008809445296265,0.0577381699526971,0.0070073780788313,0.011191761,0.0008336653746664,0.6675446,0.4775470048189163
0.0008089195484901,0.0001836438645046,0.0071494532749056,0.0087413366197142,0.0366436375976128,0.0096175501918484,0.013276328,0.0030319322831928,1.085122,0.6583356493711471
0.0038794815273978,0.0007510894840514,0.0031180452788248,0.0080414057274538,0.0706711247288211,0.0158220477482504,0.0116179,0.0012452411465346,1.3937368,0.5446706116199493
0.0006540987956131,0.0001110443418984,6.963228224776685e-05,0.0005193113324821,0.0090657100217925,0.000959463854768,0.0132741425,0.0019590412266552,1.1952385,0.6325847029685974
0.0008534579746603,0.0001234324778537,0.003933907020837,0.0012570076901465,0.0059063712957815,0.0012306773712425,0.013982694,0.0032139779068529,1.1715964,0.6059292554855347
0.0008257710160338,0.0001144264181054,0.0044490890577435,0.0016070501878857,0.0073566915289075,0.0015631717470943,0.014356796,0.0032153073698282,1.4251208,0.5236930251121521
0.0009805701992076,0.0001567280249101,0.0001147112052422,0.0009836363057365,0.0289497746354113,0.0024935396132174,0.016789284,0.0015276777558028,1.4473249,0.5268502700328828
0.0010154359464827,0.0001592021790242,0.0048394748009741,0.0026617057155817,0.0133308320974554,0.0025775465405273,0.011400784,0.0020268602110445,0.7427512,0.584265373647213
0.0011957216266518,0.0001727513419654,0.0079751899465918,0.0014696676936,0.0056186076651471,0.0013008535113842,0.013230774,0.0032548341527581,0.96397346,0.5960744923353195
0.0013296595829738,0.0001782497863751,0.0064897749107331,0.0018385157454758,0.0084899720262784,0.0019155365527151,0.013832649,0.0031531802564859,0.68004143,0.5224525406956673
0.0011451643379197,0.0001675344039441,0.0101353330537676,0.0024248648434877,0.0101188327969855,0.0023483212962649,0.015800547,0.003264377862215,1.3527558,0.5511445701122284
0.0019600182492696,0.0002138492832523,0.0048900686670094,0.0052954165096161,0.0303664227873852,0.0062673233222046,0.015159255,0.0026998530142009,1.7109663,0.308853394985199
0.001627782644393,0.0002413111605609,0.0092383064329624,0.0027798563241958,0.0127539676615194,0.0031449330878193,0.014735624,0.0032612653449177,1.2401048,0.5505127799510954
0.0007165615283626,0.0001182836528191,0.0123370140790939,0.0038101850077509,0.0140462487482185,0.0035567596399996,0.012665433,0.0030322950333356,0.54648876,0.5452205091714859
0.0029084415070245,0.0006044336500645,0.0236595161259174,0.0098472223617136,0.0378471380455425,0.0141348227217626,0.013932286,0.0030116941779851,1.1597006,0.5884003639221191
0.0027317118960821,0.0005785714623626,0.0011474707280285,0.0088644863786976,0.0919080834736194,0.0174965154659404,0.012552582,0.0014336914755403,1.3324814,0.5897083973884581
0.0021244039163294,0.0004790201541077,0.1109208688139915,0.0203804974257946,0.0062201773229559,0.0123987348923754,0.014835649,0.003333123140037,0.782213,0.6094493666291236
0.0002969090640601,6.121910689709854e-05,0.0020415920298546,0.0007507722452282,0.0030739730086045,0.0006247996266686,0.013868561,0.0033021732233464,1.0805749,0.6639946967363357
0.0003334932826981,6.946138342567212e-05,0.0042655772995203,0.0010667424649,0.0044079775783218,0.0009112070496182,0.01524212,0.0032742824405431,1.0587823,0.665856739282608
0.0006230195683323,0.0001050078245769,0.0028556755278259,0.0022644224797841,0.0089045876680501,0.0019769078203165,0.012578679,0.0032119201496243,1.1547623,0.6475257873535156
0.0009487319829628,0.0001325065431108,0.0058086463250219,0.001341686816886,0.0057170550994534,0.0012605117560141,0.0142394025,0.0033273814804852,0.73046875,0.5784599259495735
0.0010986323046254,0.0001707898631004,8.121312930597924e-05,0.0006184152150126,0.0274439653994211,0.0022745619266458,0.017761696,0.0013267009705305,1.32725,0.5718349349498748
0.0012022870252017,0.0001425483636346,0.0065626238938421,0.0026802764041349,0.0119568488422506,0.0027519974667954,0.015883181,0.0032034358009696,1.6057017,0.4033227515220642
0.0015778870403001,0.0003453345287844,0.0140666710212826,0.0124881856754655,0.0365455084375091,0.0138243250563487,0.012162787,0.0027610408142209,1.0496422,0.6501009613275528
0.0005217494177669,9.865793742299734e-05,0.0090943211689591,0.0022794597502797,0.0088251681866702,0.0020292999369145,0.01471729,0.003270024433732,0.8927741,0.6639809548854828
0.0017838099956989,0.0002314797727502,0.011577527038753,0.0030166894756257,0.0138671243613078,0.0033355200176043,0.015548205,0.0031211841851472,1.4536183,0.469980229139328
0.0019670573695111,0.0003328740160855,0.000175539360498,0.0015444394823771,0.0263305859702498,0.0035826758820013,0.011516042,0.0013040992245078,1.1815388,0.5734843218326569
0.0015600183480355,0.0003158601099163,0.0068501005880534,0.0069773708564753,0.0296797557166199,0.0084983920217595,0.012761761,0.0030363209731876,1.0640965,0.6348244041204453
0.0035005930239434,0.0007500622270035,0.0166673744097352,0.010576419532299,0.0415452312821847,0.0163219086348638,0.01292584,0.0028907153755426,1.2800536,0.5794084668159485
0.0004832946196229,8.234801806004835e-05,0.0038052070885896,0.0010753841791301,0.0044973058658036,0.0009157471463333,0.013312347,0.0031412183307111,1.1441017,0.6493453621864319
0.0008898165765773,0.0001490875628722,0.0001586794751347,0.0010512884234685,0.0163111788927964,0.0017951715826349,0.014614293,0.0018475371412932,1.3070431,0.5927287542819977
0.0005610901899459,0.0001158698142587,0.0008318897162098,0.0023679937926317,0.018179825864124,0.0027493841071248,0.014506621,0.0024946178309619,1.1740137,0.6529063731431961
0.0010386815620889,0.0002014491503871,0.0053203590214252,0.0059533177045523,0.0260720135862652,0.006086454914997,0.011227149,0.0020439992658793,0.90016586,0.6484742969274521
0.0012971167304842,0.000216245637447,0.0091169150546193,0.0040132182557135,0.0159622676817186,0.0044191508116623,0.014508026,0.0034236144274473,1.237016,0.5890937221050262
0.0018961231206399,0.0002388566907471,0.0128033841028809,0.0033915056847035,0.0166490498336876,0.003617780235984,0.016376909,0.0027632174268364,1.4658536,0.449741313457489
0.001332205166125,0.000185002762335,0.0123114790767431,0.003548533655703,0.0152815656615115,0.003783720979556,0.012336883,0.0030108549445867,0.48208943,0.4647861769795416
0.0004289776384235,0.0001208573419065,0.0101964673958718,0.0095040838205022,0.0292286692190533,0.009165954241597,0.012591563,0.0032008397392928,0.930027,0.6826860797405242
0.0018874339681863,0.0003313928902872,0.0130255152471363,0.0044436577521264,0.0192969134710032,0.0054601282095078,0.013202567,0.0032198377139866,1.0746657,0.5928271520137784
0.0028713308387973,0.0003178250913836,0.0153096327558159,0.0045731163956224,0.0215323105194725,0.0054236573592347,0.015470862,0.0028999185375869,1.6230856,0.3520715570449828
0.002836116196089,0.0006202772609889,0.002775935921818,0.0068582626398711,0.0505417276930761,0.0125870705353792,0.011586374,0.0016840801015496,1.0531244,0.6261010241508483
0.0080758075287785,0.0018973214102486,0.1246874704957008,0.0425880141556263,0.0762515425470815,0.0593381314172601,0.010867502,0.0017507430166006,1.301178,0.611408357620239
0.0085676709464482,0.001537989499735,0.0548595301806926,0.0436583990231156,0.3010059073482792,0.0824719501236563,0.018570296,0.0009005881845951,0.9602086,0.4868335396051406
0.0002942439962188,6.132688339673966e-05,0.0028999159112572,0.0009262028732337,0.0039045799318959,0.0008240838357575,0.01389173,0.0034458157606422,0.8276303,0.6546805337071419
0.0008087007975374,0.0001185037948779,0.0055403301957994,0.0014333464764058,0.0062652626512156,0.0013198887052084,0.013754059,0.0031561846844851,0.7518488,0.6004643225669861
0.0007638765614277,0.0001136748850474,0.0046303127892315,0.0015672644367441,0.0070291824475504,0.001528652763324,0.013846805,0.0033067405596375,0.6712555,0.5777944162487983
0.0030008432384255,0.0005202302741524,0.0194757208228111,0.0076180566474795,0.0390406189462641,0.0112981232708655,0.016201112,0.0025252022594213,0.7654569,0.5162572860717773
0.0009867578758606,0.0001460598394171,0.0084891971200704,0.0015127905923873,0.0061645076813875,0.0013198336538127,0.016153596,0.0031305483728647,1.1962427,0.5989093470573422
0.0015588139866574,0.0002023441364723,0.0065815025009214,0.0023533890023827,0.012127059249274,0.0025398591016392,0.016501296,0.0029010533913969,1.3905356,0.5050536429882049
0.0005266396707357,0.0001053956089894,0.0083098234608769,0.0025336146447807,0.0098187722050263,0.002345963305922,0.014019957,0.0033650776557624,1.186485,0.6434171050786972
0.0016532165323465,0.0001677935574096,0.0081253084354102,0.0026903138495981,0.0126056374160972,0.0028312358095999,0.015474666,0.0031542908400297,1.6642659,0.3386222720146179
0.0015771936690213,0.0002836252042844,0.003510006237775,0.0043485495843924,0.0218118825145613,0.0051622702408011,0.011347445,0.0023013027384877,0.92716074,0.6199289631843565
0.0025723974573303,0.0003078735428619,0.0082906195893883,0.0052135597495362,0.0214714861175765,0.0063241101496365,0.0144880125,0.0032094586081802,1.6052691,0.3648484349250793
0.0013614583523504,0.0001794903692717,0.0092692854814231,0.002232922501862,0.0107810195034446,0.0021764658955458,0.016344586,0.0027889172546565,1.3813179,0.5095549988746643
0.002400311269073,0.0003962987811153,0.0147691499441862,0.004508126117289,0.0213538113212437,0.0062689333525308,0.012725763,0.002984794396907,0.6641876,0.5075260227918625
0.0003496699510533,6.609244983623794e-05,0.0005275128642097,0.0009056485414475,0.0052213020719778,0.0008687940374145,0.013115328,0.0030122858844697,1.2806376,0.6222338652610775
0.0006754781472559,9.357171955780372e-05,0.0062175020575523,0.0012418241240084,0.0048201239310415,0.0010754191778762,0.013647018,0.0033173202350735,0.54991996,0.5329611667990685
0.0026178714348945,0.0002937077434351,0.0112981707789003,0.0030592795275151,0.0149764520555007,0.0036893110114613,0.01303134,0.0029172053746879,1.5277463,0.3891404867172241
0.0010185003323701,0.0001316525031637,0.0043510890100151,0.0011451791180297,0.0051279865249294,0.0010921320367193,0.015028316,0.0033193557150661,1.283227,0.555639237165451
0.0010621409735114,0.0001667601308152,0.0037711677141487,0.0031879192526685,0.0129062972586062,0.003069180099234,0.012527442,0.0031906603835523,0.8413568,0.601394057869911
0.0007640847362899,0.0001214926220701,0.0058348055463284,0.0017512694466859,0.0074375903699402,0.0016674797113912,0.014643313,0.0033051436580717,1.0516255,0.646528902053833
0.0009209844810344,0.0001535600297704,0.0026256879791617,0.0031401592768816,0.0150689068082135,0.0031585260392009,0.0116004795,0.0026258633099496,1.3047364,0.5907326412200928
0.0007470034843114,0.0001414013727028,0.0096176518127322,0.0037150781136006,0.0137860925062072,0.0036460451383377,0.013587068,0.0034260201081633,0.96736175,0.6622501850128174
0.0027468553625211,0.0002885462807629,0.0123703116551041,0.0031871064566075,0.0154281542377925,0.003801342425226,0.015134977,0.0030729817785322,1.56766,0.3680229043960571
0.0015963613764184,0.000228845594702,0.0080496650189161,0.006253121519112,0.0224290596430442,0.0067441368092862,0.014746493,0.0033029266633093,1.5509211,0.4436898672580719
0.0012506183607522,0.0002164369964224,0.010257308371365,0.0044273070245981,0.0179225192840026,0.0048115444121978,0.013515207,0.0031589789316058,0.76149625,0.5969749793410302
0.0033699690670104,0.0006436825325529,0.017311256378889,0.010529390652664,0.0440998729423469,0.0153956843813295,0.0154683795,0.0027668483741581,1.2511146,0.5463660311698914
0.0005201013139319,7.275575670006315e-05,0.001813190174289,0.0006140191899612,0.0025119458713238,0.0005077076977747,0.013865808,0.0033357708156108,1.3611906,0.5750330460071564
0.0014681196225047,0.0002343270693875,8.830355000100099e-05,0.0010932303069694,0.0549366039799397,0.0050789499961012,0.011611282,0.0012229257263243,0.42498618,0.4408046899735926
0.0007105323414568,9.982664625101723e-05,0.0007620120304636,0.0010583150924503,0.0057739383434767,0.000977893190185,0.012132948,0.0027598021551966,0.88750625,0.621346097588539
0.0011608340452768,0.0001277863807176,0.0021273667225614,0.0021600923500955,0.0100334847330477,0.0020959100479665,0.01283368,0.0030394857749342,1.5963426,0.4035488748550415
0.0006651585135056,0.000105916780563,0.0023680563317611,0.0018301396921742,0.0077108311648803,0.0015736625073107,0.012206481,0.0029433923773467,0.89902496,0.6486450964212418
0.000671845289895,0.0001173271490087,0.0036195060238242,0.0029624502832302,0.0115260631828362,0.0027836083408062,0.013174948,0.00339943356812,1.2181847,0.6115436851978302
0.0013515984739537,0.0001665091858819,0.0086638843640685,0.0049663418903946,0.0213320745613973,0.0052021369012513,0.016682554,0.0028146775439381,1.6359183,0.3673197793960572
0.0008337995697108,0.000156018993009,0.0010645717848092,0.0026444260802236,0.020151148740545,0.0033372640658737,0.014490066,0.0026219490915536,1.0668206,0.6538801342248917
0.0024507870893358,0.0002753893983019,0.0256060790270566,0.0047274219244718,0.0229313716237683,0.0046972765848295,0.017322984,0.0022487345896661,1.5931394,0.3824501085281372
0.0015647868278609,0.0002198186447645,0.0186687484383583,0.0031626398675143,0.0115545930457788,0.0029354002152416,0.015447777,0.003151897676289,1.4171802,0.5078414297103881
0.0013480127241767,0.0001776818072457,0.0115875611081719,0.0019586038775742,0.0079339768362002,0.001740225492292,0.015903132,0.0030787349678575,1.4190705,0.5073777508735656
0.0026869065674909,0.0004383229556303,0.018323347903788,0.0048582889139652,0.0213381458407714,0.0063172922597419,0.014741715,0.0030713812448084,1.1716392,0.528422474861145
0.0013734464814009,0.0002396283897697,0.0173831041902303,0.005541226118803,0.0206780941902211,0.005925305796051,0.015083018,0.0032268962822854,1.2304592,0.5895838141441345
0.0047942120638505,0.000795657674411,0.0644355490803718,0.0156175103038549,0.0940139727650037,0.0228746332250253,0.018639322,0.0011813640594482,1.2440289,0.4879925465583801
0.0033913784664226,0.0006258583042121,0.0644357651472091,0.0257710227370262,0.1117597019983782,0.0362314445989689,0.018359588,0.0013852538540959,1.2970105,0.5437780189514158
0.0025025522064918,0.0005512319094741,0.0512745939195156,0.0340255021490156,0.0924657810980865,0.0411071474414017,0.01490329,0.002476746700704,0.6090611,0.562989693582058
0.0001831448188757,5.334158843603616e-05,0.0029325140640139,0.0006489094160497,0.0023891795161622,0.0004928297763098,0.014626982,0.0033425689861178,1.0388434,0.6756722033023834
0.0009426547047698,0.0001184190038072,0.0025119394995272,0.000768636893481,0.0034765788466951,0.000698806740146,0.013202831,0.0031999778747558,1.1472017,0.5829525601863859
0.0004438972050751,7.708538861496135e-05,0.0026417411863803,0.0010308694373816,0.0046030939892897,0.0009293120565477,0.013930587,0.0033293419145047,1.0655924,0.6639895564317704
0.0004324190020513,7.748896045756495e-05,0.0034430413506925,0.0019103107904084,0.0080895878740068,0.0017409547168613,0.012316638,0.0030954273417592,0.6653335,0.5959912687540054
0.0008978274398919,0.0001422679136041,0.0017247571377083,0.0023391817804804,0.0124179358515401,0.0022732580881541,0.011441301,0.0023733424022793,0.73017216,0.6039528229832647
0.001553676252142,0.0001855989413938,0.0059985346160829,0.0043558264151215,0.0234212042631562,0.0046785355947321,0.016648304,0.002630582563579,1.5932032,0.3908603954315185
0.0010109133720827,0.0001566370677519,0.0099261831492185,0.0024639668501913,0.0100840402613681,0.0023703915292024,0.013599092,0.003258527778089,0.6915315,0.5704330971837044
0.0009954304775921,0.0001473791653874,0.005522726336494,0.0017061493126675,0.0074976687426704,0.0016934729519841,0.013936665,0.0033483396098017,0.78123784,0.5946294128894806
0.0011400300965957,0.0001739807592467,0.0101574854925274,0.001945384312421,0.0076400743226693,0.0017942454525013,0.014165249,0.0032586608454585,1.0679939,0.6112047797441482
0.0017426463776407,0.0002875489296463,0.0070818625390529,0.0042001733672805,0.0172458614502023,0.0048509614774945,0.014972315,0.0033310067653656,1.0825081,0.5823048537969586
0.0009041137376293,0.0001500601023563,0.0094471857883036,0.0032467077951878,0.0125239486956513,0.0032491662608013,0.013672189,0.0033901333808898,0.77761275,0.6069829016923904
0.0022352264926525,0.000394695401076,0.0033450040500611,0.0055370113973913,0.0325210686528109,0.0080639456956662,0.012803592,0.0026124530471861,0.5821538,0.509622648358345
0.001247075277095,0.0002824467282982,0.0135140703059732,0.0146081559760204,0.0537958609858535,0.0169493752195817,0.014647049,0.0028742006979882,1.0454072,0.6535391509532928
0.0036647015644213,0.0008742082233606,0.1512922495603561,0.0352412909269332,0.0315600972654733,0.0367332765151826,0.01470541,0.0032195518910884,1.0122367,0.6205905407667153
0.0004726245080712,7.082232209801786e-05,0.0021243679802864,0.0007667609024792,0.0032603705505857,0.0006734434665868,0.01477485,0.0034466348588466,0.78022325,0.6311587530374526
0.0008591465616726,8.976069092860267e-05,0.0008372109150514,0.0008816834433673,0.0044058622722163,0.0007464980160084,0.012144977,0.0028338534757494,0.5089886,0.4613877758383751
0.0007240401734138,0.0001292065719525,0.0002184702461818,0.0014611945145588,0.0161014177335129,0.0019280322175706,0.011538848,0.001687401458621,1.2518224,0.6136172711849213
0.0014337712781012,0.0001926102078987,0.0060018980875611,0.0020825376594439,0.0103653665914237,0.0022460789159357,0.01596049,0.0030725209973752,1.3232648,0.5224928259849548
0.0059765451145746,0.0013925681258965,0.0331011619418859,0.0104636476188898,0.0607630221126856,0.0221607449581626,0.010945354,0.0010219449177384,1.018426,0.6073228991031646
0.0023086726784277,0.0003048110697727,0.0126969926059246,0.0023369942791759,0.0107516788541169,0.0025930065686265,0.015733486,0.0030340492352843,0.92113835,0.4878085255622864
0.001045884960378,0.0001495788156224,0.0048792043235152,0.0014181474875658,0.0065909453510684,0.0013778309686148,0.013345748,0.0031270014122128,1.1393582,0.6013157790899276
0.0018281754600675,0.0002493449038695,0.0142052816227078,0.0032382601127028,0.0137046944948935,0.0035911700437615,0.01327499,0.0031757109798491,0.56321937,0.4678718453645705
0.0011101700019471,0.0002190130632152,0.0035424288362264,0.0073236160487795,0.0357731960847848,0.00834357755443,0.01098706,0.0014760842919349,0.68061,0.6062385565042496
0.0009906205903522,0.0001991252999418,0.0273297391831874,0.0072402106598019,0.0193880534756292,0.0067767806779326,0.01308606,0.0032349147647619,0.80104136,0.6448320847749709
0.0012575101229682,0.0001942593430391,0.0070475502870976,0.0022875815629959,0.0102803552462842,0.0024787489671001,0.013973219,0.0033968614041805,0.9180573,0.5955698263645168
0.0004827092728488,0.0001066671000883,0.0106206433847546,0.0039002025779336,0.0139358835054809,0.0036291341731609,0.014571114,0.0033050940744578,1.1855149,0.6403576368093489
0.0004849254838514,8.333150256491532e-05,0.007755538681522,0.0013514314778149,0.0044155572360255,0.0010561347496049,0.014011943,0.0034621395170688,0.7405476,0.6224946454167366
0.0012518728027353,0.0002025435500222,0.0043158018961548,0.0031258214928675,0.0131961464184117,0.0033327219739825,0.013718758,0.0034548095427453,1.0480833,0.6089964210987091
0.0006346048724338,0.000109699391831,0.0122545966878533,0.001901469528675,0.0058920977955353,0.0014545124914377,0.014780098,0.0032896695286035,1.0378335,0.6503672152757645
0.0005455443778732,0.0001307515966978,0.0001936561020556,0.0019162337964644,0.0300651218759618,0.0032135977591877,0.014517829,0.0020323397032916,1.1007993,0.6625320732593536
0.0028825912821826,0.0006367423057802,0.001146916183643,0.0058942355838007,0.0557323966142546,0.0120243164298344,0.010835288,0.0009136927127838,0.85027236,0.6229142600297923
0.0020809381823364,0.0002522900438935,0.0093964217230677,0.0015794330369681,0.0069520444100269,0.0016142770981368,0.015315112,0.0031762030348181,1.0228114,0.4810368299484252
0.001803424077124,0.000371537452287,0.02854635566473,0.0107345291599631,0.033482593399453,0.0123514507824609,0.014351519,0.0032128817401826,0.9535179,0.6266334998607636
0.0008471972158501,8.833407270231468e-05,0.0028079864569008,0.0011729987198486,0.0058127904052741,0.0011034510078336,0.012950145,0.0029536762461066,0.37966183,0.3938150607049465
0.0005505879934763,9.475962227774652e-05,0.0059829424135386,0.0014111811760812,0.0055127848087742,0.0012166852988096,0.013823798,0.0033775226771831,0.9583254,0.6628645628690719
0.0013112550634,0.0001997905117675,0.0001295766996918,0.0011160241885954,0.0167578344378698,0.0020573890731094,0.012340936,0.0017078924924135,1.3693551,0.5456463396549225
0.0023170116880603,0.0002596159773711,0.0112902172841131,0.0017604617215692,0.0072866761342837,0.0017800272300268,0.014684131,0.0032545491121709,1.3634079,0.4397096228599548
0.0021111257169279,0.0003902760967975,0.0002280038097524,0.0025772613768003,0.0565388798162286,0.0072425094547666,0.015675278,0.0014637592248618,1.1001521,0.5932177400588989
0.0012262035549234,0.0002370648920064,0.0102188824675977,0.007742075365968,0.0264097299646064,0.0082169862901401,0.014142046,0.0032472513988614,1.1980557,0.615776389837265
0.0023735739412194,0.0004406314128012,0.0049319907557219,0.0069917282289679,0.0515934086470276,0.0112755754825675,0.015959432,0.0020960159599781,1.1497844,0.5902280771732331
0.0013090290855864,0.0002677601054426,0.0001416436425643,0.0021460007933455,0.0372517248668772,0.0046732110248217,0.011778629,0.0014311858639121,1.1126006,0.6435339450836182
0.0009205265440858,0.0001357793771125,0.010405936744064,0.0051585430186241,0.0203506773514023,0.0053127643360857,0.012113709,0.0027770334854722,0.3942685,0.4488769431412217
0.0028748551554461,0.0004899647214332,0.0140852015465497,0.0045505436137318,0.0211270245158365,0.0067708538299778,0.013459178,0.003188740927726,0.8376825,0.5193750870227813
0.0013093256224187,0.000183014383629,0.0037870700471103,0.0018664927664212,0.0084034759157619,0.0019658970907693,0.013612213,0.0033671860583126,1.1720872,0.574692577123642
0.0005699132054214,9.882381628807516e-05,0.0049512167461216,0.0020916912471875,0.009295383570136,0.0019676051144476,0.012466967,0.0028543049655854,0.79500675,0.6486789658665657
0.0012658699704799,0.0002246037519641,0.0002621441963128,0.002046076199158,0.0225131785369006,0.0032795229017633,0.013530828,0.002017751224339,1.0428188,0.62192402780056
0.0015597869277735,0.0002467690555558,0.0019074031151831,0.0029992297001808,0.0196076470895746,0.0035839955584374,0.010982847,0.0017223260365426,0.7043612,0.5514479976892471
0.0008865363099147,0.0001682777211444,0.0094000361859798,0.005629630126059,0.0199139250974716,0.0056417466118902,0.015318636,0.0033070310018956,1.2201443,0.6209585320949554
0.0022918874689304,0.000272456274457,0.005556481424719,0.0031357526313513,0.0156004251130026,0.0039852759040965,0.012499313,0.0029617460444569,0.48753488,0.3902480021119116
0.0018402885611771,0.0003789093161646,0.0031132611911743,0.0173322684304366,0.0799055673697566,0.0220656997899269,0.011720429,0.0017167013138532,1.4352441,0.5502226150035858
0.0008947035820127,0.0001294767873826,0.0044283643364906,0.0012790757371112,0.0056823203499302,0.0012318826435659,0.013986798,0.0033713257685303,1.1762667,0.6034304797649384
0.0009749954914154,9.750688563440698e-05,0.0049759014509618,0.0008518385048955,0.0035380041685927,0.00070630264428,0.015348963,0.0031401362270116,1.6186608,0.3864287137985229
0.0012403724900012,0.0002499564377699,0.010874549858272,0.0077458597370423,0.0260460204513843,0.0083117909748278,0.013174145,0.0031841310672461,0.90919757,0.6370708048343658
0.0008661230127938,0.0001316854455878,9.295029303757474e-05,0.0006906823872213,0.0130244834766659,0.0011655681416739,0.010967147,0.0010725452192127,0.6608939,0.5687334915995598
0.0011269753450057,0.0001270347548261,0.0068830996751785,0.0010935601778328,0.0043496197431776,0.0009176586794155,0.015233193,0.0031382367014884,1.4600937,0.4673268294334412
0.0013742701874212,0.0001869357529169,0.0072986995801329,0.0014010167960077,0.0058635399466129,0.0013283854460307,0.014553778,0.0033101738803088,1.0171734,0.5626192909479141
0.0018806871464081,0.0002437582501274,0.0110242841765284,0.0015783781930804,0.0060314524846487,0.0013837436391254,0.015771156,0.0031679797172546,0.9894127,0.5221861886978147
0.0015031163350383,0.000181294325715,6.523211413878016e-05,0.0005386883758728,0.0247187413364464,0.0019235900328058,0.010946129,0.0008531884662806,0.40168005,0.3940455615520477
0.0030073575386347,0.0005961502949266,0.0106685101054608,0.0083059378224425,0.035488025969402,0.0120964521117967,0.013253765,0.0027995386347174,1.1881803,0.5672920644283295
0.0010953731267643,0.0001420455303312,0.0032875863835215,0.0009647143073379,0.0043547465661256,0.0009078404051039,0.01382442,0.003292525652796,0.9273571,0.5883148771524429
0.0001306929699613,7.765159289407865e-05,4.701273064711131e-05,0.0003394538042584,0.0166458160099355,0.0011712601152508,0.01770707,0.001601418480277,1.0285556,0.676188497543335
0.0007816399365671,0.0001165891735302,0.005926757119596,0.0015115794725716,0.0064596404829759,0.0013806218132516,0.015127998,0.0032101444900035,1.3228453,0.576783994436264
0.0007034854779392,0.0001302557778726,0.0073482915759086,0.0032102728728204,0.0127944280849809,0.003231174323585,0.013198283,0.0032890017330646,0.836951,0.646706368923187
0.0010338470466986,0.0001475830067839,0.0021712727611884,0.0017584503890248,0.0082434830957701,0.0015554058297995,0.011981573,0.0026692923903465,1.0521612,0.6135400998592375
0.0012333927947032,0.0001926468944719,0.0048188359942287,0.0029794806032441,0.0121164243809379,0.0030785321683118,0.014232942,0.0034296466037631,1.0728219,0.6065163016319275
0.0008141300968957,0.0001445896596555,0.0027813403867185,0.0033704087090882,0.0162314533486948,0.0035971855432722,0.013249878,0.0033030454069375,1.0364,0.6378480595350263
0.0010944388037912,0.0002162688354751,0.0049025947228074,0.0059759869793197,0.028694870071808,0.0068642406394507,0.013569713,0.0029341320320963,1.0441444,0.6484861105680466
0.0011232946666836,0.0001798945922801,0.0121993543580174,0.0029405660554766,0.0114044422195145,0.002864690160131,0.01324755,0.0032553081773221,0.7036619,0.583123702406883
0.0026358874876002,0.0003711366457904,0.0359098762273788,0.0123338149860501,0.0403785005299363,0.0135978116126087,0.01393386,0.0029495921917259,1.606053,0.3928035831451415
0.002398070428663,0.0005069596065038,0.0057096746750175,0.0211824893911398,0.1280575796542714,0.0322745539705817,0.015350375,0.0019652349874377,1.3235772,0.5918279170989988
0.0084661036064442,0.0015168719743766,0.1459972709417343,0.0233634267747402,0.0919195558336831,0.0311195263911851,0.017785456,0.001747871004045,1.0561376,0.4579406034946441
0.000794520460114,0.0001010913595599,0.0031484942883253,0.0006526816869154,0.0026268893388233,0.0005370039196979,0.013728323,0.0032121273688971,0.80023545,0.5962118250131607
0.0010500409122598,0.000136472324025,0.0052920682355761,0.0008725921716541,0.0031206542492278,0.000684631257671,0.014910457,0.0033994789980351,1.0438031,0.58456090092659
0.000714584656132,0.0001158968221317,0.0050417236052453,0.002176341083832,0.0092429893477549,0.0021178457587659,0.014372978,0.003318487200886,1.2811419,0.6000467538833618
0.0009772009538315,0.0001734673275068,0.0094702616333961,0.0037396685220301,0.0147762142725857,0.0037556234401569,0.012587679,0.0030039235204458,0.92332613,0.6429892051219941
0.0015982204936346,0.000251739684931,0.0036438470706343,0.0044371400399541,0.0220858050192392,0.0054587825793957,0.013159452,0.0030964249745011,1.3822852,0.5157578587532043
0.0015465038949472,0.0001707351087509,0.0066614872775971,0.0019038635678589,0.0091847258846354,0.0019732045413693,0.0154223,0.0031172292307019,1.5313357,0.4234408235549926
0.0014604415320002,0.0001706578955117,0.0074741630814969,0.0019927565008401,0.0091539981492756,0.0020921843159354,0.013986119,0.003142365720123,0.52562904,0.4411532747745513
0.0014742938375629,0.0001951943708293,0.0094708856195211,0.0028955188393592,0.0126735503568998,0.0030637074225197,0.014911069,0.0032646631635725,1.4694353,0.4784889543056487
0.0012358011198734,0.0002331218890783,0.000249792865361,0.0022956008298297,0.0266352671461354,0.00377327114026,0.013304461,0.001971866954118,1.0221922,0.6369942426681519
0.0018997926260986,0.0003122900989652,0.0304483603686094,0.0081281885504722,0.0248022797247672,0.0088259737693243,0.013792001,0.0032354606129229,0.49383396,0.4830868631601334
0.0007724565911064,0.0001201344597308,0.0038146850420162,0.0016672389116138,0.0075837324890421,0.0016345868275087,0.013221502,0.0032716644927859,0.76927775,0.6135566443204878
0.0008254068777532,0.0001228547416657,0.0010438709869049,0.001561541907904,0.0083255812672912,0.0015832802214047,0.012052753,0.0031663118861615,0.92078763,0.6267535293102264
0.001241910461569,0.0001935475468042,0.0002948307665064,0.0021600287582259,0.0203632022621739,0.0031455941619963,0.012458705,0.0021938492171466,1.4256332,0.5133872532844543
0.0013526508192954,0.0001713766742966,0.0050290212966501,0.0011275225831195,0.0048946569729599,0.0010814358832252,0.014911154,0.0034106179140508,1.1525795,0.5470614624023438
0.0019300605921966,0.0003637654975395,0.0098302476108074,0.0090144213993335,0.0429045588251377,0.0115496281475227,0.015620669,0.0025850766152143,1.2110873,0.5958239734172821
0.0010536239311313,0.0001635877602731,0.0087487986311316,0.0018555303104221,0.0076538156397584,0.0017889147513333,0.014816724,0.0034000111930072,0.9190211,0.612300281524658
0.0011167554141004,0.0001728857096252,0.0072759999893605,0.0020401664450764,0.0089380701076393,0.0021153702586069,0.014513241,0.0033780140802264,1.0634571,0.6199996459484098
0.0008266241485162,0.0001853899723955,0.0001530449371784,0.0017505772784716,0.0442993332342404,0.0044895747593053,0.013167054,0.0017823755182325,0.80170405,0.6485926845669746
0.0009729778492433,0.0001984990816535,0.0078826583921909,0.0076308713614707,0.0274797181177008,0.007900238346828,0.01276979,0.0031470432318747,1.0991752,0.6523193532228471
0.0020571391940447,0.0002373927135757,0.0105894026346504,0.0028095617517828,0.0126898306398033,0.0031939984662969,0.014804552,0.0032810465805232,1.5247544,0.4105669116973875
0.0031334388463941,0.0007289237394353,0.0730343088507652,0.0711282677721465,0.2211040405961463,0.0972322893789985,0.017657343,0.0017105881124734,1.106186,0.6301266998052597
0.0010850830335408,0.0001276910933669,0.0040107641834765,0.0017225150368176,0.0076889523413057,0.0017256344361333,0.015777718,0.0033801570534706,1.5209334,0.4540542638301849
0.0005285820474323,9.802775631121472e-05,0.0028994503663852,0.0022533120645675,0.0091642001653936,0.0020059244436313,0.012878331,0.0032337112352252,1.2018117,0.6431942594051359
0.0009380884125152,0.0001315832676356,0.0057749017141759,0.0021934331161901,0.0101695391410855,0.0022176234730325,0.012393818,0.0030557811260223,0.5217857,0.5033141607046127
0.0001898891977844,6.652202303696693e-05,0.007393185980618,0.0014268814120441,0.0047497100299241,0.0010850341008715,0.014634194,0.0033540891483426,0.97327775,0.6765761971473694
0.0004139877967794,6.833319798324163e-05,0.0039173234254121,0.0006056184647604,0.0019096688212576,0.0004087202874093,0.015305962,0.0033148781582713,1.285621,0.6072211861610413
0.0014644482535555,0.0002108439834029,0.0077421809546649,0.0023912747856229,0.0112368625852246,0.0026807324355791,0.014655032,0.0032769131474196,0.6816907,0.5375211030244827
0.0011035169287291,0.0001639002389801,0.0050010932609438,0.0017248714435845,0.0085196608211633,0.0017916827206856,0.0124692535,0.0030089711770415,0.8190248,0.5867968308925628
0.0011313656821581,0.0002436237301502,0.0170332537963986,0.0136038577975705,0.0355537583786546,0.0137210611084483,0.013824467,0.0032553551718592,1.1642766,0.6366952604055405
0.0020121441460138,0.0004086031440295,0.0068765466567128,0.0066991834912914,0.0303726525987344,0.0087279270477973,0.01130397,0.0020643263123929,0.92031246,0.6167262643575668
0.0011184804747883,0.0002457342537875,0.0160457603633403,0.0139597200322896,0.0390458006851537,0.0144435256230122,0.0129944915,0.0029169591143727,0.7261777,0.6231100985407829
0.0007064375241733,0.0001140117878698,0.0051156370900571,0.0021743522956967,0.0092351541351722,0.0021604207786233,0.014395819,0.0034567080438137,1.3982341,0.5606525540351868
0.001182436725697,0.0001547423433594,0.0001783798797987,0.0009612797608042,0.0091948661929764,0.0013186807229244,0.012309557,0.0023263688012957,0.68473613,0.517780025601387
0.0011040831446636,0.000146312549299,0.0037347236648201,0.0016823023138567,0.0084188345181924,0.0017240645432205,0.012602612,0.0029428206942975,0.65019906,0.529557647705078
0.0009078849997177,0.0001286283904927,0.0062112198211252,0.0012723328918218,0.0051685903247518,0.0011580076871992,0.014934751,0.0034634666517376,1.2768599,0.5766145825386046
0.0017042718431559,0.0002762015759556,0.0004874776059295,0.0017804267004066,0.0191692990834519,0.0028286599801207,0.011217484,0.0013872371427714,0.8756189,0.5789831244945526
0.0013866188935328,0.0001843497215561,0.00466691958718,0.0012989731039851,0.0062064044374732,0.0013308359244501,0.013351242,0.0031907074153423,1.1309289,0.5652535665035247
0.0024934150606438,0.0005546349958756,0.0117524182423949,0.0107895046821795,0.0390785548041437,0.0147659735237616,0.012201118,0.0026230271346867,1.0657732,0.6235933899879456
0.0010630329257039,0.0001666797705935,0.0041519878432154,0.002543802591972,0.0110970770907798,0.0026298042347366,0.013194054,0.0032461937516927,1.0925072,0.6166270077228546
0.0007870234382038,0.0001234316210179,0.0014570335624739,0.002270493721262,0.0123523166133879,0.0024537902121075,0.01322449,0.0031359735876321,1.4523855,0.5387846457958221
0.0008360173229556,0.0001469685441638,0.0044981925748288,0.0037638018827419,0.014972459677298,0.0036065727833266,0.012384423,0.003016111459583,1.0207765,0.6404298841953278
0.0015097125872072,0.0002135406482943,0.0057165022008121,0.0018200995400547,0.0087154069517018,0.0020012483269422,0.01364366,0.0032364372164011,1.1144912,0.5643647909164429
0.0006240047847159,0.0001053850662755,0.008114053402096,0.0018451360892504,0.0072409803750411,0.0016008388058999,0.015224003,0.0031615678966045,1.3505895,0.5819795727729797
0.0019857087770245,0.0003080021620132,0.0097240209579467,0.0028533311374485,0.0137119833230937,0.0035809690336147,0.014269743,0.0032419399358332,1.0451082,0.5551089495420456
0.0006663534757102,8.316440783480775e-05,0.0008838376961648,0.000694873589091,0.0028497853455771,0.0005190407738127,0.0125140585,0.0029848427511751,1.3238024,0.5707966983318329
0.0012469256372603,0.0001643044588447,0.0050055116880685,0.0011466958560049,0.0051466859543324,0.0011301903812318,0.014774483,0.0033891019411385,0.994494,0.5613996201753613
0.0002563053972465,7.27013200398014e-05,0.0029097872320562,0.0029776428271725,0.0118839434928028,0.0026737668099106,0.012420101,0.0032384004443883,0.8583402,0.6728664731979369
0.0033365018713579,0.0008109674645225,0.0269178310409188,0.0302196775662014,0.1152370624191523,0.0424829924693462,0.014265325,0.0018344159051775,0.85561,0.6330930888652802
0.0011208672478442,0.0002021457527061,0.0059087951667606,0.0045641226461157,0.0184505579109756,0.0046559195931067,0.011887479,0.002789986077696,0.8324659,0.6248518824577332
0.0003993897948621,0.0001110829609413,0.0001263081503566,0.0014988238432943,0.0264228322701773,0.0025992098946071,0.013404585,0.0019723820500075,1.002361,0.6754996925592422
0.000589424368285,0.0001372816792972,0.0054465970024466,0.006435938634604,0.028042858947803,0.0067700916775553,0.014094751,0.0030930227413773,1.2577808,0.634288786649704
0.0004518989611528,7.868728350605807e-05,0.002679060678929,0.0011281065875664,0.0046577765536987,0.0010176177795132,0.013686787,0.0033978014253079,1.052604,0.6562474143505095
0.0003745134111216,6.54817367343602e-05,0.003656918182969,0.000597498291172,0.0018854953017032,0.0004079291037993,0.014882604,0.0033350964821875,1.1852738,0.6434185057878494
0.000620954873532,9.909259145637156e-05,0.0048718731850385,0.0011321423668414,0.0046308877523883,0.0009879043913392,0.014705699,0.0033717417716979,1.15553,0.6460124552249908
0.0008474196158347,0.0001143555467223,0.0047758659347891,0.0009246436972171,0.0036865644855354,0.0007700606715642,0.015486981,0.0033205319195985,0.8112141,0.59162169277668
0.0008614148757882,0.000136301017352,0.007468095049262,0.0019048999622464,0.0079677003117568,0.001821952149772,0.014342297,0.0033714587427675,0.8044556,0.619856903553009
0.0011025115242252,0.000146221664873,0.0050547462888062,0.0017510806210339,0.0079691741313723,0.0017634407577016,0.013557429,0.0032333377748727,1.4099095,0.5196149349212646
0.0009399619055291,0.0001577764243111,0.0117841884493827,0.00316290570423,0.0123219002775168,0.0030426184435872,0.015058696,0.0032694176211953,1.2956796,0.5977643430233002
0.0011506679095172,0.0001921574254962,0.0144707923755049,0.0029266555793583,0.0105620271379394,0.0027786482464489,0.014544935,0.0034325588494539,1.166177,0.6194461941719054
0.000558595846941,9.074716074699272e-05,0.0023612295044586,0.0018128302734112,0.0071051784795588,0.0016025841808178,0.013588088,0.003498210106045,0.8253954,0.6451207855343817
0.0018149253857356,0.0001803998605598,0.0137403202243149,0.0033570244908332,0.0186199731304778,0.0034023164957147,0.017267043,0.002340511996299,1.6813316,0.3268851041793823
0.0020821279083426,0.0002006473231304,0.0237109642475843,0.0039497566595673,0.0177664062343851,0.0035100640099323,0.017331794,0.0022557442635297,1.6959033,0.3166243433952331
0.0012488361457246,0.0001733952972247,0.0121296127326786,0.0029231037013232,0.0117093838633426,0.002870262169243,0.012575276,0.002935680989176,0.57144403,0.4942175224423408
0.0015562805954543,0.0002842959835819,0.0139731992967426,0.0071807501371949,0.0266131793171147,0.008249774797051,0.012174891,0.0026026886515319,0.6500315,0.5647902971506119
0.0032895617324081,0.0005984872368791,0.0198592916131019,0.0087851025164127,0.037918212419019,0.0128614415527535,0.012434791,0.0024291714653372,1.4061292,0.5212800061702727
0.0036000519648452,0.0006656273765407,0.0542209707200527,0.0110974507033824,0.039434587556718,0.0127342126073421,0.016705489,0.002484074793756,0.9105062,0.5407901853322983
0.0010821964217889,0.0001432872052669,0.0013646632432937,0.0011576606921153,0.0061935910425639,0.0009594125668921,0.011352288,0.0020855581201612,0.9059064,0.579532116651535
0.0009705232985175,0.0001438701918407,0.0047576460056006,0.0020540427789092,0.0091481072857656,0.0021144200322725,0.01596591,0.0033920295163989,1.2539384,0.5861746370792389
0.0005217271676067,9.905633823021504e-05,0.0072120118420571,0.0023321375902742,0.0094355481967221,0.0021562855015538,0.013639488,0.003239656202495,0.954388,0.6608046418428419
0.00340288867288,0.0006693052401093,0.025224863551557,0.008554152213037,0.0385671099762199,0.0133163912654726,0.014924528,0.0027088770829141,0.990859,0.5635022222995758
0.0027286442798216,0.0004672037206566,0.0144278109073638,0.0044701687991619,0.0259672131345978,0.0062551054096193,0.011008507,0.0015343516133725,1.2069452,0.5537266778945924
0.0024263340119016,0.0004201917606161,0.0315076187252998,0.0072113801166415,0.0243049240401419,0.0085585536236448,0.013540975,0.0031735696829855,0.6350354,0.515733540058136
0.0016372735784838,0.0003668711085192,0.0226614642888307,0.0172490525105968,0.0435314477237068,0.0183277052600508,0.011168384,0.0016982179135084,0.69224155,0.629398922920227
0.0006816079395712,9.275401534681238e-05,0.0025111011927947,0.0007006503618322,0.0029871837506653,0.0005985140186985,0.01377097,0.0032927845604717,1.2069426,0.6126043295860291
0.000998331546289,9.869983578701842e-05,0.0038491603918373,0.0012831800384446,0.0060236179275184,0.0012349114599338,0.01480519,0.0032397833094,1.6737218,0.3416306281089782
0.000812745477205,0.0001302355272793,0.0016462060157209,0.002125725883161,0.0108492264515301,0.002266921187162,0.012895465,0.0033263676799833,1.2639902,0.5954091119766235
0.0005808516263985,0.0001047688374008,0.0056223543360829,0.0030634006718173,0.0116433282853823,0.0029476999620425,0.013524889,0.0033631167374551,0.740305,0.6310815590620041
0.0008382250789391,0.0001519603826238,0.0015483517781831,0.0030122941201989,0.017279629430438,0.0033027024125552,0.011386624,0.0023110747337341,0.9083733,0.6479011625051498
0.000749445020917,0.0001177742103975,0.0060467272996902,0.0016601695679128,0.0070908383345684,0.0015978106851305,0.013513833,0.0033242148347198,0.74705476,0.6053479799628257
0.0002870890589776,9.349770832504563e-05,9.593455615686251e-05,0.0011679698898205,0.0224397452314356,0.0021011298768598,0.012339402,0.0018150783143937,0.9155552,0.6776735764741896
0.0011105527238345,0.0001861237582482,0.0060574568342417,0.0045565351028926,0.0167671967685514,0.0045947009908786,0.01288451,0.0032785362750291,0.6831922,0.5842734324932096
0.0022716783772042,0.000461658955084,0.0067520230077207,0.0124245385345784,0.0611935906243666,0.0173932426831347,0.012534894,0.0022515061683952,1.4379987,0.5604528832435608
0.0062211948902897,0.0011475520376737,0.1394469887018203,0.0203161722421646,0.0299303906256181,0.0165395493380997,0.016781336,0.0025413138791918,0.7843539,0.4720843625068665
0.0003390366722505,6.627006030143789e-05,0.0036094239912927,0.0013140000775456,0.005570120593467,0.0012208725583942,0.013899945,0.0035708318278193,0.7163468,0.6220623552799225
0.0006439584685341,0.0001215199478162,0.0001438556064385,0.0010163097265376,0.0145447674345857,0.0015084376117287,0.011713988,0.0015798575058579,1.1260179,0.6411377042531967
0.0010271388114659,0.0001426723982911,0.005034590139985,0.0014474125346168,0.0065499879933285,0.0013871684394954,0.0150914695,0.0031941933557391,1.2195486,0.5833957135677338
0.0005224105387251,0.0001218203639179,0.0001612062769709,0.0017323106501407,0.025009242184124,0.0026886650145534,0.013969705,0.0020236214622855,1.0736371,0.6708525568246841
0.0018269953720593,0.0004571091833293,0.0330775529146194,0.0326882841350743,0.0686162979826994,0.0348573855481636,0.011855852,0.002281351480633,0.9419504,0.6630234313011167
0.0005759901984426,8.466161025831175e-05,0.0044443286024034,0.0007805811986327,0.002807599634171,0.000608432133099,0.014878737,0.0033988645859062,0.8018169,0.6242140883207319
0.0005967004009624,0.0001269687570422,0.0001743279863148,0.0012656162762141,0.0218145147049261,0.002195784728668,0.0151879545,0.001886360887438,1.1848178,0.6503134179115295
0.0002417878528802,7.697211438713108e-05,0.0027404874563217,0.0030682532937498,0.0127595926674987,0.0028178588027338,0.01240587,0.0031337124481797,1.0676365,0.6693554818630219
0.0004552159323661,9.170176937534666e-05,0.0054759844206273,0.0037604698049835,0.0134705275062987,0.0034172524137551,0.01225477,0.0030012298375368,0.72284997,0.6248962596058845
0.0019865838453914,0.0004655975633667,0.0003425502072786,0.0053695026135756,0.0830898732409954,0.013172738146637,0.011284699,0.0011346407420933,1.1222643,0.6578340232372284
0.0012143747795915,0.0002864517471487,0.0105230370536446,0.0142002558750391,0.0558899435174715,0.0168899537139244,0.012488738,0.00269894907251,1.1248602,0.6537889093160629
0.0015011780239336,0.0002279715737064,0.0131002552807331,0.0029316842555999,0.0115577904298049,0.0030401906617434,0.014393007,0.0034256083890795,1.2723392,0.55958279132843
0.0013431300961436,0.0002350062314272,0.0103908786550164,0.0048079004045575,0.0197291563342828,0.0054712337983717,0.012735162,0.0029988591745495,0.71419233,0.5737276384234427
0.0011159554010592,0.00015593876192,0.0141058219596743,0.0021457551047205,0.0069733019340175,0.0017734330571607,0.01441128,0.0033721895888447,0.5680924,0.5145721212029457
0.0020674596100229,0.0003103078943214,0.0249202381819486,0.0036073741316795,0.0113305500023191,0.0032657938582493,0.015061684,0.0032581107877194,0.73822606,0.5188206732273102
0.0013120540577195,0.0002664455090919,0.0197635870426893,0.0101454118266701,0.0277674216097566,0.0107321304133082,0.013346955,0.0032340750098228,0.855659,0.6346436578035355
0.004361323121196,0.0009449035809266,0.0004286190669517,0.0056069286661477,0.1397766899855205,0.0229142724471693,0.0137372,0.0010764400474727,0.81825423,0.5613273978233337
0.001128602643644,0.0001295168115126,0.005722870118916,0.0008723338507115,0.0032658317013509,0.0007120057221804,0.015298857,0.0034269341267645,1.4029856,0.4970125770568847
0.0012452200403963,0.0001835461558453,0.0073617252055555,0.0017759662587195,0.0077039899135357,0.0017839118671313,0.013844144,0.0033211305923759,1.0516789,0.592349243760109
0.0016985852661522,0.0002029409879296,0.0090458327904343,0.0014775714371353,0.0060832124796554,0.0013714669242979,0.014925689,0.0031862808205187,0.7140265,0.4763998192548751
0.0013342076962699,0.0002358256152147,0.0198095869272947,0.0043743844702839,0.0148471120095162,0.0042554871234662,0.014777364,0.0034349500201642,0.8852095,0.6182572811841963
0.0007711248366162,0.0001509859195079,0.0082600452005863,0.0062893200083635,0.0206442447428532,0.0060705763341473,0.013525356,0.0032652068138122,0.7895521,0.639476047158241
0.0010966853063284,0.0002518420120785,0.0248820725828409,0.020627108082408,0.0417409542811507,0.0202628002808519,0.012040849,0.0027279898896813,0.8508456,0.6442099118232725
0.0007683596629039,0.000162858029276,0.007547803921625,0.007325149285898,0.0250554511129802,0.0072740689876893,0.012861673,0.0032006418332457,1.0832934,0.6623571068048477
0.0009618133355474,0.0001217689908643,0.0040652139578014,0.0007914952700957,0.0031203134455028,0.0006636349857608,0.01454003,0.0033434593491256,1.1885661,0.5783555757999419
0.0002894587644141,6.796182461259398e-05,0.0043514594435691,0.0014161153323948,0.0059159044389568,0.0012883274556535,0.014664199,0.0034200396575033,0.9185233,0.6691010075807569
0.0013693121860165,0.0001873654203045,0.0077600614167749,0.0015962972398847,0.0067218965518917,0.0015836002811639,0.0140886195,0.0033773490600287,0.760231,0.5420874208211899
0.0009084294865585,0.0001448503108071,0.0108687123283743,0.0021296738833189,0.0085627009292605,0.0018574889584189,0.015869733,0.0030100451596081,1.1431624,0.6230210405588149
0.0003737363529846,0.0001149409475338,0.0001161057662102,0.0013775387280929,0.0390934846957754,0.003478599715804,0.015616353,0.0020426844246685,1.0049667,0.6755364394187927
0.0021125290364173,0.0002754526014,0.0119641330093145,0.0035146459378302,0.0150792856951448,0.0041841709358792,0.013783699,0.0034346668981015,1.4723046,0.4507878184318543
0.0029056141074993,0.0004675226588231,0.0007777803693898,0.0043696506671767,0.0450763277995746,0.0080675971595942,0.011873497,0.0013703748211264,0.50656724,0.4459681457281113
0.0006071066220931,0.0001089896120905,0.0076296892948448,0.001953350380063,0.0075455368991866,0.0017544807890763,0.013632715,0.0033261310122907,0.9673016,0.6629162430763245
0.000882067999149,0.000176418567909,0.0378070212900638,0.007226928025484,0.0128644731734922,0.0052097056512367,0.015573785,0.0032043353281915,1.0816151,0.6455857068300247
0.0017610978353317,0.0001423544960962,0.0068419184535741,0.0014320912305265,0.0068842477356047,0.0014378076641123,0.015436932,0.0031214633397757,1.705718,0.2978085279464721
0.0008999425317,0.0001641770036129,8.35993378132116e-05,0.0008051205093124,0.018891018825698,0.0019207874867141,0.012112586,0.0015235326252877,0.8323864,0.6284649819135666
0.0013707527711834,0.0001852589882991,0.0052578682079911,0.0031296076672151,0.0131437485725606,0.0033863297506717,0.014888193,0.0034798084385693,1.4731202,0.4802575135231018
0.0016877000386031,0.0001987624722207,0.0076533679384738,0.0032532572513446,0.0152028165687727,0.0035055985545502,0.016334472,0.0029407762922346,1.5314735,0.4250199842453003
0.0015340729042168,0.0002518168153497,0.0056121703237295,0.0037333417055197,0.0158752548314312,0.004333783016278,0.014153219,0.0033935075066983,1.0959163,0.5846141576766968
0.0020434101254385,0.0003038848330805,0.0038958515506237,0.0043233748583588,0.0212266514920601,0.0054915197069333,0.012707308,0.0031199074350297,1.4331189,0.4850334525108337
0.0011363446296472,0.0002168647487287,0.0004699287237599,0.0032426002461215,0.0383074950427692,0.0051485961675506,0.01518737,0.0019783763028681,1.2120335,0.6237922310829163
0.0007047956728738,0.0001041213891046,0.0038939057849347,0.0010084479209035,0.004449825457837,0.0009069870710589,0.013098136,0.0031330594792962,0.87918675,0.6311309933662415
0.000225714654991,0.0001013691325675,0.0003362314018886,0.0024932414223439,0.0285732557836745,0.003435401051996,0.014512155,0.0023609417490661,0.9837318,0.6709701716899872
0.0068917772034629,0.0013155803961387,0.0736250132322311,0.0232698090374469,0.0842283863740382,0.0332318055623708,0.013696345,0.0020259048044681,1.3286346,0.5098399221897125
0.0022424805008018,0.0003044640104885,0.0072855809703469,0.0057907990657258,0.0236347277587611,0.0068571373894327,0.014103294,0.0031356790848076,1.5639737,0.4084815979003906
0.0016443724777031,0.0002331167951643,0.011484311427921,0.0027305423282086,0.0118325277235391,0.00292039170539,0.015288016,0.0032364508137106,1.2816908,0.5288800597190857
0.0018225542131644,0.0003079883461387,0.0232670772820711,0.0042730066925287,0.0142332247107963,0.0041970581326321,0.014471854,0.0033880122750997,1.1165826,0.5918209427595138
0.0009135490359678,0.0001265795904121,0.0061099738813936,0.0011238982155919,0.0043258333054943,0.0009567081236784,0.014950986,0.0033931344375014,1.2605765,0.5853316342830657
0.0013969221203129,0.0001553121127987,0.0055343033745884,0.0011775321327149,0.0053530339062869,0.001102541224953,0.015666295,0.0031281320750713,1.406466,0.4726284086704254
0.001316432195947,0.0001655130162203,0.007695070002228,0.0022195555455982,0.0098337717968504,0.002241510867699,0.015886042,0.0032639615237712,1.4828901,0.4708793997764588
0.0008613935918353,0.0001465081862078,0.0100851831957697,0.0028558825142681,0.0112242353940936,0.0026995136332774,0.014851755,0.0032684038951992,1.101583,0.6300930082798004
0.001154540736597,0.0002096213174199,0.0074648465961217,0.0052102690353058,0.0199647189710628,0.0054668428821193,0.0127386,0.0030462052859365,0.7930828,0.6163553148508072
0.0012776024593429,0.000265175545131,0.0295515954494476,0.0094517942145466,0.030541144402239,0.0098991825316832,0.01469814,0.0032297241315245,0.8695374,0.6448282778263092
0.0087099926987775,0.0015449599098425,0.1381402313709259,0.0287168519198894,0.1111514242341395,0.0413042234103556,0.016785767,0.0019711521454155,0.8401417,0.4507215768098831
0.0034041563563511,0.000592536458033,0.0430702082812786,0.007401168346405,0.0223155795906984,0.0079567548141674,0.015008078,0.0031684151291847,1.0041426,0.5325201565027238
0.0004018560127477,6.291999058892473e-05,0.0039457282982766,0.0008316106395795,0.0032281811338487,0.0006950538960729,0.014021265,0.0034351360239088,0.5601096,0.5584371164441109
0.0012571395342948,0.000141188649459,0.0037913303822278,0.0016982656670734,0.0080159424251283,0.0017563313488495,0.0143857375,0.00325258821249,1.5242183,0.4432274770736694
0.0013289999461562,0.0002432178913033,0.0036807702854275,0.0045988805013621,0.0214101492576768,0.0051909353037027,0.011788343,0.0026340247131884,0.8148982,0.626081756353378
0.0025154917595473,0.0005686033526087,0.0441183596849441,0.0132342451810836,0.0338105653291339,0.015224076270159,0.012241395,0.0027594060078263,0.8005785,0.6213891071081161
0.0005126432212542,8.718727258481785e-05,4.472794717003126e-05,0.0002602197309897,0.0087826907395445,0.0006870809156952,0.01618006,0.0016825375892221,1.4433477,0.5454685962200165
0.0005558363031152,8.274044211281379e-05,0.0035649138735607,0.0007325589610263,0.0027603468594575,0.000584666268289,0.014687989,0.003440892715007,1.0466816,0.64415143430233
0.0008553553185031,0.0001382614993403,0.0025356800761073,0.0025217606962542,0.0111405782911976,0.0024360984812745,0.012242554,0.0032389261759817,0.8591585,0.6301919394731514
0.0003110150058502,6.715597218896968e-05,0.0034473820123821,0.0010556891281157,0.0043310987600264,0.000918002022377,0.01469268,0.0034052747674286,1.0894654,0.6620735377073288
0.000895319760664,0.0001577374632522,0.0082227503880858,0.0046224256511777,0.0167133204309694,0.0047074801791278,0.013598928,0.0034169622138142,1.3577358,0.5762368071079254
0.001824610979167,0.0003253201188581,0.0002536922111175,0.002525390247747,0.042570257746247,0.0056058270624851,0.01522882,0.0016081016510725,1.1571405,0.5862351322174073
0.0013502032617887,0.0002615535874034,0.0006438510899897,0.0031162316179143,0.0288407398256478,0.0047322376780236,0.011515666,0.0016032425500452,1.0453635,0.6383731257915496
0.0010045613690334,0.0001538745422027,0.0055063194595277,0.0043635241891024,0.0152088877157354,0.0042021866087375,0.013877522,0.0035620890557765,1.4701294,0.5060167825222016
0.0013879572873995,0.0001883535823493,0.008624218404293,0.0013112679962068,0.0047600911961803,0.0010903198578246,0.015572647,0.0033291736617684,1.0768901,0.5643283295631409
0.0026812853871631,0.0004731973437293,0.0073173227719962,0.009257783913199,0.0460535001875326,0.0131972755529649,0.013737092,0.0026904116384685,1.4410934,0.5063366889953613
0.0017310119424742,0.0003956208435638,0.0227824207395315,0.0215787262422963,0.0586222197060329,0.0244111596345346,0.013285633,0.0029015321098268,0.70654213,0.6039567813277245
0.0056855319543887,0.000687499680178,0.0511638429015874,0.0106868240982294,0.068118162526607,0.0153977428871532,0.018133529,0.0014702025055885,0.55701137,0.3487272256612777
0.0005585896233883,7.67248255925685e-05,0.0012654509628191,0.0005971938755828,0.0025242270563305,0.0004721154604977,0.012597252,0.0029795211367309,0.90433997,0.6374026536941528
0.0009997446729359,0.000114437415946,0.0036761902738362,0.0005667306249961,0.0018112075943744,0.0003973738976043,0.014659679,0.0034023535065352,1.2358792,0.5517122745513916
0.0008551247436498,0.0001256398746643,0.0070005836896598,0.0012337197549641,0.0046816118650592,0.0010214377419634,0.014785196,0.0032355255261063,1.064234,0.6254257607460022
0.0012140217851554,0.0002243150934505,0.0060001583769917,0.0052344492217525,0.0232043169530819,0.0055228069479422,0.0114213005,0.0021748795360326,0.81106704,0.6275239884853363
0.0017227320078055,0.0002293700030909,0.0101689309813082,0.0025197777338325,0.0112842828499746,0.0027171276389623,0.0150413085,0.003259390592575,1.3686607,0.5050003349781036
0.0022430447838975,0.000266521844482,0.0078281667083501,0.002381413700059,0.0115968730205737,0.0028416884538529,0.014503997,0.003259913995862,1.3975879,0.4491554272174833
0.0022397134618403,0.0002157523486666,0.0141727719455957,0.0021884967572987,0.0091585045426372,0.0020980183559794,0.015840415,0.0030511233955621,1.5802016,0.361580011844635
0.0004273061024931,8.128854257825413e-05,0.0027925751637667,0.0024937234120443,0.0102661853816799,0.0021582706371241,0.011899091,0.0028104642406105,0.70938826,0.633763335943222
0.001157109702346,0.0001895985061153,0.0058024597819894,0.0027971833478659,0.0126110364684307,0.0030650278689814,0.01315185,0.0032598404213786,0.95433444,0.608279640674591
0.0005437579002696,9.608549174239992e-05,0.0045360787771642,0.0017622287850826,0.0080715265090128,0.0017026211556077,0.0126365805,0.0031759192235767,0.75759274,0.6379264295101166
0.0005313290113338,9.781666954038052e-05,0.0077292029745876,0.0024781393446028,0.009808029629428,0.0023169495254514,0.013228976,0.0033453064970672,0.71140546,0.626191979944706
0.0011103561200571,0.0001605388215307,0.008195330388844,0.0026361304335296,0.011545194674519,0.0025968384291602,0.015541707,0.0031198938004672,1.4035425,0.532955379486084
0.0005823440005226,0.0001092588081041,0.0072654944378882,0.0025006982032209,0.0098940670945538,0.0022993251750119,0.014795847,0.0032487018033862,1.2298118,0.6310954391956329
0.0013379438025889,0.0001860462425779,0.0049233855679631,0.0026721772737801,0.0124897407989553,0.0029046012346478,0.0124181025,0.0028449762612581,0.60445464,0.5070822849869728
0.0014406690062751,0.0002340113123617,0.0065042306669056,0.0031993953743949,0.0144862518181282,0.0036011484360543,0.012492892,0.002965852599591,0.9358532,0.5988111299276352
0.0024263671151215,0.0005045374320978,0.0144652044400572,0.0088725234381854,0.0375122484719009,0.0125256891521904,0.014851818,0.0028386900015175,0.8287512,0.593464057445526
0.001092871743803,0.0001781762973972,0.0070861093699932,0.0033090045908465,0.0144266331611622,0.003484488108592,0.016030021,0.003190110437572,1.231657,0.6031745374202728
0.0009476080304466,0.0002633989163896,0.0092718247324228,0.0379906833222776,0.106825956584179,0.0423765328805085,0.012618503,0.0023248763568699,0.937735,0.6776731908321381
0.0048252180410868,0.0008484801288261,0.0620334632694721,0.0136438482254743,0.0453429987897903,0.0171487851523431,0.015128805,0.0027649029903113,1.2861156,0.4945105016231537
0.0007813487967793,0.0001170555275434,0.0069288746453821,0.0022540182527154,0.0098168196277794,0.0021078662342339,0.015919287,0.003051615320146,1.4685855,0.5167227685451508
0.0009167042551788,0.0001277578791234,0.0072317062877118,0.0010957016330212,0.003824242730292,0.000857749619006,0.015272812,0.003368275295943,1.2213275,0.5927412211894989
0.001133334717164,0.0001839235187479,0.0092303426936268,0.0028619981370866,0.0116467822166541,0.0029423437256278,0.014545081,0.0033494043163955,1.0929949,0.6224319064617156
0.0013152375327139,0.000199488350618,0.0097614452242851,0.0020652785897254,0.0082162124937433,0.0019992301690253,0.013550394,0.0032730146124958,1.0405579,0.5906294411420823
0.0015663432139713,0.000327091119943,0.0006148556713014,0.0050818405869176,0.0503074855332015,0.0083983032696961,0.011806763,0.0015275282785296,1.1644136,0.6266883736848832
0.001495991200266,0.0002447750303411,0.0210556220263242,0.004291902706027,0.0148316533915787,0.0041210473882741,0.015669398,0.0031771371141076,1.1971351,0.5829188227653503
0.0031817976103763,0.0005138854296134,0.0499204006046056,0.0096694882959127,0.0302189331134311,0.0106698443883209,0.015498562,0.0029159400239586,0.5905094,0.4642201909422874
0.0035107524909808,0.0007739355048278,0.085864745080471,0.0170969791710376,0.033933539388579,0.0161398887391387,0.014727535,0.0032080723904073,0.96367794,0.6030543303489684
0.0005467341161864,7.931357470455968e-05,0.0002951227215817,0.0009943614662824,0.0098777074918014,0.0009266811228599,0.010795049,0.0010616196878254,0.5013517,0.5238698199391365
0.0006029360783052,9.856402983770846e-05,0.0087466854602098,0.0012740439269691,0.0039168881873912,0.0009238700263538,0.0147479065,0.0033379620872437,1.0937614,0.6437454968690872
0.0007920388414986,0.0001187893717755,0.0014637825079262,0.0019143447683381,0.0104169040995047,0.0019926111488842,0.013518571,0.0031369673088192,1.4087082,0.5378052568435668
0.0007944871581486,0.0001091861085767,0.0036510878708213,0.001603594282642,0.0075148230438316,0.0015922476105157,0.013056237,0.0032843695953488,0.5604408,0.5247928169369697
0.000778709461273,9.771951395307586e-05,0.0029577831737697,0.0023887426941655,0.010946690540818,0.0022092327595019,0.011570268,0.0026754355058073,0.3903038,0.4255413222312927
0.0015143337491415,0.0002057408415375,0.0044941394589841,0.0025490525201894,0.0114167342116377,0.002811076836775,0.01345364,0.003440202679485,1.3473821,0.5265029621124268
0.0006382862222798,0.0001128484820809,0.0075255194678902,0.0023490080051124,0.0097122622137237,0.0022137905386917,0.015025406,0.0033368887379765,1.1825119,0.6408160477876663
0.000622186450807,0.0001069393047202,0.0097815697081387,0.0017987915873527,0.0062051512036603,0.0014866069629924,0.014042818,0.0033158248104155,0.8094684,0.6428101807832718
0.0022500357356234,0.0002302514640555,0.0135107198730111,0.0016586231067776,0.0056445086055588,0.0013960501041528,0.015006442,0.003391014970839,1.4945383,0.4023334717750548
0.0018335556564074,0.0003370427665101,0.0148963658139109,0.0048535601235926,0.0213784796380236,0.0058207699714347,0.011862708,0.0025453492440283,1.0282698,0.6106294912099834
0.0005238512026382,0.0001002904981102,0.006999296369031,0.0023300957679748,0.0087574046082743,0.0021831503917436,0.014240491,0.003561981562525,1.137168,0.6520104146003721
0.0008231105863701,0.0001369148176419,0.0048534856177866,0.0025330098997801,0.0107153332089285,0.0024975651806923,0.012725969,0.0031038676388561,1.2351618,0.6191072559356688
0.0005860197500934,0.0001061464102965,0.0092596681788563,0.0021375508513301,0.008421025425067,0.0018886480822611,0.015270822,0.0032026433199644,1.1439369,0.6525736367702483
0.0010752068070407,0.000147146980524,0.0036501097492873,0.0012895150575786,0.0060239645897548,0.0012790651979825,0.013853016,0.0032305889762938,0.9445174,0.5888650268316269
0.0009104980551545,0.0001642381404007,0.0001499318168498,0.0012773640387422,0.017125660692638,0.0020837791638634,0.012216756,0.0017895926721394,0.9264151,0.6426853883266448
0.0014139876225989,0.0002086397024311,0.0087336534634232,0.0020388931781053,0.0091689378765977,0.0021403913631508,0.014517943,0.0032881173491477,1.1685674,0.5741264402866364
0.0010463509133329,0.0001538810714576,0.0076112526003271,0.0018439866416156,0.0078540256105016,0.0017609990261434,0.013194457,0.0030993758700788,0.7247032,0.575261655449867
0.001245392027691,0.0001886129971016,0.0110425492748618,0.0022407606057822,0.0089570011743451,0.0021493279649232,0.015054885,0.0032715275883674,0.77251554,0.5796095579862595
0.0018817109004322,0.000217692488639,0.0081808068789541,0.002954157302156,0.0138833346700757,0.0035371812559859,0.014073949,0.0033045751042664,0.4501726,0.3955638259649277
0.0026689608524147,0.0004822509878174,0.0319987572729587,0.0085143103450536,0.0300057961510487,0.0100691139586848,0.014714278,0.0030895712412893,1.2228175,0.5583894872665404
0.0003067195622793,5.864371318505652e-05,0.001878023147583,0.0006163356546312,0.0023634206067461,0.0004933094297437,0.0139415655,0.0033896272070705,1.0765171,0.6551355385780333
0.0004234254759027,7.874821987909975e-05,0.0050408709794282,0.0011373592820018,0.0044311100452685,0.0009403510770274,0.014767202,0.0032911757007241,1.2637336,0.6157496094703674
0.0009338103720137,0.0001206324957403,0.0038834729930385,0.0010427281027659,0.0045094739494464,0.0009450049471211,0.014744732,0.003372048959136,1.3323439,0.5510908961296082
0.0019845313967451,0.0002690678085636,0.0005089764599688,0.0027704077864109,0.025430007905994,0.004133142061136,0.0117721995,0.0019073821604251,1.5401355,0.4304964518547057
0.0011864261538255,0.0001484235979214,0.0055052360985428,0.0015700735384598,0.0072166731879746,0.0015644682866503,0.015360752,0.0032491757534444,1.4285426,0.502562860250473
0.0010361370446794,0.0001858807486839,0.0004719425633084,0.0022574354028984,0.0202233434849191,0.0029294930014176,0.011237517,0.0015699323266744,1.0399584,0.647878110408783
0.0012383740217247,0.0001735800829928,0.0057785201352089,0.0020849680295214,0.0101876417213831,0.0021529504781069,0.012411511,0.00279894053936,0.65805745,0.5326747149229046
0.0027524736234032,0.0003496811664492,0.0193917918950319,0.005512691438198,0.0224145138788157,0.0065550361778792,0.015216149,0.0032274872809648,1.5328624,0.4077918457984925
0.0011150473095529,0.0002040783383046,0.0002852551988326,0.0021140168471447,0.0209714296194704,0.0032100145600944,0.012640514,0.0021136123687028,0.96761274,0.6330902373790741
0.0005474513393798,0.0001120044630942,0.0005543936858884,0.0021842333292443,0.0152568158475991,0.0025339961468642,0.012616931,0.0027159855701029,1.0114304,0.6711199051141739
0.0008074974026527,0.0001337643261139,0.0093574710190296,0.0020610474608838,0.0078798090636735,0.0018745152977875,0.014938731,0.0034400079771876,1.1279837,0.6368736314773555
0.0009957440361526,0.000156023414443,0.0093063563108444,0.0022034075297415,0.008678023598666,0.0020430015259987,0.014581225,0.0033288478851318,1.2267065,0.6084801292419433
0.0010914344240605,0.0002478671123807,0.0052561005577445,0.0106357186612149,0.0484543388993922,0.012596623704996,0.011321074,0.0017674516141414,0.90333533,0.6612152010202408
0.0062442534950225,0.001316689299875,0.0015735336928628,0.0274705466790692,0.4698943384755544,0.0842649029574808,0.019004954,0.0008220466226339,1.0941373,0.556753396987915
0.0010889351287908,0.0001677645496862,0.0047888956032693,0.0038459672796307,0.0156649130812153,0.0038308674815561,0.014670183,0.0032534752972424,1.3968862,0.5449944758415222
0.001242621744906,0.0001546033997944,0.0041106189601123,0.0014026643475517,0.0067485822607958,0.0014288571279743,0.013828887,0.0032143179699778,1.3643248,0.5199132704734802
0.0009812565784961,0.0001211034408113,0.0034140911884605,0.0018361697811633,0.0079723284375084,0.0017756090931053,0.013864646,0.0032988081686198,1.5033635,0.4604130780696869
0.0007606024710735,0.0001268675415623,0.0015623557846993,0.0023381048967348,0.0150445275894165,0.0025706335326519,0.014722596,0.0027482379227876,1.4168369,0.5567364358901978
0.0012251387209305,0.0001666427279294,0.0069113350473344,0.0023335111327469,0.010503584623101,0.0024570621581343,0.015001225,0.0033028045482933,1.4493972,0.5047405326366424
0.0019141398727117,0.0002774081881905,0.0026265053311362,0.0031629152586538,0.0161246330056945,0.004111324413956,0.012678312,0.0033901897259056,1.3746893,0.4986943793296814
0.0018069969036897,0.0003113128599115,0.0002072140123345,0.001859757287093,0.039925195082735,0.0047283806687904,0.01570993,0.0015490370616316,1.1617216,0.5892080795764922
0.0013510947180265,0.0003038556737177,0.0026808762922883,0.0085012336812724,0.0528098912740866,0.0116949604786061,0.012316864,0.0020455413497984,0.79303926,0.6389945074915886
0.0007120714196389,0.000107066619137,0.0063776480965316,0.0013044729921966,0.0052104927378888,0.0011312434911185,0.015002769,0.0033249165862798,1.3653371,0.5672960662841797
0.0016039505698466,0.0002006512824035,0.0058299275115132,0.0024059504969045,0.0123720670528843,0.002716183608484,0.012328636,0.0028017396107316,1.5065434,0.4571912467479705
0.0003684971499808,8.830246647210569e-05,0.0052007031626999,0.0031018727459013,0.0112826658292294,0.0028254374799337,0.013058085,0.0032358328811824,1.1142671,0.6633208328485489
0.0013055022159197,0.0002354271009946,0.0269006360322237,0.0073712112382054,0.0213936751494836,0.00720704884453,0.014295805,0.003340499009937,0.63090914,0.5677273577451698
0.002065470465671,0.0003407350479981,0.0007733156380709,0.0036265351013571,0.0340064399725481,0.0057905942690118,0.011025069,0.0013020862825214,1.414144,0.5296621036529541
0.0021824174686054,0.0003782147609898,0.0183334220200777,0.0106016132049262,0.0410107936293309,0.0128361878984042,0.015885418,0.0025775980018079,1.3177681,0.5477872681617737
0.0011465306218148,0.0001705439919491,0.0002481865521986,0.0016767713459557,0.0184507354971659,0.0024906980648614,0.013598224,0.0021203141659498,1.4613538,0.4983666837215423
0.0011207967459096,0.0001540521563589,0.0065575586631894,0.0012178348656743,0.0047949076121438,0.0010584291962495,0.0140410755,0.0032531635090708,1.0767186,0.5803519886732101
0.0013896794457063,0.0001495183121445,0.0071592077147215,0.0019868872780352,0.009661344299262,0.0019920262075071,0.016429221,0.0029728853143751,1.6024196,0.3967658233642577
0.0004970228268278,0.0001179892038612,0.0004733317764475,0.0026481641511963,0.0217303896666321,0.0032426934532334,0.012786122,0.0022719190455973,1.1074989,0.6714921593666077
0.0013871039612713,0.0002042650296591,0.0126393465325236,0.0020138507150113,0.007245460735576,0.00172725769475,0.015285773,0.0032568498514592,1.1190826,0.5728218734264374
0.0014376752255957,0.0002408510376635,0.0005512081261258,0.0021956583850624,0.0188782076792545,0.0030603370885535,0.0113028325,0.0016885134764015,1.0182292,0.6052407473325729
0.0019508754844014,0.0002349038656803,0.0136295845732092,0.0020494150184094,0.0078301108355861,0.0019061918042345,0.015066605,0.0032242789678275,1.3879696,0.4644340634346008
0.0071146329717271,0.0008501933374751,0.0743619166314601,0.0095898881554603,0.0490873045357288,0.0113122138503099,0.018306943,0.0015039892867207,0.7846256,0.3391476100683212
0.0012091187430833,0.0002186396561096,0.0103310607373714,0.0053115189261734,0.0190426301630252,0.0056821359399994,0.01276545,0.0031382995657622,0.82806087,0.6086042374372482
0.0009118485165646,9.135945532600004e-05,0.0032339049503207,0.0014770380803383,0.007315963800148,0.0014704151252135,0.012407906,0.0031180948019027,0.33840472,0.3547126427292824
0.0010066341162054,0.0001165480899096,0.0037809065543115,0.0015985764330253,0.0069989436592517,0.0015942196171713,0.014654062,0.0034439677558839,1.581156,0.4288915395736694
0.0016290888032948,0.000234029569358,0.004574304446578,0.0019142950186505,0.0107196094710406,0.0022989902189699,0.012343566,0.0027840849943459,0.998755,0.5453777599334714
0.0005682313417188,0.0001008196616236,0.0048999297432601,0.0021344988327473,0.0087387329487552,0.0020682874206227,0.014144486,0.0034758155234158,0.9537792,0.6481841820478437
0.0007387894884906,0.0001553513726732,0.0002643431216711,0.0023604680499556,0.0297243645940053,0.0036047693601256,0.014597782,0.0020215590298175,1.174695,0.65143121778965
0.0017727441622534,0.0002813015441788,0.0114262262359261,0.0030926624312996,0.0130620731569308,0.0035308271039258,0.014119536,0.0033856194093823,1.0881786,0.5782146680355071
0.0014774744450244,0.0002380194904998,0.0086955530568957,0.0045175782917067,0.0181743977145348,0.0050594122546793,0.015495455,0.0032303989864885,1.2624979,0.5603840351104736
0.0009760206925464,0.0001939750001894,0.0044025778770446,0.0064409852166136,0.0374731804386675,0.0075232613420914,0.015614041,0.0024159036576747,0.87077165,0.6555425244569777
0.0004252364972787,7.382280757403962e-05,0.0004502214433159,0.000905169566522,0.0061375166105454,0.0008326270510973,0.011600952,0.0021302015520632,1.1196059,0.6477959603071213
0.0003880470768715,8.382772042355379e-05,0.0001973307953448,0.0011332865042277,0.0109083472352318,0.0014118735836716,0.012606179,0.0023881295882165,0.88258725,0.660095322728157
0.000976328384622,0.0001304797341099,0.0065633894409984,0.001798732643947,0.0079502954620276,0.0017868174878192,0.014337142,0.003329187631607,0.5565297,0.5095077711343765
0.0007117332733233,0.0001000338941834,0.0036030055489391,0.000840165852569,0.0034607976507426,0.0007159501356261,0.014208043,0.0033287493325769,1.0992527,0.6196902102231979
0.0013019136746469,0.0001701928968698,0.0021433723159134,0.0018857092509279,0.0098133284659872,0.0017644435752546,0.011358902,0.0022926205955445,1.3035549,0.53128964304924
0.0011911482315708,0.0001198023098511,0.0037839964497834,0.0008283663261681,0.0036450706228065,0.0007378345580076,0.014731763,0.0032480667345225,1.4911315,0.4407511949539184
0.000446217858313,9.071326868690006e-05,0.0052096215076744,0.0020335898827761,0.0084359480146036,0.0019222886227404,0.015187995,0.003444684986025,1.2736096,0.6326348853111268
0.0012616279370924,0.0001939393131309,0.0062944022938609,0.001883702352643,0.0086200901543495,0.0019769233799889,0.0135374,0.0032674947194755,0.9648978,0.6094094038009642
0.0015115538900366,0.0002082190346165,0.0069483779370784,0.0019601101614534,0.0088573104873744,0.0021279460931192,0.015172792,0.0033866572193801,1.2545997,0.5449848473072052
0.0011941687759486,0.0001430682970106,0.0070337478537112,0.002727783313021,0.0118310193599302,0.0027578395833598,0.015619193,0.0031784203462302,1.590948,0.4119905614852905
0.00049078566729,8.694026864912593e-05,0.0057588268537074,0.0018705477332696,0.0077806851498229,0.0017212895384302,0.013027146,0.0031811374798417,0.7175786,0.6208144351840019
0.0007069932947136,0.0001223432596894,0.0017369391280226,0.0026485605085326,0.0146129324700897,0.0028823347324561,0.012766052,0.0029806699603796,1.4126801,0.5512646806240081
0.0009873953244633,0.0001501726653539,0.005379902664572,0.0021545282658189,0.0088684251947235,0.0021848109137302,0.0147396885,0.0036030052788555,1.2782737,0.6037536871433258
0.0047290395350342,0.0007587196372966,0.1103532090783119,0.0186453722417354,0.0431658133854634,0.0191449527189848,0.016049169,0.0026269224472343,0.506111,0.4132563993334771
0.0009584752647289,0.0001604280317936,0.0008480002870783,0.0020631549087556,0.0146405652838133,0.0024549278377554,0.011597525,0.0022567496635019,0.8986931,0.6248315274715424
0.0018238915582397,0.0003164777287014,0.0094877099618315,0.0039491858053952,0.0207265400937202,0.0048672350997064,0.011559621,0.002100774757564,0.82196957,0.5743532925844193
0.0003452320248868,9.220533984164304e-05,0.016455577686429,0.0040493560954928,0.0118349493675954,0.0034174716339289,0.013878302,0.0033208611235022,0.95588815,0.677641823887825
0.0002313332514935,5.847352902597176e-05,0.0012457170523703,0.0012038714321533,0.004980226421211,0.0010183719982107,0.013160648,0.0034227697178721,1.0565205,0.6707899123430252
0.0008959552068517,9.901738203304134e-05,0.0027331105666235,0.0005159223871305,0.0018322025102262,0.0003862076076103,0.014327945,0.0033550810627639,1.3183117,0.5347858202457426
0.0008257805860178,0.0001258468502478,0.0047094617038965,0.0013072651345282,0.0056547821652807,0.0012578093924101,0.014907863,0.0034892642870545,0.93464303,0.624840224981308
0.000339714425743,8.039945618039867e-05,0.0037063208874315,0.0025713059003464,0.0099903048567687,0.0023359404843366,0.014521802,0.0034778858534991,0.97118765,0.6813393533229828
0.0010548400382228,0.0001910508263255,0.0001867766113718,0.0015387505043236,0.0199939735249049,0.0025930015673991,0.012094285,0.0018019680865108,0.82845396,0.6175272244215012
0.0012342186589048,0.0001507076113125,0.0122758289799094,0.0023963968269526,0.0106611757464142,0.0021982409814403,0.01646338,0.0027806372381746,1.5610557,0.4268883419036865
0.0035986845548525,0.0007715767966632,0.0005660848692059,0.0062624046115888,0.0925120604170116,0.0168569411139262,0.013672827,0.0012937392294406,1.1112752,0.6084247529506681
0.0027873713241158,0.0004860845636261,0.0065094283781945,0.0065925251401495,0.0347103466162864,0.0097692484282431,0.014321805,0.0027605520375072,1.2948985,0.5299014747142792
0.0034479328206169,0.0004996039348625,0.0479267500340938,0.0085113607347011,0.035063404623021,0.0090560949449379,0.017445575,0.002079751342535,1.3985481,0.4629801189899444
0.0052546355742366,0.0008877000455938,0.0729274973273277,0.0111815031617879,0.0284081182453371,0.0109064274770383,0.015871232,0.0028051528520882,0.9632224,0.4766298544406891
0.0011072865570266,0.0001444370199426,0.0050318837165832,0.0012125524226576,0.0053406880387487,0.0011616352269213,0.014843335,0.0033561852201819,1.2872266,0.5541400861740111
0.0010145948087479,0.0001410767264433,0.0026032179594039,0.0016348567302338,0.0073863956274541,0.0016075829170832,0.013141982,0.0033571307919919,0.73820627,0.5790775439143181
0.0011879020966027,0.000171021729705,0.0029124463908374,0.002642500847287,0.0115634605876697,0.0027041125815746,0.013062018,0.003345978911966,0.6827746,0.5462444350123405
0.0008977975607586,0.0001423272394751,0.0096621988341212,0.002432273030281,0.0096877318536042,0.0023025542555228,0.014747471,0.003313686158508,1.3674277,0.5650920832157135
0.0011429780835798,0.0001799279158348,0.0002200838498538,0.001999865546395,0.0264072963894134,0.0032248897079277,0.012901331,0.0018275366164743,0.4820576,0.4825785905122757
0.001468102629618,0.0002012181509348,0.0096965837292373,0.0014099843800067,0.0048967631577308,0.0011684773258744,0.014878798,0.0033812075853347,0.9779778,0.5569009327888489
0.0023876911979946,0.0002946822767586,0.0101098259910941,0.0020890315808355,0.0099471753623837,0.0024519655174099,0.014954716,0.0031703956611454,1.2299031,0.4670349788665769
0.0008076206903128,0.0001114028253876,0.0050521995872259,0.0010735677275806,0.0044190124557828,0.000945738328209,0.014638256,0.0033598206751048,1.3345461,0.5672240710258484
0.0009167768658999,0.0001326287822296,0.0028201383538544,0.0015017426549457,0.0072309431634521,0.0014842784867558,0.012688609,0.0031007429212331,1.1316948,0.6016807985305787
0.0048598309272128,0.0006716232605293,0.0737728253006935,0.0177394598722457,0.0727790489777439,0.0210702665080953,0.01706733,0.0020109862089157,1.5589744,0.3963716220855713
0.0011635405496729,0.0002128122362764,0.0116988681256771,0.0048142285645008,0.0183802650271039,0.0050811957842583,0.012663411,0.0030467386916279,0.75018966,0.6148153623938559
0.0020088885674213,0.0002626758792357,0.0178472083061933,0.0028493842110037,0.0105116015548899,0.0029331891115705,0.013909481,0.0033630259893834,0.5942422,0.4566545814275741
0.0015129312983793,0.0003065955827731,0.0076652464922517,0.0088844290998531,0.0361095881337222,0.0102700623489102,0.011217343,0.0020046397112309,0.69867617,0.6021693199872971
0.0032684956258687,0.0007311623535203,0.1725716590881347,0.0293752625584602,0.0081607395664703,0.0229855373665948,0.01571133,0.0032110204920172,0.9832253,0.5735074877738953
0.001071849371069,0.0001622378937986,0.0039488039910793,0.00337707070139,0.0129238640559713,0.0033244595535595,0.013609978,0.0034496794082224,1.2984507,0.5639160168170928
0.000888491038163,0.0001383394561035,0.0028859251178801,0.001952820806764,0.0091310387777066,0.00193735303591,0.012124551,0.0031116548925638,0.8134664,0.6124523252248764
0.0016475073619771,0.0003074481457366,0.0001302397940889,0.0013465197585719,0.0334633246652082,0.0040620734164914,0.013583541,0.0014650989696383,1.0412177,0.6205209684371948
0.0006747254137879,0.0001355507066455,0.0001724933244986,0.0015411219396992,0.0233324577009586,0.0023918420409645,0.011236706,0.0012613859958946,0.90023816,0.6626346337795256
0.0034751449740544,0.0006200900666428,0.0086028585210442,0.0094284143706317,0.0518723445855381,0.0142508795051585,0.011301625,0.001591470092535,1.5296444,0.494126570224762
0.0009949838008153,0.0002226353501246,0.0376913957297802,0.0276138872653245,0.0614883016288583,0.0264150707209803,0.015978644,0.0027510575018823,1.4502989,0.5485362112522125
0.0010760722500975,0.000211145434079,0.0206271018832921,0.0063993646763265,0.0209933390260107,0.0064707758817095,0.013916802,0.0033089504577219,0.84213114,0.644332417845726
0.0009491078719545,0.0001503510433514,0.000355984957423,0.001643665650663,0.0144484258602923,0.0020553535294544,0.011196669,0.0017921919934451,0.69313335,0.5886910980939866
0.00111282107306,0.0001559906330868,0.0037313391221687,0.0015199217526242,0.007178549989678,0.0015647768571741,0.014819672,0.0033433802425861,0.8639104,0.5893649023771286
0.0004647714542106,0.0001178621346877,0.0005173872341401,0.0025912770618015,0.0247133937631766,0.0033134369103568,0.01409546,0.0023444198258221,1.1916142,0.6568780541419983
0.001024614066389,0.000164761670331,0.0027777103241533,0.0030033755135082,0.0138069210214998,0.002936386423023,0.011714815,0.0025513641163706,1.1888242,0.6126391553878785
0.0015022917430912,0.0002360895799146,0.0058945894706994,0.0040838274895213,0.016148141134549,0.0044116585822112,0.014578785,0.0034067113883793,1.2717686,0.5661925041675567
0.0007890697052202,0.0001793055437527,0.0018476641271263,0.0098696271033986,0.0527128752345358,0.0118886287512057,0.012158629,0.0020959514006972,0.6394139,0.6115419641137123
0.0009527473143601,0.0001132312045209,0.0004069376154802,0.0012951175935995,0.0125400703700914,0.0015833463020029,0.015355171,0.0022064185887575,1.6540165,0.3717474102973939
0.0012537810617905,0.0002000892476951,0.0059551857411861,0.0045515004894696,0.0182596364880402,0.0044741761088694,0.0118872505,0.0026781512424349,0.6574957,0.5632861679792405
0.0009432414798956,0.0001424992296697,0.0076581402681767,0.001891327323392,0.0079424708285606,0.001816512415942,0.01301655,0.0032099448144435,0.7165916,0.5855711808800697
0.0036955411380295,0.000502691661497,0.0217007156461477,0.0063552789762616,0.0305923496664762,0.0091235738752851,0.011862041,0.0021642185561358,0.38800102,0.3667248599231243
0.0011751916354899,0.0002075238789761,0.0129020391032099,0.003715737555176,0.0152204394155906,0.0038968870149172,0.014809562,0.0033019604161381,0.9872225,0.6262091535329817
0.0003736118041586,7.360876891405457e-05,0.0037222704850137,0.0011182976793497,0.0047474182425055,0.001001078224534,0.01475667,0.0033421055786311,1.1309799,0.6534101468324661
0.0017390239755658,0.000258058235897,0.005885989870876,0.002445479822345,0.0116734142788389,0.0030180197135134,0.014127761,0.0034092654474079,1.0468872,0.558964769244194
0.0018966243729017,0.0002616992062644,0.0096363266929984,0.002155273919925,0.0100470483717633,0.0023620400839321,0.015565951,0.003122702781111,1.0874312,0.5280639469623566
0.0023516721745826,0.0003940513213656,0.0012839381815865,0.0045986131826794,0.0399194755395393,0.0076629000645007,0.012727962,0.0018897873349487,0.56922877,0.4791389063000679
0.0035803864685964,0.0003923156186213,0.0209682583808898,0.0024117984250187,0.0095087623653912,0.002457185196036,0.015970137,0.0030234409123659,1.1169765,0.3912807297706603
0.0010319037715527,0.0001666653757619,7.581610407214612e-05,0.0006131910435578,0.0137539259937782,0.0014281106907436,0.011654342,0.0013650346733629,1.0862556,0.6169007271528244
0.0011284960811498,0.0001630048599696,0.0015059049474075,0.0017240638580915,0.0091835958942842,0.0018622016394122,0.013470207,0.003163353651762,0.9784869,0.5920590078830718
0.000310117354538,7.19769055168738e-05,0.0060727898962795,0.0015761034749448,0.0061732822926876,0.001369107555865,0.013650751,0.0032871999032795,0.9057062,0.67560385286808
0.0010461041712613,0.0001440688222152,0.00211394415237,0.0016142749227583,0.0083117549708971,0.0015157079807583,0.0117754955,0.0026374115422368,0.72921914,0.5598010993003846
0.0005829634221923,0.000110010476221,0.0101871807128191,0.0027605414390563,0.0104506132685914,0.0025344338916372,0.014067281,0.0033264555968344,0.8622187,0.6539171540737152
0.0012055492450984,0.00018573815009,0.0187942013144493,0.0054875831864774,0.0218791445101782,0.0054663467851447,0.01624143,0.00292843952775,1.5203674,0.4777435743808745
0.0009119981517318,0.000162619297701,0.0002196400455432,0.00143027186391,0.015740813124498,0.0021727569663689,0.013157609,0.002149260547012,1.1668948,0.6300826674699783
0.00358688954769,0.0007974583641966,0.2751185894012451,0.0563399717211723,0.0068097400054698,0.0606381762000025,0.015000932,0.0031968052498996,0.5824627,0.511478066444397
0.0005467618444753,8.737256906546126e-05,0.0002973394584842,0.001160957878601,0.0098367602880898,0.0013271513958551,0.0122628575,0.002230682875961,0.61831903,0.5745956599712372
0.0007832290853114,0.0001290391255355,0.0044204946607351,0.0022434951155446,0.0088780956081021,0.0022204789889188,0.013658147,0.0035744365677237,0.94945323,0.6517264747619629
0.0012623067365858,0.0001902916610859,0.0091401962563395,0.0034373470582067,0.0147432320256747,0.003567866823565,0.015835095,0.0031523715704679,1.3478568,0.5466025173664093
0.0017422031220642,0.0002934642626336,0.0005628566432278,0.0022948234036448,0.0234392538155611,0.0033892232559212,0.010615549,0.000891966279596,0.9301982,0.600052330493927
0.0021808852513805,0.0002631558263904,0.0139358881860971,0.0041884980909526,0.0178464597789824,0.0047906007511322,0.014163825,0.0032289224676787,1.5581622,0.4006564664840698
0.0010499648903055,0.0002460759067505,0.0426281616091728,0.0187761430069804,0.037709056270025,0.0180906250008148,0.014649398,0.003293996527791,1.069061,0.6641192400455475
0.0013236695958759,0.0001652274520874,0.0053788246586918,0.000952824158594,0.0039361695075774,0.0008360900621577,0.014344234,0.0032284494489431,1.0415983,0.5511525869369507
0.0006321330933414,0.0001328503476097,0.0005661836476065,0.0028424229353549,0.0222702401725806,0.0034755030434192,0.011895863,0.0020736615732312,0.9966617,0.6647239625453949
0.0009147556424248,0.0001084021881347,0.003619174240157,0.0009207098046317,0.0040852330233756,0.0008436772911745,0.014073553,0.0033041944913566,1.4699769,0.4923053693771362
0.0009913059600713,0.0001770416495425,0.0004645829030778,0.0021129201047915,0.0175521649877088,0.0027849079348648,0.011712851,0.002087065950036,1.1623942,0.6331098079681396
0.000941341075228,0.0001592576804638,0.0100960261188447,0.0030606038868427,0.0124030488752794,0.003087725560824,0.014624927,0.0033534187823534,0.7487468,0.6110269129276276
0.0018240179416112,0.0002192332913716,0.0109549975022673,0.0015538078546524,0.0059296913820264,0.0013935287712086,0.015462883,0.0032386158034205,0.7242193,0.4759944677352905
0.0017210089049783,0.0003664410386212,0.0075703207403421,0.009538085070817,0.0468978484818259,0.0126360791937626,0.014189319,0.0026231096126139,0.8584797,0.6298315823078156
0.0036411450278718,0.0006842525455777,0.0952203124761581,0.0230601495504379,0.0655585722721592,0.0243250742268047,0.016599013,0.0024781880527734,1.3715129,0.524730920791626
0.0004626135104436,8.062157925546208e-05,0.007414533291012,0.0016170052718371,0.0063734312443333,0.0014223957887916,0.013827682,0.0033003009110689,0.62373674,0.5955861109495162
0.0009007432650022,0.0001333216587647,0.0040783802978694,0.0020420664781704,0.009779541843888,0.0020681838026781,0.01236622,0.0030530904978513,0.6162044,0.5601903796195984
0.0009760903976532,0.0001440414454602,0.0037337539251893,0.0025719710392877,0.0111171012571034,0.0024888724361825,0.01248423,0.0030706755258142,0.6826527,0.56118080586195
0.0011514946201237,0.0001514338591371,0.0073735518380999,0.00197130815126,0.0087673192498372,0.0019532742295454,0.01505928,0.003196875732392,1.4527904,0.4987189888954162
0.001290935506414,0.0002456366494958,0.0010230126790702,0.0038231609348258,0.0268288196952188,0.0053297727632908,0.012476996,0.002491311635822,1.1474541,0.625152200460434
0.0022945396787539,0.0003872065439298,0.0696916282176971,0.0199834164232015,0.0601384153061832,0.020845005596636,0.017256565,0.0022064296901226,1.497827,0.4774512457847595
0.0033322737268402,0.0002634403069505,0.0224978132173419,0.003264364786446,0.0141605267873412,0.0032553217722739,0.016323676,0.0028453207947313,1.7263186,0.2653734445571898
0.0040584447267755,0.0008918475079071,0.0504850074648857,0.0185377571731805,0.0571698396948828,0.0262382769482463,0.01391876,0.0026557152159512,1.1418004,0.5949660074710845
0.0003768815378587,7.554563726260986e-05,0.00386199564673,0.0018006056779995,0.0077273617847691,0.0017243213738815,0.013895076,0.0034124888479709,0.7920568,0.6513497233390808
0.0015626789451537,0.0002311508065903,0.0040615578182041,0.0041462582359963,0.0198476319702936,0.004825024146915,0.013604228,0.0031147803552448,1.4189279,0.5045157384872436
0.0023155975707195,0.0002688110953228,0.0133926812559366,0.0030548900738358,0.0147010140943265,0.0033795016220224,0.015921883,0.0029006621800363,1.4790504,0.4194393754005432
0.0005452656529614,8.454177501893492e-05,0.0043740302789956,0.0011577401310205,0.0047924652909797,0.0010156456141148,0.01498146,0.0033107516355812,1.5364633,0.4914754629135132
0.0004920987474991,9.502041002802664e-05,0.0001902564108604,0.0011171321046458,0.0121971888198585,0.0014449669629076,0.014568839,0.0022272923402488,1.4619204,0.5388706624507904
0.0006368780907069,0.0001177460557426,0.0085558779537677,0.0026168663240969,0.0106181614000149,0.0025079961429838,0.0148247555,0.0032876135781407,1.0086823,0.6601338177919387
0.0013555759688174,0.0002154118899804,0.0065154971089214,0.0037086164811626,0.0151312296961399,0.0040305707006688,0.014172788,0.0034049432724714,1.292729,0.5786072015762329
0.0006928158945316,0.0001084297080052,0.0058322881814092,0.0018195181339979,0.0077243609542732,0.0017331137916034,0.014014937,0.0033605345152318,0.6706776,0.5865973457694054
0.0014688615695689,0.0001641352669873,0.0080442139878869,0.0033161056879907,0.0163785397709242,0.0035833625925643,0.011944625,0.0024412910826504,0.37042123,0.3680464829504489
0.0009522140481173,0.0001527974895825,0.009630873799324,0.002027234295383,0.0076540516868676,0.0018151030287958,0.013313589,0.0032002202235162,0.9983643,0.6232089096307755
0.0008672273578774,0.0001606934977628,0.0002432202163618,0.0017514362423753,0.0320791458256982,0.0031851226459188,0.016644089,0.0016936218179762,1.2569338,0.6153323650360107
0.0007728127346498,0.0001283652173804,0.0127417799085378,0.0023933152109384,0.008716685594389,0.002025478551661,0.01577212,0.0031738875806331,1.3251524,0.5814018845558167
0.0003320391565453,7.300649186523e-05,0.0059604598209261,0.0014456998556852,0.0057575279576131,0.001252412284128,0.015155294,0.0033344262093305,1.0386631,0.6653403854370117
0.0009659463002571,0.0001388349914367,0.0058496985584497,0.0014721172489225,0.0065760893108204,0.0014138179151429,0.013295224,0.0031142905354499,0.690326,0.5708365216851234
0.0008943228544912,0.0001303996931353,0.0105245215818285,0.0014978786930441,0.0046134360798351,0.0011503290611942,0.014585411,0.0034776539169251,0.67775667,0.5725823491811752
0.001791143659162,0.0002222753923387,0.0160681344568729,0.0024695190042257,0.009803871763049,0.0022123779834595,0.016245626,0.002903182990849,1.4257483,0.4697044122219086
0.0011784589225227,0.0001988288101007,0.0129621266387403,0.0050145936012268,0.0200647065627586,0.005441891450229,0.015071191,0.0032775166258215,1.3476684,0.5615061521530151
0.0006617972098697,0.0001119819126767,0.0031926028896123,0.0022836769348941,0.009094424468247,0.0021240460291735,0.0131005505,0.0033995024859905,1.0750352,0.647724524140358
0.0005895127883508,9.445478662361488e-05,0.0047211477067321,0.0012396572856232,0.0052737460995671,0.0010951194755114,0.014952393,0.0032740170136094,1.0580249,0.6390924155712128
0.001162033271096,0.0002249583054562,0.0296400878578424,0.006363849081099,0.0172209509757561,0.0057584350858866,0.014204318,0.003419077489525,0.78981304,0.63370081782341
0.0007599178311966,0.0001185442412245,0.0054746530950069,0.0015494999242946,0.0069834180380924,0.0014391082855006,0.015178293,0.0031190575100481,1.0031462,0.6379050761461258
0.0017091159281464,0.0002416804662715,0.0063161731231957,0.0020477247890084,0.0100668437188182,0.0024632857889088,0.0143132415,0.0033303913660347,0.88501394,0.5300376564264297
0.0010343410255276,0.000187541224578,0.004306711256504,0.0041610878470237,0.0181969343337838,0.0044282364584247,0.013819085,0.003326796926558,0.9517507,0.6468072080612179
0.0023767140066015,0.0004473132527012,0.0243815928697586,0.0092179756052792,0.0355465614497629,0.0123498512874991,0.012988405,0.0028241334110498,0.5424458,0.5138989332318301
0.0012079392554548,0.0001580782196864,0.0020249537192285,0.0022238668585487,0.0115173341486313,0.0021697173423216,0.011567844,0.0024963631294667,1.4215974,0.503887265920639
0.0009192132640471,0.0001673888150156,0.0009137504384852,0.0023156909735735,0.0171397729016988,0.002952066948963,0.013915859,0.002732815220952,0.94027114,0.6488574451208114
0.0013061869505895,0.00015165375636,0.0087690348736941,0.001628660261631,0.0073280496797109,0.0014501409049208,0.016079951,0.0028430494852364,1.486867,0.4549744820594786
0.0018850599466989,0.0002284494463006,0.0003789133043028,0.0021797553513351,0.0207575314656336,0.0032219816478885,0.0117771365,0.0019945336319506,1.6151471,0.390034556388855
0.0024341970701226,0.0005978781422073,0.0057719647884368,0.0207956635690788,0.1106478294486174,0.0316555136669083,0.013789954,0.0018750115483999,0.88719326,0.6415562927722931
0.0012906765276699,0.0002080863652878,8.983146835817024e-05,0.0007675088418727,0.0142224342428094,0.0016989733997955,0.013011731,0.0016884839907288,1.0729532,0.5978659760951996
0.0015002113492094,0.0003017903968792,0.0117827812209725,0.0087546301074326,0.0320984290237955,0.0096137690637578,0.014922144,0.0030802626349031,1.024676,0.6403924971818924
0.0008158588734259,0.0001450990193791,0.0070499032735824,0.0034435038687661,0.013081156480216,0.0034505404175463,0.013306469,0.0033804415725171,1.0361154,0.6435853898525238
0.0006253813826405,0.00011539245131,0.0076823863200843,0.0027380424086004,0.0106431028769395,0.0026212131650387,0.013906321,0.0034494951739907,0.93260956,0.6572849875688552
0.0011231460511922,0.0001529682141639,0.0087723014876246,0.0025830533355474,0.0114629640768632,0.0026732872607368,0.014431557,0.0031863306649029,0.51614237,0.4867889052629469
0.002101126671787,0.0003211562663182,0.0196587536484003,0.0061549795605242,0.0245009272111248,0.0071659730596615,0.014263873,0.003151424229145,1.452183,0.4871725440025329
0.0023953249561798,0.0004028277020135,0.0125732272863388,0.0048057295568287,0.0208581496555108,0.0067005533401956,0.013270705,0.0031865108758211,0.7108642,0.5137023985385896
0.000573955123477,8.17438980544251e-05,0.0012439839774742,0.0009857488944544,0.0041269254161839,0.0008050568099233,0.012690201,0.0032048393040895,0.81103563,0.6246506887674332
0.0005520596703893,0.0001152358203471,0.0002195285342168,0.0015068007173795,0.0152354055357205,0.0020797258867605,0.013412373,0.0023758602328598,1.1387211,0.6424754899740219
0.0009398241965305,0.0001377418791317,0.0062723807059228,0.001790791125968,0.0080504487881213,0.0017105373503824,0.01563585,0.0031942417845129,1.3435493,0.570375919342041
0.0007408533584626,0.0001422369077447,0.0002126902545569,0.0014941799576627,0.0179040461181114,0.0021982976067853,0.013345646,0.0020870044827461,0.9478248,0.6554059088230133
0.0006040738280279,0.000109749295894,0.0114718480035662,0.0022424801066517,0.0077367214105165,0.0019003961996246,0.014772713,0.003313897177577,0.94128126,0.663072019815445
0.0012841369543063,0.0001999262189772,0.0032962057739496,0.0030168631058768,0.0124461382275503,0.0030472406271543,0.0128100775,0.0032836650498211,1.0229981,0.6025397777557373
0.0010586829734686,0.0002009422633309,0.0001450281852157,0.0015543699503905,0.0298331325564379,0.0032247203322403,0.011240151,0.0011498592793941,0.7606506,0.6108207702636719
0.0010977481795457,0.0002059637219964,0.012779570184648,0.0049771750345826,0.0186462891206275,0.0052730299057145,0.013225281,0.003265128545463,0.7770993,0.6273700669407845
0.0007944262835057,0.00011162543419,0.0045293229632079,0.0008674221485853,0.0033778491657598,0.0007050722906333,0.013750168,0.0032231100834906,1.1731322,0.6145523703098297
0.0012600328146661,0.0001803983464736,0.0068887323141098,0.0016695925407111,0.0073802301367045,0.0016778972835436,0.0140489675,0.0032538006082177,1.0595539,0.5820401883125306
0.0009147737321584,0.0001154012549388,0.0079128695651888,0.0018996610306203,0.0080830161819415,0.0018216383300534,0.014224502,0.0033081233315169,0.45061558,0.4586552706360816
0.0017088169748569,0.0003711420847281,0.0147077813744544,0.0120712812035344,0.0379052853636306,0.0136347951671003,0.01211849,0.002713827881962,0.77106655,0.6175518035888672
0.0002449514003804,5.63697952846358e-05,0.0041920458897948,0.0007090588845312,0.0022860483561382,0.0005082874654765,0.014293107,0.0033667112141847,0.8594477,0.6651392173767088
0.000389983689527,7.570107404451646e-05,0.0050577302463352,0.0012358744861558,0.0050514481924945,0.0010703213321386,0.014923288,0.0033352059498429,0.9645846,0.6693788516521454
0.0002144549485998,7.315770868493118e-05,0.0006940021412447,0.0015448013618879,0.0100592949206745,0.0016286032708956,0.013862612,0.0028718554042279,1.131664,0.6605579298734662
0.0010648602209756,0.0001543483227079,0.006646123714745,0.0017053083516657,0.0071789153096426,0.0016417286603814,0.014184433,0.003325224854052,0.7686647,0.5786884564161298
0.002929159311832,0.0004275040867505,0.0090660667046904,0.0046605442184954,0.0220020267232814,0.0065971553361251,0.013525259,0.00310302618891,1.3909811,0.4598433077335357
0.0024678508489862,0.0005537667066275,0.0095173045992851,0.0090184426226187,0.0407235676626005,0.012821875360258,0.011129023,0.0017312420532107,0.9710602,0.64187952876091
0.0012838136411971,0.000176918633717,0.0115835983306169,0.0026478520594537,0.01123453983362,0.002613593065975,0.015376896,0.0031666867062449,1.411307,0.5033470392227173
0.0018804336027931,0.0003532891733998,0.0219906475394964,0.0073962891474366,0.028490145836904,0.0087396566225662,0.015737113,0.0031968967802822,1.1788633,0.6016315817832947
0.0050741913958616,0.000848447398246,0.0005081472918391,0.0059399789902818,0.1384492370255883,0.0192512960866035,0.014874943,0.0009961698949337,0.577538,0.4370232969522476
0.003687073960694,0.0008155893494143,0.0511196088045835,0.0749471161070687,0.2045625515488458,0.0905266265806737,0.014010759,0.0018556149490177,0.57686675,0.5438894927501678
0.0013336656109363,0.0001168136840844,0.0039226519875228,0.0008046725299209,0.0035618536327771,0.0007322977284143,0.014143063,0.0032425802573561,1.5990698,0.3740334105491638
0.0004060020875872,9.834210438276825e-05,0.0030769989825785,0.0037878993207414,0.0164162937335703,0.0036952159309509,0.012380213,0.0031389646045863,1.1488391,0.6613960713148117
0.0011478556907283,0.0001299529299191,0.0041420687921345,0.0018490532319992,0.008428360768929,0.0018479397960435,0.01508459,0.0032800446078181,1.5456238,0.4321041798591614
0.0013798365426679,0.0001712013441497,0.0047131367027759,0.0011722474591806,0.0054855059336129,0.0011965292539332,0.014955195,0.0033876650221645,1.2572749,0.5300571608543396
0.0003568955043454,0.0001060865386891,0.0002444238925818,0.0023937107572237,0.0272734004265327,0.0033284999259334,0.012874272,0.0020968215540051,0.92815304,0.6735257923603055
0.0024694756653527,0.0002330770354386,0.0069336295127868,0.0014588212408125,0.0074496588505457,0.0016346364834018,0.014812983,0.0030510581284761,1.439508,0.3802275347709656
0.0010345322718267,0.0001206128146388,0.0045642051845788,0.001120292446576,0.0048461303451657,0.0010330367417245,0.015443849,0.0033422935009002,1.4548602,0.4820634722709656
0.0018038314102635,0.0002865482139909,0.0107884360477328,0.0036883193533867,0.0165842404629045,0.004504131412596,0.015060296,0.0032806313224136,0.74634594,0.5457713454961777
0.0023209095667524,0.0002005507575483,0.0181415155529975,0.0028698075562715,0.0115246168279216,0.0029780518483324,0.013461738,0.0031605209223926,0.31600967,0.2856648713350296
0.0038497511493082,0.0008625445068211,0.1023150458931922,0.0888809802965261,0.1607116485859936,0.0993158234131229,0.015295783,0.0022450913675129,0.62617356,0.552970149219036
0.00108197954188,0.0001810447396699,0.0007928611012175,0.002395905554913,0.0162451659145235,0.0029245063565097,0.011552391,0.0023239119909703,1.0903602,0.6156045943498611
0.0012051029126488,0.0001430965391047,0.0063698226585984,0.0012594065628945,0.0052940209208601,0.0011844441201629,0.013827918,0.0033432924188673,0.5585194,0.4797099828720093
0.0004776020552359,0.0001174566276201,0.0002357547054998,0.0020558763449116,0.0308107776478995,0.0031859710850551,0.0152582945,0.0020576324313879,0.9558183,0.675956016778946
0.0008471440865232,0.0001529347330005,0.0188655704259872,0.0031862361729145,0.0092497476469707,0.0025814518500688,0.0146870725,0.0034149054810404,0.9106219,0.6442222589254378
0.0017974310894838,0.0003675919612141,0.0017406289698556,0.00771181595097,0.0557467100670695,0.0114094774192993,0.011051144,0.0011962093412876,1.3252816,0.6078860461711884
0.0046874068866713,0.0009718775309888,0.0512966513633728,0.0131622683256864,0.0470888825772182,0.0197394339578527,0.013106615,0.0024815645627677,0.7323831,0.5380758202075958
0.0061818008869942,0.0012891089212169,0.0158369354903697,0.0358376374060753,0.2236868688301949,0.0649880379219323,0.01672904,0.001192562058568,0.9247348,0.5538229787349699
0.0083701376048166,0.0008688615151253,0.1219336539506912,0.0267541033029556,0.1837455827679668,0.0419462367621224,0.01843636,0.0011331560090184,0.30044368,0.2631374466419219
0.0006140005756475,8.986357350750855e-05,0.002610043156892,0.0008391742012463,0.003617540824714,0.0007317681728455,0.0140299,0.0033058895170688,1.0472729,0.6369669783115387
0.0014814007893636,0.0002560695483863,0.0011661197058856,0.0031643972870369,0.024829729677155,0.0045267205115645,0.014256928,0.0025583342649042,1.1214722,0.5962168127298355
0.000712429623704,0.0001355740618013,5.4068757890490815e-05,0.0004834774977098,0.0218067958226845,0.0017796204971124,0.012943524,0.0015225526876747,0.6536857,0.5989602729678154
0.0015459346874792,0.0002133213079254,0.0079561369493603,0.001640151720494,0.007344714198723,0.001693637009004,0.015352633,0.0032646218314766,0.94902104,0.5511054271459579
0.0013060546093368,0.0001731932797784,0.0102481353096663,0.0015305435284972,0.005415658395988,0.0012338319726693,0.015497474,0.0032314546406269,1.274812,0.5388914346694946
0.0004160061068141,7.037171308691076e-05,0.0005836460040882,0.0009009865807456,0.0049065233650843,0.0008503019920588,0.012620211,0.0030858009681105,1.0196797,0.6583438539505004
0.0010895196644894,0.000107059762749,0.0030731458682566,0.0011831084848381,0.0057676793217703,0.0011285963192204,0.013605612,0.0030130013637244,1.6199074,0.3807967233657835
0.0011066932960168,0.0002281976747341,0.0002172511012759,0.0024086003450065,0.0415637607027001,0.004852086753618,0.013449779,0.0017240270972251,1.0594953,0.6465988779067993
0.0024288847840711,0.0001870455761569,0.0237802369520068,0.0029453823715448,0.0097535071581532,0.0027009632293731,0.01246006,0.0030512269213795,0.26226908,0.2527205464243889
0.0056580337077743,0.0008874868687618,0.017406765371561,0.0842921207304243,0.7073439273569514,0.1540802011068927,0.017512426,0.0014241725206375,0.3306966,0.3496099053323266
0.0078007405427279,0.0014474695129131,0.0508766397833824,0.0161854737251996,0.0823473184393459,0.0291676566232321,0.013733579,0.0015700188465416,1.263617,0.4913923382759094
0.000785308870923,0.0001039643569545,0.0038683931343257,0.0006541930511593,0.0022497395194656,0.0004845928242433,0.014576992,0.0034568125009536,0.93158686,0.6096118539571762
0.0005210788630738,9.081235197223436e-05,0.0073791702743619,0.0014621913433074,0.0055086601320377,0.0012071675492886,0.015134352,0.0031894890777766,1.2613292,0.6165794837474823
0.0001067423677679,7.212347041900074e-05,0.0022987982956692,0.0021418476208054,0.0080364882666354,0.0017856296984032,0.013086349,0.0033732829615473,1.1133435,0.6727823263406754
0.0007342135395163,0.0001229272649836,0.0079556629061698,0.0024587304797023,0.0099176463334599,0.002391184940177,0.014138918,0.0034129005298018,0.7315862,0.6086393669247627
0.0010816794253626,0.0001752346550069,0.0069937750231474,0.0024245653767138,0.0105017890878748,0.0025219652213343,0.014984071,0.0034117200411856,1.0194764,0.629048153758049
0.001007487498001,0.0001416929494362,0.0056547389831393,0.0028259487589821,0.0122509512639076,0.0029976539150047,0.01318413,0.0033499754033982,0.5274065,0.4890840658545491
0.0013113544905422,0.0002148344425913,0.0090948455035686,0.0028930799011141,0.0124013826070076,0.0031552731835319,0.014863445,0.0033683432266116,1.0509708,0.6203130096197128
0.0012807935196808,0.0002149899025216,0.0165694374591112,0.0033877603709697,0.0121852446656446,0.0031999362692289,0.014802173,0.0032638935185968,1.0788624,0.6200750964879989
0.0018344580382154,0.0002099442213992,0.0023555378429591,0.0033661358065728,0.0215417999448975,0.0039111650214406,0.011033046,0.0017395673319697,0.38119534,0.3687667034566402
0.002560380345892,0.000540733469239,0.0032621184363961,0.012761616759235,0.0848723677122702,0.0203494858662659,0.013551725,0.0018144780769944,1.3078116,0.5921345496177673
0.0017357276761486,0.0004356240564717,0.0083167627453804,0.0203479022129977,0.0868531886905533,0.0268399248618045,0.012155932,0.0019012507982552,1.0208127,0.6706593632698059
0.0043351416534087,0.0010185238073717,0.073909904807806,0.0629407169274054,0.1503121755723886,0.0732485468762469,0.015485749,0.0021698717027902,1.099617,0.6285910159349442
0.0004122489412859,7.060231120846906e-05,0.0063246409408748,0.0011293808929622,0.0041707398478438,0.0009196508816684,0.014909126,0.0033894185908138,0.6783236,0.6086312159895897
0.0012656877613314,0.0002270936990537,0.0091478661634027,0.0042008152231574,0.0171323286075366,0.0046261191584484,0.012816784,0.0031539445742964,0.84556663,0.6240458548069
0.0008367621615561,0.000142635979728,0.0005744734662584,0.0020378171761876,0.0156884520647359,0.0025144663316666,0.011807886,0.0022339094430208,1.3586782,0.5797413241863247
0.0011127170180321,0.0001695261128965,0.0086651071906089,0.0022398665826767,0.0095893880352126,0.0022301056947991,0.014583141,0.0032448135875165,1.221844,0.5889563930034638
0.0016709794077991,0.0002657292912168,0.0090947756543755,0.0030034591257572,0.0136483654050761,0.0035578541509448,0.013747901,0.0032734368741512,0.96891105,0.5738200628757475
0.0004204371872118,6.993762825793499e-05,0.0024758615763857,0.0007438854104839,0.0031164502282191,0.0006371401293978,0.01373139,0.0033244566433131,1.0196656,0.6614652013778687
0.0011996938624626,0.0002204178761145,0.0003649127902463,0.0022462970871401,0.0244464371191307,0.0035503559198116,0.0133473,0.0020328003540635,1.0195894,0.6326615512371063
0.0014201568568747,0.0002004715267372,0.0024144446942955,0.0021808406169293,0.0103867470023958,0.002254699603173,0.012709596,0.0030272322706878,1.1131333,0.5662858748435975
0.0013222376155116,0.0001963434840899,0.0042088911868631,0.0027334563923068,0.0124745972386081,0.0028859916383825,0.01245838,0.0028529916889965,0.7628746,0.5598942476511002
0.0026958245537339,0.0006552595088872,0.0009986208751797,0.0107378752833028,0.1061443704857045,0.0214624733142942,0.0115961,0.0011530951596796,1.0095279,0.6519646173715591
0.0013535732011025,0.000203004393545,0.0045521813444793,0.0025406068749725,0.0113265924918266,0.0027140929894569,0.01303096,0.0031462828628718,0.84840435,0.5808713883161545
0.0006974946128509,0.0001063642774138,0.010676494333893,0.0019467391073703,0.0080406881059012,0.0015953522494357,0.016702095,0.0027808923646807,1.5626479,0.4526197612285614
0.0011492660663166,0.0002132549852931,0.0147645194083452,0.0101115859905257,0.0369262891639213,0.0105095396013385,0.016487062,0.0025998594798147,1.3450199,0.5800712406635284
0.000154883251244,6.227988579927415e-05,0.0016646950971335,0.0017055010438343,0.0072444880581464,0.0015133999673425,0.013188224,0.0034297886304557,0.9393254,0.6847400045394898
0.0008324242328041,0.0001556700844306,0.0001252071378985,0.0010705099196002,0.0183501784686621,0.0019435725328118,0.012958534,0.0017130678333342,0.8448132,0.6466639989614483
0.0008679715959476,0.0001376472835091,0.0080830520018935,0.0030359350889921,0.0123733041281747,0.0030559783362458,0.0140552465,0.0032710186950862,0.6148125,0.5630474090576172
0.0013784988444425,0.0002266464609788,0.0153977391310036,0.003463969528675,0.0137218627657645,0.0034749151535715,0.015666928,0.0031878871843218,1.0917319,0.6066804677248001
0.0017711608188245,0.000233051016976,0.0070473607629537,0.0040820079157128,0.0162025403555491,0.0047576260529196,0.014049555,0.0033651298098266,0.48351148,0.4284595715999603
0.000928744596844,0.0001772540592972,0.0057307849638164,0.0067331657072645,0.030462644225898,0.0068002834581678,0.011136772,0.0016999435611069,0.6166232,0.5931474098563194
0.0007318322815984,9.808529134170698e-05,0.0002456971851643,0.0007010902179445,0.0048605510460462,0.0007057491538771,0.011710987,0.0023368392139673,1.1200305,0.6217204928398132
0.003310910803227,0.0006536158938071,0.0147689804434776,0.035266860264528,0.1316666246641012,0.044931076885129,0.01246874,0.0016041811369359,1.4972479,0.517091304063797
0.0010430572437291,0.0001323026756089,0.0028681298717856,0.0017213636310771,0.0081834828401166,0.0016928178731622,0.012388036,0.0029749343916773,0.56139255,0.5085364282131195
0.0012007024772104,0.0001813073109868,0.0070836043450981,0.002196358051151,0.0096625216321342,0.0023075657232323,0.014218194,0.0033578188158571,1.1447012,0.5926798582077026
0.0013226321466714,0.0002159552631102,0.0002027385198744,0.0013840573976722,0.0178026489364285,0.0022514949915842,0.0112548955,0.0013938844203948,0.82016224,0.5921889543533325
0.0032106610444695,0.0003067358251379,0.0199148338288068,0.005016789548099,0.0269463643645074,0.0057890339159047,0.016597964,0.0024456340260803,1.6731538,0.3104886078834533
0.0025536642742502,0.0005281098510702,0.002642759354785,0.0052947235426472,0.0394802951327688,0.0091366104332013,0.011050325,0.0014524231664836,1.0360126,0.6209594756364822
0.0008423108936406,0.0001688853081046,0.0008486918522976,0.0032555655088253,0.0262809925507011,0.0040132695855304,0.011365094,0.0016839295439422,1.008072,0.6631616503000259
0.001194123920981,0.0001935842940041,0.0091510582715272,0.0042798405047506,0.01725559572111,0.0046176470641212,0.015115276,0.0033662669174373,1.3371627,0.57585608959198
0.0014486563892054,0.0002172987123979,0.0075049549341201,0.0036109774373471,0.0165792452744623,0.0040758716491957,0.012422283,0.0028371629305183,0.590835,0.5130905684828757
0.0063080659939859,0.0012864838772755,0.077879898250103,0.018513236567378,0.0655684084147414,0.0285470122880824,0.014200655,0.002377636488527,0.7990695,0.5220165491104124
0.0031439560731833,0.0007254706173041,0.1198052130639553,0.0600647833198308,0.1197820367763258,0.0698560746581881,0.016397614,0.0023718406446278,1.2133763,0.6137330865859985
0.0043452718258763,0.0007585025710442,0.0508914291858673,0.0428487856988795,0.1851775471953839,0.0590264739610489,0.018329663,0.0012757701799273,1.4213746,0.4966665697097776
0.0007901011020074,0.0001417310598294,0.0001212757160828,0.0010081827413159,0.0166282269182038,0.0017533452925844,0.012238703,0.0016395692899823,1.2438471,0.6220775938034058
0.000789255960677,0.0001341769114202,0.0034871753305196,0.0029871734924381,0.0114907905627975,0.0027953822503349,0.013376061,0.0035005495883524,0.9609631,0.6503835767507553
0.0017139398664031,0.0002710205035727,0.005751067539677,0.0033848074963316,0.0161295755120874,0.0041308987022692,0.012736581,0.0031515145674347,1.1986098,0.5652593767642975
0.0011787060531293,0.0001872401428801,0.009882484562695,0.0022468444518744,0.009397892246947,0.0022259801270479,0.014656204,0.0032634654082357,0.9622414,0.613003596663475
0.0009391679241525,0.0002032610942006,0.0004285454342607,0.0037201545419156,0.0374798109040721,0.0055307544583253,0.011715581,0.0016263546422123,0.99257153,0.661071702837944
0.0016408952200384,0.0002790359100645,0.0134593001566827,0.0038605077005922,0.0161180518843784,0.0044278434773998,0.013946707,0.0033205642551183,0.9188911,0.5896590018272397
0.002547025615208,0.0006338670485275,0.0537296645343303,0.0418467601016163,0.0703257461391844,0.0433720047278989,0.013229409,0.0027554235421121,1.0322313,0.6577404886484146
0.0008778606198535,0.0001223206708595,0.0035988523159176,0.0010739649506285,0.004718920431307,0.0010045622817782,0.015343947,0.0033811664208769,1.089083,0.6081023854017258
0.0002875542773423,7.719589286432952e-05,0.0010271104983985,0.0023404200273944,0.0133093916072996,0.0024021297978471,0.012418863,0.0028961561620235,0.9159006,0.6751842051744461
0.0007864055930309,0.0001571109283079,0.0015545309288427,0.003720896897903,0.0241273457390208,0.0045639221914932,0.013065594,0.0027156843803822,1.2545044,0.6202400410175324
0.0040176385793613,0.0010017012594074,0.0591274574398994,0.0178634906560182,0.047205602954,0.0242469251454198,0.011602899,0.0021815872751176,1.0183275,0.6490161567926407
0.0006719858752199,0.0001075381299724,0.0024422740098088,0.00199402857339,0.0084067534685182,0.0018105243220496,0.0129875885,0.0032186384871602,1.2479312,0.6058293378353119
0.0005261926180189,9.07131519647152e-05,0.0038331258110702,0.0014827280072495,0.0064729801325522,0.0013737591725108,0.013998287,0.0032945174351334,0.99936634,0.6611232596635819
0.0013601166753425,0.0001964315217015,0.0097294142469763,0.0022453225031495,0.0093392336407646,0.0021596956133354,0.015059536,0.0031490749679505,1.2234204,0.5691172564029694
0.0010745902348886,0.0002068684003054,0.0314427055418491,0.0072560956329107,0.0172362715280911,0.0063311064374493,0.013590375,0.0032803712412714,0.7285807,0.6165362000465393
0.0010831976551675,0.0001744311291809,0.0035969165619462,0.0028001766768284,0.0122563391041628,0.0027540277351434,0.011868441,0.002867835573852,1.0241106,0.6222118556499481
0.0004484552631506,9.777500347340236e-05,0.0043031708337366,0.0037305026053218,0.0133386769444743,0.0032923805024048,0.012601778,0.0032507269643247,1.1033449,0.6665107065439224
0.0017128700377855,0.0003027058964715,0.0053081642836332,0.0086476263568329,0.044973931537726,0.011068523180366,0.01331008,0.0026705220155417,1.5007519,0.4920808172225952
0.0012308798117427,0.0001697954949276,0.0029106419533491,0.002023047331022,0.0096000258115774,0.0019944873679568,0.0121001825,0.00281578656286,1.3055698,0.5568400526046753
0.0008921434912205,0.0002071309811766,0.000172794345417,0.0026288161016236,0.0780538879361227,0.0086732122662349,0.01612023,0.0020263620838522,0.9345417,0.6622583591938018
0.0007414213109398,0.0001628487604903,0.0381531696766614,0.008355583064258,0.0173529806058429,0.0065432313968004,0.015216805,0.0033013745211064,1.1886991,0.6456756293773651
0.0008006729678114,0.0001007601033583,0.0036927977344021,0.0006317838560789,0.0021983735698226,0.000472781018255,0.014412114,0.003400588016957,1.244596,0.5763822197914124
0.0005358120792914,7.823899977141041e-05,0.0031869958620518,0.000738084083423,0.0029090590386785,0.0006015781608688,0.014072165,0.0033421819098293,0.77084047,0.6268780067563053
0.0014823208595118,0.0001883881909647,0.0068171024322509,0.0016428566537797,0.0072244288846805,0.0016743492110907,0.014460959,0.0033632340468466,1.312613,0.5167722105979919
0.0009206886696949,0.0001240550807243,0.0063669644296169,0.0010874141100794,0.0042333469011774,0.0008920143006644,0.015642636,0.0032286552526056,1.3052933,0.5644564461708068
0.0010432662546216,0.0001673250563638,0.0044233272783458,0.0029170173802413,0.011979339716678,0.0029733862166925,0.014213936,0.0033285606652498,1.1120015,0.6203420460224152
0.0017931506207183,0.0001713083684901,0.0061450994107872,0.0013870599213987,0.0064894773594877,0.0014498208878321,0.014444882,0.0033056078851222,1.5420417,0.3857703351974486
0.0019042330607574,0.0002678095555037,0.0009474510443396,0.0019458172600934,0.0130960160048402,0.0026757225413535,0.011982251,0.0027834573574364,1.1146415,0.5253941869735719
0.0011175593044537,0.0001884693181144,0.0121259507723152,0.0032630236819386,0.0133038911273683,0.0032809140963736,0.01541681,0.0032100182212889,1.1473036,0.6244380474090576
0.0013054734378447,0.0002091795921155,0.0053885127417743,0.0039011749613564,0.014547957739826,0.0039373006220037,0.013430609,0.0033277625031769,1.0927055,0.5898656398057938
0.0008696472696744,0.0001011830827819,0.0035213857190683,0.0009803529828786,0.0045459888696359,0.0009073047836891,0.014396142,0.0032115574739873,1.5192229,0.4631628918647765
0.0017081815215119,0.0001411905003503,0.0070735239423811,0.001175561947748,0.0051722147527171,0.0011074264211355,0.015322035,0.0032338739745318,1.6671367,0.3190696239471435
0.0022186320076723,0.0004034617592976,0.0247798580676317,0.0075761721655726,0.0291961019831514,0.0090083330012131,0.015288456,0.0029940474778413,1.2175663,0.5732648968696594
0.000724341234928,0.000216146136964,0.0066015857737511,0.0306595897405713,0.1012394312622348,0.0350151132412886,0.01411213,0.0027889119833707,0.94435275,0.6650254964828491
0.0010585334588484,0.0001550341009745,0.0121591472998261,0.0029500275850296,0.0126651142886151,0.0027057586963892,0.016355239,0.0027926238253712,1.4338053,0.519691709280014
0.0009994482837037,0.0001655803504508,0.0092790024355053,0.0025004714075475,0.0100612963839762,0.0024665228224976,0.013843116,0.0033732519857585,1.0931387,0.6242079585790634
0.0010929431783625,0.0001200215302716,0.009048375301063,0.0027263576630502,0.0124213621499678,0.0027033840305983,0.012304585,0.0027679849229753,0.33196664,0.3574982807040214
0.0068230307770689,0.00085174855594,0.0878320932388305,0.0608521796390413,0.242935691914032,0.0780262654737148,0.01809992,0.001263472251594,1.6777726,0.3330060839653015
0.0006869517713263,0.0001056979227411,0.0001283852179767,0.0007520516191925,0.0125502782338698,0.0011736397463868,0.01609824,0.0017810901626944,1.4890743,0.500637151002884
0.0006931762760222,0.0001087755073893,0.0030919866403564,0.0018431346979923,0.0075124742945384,0.0017398791604164,0.014577557,0.0035209478810429,1.1790261,0.6315793544054031
0.0012376746285775,0.0001309467833465,0.0064556077122688,0.0011209649965167,0.004785075009095,0.0009740826682418,0.015805868,0.0030908836051821,1.5455925,0.4284101462364197
0.0015433126547045,0.000161292529503,0.0076231411658227,0.0015655464213341,0.007099230097783,0.0015869540174501,0.012996342,0.0032135078310966,0.4409293,0.3914999589323997
0.0007744297795326,0.0001385283254697,0.0028513637371361,0.0037000452230131,0.0175251645276158,0.0036679898281701,0.011530856,0.0025109984353184,0.7499351,0.62897526293993
0.0010029212178166,0.0001680651048119,0.0042745191603899,0.0036062627518549,0.0145831292878056,0.0036522527454014,0.012931063,0.0032511921599507,1.2381951,0.6020507216453552
0.0006537624172041,0.0001080451785963,0.0090878577902913,0.0025248364545404,0.0096929948390704,0.0022948495501011,0.013056371,0.0031914519891142,0.6079333,0.5720590731501578
0.0014468868849811,0.0002613321270084,0.0180283756926655,0.0100036872271448,0.0339786518967024,0.0110445485739787,0.011585738,0.0022342007607221,0.5122756,0.5143959352374075
0.0009741280783281,0.0001779608949334,0.0098191201686859,0.004435337614268,0.0170025310694329,0.0046464745565693,0.013460853,0.0033296875841915,1.1220126,0.6372507363557814
0.0048853982957543,0.001095588688327,0.1084088385105133,0.0302156805992126,0.0839200002146093,0.0351786180574366,0.01611393,0.0023956438526511,0.9625721,0.5790182065963745
0.0030286210482624,0.0007075514636132,0.0118705965578556,0.038062539342718,0.2777688499965855,0.0698012869299641,0.017967056,0.0014660848677158,0.7668916,0.6058400273323059
0.0008243543219031,0.0001080807057873,0.0032805353403091,0.0008232495747506,0.0036103958490135,0.0007303285235283,0.0150673315,0.0033253552392125,1.2304511,0.5832499265670776
0.0007129782697295,0.0001177121717141,0.0045727575197815,0.0017583289882168,0.0078870700080569,0.0017308925797285,0.013875218,0.0033737998455762,0.91336715,0.6535920196771621
0.0005001122824149,9.474157864503376e-05,0.002688513835892,0.0025110411347122,0.0104132870396282,0.0022844176301003,0.012679882,0.00323157152161,0.97906053,0.6671017926931382
0.0002586461671296,8.801318196604495e-05,0.0109086828306317,0.0038900796230882,0.0136006216403208,0.0035600760763779,0.015104444,0.0033641341142356,1.1487377,0.6740314936637879
0.0015026171261172,0.0002431331118811,0.0106899146921932,0.0029706529807299,0.0128310741285651,0.0033234878558984,0.01363067,0.003303172532469,0.8561654,0.5849253088235855
0.0015567899312976,0.0002383450654034,0.0118461609818041,0.0040633505117148,0.0168278445326417,0.0045127503133321,0.01453104,0.0032268489524722,1.3437364,0.5351792407035828
0.0014355618986503,0.0003131547991513,0.0104564856737852,0.0151884132828854,0.0666825413756597,0.0186762464045703,0.014550378,0.0025746449828147,1.1804923,0.6340990364551544
0.0023451875463313,0.0004674367955671,0.0188072901219129,0.0197722808516118,0.0772003274205663,0.0249919884745826,0.014463487,0.0024940422736108,1.3967113,0.549959499835968
0.0029627760532898,0.000610353293127,0.0163110699504613,0.006997072584927,0.0337469835056002,0.0111224276697184,0.011897339,0.0022241217084228,0.8425591,0.5850745105743408
0.0009034996628701,0.0001307896703819,0.0037005002377554,0.0015090297488495,0.0072687509162753,0.00149813867945,0.012820139,0.0030880006961524,0.7711905,0.5902456909418101
0.0014026295990863,0.0001513880581989,0.0037938244640827,0.0010351318633183,0.0047504595031085,0.0010436081642248,0.014501737,0.0034643687680363,1.4196966,0.4679205250740051
0.0013891016733505,0.0002213760696389,0.0002520591078791,0.0015867365833673,0.0182744275089588,0.0025687714426093,0.012988782,0.0019627502188086,1.2592928,0.5740216529369354
0.0006704339812038,0.0001163721406856,0.0089096091687679,0.001971071390435,0.0075126498175586,0.0017246970483141,0.014733391,0.0032946800813078,0.9511349,0.6574041444063188
0.0006637980932844,0.000121213965102,0.0122007206082344,0.0026739049516618,0.0095868481332233,0.0023169875176738,0.01509031,0.0033202034421265,1.1637447,0.635549920797348
0.0008270598622885,0.000150433459094,0.0108759347349405,0.0034133598953485,0.0135864395992786,0.0033913574621669,0.01379292,0.0031496707722544,0.88767844,0.6464645385742187
0.0021948172086432,0.0002063464077098,0.0155540164560079,0.0027053137309849,0.011214139420463,0.0027294098086487,0.015088927,0.0031981253996491,1.6722076,0.3217001557350158
0.001091446349551,0.0001863937487721,0.0091909882612526,0.0090893772576237,0.0311291216106275,0.0090097725305613,0.011259917,0.0021014041453599,0.4599268,0.500263512134552
0.0008595333402625,0.0001524194155886,0.0003382704744581,0.0017223939501036,0.0156406746394011,0.0022710517930595,0.011665677,0.0019920784980058,1.017276,0.6435340404510498
0.0008350807019757,0.0001598329220176,0.0028539798222482,0.004081009286383,0.0211447128996396,0.0045689701247402,0.013394472,0.00301961209625,1.225217,0.625070333480835
0.0011153302967223,0.0001673829053893,0.0013235143851488,0.0027270534910712,0.0192883104221265,0.0029496445866007,0.0108792735,0.0014161067083477,0.5386854,0.523161663711071
0.0008915066135746,0.0001621238784773,0.0012141388142481,0.0026533803215897,0.01789355865803,0.0032282315261006,0.013769069,0.0027476814575493,1.0297565,0.6571290618181228
0.001294213916285,0.00017114031778,0.0053248503245413,0.0025124785024672,0.0110376201195253,0.0026878749836045,0.014276782,0.0033906996250152,1.4747608,0.4942511677742003
0.0047246878502511,0.0011854105362525,0.0171815976500511,0.0130899151554331,0.056871887568629,0.023072008323977,0.011348584,0.0015334994532167,1.124943,0.6541936844587326
0.0013577072195325,0.0002498623481419,6.762305929441936e-05,0.0006658887048797,0.0341466647910254,0.0033843523184401,0.014757832,0.0014496638439595,0.9718468,0.621317726969719
0.0004608137921282,9.580880256308214e-05,0.0082526300102472,0.0023340807203203,0.009035105670038,0.0021267360411803,0.014775453,0.0033595624007284,1.2013707,0.6410279178619385
0.0015209192627518,0.0001636783554311,0.0049353709910064,0.001533734742552,0.0078861197859086,0.0016626611123485,0.013559234,0.0030599366873502,0.5119767,0.4171409586071968
0.0017846151302542,0.0002490068971909,0.0116228898987174,0.0027257361449301,0.0122105796142288,0.0030225125418655,0.012869199,0.0030586579628288,0.6549411,0.4917064866423607
0.0049158993308894,0.0005770565527201,0.0237476080656051,0.0060022221133112,0.0334600211779943,0.0086687622080826,0.011644877,0.0019047772511839,1.6462743,0.3359546327590942
0.0025336621773847,0.0006552430846272,0.0257077030837535,0.0289385306896292,0.0761975482916105,0.036582947450517,0.011490302,0.0017352038994431,1.0427566,0.673177644610405
0.0022209338307517,0.0003454538892907,0.0168466502800583,0.0062453132495284,0.0255030499201099,0.0077064160930065,0.0132100005,0.0030959798768162,1.4447366,0.4899548852443695
0.0035704120537131,0.000845379725436,0.0076687906403094,0.0159887704112406,0.0942921948086716,0.0282455805428963,0.013454908,0.0016402644105255,1.0280895,0.6344557851552963
0.0005535073066728,9.062550999731976e-05,0.0003376529202796,0.0010918793232121,0.0081409522782446,0.0011308068357697,0.011572694,0.0022213687188923,0.893,0.6536922162771224
0.0011601873685549,0.0001870174543763,0.0038952399045228,0.0027421186678111,0.0119524469004443,0.0027981416184258,0.012281239,0.003098159097135,0.9486857,0.6178570282459259
0.0010843301265046,0.0001928792820467,0.0011686979560181,0.0030435315369322,0.0191085552006357,0.003832491811217,0.012336941,0.00281672924757,1.166368,0.6225945484638213
0.0012979045959398,0.000226660321017,0.0110632833093404,0.0080438407021574,0.0316901700791353,0.0082503341864756,0.016255278,0.0027037081308662,1.3194144,0.5807546567916869
0.0010869911242274,0.0002023586394646,0.0001558929652674,0.001693998267001,0.0307184477015117,0.0034065324073778,0.013614696,0.0016815732978284,0.68539715,0.5974205261468887
0.0008587023050089,0.0001257033676713,0.0060971840284764,0.0011380057036876,0.0044499079270496,0.0009659331246987,0.014448426,0.0033065811730921,1.0315406,0.6236881709098816
0.0008147792179497,0.0001153174959977,0.0054775360040366,0.0014788180682808,0.0065216774258316,0.00141124502582,0.01420399,0.0032498665899038,0.6434866,0.5555710196495056
0.0009477420287222,0.0001491651665387,0.0065233870409429,0.0021807989105582,0.009237314135386,0.0021378126463318,0.013766824,0.0033207793161273,1.19641,0.6155506467819212
0.0013405808768952,0.0002581081610076,0.011879286263138,0.0089122233912348,0.0300128268796374,0.0094903132624927,0.014807449,0.0033804606646299,1.3127062,0.5895327031612396
0.0018948841254811,0.0002930130337377,0.0144167100079357,0.003171634376049,0.0134264837623481,0.0034942110775736,0.0145778945,0.0031674924865365,0.9620745,0.5499797856807708
0.0019459084394438,0.0003479025043765,0.0219448506832122,0.0054122442379593,0.0195303979789009,0.0061438711649324,0.013300802,0.0032514814659953,1.0766472,0.5909471064805984
0.0042338377457046,0.001037181296432,0.009312926325947,0.0127829560678947,0.0755572642908106,0.0243339847985076,0.012845976,0.0017114654183387,0.9404513,0.637677013874054
0.0007998965828435,0.0001021271957768,0.0008074731449596,0.0014043585920262,0.0093696256108674,0.0012457370512162,0.010985802,0.0015743050351738,0.52734125,0.5106713971495628
0.0010268046149737,0.0001396244292874,0.0048325164243578,0.0012866112263873,0.0057572677219714,0.001225244478119,0.014313612,0.0032540960237383,1.201889,0.5840200841426849
0.0020078145185653,0.0002608893038029,0.0064772819168865,0.0038577605737373,0.0177642276180211,0.0046892996768618,0.013096132,0.0031066588126122,1.5184312,0.4288117587566376
0.0017645138990724,0.0002761660168425,0.0084420233033597,0.0036840252764523,0.0158657653078699,0.0044500349543092,0.013809947,0.0033327070996165,1.2327001,0.5565647625923158
0.0010508913882862,0.0002014476065732,0.0002778420312097,0.0021741519660281,0.0275351282143321,0.0034340044837328,0.011417405,0.0013793725520372,0.87022585,0.6388357281684875
0.0010489648263789,0.0002193384754341,0.0016758611891418,0.005394170188083,0.0358930341758296,0.0066321101043789,0.0109866345,0.0013648577593266,0.88165355,0.6619185334444042
0.0019942308225951,0.0003249559542262,0.0119025940075516,0.0046475723292678,0.0218320825544583,0.0060342065476573,0.012178301,0.0026530642062425,0.61375743,0.5080009159445763
0.0010576341687602,0.0001721486602793,0.0167619790881872,0.0043696554750204,0.0144946367714599,0.0041557240990796,0.012732485,0.003188787959516,0.5776528,0.5501883566379546
0.0008849072451458,0.0001712308492021,0.0119552658870816,0.0051607138477265,0.0180264252802049,0.0052270026916343,0.013087921,0.0032754692994058,0.9518338,0.6535440808534619
0.0004640919495367,9.060950748026023e-05,0.0039126896299421,0.0029387189238332,0.0118534378033449,0.0025717820868083,0.011710437,0.0026846774481236,0.74468535,0.6394522115588188
0.0015106983674024,0.0001651442527442,0.0067267017439007,0.0022373722679913,0.0107733141280463,0.0024503829741972,0.01306404,0.0031602536328136,0.4148661,0.3869567762315273
0.0013368453901467,0.0002590733592273,0.000213685867493,0.0020632803735134,0.0293827423936056,0.0039936739676663,0.012948493,0.0017633875831961,0.9343666,0.6323775053024292
0.0022103311449204,0.0002894016673377,0.0111859077587723,0.0021510999277234,0.0092857615921159,0.0024387044166918,0.014580614,0.0034601702727377,1.1493453,0.4909742426872253
0.0035864878130709,0.000589828897695,0.0424246080219745,0.0114820702001452,0.0405578015416895,0.0141659764778401,0.013658115,0.0027837185189127,1.4536295,0.4777829933166503
0.0078867984638003,0.0011595804064449,0.0666471756994724,0.0153693601489067,0.1072906987386552,0.0261647893033368,0.018150106,0.0013117891922593,1.1980066,0.4113268852233886
0.0005915765565149,0.0001145088465279,0.0062402710318565,0.0030606125947088,0.012586962221004,0.0030092726587656,0.015044151,0.0033844054490327,1.3830987,0.5862380862236023
0.0012002037940257,0.0002012565333123,0.0017806371324695,0.0026566965591337,0.0148757083962208,0.0032594903827429,0.013313855,0.0033320346288383,1.1190192,0.6141210794448853
0.000736156619473,0.0001094493703782,0.0049500532913953,0.0011020404566079,0.0045953426798521,0.0009736380078164,0.015094563,0.0033453186787664,1.1373129,0.6306850397586821
0.0007616488764326,0.0001398069001869,0.0072248154319822,0.0038853444857522,0.0140419220532357,0.0037947227599192,0.013934166,0.0034561053477227,1.2237605,0.6388123941421509
0.0010651956442879,0.0001899220669958,0.0003497721336316,0.0023101666474394,0.0258057160324957,0.0035036766683418,0.01406732,0.0020051300711929,1.2752022,0.5994163155555725
0.0016971426771453,0.0002150393801282,0.008217548020184,0.0022585273254662,0.0106304098005389,0.0026261313985797,0.014084189,0.0033063613809645,0.60549176,0.4588904213905334
0.0017687643803403,0.0002911453747609,0.0004505666147451,0.0026473995661217,0.0265330115186738,0.0043262467286701,0.013288186,0.0020723398774862,1.3093979,0.5525228631496426
0.0011120215827769,0.0001398562671976,0.0054059200920164,0.0010239891707897,0.0040958010598068,0.0008976765366802,0.014291774,0.003381257969886,0.72607195,0.5360906982421875
0.0015716629436564,0.000210627007841,0.0059317080304026,0.0013819561619311,0.0065434181922716,0.0014445025461228,0.0130612925,0.0031116211414337,0.9398103,0.5538755059242249
0.0015446444100662,0.0002731808638992,0.0003886906779371,0.0026718008548232,0.0279990442229688,0.0044812350530922,0.013015013,0.0019726336188614,1.250835,0.5917633664608001
0.0005246126451282,0.0001103000812148,0.0003278182412032,0.0018335212574402,0.0163206369920312,0.0022625269163117,0.01210736,0.0021451110951602,1.1101701,0.6640368854999542
0.0004959236658018,8.887134597007715e-05,0.0050021959468722,0.0016191788343712,0.0069312210330278,0.0015012520454374,0.014310853,0.0033962814509868,0.83336693,0.6485584026575086
0.0006570504998047,0.0001057665457055,0.0039762393571436,0.0018573588458821,0.0080001471261825,0.0017908630039295,0.013890286,0.0033610984683036,1.331287,0.5963833546638488
0.0005859203793314,8.187238165828048e-05,0.0070250614080578,0.0010267687030136,0.003236617449541,0.0007617720048067,0.01385056,0.003374441191554,0.547927,0.5313870728015899
0.0024718175040628,0.0002205632343709,0.0151201840490102,0.0037966266088187,0.0174960500092087,0.0041691391403775,0.015531847,0.0030356392823159,1.7317894,0.2793340730667114
0.0008689442416145,0.0001354482676145,0.0005192628304939,0.0015449265703136,0.0108874998765567,0.0017801494618001,0.01219838,0.002594637684524,0.86107767,0.6183827328681945
0.0027838911266264,0.0004137536541432,0.0145188421010971,0.004521326161921,0.0210379953188872,0.0060460969338767,0.014223056,0.0030420870333909,1.2729985,0.4866144430637357
0.0007167830561412,8.634054533976907e-05,0.0018499086145311,0.0006290082610212,0.0027137902113602,0.0005370066531759,0.013585867,0.00328233955428,0.62424475,0.5514633849263192
0.0008138828695247,0.0001170342255164,0.0035991753684356,0.00108326098416,0.004858418675223,0.0010058043655617,0.013771981,0.0033024952933192,0.9346606,0.6286839467287063
0.0005188924285132,8.961742101499734e-05,0.0048613175749778,0.0012829760927706,0.0054601244929122,0.0011405754230827,0.014543884,0.0032576909288764,1.014884,0.653695559501648
0.0016905109980451,0.000172172162061,0.0054378772620111,0.0023791249841451,0.0106209261837634,0.0026457330025756,0.014367689,0.003405252341181,1.6055522,0.3725422716140747
0.0005458219266352,9.192337192772672e-05,0.0052050244994461,0.0013832749100401,0.0059119795179576,0.00130134288773,0.015176735,0.0034608020819723,0.82822174,0.6399193584918976
0.0001134866826564,8.86381552448641e-05,0.0002206270146416,0.0016804294065423,0.0169792625161862,0.0021453749457808,0.012863744,0.0023795021697878,0.9398523,0.6735788136720657
0.0004886996616696,9.540817080092956e-05,0.0113712665624916,0.002595350947231,0.0092668493350574,0.0022972447078331,0.014572263,0.0034336359240114,0.81596756,0.6536024767160415
0.001883578709467,0.0002577922015265,0.0127150658518075,0.0038195974193513,0.0169312740707528,0.004351783300545,0.01539536,0.0031560966745018,1.4132637,0.485638118982315
0.0059257955846596,0.0013462789234846,0.0781647339463234,0.0672094809415284,0.1811168493277651,0.0875732358913476,0.015950125,0.0017757504247128,0.92800343,0.5990103334188461
0.0004450478853986,7.595388155857562e-05,0.0024484989698976,0.0010156109509989,0.0045118456671275,0.0008958414000734,0.012805391,0.003077708762139,0.8890537,0.6644410043954849
0.0009191154979488,0.000118478460609,0.0015093901893123,0.001122424704954,0.0049116349355796,0.0009763065780682,0.012913408,0.0032347191125154,1.2015764,0.5916813910007477
0.0003785358082509,6.712069930084287e-05,0.0031662617111578,0.0008443854749202,0.0033951532628112,0.0007195362636329,0.014660522,0.0034327409230172,0.9205853,0.6665078926086425
0.0007251383035639,0.0001171759364286,0.0056783501058816,0.0015216177422553,0.0064308148629852,0.0014099445278238,0.014074223,0.0033717071637511,0.9930362,0.6450241088867188
0.0008750371554153,0.0001138448998237,0.0069409739226102,0.0016596671193838,0.0074184965974591,0.0014791907400816,0.01605134,0.0029768992960453,1.5424969,0.4604844748973846
0.0007466234109939,0.0001217124456959,0.0065563616808503,0.0019565563090145,0.0086029376631455,0.0018665375055169,0.015141983,0.0031499039195477,1.0067589,0.6383898997306824
0.0025993871026228,0.0003431178257753,0.0125637175515294,0.0029219672456383,0.0191390323891946,0.0037217462301771,0.0172538,0.0021878448314964,0.8886025,0.4744804030656814
0.0010846688229861,0.0002169083858206,0.031485604122281,0.0101823187991976,0.0211020287287509,0.009138504724938,0.013822112,0.0033956845290958,1.130596,0.6492301064729691
0.000776661659645,0.0001086300857822,0.0043242066167294,0.0010813100961968,0.0046352628072991,0.0009733130668462,0.015049087,0.0033455624058842,1.3126899,0.5768746101856232
0.0014875308823339,0.0001623382968386,0.0046043558977544,0.0012961314059793,0.006273945066937,0.0013283607289859,0.014733281,0.0032180811092257,1.45709,0.4527875483036041
0.0005356759846602,0.0001020276345324,0.0020142688881605,0.0032180172456719,0.0172845055014871,0.0031875221874499,0.011427025,0.0022420617751777,0.6758774,0.6257350668311119
0.0019095160889003,0.0004327041789753,0.0174487307667732,0.0131735794711858,0.0420015368752716,0.0158235132392484,0.01260219,0.0028261542320251,0.8346804,0.6273605078458786
0.0034856869153652,0.0006412724149131,0.032219098880887,0.0073046484962105,0.0281685155662298,0.0107067425664246,0.012942799,0.0030284730717539,0.7267653,0.5194082003831861
0.0017317861344831,0.0002228781097994,0.011556333862245,0.0018825503066182,0.0072848080901392,0.0017734246619144,0.014558358,0.0033611869439482,1.3031969,0.5125621938705445
0.002080941935377,0.0002245744453826,0.0075272447429597,0.0020499936025589,0.0100772432075362,0.0022936075373432,0.014977725,0.0030745705589652,1.4854722,0.4220831096172333
0.0015022160370262,0.0002856378837583,0.0139023996889591,0.0060191307310014,0.0233679334701649,0.0070631686568557,0.012841993,0.0030980613082647,0.8267625,0.6054076999425888
0.0021692199852256,0.0005032171320111,0.0077799730934202,0.0110194559492811,0.0528398866791622,0.0161403611684979,0.012761633,0.0024546990171074,0.85359406,0.6325497925281525
0.0022795387569316,0.0004441940657342,0.0297518037259578,0.0077226059511303,0.0266012926429009,0.0094534596164812,0.013305142,0.0031351504661142,0.84568536,0.5829355227947235
0.0038548268784151,0.0009463705406555,0.0100333094596862,0.0129641388628806,0.0776732805438045,0.0237948826046278,0.0119537,0.0013784888945519,0.80540115,0.6258536180853842
0.0072934115903416,0.0007715741613689,0.0611817203462123,0.0133723132312297,0.0615694528720434,0.0170597248769377,0.015455207,0.0022465821541845,1.6826801,0.294008686542511
0.0035801913070963,0.0005899311656675,0.0586217008531093,0.0103145241737365,0.0381524712243542,0.0112167457675903,0.016941769,0.0023182155005633,0.6958201,0.4808536589145661
0.0001919652967754,5.542924857019683e-05,0.002202711533755,0.0008265026099979,0.0033858992783278,0.0006915464772883,0.014203902,0.0033765511028468,1.004806,0.674153283238411
0.0011783437708886,0.0001587861293256,0.004015295766294,0.0012787376763299,0.0059275761681122,0.0012899390075419,0.014774037,0.0033476697281003,1.1053895,0.5782287120819092
0.0027931404934569,0.0005430335338312,0.0005421790992841,0.0051757108613673,0.0655932147589881,0.0112718021000038,0.014510711,0.0016174237243831,1.1711804,0.5832325553894041
0.001324144919614,0.0002150639932199,0.0129671730101108,0.003640535455197,0.0150063393226052,0.0039003572068231,0.014825253,0.00335787050426,1.2995336,0.5737468421459195
0.0011959393375322,0.00021482019424,0.0108929350972175,0.0044704879634082,0.0176735349626529,0.0048332202094698,0.013731135,0.0032693720795214,0.961888,0.6332959699630738
0.0012571888941989,0.0001369507058043,0.0053245401941239,0.0015113257011398,0.0071365456715974,0.0015206763967824,0.0154308025,0.0032600750401616,1.5621102,0.4151212573051452
0.0014864926819447,0.0002090340599351,0.003226496046409,0.0034929959037981,0.0170412241535704,0.0040757649965687,0.013708077,0.0033089729398488,1.462597,0.4850353002548218
0.0014889834578974,0.0002205078665781,0.0044482513330876,0.004651355012902,0.0255088450406893,0.0053064798901096,0.015457442,0.002614974565804,1.423499,0.514213593006134
0.0015647794769299,0.0002141297444195,0.0125829363241791,0.0023158281110227,0.0095957172722881,0.0023277138022556,0.0153511055,0.0031887203454971,0.6779442,0.5073722097277641
0.0031367261151772,0.00076728626823,0.0002136388939106,0.0034123540679684,0.1362465150374182,0.0218578387597426,0.011570266,0.0010901843197643,1.12351,0.6442131137847901
0.0038032917849484,0.0009674951455519,0.0564236789941787,0.0257228532433509,0.0723940546512306,0.0360486203122189,0.013492262,0.0025837585516273,0.87226504,0.6438635438680649
0.0007598328544698,0.0001311718070942,0.0010158225195482,0.0021336842319215,0.0131724685143213,0.0023908648892889,0.012054394,0.002799158450216,1.1117265,0.6393526494503021
0.0013372920714545,0.0001383907744117,0.0052206325344741,0.0011032361257821,0.0047926922426999,0.0010349039919454,0.01451287,0.0033945636823773,1.507848,0.4361381232738495
0.0051722532723392,0.000784871973536,0.0628861412405967,0.012056865543127,0.0487290070252988,0.0155972271106796,0.016655013,0.0023128609172999,0.5961141,0.4174259698390957
0.0007632625564565,0.0001263765850356,0.0104104476049542,0.0018681306391954,0.0069150642635804,0.0016155910069316,0.0150919,0.0033208224922418,0.9922282,0.6412277221679688
0.0020595226686909,0.0003024648478679,0.0159730650484561,0.0028170242719352,0.0112854544722415,0.002907641231171,0.015505245,0.0031513530202209,1.0381491,0.5414919096231461
0.0013439982952021,0.0001750518366691,0.0041490634903311,0.0016257842071354,0.0078105819402093,0.0017328552222317,0.013542816,0.0032950376719236,1.3109027,0.539526104927063
0.0005143202532733,8.861727101043635e-05,0.0065896837040781,0.0021759227383881,0.0084888885965807,0.0019944501475837,0.013097725,0.0032393923029303,0.67341375,0.6160849159955979
0.0012776969446918,0.0002235353761715,0.0119040678255259,0.0036041474901139,0.0148438812900672,0.0038544901265732,0.013209583,0.0032118830643594,1.0302336,0.6253790259361267
0.0014682095150846,0.0002238539499045,0.0115873096510767,0.0050636260583996,0.0202283824793559,0.0056804128205953,0.013571717,0.0033045844174921,0.51084465,0.4805330240726471
0.0023505538875258,0.0005851699615163,0.0969555899500846,0.04559185244143,0.0629213906179288,0.0454420756169639,0.0140092,0.003122731577605,0.8301037,0.6368781918287277
0.006546643290797,0.0011742812411361,0.1386383473873138,0.0287055340409278,0.0569135765433065,0.031402382952085,0.014539762,0.002891959156841,0.53095627,0.4338959845900536
0.0003227643717262,5.595828021518357e-05,0.0008962246938608,0.0008904062083456,0.0037696897818722,0.0006812385864588,0.011998337,0.0029248381033539,0.6655271,0.6080738604068756
0.0015615104665362,0.0001563221979069,0.0060439291410148,0.0010752656962722,0.0045230312125502,0.0009744567481802,0.013956486,0.0032164909690618,1.479565,0.4290019333362579
0.0012496779989481,0.000180568911218,0.0092719397507607,0.0019377816282212,0.0080824362947715,0.0018966898666762,0.0140869375,0.0033104019239544,0.70819706,0.5514412093162536
0.0003998399167042,8.165959467025161e-05,0.0008188901701942,0.0019356232783138,0.0118511431810871,0.0019328077476016,0.011775937,0.002448302693665,0.8019727,0.6582663547992705
0.0005248290441956,8.988480002241174e-05,0.0057998215779662,0.0011884222179651,0.0045297303186939,0.0010009086576991,0.014509849,0.0033823630586266,1.1457759,0.6477332264184952
0.0010254266072576,0.0001396557939896,0.0032620772253721,0.0031306293894886,0.0152118225860566,0.0028363916551902,0.011215114,0.0019677176512777,0.48410285,0.484287636578083
0.0005402461728819,0.0001045066403183,0.0062052265275269,0.0043318788916803,0.0158534018297093,0.0039780918976659,0.012043966,0.0028834817931056,0.79003334,0.6475532048940658
0.0027306660013573,0.0003101270779595,0.0361398123204708,0.005208560526371,0.0150142500372235,0.0051141396847578,0.012917656,0.0031555625610053,0.38170454,0.3488746730983257
0.0059487517433542,0.0011369686150701,0.1071579977869987,0.0194413736462593,0.0473421944101972,0.0202107608984138,0.015898468,0.0027068120799958,1.1592807,0.5082757151126862
0.0006271463764183,8.983527981564626e-05,0.0011444664560258,0.0010796719879726,0.0047919638309914,0.0008746309390837,0.012522601,0.003011587113142,1.0955737,0.635649898648262
0.0008502125785201,0.0001392524307629,4.669255213229917e-05,0.0003598664321862,0.0102912015479559,0.0010023272447363,0.012101464,0.0015240039490163,1.0336496,0.639313525557518
0.0012380042983766,0.0001591918908411,0.0082574924454092,0.0015913331136107,0.0064384442561817,0.0015068039871829,0.014268657,0.0033903060853481,0.6161529,0.5047143250703812
0.0010289175719858,0.0001747223213716,0.0014221745659597,0.0026518770209804,0.0161934601426611,0.0029434331919306,0.011197725,0.002048859372735,0.9230884,0.6258463859558105
0.0004148644281421,7.02428191098137e-05,0.0028101400239393,0.0007898809574544,0.0032186182385007,0.0006802246523962,0.01428624,0.0034500302188098,1.0223789,0.6527408492565154
0.0010999839619188,0.0002061086015267,0.0006769292522221,0.0031102568113601,0.0228997540852125,0.0042154098141537,0.012201886,0.0024835234507918,1.2001333,0.6319495022296906
0.0003749331865707,7.955838739379583e-05,0.0075825345702469,0.0021726586855947,0.0085252029045984,0.0019537390096313,0.013850607,0.0032904064655303,0.75907993,0.6440322920680046
0.0017692724695572,0.0001980207504024,0.0012127481750212,0.0020149351257714,0.0147603782857175,0.0023183527312983,0.01092027,0.0016670555248856,1.5643628,0.4088394618034363
0.0005388185893735,0.0001114952871274,0.0063509796746075,0.0041057533677667,0.015414141230529,0.0037750063774652,0.016224455,0.0031610586494207,1.4036666,0.5738120973110199
0.0033539988480878,0.0005084953605557,0.0176646783947944,0.0069531388580799,0.0307541841772392,0.0099455566386866,0.013740399,0.0029838872142136,1.5137403,0.4331591725349426
0.0023410000321123,0.0004692664175984,0.0165483141317963,0.0072458626329898,0.0278034979004906,0.0099643845462147,0.012544206,0.0028370590880513,0.78640336,0.5869927257299423
0.0005752713033033,9.059840781090908e-05,0.0061950711533427,0.0017133383452892,0.0070216367724909,0.0015465630358105,0.013310489,0.0031743642129004,0.61221695,0.5818029791116714
0.0013007144110636,0.0002259727237805,0.0013022986240684,0.0030643159366263,0.0189104815694107,0.0038565639869103,0.011849999,0.0025273601524531,1.0952883,0.6292978936433793
0.0011604492458848,0.0001525378438844,0.0096089839935302,0.0015145624242722,0.0052827225968297,0.0012661904560336,0.015049234,0.0034337921440601,1.4036535,0.5179253816604614
0.0006037709619279,0.0001244455033857,0.0069845570251345,0.0053935496672056,0.0181653567503101,0.0050323148835648,0.012803935,0.0031931241974234,1.2113156,0.6421841830015182
0.0012351986901237,0.0002030226093185,0.0085526299662888,0.0031507387757301,0.0136665039163182,0.0034715842512289,0.014107656,0.0033122303709387,1.1075437,0.614694773554802
0.0009306508797945,0.0001443927981902,0.0126802385784685,0.0017381646856665,0.0050781547326509,0.0012814908187185,0.014615698,0.0033665188960731,0.8291867,0.6081645476818082
0.0018841430949762,0.0001651807500021,0.0144641222432255,0.0040555326268076,0.0177495646647065,0.0044361565365867,0.0144444,0.0031387410126626,0.2435933,0.2588197474181652
0.0016904257673604,0.0003388736072909,0.0154717331752181,0.0078057721257209,0.0269210698564947,0.0093063310280294,0.013242233,0.0032403029687702,0.9285942,0.6206601136922836
0.0028112706674757,0.000479636746734,0.0329480357468128,0.0062362710386514,0.0211480937487652,0.0075787216528273,0.013006368,0.0031580283865332,0.6936776,0.5172340562939644
0.0049676895470799,0.0010220220352427,0.0965610295534133,0.0402063820511102,0.1060137385808967,0.0523732667650649,0.015007047,0.0022021354548633,0.5995822,0.5112270340323448
0.0011329671262677,0.0001694159330444,0.0014069732860662,0.0020626269570129,0.0113422775010706,0.0022291528648999,0.011803973,0.0027118193916976,1.0968469,0.5999130010604858
0.001291970170179,0.0002060223682482,0.0002222729599452,0.0017465863072629,0.0241312691019804,0.0030403167338995,0.014079982,0.0018650037236511,1.3857839,0.5400922298431396
0.0011987682459918,0.0002350157321188,0.000150369181938,0.0015836626426516,0.0344264074659603,0.0038801330019687,0.012596044,0.0015488358400762,1.1006343,0.6351318860054014
0.0017862274041074,0.0001817342201638,0.0124787976965308,0.0027643309906125,0.0117354219653036,0.0028229357197696,0.015398636,0.0032296638563275,1.6417788,0.3457845735549927
0.000559316395279,7.218562965961872e-05,0.0018851029453799,0.000472717040684,0.0017562581066975,0.0003501642606505,0.013225087,0.0031937749311327,0.7747443,0.6111370575428009
0.0013456073551833,0.0002694330383585,0.0041957665234804,0.0059504301207198,0.0296092734210549,0.0074367501090327,0.012619313,0.0029199813120067,1.1688142,0.6317960107326506
0.0003163385320671,6.763150149131664e-05,0.0014846975682303,0.0014293562344391,0.0060097397420384,0.0011687349008268,0.012073056,0.0029715847410261,1.1212038,0.6648594629764555
0.000444338147119,9.793926246751864e-05,0.0032173010986298,0.0032702201754727,0.0136480658206008,0.0030638085439335,0.012982272,0.0031488253735005,1.1992244,0.643181174993515
0.0009450197424728,0.0001495285393091,0.0060191235970705,0.0018935868982225,0.0084342064590238,0.0019283155404167,0.013770718,0.0033706390671432,0.9771932,0.6242424547672272
0.0014826124326087,0.0002539066052106,0.0068107955157756,0.0067292163657839,0.025659912567674,0.0075601145797307,0.012352609,0.0029645995795726,1.4021344,0.5356366622447968
0.0035975095582615,0.0005979686073786,0.0523558594286441,0.0104682929813861,0.0315809854562613,0.0110351535279167,0.015259877,0.0030334950610995,1.3760326,0.4966597557067871
0.0014960785427298,0.0002295367557314,0.0004150572640355,0.0018823577556759,0.0188366701272274,0.0028615425070131,0.014078564,0.0021764956414699,1.2602015,0.5567243695259094
0.0007039808600549,9.391913515669208e-05,0.0002053927455563,0.0007034722933258,0.0060407449526274,0.0007364223943344,0.011450074,0.001834463328123,1.361813,0.5578216791152955
0.0002162415761719,6.221243519667088e-05,0.0014509161701425,0.0013774604952777,0.0061164371564804,0.0010521446288473,0.011645976,0.0023905476555228,0.9808843,0.6757946026325226
0.0013371430900151,0.0002339631397881,8.922139386413619e-05,0.0009759428752659,0.0269589840284796,0.0028618438337363,0.013815889,0.001499134581536,0.72935295,0.5806224921345711
0.0013366340529488,0.0001967003832815,0.007044966565445,0.0018393711838871,0.0082138437249447,0.0019186177972563,0.014389599,0.0033507561683654,1.0985878,0.588455838561058
0.0012251243789359,0.0001846170367267,0.0172489341348409,0.0032323789782822,0.0105813024403167,0.0029099428858378,0.0129212625,0.0032532880455255,0.58311665,0.5270861396193505
0.0015504230999018,0.0002518364577736,0.014747797511518,0.0031813420169055,0.012771413803542,0.0032414239754594,0.015474665,0.003207836356014,0.99781215,0.5947287529706955
0.0019309528328241,0.0003465873637906,0.0063905282877385,0.0051715051208157,0.0206764400860646,0.0063121235882515,0.013738065,0.0033704186789691,0.9332939,0.5844558918476106
0.0003035066015056,7.255415581401648e-05,4.269877717888448e-05,0.0002920619936548,0.0077607150273524,0.0006754957708111,0.013725143,0.0019778935238718,0.8239039,0.6567044934630394
0.0007691623179179,0.0001327887787224,0.0043171951547265,0.0032410358544439,0.0121196839720291,0.0030377800243565,0.013505265,0.0033574649132788,1.2557498,0.62041357755661
0.0011323970779075,0.0001986756077922,0.0005832078750245,0.0023816609453206,0.0196266307195256,0.0032768646643197,0.013374148,0.0024976223707199,1.0862806,0.631531286239624
0.0015588399138063,0.0002830209037421,0.0069989585317671,0.0066351941495668,0.0264043310476389,0.0074502248478085,0.011852618,0.0027009063400328,0.6113642,0.5527325198054314
0.001676963384417,0.0002319000303199,0.008623365778476,0.0024069483950734,0.0111076573828432,0.0027200534770464,0.014102244,0.0032689841464161,1.2620025,0.5213746619224549
0.001063618766434,0.0001766867158125,0.0078152162022888,0.0030284123495221,0.012754955948763,0.0031722679760813,0.0138159245,0.003363458905369,1.1464059,0.6152834159135816
0.0006137410915711,0.0001017214391621,0.0082185743376612,0.0012829275522381,0.0042601373925123,0.0009845459930539,0.014625662,0.0033513158559799,1.0375448,0.6510426253080368
0.0012281695061996,0.0001979672036817,0.0034461028408259,0.003649865478801,0.0177258450174599,0.0036663566966866,0.01113483,0.0019705530628561,0.67627496,0.5704378485679626
0.0009618646723381,0.0001473448473533,0.0105238370597362,0.0020576135255396,0.0077818416919758,0.001886223852227,0.014439886,0.0034085939079523,0.7378513,0.5941317227482796
0.0013951766675545,0.0002411324720083,0.0260570188984274,0.0041773244738578,0.0102963796744868,0.0032705482341529,0.013821201,0.003351789843291,1.0865504,0.6111661875247956
0.0011936501323591,0.0002450327887415,8.394604810746387e-05,0.0009718287135365,0.053668418079954,0.0052944565575234,0.015438859,0.0017042790167033,0.8993388,0.6394934481382369
0.0083860979982685,0.0014415036683789,0.1185932345688343,0.0249797697365284,0.1619135265261717,0.0483740939022565,0.018240642,0.0012578961625695,0.88158476,0.4529013633728027
0.000798470400061,0.0001462396910439,0.003369528800249,0.0040058357189991,0.0174718742847829,0.0040682570532495,0.012244432,0.0030485177412629,1.2488081,0.6280420374870299
0.0008393352852358,0.0001484241850384,0.0116586750373244,0.0033719795756042,0.0134949125049389,0.003285784891165,0.015431541,0.0032430523261427,1.2967422,0.6061412084102629
0.0013389387701508,0.0002706250312288,0.0004459263582248,0.0041049674763326,0.0389852239152572,0.0063813527203569,0.011918656,0.0017265258356928,1.1368135,0.6314437240362167
0.0014614099120194,0.0001530812886606,0.0070530911907553,0.0013239306863397,0.0056642601799181,0.0012789722798364,0.014450715,0.0033566621132194,1.5316625,0.4173142313957214
0.0014510601502173,0.0001530065103135,0.0063729304820299,0.0007829710934311,0.0023520947530673,0.000525361402971,0.014995005,0.0033109746873378,1.3635349,0.4768171298503875
0.0014135680054992,0.0001764093539465,0.0066623138263821,0.0012190826144069,0.0051966958983507,0.0011592217013989,0.013988558,0.0032843546755611,0.73328394,0.5183113366365432
0.0014037456590131,0.0002859348666741,0.0002532284415792,0.0028242028316435,0.0375081986265938,0.0052946873306734,0.0126426285,0.0017005946859717,1.036044,0.6429156213998795
0.0024449110463981,0.0005703931808567,0.0679871439933776,0.0238124760985374,0.0589594424847656,0.0255054615871831,0.014521193,0.0031122039072215,1.057881,0.6373828834295272
0.0032378702137566,0.0007716821395689,0.0436148922890424,0.0402403536485508,0.1015113214261937,0.0479038406270013,0.0124058975,0.0018124806322157,0.61881447,0.5762677565217018
0.0008711805208043,0.0001403814513826,0.0055612816940993,0.0021439248882234,0.0096844660172719,0.0022134498622996,0.013797198,0.0033867405727505,0.84664387,0.622805778980255
0.0011036650020246,0.0001721417250921,0.0060370219871401,0.0033543619792908,0.0140039009978998,0.0035438167731717,0.014050066,0.0033656079322099,1.3519343,0.5578867554664612
0.0013593609673418,0.0001829739502812,0.0111391143873333,0.0034921220503747,0.014899609634971,0.0036925383942695,0.012620289,0.002887487411499,0.48218918,0.448498277068138
0.0007236208933518,0.0001105648307363,0.0031139876227825,0.001361810369417,0.0062598201548085,0.0013131824295358,0.013669154,0.0032476806081831,1.1474012,0.6385696643590927
0.000551605521883,9.707960882561636e-05,0.0013867320958524,0.0019369313820061,0.0103787433536258,0.0019819666298355,0.01342638,0.0031278096139431,1.4420161,0.537429541349411
0.0030877471819907,0.0004059592476017,0.0178182329982519,0.0036419364623725,0.0184476575284259,0.0046135042483758,0.016194375,0.002755382861942,1.2699999,0.4533538341522216
0.0034712838789289,0.0007658470453545,0.007196869701147,0.007649484086869,0.0470635197081663,0.0136446718312341,0.0104697505,0.0006813793070614,0.9778881,0.6291070598363869
0.0026212260177685,0.0006535468980767,0.0003914375265594,0.0077323599189185,0.1276244756309839,0.0224793098847216,0.011310529,0.0010908832773566,1.0867046,0.656304344534874
0.0008206403299735,0.0001052887117601,0.0049998359754681,0.0009711857419461,0.0038025676499432,0.0008106121676601,0.0148212,0.0033241571485996,1.390505,0.5398961663246156
0.0028293319968149,0.0006329011747018,0.059358175843954,0.0261248052120208,0.0750049618650555,0.0318963562524967,0.016111339,0.0023639426007866,0.8977131,0.6187647008895868
0.0034764206850372,0.0006812478031581,0.0003146130475215,0.0039079524662247,0.0886036735586817,0.0132603674095081,0.0127073135,0.0011264118365943,0.69398475,0.5265003338456152
0.0004892603347566,9.979310169511168e-05,0.0038912676973268,0.0030961127430782,0.0129030657553919,0.0028540516024308,0.015756117,0.0031733296625316,1.4245384,0.559117317199707
0.0008875053712086,0.0001446215702947,0.0097604803740978,0.0030465246364474,0.0126696004304648,0.0029434869867133,0.012214876,0.0028332476504147,0.6292759,0.5671423369646069
0.0040074348983879,0.0007311389034506,0.0651971399784088,0.0139196085184812,0.0541347541766053,0.016377728350242,0.0174465,0.0019823827967047,0.86493385,0.5168425589799881
0.0007958457974004,0.0001587119750662,9.166629752144216e-05,0.0007774166065246,0.0263940640919469,0.0023171382934863,0.015548845,0.0016592469625174,1.0394512,0.6612949615716934
0.0010955356876428,0.0001456867502867,0.00480098859407,0.0010449478868395,0.0044251863631655,0.0009487176526957,0.014563237,0.0033157478272914,0.9268784,0.5791992372274397
0.0014529323593061,0.0002011119437226,0.0073915626853704,0.0013738410826772,0.0057064165404159,0.0012934013958268,0.0135072,0.003252114560455,1.0100579,0.5713017141819
0.0016326069517702,0.000301236499523,0.0015777946682646,0.0051623661169469,0.0342543940338486,0.0072011490299318,0.011935312,0.002154890820384,1.3455322,0.5710638391971589
0.0025479354298198,0.0004421949786039,0.0001565392012707,0.0019311834267318,0.0379784081701664,0.0053630672230144,0.012685349,0.0013060956262052,0.7862226,0.5376204699277878
0.0014184559549563,0.0001976517805388,0.0120317870751023,0.0020835711248219,0.0086037608042843,0.0018798614164969,0.015995853,0.0029874486289918,1.2676513,0.5486901545524596
0.0004016691246993,7.227723501892808e-05,0.0027391120092943,0.0010637240065261,0.0047379813816801,0.0009634732070015,0.014263463,0.0033545516617596,1.0221992,0.6565563529729843
0.0018390317191525,0.0003617528063806,0.0262343734502792,0.0074471654370427,0.0265762528496712,0.0086679538465209,0.014283301,0.0032580696232616,1.0496019,0.6246687853336335
0.0003338141393291,6.857883991421383e-05,0.0002732962020672,0.0009529658904466,0.007602177741261,0.0009892891415003,0.011802025,0.0022540977969765,0.9287112,0.6599544513225555
0.0003582121859727,7.772804501844839e-05,0.0021743909455835,0.0021439749361888,0.0087203110617915,0.001888340798521,0.012870571,0.0032434391975402,1.1391422,0.661889061331749
0.0017113745370613,0.000164685452457,0.0050922031514346,0.001127092288807,0.005362956556696,0.0011197141263339,0.014713062,0.0031954855658113,1.5059235,0.4088913202285766
0.0017798515595277,0.000168914663306,0.0080950064584612,0.0010352896060794,0.0037012344894684,0.0008162126613999,0.014186292,0.0031628642603754,1.4808874,0.4054467248916625
0.001443300823739,0.0002873931495777,0.0299473255872726,0.0082200874015688,0.0252280242829007,0.0083701167167049,0.014935297,0.0033316826447844,1.0491104,0.6429812949895859
0.0005371629726403,8.756800662047316e-05,0.0047942539677023,0.0013603708706796,0.0056606994676727,0.0012500634760867,0.015206879,0.0034948538057506,0.75438493,0.6270276996493337
0.0005085880247293,9.03970343809604e-05,0.0066349357366561,0.001689211949706,0.006770160537215,0.001511083748789,0.014221679,0.0033148737996816,0.8177638,0.6502591669559479
0.0007654698933122,0.0001004930255978,0.0056574526242911,0.0020058454945683,0.0087703803668596,0.0019456483220132,0.013284253,0.003259168472141,0.44724438,0.4648294366896152
0.0005425793745953,0.0001354660042076,0.0040912833064794,0.0074066841016247,0.0350953440479359,0.008141288635807,0.013543455,0.0029173274524509,0.92100567,0.6675441116094589
0.0028510658012411,0.0004348096217708,0.0206777304410934,0.0068556576035916,0.032931754825865,0.0088893372899965,0.016113989,0.0026158299297094,1.3718108,0.4868901371955871
0.0023302492091181,0.0004678363041474,0.0130630834028124,0.0086695539066568,0.0298831595703697,0.011303806765858,0.014053498,0.0031623790599405,0.6953478,0.5623388215899467
0.0015523898429173,0.0001765232183601,0.0086414450779557,0.0016996983624994,0.0076223899330253,0.0016325339780137,0.015692847,0.0030552352033555,1.4768767,0.4494427061080931
0.0006928807156465,0.0001126032930845,0.006989961490035,0.0018019114341586,0.0074924413814394,0.0016872332348263,0.014183181,0.0033325442671775,0.7635646,0.6143955960869789
0.0010236883947235,0.0001976780905406,0.0024294605245813,0.0048182323553191,0.0275526489961614,0.0054682560469763,0.011242128,0.0017932257615029,0.7907394,0.6325595465302467
0.0014279197340783,0.0002602677411612,0.012716207653284,0.0072886880952864,0.0251320340864898,0.0081716380308245,0.013162902,0.0032259166799485,1.2793031,0.58498340010643
0.000525803736341,6.779819045188993e-05,0.0008600624860264,0.0008174620670615,0.003744956428372,0.0006045811814708,0.011621453,0.0024185734800994,0.5365485,0.526442982852458
0.0010872615789565,0.0001202991780089,0.00271573709324,0.0018051516090054,0.0075882187748183,0.0016885209879082,0.01336403,0.0034145560488104,1.5862637,0.4064967513084411
0.0012838887415794,0.0002221648367258,0.0002827994758263,0.0021387612468333,0.0268265494359238,0.0035717923555807,0.014594001,0.001922620460391,1.2107999,0.6054389965534209
0.0014400831623522,0.0001926656073692,0.0053193587809801,0.0019022340886294,0.0091507713911187,0.0020993585881107,0.013949155,0.0033148951083421,1.2764976,0.5271183347702026
0.0013134375900642,0.0002133520387911,0.0060861348174512,0.0042586062918417,0.0187459667283301,0.0044285377361922,0.011480022,0.0023845136165618,0.6644678,0.5630976259708405
0.0009049944702733,0.0001763475933037,0.0097243948839604,0.0067243655584752,0.0215915158677421,0.0066655371355054,0.013654457,0.0032932215742766,1.111386,0.650629073381424
0.0056150033285143,0.0011585315982789,0.0964973196387291,0.0299312286078929,0.1283402288522703,0.0417191680380494,0.017903186,0.0015584155917167,1.0171005,0.5475063174962997
0.0014213799538971,0.0002052522562707,0.0055562648922204,0.0019531848095357,0.0094479628577952,0.0021274711649286,0.012753151,0.0030669076927006,1.0802368,0.5701784402132034
0.0002106231481669,7.21632683132491e-05,0.0008009281009435,0.0018517503749535,0.012826294163178,0.0018299769434593,0.011282934,0.0019419149681925,0.84512836,0.6614333689212799
0.0014782348524837,0.0003056060729974,0.0116159254685044,0.0175693452838459,0.0864555560101177,0.0226357905242716,0.016348174,0.0020732157304883,1.3019335,0.6085295879840849
0.0032343501790948,0.0003841286961455,0.0284264478832483,0.0090745232999324,0.0500473456899079,0.0111592763556337,0.017368004,0.0019454872235655,1.6021802,0.3745011687278747
0.0009291237936411,0.0001655414818029,0.0002573879901319,0.001722891074005,0.0160099153731449,0.002405940122824,0.01220922,0.0021839654073119,1.0819985,0.6420645999908446
0.0013867156232364,0.0001870991940825,0.0032075768103823,0.0021107339707668,0.0093067153123093,0.0022497980970122,0.0140249,0.0035773514211177,0.7238553,0.531032439470291
0.0017464956634202,0.000225311100082,0.0135899353772401,0.0037417969666421,0.0165007380618833,0.0040658698853282,0.015832037,0.0031277827546,1.5066056,0.4524869692325592
0.0018741060045489,0.0003607908343508,0.0195827353745698,0.0069716351293027,0.0255866484091872,0.0083085218845105,0.013975954,0.003283895086497,1.0956577,0.6068954640626908
0.0017597580559268,0.0002442089425892,0.0049337050877511,0.0022199429292231,0.0104406563702041,0.0026349405163947,0.015118659,0.0034649173356592,0.96296865,0.5379764437675476
0.001437186261592,0.000200765643141,0.0090050278231501,0.0015490238182246,0.0061456846560992,0.0014526351515566,0.014622157,0.0033761358447372,1.0556352,0.572408396601677
0.0039219066427608,0.0008504162880667,0.0218218527734279,0.0084442757442593,0.0382995654513595,0.0147458937494266,0.012405929,0.0025221592932939,1.0611837,0.5886975526809692
0.0011405065763986,0.0001757936477836,0.0099879186600446,0.0018850560300052,0.007428776954258,0.0017698710910817,0.014440776,0.00333351502195,0.8347646,0.6085146218538284
0.0005823881770294,0.0001149541357342,0.0151999602094292,0.0031673978082835,0.0108714157242615,0.0027359409870872,0.0153301535,0.0032465758547186,0.9170766,0.6608175605535507
0.0016101637166215,0.0001719353143802,0.0058940798044204,0.0011732059065252,0.0052560961236836,0.0011785235503061,0.014691979,0.003424420915544,0.6097206,0.4370989778637885
0.0009421174187824,0.0001631433751988,0.006349978968501,0.0035123439831659,0.0138685170533697,0.0036149032021769,0.012812721,0.003199441358447,0.8642144,0.6381241828203201
0.0018327092090915,0.0002598127581787,0.005639829672873,0.0033558185677975,0.0146690593110365,0.0039169096054333,0.013178404,0.0031227095238864,1.2635777,0.517764538526535
0.0012700056728901,0.0001846543249577,0.0108642447739839,0.0020125065371394,0.0082904333912846,0.0018247222276648,0.0159848,0.0030409507267177,1.1725063,0.5815409719944
0.0007953738715892,0.0001128676804692,0.0006961007602512,0.0012911763089323,0.0079509869247058,0.001307652673788,0.011831134,0.0025781407020986,1.2447096,0.5905660390853882
0.001389345128973,0.0001037867667524,0.0057330599520355,0.0007610449101775,0.0028182073889835,0.0006019605028906,0.014930537,0.0032877214625477,1.7136635,0.2919870591163636
0.0005157715658267,8.71444319098403e-05,0.0046878200955688,0.0011246434878557,0.0046071045607758,0.0009784140764787,0.014307324,0.0033287336118519,1.1680827,0.6400797325372696
0.0019073118762559,0.0001953227454693,0.0054858792573213,0.0012287414260208,0.0058872049642277,0.0013039555246483,0.013903914,0.0032609603367745,1.4087225,0.4288323032855988
0.000407612698053,7.783792046396577e-05,0.0009788168827071,0.0013902067784874,0.0075833171964041,0.0013838523454913,0.013281434,0.0032780240289866,1.0127478,0.6631120800971985
0.0015343846086298,0.0002598573299209,0.0016452356940135,0.0033162292890847,0.0203142531950061,0.0044187321729016,0.012012419,0.0026615504175424,1.1485848,0.5924314475059506
0.0023288357993911,0.0003486861493781,0.0170241668820381,0.0032372339628636,0.0136474484215718,0.0039127338971255,0.013347309,0.0033200536854565,0.8348286,0.5098427325487137
0.0012880834768622,0.0001896198521599,0.0068332119844853,0.0021666660904884,0.0103197587994199,0.0022972189961339,0.015195107,0.0032125658169388,1.2519088,0.5762751090526581
0.0019607960168201,0.0002360691993158,0.0080966372042894,0.0024111371580511,0.0112675353969168,0.0027670240138404,0.013363672,0.0032356078363955,1.4388373,0.448303610086441
0.0010209956241786,0.0001770841407394,0.0013521250220946,0.0028950098314817,0.0170111064955871,0.0034547419235682,0.0125480555,0.0030225487425923,1.1468592,0.6237833350896835
0.001146824972808,0.0001437892378396,0.0091822235845029,0.0020906684361398,0.0095985534807797,0.001945334363757,0.016468536,0.0028463884070515,1.5368433,0.4475735199451446
0.0007042032335289,0.0001091068921821,0.002590594580397,0.0018310852465219,0.0072873635679463,0.0016115787382899,0.01326326,0.0033776324428617,1.1329328,0.6310194432735443
0.0009544457265324,0.0001688753252025,0.0002737224858719,0.0016966187692105,0.0183017110259402,0.0024124572917241,0.011865355,0.0017856926657259,0.84112805,0.6290411800146103
0.0016866472543612,0.0002334859008021,0.0088108694180846,0.0024126456025987,0.0111473080152672,0.0027474278229642,0.013872533,0.0033206907100975,1.3535777,0.5164959347248077
0.0009996091484073,0.0001569518539008,0.006811726372689,0.002671803580597,0.0118692815035625,0.0028319910489256,0.013245246,0.0032227858901023,0.6497443,0.5707030966877937
0.0017670128123614,0.0002898044617041,0.0065795551054179,0.0051530444563832,0.0202358631469835,0.005861506872736,0.0130750695,0.0032251251488924,0.6433526,0.5255244582891461
0.0005673020532043,0.0001039163118381,0.0089660454541444,0.002352699805051,0.0092019655585931,0.0021259818653283,0.015582299,0.0033051382936537,1.4444983,0.53996915102005
0.0007450719805018,0.0001337282954933,0.0090309372171759,0.0027676920965313,0.0110129289789731,0.0026778829826036,0.013707607,0.0032813664898276,0.99069536,0.652636342048645
0.0008098782238718,0.0001415043219794,0.0043422551825642,0.0041825212433468,0.0158654427734528,0.0040328250493676,0.012797634,0.0032946760766208,1.244331,0.6109895527362823
0.0013034188409293,0.0002025156676107,0.010446386411786,0.0027242622058838,0.0117203867977666,0.0027859114404973,0.015031746,0.0031663009710609,0.807038,0.5771309888362884
0.0022305260501202,0.0003151557243884,0.0190599095076322,0.0029058606550097,0.0111864265575226,0.0028892776579651,0.015539488,0.0031074071303009,1.1591783,0.5113692581653595
0.0065269286513007,0.0006701640359546,0.0268583260476589,0.030259215280239,0.1761367395610389,0.0434633768087362,0.017401341,0.0012295952066779,1.7361608,0.2829765677452087
0.0011186167115205,0.000125236218113,0.0015357062220573,0.0020441396809474,0.0121296068025002,0.0019784058010097,0.011288272,0.0021337732113897,0.42511785,0.4147359728813171
0.0015784441358197,0.0002247368363717,0.0093214120715856,0.0018112794496119,0.0076707525740742,0.0018526265433676,0.0141876405,0.0033413413912057,0.9895971,0.5640070867538453
0.0004981536139121,9.84939373948298e-05,0.0059968717396259,0.0034550477284938,0.0133346599192105,0.0032884532864245,0.012781704,0.00312833301723,0.79569685,0.6428987571597097
0.0031329709569729,0.0005354872834542,0.0196183826774358,0.0054095708765089,0.0242072486642485,0.0079482711653617,0.015398702,0.0030906415171921,0.8567457,0.5219641548395157
0.00175085477712,0.0002721964895668,0.0026884723920375,0.0031994988063524,0.0160628548730971,0.0037675068073417,0.011604184,0.0027208905667066,1.1400334,0.5671336233615876
0.0013476125621549,0.0002984541176586,0.0299152191728353,0.0198896336834877,0.0554041626295997,0.0213530359624534,0.015385608,0.0028586704283952,1.0527298,0.6470791399478912
0.0030204020269828,0.0005941372825933,0.035629890859127,0.0211111265420913,0.0621499245057516,0.0268221793467825,0.011292359,0.0016176854260265,0.44082332,0.4831322282552719
0.0011464180032499,0.0001585167236134,0.0038867926923558,0.0014600356807932,0.0069794423791537,0.0014924732028895,0.014847299,0.003278920892626,0.84274197,0.5780139076709746
0.0004106405788576,7.940669493614614e-05,0.002984216902405,0.0017011851654388,0.007135146528801,0.0015801852726177,0.013308902,0.0033821486867964,1.0813024,0.6610671281814575
0.0008158337297402,0.0001206959138303,0.0059918798506259,0.0011905734427273,0.0047304449131962,0.0010339018647186,0.014680713,0.0033721699379384,1.1560209,0.6203546363115311
0.0014646317105763,0.0001760947673335,0.0048364684917032,0.0014456233149394,0.0072166737065136,0.0015164323609362,0.013217207,0.0029745284095406,0.6431681,0.4843399748206138
0.0004726464329111,0.000101376502183,0.0049538142047822,0.0039424690767191,0.0137699914492121,0.0035880668258018,0.0140239885,0.0035363031551241,1.238933,0.6382664191722868
0.0022732013532984,0.0004642494599634,0.0003222762607038,0.0032981736046895,0.0611254656138533,0.0088811876402596,0.0110658435,0.0009319366700947,0.6800951,0.5799474808573724
0.0012352402969377,0.0001740561392902,0.0059343709144741,0.0015754668414592,0.0071893567864562,0.0016290144114666,0.014301131,0.0033610872551798,0.86060995,0.5703158873319625
0.0015271059265056,0.0002537687807026,0.000499433313962,0.0032407584458269,0.0286384080500202,0.0048530952879568,0.012855548,0.002203930914402,1.3894898,0.5384168922901154
0.0008513361606774,0.0001583734198157,0.0068187154829502,0.0048382157017476,0.0176130549709178,0.0047375955902716,0.012578036,0.0030113644897937,0.9675615,0.6541671782732009
0.0015157697640143,0.0002474843584465,0.0030853134812787,0.0031471609509026,0.014830909181284,0.0037218452051836,0.0129053155,0.003286852966994,0.89753646,0.5834189802408218
0.0016029296003608,0.0002439271769711,0.0018569217063486,0.0033447701189288,0.0203733714867167,0.0043924229366645,0.01288689,0.0028927808627486,1.3867769,0.5139061200618744
0.0017315540500056,0.000240210659019,0.008910353295505,0.0021552387718111,0.0100056067035159,0.0023329632420744,0.015276402,0.0031646941788494,1.2043581,0.5422866582870484
0.0041808140376835,0.0011873101109261,0.0276858136057853,0.0258731584297492,0.0887587361175104,0.0401811273379543,0.010548824,0.0006451963819563,1.0242594,0.7126392936706543
0.0049347910253457,0.0011082951018915,0.1628342270851135,0.0487977071106433,0.0663467191837767,0.0595540593001036,0.0149460975,0.0028548939153552,1.1308212,0.5951887905597684
0.0068193282866509,0.0008745453072197,0.0754353106021881,0.0462360971048474,0.1645608803561939,0.0607985322044789,0.01506261,0.0013050685077905,0.3359666,0.3279653199017046
0.001010490084665,0.0001448797384268,0.0016786432825028,0.0021506403054809,0.010921721162997,0.0022538199395133,0.012361195,0.0031304345466196,1.3334777,0.5583988869190216
0.0007448488380113,0.0001132951134646,0.007795539451763,0.0016547256242483,0.0064213056648402,0.0014930343799683,0.013778446,0.0033694902807474,0.67843354,0.5803371742367744
0.0008476510617545,0.0001494122666281,0.0010051748831756,0.0026557131972549,0.0189256372715591,0.0032582270074504,0.014153973,0.0027281478978693,1.3291836,0.5931452512741089
0.0009702802772998,0.0001525195894125,0.0097860381938517,0.0022109043784439,0.008707531460755,0.0020950574017059,0.014415018,0.0033788993023335,0.71341395,0.596649571955204
0.0013143377093128,0.0002014803428074,0.0016858661547303,0.0026637423333158,0.0164910687976073,0.0030690065399587,0.0114118755,0.0022092907875776,1.3135314,0.5677346146106721
0.0009846890267036,0.0001897845661361,7.757978892186657e-05,0.0007388354446811,0.026538778339613,0.0025153730196846,0.012559228,0.0014691088721156,0.86886555,0.6352811926603317
0.001242997539908,0.0002102102367563,0.0012112102704122,0.0030667895183978,0.0205508160881117,0.0038169177767426,0.01162742,0.0022260442562401,0.70348716,0.5774864614009857
0.0077147139874945,0.0011843727255722,0.1584525629878044,0.0312812504172325,0.1241825162963512,0.040674166819347,0.017602097,0.0018033428490161,1.5130347,0.4020765900611878
0.0035443068171048,0.000824230536275,0.0138029139488935,0.0457514666522911,0.2508846790497794,0.0720852237723607,0.016563548,0.0017547180689871,1.1878536,0.6241258382797241
0.0011252200746748,0.0001865705858584,0.0001069950376404,0.0009284143593504,0.0349659866549752,0.0030650229740238,0.01731159,0.0014556119963526,1.3365284,0.5759994387626648
0.0011763678253327,0.0001944439008915,0.0090379305183887,0.0029159205406904,0.0129416364006165,0.0031640354169379,0.013721112,0.003305313643068,0.8184227,0.6073215556144713
0.0010298754871743,0.0001496062390454,0.0101275239139795,0.0021109564043581,0.0082748203442308,0.0019880800067807,0.013438146,0.0032589800283312,0.60657895,0.5413216805458069
0.0010716174504451,0.0001883418385947,0.0037862011231482,0.0041880090069753,0.0184624252883403,0.0043763108978725,0.012307633,0.0029646670445799,0.7947159,0.6187219023704529
0.0011370995291673,0.0002179069788859,0.0096432166174054,0.0064063725061714,0.0237878521231438,0.0065164767565829,0.011521147,0.0022505566850304,0.8236178,0.6322940474748608
0.0018765087952303,0.0003562763204526,0.0275242663919925,0.0097417152673006,0.0304261982673924,0.0111789108054553,0.013704297,0.0031166427768766,0.65374756,0.5531475287675856
0.0006911194651518,9.083682738605676e-05,0.0045807375572621,0.0008974976371973,0.0035775257469515,0.0007377197338726,0.014805689,0.0032631446793675,1.4943966,0.4938611042499542
0.0034688108596048,0.0008165442248694,0.0279508363455533,0.0214608572423458,0.069672005181375,0.0293310665867204,0.012230572,0.0020618322305381,1.2731647,0.6272376775741577
0.0010303387854689,0.000133825098718,0.0029557428788393,0.0013674931740388,0.0067144207139206,0.0013637219465342,0.013025862,0.0031294542364776,0.6241972,0.535539299249649
0.0005322555050107,9.055332716328056e-05,0.0070878444239497,0.0012710264418274,0.0044219135001477,0.0010082034109666,0.014477893,0.0033615208044648,1.3311348,0.5902152013778688
0.0011810875291047,0.0001787126371983,0.0047486112453043,0.0041888941013894,0.0177762327760909,0.004474310244814,0.014627263,0.0033324849791824,1.4218929,0.5181563878059388
0.0009899572973626,0.0001701793577554,0.0063560232520103,0.0041337288590148,0.0150118356454571,0.0041166665935942,0.014666672,0.0034616897627711,1.1779333,0.6166667294502259
0.0014805381756851,0.0001442426986451,0.0071604633703827,0.0021149580925703,0.0104689015237348,0.0021381213168112,0.015960233,0.0029781814478337,1.6628655,0.3352956771850586
0.0019714975241503,0.000407674659552,0.0124256070703268,0.0123731083367601,0.0466585519046928,0.0152685730049445,0.012608719,0.0027486439794301,1.3431691,0.5927651524543762
0.0003202518503439,6.229151773468446e-05,0.0007653252687305,0.0010722540148708,0.0055626151690064,0.0009849295363978,0.012404296,0.0030698325112462,0.8911227,0.6699370294809341
0.0007186587783938,9.617494704004653e-05,0.0036498492117971,0.0009664347860962,0.0041338477998403,0.0008905491825769,0.014305498,0.0035010779649019,0.6168754,0.5483597353100775
0.0007976659540913,0.0001150391044278,0.0056581422686576,0.000993574457243,0.0037290634742588,0.000802099983211,0.014299771,0.0032821203954517,0.92495036,0.6253653454780578
0.0006231059567143,0.0001103677447168,0.0060766183305531,0.0019737288821488,0.0082114136720524,0.0018884482506775,0.013957638,0.0034773075021803,0.9708961,0.6657751053571701
0.0010546625854541,0.0001659978500411,0.0038894299650564,0.0037341132774599,0.015812726276516,0.0036236319346223,0.011908967,0.0027413710020482,1.3804855,0.5517362356185913
0.0004094719026448,9.658286207743092e-05,0.0133912516757845,0.0027479631826281,0.0093508705333527,0.0021969367644169,0.016016174,0.0030845367163419,1.3712404,0.5880681860446929
0.0019589217240933,0.0002818443098147,0.0109277488663792,0.0088887286547105,0.0369628908356123,0.0102084441006782,0.015437102,0.0027842107228934,1.5730375,0.4203251004219055
0.0024031193447874,0.0003626043428894,0.0239730346947908,0.0040659836679697,0.0148713850368552,0.0042717117150937,0.015300479,0.0032385661453008,1.2000985,0.5195683026313782
0.0002501358384117,5.7709582071437896e-05,0.0012465051258914,0.0008706596418051,0.0034428774076131,0.000671243499407,0.0126672955,0.0030159405432641,1.0441313,0.6783285439014435
0.0010666751406455,8.770205411605956e-05,0.0030722896335646,0.0007265472738072,0.0031694543234207,0.0006517482343595,0.014110984,0.0033644237555563,0.3406656,0.3403548747301101
0.0004731907004971,8.460946218841713e-05,0.0042774183675646,0.0017911660531535,0.0077873580970306,0.0016725918290745,0.013068596,0.0032184399478137,0.760806,0.6316395750641823
0.0010581464049189,0.0001838406249862,0.0057898070663213,0.0050571399892214,0.0193964897103054,0.0050565355779419,0.012236673,0.0030846609733998,0.7381499,0.598324756026268
0.0004747895190799,8.386635471854245e-05,0.012930957134813,0.0023521104454994,0.0074300229409294,0.0019308526154989,0.013932735,0.0033936866372823,0.5345611,0.5549170672893524
0.0004715996580595,6.65449381535056e-05,0.0005765010719187,0.0005949015758233,0.0026835539224602,0.0004512309635973,0.0126489485,0.0028931190818548,1.3367665,0.5857711172103882
0.0007337012626553,0.0001011332992925,0.0035288459621369,0.0007355593191459,0.0029791430531752,0.0006177526487123,0.014292825,0.0033664549328386,0.937655,0.6203314065933228
0.0012064241652532,0.0001384514004742,0.0087544871494174,0.0022317487373948,0.0099474400575231,0.0021620766113769,0.015821235,0.0030671022832393,1.6091782,0.3961046481132507
0.0007921001891533,0.0001385556812233,7.952394662424922e-05,0.0006245789666172,0.0170128998482981,0.0015490888047466,0.015648369,0.0016751303337514,1.0853397,0.6292738944292067
0.0019708335993103,0.000422982334386,0.0163539107888937,0.0130663611344061,0.0475483851337224,0.0162694638790497,0.0146020185,0.0028865761868655,1.1849623,0.6180810737609863
0.0002908054564124,7.564019584807308e-05,0.003100618137978,0.00228264562611,0.0084003394745659,0.0019913498390257,0.013954104,0.003486440051347,1.176908,0.6539492011070251
0.0010822655874924,0.0001601105874352,0.0030826453585177,0.0021102232683915,0.0090937915965409,0.0020875527179338,0.01308164,0.0034372536465525,0.9357024,0.6033468991518021
0.000456543297389,8.408369493725465e-05,0.0037217392819002,0.0015770456986501,0.0066438477095721,0.00149011269011,0.01503558,0.0034763654693961,1.3692992,0.5832485854625702
0.0015825920951587,0.000184660578308,0.0103487083688378,0.0014519609324634,0.0050189258298884,0.0012158802255565,0.014785018,0.0034656422957777,1.4274981,0.4661620330810545
0.0011201310532524,0.0001825601023622,0.0071262633427977,0.003102302243933,0.0134172000748658,0.0032482686997708,0.013796504,0.0031255716457962,0.8343278,0.6079808878898618
0.0014660447384965,0.0002022501976298,0.006006016395986,0.0040025315154343,0.0170660186669787,0.0042011107855372,0.0156106865,0.0032103457488119,1.4537346,0.4896491169929504
0.0019019007268135,0.0003415331316503,0.0046340799890458,0.0069718668637506,0.0381124417248879,0.0093525030374179,0.013375322,0.0027358621358871,1.3878183,0.5475181674957271
0.0006316936803088,0.0001222460407737,0.0063895019702613,0.0036417540628463,0.0135859790270999,0.0036172176658565,0.014149228,0.0035154595971107,1.0305022,0.6647944951057434
0.0011159051593808,0.0001993428064415,0.0008519186230842,0.0027118616084408,0.0192025240636394,0.0034629391003995,0.011385704,0.0021649696864187,0.798806,0.6190773695707321
0.0013121678443839,0.0001865795455753,0.0006676781922578,0.0017569248675499,0.0120939391453297,0.0021095415299367,0.011490127,0.0023391985893249,1.2417531,0.5657766222953797
0.0029483464421401,0.0003488040704432,0.0258076824247837,0.0080260410904884,0.0313121598854856,0.0097364451477985,0.013254374,0.0027797268703579,0.29712197,0.3139710773527622
0.0032819588607184,0.0005857512457726,0.0345780868083238,0.0132456595823168,0.0453829818583253,0.0172373178508877,0.01390239,0.002915595062077,1.4141151,0.506243155002594
0.0007763511393793,0.0001096252091268,0.0045110590290278,0.0009585789451375,0.0038275403668767,0.0008138344068926,0.014558939,0.0033634736575186,1.0934203,0.6098861247301102
0.0009341999718679,0.0001360055444245,0.0029639517888426,0.001790826790966,0.0084025358657451,0.0016837715886498,0.012013501,0.0027872718125581,0.7178799,0.5821179029345512
0.0011639841288387,0.0001610258463725,0.0054037543013691,0.0013186447322368,0.0058508529963971,0.0012784583751395,0.013642222,0.0033062610030174,0.8800649,0.5722610229253767
0.0017307311093456,0.0002171735133614,0.0019205518765375,0.0023762167638778,0.0126094613549783,0.0027976469488092,0.012466939,0.0030647540092468,1.4061266,0.4784229397773742
0.0008115543764733,0.0001406620795543,0.0029659180436283,0.0035687238041282,0.0165816955074694,0.0037430845566056,0.013409116,0.0032598935998976,1.3800824,0.5664334177970887
0.0007802273794533,0.0001356183906091,0.0091763976961374,0.0032770133111625,0.0128710490976707,0.0032221477190372,0.013729379,0.0034354147501289,1.3289812,0.5923167169094086
0.0014267302275,0.0002748860719784,0.0082657970488071,0.0081232128836563,0.0324471484042806,0.0094969232629832,0.013269547,0.0031721135601401,1.3415259,0.5759533047676086
0.0058274796537679,0.0011257296735204,0.0790618397295475,0.0307620519399642,0.1552716365088776,0.0514708234626754,0.018145537,0.001318504102528,1.0869272,0.5324029147624967
0.0024422948093245,0.0004503207658389,0.0285516567528247,0.0063264656066894,0.0232653894443243,0.0076213847119365,0.01407652,0.0032464594393968,1.0778897,0.5853744250535965
0.0004803954214633,8.184394049122337e-05,0.0042354981414973,0.0013376047601923,0.0058542151911489,0.0012351099204655,0.013024918,0.0032570196688175,0.71132076,0.6340182721614838
0.0009814804991988,0.0001217733848651,0.0075506241992115,0.0011728762183338,0.0041890109082274,0.0009268411005539,0.015063841,0.0032655280083417,1.4808264,0.4864728701114655
0.0011081736667812,0.0002107935140738,0.0203015562146902,0.0068592638708651,0.0227339031031212,0.0070038358095222,0.012824528,0.0030511590652167,0.6933054,0.605167346894741
0.0013142577230787,0.0002114053207331,0.0329632330685853,0.0071060881018638,0.0169932072251075,0.0062013629443847,0.013391322,0.0032646767795085,0.510119,0.5092064812779427
0.000512460654758,6.801631252023989e-05,0.0015046596527099,0.0004849643446505,0.0018645976866357,0.000365613030637,0.0135537535,0.0031649476476013,1.3900763,0.5599395430088042
0.0009585618346377,0.0001713392930037,0.0002460989053361,0.0017407725690645,0.0187582871340426,0.0025370374044004,0.012921891,0.0021011689677834,0.82223576,0.6260995620489114
0.0008029155053478,0.0001524976574572,0.0161672700196504,0.0048417004011571,0.0155008644731059,0.0045393360679943,0.013363441,0.003186771646142,0.8432317,0.6460659915208814
0.0002863015047849,6.272842567288535e-05,0.0013968360144644,0.0013233354268595,0.0054285736212753,0.001063234783721,0.012475205,0.0030234396271407,1.057943,0.673315658569336
0.0011433965803644,0.0002493937552527,0.0001158455197582,0.0014504642520023,0.0482705739289679,0.0052030007060651,0.013256688,0.0016420026123523,0.89319324,0.6586060023307798
0.0006625427142702,0.0001151181992024,0.0006505364726763,0.002123412763467,0.0150562723202584,0.0024721404404196,0.013123027,0.0026435350067913,1.4875842,0.507698757648468
0.0023287692408868,0.0002406353990785,0.0056845566723495,0.0024613591609522,0.0129989490007397,0.002923813796929,0.0132782115,0.0029391758143901,1.5671492,0.3762589740753174
0.0022823302641388,0.0002906455898868,0.0099989622831344,0.0030088692065328,0.0144489022404661,0.0035853937118736,0.015495152,0.0031422203220427,1.3826363,0.4662148630619049
0.0007146774863248,8.529749568435751e-05,0.0004326241614762,0.0014191948425832,0.0118191022775863,0.0014446690827327,0.011087323,0.0015825462713837,0.3751669,0.4070318621397017
0.004357649424233,0.0007085270824971,0.0553891286253929,0.0128753641992807,0.0580342972073317,0.0169645818836074,0.017036323,0.0020577816106379,0.65484464,0.4540419447422026
0.0012895777284194,0.0001283958109515,0.0052929788362234,0.0010375393182039,0.0046316682166249,0.0009836996375833,0.0150813,0.0033264718949794,0.46561587,0.4085017094016073
0.0010789260570156,0.0001245735744928,0.0098408088088035,0.0015493719838559,0.0055159884102272,0.0013013119627118,0.014752644,0.0033996697887778,1.6111003,0.399885241985321
0.0011624353357391,0.0001776167260893,0.0101885767653584,0.0027335709612816,0.01123493747754,0.0027593846827607,0.013329546,0.0032935033924877,0.65015733,0.5583582773804663
0.000733760220178,0.000130126804661,0.0003617910842876,0.0016358503607989,0.0149621121741846,0.0020889580722225,0.014520899,0.0023793275468051,1.2755294,0.6116008853912354
0.0010491187516734,0.0001778630640212,0.0068664634600281,0.0033047492569312,0.0138068918683596,0.0035210758427884,0.014000963,0.0033357827924191,0.8819761,0.6253416353464127
0.0019511043274097,0.0002662768229106,0.0314685124903917,0.0096806809306144,0.0301219961531853,0.0104811110186808,0.0133810025,0.0029937388934195,0.37488514,0.3817332506179809
0.0020123435293587,0.0003884760201894,0.0079458225518465,0.0075870850487262,0.0305860085974005,0.0098234030494258,0.013566966,0.0034252279438078,1.2632459,0.5836030364036561
0.0007557705872527,0.0001002571898611,0.0027696751058101,0.0012691794498823,0.0055257113535492,0.0012225377602003,0.014461137,0.0034594726748764,1.4497783,0.5155618190765381
0.0006445343257069,0.000103976567175,0.0097917802631855,0.0015600963495671,0.0055569144319899,0.0012129010876874,0.015836973,0.0030967471562325,1.3411024,0.5754996240139008
0.0008893543215114,0.0001529458036755,0.002539791399613,0.003061279488611,0.0150178482722525,0.003157617112292,0.012188298,0.0027676899917423,1.1488261,0.6274820429086685
0.0014245682341017,0.0002080294945115,0.0014362416695803,0.0022235080447717,0.0134231630891224,0.0026059004979528,0.011493382,0.0024520177394151,0.83604854,0.5555015951395035
0.0032331740818654,0.0005968986164299,0.0110378446988761,0.009362537037814,0.0372934637665244,0.0130577109287599,0.01210081,0.0025058862566947,1.4292659,0.5208825051784516
0.0015519663173143,0.0002669233477011,0.0096090361475944,0.006158662145026,0.023615153720127,0.0069888689339937,0.012187323,0.0028671876899898,0.603836,0.536544871032238
0.0015852116391177,0.0001504107360454,0.006643446162343,0.000984540907666,0.0037946181731823,0.0008512023395082,0.014232155,0.00335074942559,1.5220882,0.4021819615364074
0.000608162681266,0.0001055937562488,0.0080329803749918,0.0016434038989245,0.0063357138514193,0.0014522078331164,0.014988133,0.0034865870699286,1.0230495,0.6508809584379195
0.0008129806131687,0.000155252086987,0.0006580026529263,0.002850684069017,0.0240476511825896,0.0034393654395544,0.0111121815,0.0014195777475833,1.0318129,0.6594110727310181
0.0007331501812681,9.841129920237454e-05,0.0023965840227901,0.0014797874784562,0.0060081233574586,0.001345321923832,0.014461331,0.0035154134407639,1.4652387,0.5067292225360871
0.0002441955720825,6.265741449485059e-05,0.0038351169787347,0.000935899792239,0.003717511158531,0.0007867991294289,0.014962534,0.0034583708830177,1.0600237,0.6702391755580903
0.0010643615969442,0.0001382118917384,0.0055017585400491,0.0010331148002296,0.0041959223498921,0.0009193963348541,0.014411488,0.0034007273614406,0.76022863,0.5518404543399811
0.0005796902948889,0.0001000759397227,0.0052522167097777,0.0015880693681538,0.006585043957328,0.0014521199651247,0.013924132,0.0033617471344769,1.010757,0.6580964928865433
0.0021724101562348,0.0002514476449876,0.0102284168824553,0.0015019083954393,0.0060563421722257,0.0014427089983005,0.015505918,0.0032305950298905,0.89433277,0.4566206693649292
0.0026671156722944,0.0005392465637976,0.0007906057289801,0.004313939437925,0.0513608379249664,0.0093925423425999,0.010994252,0.0010007862001657,0.8070213,0.5886896103620529
0.0017093559104384,0.0002498453648804,0.000727753387764,0.0018065134422613,0.0164495520860232,0.0024159000935789,0.010839963,0.0012943404726684,1.2093307,0.5516742765903473
0.0024890350368665,0.0007179890799321,0.2204976677894592,0.0388007250428199,0.000198279271532,0.0049496173434657,0.014766278,0.0034724065102636,1.0013094,0.660103705525398
0.0004182888523133,8.879314062788628e-05,0.0036219987086951,0.0025821277522481,0.0098080703850656,0.0023288342828122,0.014537094,0.0034883446805179,1.2732327,0.6276901364326477
0.0006860716618208,0.0001269818145396,0.0082848658785223,0.0036263479385524,0.0136822584492385,0.0035631662151589,0.0153973615,0.0033752350881695,1.2468486,0.6166196024417876
0.0014007239452955,0.0002329346050055,0.0066992742940783,0.0039294894086197,0.0163413087300357,0.004510559911744,0.013978896,0.003394647501409,0.72708356,0.5684449976682664
0.0013841791963721,0.0002806331973105,0.0063867860008031,0.0103900690401133,0.0481092318656154,0.0128775266363867,0.0134276785,0.0028765145689249,1.4021481,0.5640101730823517
0.0009500229586373,0.0001253516395618,0.0037374495295807,0.0008744376618415,0.0037555970532992,0.0007842089222841,0.013392551,0.0032814466394484,1.1181743,0.5962584567070007
0.0008715715750006,0.0001318851529955,0.0001683130685705,0.000932965821903,0.0106344286415029,0.0013356009202346,0.012544884,0.0020953319594264,0.6066721,0.5578389266133309
0.0003596451062007,7.036825225629367e-05,0.0003658065688796,0.0012478559899045,0.0090685745769897,0.001352232938038,0.0119963605,0.002644844353199,0.7326728,0.6360367843508717
0.0007404585757435,0.0001368512550992,8.19681772554759e-05,0.0007059349009068,0.0260754443102223,0.0020629467581248,0.017283682,0.0015188420191407,0.9054524,0.6517801433801651
0.0010352393364164,0.0001551343816009,0.0065638741943985,0.0020338839385658,0.0088893220463694,0.0020585701139933,0.014218692,0.0033237330429255,1.2726567,0.5824086022377014
0.0006647481547751,0.0001240908609957,0.0070934733375906,0.0043485350324772,0.0148746211588407,0.0042583797118154,0.014709368,0.0035067978315055,0.89592326,0.6504091769456863
0.0012525152469545,0.000199246027713,6.04881552135339e-05,0.0004956979917915,0.0152019176278238,0.0016212539275314,0.012309621,0.0014354372769594,1.2008779,0.5813148188591002
0.0013073523181906,0.0002183937990621,0.0018826751038432,0.0029189999004302,0.0160405542694772,0.0035352381288078,0.012431397,0.0029857074096798,1.0024874,0.6088680231571197
0.0010920220223775,0.0001580489182869,0.0064198346808552,0.0017101568169891,0.0072695307109412,0.0017090593874394,0.015215832,0.0035096467472612,1.2613122,0.5778083634376525
0.0022071497891056,0.0004159252124693,0.0417389683425426,0.0074591394513845,0.0184767303649025,0.0069713804237066,0.014115371,0.0033287693560123,0.8565596,0.584789827466011
0.0010271764029657,0.0001774494557676,0.0045367362909018,0.0035184723674319,0.0151251064469626,0.0035879146138473,0.012271771,0.0029467279836535,1.0501221,0.6294281482696533
0.0016425020097396,0.0002337051037775,0.0120160966180264,0.0034721928276121,0.014694752774001,0.0037229190703368,0.015132921,0.0032219784334301,1.3716054,0.5172941982746124
0.001787402417504,0.0002738710919089,0.0004598681116476,0.001959004908258,0.0222751283470735,0.0030104586196463,0.010684654,0.0009771950542926,1.3092756,0.5422072398662566
0.001472058922655,0.0003122613773081,0.0260559562593698,0.0165625119116157,0.0517343093302403,0.0184113090800804,0.01547464,0.0028340203501284,1.1807395,0.6242559105157852
0.0011498310864236,0.0001931557040011,0.0067065344192087,0.003356518340297,0.0140656074591086,0.003676640581742,0.013617303,0.0033630980178713,1.1295753,0.614432692527771
0.0007070877943496,0.0001248217880652,0.0047599775716662,0.0032168956066016,0.0127090047295082,0.0030042194546003,0.0152015565,0.0033161391317844,1.2129526,0.6287800323963165
0.0013754877507621,0.000234366353185,0.0101292910985648,0.0036564830224961,0.0158480481391618,0.0041739661393563,0.013763711,0.0032231007330119,0.8333092,0.5981129038333891
0.0008039162487183,0.0001477958871726,0.0081804860383272,0.0041809987742453,0.0148919299253522,0.0042053659949573,0.013394743,0.0033181640319526,0.9158178,0.6454027593135834
0.000509606776473,9.96990509223596e-05,0.0078252665698528,0.0025456582661718,0.0100061900917768,0.0024065916655125,0.014538055,0.0034123208373785,0.9377177,0.6663093119859695
0.0014311817554544,0.0002781782787825,0.020259978249669,0.0064823948778212,0.0227880707497593,0.00713158219896,0.013503329,0.0033006989024579,0.9965782,0.6292500215768815
0.0055421252555033,0.0008048356164211,0.0440651178359985,0.0095262047648429,0.0581601728835863,0.0144896933970171,0.017562874,0.0018007429316639,1.1295326,0.4268465638160705
0.0008356884935253,0.0001465002460147,0.0022054344881325,0.0030767998898954,0.0153055661603286,0.0031408005315614,0.011761071,0.0026982962153851,0.9879879,0.6425702208280564
0.0026910103841069,0.0003088041402947,0.0170318717136979,0.0025900490581989,0.0104605497950149,0.0027265558758738,0.015517877,0.0032375511713325,1.4212519,0.4270381927490234
0.001254409043265,0.0002187899732778,0.0027661239728331,0.0039943355850118,0.0205783245194257,0.004671174059453,0.012098148,0.0027628606185317,1.1771421,0.6033594512939453
0.0010481911747499,0.0001638254957354,0.0088618285953998,0.0019211137108504,0.0076627629690179,0.0017876470406655,0.014175128,0.0033023692667484,0.9139159,0.6174843460321426
0.0005676458183961,0.0001091348120154,0.007946035824716,0.0025216453615576,0.0101066534454643,0.0024006077520365,0.0145013835,0.0033471910282969,1.031158,0.663329773545265
0.0004542206071048,9.26287476174575e-05,0.0067214858718216,0.0024912154208868,0.0101065576912521,0.0024085920040655,0.013341409,0.0034354771487414,0.8845914,0.6610759645700455
0.000819166968558,0.0001350638426065,0.0064581045880913,0.0022001864854246,0.0096490241450224,0.0021606920287554,0.013710707,0.0032124237716197,1.1057382,0.6353896135091781
0.0009520796611523,0.0001360553388923,0.0055740580428391,0.0020625578332692,0.0096826431264253,0.0020825028901383,0.0158161,0.0031773241981863,1.385434,0.5370295524597168
0.0016628293249169,0.0002361701477764,0.0060169678181409,0.0021059411298483,0.01031280964061,0.0024329906407718,0.01364634,0.0032106265425682,0.96787715,0.5522405803203583
0.0016386295057434,0.0002917542750639,0.0208572251722216,0.0064582745544612,0.0227166539336029,0.0071115652744968,0.013363113,0.0030897101387381,0.6945191,0.5645659968256946
0.0017951553727362,0.0003404316432159,0.0671442523598671,0.0167882556468248,0.0366833033281148,0.0149982764136786,0.016149307,0.0029415097087621,1.4075049,0.5399979448318482
0.0014062192054053,0.0002403123294462,0.0005689665849786,0.0025530865043947,0.0255067700548751,0.0038034015946074,0.011187889,0.0014277996867895,0.6536866,0.5628514063358308
0.0019878261375533,0.0001452419344024,0.0112028145231306,0.0012839178182184,0.004940999966113,0.0010618157813028,0.015741833,0.0031130780093371,1.7371187,0.2682411217689514
0.0009384286736145,0.0001632381207106,0.0088975806720554,0.003373428247869,0.0140072297619356,0.0034302924380766,0.013279105,0.0031148533523082,0.8077725,0.6218811422586441
0.0007589141228076,0.0001134554705046,0.0068690949119627,0.0017844810988754,0.007794620463805,0.0016382324194403,0.015294386,0.0031447292491793,1.4646528,0.5294752717018127
0.0010003768541323,0.0001714959604147,0.0144675690680742,0.0040413448587059,0.0156922273825806,0.0039382237021727,0.015331136,0.0031791338697075,1.3008204,0.5892034482955932
0.0009932340188054,0.0001598920595393,0.0044447216205298,0.0041234814125346,0.0168862868825369,0.0042367021373392,0.013179333,0.003450717665255,1.4275403,0.5361822307109833
0.0009206311610123,0.0001587883650171,0.001814977847971,0.0028328347153001,0.015265445128273,0.0030908855140032,0.011975926,0.0028564538806676,0.9341361,0.6424319595098495
0.0009431850593168,0.0002035003469464,0.0008379627251997,0.0048422011568618,0.03671341463696,0.0065304592761172,0.013080167,0.0024024283140897,1.0288086,0.6534401476383209
0.003039753352923,0.0003462981728817,0.0057482928968966,0.0064431678125401,0.0403041725397981,0.0086560002466342,0.015122789,0.0024258912168443,1.687182,0.317067403793335
0.0005531730896687,0.0001179777617516,0.012488666921854,0.0079057508101686,0.0218915795418077,0.0075600727162454,0.012437957,0.0031003504991531,0.6798124,0.6220693439245224
0.0015791485918804,0.0001853818555171,0.0015417714603245,0.0027152827171266,0.0189221038560173,0.0033367661848866,0.014318401,0.0026794867403805,1.5882272,0.4013258814811706
0.0006056832422107,0.000101034934108,0.0044533018954098,0.0014638551464304,0.0064305013720144,0.0013525115919766,0.014153044,0.0032541435211896,1.1996741,0.6296752393245697
0.0008365205181202,0.000142104423671,0.0002046672670985,0.0011362351924708,0.0140165583012746,0.0016877153276227,0.0144399,0.0020135887153446,0.95326114,0.6375971436500549
0.0007842892162111,6.958063790685589e-05,0.0007232627249322,0.0006852952483313,0.0029830170226755,0.0005512464696165,0.012642466,0.0032667542248964,0.38408363,0.3819219619035721
0.0012955748091472,0.0001890283192853,0.0052361004054546,0.0034496047301217,0.013644506668134,0.0035995346854553,0.01340647,0.0033331594802439,1.3720211,0.537582129240036
0.0011787230335648,0.0001839974898328,0.0104521689936518,0.0019834246486425,0.0075444117678608,0.0018444486578666,0.01409817,0.0033786422759294,0.8981125,0.6147840332984924
0.0013326501940938,0.0002157352933506,8.95606426638551e-05,0.0008028316710806,0.0197310114281731,0.0020154235128562,0.011649902,0.0012688875012099,0.7021668,0.5685923686623573
0.0012300034292751,0.0001927137914556,0.0081692887470126,0.0021431491989642,0.0094468259534413,0.0022169398228889,0.013508407,0.0032362504489719,1.0401682,0.6001217585802079
0.0011304182201883,0.0001630993696212,0.007456253748387,0.0015457542799413,0.0064196072470568,0.0014466586091893,0.015143447,0.0033422687463462,1.169843,0.58973348736763
0.0026671678724953,0.000537803407258,0.0345054734498262,0.0109347943589091,0.0398819405003905,0.0145689573859446,0.013470953,0.0029604528099298,0.63389534,0.5446731337904928
0.0035007133696643,0.000826474503448,0.142688475549221,0.0413894845545291,0.0607708279891763,0.0420276466103492,0.0155807,0.0029748540744185,1.0963616,0.6148061269521714
0.0010213879308083,0.0001494537652721,0.006889087613672,0.0020457289461046,0.0088104014070839,0.0020134692798256,0.014616949,0.0033705821260809,1.3501883,0.5586398243904114
0.0004353859849395,8.84467512345334e-05,0.0001040012866724,0.0009541651922972,0.0213813136728955,0.0016354242179438,0.011111135,0.0011370564252138,0.57057023,0.5762213543057442
0.0012130690044962,0.0001919378395991,0.0081738689914345,0.0019994793739169,0.0085300061472482,0.0020349865140869,0.013373139,0.0033633289858698,0.8903204,0.6115033179521561
0.0012006283925556,0.000206836571447,0.0086756953969597,0.0075325544166844,0.0264075920700517,0.0074797614222258,0.011423124,0.002180273476988,0.58254653,0.5427602753043175
0.0012010397832937,0.0001942384264157,0.0035150910262018,0.0039704608752799,0.0173329695704699,0.0041625259061933,0.011748857,0.0028956139087677,1.347327,0.5634100651741029
0.0009198029734127,0.0001634756238383,0.0138921309262514,0.0032446449622511,0.0120863173856423,0.0030567367325184,0.014810703,0.0033655102737247,0.98026955,0.6494995802640915
0.0012326933632585,0.0001883746978454,0.0019307289621792,0.003771664444539,0.0225253436473421,0.0045752288712377,0.013405925,0.0028565339185297,1.5086563,0.4741424024105072
0.0016306951172351,0.0003027445567579,0.0010445606312714,0.0035920952432206,0.0280379434870631,0.0053308690419539,0.01126902,0.0017387760616838,0.84853727,0.6096035689115524
0.0010034581808423,0.0001923929008584,0.0002831313759088,0.0022965264298909,0.027984522309535,0.0036424558238694,0.013417129,0.0018874169327318,1.25247,0.6165318131446839
0.0009840721358884,0.0001260669692253,0.0043176007457077,0.0018412271747365,0.008034684126325,0.0018590981415733,0.014513626,0.0035161174274981,1.4872504,0.4773907959461212
0.0005992875242336,0.0001016905079922,0.0037406638730317,0.0024349390878342,0.0106822466705265,0.0022522000300684,0.012033914,0.0028166724368929,0.69333375,0.6088227778673172
0.0009677677967685,0.0001158675242155,0.0074490080587565,0.0009982182178646,0.0032997483075349,0.0007549613083769,0.014710266,0.0033900942094624,0.53183675,0.4889220958948134
0.0008138092507124,0.0001647494182674,0.006692798808217,0.006063038657885,0.0220111182905305,0.0060885319239289,0.013227363,0.0032811389304697,1.1175404,0.6490320861339569
0.0045232819095003,0.0007402409019783,0.0546447820961475,0.0092774657160043,0.0275165379392398,0.011943592948666,0.012418179,0.0027382497116923,0.5201236,0.4421672075986862
0.0018903139162194,0.0003882152191127,0.0102077601477503,0.0096309536966145,0.0374149703166462,0.0122321942961893,0.013374864,0.0030473107472062,1.2692593,0.5889567637443542
0.0046597932565259,0.0008946890894846,0.0713147222995758,0.0160193052142858,0.0436554398019767,0.017127154083401,0.014764103,0.0029802259430289,1.2797707,0.5348821556568146
0.0013086084799275,0.0001957058822789,0.0058137187734246,0.0020760522596538,0.0100186975630368,0.0022849802298021,0.01392772,0.0032205223850905,1.0832763,0.581380997300148
0.0007645722431901,0.000123599624213,0.0015654341550543,0.0021037336418885,0.010954435974501,0.0021180471100342,0.012196373,0.0030130643583834,0.8426685,0.6351439982652665
0.0006097951636189,9.218061619805816e-05,0.0049754860810935,0.0018383476138114,0.0092406137574273,0.0016891452439194,0.011715403,0.0023559831269085,0.50501037,0.5187147039175034
0.0015259243142119,0.000224088863371,0.0073978914879262,0.0022171797230839,0.0104218424025711,0.0024771366441101,0.014215942,0.0033116595633327,1.1125429,0.5634551644325256
0.0005275385655296,0.0001121830029108,0.0011976707028225,0.0032083237711049,0.0199398284307235,0.0034815849275675,0.0118926605,0.002333267815411,0.89136654,0.6535461515188216
0.0013496636132628,0.0001770042487314,0.0027196884620934,0.003900399189988,0.0210596066440866,0.0045477512051462,0.013322699,0.0030261259339749,1.6439509,0.3816116976737976
0.0056761113366683,0.0011841933960234,0.1251611858606338,0.0309473891556262,0.0975195891022338,0.0374785625844698,0.017241571,0.002029057983309,0.8459737,0.5298118144273758
0.0003068212098531,6.698814741629318e-05,0.0023295569699257,0.0014433404430747,0.0057795292176047,0.0012827756415031,0.014053013,0.0034742374718189,1.0735193,0.6670695096254349
0.0010995649051086,0.0001342122835347,0.0025859412271529,0.0009682129602879,0.0044349142166782,0.0009388335665002,0.014707668,0.0034233117476105,1.2325642,0.5499604976177215
0.0019223000543969,0.0001563651246361,0.0560371316969394,0.0114085538685321,0.0160909543671388,0.0096143539123037,0.012560187,0.0031451255641877,0.17614605,0.202670657262206
0.0015324053541617,0.000174008980585,0.0040521058253943,0.0009823974315077,0.0045922381067043,0.0009869370666332,0.014191337,0.0032737756706774,0.86688393,0.4935857117176055
0.0008101987506543,0.0001750665083564,0.0009998956811614,0.0045751339120033,0.0312117898847626,0.0056832493494891,0.011870317,0.0020699999295175,1.0595272,0.665838925242424
0.0005868312352237,0.000125377256409,0.0046748388558626,0.0048231762993964,0.0201463887253577,0.0045616961448274,0.0118959565,0.0025860909372568,0.90972,0.6753005981445312
0.0012623696406708,0.0002155543588418,0.0080855414271354,0.0031891213729977,0.0140122589481421,0.0035403000647798,0.014224783,0.0034406637586653,0.9823034,0.6278925836086273
0.0007211267828835,0.0001465602337982,0.0013981079682707,0.0040145908665181,0.0248882303367432,0.0045749177958329,0.011835365,0.0023873714730143,1.1576954,0.6420688629150391
0.0020220537913131,0.0004180247157124,0.003714513615705,0.0098706643484547,0.0572439777232879,0.0143165544266811,0.011948942,0.0018071695975959,1.3267351,0.59270667552948
0.0008388017015076,0.0001455507820036,0.0018398419488221,0.0027950910917934,0.0148694060138874,0.002997680780003,0.0120238345,0.002783915027976,0.885592,0.6374895054101944
0.0012044403437453,0.0001460753675467,0.0018783232662826,0.0018639812411856,0.0087680092719334,0.0018179180790828,0.013005389,0.0032232762314379,0.5714182,0.4947080785036087
0.0005023606260732,9.261746654708886e-05,0.00561279268004,0.0016789343208074,0.0070163495105241,0.0015616555209116,0.014335183,0.0034070954285562,0.9070112,0.662962525486946
0.0012139528749189,0.0001804370033086,0.012286115437746,0.0021880311146378,0.0083039564800958,0.001879281827861,0.015560651,0.0030337719805538,1.2130561,0.5864707887172698
0.0005429696398962,9.04820136408504e-05,0.0042580098379403,0.0014905710099264,0.0066512832321538,0.0014031786616184,0.013288954,0.0032461006194353,0.7313958,0.6182703366875647
0.001043034187083,0.000154418220192,0.0028000373858958,0.0019648857356514,0.0091012924850101,0.0019390088594054,0.012586274,0.0030301843211054,1.1431496,0.6075221431255339
0.0003914946130891,8.445221935518272e-05,0.0049082646146416,0.0024881677422672,0.0096480973130622,0.002363540763857,0.013443932,0.0034049730747938,0.9419009,0.6747905761003494
0.0014213141540247,0.0002752273608128,0.0001033383377944,0.0012661822183872,0.0325043009044699,0.0038212543416457,0.0118436515,0.0013631517998874,1.0166417,0.6375305378437041
0.0007497055541879,8.285167817963343e-05,0.0014397600898519,0.000389971663244,0.0013471023881869,0.0002750331450202,0.014391538,0.003354835473001,1.3087146,0.5401003658771515
0.0006128358097808,0.0001134929427529,0.0051913468632847,0.0031915443250909,0.0125127191192483,0.0031400249519221,0.013316411,0.0033503184095025,0.914732,0.658132016658783
0.0012727625363436,0.0001927633127625,0.0132610714063048,0.0023309084028005,0.0089872510906643,0.0021132300250217,0.015745124,0.0031513292342424,1.188993,0.5822761726379394
0.0032283922877279,0.0008046706714273,0.031725239008665,0.0261363498866558,0.0826601524797046,0.0347194229697832,0.013605364,0.0021794644556939,0.8734239,0.6410676836967468
0.0027893428935793,0.0006353240110826,0.0707868374884128,0.0289902966469526,0.0755474657454534,0.0348443126866051,0.016523805,0.0023218365386128,0.94250154,0.6337376856803895
0.0010823264997846,0.0001009322082967,0.0050012748688459,0.0011432253522798,0.0052984516227223,0.0010405282015734,0.015993241,0.0030837687663733,1.6922948,0.3242509198188782
0.0005999616774634,0.0001244386985887,0.0004501855873968,0.0032476507049068,0.0293188230360975,0.0040188556798607,0.011489005,0.0016519025713205,0.67810327,0.6187238246202469
0.0011587330569631,0.0001712101230502,0.0052228053100407,0.0019344097329303,0.009011573712939,0.0020531746407794,0.015433732,0.0033594542182981,1.1820669,0.5894078314304352
0.0015947396869294,0.0003126999547016,0.0102314921095967,0.0069012776948511,0.0244976241704687,0.0081093501563525,0.01370446,0.0033182380720973,1.1160043,0.6195472592115402
0.0002610437791199,6.573363632765778e-05,0.0045251646079123,0.0011860288726165,0.0048497741112796,0.0009841400190526,0.015581406,0.0031815841794013,1.1634793,0.658786255121231
0.0008289837953449,0.0001288559788559,0.0034725514706224,0.0030470109189627,0.013290603958659,0.002896940203156,0.012152037,0.0027870389074087,0.5749037,0.5436585396528244
0.0016763085741557,0.0002399136477627,0.0083418292924761,0.0021163626294583,0.009620009315595,0.0023135156585676,0.014906443,0.0033096942305564,0.84656537,0.5474493056535721
0.0012260240514051,0.0001869865214507,0.0153525988571345,0.0043065817281603,0.0160020622819429,0.0043748616908244,0.014022108,0.0032624568045139,0.54345405,0.512235514819622
0.0024275136704678,0.0003102376176403,0.0266204271465539,0.00706981100142,0.0365378379375338,0.0080663514960433,0.017310273,0.0021418621763587,1.5488955,0.4157352352142334
0.0076498269335978,0.0018813300265991,0.0435804091393947,0.0241533984243869,0.1192960665914771,0.0436035681044075,0.01062059,0.0005463319830596,0.8256608,0.5989251065254212
0.0002107490829318,5.965940984673673e-05,0.0007052949513308,0.0010970529897349,0.006134779543535,0.0010513817002194,0.012788856,0.0030757413618266,0.98193336,0.6737431371212006
0.0007048005963689,0.0001075470211169,0.0021179411560297,0.0013858310284558,0.0061562575969553,0.0012437408614738,0.012728985,0.003099778201431,0.8357297,0.633056178689003
0.0015629159884942,0.0001502449169396,0.0070206373929977,0.0012194390036165,0.0054344305857852,0.0011033038764711,0.015744144,0.0030529505200684,1.5589695,0.3945652532577514
0.0007278635127454,9.549656327441586e-05,0.0020202391315251,0.0010554812906775,0.0047118870602593,0.0009462612872532,0.013056379,0.0031521008349955,1.4312388,0.5342126965522767
0.000788085279762,0.0001257354561342,0.0034723904682323,0.0025470980035606,0.0098881669984393,0.0024082468939386,0.013619964,0.0034651599265635,0.8953498,0.6226787561178204
0.0014059260376731,0.0002240803764632,0.002919242484495,0.0037953262287192,0.0193786239526399,0.0042447672596806,0.011451018,0.0024547358788549,0.6817528,0.548895426094532
0.0013239489799462,0.0002272958977911,0.0004973843460902,0.0021724652476405,0.0209391157541664,0.0031431913196176,0.011269451,0.0015814024955034,0.864382,0.5985344076156616
0.0031819104783132,0.0007616185967518,0.0293452143669128,0.0125860244780778,0.0483384181087561,0.0180143998281966,0.010551321,0.0008082747273147,1.0700239,0.6636670678853989
0.0049605107445479,0.0011492204295149,0.0468395538628101,0.0400355854071676,0.130803121100591,0.0508375279255536,0.011102565,0.0008996566757559,0.56886905,0.5465629696846008
0.0008267898755839,0.0001095832226025,0.006411918438971,0.0023506335541605,0.0105774880809928,0.0022611621215639,0.01218488,0.0027568858861923,0.4432128,0.4467448107898235
0.0016386671564478,0.0003642535433156,0.0117629785090684,0.0123808248608838,0.0441267491835518,0.014790621627115,0.012335802,0.0025707717426121,0.7801399,0.6185598969459534
0.0016503714611229,0.0003680354056192,0.0016497031319886,0.0098363784626599,0.0636461780420378,0.0141849163902393,0.011703878,0.001596079673618,1.0917951,0.6485158652067184
0.0007325007597501,0.0001131447118529,0.0040262939874082,0.001632226165384,0.0073143409268713,0.0015825629812834,0.014405297,0.0033563520014286,0.85721576,0.626014142036438
0.0013443006102485,0.0002055451449218,0.0084034074097871,0.0022060834430158,0.0101238795470997,0.0023197275654701,0.015840601,0.0031925743259489,0.9427507,0.5929101586341857
0.0015293009320958,0.000302658926843,0.0083360206335783,0.0130356547958581,0.063055957185903,0.0162949294905493,0.014274527,0.0025413672439754,1.3721008,0.5585299015045166
0.0012360277199355,0.0001706947040839,0.0070295904297381,0.0018081411160528,0.0080884439622692,0.0018466168136672,0.014089316,0.0033017722330987,0.67088646,0.5341150534152984
0.0034480444655982,0.0006751154894979,0.029389476403594,0.0093517256900668,0.0425989525928062,0.0145128100042997,0.015499584,0.0026391617953777,0.8919139,0.5575618481636045
0.001006472972795,0.0001525987187962,7.666595774935558e-05,0.000536508821915,0.0117395895358257,0.001190630534465,0.011756071,0.0014527044259011,1.2698895,0.5841670334339142
0.000817323034337,0.0001200064452593,0.0069273724220693,0.001304385298863,0.0050154657842913,0.0011409968126487,0.01439804,0.0033751865848898,0.7791388,0.6045998564362526
0.0016040614191258,0.0002156774368007,0.007125602569431,0.0016225397959351,0.0075795950987164,0.0017328820696258,0.014843835,0.0032664815150201,0.90490925,0.5393150645494461
0.0013992414619973,0.0001592320675415,0.0070389453321695,0.0013485518284142,0.0063969499918632,0.0012188359750168,0.016281975,0.0028534774109721,1.4411309,0.4711264371871948
0.0026420681090008,0.0004141614623419,0.0191023498773574,0.0086462419480085,0.0358571591282331,0.0109955367402318,0.015439543,0.0028703724965453,1.4224596,0.4819431245326996
0.0007277968494772,0.0001213256421266,0.0056601460091769,0.001981836669147,0.0087327662730244,0.0019837439806143,0.01536401,0.0033435360528528,0.89939445,0.6414689719676971
0.0018203538583059,0.0002533163876073,0.0004287529736757,0.0025020685080926,0.0240564364080079,0.0038745480274203,0.014095679,0.0022332374937832,1.4666977,0.4769240307807921
0.0015672789414574,0.000178643675612,0.0056646163575351,0.0014109015464782,0.0068184958307918,0.0013934306402806,0.015566522,0.0030595405586063,1.3791292,0.4730495536327361
0.0025132694820951,0.0004622743291394,0.0429454147815704,0.012126469425857,0.0368837698506236,0.013618452617828,0.01306536,0.0030599731206893,1.3803434,0.5431998777389526
0.0014242044140794,0.0002003997748443,0.0058944392949342,0.0025563805596902,0.0120480650945829,0.0028534413640702,0.012727182,0.0029841527156531,0.6734407,0.5158617720007896
0.0010002126662941,0.0001608565873005,0.0061694234609603,0.0024695021566003,0.0108960771426939,0.0026312123354466,0.013960817,0.0033377682045102,0.83023846,0.6063705235719681
0.0003280725316336,6.910509613797136e-05,5.823606625199318e-05,0.0003833305034186,0.0061681899740974,0.0005980487989641,0.013125094,0.0020216930098831,1.0763755,0.6662926822900772
0.0032241116995601,0.0004024115782682,0.0354523062705993,0.0059030959010124,0.0232832506560216,0.006081331412022,0.016378934,0.0026613792777061,1.4979134,0.4107984900474548
0.0016238247240637,0.0002674884716719,0.0022572542075067,0.003586087978474,0.0201719945666648,0.0044238387063706,0.011361094,0.0023622023873031,1.1439284,0.5818427479267121
0.0007654429003188,0.0001284025141212,0.007440180517733,0.0021658986713737,0.0090009723117431,0.0020784555831462,0.013696823,0.0032937738113105,0.96252644,0.6470909863710403
0.0009724968038832,0.0001445922122277,0.0055581224150955,0.0019130930723622,0.0086245870701021,0.0018847087983491,0.015821315,0.0031916815973818,1.2218045,0.6017984747886658
0.0021367412764085,0.000274920384497,0.0034074066206812,0.0044115866361244,0.0239973743470858,0.0056171420656055,0.013591848,0.0029987460002303,1.567222,0.4051705002784729
0.0054047739324191,0.0009999184996681,0.0660111978650093,0.0282324589788913,0.1002185961097212,0.0373204182730539,0.014397855,0.0020534233190119,1.4280212,0.5035917246341705
0.0009313141767353,0.0001108828625907,0.0024597614537924,0.000712799411267,0.0031103409985026,0.0006332869595928,0.014447736,0.0033432808704674,1.2351534,0.5624006724357605
0.0012727198117567,0.0001778232135717,0.0055380631238222,0.001571409869939,0.0072984290218999,0.0016213737785264,0.014368765,0.003301284275949,0.89634943,0.5633692193031311
0.0034929341869791,0.0005678137986713,0.0295431688427925,0.0152048016898334,0.0680552150085364,0.0211844047937649,0.016520046,0.0021946565248072,1.4600905,0.4748547673225403
0.00057135972099,8.335218522941066e-05,0.0016350930090993,0.0013770744603243,0.0054755450294003,0.0011655438614728,0.013597066,0.0033604446798563,1.4836285,0.5035118460655212
0.0012537026866997,0.0001997496672848,0.0027335847262293,0.0027985092985909,0.0136866186613041,0.0028702586808779,0.011624496,0.0027005011215806,0.956409,0.6078285253047944
0.0033219982735663,0.000328979128061,0.011772908270359,0.0049558083992451,0.0239382160367927,0.006271079265779,0.015223363,0.0030091414228081,1.674259,0.3036300468444824
0.0072904573307534,0.0012403506641859,0.0819289907813072,0.01577471986413,0.0588237089821125,0.0212140739971346,0.015450371,0.0024515847116708,1.2945751,0.461369181871414
0.0004894879837081,7.710684317765938e-05,0.0035249928478151,0.000770233371295,0.0031169293763742,0.0006463738947085,0.0154294735,0.003380176834762,1.2097751,0.634558145403862
0.0011966394142769,0.0001828702753561,0.0004465343808988,0.0017658754083277,0.0159309374700919,0.002484501551762,0.013791425,0.002409195061773,1.3463017,0.5598284900188446
0.0014538094386411,0.000211034320142,0.0055137821473181,0.0021305705886334,0.010353913728123,0.0024139629474585,0.013405377,0.0032220454886555,0.87088263,0.5592098385095596
0.0002403172284956,6.705172384014672e-05,0.0055761970579624,0.0021636320697143,0.008646720707931,0.0019050407113549,0.012645498,0.003021168988198,0.7158012,0.6354738771915436
0.0007868908945768,0.0001178096438868,0.0067545776255428,0.0021006220486015,0.0091090095888985,0.002041433971157,0.013337962,0.0032420150749385,0.58870625,0.5522085055708885
0.0019894664709746,0.00027177803384,0.0147390561178326,0.0046734061464667,0.0193122972923316,0.0053249991553505,0.013617212,0.0031509767286479,1.484707,0.4601771581172943
0.002165033689369,0.0003763466573875,0.013170993886888,0.0038580934889614,0.0200452837053007,0.0048864214628256,0.011330266,0.0020321616902947,1.0074244,0.5844793021678925
0.0032676195417376,0.0007312477563245,0.0088274055160582,0.0104986479072249,0.0610342389319902,0.0177604185109544,0.011410027,0.0014566485770046,1.2382827,0.6175589442253111
0.0007458223132384,0.0001256502875445,0.0057250193785876,0.002130055562593,0.0094212428084796,0.0020718814635417,0.012869661,0.0031837527640163,0.8657724,0.6395830363035202
0.0016198014967732,0.0002179002326789,0.0087612685747444,0.0016314576845616,0.0068493245253565,0.0015764479810976,0.014847992,0.0032672187127172,0.9714352,0.541397402882576
0.0025263636747583,0.0004742609494356,0.0127879986539483,0.005122481342405,0.0222915601725789,0.0073651559671858,0.0130819,0.0030613652616739,0.90306634,0.5786786371469498
0.000876333661179,0.0001058967633628,0.0048842295072972,0.0012571303592994,0.0056308739858819,0.0011819550152405,0.013736793,0.0032496342808008,0.48637992,0.4736446347832677
0.0019556071718331,0.0002495727257808,0.0120020834729075,0.0025529819540679,0.0120966187966827,0.0027332212466277,0.016002031,0.002966092005372,1.3767307,0.4809331130981444
0.0030493173171628,0.0006312470885686,0.0169748170301318,0.0070079958438873,0.0334094238111288,0.0109005010666555,0.011324322,0.0019087899848818,1.0236341,0.6039563113451005
0.0012745389262505,0.0001523012039599,0.0049972403794527,0.001096645835787,0.0048567058266787,0.0010255532097449,0.014311243,0.0032483143731951,1.326333,0.5220147848129273
0.0003220797332626,6.863447730323809e-05,0.0071406005881726,0.0013347161002457,0.0046840332532028,0.0010665713107126,0.014297298,0.0033659507893025,0.803417,0.6561158746480942
0.0017216405494192,0.0002249251224883,0.0072701268363744,0.0017999159172177,0.008316924598069,0.0020331049082362,0.01469959,0.0034575439058244,0.708014,0.5048752456903458
0.0019516303953337,0.0001979969669004,0.0231452137231826,0.0042417826876044,0.0150518247410488,0.0042656805886441,0.012601211,0.0029366505332291,0.31484154,0.3159323036670685
0.0014039913459457,0.0002148787624318,0.0104132872074842,0.0026449123490601,0.0108831251084904,0.0027298157528852,0.014567805,0.0032808278873562,1.1635609,0.5818320512771606
0.0003083934612603,8.541856543333825e-05,0.0079579716548323,0.0027904283069074,0.0112862204616909,0.0025777034424835,0.015688168,0.0032160559669137,1.1901224,0.6555288416147231
0.0017906310599863,0.0002549910303982,0.016425434499979,0.0030074958503246,0.0118730749696957,0.0028380105543282,0.016082393,0.0030462713353335,1.3023903,0.5298673641681672
0.0032791596876953,0.0004207061203276,0.0382150039076805,0.00724832970649,0.0237016808400087,0.0083659315413282,0.012402074,0.0028134035691618,0.41111287,0.3652208003401754
0.0010513328945203,0.0001285228159171,0.0046441487502306,0.0011739548947662,0.0052354029321896,0.0010744148952957,0.015385725,0.0032315526157617,1.3931636,0.5173904597759247
0.0011356866350983,0.0001859157702927,0.0003382152353879,0.0015427874611759,0.0152834481704462,0.0020376056145091,0.011195874,0.0015019509010016,1.0009662,0.6212744861841202
0.0002842722839938,7.767058766865198e-05,0.0045541925355792,0.0030912559886928,0.0109557956787678,0.00274759564454,0.014648912,0.0033761076070368,1.0468045,0.6845296072959899
0.0023799027628612,0.0004869736220949,0.0050925258547067,0.0145542704997933,0.0774488888116782,0.0214857819382525,0.01352193,0.0020616429671645,1.3533988,0.5711559355258942
0.0023862514823465,0.0004418644550135,0.0615371316671371,0.0144055765122175,0.0368059753365103,0.0136005429399888,0.016166732,0.002818244844675,1.3248851,0.55508802652359
0.0008724818569581,0.0001434328790768,0.003875863039866,0.0031118281674571,0.0119719324169864,0.0028932690406944,0.013619273,0.0034256884828209,1.2419132,0.6159334182739258
0.0022433837701083,0.0003722415733897,0.025323879905045,0.004626901820302,0.0171349160842772,0.0049936397353379,0.015408252,0.0030816532671451,0.96689796,0.5558821862936021
0.0005787911992782,0.0001025459222595,0.0084024751558899,0.0018532009236514,0.0071662724758941,0.0016282080660849,0.015177961,0.0032873372174799,0.9340493,0.6613784283399582
0.0008401780161321,0.0001488842760323,0.0003551387926563,0.001986256474538,0.0177281298690279,0.0025450524539356,0.011426095,0.0017895149067044,0.8599169,0.6405362635850906
0.0025765817113887,0.0005398218346543,0.003448815899901,0.0068320193478211,0.0423845917054609,0.0113033555249233,0.01261375,0.0023017377592623,0.812251,0.590824790596961
0.0021129762744871,0.000512607926185,0.0156509168446064,0.015616188153217,0.0567835698325856,0.0202052344490117,0.012695232,0.0026119725219905,0.9161633,0.6514946848154068
0.0007352205718343,0.0001391724324773,8.861361857270822e-05,0.0007397090376252,0.0174470576243669,0.0016885499710078,0.013961259,0.0017425990663468,0.89587504,0.6529427766799927
0.0013908575363185,0.00018828043496,0.0007969714351929,0.0015461370994671,0.0102440192232511,0.0018031111108522,0.011712087,0.0024421522393822,1.0250313,0.5674667972326278
0.0009467197397305,0.0001485048285517,0.0099660349078476,0.0018259517475962,0.0066867166895604,0.0015732119297431,0.014631864,0.0032994369976222,0.8955201,0.6231449395418167
0.0057275861648679,0.0007567415681501,0.079355239868164,0.0180511809885501,0.0936530488540116,0.0256840750762329,0.01777023,0.0015685111284255,0.46591017,0.3561106795072554
0.0034212970798036,0.0008268352515523,0.0493207462131977,0.0746243193643749,0.1940970739065731,0.0887154454281494,0.014649338,0.002061320990324,0.7069106,0.5888580244779584
0.0004568137458349,8.717755626491642e-05,0.0035227120388299,0.0016670156619511,0.0074309720524029,0.0015803458397727,0.012832721,0.0033047394827008,1.0102341,0.6652067571878432
0.0020630457743922,0.0004784198141387,0.0112784039229154,0.0122334156258148,0.0469237781125035,0.0157440034978522,0.010956249,0.0014843691885471,0.9218311,0.6576702046394345
0.0007451498864777,0.0001305928327197,0.0116102946922183,0.0029262597672641,0.010613088662971,0.0026830907380788,0.013743263,0.0032593638077378,0.754818,0.6241737455129623
0.0012372256034319,0.0001932544870413,0.0001132932375185,0.0008364085845641,0.0123183591185332,0.0015405925103942,0.012170387,0.0017389594949781,1.1571249,0.6019522249698639
0.0006165608569512,0.0001126950529669,0.0046421606093645,0.0031268801284022,0.0116120545409848,0.0029763360762854,0.0136045,0.0035535772331058,0.9392633,0.6575105315446854
0.0014152217373,0.000245670452472,0.014550392050296,0.0037169572897255,0.0148313879625267,0.0039545725395038,0.013422903,0.0032789376564323,1.0513184,0.617228564620018
0.000989671003889,0.0001281093401638,0.0069699308369308,0.0011281717102974,0.0041044273016146,0.000901684593829,0.014590296,0.0033224332891404,1.3661842,0.5402096855640411
0.0004720720174745,9.535070644461496e-05,0.0073042591102421,0.0021935965679585,0.0093473902838398,0.0020232647822237,0.015708916,0.0031185389868915,1.2829008,0.6116369366645813
0.00164321940188,0.0001792223852198,0.0076653140131384,0.0017520369403064,0.0093228141119074,0.0016920353554112,0.016782438,0.0025632493197917,1.5023466,0.4376689767837524
0.0002385740638375,6.588727632571853e-05,0.0064093000255525,0.0011782248225063,0.0041946626815175,0.0009037416015694,0.015373258,0.003237363602966,1.1598132,0.6580748111009597
0.0013576211898692,0.0001493543524795,0.0048168313223868,0.0008671232499182,0.0034970759287404,0.0007510200410857,0.013989022,0.0032787374220788,1.3748109,0.4928890824317931
0.0005946069134281,0.0001003639344857,0.0001052372172125,0.0006705319956381,0.0088620383310405,0.0009876610525996,0.01238408,0.0020088288001716,0.8164134,0.6298655569553375
0.0029663482015998,0.0007053295643799,0.0044534653425216,0.0090958756063628,0.0588340551545889,0.0164433066590243,0.011532774,0.001633480656892,0.91013753,0.6486700844764708
0.0011519031032299,0.0001580789790625,0.0064487056806683,0.0038916536886245,0.0164675683095667,0.0040496788282173,0.01188238,0.00266102200374,0.45790166,0.4575615468621254
0.0012985580129169,0.0001422389588565,0.0031937826424837,0.0021890361863188,0.0103810881827295,0.0021973697277624,0.012323378,0.0029204338788986,0.4376775,0.4076516777276993
0.0017115185809447,0.0002662790691666,0.0225285785272717,0.0037752222269773,0.012405824501858,0.0035371882473348,0.014617339,0.0033696878515183,1.2951028,0.5488510954380035
0.0006035064575221,0.0001417718477372,0.0394073296338319,0.0098751280456781,0.0155132269184719,0.007489296688453,0.014144657,0.0033613399229943,0.87732,0.6609424352645874
0.0029897303865696,0.0007095960537896,0.0342716313898563,0.0152823226526379,0.046892399010094,0.0211625478281575,0.013630508,0.0029625784046947,1.0929929,0.6387923073768614
0.0008450298649255,0.0001452462649415,0.0067957141436636,0.0032894255127757,0.0129977056021819,0.0033404477905531,0.014117323,0.0033163288608193,1.0680883,0.6456946593523025
0.0006227149066478,0.000105614734734,0.0060573588125407,0.0014569102786481,0.0066544860782666,0.0013124313046801,0.016210072,0.003037882503122,1.1361153,0.6478791499137879
0.001289184776898,0.0002418008389965,0.0046021752059459,0.005175210235975,0.0235675743765324,0.0058701247864587,0.012671438,0.003040543757379,0.93130034,0.6309312874078744
0.0052548851897492,0.0010770162759824,0.0133637553080916,0.0435188713336174,0.1904094013744507,0.0629587335623657,0.014466843,0.0014723883941769,1.3373432,0.5525870025157928
0.0006096605185079,0.0001058074538994,0.0047378647141158,0.0017659898148849,0.0077592437279894,0.0017202439260228,0.014302576,0.0034199520386755,1.1628572,0.6434579193592072
0.0023536064148597,0.000479693889946,0.0326978247612714,0.0102765963599085,0.0327726900026039,0.0123774520202705,0.013815807,0.0031107364222407,0.75419885,0.582240685224533
0.0011599931622855,0.0001687498490817,0.0046961230691522,0.0016993960738182,0.0081081624547861,0.0018026554746672,0.015072124,0.0033535562828183,0.8473252,0.5801023304462429
0.0008283604533535,0.0001157865936786,0.0069446479901671,0.0015327488072216,0.0068263392433378,0.0013681671652751,0.016045678,0.0030101327784359,1.4670559,0.5129588305950165
0.0008954577851041,0.0001452174430532,0.0071079195477068,0.0024168063420802,0.0106198633008116,0.0023283704087491,0.0123105245,0.002754736226052,0.75908166,0.6056411105394359
0.0015446792763232,0.0001818939645161,0.01514921663329,0.0029510734602808,0.0122399842439338,0.0027637242000395,0.015961915,0.0029533771984279,1.5783069,0.4083688879013062
0.0019371271191782,0.0003557984607848,0.0052471156232059,0.0060575219249585,0.0282194633093619,0.0077541811722724,0.011624482,0.0025132107548415,0.6024867,0.5424419194459915
0.0006120925757378,0.0001036745761719,0.0051410910673439,0.0018155888607725,0.0074665718434531,0.0016892908741988,0.013751578,0.003333571832627,1.263864,0.6199877059459685
0.0003123219984674,8.02926210836212e-05,0.0073975522536784,0.0029032176826149,0.0109756266646422,0.00264366701261,0.013244441,0.0032927570864558,0.8893749,0.6698046326637268
0.0009423817957768,0.0001424317220287,0.01315009733662,0.002310904674232,0.0086074677739639,0.001902154048515,0.016391363,0.0029385779052972,1.3512025,0.5544368755817413
0.0023798289042842,0.0003234227602527,0.0087412083521485,0.0045473514590412,0.0211332812138566,0.0057877972105006,0.014622238,0.0030698882788419,1.4527429,0.4456611275672912
0.0012084957707308,0.0001648477086285,0.0042409996967762,0.0016424157656729,0.0076448746425401,0.001677348169809,0.01404725,0.0032205153256654,1.206634,0.570754200220108
0.0009537948216891,0.0001669239687704,0.0102547341957688,0.0037470508366823,0.0142593014173176,0.0037773841611587,0.013362996,0.0032706665806472,0.7505589,0.6150044724345207
0.0011159841440827,0.0001336342083278,0.0056665772572159,0.0012627252563834,0.0054857019486749,0.0012268888746914,0.0145488605,0.0034322873689234,0.5530838,0.4815559726953504
0.0011784003355015,0.000191633530228,0.0081642987206578,0.0028484773356467,0.012231888436804,0.0030495160703303,0.014526119,0.0034166526794433,0.89275974,0.6125498801469803
0.0012242257893652,0.0002025518152671,0.0187607482075691,0.00452042510733,0.0167099808441411,0.0044510480435759,0.015530206,0.0032213670201599,1.3372294,0.572375248670578
0.0043601603932546,0.0009701968630488,0.0677581205964088,0.0210329417139291,0.0636699229441781,0.0269241477923675,0.014341528,0.0026192037574946,0.84533334,0.5811714082956314
0.000329772651119,6.580796395250568e-05,0.0025255635846406,0.000921489787288,0.0040140343280585,0.0008152482150581,0.015691724,0.0033273883163928,1.3786372,0.5859936773777008
0.0004162290858015,7.487428592962975e-05,0.0024188056122511,0.0017892020440194,0.0077043442000428,0.0015750664584338,0.012412385,0.0029886723496019,0.66067904,0.6133800163865089
0.0009080425233971,0.0001394786361099,0.0080748340114951,0.0021604893263429,0.0090776113540419,0.0021101088400178,0.014037161,0.0032624094747006,0.67406785,0.5756047666072845
0.0005186450910032,0.0001160738961401,0.0004182400589343,0.0021296341387551,0.0208394019044863,0.0028202855916346,0.014213248,0.0023448173888027,1.0405471,0.6747549474239349
0.0004107773058216,9.21156344999214e-05,0.0081355655565857,0.0025833877734839,0.0102018368346133,0.0023978325795797,0.013928538,0.0033151569962501,0.972423,0.6776494801044464
0.0013012573775719,0.0001255128492418,0.0088914865627884,0.0014632271975278,0.0061363085718119,0.00127596694421,0.015953658,0.0030445066653192,1.660585,0.3458347916603088
0.0013919871180215,0.0002399534307361,0.0012516163405962,0.002953642982593,0.0195021053091231,0.0039605941013371,0.0126670385,0.0026723458245396,0.819761,0.5912988352775572
0.000683540177944,9.740086632375046e-05,0.0039084488525986,0.0010527082486078,0.0044806024687605,0.0009369165987527,0.01447794,0.0033165040425956,1.3726091,0.5530775785446167
0.0011244770665027,0.0002008485927677,0.002438775030896,0.0039278092406675,0.0203906467140164,0.0045914133563322,0.012376435,0.0028921789489686,1.1975036,0.6163145303726196
0.0014963224410904,0.0001434669880998,0.0029505759011954,0.0022750804200768,0.0099816897380067,0.0022905540557552,0.013294547,0.0033348500728607,1.6596651,0.3404184579849243
0.0012509735564352,0.0001632996342909,0.0078346412628889,0.0014324846770614,0.0057093521438879,0.0013188792029554,0.014290165,0.0033683104440569,1.329701,0.5375002324581146
0.0010720177465809,0.0001763256577516,0.0001243459191755,0.0010112127768024,0.0225326944631122,0.0021517515999701,0.015671935,0.0016289270296692,0.67828333,0.5884619876742363
0.0013388401033864,0.0002648052526303,0.0021446186583489,0.0056456566519773,0.0315393493405972,0.0072566190415544,0.01160218,0.002389111239463,1.1347907,0.63759581387043
0.0006476031845492,0.0001196993594491,0.0158415008336305,0.0045766904950141,0.0146090535176515,0.0042011451881082,0.0138580175,0.0033031021058559,0.63704526,0.5929946276545525
0.0103456333581026,0.0011000548881157,0.0857589840888977,0.0118791908025741,0.0899645108494731,0.0170736759815112,0.018742982,0.0010692302882671,1.5586183,0.3011353015899658
0.0096493872490068,0.0017680470785372,0.0875861421227455,0.0392680838704109,0.16687282926473,0.0592248335017772,0.011448579,0.0008621076121926,0.6773649,0.4548892676830292
0.00054311567495,0.0001060940773704,0.00010184427083,0.0008075821590682,0.0127268750043093,0.0013197738890243,0.013643226,0.0019738414511084,1.1700479,0.6496360003948212
0.0006377029376464,0.0001286589603347,0.0059223128482699,0.0063483549383818,0.0240270396242893,0.0060202438725633,0.011749271,0.0025864169001579,0.75834966,0.6485947966575623
0.0010464726227161,0.0001880517314235,0.014841353520751,0.0041220077872276,0.0154789463830436,0.0041734177338571,0.014653293,0.0033926788344979,1.0134835,0.6324823457002638
0.0011469493129668,0.0001819849161228,0.0020523269195109,0.0034248648125867,0.0193272889309573,0.0040521344788009,0.013600953,0.0028958804905414,1.4280199,0.533334344625473
0.0011989383164716,0.0002277894312405,0.0215591136366128,0.0053749613091349,0.0177301123989462,0.0053326182220824,0.013821363,0.0033197705633938,0.93987596,0.6426042765378952
0.0024163161232587,0.0004065930254569,0.0262489151209592,0.0064151505380868,0.0263691300636344,0.0074697299370074,0.01607263,0.0028134829364717,1.1620613,0.5521800374984739
0.00303044357894,0.000618998091349,0.0322043765336275,0.0097582914680242,0.0380296359727799,0.0139212126336077,0.014553219,0.002964217569679,0.93225145,0.5827282786369323
0.0006750086976735,0.0001382885422863,6.499537266790867e-05,0.0006834336406745,0.022558088031369,0.0019478444741359,0.011771129,0.0013850841671228,0.8194938,0.6527606472373009
0.0008953475662091,0.0001717346038794,0.0133099029771983,0.0074446988292038,0.02490136115646,0.0075827267271688,0.015175786,0.0034196454659104,1.4075235,0.5660430490970612
0.0007641924170573,0.0001381356517062,0.0061834305524826,0.0035007059387862,0.0134241109854257,0.0034884807712344,0.01416681,0.0034430046938359,0.916402,0.6462584137916565
0.0017369397878266,0.0002398674850188,0.0096896104514598,0.0028865241911262,0.0135677902018276,0.0034044006488324,0.014282029,0.0031677533872425,0.61225885,0.489244595170021
0.001103329517224,0.0001748521789783,0.0133391479030251,0.0058374851942062,0.0222242337981309,0.0060087997565163,0.011445622,0.0022479899600148,0.49348295,0.4884317442774772
0.0023154845655938,0.0005662801732088,0.0055339508689939,0.0160442744849569,0.0773916565331585,0.0233162727344536,0.011584563,0.0015542372129857,0.9781315,0.651508027911186
0.0009675677573803,0.0001283341802789,0.0065055736340582,0.0017899052239954,0.0079272473412102,0.001751693932478,0.014755247,0.0033079390414059,1.5044932,0.4799076914787292
0.0014308078785247,0.000345722157624,0.033943148329854,0.0233627081289887,0.0518079235869509,0.0245733055014655,0.012418387,0.0027479719743132,1.0460708,0.672524482011795
0.0006349704149062,0.0001265832683916,7.63679199735634e-05,0.0007474529902538,0.0178745866772601,0.0016495967290488,0.013304767,0.0017660079710185,0.79709184,0.6452914878726006
0.0014117294386726,0.0001570570394404,0.0031572021543979,0.0026537218072917,0.0109277389706105,0.0026996167930268,0.0140791,0.0035603479482233,1.5743577,0.3998667001724243
0.0015740996297336,0.0002661458165244,0.0004981938982382,0.0026131647191505,0.0240008760645133,0.0040830496059624,0.012875089,0.0022599208168685,1.271751,0.5752262771129608
0.00247577862816,0.0004825278853839,0.0208988115191459,0.0073731402680277,0.0299581174837689,0.0099825735428876,0.015320446,0.003036315832287,0.9828408,0.5946908444166183
0.0008433346021158,0.0001227136821487,0.0079416795633733,0.0011264914926141,0.0037201855852611,0.000851508011758,0.014887935,0.0033330771327018,1.1491123,0.6142840903997422
0.0012098474964275,0.000182958280056,0.0019308412447571,0.0029975691911386,0.0158960659182607,0.0034247755464197,0.011584036,0.0029049521125853,1.405795,0.5316925048828125
0.0039385820620503,0.0008869910882954,0.0533046647906303,0.0150129720568656,0.0437257010408245,0.0203866076144713,0.012517952,0.0026662139780819,0.99696594,0.6069752997159958
0.0014164922463544,0.000172270439319,0.006578211672604,0.0013507464900612,0.005685384279409,0.0012634948500871,0.014601389,0.0032784308493137,1.3143685,0.5124238646030425
0.0002226979522626,9.290458838298448e-05,0.000541396846529,0.0031328221435251,0.0225975799849483,0.0035711730689191,0.0118230535,0.0021918304264545,0.9291731,0.678874513506889
0.0015147784317028,0.0002863971245463,0.000115758870379,0.0015511577109828,0.0527703359020016,0.0056885420293417,0.011766288,0.0012343926914036,0.594564,0.5512873622775079
0.000394090833671,0.000110453423201,0.0177825540304183,0.0071313849650323,0.0197402576071394,0.0065943247438906,0.014039785,0.003409253116697,1.0334151,0.679839008450508
0.0015149613496563,0.0002090302977809,0.0060304799117147,0.0017474347259849,0.0081836912766109,0.0018831596918126,0.0138810435,0.0033053879812359,0.8867926,0.5442025065422058
0.0016573484457306,0.0002073652164991,0.0104763740673661,0.0032452282030135,0.0143873487442665,0.003641271014613,0.014165801,0.0031690936721861,0.47373924,0.4218145769834518
0.0012908262897322,0.0002404955925087,7.084455864969641e-05,0.000710304708964,0.0498507749408661,0.004739993976421,0.011103538,0.0009750719182193,0.5669027,0.5478975018858906
0.0016058785709011,0.0001923354452793,8.291656922665425e-05,0.0007730504044957,0.0244749694859987,0.0022146931187086,0.016077632,0.0013668172061443,1.551775,0.4186694622039795
0.0010521332176426,0.0001386304545188,0.0082690194249153,0.0021070293150842,0.0089785681297274,0.0020294755933511,0.015198532,0.0032948219776153,1.5279877,0.4664824962615966
0.0011411339650294,0.0001744254789882,0.0066794785670936,0.0026743815559893,0.011610106538661,0.0028000061566581,0.014915487,0.0033616684377193,1.2280997,0.5853803753852844
0.0015264833091854,0.0001124077573451,0.0060308706015348,0.000689554028213,0.0022218929195865,0.000496528917552,0.0146251805,0.0033063871227204,1.6862546,0.3069898247718811
0.0009116310637289,0.0001279610356177,0.0032264410983771,0.0027091903612017,0.0129298210698133,0.0024081249115015,0.0112411175,0.0020044384896755,0.527634,0.5136723056435585
0.0007940036875703,0.0001321487021062,0.001365668256767,0.0021108248354721,0.0124477048426794,0.0020898619471917,0.0112401005,0.0021128561347723,1.024439,0.651786316037178
0.0008552558878483,0.0001594122045898,0.0129050640389323,0.004580444432795,0.017016707028341,0.0045259464165533,0.014413324,0.0031921149231493,1.2159258,0.6285312902927398
0.000219299169101,6.614870399278077e-05,0.0029539115494117,0.0017629580688662,0.0065742780975303,0.0014968700324513,0.01314549,0.0032390248775482,1.1209356,0.6734779620170593
0.0009078044143848,0.0001690191562948,0.0009320278768427,0.0034019260779314,0.0234556478706359,0.0041881459363984,0.012061951,0.0023822981119155,1.3345883,0.5838081240653992
0.0008872008641912,0.0001513300244634,0.0045526139438152,0.0033869980543386,0.0130455609873987,0.0032669100874499,0.013587184,0.0033117891289293,1.0724145,0.6354731917381287
0.0016595389369716,0.000202306483619,0.0055966712534427,0.0013714738283306,0.0065691670282062,0.0014380788053555,0.013914839,0.0031615991517901,1.1430907,0.5088896965980527
0.0008939382058596,0.0001312872049518,0.0035388281103223,0.0018101676087826,0.008152708459769,0.0018000725416799,0.0129578365,0.0031892980448901,0.7558734,0.5927397534251213
0.0009206044083804,0.0001469813134618,0.0013140945229679,0.0024340270476386,0.0165675189729714,0.0025088320947542,0.010989766,0.00154490115121,0.65800875,0.5833551314473152
0.0025862191011932,0.0003805558362205,0.0218652449548244,0.0036203451454639,0.0152463263086957,0.0039612790841889,0.016192205,0.002844912726432,0.9759455,0.5078893005847931
0.0035325099107767,0.0006256447380103,0.0276813367381691,0.0060358718782663,0.0260955825350348,0.0091552519529727,0.013179846,0.0030215688608586,1.12995,0.5282178819179535
0.001298203740822,0.0001391414922444,0.0070144985802471,0.0009126076754182,0.0028657069509144,0.0006442560659437,0.014297886,0.0032178363762795,1.4360535,0.4706246185302734
0.0009648264133449,0.0001595096184677,0.007020070683211,0.0028657282097265,0.0119808175938059,0.0029481171685503,0.01402667,0.0033952337689697,1.22878,0.6117420196533203
0.0003281520831396,7.134342639649447e-05,0.0001109245968109,0.0006163866898987,0.0067453551206364,0.0007830256286545,0.012763923,0.0022534476593136,1.191806,0.6437979578971861
0.00112234816256,0.000221681125095,0.0001047712721629,0.0011875691260411,0.0314800820039595,0.003322699916915,0.011497605,0.001234392542392,0.88753915,0.6429072123765944
0.0008517023524382,0.0001153937971564,0.0027773017063736,0.0015039032953791,0.0072300025467955,0.00147552862581,0.012733335,0.0030234803259372,0.59861386,0.5395739376544952
0.0009037131019694,0.0001745485127669,0.004388484172523,0.0051997317600762,0.023687656400256,0.0056983744211378,0.013438709,0.0030860773846507,1.1536793,0.6382483786344528
0.0004391797933736,6.590068370912277e-05,0.0023629333591088,0.0005732014705426,0.002103929253644,0.0004380784300914,0.014669498,0.0033869524486362,1.3338746,0.5855404138565063
0.0008562368541761,0.0001402421607742,0.003285105805844,0.0024090130173135,0.0100482465823225,0.0023385881947988,0.013092254,0.0034168493002653,0.9692641,0.6433291435241699
0.0010143310113308,0.0001538123556059,0.0054394523613154,0.0018007955234497,0.0081103083878332,0.0018032396512032,0.013687448,0.0032825418747961,0.85610634,0.6135914504528045
0.0008265065743399,0.0001489535794003,0.0001023166041704,0.0009555045373872,0.015002708287585,0.0016866845743544,0.012771065,0.0018365713767707,0.90652555,0.6441290360689162
0.0006605655387144,0.0001027278673737,0.0066318875178694,0.0012195429764688,0.0047783108286424,0.0009963334396657,0.015463861,0.0031278914026916,1.1965852,0.623220635652542
0.0012523838964303,0.0001852730945991,0.0054004858247935,0.0019977881666272,0.0096112393175788,0.0021851775532632,0.015123185,0.0033089538291096,0.7750864,0.5670971822738647
0.0012439467077033,0.0001536626237047,0.0067771491594612,0.0018251265212893,0.0084140071915868,0.0018407721545217,0.012823684,0.003075075354427,0.5252163,0.4657300740480422
0.0043556468285538,0.0006825075564817,0.081447210162878,0.0402442897856235,0.146834668766283,0.0523779272329613,0.01755563,0.0017098398506641,1.5520962,0.4280013132095337
0.0006610756209144,0.00010962637505,0.0057025509886443,0.0015436382964253,0.0063421660799471,0.001408051365928,0.0132650165,0.0033043754100799,0.9789887,0.6608861088752747
0.0008994785543902,0.0001417991190133,0.0093863140791654,0.0032441251166164,0.013411339235803,0.0032301253145124,0.015625149,0.0032086936384439,1.4404001,0.5280264604091645
0.0019520365196689,0.0001799083598155,0.0076333864126354,0.0015467419289052,0.0074915673035376,0.0015468068794522,0.015434952,0.002993875183165,1.5891814,0.3671612048149109
0.0020868337060561,0.0004353370780279,0.0342331379652023,0.0097878543660044,0.0295738796673324,0.0108309865795071,0.012568332,0.0028781115449965,1.0092154,0.6365864431858064
0.0062654761865138,0.0013400486049452,0.1046599335968494,0.0635828867554664,0.1526661325742823,0.0711507281904773,0.011703267,0.0013086535036563,0.57931983,0.5085401830077171
0.0012926103947362,0.0002090022226976,0.0096753938123583,0.0036284663341939,0.0152687675888992,0.0039190538014297,0.013966175,0.0032948275469243,1.2654481,0.575891592502594
0.0016374246590631,0.0002262405761555,0.005861003883183,0.0022003852948546,0.0103372636301518,0.0025500036626692,0.014034695,0.0034201373532414,1.2197443,0.5345849394798279
0.0005319841959117,0.0001336336172306,0.0058349031023681,0.00772239435355,0.0324438642235275,0.0080908974210749,0.012257172,0.0027753417193889,0.92310524,0.6740317499637604
0.0013289640104275,0.0001957374278234,0.0131435366347432,0.0040262362919747,0.0171881516263312,0.0041767050391366,0.015791874,0.0030646165832877,1.441695,0.5145511162281036
0.0040718862221841,0.0007766588933477,0.0024591640103608,0.0087806745521629,0.0790651983407998,0.0173093628016225,0.012112949,0.0012765258364379,1.4096867,0.5355052649974823
0.0020379358682357,0.0003463125278104,0.0108006792142987,0.0047145988885313,0.020486380134611,0.0061361395818508,0.012871543,0.0031104823946952,1.187876,0.5618988871574402
0.0056599944248688,0.0009662193570699,0.0492588207125663,0.0156915571540594,0.0850805743154132,0.0242112269905793,0.017436983,0.0016531655192375,1.1111778,0.485002111196518
0.0005931013364833,0.0001146828657706,0.001777168305125,0.0027024338141927,0.0148633466907443,0.0028239523073457,0.013235496,0.0029011145234107,1.0624578,0.6670053452253342
0.0009966899116583,0.0001499871648826,0.0067478246055543,0.0019056943152099,0.0086553334657733,0.0019088992702654,0.012879506,0.0030912891961634,0.7132823,0.5768241822719572
0.0018876480750309,0.0002501545347231,0.0077829379588365,0.0031975446268916,0.0146127984721665,0.0038057280087562,0.015104516,0.0033626588992774,1.4715003,0.4690427482128143
0.0013897147156912,0.0002559843558301,0.0026442760135978,0.0043100094853798,0.0242006482399366,0.0054990085106015,0.013145428,0.0028368920460343,0.9856342,0.618678018450737
0.0004117279227065,7.442686652783196e-05,0.0024699480272829,0.0013740401505492,0.0058209877264404,0.001258442556167,0.013247889,0.0033415229804813,0.8424525,0.6548519110679621
0.0010452806906549,0.0001682118699753,0.0012064348557032,0.0025382494536825,0.0167205825532443,0.0028806085183693,0.011230567,0.0020088431611657,0.70559824,0.5867399716377257
0.0013921628649462,0.00024901583651,0.0195779893547296,0.0044215504266321,0.0148428004943468,0.0043580667968284,0.01340835,0.0032888054847717,0.84106106,0.6176560103893279
0.0013323728335966,0.0002739101534632,0.0288996249437332,0.010960184186697,0.0296826785955558,0.0115499276170089,0.012154786,0.0028320918790996,0.715864,0.613727414906025
0.0018533398060394,0.000413473873314,0.0564712584018707,0.0239038737490773,0.0323215270768387,0.0226088576335597,0.01194145,0.002823241520673,0.6935641,0.6136167487502098
0.0019567607494262,0.0003232779731483,0.0174307664856314,0.0055653716996312,0.0236436010769139,0.0064066002020574,0.011243935,0.0019222168438136,0.6016568,0.5161323845386505
0.0031959861008117,0.0006019560280428,0.0390639845281839,0.0102941542863845,0.0449130739647628,0.0140078718476987,0.016272433,0.0025845579616725,0.8053163,0.543281453847885
0.0015376624820635,0.0004332209363474,0.1749393939971923,0.0711006298661232,0.0138498815885715,0.0570811690789046,0.0141162565,0.003348275553435,0.9382912,0.6634554499387741
0.00685498113045,0.0013304437219284,0.0008989042253233,0.0208171574408879,0.3864628616833495,0.065284294685568,0.015032277,0.0009653603285551,0.56261814,0.4758674949407577
0.0011977441196429,0.0001595678596643,0.0063780159689486,0.0011585110332816,0.0045932449815207,0.0010041766626118,0.015011366,0.0033362699672579,1.0405271,0.5768896466493607
0.0013217788677763,0.0002230104424261,0.0128064826130867,0.0047160203196108,0.0182086514470573,0.005103321664027,0.013405541,0.0032550580799579,1.2794323,0.5771528720855712
0.0014492774190488,0.0002613188187657,0.0034150078427046,0.0046755068251513,0.0287088974412818,0.0060710366301244,0.01468545,0.0026307930238544,1.1618716,0.6169688403606415
0.0046182968402055,0.0008385692296236,0.0935906767845153,0.0153622262179851,0.0236903818728964,0.0125384007538335,0.015171301,0.0031991048902273,0.71050847,0.4844622856378554
0.000995815820174,0.0001320341995025,0.0035997366067022,0.000864703208208,0.003635204609927,0.0007731935400616,0.014198199,0.0034102397412061,1.0292873,0.5985044687986374
0.0008017461121773,0.0001552812221372,0.000194220803678,0.0017405016955945,0.0289706132215976,0.0030273146062657,0.015569565,0.0018070069141685,1.1262424,0.6431212908029555
0.0003762713760412,9.431704451815849e-05,0.002502458053641,0.0032856456981971,0.0155270982628739,0.0032137990409774,0.012446128,0.0029682566225528,1.1813079,0.6485566419363022
0.0016431191337127,0.0002489170745227,0.0075100450776517,0.0029196378309279,0.014029360218838,0.0035284404040483,0.013203641,0.0032306054420769,0.72455287,0.5308276563882828
0.0008465011754506,8.742140331321558e-05,0.0021792983170598,0.0004201480024494,0.0013553345674411,0.0002862045445642,0.014446421,0.0033809702657163,1.4118907,0.4982794058322907
0.0007630511357422,0.0001326176694498,0.0003327613521832,0.0020067409446892,0.0188280854191729,0.0024547568757504,0.011336776,0.0015435286797583,0.69407725,0.6081695854663849
0.0013000067962973,0.0001482882203972,0.0083714425563812,0.0026628677733242,0.0135914626661931,0.0026244108980011,0.016570086,0.0025986032560467,1.612363,0.3914621424674988
0.0013830293120294,0.0002526382959073,0.0002754067245405,0.0024189069143358,0.0309027318588831,0.0042574875262217,0.0137998015,0.001832403242588,1.1632768,0.6038199305534363
0.0078471701154613,0.0011818074161725,0.0566336922347545,0.0491793516604229,0.214045229049526,0.0707807275994941,0.01642614,0.0011197229288518,0.4911192,0.3967237514257431
0.0008058166874908,0.0001125553310813,0.0070728291757404,0.0012160858884453,0.0044937035562205,0.0009843911206045,0.014865683,0.0032601919956505,1.3582233,0.5631043088436127
0.0013316371161876,0.0002082005857792,0.0066702370531857,0.0025420629698783,0.0113930738818447,0.0028070628556804,0.014051818,0.00333753881976,1.0407243,0.5967469030618667
0.0025025166998398,0.0004275806672896,0.000122358687804,0.0013653399300892,0.0726754633255442,0.0081617965448939,0.01767524,0.0012808278575539,1.1250151,0.5618875360488892
0.0024642670631023,0.0005513478263026,0.0074808010831475,0.015650838276997,0.0897782235264659,0.0238550587423731,0.014374669,0.0020333598367869,1.0934019,0.620246200561523
0.0007210578999947,0.0001143479661368,0.0037509375251829,0.0015772493602707,0.006964060650246,0.001517303017233,0.0133157,0.0032818224281072,1.0011442,0.6396316653490066
0.0006276447367244,9.448430125360814e-05,0.0007572679314762,0.0012480796995077,0.0069994039451196,0.0011604597502518,0.011519717,0.002509352825582,1.0214936,0.6459879767894745
0.0007201229965417,0.0001132756852081,0.0039988150820136,0.0013975634938105,0.0062773433430935,0.0013146210235239,0.013443571,0.003285010214895,1.0127594,0.6400782316923141
0.0010512626291463,0.0001821627976415,0.0022173274774104,0.0040024594527494,0.0214401590584569,0.0045218360555049,0.011673761,0.0024925847537815,1.3163828,0.5866516172885892
0.0008277981858983,0.0001459534835002,0.0022582767996937,0.0028944484874955,0.0143325868244703,0.0029579293547777,0.0117019545,0.0028271563351154,1.1012225,0.6418567276000976
0.0016072735524976,0.0002885854784181,0.011234713718295,0.004814596325159,0.0197956884518504,0.005757891725278,0.013691946,0.0032516727223992,0.8251718,0.5937516731023789
0.0009547180801494,0.0001356803276832,0.0076025747694075,0.0020001465268433,0.0087062461233726,0.0018961991991472,0.01508799,0.003125126492232,1.4160445,0.5316537821292877
0.0021342394925015,0.0003638827516525,0.022323640063405,0.0050486940518021,0.0196013684336345,0.0057442276848303,0.015182094,0.0031992109678685,0.8408003,0.5559338384866712
0.0014374143963173,0.0001596624409893,0.0062938528135418,0.0012348752934485,0.0054680143244935,0.0012457119072701,0.014901606,0.0034408075734972,0.5437416,0.4393843045830727
0.0007412673020098,0.0001152175969506,0.0067981374450027,0.001705317525193,0.0071179252874814,0.0015651570290655,0.01529819,0.0032916791178286,1.3418777,0.5828839242458344
0.0013808992731603,0.0002905702183204,0.0132133495062589,0.0116911858704406,0.0457938534455401,0.0133733808805052,0.015208591,0.0027881089784204,1.1300088,0.6374950557947159
0.000636880222766,0.0001222889785726,0.013168551493436,0.0055945347994565,0.0177092579073338,0.0050819931407716,0.0117992,0.0025220299139618,0.714031,0.6197567224502564
0.0016092231968247,0.0002906691778811,0.0081747258082032,0.0099192891248094,0.0417707337683693,0.011043024108644,0.010623692,0.0009711817093193,0.5090392,0.5198053568601608
0.0047368640315406,0.0007916643616957,0.0507737658917903,0.0207005072757601,0.0793561642279247,0.0271867221845177,0.01458101,0.0022956062853336,1.4959342,0.4643042087554931
0.0020854430557205,0.0003574748993602,0.0254509504884481,0.0062198262289166,0.0222460045647145,0.0068133644412066,0.014948384,0.0032386865839362,1.2378683,0.5665687918663025
0.0004994892090541,7.783956202788334e-05,0.0035872894804924,0.0007260690908879,0.0027606264456411,0.0005749392577909,0.014833966,0.0033527505584061,1.1445879,0.638719888329506
0.0011031431565786,0.0001645724356556,0.0057909353636205,0.0016845443751662,0.0076229054172865,0.0017387963472531,0.014379179,0.0034013916738331,0.925532,0.6026190042495727
0.0012529696144377,0.000168551971,0.0134196542203426,0.0034887501224875,0.0137911402493345,0.003440550010431,0.012582548,0.0029011353850364,0.4741404,0.4555180162191391
0.0010172890810001,0.0001558632257319,0.006066535366699,0.001633872622624,0.0072610965878378,0.0016051405792315,0.013740728,0.0032498368807137,0.98737514,0.624826880693435
0.0007319853160507,0.0001098449281655,0.0024451294448226,0.0013267581583932,0.0055791583491038,0.0012278869462965,0.014159296,0.0034684641472995,1.0015279,0.654898390173912
0.001122068161585,0.0001351456857073,0.0053772153332829,0.00106693059206,0.0043839649145228,0.0009477585268436,0.014380915,0.0033110585063695,0.6260521,0.5117487612366672
0.0009874982492554,0.0001749627334206,0.0002003413974307,0.0014306513969586,0.015786878226642,0.0021871165741082,0.012573145,0.0020262413285672,1.0896865,0.6336838310956955
0.0022226534408643,0.0002962783037844,0.0108990897424519,0.0024113678373396,0.0112972195341875,0.002784354990788,0.015031902,0.0031464793346822,1.1512079,0.4959926581382752
0.0032376425610758,0.0004053971280668,0.0027780985692515,0.0050909510355268,0.0391885171646651,0.0077388006581521,0.013480821,0.0020838822238147,1.6196163,0.3678538942337036
0.002034937657636,0.0003621213028505,0.0057099689729511,0.0046358308196067,0.0214370111942253,0.0057722704194936,0.01180281,0.0027469084598124,1.1254796,0.5897591197490692
0.0010964155224205,0.0001938142834005,0.0173159223049879,0.004768843948841,0.0176575328699212,0.0046598691112718,0.015732411,0.0032062661275267,1.2485969,0.6081687140464782
0.0074898538873086,0.0016707426645825,0.0736573636531829,0.0449712537229061,0.1244545815471936,0.0633008982517957,0.013238605,0.0014432799071073,1.0364466,0.5790504777431486
0.000455424162073,8.368050179961058e-05,0.0023451896850019,0.0020409686730999,0.0078499566449396,0.0017333039290051,0.0132128615,0.003287852499634,1.3615626,0.5874055075645441
0.0015583821853371,0.0002113368030821,0.0029628032352775,0.0023071297374553,0.0104309376409121,0.0024800721035361,0.013300907,0.0032923952676355,1.2084415,0.5368438065052032
0.0016520877737403,0.0001776654063538,0.0085552390664815,0.0022852323297411,0.0105107331310666,0.0024244975055955,0.01510613,0.003276360053569,1.5893621,0.3864298748970032
0.0003938510083458,8.789641291683556e-05,0.0062722638249397,0.0023637060308828,0.0095614155723534,0.0022301795578179,0.014534901,0.0034126164391636,1.0833733,0.6637399941682816
0.001194410291728,0.0001986139560542,0.0093702916055917,0.0032973969355225,0.0129622074957519,0.00355859960426,0.014052185,0.0034609307162463,0.9339932,0.6217191368341446
0.0027814167296378,0.0004774625455473,0.0369910188019275,0.0102826207876205,0.0343727485876444,0.0129215955835057,0.012895674,0.0029079126007854,0.500977,0.4625183197855947
0.0006401839930203,9.148530174255052e-05,0.0020333607681095,0.0007947189477272,0.003473930713986,0.0007177838492202,0.014178063,0.0034349345043301,0.97076905,0.6261649131774902
0.0012495757980358,0.0002033285671992,0.0001623417192604,0.0012128886421578,0.0171297923500087,0.002068118537163,0.011437487,0.0014324193447828,0.7689874,0.5874015122652053
0.0023706677253958,0.0003570759393483,0.0225930046290159,0.003602711930871,0.0136375920103494,0.0039198595942093,0.015125547,0.0032613681815564,0.82368577,0.5094214141368866
0.0016181486032491,0.0002206395765389,0.0086734499782323,0.0014874206390231,0.0059348270051217,0.0013905644683103,0.014478794,0.0033207769691944,0.9220699,0.5526023989915847
0.0013008921721017,0.0001900653397579,0.0055254618637263,0.0030056231189519,0.0127207270713918,0.0032821576256476,0.014127841,0.003379064630717,1.335245,0.5458092987537384
0.000741493011836,0.0001226479717605,0.0042730011045932,0.0031938664324115,0.0119862858198853,0.0030277053877996,0.014158656,0.0034293468855321,1.4082264,0.5579514765739441
0.0014456052467529,0.0001370932526649,0.0103475423529744,0.0025435046106576,0.0120332719033449,0.0025823174437041,0.012237486,0.0026579229161143,0.30860522,0.3132613562047481
0.0014774452712624,0.0002658558433445,0.0064627048559486,0.0050471656722947,0.0204021210967902,0.0055532337898456,0.012130989,0.0028429236263036,0.9786908,0.6099910140037537
0.0005237371981756,9.70859076158566e-05,0.0013480201596394,0.0020285723590495,0.0108472654401414,0.0020498554610805,0.012453598,0.0030659633874893,1.0401664,0.6555473357439041
0.0003526815789409,7.238233597192754e-05,0.0006002906011417,0.0013841428697196,0.008641044933151,0.0013849189161648,0.011972671,0.0026952037401497,0.938339,0.662669290304184
0.0011685067947309,0.0001531170014099,0.0061466784682124,0.0020995802478864,0.0092251914949599,0.0021803803824342,0.01545648,0.0034211776219308,1.4720933,0.4898367273807526
0.0005481412060618,9.139746791089558e-05,0.0067172772251069,0.0012947239447385,0.0048073422882911,0.0010629201514713,0.014903264,0.0033463506400585,1.3471353,0.5827774751186371
0.0008633320752776,0.0001523634954435,0.0019639877136796,0.0027603783594531,0.0151395997289079,0.0030516896780742,0.012489941,0.0029508908092975,1.1356556,0.6399620175361633
0.0030767366922981,0.0004759707436889,0.0011156078544445,0.0059085061438418,0.0580033847719743,0.0106265722398313,0.0122630475,0.0015633604489266,1.5684261,0.4300827980041504
0.0006775672696765,9.82671793326778e-05,0.0087801599875092,0.0015194648597389,0.0052796702373929,0.0012473767108832,0.013877556,0.0033758289739489,0.56415737,0.5419849720597264
0.000989156381412,0.0001347169631972,0.0108540207147598,0.0020779942907392,0.0078784896792802,0.0018537374935288,0.014765961,0.0033374279737472,1.5299058,0.476931482553482
0.0024946657499194,0.0002335144327667,0.0091644814237952,0.0012174397706985,0.0054070338569986,0.001067008641215,0.01654651,0.0028099210560321,1.417264,0.3867128252983093
0.0045407080349515,0.0009991883119454,0.0165670551359653,0.0187045016439515,0.0983266319429318,0.0309656583125613,0.011894129,0.0010317568667232,0.615994,0.5380355641245842
0.0009650176772992,0.0002309276737839,0.0651093758642673,0.0198283632844686,0.0294926076766817,0.0159954500493856,0.015375223,0.0032362504862248,1.1868542,0.6399158835411072
0.0062651303077744,0.0010613881649227,0.0721586234867572,0.0214070118963718,0.1335401286968187,0.0344416113831669,0.018373005,0.0012382922321558,1.262841,0.4787147974967956
0.000654939684984,0.0001167894896502,0.0033440990373492,0.002742071437533,0.0109733088705878,0.002537279708801,0.012556432,0.0032804158702492,1.0062104,0.6574923396110535
0.0008687015896858,0.00012602785732,0.0007552859024144,0.0013323465782377,0.0091607783553833,0.0013486032509564,0.011367558,0.0020366748794913,0.7559141,0.6004357933998108
0.001906923091011,0.0002122734282281,0.0087251998484134,0.0018947231490164,0.0085813576536843,0.0020066507803128,0.015257154,0.0032884242385625,1.4626479,0.4338515400886535
0.001478800248582,0.00031308244542,0.0011058917734771,0.0056030333798844,0.0443683795831841,0.0081569088201189,0.011044622,0.0011821975931525,0.8961092,0.6475495994091034
0.0010680337146608,0.0002250310612769,0.0002942177816294,0.0032200229659338,0.0381879908625991,0.0052297868808183,0.011827991,0.001592197921127,0.98827386,0.6559235513210295
0.0013368778504159,0.0001821000160187,0.0072237506974488,0.0020896613597869,0.0094300236324169,0.0021856022679115,0.015006609,0.0033279693126678,1.3328139,0.5293763768672943
0.001753376469272,0.0002760913250777,0.0096897301264107,0.0074987574899569,0.0293397456986575,0.0081033418594269,0.011159947,0.0018168301321566,0.4814665,0.4707986265420913
0.0009243685851874,0.0001381003579059,0.0046768798492848,0.0014483632100746,0.0065711172688088,0.0014503961298941,0.014484195,0.003429442346096,0.97364974,0.6191043108701706
0.0012860583917475,0.0001530093862871,0.0106381429359316,0.0028234124649316,0.0134156067582361,0.0027987153806628,0.016291022,0.0028493567369878,1.6003757,0.3948386788368225
0.0004591421621679,9.3688454162192e-05,0.010242722928524,0.0019934903830289,0.0079069588681706,0.0016267467984169,0.01652482,0.0029049842432141,1.3416362,0.5942791748046875
0.0011213229556746,0.00018374243924,0.0092739881947636,0.0029063017573207,0.0120683480532988,0.0030307779904751,0.014913391,0.0034237994253635,1.1361084,0.6206954568624495
0.0017214938133734,0.0002192603295704,0.0097678620368242,0.0015618476085364,0.0061996977320828,0.001458653486851,0.014472001,0.003258283175528,1.1985492,0.5184228122234344
0.0021040057146351,0.0002979944881454,0.0108764572069048,0.002331503201276,0.0118038271553113,0.0028148613251506,0.012059619,0.0027101998589932,0.75419885,0.5075706523656845
0.000690969856173,0.0001166308532901,0.0037122243084013,0.0026448796852491,0.0104587979379114,0.0024069924066589,0.012777231,0.0030592982657253,1.1797249,0.6337908506393433
0.0065596562242553,0.0015400754741189,0.0929956398904323,0.0585757587850093,0.1543541666896292,0.0786574177528964,0.013446579,0.0016075246967375,0.84550333,0.5922980028390884
0.0026316481407625,0.0004076192220089,0.0168253323063254,0.003703550286591,0.0169022555906401,0.0050176315549625,0.014187452,0.0032068877480924,0.8262776,0.5070957750082015
0.0005491383337685,0.0001036948219562,0.001386608753819,0.002343557777749,0.0141710631086129,0.0023541704032757,0.011543037,0.002263165526092,0.84530586,0.6579452902078629
0.0009637988001295,0.0001447557290857,0.0021960182348266,0.0032063434027804,0.01767379080591,0.0032384178935339,0.011244583,0.0021117450669407,0.5409198,0.5194643065333366
0.0016542530465736,0.0002591947229025,0.008441112935543,0.0035226824134588,0.0150895072793002,0.0041445959416973,0.014207651,0.0034441845491528,1.2311026,0.5670139551162718
0.0012028971380218,0.0001739806733276,8.499171963194385e-05,0.0005597485344424,0.0111840620457752,0.0012510432516969,0.0140786115,0.0016987217031419,1.2301638,0.5670781493186952
0.0006790260218142,0.0001003659216531,0.0050442148931324,0.0013894189102575,0.0062396153876401,0.0012793907891649,0.015270821,0.0031846705824136,1.4432225,0.5341607201099396
0.0020425299898557,0.0004777880795344,0.0156307164579629,0.0143627575886785,0.0433791883245624,0.0178058891275963,0.012232911,0.002824180368334,0.9944946,0.6459865719079971
0.0049445075675593,0.0008532915946196,0.0105209518224,0.0358707622183283,0.2503201352957238,0.0595908552388594,0.017305031,0.0013585933297872,1.4664026,0.4774224531650543
0.0014782035610645,0.000154563667447,0.0079641686752438,0.001350836828351,0.0056123999979047,0.0011965127459117,0.015758,0.003152769524604,1.5276908,0.418292338848114
0.0015676440334901,0.0002629159101784,0.0102115515619516,0.0036650481633841,0.0157311222057095,0.0042237834051712,0.013753837,0.0032621495053172,1.0952212,0.5969059020280838
0.0018037271519792,0.0002697998581444,0.0275773387402296,0.005371986888349,0.0182246106503806,0.0051376970577922,0.015504918,0.0030490695312619,1.4063747,0.5032061040401459
0.0071113278971564,0.0007836673374497,0.0731981396675109,0.0080895467102527,0.0419055143769216,0.0089471985863555,0.018676514,0.0012269758805632,1.4673917,0.3313333559036252
0.0042036901009411,0.0008705140832151,0.0859570205211639,0.0166396386921405,0.0240289267345473,0.0139423960907372,0.014256473,0.0033312171325087,0.97224855,0.5655288565158845
0.0007054036005926,0.000116469110086,4.980853555025533e-05,0.0003292569484756,0.0100364339601122,0.0009236012002726,0.015299979,0.0017536068335175,0.8611505,0.6294251769781112
0.0010533179903828,0.0001013866723075,0.00249555404298,0.0015215321024879,0.0082502624989808,0.0014548626835295,0.0116647035,0.0023725111968815,0.35004216,0.3488431870937347
0.0006646450703542,0.0001229637667351,0.0057456237263977,0.0035680516366846,0.0128927497409256,0.0034671338426613,0.014085156,0.0036573441699147,1.0047942,0.6583446115255356
0.000836034902717,0.0001289711665658,0.0033666784875094,0.002465290861437,0.0105458786786356,0.0023316897383985,0.012598777,0.0031602708995342,0.77536833,0.5983950382471084
0.0010599622593508,0.0001797376205933,0.003836136078462,0.0039233171296655,0.016454013963798,0.0037896278572756,0.011536984,0.0025463248603045,0.9597894,0.6322377324104309
0.0016378134473947,0.0002314249738157,0.0083260498940944,0.0019815351907163,0.0088635852915955,0.0021273673629652,0.014355282,0.0033047725819051,1.0785466,0.5522199857234954
0.0016674084340481,0.0003436986442906,0.0064621656201779,0.0072151798482809,0.0308140601255871,0.009146796429995,0.012390716,0.0030312795564532,0.907688,0.6210940688848495
0.001488704454846,0.0001676547463071,0.0038688944187015,0.002178773288615,0.0103145761293422,0.002348800026865,0.013219825,0.0033057881519198,1.5631725,0.4190267443656921
0.0008030495756203,0.000123394258326,0.0054763271473348,0.0016180295776575,0.007222300120237,0.0015481320574948,0.01305635,0.0032145244069397,0.7775632,0.6106788730621338
0.0023723435616066,0.0004787014232647,0.0106229046359658,0.0119012340111657,0.0513272232274643,0.0163661103718687,0.013383487,0.0026187342591583,1.3309171,0.5650687217712402
0.0030370365137137,0.0004453396400468,0.0466263722628355,0.0109007839113473,0.0402483031393874,0.0116051641399026,0.016736314,0.00243182932958,1.4840896,0.4537139678001403
0.0008696823615016,0.0001414769108215,0.0019783788593485,0.0024582327272219,0.0121315560861692,0.0024951205289015,0.012200517,0.0030137510038912,1.2360957,0.6249805986881256
0.0014713135913734,0.0001975351863794,0.0073351161554455,0.0018954874575138,0.0088175261007163,0.001951576013424,0.015425445,0.0031825578212738,1.2487217,0.5407176613807678
0.0001985391962819,7.038740020381962e-05,0.0040854052640497,0.0023205476324073,0.0084576823557534,0.0021157601163671,0.014016498,0.0036310026980936,1.056515,0.6782531249523162
0.0009041110423407,0.000135000731719,0.004715833812952,0.0020782218780368,0.0095660432766356,0.0021347976385576,0.013020261,0.0032356474548578,0.6472943,0.5578694009780882
0.0013875091884302,0.0002163397569226,0.0079483222216367,0.0023956838995218,0.0107173326528748,0.0025737811116953,0.013675711,0.003272465839982,0.867435,0.5867684078216552
0.0009587561461867,0.0001511028145856,0.0016193076735362,0.0022366798966686,0.0134104688471846,0.0021172843150493,0.010961796,0.0017223045229911,0.72148156,0.5990115559101105
0.0010578683211743,0.0002219888233985,0.0006983203347772,0.0046809246281009,0.0391562919458651,0.006577560970074,0.012297421,0.0021096254512667,0.7823345,0.6309631764888763
0.0006489409125574,0.0001054032660006,0.0039246962405741,0.0016537742922082,0.0070888822909836,0.0016051541676694,0.014658287,0.0035316076502203,0.9186113,0.6463141936063764
0.0007117170880683,0.0001147911485355,0.009766886010766,0.0013486620038747,0.0040180021620628,0.0009617628378487,0.015067224,0.0034258617088198,1.0850674,0.6389727890491486
0.0046827975419526,0.0005414141422442,0.0227862782776355,0.0048918358981609,0.0311788224056868,0.0070927073076338,0.016832968,0.0022155213728547,1.4078915,0.3724289584159851
0.0003713412422726,6.162774502015047e-05,0.0010982474777847,0.0011928715662361,0.0053744044846312,0.0009789449343098,0.011880219,0.0027949153445661,0.63504773,0.595499916374683
0.0008670984565296,0.0001238848092412,0.0037656358908861,0.0018523107515648,0.0080807770824383,0.0018989263332268,0.014555011,0.0036053345538675,0.6668982,0.5657513290643691
0.0011317037250091,0.0001808881429426,0.0060881632380187,0.002432143758051,0.0115100238457817,0.0026635999190032,0.013167113,0.0032598404772579,0.80251235,0.6001266258955
0.0011061380019195,0.0001639399643836,0.0035796978045254,0.0016942885704338,0.0083970908128388,0.0017272580461225,0.0126518505,0.0029975068569183,1.0024137,0.6108438968658447
0.0006290454310272,0.0001355562740552,8.715592048247345e-05,0.0009849625880906,0.0226802156558566,0.0021330220669363,0.01222928,0.0016170431114733,0.9508526,0.6694317305088042
0.0011234850688053,0.0002039432406811,0.0109503045678138,0.0074627555976621,0.0233883007977944,0.0074944497061054,0.014974477,0.003461233433336,1.3600416,0.5757403767108917
0.0014977280897543,0.0001762298760263,0.0119652980938553,0.0031162162311375,0.0148794538491024,0.0031213095802972,0.016345726,0.0027298876084387,1.5927324,0.4024518370628357
0.0018623710813982,0.000302118682171,0.0131658753380179,0.0073482610750943,0.0316134394482291,0.0084397291561854,0.010889541,0.001270777080208,0.4890576,0.483436317145824
0.0007827699185069,0.0001090279900148,0.0021189821418374,0.0013776552979834,0.0057196267962427,0.0012580327196217,0.014070961,0.003498813137412,1.1058934,0.6049938499927514
0.0004793804844046,8.359009132945195e-05,0.0035545341670513,0.0012754226336255,0.0053043817206894,0.0011734072591519,0.014540002,0.0034541529603302,1.1937956,0.63907690346241
0.0036068453971604,0.0009141177826052,0.000762503943406,0.01407208602237,0.2257427059156593,0.041606328191738,0.013563452,0.0013534929603338,0.7857472,0.6232223659753799
0.0010002877905168,0.0001326353978769,0.0064947521314024,0.0017710980400443,0.0077375397760119,0.001709741718568,0.014531603,0.0032484348863363,1.4941053,0.4988045823574066
0.0015460154024049,0.0001949284501206,0.0062744470778852,0.0012961409892886,0.0058840657692453,0.0012498611652617,0.015346626,0.0031436684168875,1.0961982,0.527764618396759
0.0021775927943632,0.0003022909155569,0.0155503475107252,0.0034446076117455,0.0154910196932074,0.0039189008288703,0.015464697,0.0030662396363914,1.353128,0.4936600804328918
0.0010650380580628,0.0001608169637717,0.0089578097686171,0.0017714635469019,0.0067541100309868,0.0016012643047928,0.014495253,0.0034297608397901,1.1569424,0.6019075751304627
0.0013549630992202,0.0001804506050783,0.0065120374783873,0.0012591106351464,0.0052854000936412,0.0011957119679072,0.014198931,0.0032912033982574,0.93047506,0.5563833862543106
0.0022782849347998,0.0005076287925807,0.0032872552983462,0.0110736106607873,0.0756893320578798,0.0179198719161695,0.013766275,0.0018955075740814,1.0930984,0.6316217482089996
0.0037454936982338,0.0007653048449235,0.0429761111736297,0.0123520041257142,0.040778949087958,0.0173643978151063,0.01306968,0.0028430029936134,0.6928505,0.5413520243763923
0.0005420823386168,0.0001112781980696,0.0002071454873657,0.0013510763524209,0.0139100985246735,0.0018173319246581,0.0129297655,0.0022292138263583,1.2358886,0.6395393139123916
0.0005981611532074,0.0001068699031282,0.0076550636440515,0.0023300576396286,0.0094253260124389,0.0021404552903357,0.014731802,0.0032129720784723,1.1424251,0.6405674624443054
0.0008980790307537,0.0001828900960498,0.0001881970965769,0.0017583151295639,0.0308104795538857,0.0034462343250826,0.012856947,0.0017567410506308,1.2336178,0.6254331171512604
0.0065351485646362,0.0013254660955653,0.1287609338760376,0.0481508523225784,0.2699221695413708,0.0882741337762375,0.019013401,0.0009330178424716,0.87181437,0.5210125231742859
0.004320810665721,0.0007024050204463,0.0348272155970335,0.0148569209501147,0.0623853199911343,0.0205284107460681,0.0148933325,0.0023463480174541,1.4705434,0.4600543081760406
0.0005943333733701,0.0001128781085366,0.005884061101824,0.0030853830324485,0.0119699713303081,0.0028581205938317,0.012545381,0.0029936460591852,1.1706815,0.6516767299175262
0.0013389475515661,0.0001871207188419,0.0036030017072334,0.0042224701628583,0.020500347069829,0.004888952304773,0.013468862,0.0031932678073644,1.6015488,0.4114794874191284
0.0011653273926773,0.000226479349079,0.0062664267607033,0.0057703524362295,0.0231009235195862,0.0062234306709393,0.012208415,0.0029189236089587,0.9330704,0.6424074470996857
0.0014956619345032,0.0002537869435703,0.0044236406683921,0.0041115011938381,0.0181817817443365,0.0044913915529866,0.011994146,0.0027836086228489,0.7995891,0.5832855415344239
0.0037047149637592,0.0005656192013768,0.026874616742134,0.0049380586668848,0.0201964763287628,0.0067634020399903,0.0141336555,0.003233877737075,1.1598675,0.4760774374008178
0.0012815427453925,0.0001851174984636,0.0019538642372936,0.003006674578246,0.0175967878935561,0.003611310791642,0.013825307,0.0030477507226169,1.4655104,0.4964203810691832
0.0020990565222446,0.0002649636856578,0.0005678639863617,0.0030757001641177,0.0270235163845804,0.0045654639035717,0.012601856,0.0022140447981655,1.6211361,0.3829277753829956
0.0012915048299439,0.0002180908160931,0.0144186094403266,0.0032391233555972,0.0127368820264545,0.0033152577103278,0.01483088,0.0032958149351179,0.9233322,0.6075692707300187
0.0016361133618781,0.0001679750183758,0.0082576647400856,0.0020524433255195,0.009269486919368,0.0020887273570561,0.014644202,0.0031348159536719,1.6062421,0.3733241772651672
0.0011962875438688,0.0001625464527404,0.0076804824639111,0.0021714812610298,0.0107287092046449,0.0021477030940277,0.01634011,0.0028541381470859,1.4155421,0.5160914719104768
0.0091213694376504,0.001692985344593,0.0007270546047948,0.0110406751357549,0.2951329577842493,0.0474192456073268,0.014562431,0.00073117390275,0.88858575,0.4700531512498855
0.004512101131723,0.0008961246404395,0.055774288251996,0.0153694730252027,0.054752234531145,0.021201334013053,0.01429699,0.0025347627699375,0.6915196,0.5227580070495605
0.0004315849520225,7.511794946822017e-05,0.0001127178402384,0.0005963355097264,0.0063223089002813,0.0007195414982849,0.011965016,0.0020448515377938,1.2038587,0.6344208717346191
0.0008495601177545,0.0001202319343504,0.0039259309414774,0.0010146176209673,0.0045161076150458,0.0009032807646681,0.013350897,0.0030621737241744,1.0302166,0.6157656759023666
0.0015301113113312,0.0002385233198917,0.0004269448691047,0.0020910935595566,0.0198812127124564,0.0032035450913171,0.01204952,0.0021223362348973,1.3372004,0.5476968884468079
0.0008534371929209,0.0001261537412355,0.0088084996677935,0.0023600759450346,0.0107826670373211,0.0021928957816596,0.01646334,0.0028233150951564,1.4727795,0.5121171653270722
0.0018837470957873,0.0003443942939498,0.0004654572694562,0.0025823865680649,0.0307956287075734,0.0046982322107908,0.010874282,0.0010017789900302,0.8627567,0.5985721057653427
0.001354092768086,0.0001486623706362,0.0052131148986518,0.0019684450747445,0.0096827775056442,0.0021534225661376,0.013003927,0.0032313413359224,0.4322102,0.4014736065268516
0.0041779561409711,0.0009950524066007,0.0919914096593856,0.0365640949457883,0.108262240713321,0.049020556735637,0.0157502,0.0023076835088431,0.9861236,0.6263032400608063
0.0003560222696342,7.076174154749823e-05,0.0055987304076552,0.001105502480641,0.0040393750926618,0.0008844805370295,0.0140004475,0.003307519480586,0.98260295,0.6733806574344635
0.0009590249806376,0.0001266915741884,0.0061765704303979,0.0013139067403972,0.0056097789475448,0.0011845861131386,0.015644053,0.0031829500198364,1.4089582,0.526281476020813
0.0059256732925805,0.00110043798595,0.1150841414928436,0.0784342396631836,0.152396161497894,0.0853464796550224,0.013682531,0.0021938788704574,1.4793236,0.4962116384506226
0.0012778152061326,0.0001491939005786,0.0080555845052003,0.0013433574046939,0.0052613858411781,0.0011592140942299,0.015088746,0.0032411433383822,1.4554139,0.4715897834300995
0.0013316303287263,0.0001937829377675,0.0069256615824997,0.0017732965294271,0.0079638434686479,0.001789568873007,0.013185823,0.0031014442816376,1.1023617,0.5891306549310684
0.0012816360009988,0.0002264662055837,0.0092570730485022,0.004386615473777,0.0176470635458487,0.0049265228245843,0.013843789,0.0033023387566208,0.83575803,0.6119971424341202
0.0003579996925358,7.300524369308167e-05,0.0004358595761004,0.0013697101815887,0.0095583099938373,0.001427538858971,0.011926837,0.002462473232299,0.78178096,0.6501555454730987
0.0010741916270828,0.0001374024879293,0.011387538164854,0.0017318163625895,0.0057936524331221,0.0014408125225538,0.014088389,0.0034804500266909,0.48879147,0.4857707768678665
0.0021603500208991,0.0003038406356445,0.0012115141144022,0.0043238882102923,0.0323426256335636,0.0062613574783772,0.012707602,0.0023344549722969,1.558116,0.4199764728546142
0.0030181331080436,0.0003227609408683,0.0146692795678973,0.0052241901867091,0.0279960162841939,0.0064917101173646,0.016258141,0.0025733847916126,1.6415908,0.3381360626220703
0.0004111135786251,6.456249881430149e-05,0.0022035653237253,0.0005559152620844,0.0022042296657392,0.0004456442818404,0.015336942,0.0033844513818621,0.9553761,0.6498843514919277
0.0018549282248214,0.0002605213084374,0.0004127631837036,0.0018211178786714,0.0180630299347415,0.0028496817415659,0.01419652,0.0021618399769067,0.7006669,0.4970478492975233
0.0069429371076799,0.0010962755671904,0.0562831312417984,0.0315391109138727,0.1510157181835345,0.0492514592202833,0.013793678,0.0010243353433907,0.4260035,0.3940507799386978
0.0018277120161316,0.0003956252257594,0.0136427171528339,0.0113751358294393,0.041503277919571,0.0138152364133327,0.014473164,0.0029905747435986,1.1068904,0.6408031064271926
0.0007035805616356,0.0001173043662004,0.0006484899204224,0.0020202788053939,0.0142326354122049,0.0022686234716993,0.011510015,0.0023118345998227,0.6589154,0.5891575440764427
0.0009791258524878,0.0001315573949203,0.0045686562079936,0.0010773605341091,0.0046170758775879,0.0010146201523846,0.014600227,0.0034720159322023,0.76260024,0.5701306164264679
0.0014450143452993,0.0002136880195017,0.0093826483935117,0.0023330049961805,0.0102301243866741,0.002505806686081,0.014254212,0.003345413710922,0.7153629,0.5508709326386452
0.0013254047040259,0.0002947278137984,0.0008853256003931,0.0062766123141955,0.0492568968801728,0.0092761288200096,0.012682801,0.001987257041037,1.0800422,0.6524168252944946
0.0050655488188107,0.0007121248729056,0.006429465021938,0.0160391870731473,0.1251330071406951,0.0254023509541008,0.012552792,0.0010571628995239,1.6595649,0.3704571723937988
0.0012731439286715,0.0001856301192291,0.0001808882225304,0.0011079078702732,0.0119232385274504,0.0016853536618848,0.012006837,0.0020114318653941,1.2389654,0.5737748742103577
0.0011909018987189,0.0001846431745446,0.0048960051499307,0.0048351605767675,0.0203426127701041,0.0052227230265467,0.0135842655,0.0033185662329196,1.5265131,0.4724414932727812
0.001612526475511,0.0002153471874492,0.0119666652753949,0.0027442759834229,0.0130207207757507,0.0028329407872813,0.016452756,0.0028668758459389,1.3946056,0.4934402859210968
0.0014700118787612,0.0003129524892746,0.0306322742253541,0.0099921713769435,0.0282235360672177,0.0105493511564906,0.013403332,0.0032544201985001,0.9832328,0.6485832679271698
0.0017108548773678,0.0002265639185803,0.0052565205842256,0.0015261025587096,0.00767841390044,0.0017339254949411,0.013618552,0.003221538066864,1.0395137,0.5361335110664366
0.0056163048261918,0.0009157351560037,0.0731663517653942,0.0176758952438831,0.0769337467459878,0.0247256094479471,0.017149286,0.0019233313575387,0.63561666,0.4358492642641067
0.0036638139786333,0.0007808189856247,0.0240639662370085,0.0098555763810873,0.0398938307983964,0.0161756723339402,0.014808426,0.0027290252037346,0.8360759,0.5734418976306911
0.0053851010322271,0.0007982535538397,0.0468155238777399,0.0095627020299434,0.0438670583920605,0.0145147015958173,0.015639134,0.0025227408297359,0.5867097,0.4053344875574112
0.0008794913333318,0.000113043155831,0.0031486877705901,0.0012128212628886,0.0054767357995194,0.0011874289837386,0.013983597,0.0034032143652439,0.6119791,0.5375465214252472
0.0013337597772176,0.0001862332348047,0.005551180569455,0.0015108903311192,0.0068346828963724,0.001536842891103,0.014843006,0.0033343131653964,1.0545173,0.5795107185840607
0.0009217312624151,0.0001726732553398,0.0041454015299677,0.0051225693178275,0.0220088427644396,0.0052564309894847,0.011798799,0.0026122386753559,1.2255827,0.6244610917568207
0.0013121785309416,0.0002084604201716,0.0052168420515954,0.0029491153545677,0.0128384443953272,0.0032682187460925,0.013641552,0.0033054926991462,0.9720087,0.6031923723220826
0.0004589260534083,0.0001051975300173,0.0102562354877591,0.0042317020706832,0.0140821833720627,0.0039346776276883,0.013744091,0.0034131915308535,1.1444266,0.6630302250385285
0.0008013535290638,9.786372076876944e-05,0.003532315371558,0.0009867494227364,0.0044986582794869,0.0009347348775941,0.014160076,0.0033935205079615,0.5305088,0.4975007164478301
0.0004278266747492,9.818664671346522e-05,7.99677727627568e-05,0.0006386316024418,0.0207391967289917,0.0015842727600479,0.016716417,0.0016960514709353,0.9137158,0.6661698812246323
0.0012906168263204,0.0001767714644723,0.0004414581926539,0.0013049465803851,0.0088789501589311,0.0016397351355247,0.012018118,0.00293097730726,1.1463232,0.5662344992160797
0.0003958123085045,9.216003000795247e-05,0.0120643181726336,0.0027595541998744,0.0093592500837478,0.0023443456740083,0.015144546,0.0033033401146531,1.1141404,0.6579357945919037
0.0016124070261902,0.0002199990481768,0.0070362139958888,0.0015275201108306,0.006996171902741,0.0016013569119448,0.0132770175,0.0032422468066215,0.95361483,0.5506631487607953
0.000510446517363,0.0001025741301545,0.0001283156016143,0.0009306110323723,0.011811496652236,0.0013587779096857,0.013416194,0.0021477732807397,1.2273278,0.6383041739463806
0.0010421926150257,0.0001453756676593,0.0122900484129786,0.0027878363616764,0.0118195936661531,0.0025791974761406,0.015871542,0.0029710015654563,1.5373982,0.4641930031776428
0.0014337854475587,0.0002126082894553,0.0008679015736561,0.0018343072252719,0.014769833727035,0.0022434700759134,0.011003181,0.0015935339033603,1.160573,0.5745212650299069
0.0017716677617556,0.0002432757419544,0.0183337749913334,0.0027290334552526,0.0086391035631565,0.0023611125935506,0.014480228,0.0033789935149252,1.3567207,0.516052355766296
0.0023381267046892,0.0005556686509557,0.0071295741945505,0.0129401531130133,0.0709197527361724,0.0198541025108502,0.013082391,0.0021038893982768,1.0286839,0.6462955111265182
0.0007090466285631,0.0001077858852282,0.0045336340554058,0.0013167420541867,0.0057773607503301,0.0012420391374773,0.0152086895,0.0033602874353528,1.2550523,0.6110146701335906
0.0010143790747846,0.0001416228546944,0.0076970665249973,0.0024962928146123,0.0103690715516646,0.0024366796140399,0.0155870225,0.0033000027760863,1.4574096,0.5050388765335083
0.0013453390355923,0.0001620355013961,0.0062057168688625,0.002294697239995,0.0123890818044269,0.0023988099780396,0.011556028,0.0022399150580167,0.46005058,0.4268675446510315
0.0015556590704475,0.0002027163083286,0.0098545998334884,0.0013648726046085,0.0047516938899155,0.0010651017046401,0.015769903,0.0031980476528406,0.94677365,0.5370709073543546
0.0015640402318881,0.0002539456832515,0.0150350341573357,0.003286073449999,0.0134701723976328,0.0034217239756454,0.0152018145,0.0031610615551471,1.0964657,0.5926344418525694
0.0009958605054227,0.0001445930249643,0.0021394675131887,0.001600618881639,0.007338846462852,0.0014348889901714,0.012005306,0.0028871229104697,1.0188425,0.6195662337541581
0.0007153309284427,0.0001085278296404,0.0045438811648637,0.0013465436641126,0.0061497816728143,0.0012413766784146,0.013155672,0.0030559715814888,0.7486222,0.6178108757734299
0.0009348835263467,0.0001412936325079,0.0092366691678762,0.0020726406946778,0.0082088815490146,0.0019811438264727,0.014417595,0.0034907441586256,1.3901154,0.5524516701698303
0.0011493337647709,0.0001866292652807,0.0105218095704913,0.0027306987904012,0.0110976280134402,0.0027279938266224,0.013766624,0.0032872546091675,1.1702046,0.6079691565036773
0.0006572653441483,8.692826389116283e-05,0.0016456629382446,0.0006604058726225,0.0027424438509141,0.0005667956266646,0.014276495,0.0034818459674716,1.1624222,0.6043782830238342
0.0004553342144901,8.07223562779829e-05,0.0053997715003788,0.0010580252856016,0.0040422392623471,0.0008923445134491,0.014733926,0.0034669629856944,0.95819145,0.6550186294317241
0.0012841344827084,0.0002050006593888,0.0029110605828464,0.0033173786964471,0.0163500774798078,0.0037814862180823,0.01331396,0.0031007419899106,1.2365365,0.5822220945358276
0.0025528192769933,0.0003672261004199,0.0177001794800162,0.0033672713302075,0.0152287380942825,0.004054793318873,0.01580873,0.0030652503482997,0.898451,0.4951965659856796
0.0008610178009917,0.000128380980172,0.001863912155386,0.001466446921695,0.0070192491586981,0.0012649298991216,0.011792093,0.0025696791708469,1.0592272,0.6260728091001511
0.0006963898004467,0.0001042954419941,0.0058354414068162,0.0012801609560847,0.0052305391689843,0.0011346556609144,0.0136757605,0.0032296198792755,0.71871704,0.6030141115188599
0.0012153428975171,0.0002067602951027,0.0215463414788246,0.0038048840686678,0.0112667646501453,0.003291221656859,0.014184766,0.0033573131076991,0.83376485,0.6075458174943924
0.0011589322158556,0.0001933254440772,0.0001989122247323,0.0018383061638542,0.025960766972513,0.0030189595375942,0.0113069,0.001304259058088,0.627475,0.5521335473656653
0.0023176536265257,0.0003060527926269,0.0177688878029584,0.0038140931911766,0.0165024172419084,0.004603672867221,0.014739127,0.0032459476590156,0.52932656,0.4331210565567016
0.0009418395028967,0.0001162869944195,0.0038235433166846,0.0011688575008884,0.0056365643669142,0.0011117576013221,0.015953446,0.0031403303146362,1.472919,0.4897184073925018
0.0006576576033408,9.513561203158588e-05,0.0035374034196138,0.0012677554925903,0.0057901365976257,0.0011673719433642,0.014278323,0.0031527079455554,1.4702883,0.5198750483989716
0.0004895608889107,8.449329518976428e-05,0.0026320313336327,0.0021967819629935,0.0086901404680866,0.0018178089772016,0.011956008,0.0028595372848212,0.68615496,0.6329112282395363
0.0008940039062101,0.0001659890328346,9.116895671468228e-05,0.0008127424483973,0.0202359876936441,0.0019425272147922,0.011637177,0.0013285838253796,1.0135498,0.6485517770051956
0.0015263616946322,0.0002204088204782,0.005799843929708,0.0023945774883031,0.0109091659718543,0.0027613950517724,0.013741426,0.0033786232210695,1.2371812,0.5557650458812714
0.0012163956204068,0.0002412741120473,0.00087538769003,0.0039691282700005,0.0302209196543772,0.0054534222496352,0.012029104,0.0020440737716853,0.9177205,0.6434531807899475
0.0021506804384129,0.0004240426482177,0.0056112045422196,0.0058347398444311,0.0293659175575976,0.0077476542294232,0.011227725,0.001977365463972,0.8922713,0.6184681844711302
0.0008365704203779,0.0001764866040134,0.0127528505399823,0.0086140719940885,0.0269363651368511,0.0085196557938733,0.012145094,0.0028372022695839,1.0321821,0.6603636395931244
0.0060861243057013,0.0010651316265514,0.0009546325309202,0.0151118493402282,0.2566192889337953,0.0414127801146723,0.011521092,0.0009151523932814,1.5527159,0.4446635770797729
0.0009439537038709,0.000160917391553,0.003870005486533,0.0029843167867511,0.0131209620846137,0.0029073706742336,0.011896883,0.0028219412826001,0.9822663,0.6425262695550916
0.0015259358531407,0.0001944495525007,0.0065147979184985,0.0025194362550973,0.0117815541740288,0.0028227556039289,0.013825096,0.0033501801081001,1.4726871,0.4660626649856567
0.0019939523316275,0.0003902526366538,0.0013587080175057,0.0053076733538546,0.0441471081563328,0.0087509598302254,0.013720525,0.0021694777160882,1.1587278,0.6063096189498902
0.0032605136596452,0.0006888250451551,0.0006872368976473,0.0062830994838623,0.0755501826567636,0.0142931652330069,0.011871044,0.0012501236051321,1.2301112,0.5986648797988892
0.0049085793701742,0.0006159930314602,0.0396047811955213,0.0051477941125631,0.0208394017226565,0.0064697991357167,0.01596075,0.0028268652595579,0.8554662,0.3825766324996947
0.0011846529884244,0.0001995657154868,0.0003025667829206,0.0021559058516231,0.0253170927940078,0.0033139738231203,0.014572135,0.0019559902139008,1.2862344,0.5860496616363524
0.0013427937245097,0.0001458930138721,0.0063834595493972,0.0033811222109943,0.0132177500130685,0.003442369131178,0.01505941,0.0034171999432146,1.6629056,0.3503980469703674
0.0019660738593917,0.0003515892997774,0.0198627039790153,0.0108608957286924,0.0368065577870296,0.0127811922776304,0.014847489,0.0031185410916805,1.3681477,0.5363588023185729
0.0007780397668299,0.0001476340352055,0.0001648582256166,0.0013479173738778,0.0202218797521488,0.0022225544337245,0.013930777,0.0019223678857088,0.8576157,0.6467181891202927
0.0007148337797727,0.0001263372249406,0.0010398578597232,0.0034346676849963,0.0229790607063393,0.0037883720652477,0.011392666,0.0019087762199342,0.5694494,0.5660636648535728
0.0039731563501473,0.0008853969158112,0.0308355409651994,0.0142961063794791,0.0546572937540609,0.023586971025426,0.014289294,0.0024390118196606,0.6185347,0.5597829109430313
0.0017890285490917,0.0003486709300243,0.0234257411211729,0.0067359749227762,0.0244902161676092,0.0078923879399835,0.0132399965,0.0031482443772256,0.98838115,0.6180016845464703
0.0007509619110095,0.0001224019609858,0.0079745072871446,0.0017041282262653,0.0065205579127719,0.0014986912258216,0.015086458,0.0034227296896278,1.1507903,0.6331742054224014
0.0003481824501182,8.59924129584062e-05,0.0041152015328407,0.0036524383720825,0.0136632728009894,0.0032854865633126,0.0134351095,0.0032142667844891,1.0033638,0.6717277818918228
0.0008038176840591,0.0001535846343031,6.981517071835697e-05,0.0006127748251856,0.0269964969662954,0.0022791873099084,0.01596359,0.0016164937987923,0.88661736,0.640217199921608
0.0014776622565093,0.0003276881404131,0.0034313800279051,0.0074901278511242,0.0431205208463284,0.0101527135352164,0.011195895,0.0015745484270155,0.89936185,0.6542181938886643
0.0008375583592771,0.0001200543461232,0.0046198186464607,0.0013393813651055,0.0060577456927283,0.0012645591390228,0.013847028,0.0031896163709461,0.78244936,0.5927526623010635
0.0008846538952317,0.0001211811895375,0.0028874940471723,0.0019486561161465,0.0088178649641121,0.0019029810407209,0.012402807,0.0031826028972864,0.5477146,0.526474327147007
0.0006977681929797,9.903617885543096e-05,0.0035109793534502,0.0010106496047228,0.0044248621176661,0.0009065850527763,0.015549021,0.0033116186410188,1.2988396,0.5857646763324738
0.0013285142174866,0.0001835366447022,0.004537068773061,0.0024671089835464,0.0104384029129525,0.0026281517754406,0.01434943,0.0035117394290864,1.2844204,0.5426557171344757
0.0009662100698688,0.0001470255721951,0.0002008435403695,0.0010943318655063,0.0126928177160128,0.0015059164425914,0.011524063,0.0016176834702491,0.6740662,0.5762282645702361
0.0021305763103152,0.0004180825958077,0.0231459373608231,0.0118135544471442,0.0364411094749785,0.0150540625451724,0.013426529,0.0029609139636158,0.55822176,0.5260642692446709
0.0017237818896682,0.0002518051407621,0.0138833289965987,0.0038012893311679,0.0160903165099906,0.0043631666375933,0.013622856,0.0032278196886181,0.57951677,0.4835827842354774
0.00231030524104,0.0004629876431605,0.0029200012795627,0.0053307931267045,0.0321093913618884,0.0084463123041385,0.012304393,0.0025741793215274,0.99963146,0.6041166388988495
0.0014645169888672,0.000263493729885,9.36681535677053e-05,0.0009644289099014,0.030504473784449,0.0032944911542041,0.014317356,0.0014953021891415,1.0662827,0.6219480174779891
0.0009394694804852,0.0001271316446856,0.0067487694323062,0.0031776146870106,0.0129932701881568,0.003225050379516,0.015756028,0.0033875153958797,1.6149731,0.4152649378776549
0.0018486978561917,0.0002584154522505,0.0097451754845678,0.0065043130889534,0.0231560702867398,0.0073094564959318,0.0135104265,0.0033450273424386,1.6036719,0.4158016443252563
0.0016296293990989,0.0004086339140399,0.0021490016952157,0.0210439838942875,0.1042942275978102,0.0285990243188337,0.0116411485,0.0015571871772408,0.72538257,0.6330337896943092
0.0007343303828541,0.0001179400974092,0.0056892428547143,0.0014658100437372,0.006295742023225,0.0013298304358309,0.013332797,0.0031288675963878,1.1255087,0.6384491896629334
0.0024376718760987,0.0003127011433811,0.0143932979553937,0.0023398808389902,0.0102874338158528,0.0025657107420448,0.015616201,0.0031061479449272,0.9028073,0.4670681577920914
0.0024025263357285,0.0003841657073901,0.0152594302780926,0.0061888829991221,0.0270251545799926,0.0079781886262833,0.01521147,0.0030546031892299,1.3352112,0.5186849522590637
0.0011454784788687,0.0001125388584447,0.0047205761075019,0.000972157693468,0.0043390267763856,0.0008762029079125,0.013479892,0.0031325066462159,0.43840855,0.4058595716953276
0.0014566290593897,0.000271285680494,0.0080299647524952,0.0066349446563981,0.0240028821181961,0.0071297875112315,0.01308084,0.0031406446360051,0.7309891,0.5945687219500542
0.0013459034882501,0.0001678321483041,0.0067507573403418,0.0017973857466131,0.0084072299324408,0.0018661309633868,0.01353605,0.0031182567775249,0.55931056,0.4780554729700088
0.0007167474813861,0.0001325066703856,0.0001466999674448,0.0011398093411844,0.0188663867103719,0.0018109647226669,0.011406966,0.0012989547103643,0.7404854,0.6307365670800209
0.0008483149114135,0.000107845360329,0.0043194580357521,0.0015179039770737,0.006949164786525,0.0014514855627763,0.015083198,0.0032670674845576,1.5512902,0.453707914352417
0.0008106482658121,0.0001478510709863,0.0040673189796507,0.0049119850933493,0.0257222448848306,0.0053605664308478,0.015029123,0.0028389539383351,1.5325241,0.4782067239284515
0.00163899447315,0.0001846693877217,0.0050459154881536,0.0012846448272466,0.0063655603181691,0.0013774440109385,0.013583975,0.0032054559513926,1.3449036,0.4735996079444885
0.002167813785953,0.0004004754572939,0.0278453193604946,0.0079859942197799,0.0272560502840257,0.0094045529359299,0.013769951,0.0032345524989068,1.2308056,0.5788742899894714
0.0011245010837219,0.000162326139251,0.0022214474156498,0.0020308091363403,0.0096896793765513,0.0019952649296154,0.012212066,0.0030024841055274,1.1158245,0.5862805843353271
0.0007708709875536,0.0001296839066276,0.0025420587044209,0.0026354044507024,0.0123622336820716,0.0025006002344927,0.011898277,0.0027476833201944,0.9538167,0.6466244161128998
0.0018858809446587,0.0002195134603918,0.0084021799266338,0.0014663654286414,0.006229478380787,0.0014804310941524,0.014512081,0.0033568268455564,1.3289075,0.4711571562290191
0.0006714820874798,0.0001152369189819,0.0189436897635459,0.0042760831117629,0.0126166503418998,0.0037085992003359,0.013333784,0.0033118741400539,0.5178031,0.5332993495464325
0.0006818478118671,0.000101676174899,0.002148971077986,0.0013499305199366,0.0059966174490767,0.0012517046605698,0.013118943,0.0032943568006157,0.9500984,0.6248167455196381
0.0025074723811126,0.0005176647702174,0.0130020584911108,0.0067715442273765,0.0274736564068891,0.00988010081178,0.013110353,0.0030537587590515,0.9052236,0.5999104815721509
0.0015138538953279,0.0002271404828821,0.0083040683530271,0.0022874953970313,0.0103350559717303,0.0025229694028004,0.013185991,0.0032243514247238,0.8751001,0.5711790561676021
0.0037240601300957,0.0008062612503111,0.0165023915469646,0.0158270112733589,0.0687235473686184,0.0236302450779003,0.0106125735,0.0007454660534858,1.395852,0.5999615490436554
0.0040533880096136,0.0009832559925166,0.0091514699161052,0.0597572383674196,0.3599721995452957,0.1064012117895176,0.016940312,0.0015933076106011,0.932815,0.6282220989465712
0.0017977900616578,0.0002170130160061,0.0099187642335891,0.0020019071176648,0.009027615049626,0.0020656453824982,0.015222329,0.0030771658383309,1.3879356,0.4704765737056732
0.0016852514716092,0.0001694033187045,0.0130000067874789,0.0017360420897603,0.0061185789345572,0.0014983598824351,0.013668659,0.0033764922991394,0.4206453,0.3734033516049383
0.0011623998121209,0.0001814543236675,0.0025832892861217,0.0027122727366804,0.0124006387597691,0.0028475050388942,0.012863335,0.0032302577979862,0.8443743,0.6020291519165039
0.0028341254124208,0.0006291045429992,0.1025796867907047,0.0310473887622356,0.0353591749397227,0.0281766052797128,0.01554227,0.0029490879923105,1.1125529,0.6046128243207931
0.0003057571443878,8.166227379149005e-05,0.0031599219655618,0.00391041877534,0.0162248318362507,0.0035789686091648,0.011645747,0.0025990653969347,0.8911244,0.6681500744819641
0.0012503958488522,0.0001995800673686,0.0198291260749101,0.0035837530717253,0.0124663048127749,0.0032216218216731,0.015674056,0.00307921115309,1.2791585,0.5749885308742523
0.0009897299375773,0.0001444767634045,0.0023502361727878,0.0020085657236631,0.0087541006629731,0.0019305142402444,0.013080757,0.0032820565812289,1.052732,0.6137925237417221
0.0049180051208037,0.0010880026338323,0.1806268393993377,0.0419071838259696,0.0461097636532224,0.0511703805213163,0.014639725,0.0031238345988094,0.67588323,0.5392599728703499
0.0020728807537335,0.0002973013836148,0.0053603095002472,0.0040479991439497,0.0165433158914547,0.004765848220561,0.014220752,0.0034798518754541,1.3596818,0.497111850976944
0.0011691653782743,0.0002122461492523,0.0012725798878818,0.002991695748642,0.0199472343723135,0.0037167484063393,0.011161326,0.0020082308910787,0.9536392,0.6461950689554214
0.0005781050170903,0.0001063356169098,0.0033527708146721,0.0027613355539506,0.0109218910754833,0.0024936210257551,0.013045094,0.0031979228369891,1.113782,0.6606655132770538
0.0011214826521686,0.0002029364842122,0.0119375009089708,0.0048605549801141,0.0181658895406596,0.005188468363403,0.013882964,0.0033427765592932,1.1485323,0.6253818535804748
0.0012410308965081,0.0002450099890209,0.0177951287478208,0.0071429550834,0.023741399905651,0.0075933047750049,0.012296937,0.0029118835553526,0.7698076,0.6194338873028755
0.0039631904981305,0.0005088705530646,0.0458744280040264,0.0127805339545011,0.0607268258226393,0.0164301508859531,0.017118692,0.0020049858279526,0.39215603,0.3580110856890677
0.000415697005088,8.14733795150486e-05,0.0054051766637712,0.0013441900070756,0.0052949288555942,0.0011622647722327,0.014474429,0.0033689700067043,1.3396363,0.6000613689422607
0.0008378854510986,0.0001238253151195,0.005830320995301,0.0014865808561444,0.006445933416255,0.0014072325363498,0.014627913,0.0033337583020329,1.2826593,0.5759505236148834
0.0015903531956506,0.0001724311697567,0.0080762454308569,0.0018037863634526,0.0081112821470423,0.0018580441855723,0.014702121,0.0033003784157335,1.5458893,0.4116775035858154
0.0010012479902827,0.0001442796004334,0.0058756473008543,0.0025703183328732,0.0103942415033034,0.0026193130745557,0.0150437355,0.0034989467822015,1.4429711,0.5277904164791107
0.0024634597664142,0.0004152578451059,0.0228373138234019,0.0076232515275478,0.0283898900340221,0.0094288681557363,0.014722429,0.0031265161186456,1.3242291,0.524007865190506
0.0024136915227338,0.000284053119207,0.0001180993494926,0.0011477541744716,0.0244072228165553,0.0027664090366283,0.014209956,0.0013509402051568,1.4970232,0.4194373488426208
0.0032954704555388,0.0004587690568539,0.0247773323208093,0.0060578927025198,0.0263977961914921,0.0077656995674242,0.011846378,0.0023739398457109,1.52051,0.4243710446357726
0.0007590701426839,0.0001130545199491,0.0048799274954944,0.0017212701495736,0.0074797610082106,0.001639008238485,0.014496408,0.0032845106907188,1.3415031,0.5635646939277648
0.0012920307623222,0.0001693001623753,0.0026222681626677,0.0018613824213389,0.0084222887164388,0.0017906707910564,0.012639632,0.0030981083400547,1.2633841,0.555062346458435
0.0015071391429079,0.0002723598331133,0.0082706809043884,0.0054010180174373,0.0195705008735623,0.0060659406856469,0.013750532,0.0032966095022857,0.81595886,0.5928507745265961
0.0007778743132789,0.000111680278375,0.0017649997025728,0.0017325922002783,0.0079897814204476,0.0016275985624912,0.013626542,0.0032864993624389,1.347889,0.5605805778503415
0.002114702306353,0.0002630224132736,0.0074456064030528,0.0032023736601695,0.0160469809489873,0.0039260727084866,0.015527171,0.0029986379668116,1.4450911,0.4452174043655396
0.0013387591215405,0.0002031057174025,0.0082798711955547,0.0023545485083013,0.0104263979625569,0.0025851928098068,0.014748702,0.0034096421487629,1.1904802,0.5787931609153746
0.0014606224082748,0.000214677912937,0.0064676168840378,0.0024933876423165,0.011828482808809,0.0028513037097859,0.014139174,0.0032607427053153,0.7346947,0.5473884493112564
0.0034709470719167,0.0006448795705788,0.021394575946033,0.009645383413881,0.042728897639321,0.0143516126915447,0.012013254,0.0022535258904099,1.422715,0.5262130689620972
0.0006044679953697,0.0001372419289628,0.0016924212686717,0.0049809040892796,0.0273744510285899,0.0056256610716554,0.012316682,0.0027635551616549,1.1331419,0.654088094830513
0.0038053150115475,0.0006788166067697,0.013478014152497,0.0187826784058415,0.092391750017716,0.0272265421438557,0.013795883,0.0018473598733544,1.5071013,0.4828421556949616
0.0011227678633282,0.0001862355753242,0.0020070174941793,0.0026099506176251,0.0129639359551301,0.0029159843410964,0.012046794,0.0032838637195527,0.9623544,0.6199496400356292
0.0009780243949742,0.0001243245080746,0.0063319886103272,0.002344398619607,0.0111255115012101,0.0023796997937319,0.012265308,0.0028957483917474,0.4330966,0.4404844157397747
0.0010945641568634,0.0001509940281498,0.0005644946941174,0.0019115711766062,0.0138250734004742,0.002392175308878,0.013052033,0.0027961619198322,1.513576,0.4728996753692627
0.0055192032073619,0.0010241315398016,0.0229811631143093,0.045276660188465,0.3047966245419343,0.0788989405972558,0.017687181,0.0012865737080574,1.386376,0.5133205056190491
0.0011144830481518,0.0001757969896505,0.0007668367470614,0.0019029144150408,0.0129165430983122,0.002448141383399,0.013156044,0.002991821616888,1.2407664,0.5905936658382416
0.0004445245604426,7.750646156511097e-05,0.0064213732257485,0.0010948234423995,0.0039176734196155,0.0008784758636061,0.01451681,0.003371677994728,0.7415129,0.6357715576887131
0.0008487633519676,0.0001282358547162,0.0029147145105525,0.001839963835664,0.0080070533928888,0.0017540297615961,0.013105832,0.0033424236252903,0.8485034,0.6214191842079161
0.0011653917796828,0.0002122511690484,0.000106324769149,0.0011052089932945,0.0247241299050454,0.0027150843672863,0.014448467,0.0016256460361182,0.9183948,0.6234825551509857
0.0012981404994898,0.0002173519600394,0.0037340696435421,0.0048304436378384,0.0232949495289553,0.0056089415985896,0.012666002,0.0029874418117105,1.4079514,0.5419996929168701
0.0049155007612278,0.0012301579720263,0.0727801769971847,0.0184062849730253,0.0432908778700147,0.0249221986654321,0.01114906,0.0017116919904947,0.88802624,0.6392080968618392
0.0003620702271324,6.5224178909154e-05,0.0019647295121103,0.0009117859881371,0.0038178724601063,0.0007771834981248,0.013293884,0.0031745131127536,0.9592805,0.6642488306760785
0.0006075254042082,0.000111191437331,0.002222710638307,0.0028093901546526,0.0133815818214158,0.0026366803156071,0.011469141,0.0025016420520842,1.0067334,0.6595279574394226
0.0008162446407225,0.0001313255411135,0.0037067239172756,0.0020225970656611,0.0088615231453449,0.0019925063515402,0.013059588,0.0033177467808127,1.0684927,0.6429643958806991
0.0008274514311708,0.0001306909892567,0.0035195563687011,0.0018060557194985,0.0083552137355243,0.0017486087925243,0.012553736,0.0030215018987655,0.98789173,0.6366198700666428
0.0041447474511677,0.0009274045322424,0.0186671894043684,0.0360712610527116,0.1615705958531347,0.0520118763712672,0.013499835,0.0015089903026819,1.2974633,0.6006634020805358
0.0009590370340458,0.0001551681816018,0.0104070389643311,0.0021627331897616,0.0083806767422108,0.0019847225739102,0.014593169,0.0032830255292356,1.0842615,0.6228300333023071
0.0015086139962703,0.0002480011896779,0.0152238896116614,0.0032890281081199,0.0130765228697106,0.0034619355686677,0.015059329,0.0033267447538673,0.8518748,0.586513631939888
0.0004608704476549,7.39035622015962e-05,0.0026727102231234,0.0007640592404641,0.0032737644292372,0.0006202006408586,0.0130986115,0.0029698755405843,1.302225,0.6102676689624786
0.0010607101413509,0.0001549642176075,0.0097291101701557,0.0027766484487801,0.0117350458112573,0.0027934391350525,0.014905835,0.003256797324866,1.4227298,0.5156193673610687
0.0007902567206405,0.0001374959151583,0.0070379369426518,0.0034529024315997,0.0140745038833932,0.0035375795841133,0.013941937,0.0033261021599173,0.83172774,0.6249493956565857
0.0059472292146668,0.0008180527832107,0.0164608424529433,0.0203499581621144,0.117121654881367,0.0289693156289347,0.010449631,0.0004506838321685,1.7159104,0.3498599529266357
0.0009163470054451,0.0001250543363164,0.0034773636143654,0.0017582853324711,0.0086450901058921,0.0016423663003402,0.011776458,0.0025384943000972,0.5853731,0.5291696041822433
0.001370351308344,0.0002349418313425,0.000213045743294,0.0017750691919081,0.0227149545105522,0.0030978871629008,0.011639116,0.001567929983139,0.66359353,0.5631676241755486
0.0011223749027218,0.0001659169923065,0.0062635857611894,0.0016219676472246,0.0071361158239099,0.0015929172016398,0.013925768,0.0033568398468196,1.0826201,0.5990820717811584
0.0047428802914026,0.0010200825857815,0.0167601760476827,0.0277237497158057,0.1724936538324115,0.0493134433078005,0.016567208,0.0014197225682437,0.7858551,0.5634960532188416
0.0001420393654926,6.23180739892596e-05,0.0004970228183083,0.0010600747726675,0.006801061388947,0.0011115910471859,0.012845891,0.0030335273779928,0.9147485,0.6874585241079328
0.0003866029208127,7.528236091230468e-05,0.0048884528223425,0.0012862134864553,0.0052006491541045,0.0011351286495419,0.013269103,0.0033522532321512,0.8568773,0.6501011854410171
0.0013717176695134,0.0002776441953994,0.0098722060211002,0.0085015074873808,0.0285516282541069,0.009165289571882,0.012571197,0.0030127689242362,1.0155334,0.6362311100959777
0.0008014145759599,0.0001083072514378,0.0040635897312313,0.0010310258204117,0.004440502970173,0.000934457805167,0.014075888,0.0032810196094214,1.3491935,0.5652862787246704
0.0006571952733178,0.0001147436344457,0.0043807048350572,0.0029167598113417,0.0108950047940175,0.002730237091972,0.014125591,0.0034208651445806,1.1639918,0.6375085115432739
0.0010576979211123,0.0001828518979101,0.0004396055737743,0.0019566319346085,0.019081857051975,0.0027628827505641,0.014305812,0.002250356413424,1.1309111,0.6211055821180342
0.0026200356765755,0.0003290774223555,0.0119594307616353,0.0026431285589933,0.0132683681169073,0.0032777215490062,0.015447268,0.0030263800732791,1.27721,0.4552187752723693
0.0017900776460099,0.0002882403569481,0.0166368717327713,0.0046278433129191,0.0188561118321805,0.0053746557380443,0.01468478,0.0032134562544524,0.6504491,0.525686215162277
0.0004135758169688,8.76565318915952e-05,0.0071629402227699,0.0020666269119828,0.0081107599238083,0.0018228874475386,0.014898173,0.0032869479432702,1.1309326,0.6605934947729111
0.0014294072169552,0.0002939578865882,0.0213076211512088,0.0094359588995575,0.0282600624381773,0.0102764203339215,0.014191045,0.0032800124026834,1.0596634,0.6413670641183853
0.0022734633170994,0.00035798204527,0.0376055240631103,0.0083365046232938,0.0251666510807165,0.00910573862738,0.011972488,0.0025899644009768,0.46497223,0.4589250215888022
0.0010737555632726,0.0001576330731267,0.0076858326792716,0.0020955056976526,0.0095276465503139,0.002088196441275,0.015459526,0.0031538587436079,1.3001513,0.5639126348495481
0.0002762593348856,8.739037461589008e-05,0.0093316165730357,0.0033076140098273,0.0118345506315654,0.0029679102160067,0.014496194,0.0033484211936593,1.1800125,0.6591577690839765
0.0010295644086396,0.0001757980710416,0.0126767004840075,0.0040509034879505,0.0156062336727404,0.004083113589317,0.0135152135,0.0031997119821608,0.6948633,0.5895586985349652
0.0010900060595779,0.0001875200334284,7.438044485752471e-05,0.0007524669624763,0.0238519835543421,0.0022725476136323,0.01181866,0.0012896162457764,0.6452534,0.5591455325484276
0.0005876747940617,0.0001040006990066,0.0088606658391654,0.0017630278598517,0.0065997888947097,0.0014863181454464,0.015098378,0.0033216945081949,1.2757174,0.6063837707042694
0.0022456156788523,0.0004979397433937,0.0016417409060522,0.0077534134332927,0.0558944868416722,0.0132330073350584,0.011637894,0.0015768545307219,1.1162463,0.630940243601799
0.0012530609349772,0.0001931985974408,0.0153467929922044,0.004026360232383,0.0159125943436285,0.0039144562292367,0.015871968,0.0030166348442435,1.4053414,0.5347792208194733
0.0004112695257318,0.0001100713853416,0.0009112337138503,0.0031515733426203,0.0218295832196084,0.0036728748537401,0.013113293,0.0027147527597844,1.1884738,0.6496047824621201
0.0007692722848617,0.0001302193049417,0.0056578563526272,0.0027889308007434,0.0126009677937028,0.0026592163266124,0.011705643,0.0025822864845395,0.7501311,0.613109901547432
0.000587339694932,0.0001086290267057,0.0067973146215081,0.0023742078710347,0.0097619037937783,0.0022629484148068,0.01417582,0.0032784478366374,1.0362864,0.6540758162736893
0.0008393336235511,0.0001396963679319,0.0009829475311562,0.0020498919229794,0.0126738128001875,0.0023646702019913,0.012639986,0.0029577971063554,1.196609,0.6183417975902558
0.000857312380662,0.000131522061116,0.0057772749569267,0.0015254480484873,0.0065203325165773,0.001417869187973,0.015143697,0.0033045262657105,1.0416852,0.634183184504509
0.002626668203626,0.0004652066749033,0.0182867525145411,0.0049933913908898,0.0223757203788787,0.0069358655605126,0.012945334,0.0029896352998912,0.9994822,0.5535535126924516
0.0012879825645866,0.0001928557874342,0.0087418225593864,0.0021360422577708,0.009291108654125,0.002183916888387,0.015105631,0.0033084411360323,0.83261675,0.5749248415231705
0.0010497429876364,0.0001761645682249,0.0093689644709229,0.0027752188034355,0.0113458123340366,0.002811085691065,0.0148275215,0.0034210792928934,1.0253313,0.6348005384206772
0.0012248901334196,0.0002017528817306,0.004202980082482,0.0031502901948988,0.0141715944469104,0.0033372711897036,0.012477757,0.0030217571184039,1.0649889,0.619913946986198
0.0024136096175724,0.0003591453123273,0.0209554908797144,0.0069032705202698,0.0335654853297228,0.0084128704469041,0.01695103,0.0025388064235448,1.4321029,0.4869981670379635
0.0005994254601052,0.0001113204337445,0.007198367267847,0.0026839536707848,0.0106562475757438,0.0025561796192554,0.01486396,0.0034266094863414,1.1570722,0.6485681158304213
0.0035137097913304,0.0006437694740361,0.0906681343913078,0.016033686697483,0.0231899005705562,0.0121133917725199,0.015504897,0.0031787529587745,1.3198748,0.5286450445652007
0.0008167221742087,0.0001183934688989,0.0019876300357282,0.0019604243552021,0.0089156782877684,0.0018862130507823,0.013147974,0.003235344979912,1.4192483,0.5377579963207244
0.0004187290788781,8.72487852319932e-05,0.0021517653949558,0.0022532355797011,0.0099325632136428,0.0020716231918256,0.012971095,0.0032622599974274,1.1787267,0.6496995210647583
0.0003479350893286,6.503363801160268e-05,0.0026216593105345,0.0007838283735327,0.0032824500689876,0.0006775081421517,0.01438247,0.0034030232205986,1.0224633,0.661260798573494
0.0008073521453655,0.0001233571346251,0.0041790693067014,0.0014538723323494,0.0069217153668479,0.001417925984936,0.012924154,0.003097138442099,0.8682748,0.622188001871109
0.0010357421948606,0.0001505752087951,0.0005948698380962,0.0020104829899173,0.0215431211467771,0.002662148609051,0.015781775,0.002005195710808,1.4873428,0.4932228910923004
0.0012489586313931,0.0002243908748389,0.0065928210970014,0.0042057991260662,0.0172966950525515,0.0046760380577288,0.014528633,0.0033182767778635,1.0075095,0.6216888082027435
0.0003252647171647,9.43805154281932e-05,0.001307961763814,0.0038395481045517,0.0220170167115287,0.004114038624342,0.011992516,0.0024227484129369,0.93985003,0.6743139517307276
0.0014719799525699,0.0001905944644726,0.0052828912157565,0.0016509215347468,0.0080266677670739,0.0017451184264949,0.013538312,0.0031169196590781,1.3040711,0.532806009054184
0.0027352724983988,0.0005851417494629,0.0019277337705716,0.0153133034990423,0.1412687806119697,0.0286621426685477,0.016201044,0.0016155841760337,0.7251544,0.579912930727005
0.0013731701858355,0.0001977537653206,0.0096378372982144,0.002407408086583,0.0100996109328896,0.0024507666919526,0.013654848,0.0032875797711312,0.67415464,0.5354961305856705
0.0010085054868954,0.0001575128730908,0.0042223902419209,0.0022716005239635,0.010626432541192,0.0022915907974715,0.0124349445,0.0028023377805948,0.8598511,0.6142486596107483
0.0024172634452309,0.0003266087589701,0.0119068715721368,0.0026113465428352,0.0126054822021214,0.0031997308064439,0.015654515,0.0030888943001627,0.823852,0.4796163141727447
0.0010394304436444,0.0001454834602909,0.004533088998869,0.0019238580670207,0.0087341514100768,0.0019924114906291,0.013913393,0.0034329583868384,1.4030995,0.537706583738327
0.0008159862044104,0.0001376434470137,0.0071077048778533,0.0034288665652275,0.0134227043541789,0.0034212796358064,0.0153255,0.0033057667873799,1.2464907,0.6019694387912751
0.0005896090466686,8.608862652173771e-05,0.0011213695979677,0.0010116857520188,0.0043465359822453,0.0007933121724147,0.012360139,0.002953135613352,1.173738,0.6328629565238952
0.0014524858219416,0.0002129540177333,0.004095350857824,0.0023007679847069,0.012079488008696,0.0025687053261979,0.012320961,0.0027262520045042,0.8963851,0.5619672173261643
0.0005358947814766,9.412125819472966e-05,0.005225165747106,0.0016182632092386,0.0071119907325155,0.0014966730747575,0.015240682,0.0032194967195391,1.071845,0.6515256762504578
0.0010093967223295,0.0001116720672311,0.0203292397782206,0.0024550513923168,0.0059153163887435,0.001785713316375,0.014512137,0.0034244637936353,0.33407125,0.3690275737643241
0.0012405396864704,0.0002185669747262,0.0321532916277647,0.0052914405241608,0.0121832568276348,0.0038608640341749,0.015871685,0.0030557250604033,1.1907415,0.6093990492820739
0.0023978522323103,0.0005260771824445,0.1137969270348548,0.0226261131465435,0.0091878223499978,0.01518918697516,0.015221871,0.0032694317586719,1.1150327,0.6089573293924331
0.0005800472860158,8.152722805352818e-05,0.0026802795473486,0.0010094824829138,0.0046818801840529,0.0009267305699065,0.013117891,0.0031746583990752,0.60227454,0.5640468034148216
0.0008915023862293,0.0001294955993533,0.0051044831052422,0.0012968542659655,0.005677965537618,0.001239539602112,0.014405502,0.0033983017131686,0.9891262,0.6201116740703582
0.0021116910627622,0.0002617042203272,0.0081126503646373,0.0023568291123956,0.0117307895052759,0.0027397032283402,0.015308567,0.0031087420135736,1.3319861,0.4716690135002136
0.0012062785386908,0.0001625789696852,0.0074161980301141,0.001116728503257,0.0039450014975702,0.0008772962047575,0.015133403,0.0033112006261944,1.049891,0.5796033143997192
0.0016298369150223,0.0002281761314912,0.004977918928489,0.0041216678614728,0.0170517115514377,0.0044601545602306,0.013631446,0.0033383234404027,1.4222516,0.486562967300415
0.0008925867536025,0.0001186900364404,0.0050339063163846,0.001655728672631,0.0076958041065731,0.0016398532199895,0.01282492,0.0031378682702779,0.5449831,0.5098390582203864
0.0009676498234049,0.0001417230007319,0.0060304251965135,0.0015146215446293,0.0063767541403597,0.001423222127207,0.013831055,0.0033443111553788,1.2434027,0.5964326572418213
0.0010372247932624,0.0002172403930585,0.0066038258373737,0.0084011278656544,0.0358558110189368,0.0094923849225231,0.013269866,0.0030312985181808,1.1794246,0.6430374085903168
0.0004556417235425,7.821724977070325e-05,0.003434112528339,0.0011270548030734,0.0049595416948072,0.00097575349363,0.013105022,0.0029556279443204,0.9507727,0.6593449002504348
0.0006368022447922,0.0001083910672567,0.003656354965642,0.0019685865263454,0.0084863608501821,0.001884824043516,0.012919558,0.0032021864317357,1.1256074,0.645983669757843
0.0003616069398248,6.201174376763391e-05,0.0030335271731019,0.0006158986128866,0.0022030275219313,0.0004646807382295,0.014074072,0.0033602081239223,0.9338222,0.6636603492498397
0.0006268416025071,0.0001212090633825,0.0001465429959353,0.0012545915375449,0.0172724795203206,0.0018905534610964,0.012173544,0.001841164138168,0.72186404,0.6209453085064887
0.0047222169379381,0.0007003113368708,0.0304538970813155,0.0053808176144957,0.0256841391759653,0.0089312302539197,0.014489353,0.0029638965986669,0.7837805,0.4254018926620483
0.0021980767097806,0.0002450867225174,0.0081413872539997,0.002359640141949,0.0119236619704469,0.0027357618255434,0.014817998,0.0030166087672114,1.4700912,0.4188665020465851
0.0013381638940384,0.0002140234088463,0.0084839556366205,0.003354454645887,0.0145246511459922,0.0037347444276068,0.014055182,0.0033056403137743,1.2258852,0.585361897945404
0.0014204048978341,0.0002796942903326,0.0009561241604387,0.0052168589436951,0.0411439228039611,0.0077537131272126,0.012874591,0.0021822660602629,1.3117099,0.5939141511917114
0.0008695895438746,0.0001045832630331,0.005892006214708,0.0035753912525251,0.0154129543466557,0.0035229524926061,0.011831835,0.0025800052098929,0.32660785,0.3640806972980499
0.0004855274529326,0.0001156181309479,0.014028375968337,0.0063591336365789,0.0205566401013102,0.0061340778165074,0.013689845,0.0033127255737781,0.9081476,0.6666029989719391
0.0005009985336358,9.093464025875788e-05,0.0055042402818799,0.0016284533776342,0.0067483781161235,0.0014812297521506,0.015057605,0.0033951665274798,0.9785864,0.6679429984092711
0.0003581327958111,0.0001337968642128,0.0005876923387404,0.0057014187632375,0.0572921491533063,0.0083935696716605,0.01397553,0.0025755772367119,0.90346444,0.6729771435260773
0.0005963629767272,9.77587845905684e-05,0.003348640166223,0.0017278263135813,0.0071148786761717,0.0016108053417427,0.013135508,0.0032488224096596,0.8964162,0.6435589003562927
0.0014058455055013,0.0002787886573603,0.0005917228409089,0.0063270967324024,0.0583992713579082,0.0097836777476357,0.012279797,0.0017551299929618,0.54311925,0.5340276142954825
0.0008156784774366,0.0001651449515538,0.0002244426868855,0.0019818699175539,0.0258290529402299,0.0030887923630863,0.012297887,0.0017138758860528,1.0111575,0.6547575068473815
0.0008454304016257,0.0002010542652533,0.0008020871318876,0.0068871968576968,0.0495875727739285,0.009184599653452,0.011943599,0.0019167155213654,1.00624,0.6695555299520493
0.0084458223126649,0.0017848672415068,0.0047109071165323,0.0281138604356237,0.2151974708698668,0.0559716464666448,0.012222883,0.0008540055714547,1.2610153,0.559958279132843
0.0006702258927657,0.000109317924409,0.006313134683296,0.0020947827678173,0.0094742833125401,0.0019880654329842,0.016040295,0.0030895858630537,1.457515,0.527865298986435
0.0012663527149764,0.0001497815043752,0.004433088004589,0.002009192481637,0.0117942082091538,0.0020590933510585,0.011395293,0.0019727285578846,0.46273327,0.4314359307289118
0.0016323307728647,0.0002188003587288,0.0044235582463443,0.0023652532836422,0.0106091138932066,0.0027291578849661,0.013742872,0.0035284449532628,1.2920487,0.5146710360050202
0.0013135475977802,0.000182569028463,0.0030222298810258,0.0035824495929409,0.0174047643940739,0.0040941006191179,0.013225832,0.0033486895263195,1.5454768,0.4400924551486969
0.0011408422045813,0.0001704328276776,0.0021484072785824,0.0025625157850299,0.0129382161892439,0.0026799675347602,0.012490109,0.0030044517479836,0.70718837,0.5659593939781189
0.0008192865254017,0.0001252924589477,0.0102065620012581,0.0014262634143233,0.0040964999611581,0.0010085073227696,0.014189023,0.0033082831650972,0.836689,0.6168015450239182
0.0013797724592517,0.0001751206940642,0.0071996101178228,0.0025063861254602,0.0114122682344667,0.0027397542723871,0.0146432575,0.0033561363257467,0.49429178,0.4541009041666984
0.0002088611961901,7.615864949319577e-05,0.0022478783503174,0.002841307888957,0.013304688228398,0.002741931299764,0.01259058,0.0031538432464003,0.92030865,0.6717106622457504
0.0011890754058633,0.0001561567646565,0.0070851170457899,0.0027172952983528,0.0118740079141931,0.0027773687397791,0.014921419,0.0031908988021314,1.5269086,0.4632588958740234
0.002402370623679,0.0004885512714845,0.0140790189616382,0.0082448362372815,0.0334040447930266,0.0114396962206822,0.012416408,0.0027667404711246,1.175872,0.5941285490989685
0.0071405234943762,0.0009184741264051,0.0730402655899524,0.0139382822066545,0.0790051606385101,0.0197339889306526,0.017943641,0.0014966920763254,0.6404179,0.3529766589403152
0.0065007240825839,0.0013758667968808,0.0357497557997703,0.0288446889398619,0.1174455131353477,0.0447799043749345,0.012810335,0.0011341366916894,1.327419,0.5680805814266205
0.0011268492312112,0.0001584988277383,0.0020069584716111,0.0019701551427715,0.0106464921040285,0.0017400290449931,0.0110610165,0.0018780520185828,0.6761935,0.5586640903353689
0.0024223582255822,0.0002715026196405,0.0156785324215888,0.0030092732049524,0.0139846121989252,0.0031665731741931,0.016230699,0.0028161685913801,1.5010784,0.4068178486824035
0.0006351021189721,0.0001037884841095,0.0042320722714066,0.0018304517120122,0.0076038875448392,0.0017553568639426,0.014898664,0.0034356373362243,1.1254253,0.6428698098659515
0.0049080869070699,0.000923288772325,0.0249126479029655,0.0106537118554115,0.0569423782955153,0.0181490655762766,0.011325959,0.0014743982814252,1.4215744,0.5144054555892945
0.0005454268245354,8.848704639999837e-05,0.0064021968282759,0.0012602034118026,0.0048547717953747,0.0010645586655908,0.0141984895,0.0033286219462752,0.7641175,0.6251622223854065
0.0020311164266674,0.0002626706414905,0.0031422959873452,0.0035544273393315,0.0192109770576858,0.0044496387491906,0.013597112,0.003070754930377,1.5182166,0.4326997697353363
0.0005378044319693,9.013009631737152e-05,9.004738967632875e-05,0.0005575794616925,0.0080100030150986,0.0008431059025878,0.013466233,0.0020103314332663,1.4392585,0.5386238098144531
0.000835790051343,9.837497157895664e-05,0.0058356765657663,0.0018552495166659,0.0085449592650097,0.0018177349979758,0.013097596,0.0031774267554283,0.3730675,0.3970625512301922
0.0006281619324311,9.795272769290389e-05,0.005601002369076,0.0013131975196301,0.0054853368141445,0.0011532330256878,0.015051761,0.0032741511240601,1.4080215,0.5522716283798218
0.0062492762748353,0.000703068200025,0.0888471379876136,0.0211536306142807,0.0908071586652506,0.0265377971868657,0.016574133,0.0019094543531537,0.31111145,0.2891418933868408
0.0001064286411668,6.744443113590026e-05,0.0036137750139459,0.0013050031056627,0.005427536608532,0.0011481622834406,0.014552207,0.0033504720777273,0.9772175,0.6821498000621795
0.0026719015620224,0.0006251012715993,0.0370364524424076,0.0125750070437788,0.0391663596020771,0.0164113295683075,0.011279545,0.0019705151207745,0.7209133,0.6242556497454643
0.001392071868895,0.0001772604296766,0.0039734439924359,0.0025901652406901,0.0112656267072566,0.0026743492268068,0.013372064,0.0032851067371666,1.4507225,0.4842846989631653
0.0010598631271552,0.0001722551471188,0.0034891478717327,0.0031634162558475,0.0138470539010079,0.0031451732828231,0.012385221,0.0030143712647259,1.2017179,0.6168703436851501
0.0012742735285863,0.0001903527026434,0.0046778069809079,0.0020183770824223,0.0097216840197242,0.0021902788166973,0.012911394,0.0030933781340718,0.9828545,0.5906690806150436
0.0011014440373166,0.0001680952027294,0.0042178123258054,0.0019743681279942,0.0092358458878143,0.002083089622382,0.013401633,0.0032227016054093,1.030542,0.6175930947065353
0.0020905506706497,0.0002974834143641,0.0111806159839034,0.0025292136706411,0.0114277373692166,0.0029750769808784,0.014122694,0.0032072644680738,1.0558366,0.5308574390411376
0.0013554009628042,0.0002611336887672,0.0042695868760347,0.0055088208955567,0.0273557240490571,0.0064498821697311,0.011260401,0.0020394353196024,1.1053141,0.6390829938650132
0.0053036733153941,0.0011802076869345,0.0221208967268466,0.0431138954193738,0.2044517050561205,0.0646132173864916,0.011434151,0.0009379412978887,0.570506,0.5338561460375786
0.0010048790234176,0.000154078940426,0.0039058523252606,0.0023473171237856,0.0113362664003777,0.0023857220750534,0.011998625,0.0027083959989249,0.74309945,0.582609049975872
0.0155924041801961,0.0017024096935647,0.2596266269683838,0.0254484352469444,0.3341975934567964,0.0714679414356185,0.019453516,0.0005489053577184,0.44720608,0.2701014131307602
0.0014168228195468,0.0001428381824352,0.007870071567595,0.0022573583200573,0.0110370765342958,0.0022884870757222,0.015800029,0.0029189720936119,1.6716444,0.3367472124099732
0.0005417622458006,0.0001048470698812,0.0030283657833933,0.0030505988761433,0.0127572200367209,0.0027796654369016,0.012320305,0.0030054972879588,1.1663252,0.6453015357255936
0.0010901399394283,0.0002241230012226,0.0087186358869075,0.0082508074265206,0.029707361707939,0.0087522872848355,0.013002777,0.0031111584976315,0.9959269,0.6489625573158264
0.0002428517645726,5.800519300262243e-05,0.0021827316377311,0.0008540992275811,0.0034606777445793,0.0007170575358738,0.014281598,0.0033981404267251,1.0606046,0.6616940367221833
0.0008083723739985,0.0001497951022481,0.0001268282940145,0.0011181519519323,0.0179805034576063,0.0019208034277483,0.011824324,0.0015476629696786,0.9586319,0.6585662281513209
0.004247955140606,0.0005263938417025,0.0931090489029884,0.0314790662378072,0.0717623873776433,0.0339844697070997,0.014533982,0.0025571701116859,0.28648183,0.3046981766819954
0.0025803035887096,0.000489961359522,0.0364613234996795,0.0083419969677925,0.0282362402198682,0.0097279196869579,0.014883141,0.003176094032824,0.98693377,0.5805514419078828
0.000447798592296,7.329038107886415e-05,0.0019223045092076,0.0017984599617193,0.0084327466251918,0.001473013995516,0.011383648,0.0022146692499518,0.53847605,0.5552790388464928
0.0009237869581786,0.0001235675249951,0.00120211369358,0.0021268350530226,0.0187193966378737,0.0020899658519373,0.010557175,0.0007548602297902,0.4337253,0.4483429923653602
0.0011853950517986,0.0002131117775662,0.0142737403512001,0.0043364060111343,0.0162822760949419,0.0044916861415983,0.013669653,0.0032979356124997,0.8563043,0.6252103596925735
0.0044664193963751,0.001170528837204,0.0187178729102015,0.1204266421059583,0.718856510400678,0.2242633008981518,0.016595904,0.001928722038865,0.76329964,0.6188391259312629
0.001901751246179,0.000295728156502,0.0114587871357798,0.0086835557012818,0.0358179815842823,0.0097850831357567,0.01543897,0.0028010826557874,1.4853383,0.4841196238994598
0.0025899458883359,0.0004483862053506,0.0200955923646688,0.0079775019548833,0.0305753043291777,0.0107977599672557,0.013391129,0.0030981340818107,0.4935064,0.4676931351423263
0.0046446977527024,0.0010248988795187,0.1013255044817924,0.0335990910232067,0.0963969324433859,0.0423072134248249,0.015858259,0.0022900123149156,0.85715914,0.5722422862052918
0.000450454474193,8.675159718091684e-05,0.0029456219635903,0.002934947675385,0.0116738288009464,0.0026036103891096,0.012139538,0.0029942314140498,0.79777235,0.6459537017345424
0.0007948533297474,0.0001353352453883,0.0061047268100082,0.0022500215144827,0.009737987149525,0.0022376591896263,0.013594432,0.0032760101184248,1.0715144,0.6432250142097473
0.0028648819512309,0.0004289793207516,0.0428581796586513,0.0088279116898775,0.0303275109816452,0.0092108393279088,0.016134348,0.0027705405093729,1.4358696,0.4687808418273924
0.0003820966977389,0.0001026363335674,0.0002539937559049,0.0020471023033223,0.0215665473777792,0.0027224069626048,0.013848103,0.0023446469567716,0.9939456,0.6712736272811888
0.0017347456311113,0.0001712072685451,0.0072759282775223,0.0016756698675453,0.0078962378338434,0.0017033119269209,0.016142191,0.0031053870171308,1.574786,0.3864943385124206
0.0005202449554716,6.85924119326602e-05,0.000657066470012,0.0006178148923936,0.002468968305702,0.0004576535938667,0.012722988,0.003156412243843,0.79317063,0.6113654524087906
0.0006767625209727,0.0001196501751904,0.0061625046655535,0.0022829182446002,0.0101089403481336,0.0022135634507365,0.015299153,0.0032111848704516,1.0538394,0.6503059607744216
0.0028084923140834,0.0007236723364246,0.0055128042586147,0.0185026754919817,0.110266413597613,0.0310186918622825,0.0119778905,0.0014036744832992,0.7683286,0.6421714779734612
0.0015270603586026,0.0001591281598041,0.0115159507840871,0.0022856826521456,0.0103713053616015,0.0021336459615892,0.01603604,0.0028282929584383,1.6347041,0.3675795245170593
0.0008368319433347,0.0001155993284333,0.00272186845541,0.0015208013448864,0.00663055015076,0.0014984066327369,0.0140948575,0.0035493307374417,1.3191023,0.5605462217330932
0.0002457177427598,6.981819746666534e-05,0.0068522836081683,0.0014154140371829,0.0052525600927366,0.0011612359474041,0.0152099095,0.0033677529729902,1.1500416,0.6526314944028853
0.0013941182219943,0.0002763566953498,0.0057321269996464,0.0062839611165691,0.0293673736974837,0.0069984869623242,0.011011932,0.0016923872753977,0.9929616,0.6492441147565842
0.0077606687539861,0.0020656286459773,0.15999785810709,0.0461719931662082,0.0618601505557996,0.0745658173952693,0.011119214,0.0024281404912471,0.6461376,0.6256281733512878
0.0003136034723137,5.956365350068011e-05,0.0031368331983685,0.000599236562848,0.0021677447778792,0.0004547168526848,0.014700165,0.0033409136161208,1.024395,0.6715836197137831
0.0003291946583429,0.0001111529773937,0.0003934086125809,0.0038163999906828,0.0364761651078294,0.0050474011702213,0.011846008,0.0018001697026193,0.90745693,0.6787087321281433
0.0013699703347004,0.000192873579623,0.0080186477862298,0.0018752469308674,0.0081192667805254,0.0019132351287805,0.014217421,0.0033825889602303,0.7613888,0.5437798351049423
0.002897522155854,0.0005311628308165,0.1360579282045364,0.0295380905270576,0.0183889756775414,0.0261827078361343,0.014505122,0.0033953612111508,0.4561406,0.4411847740411758
0.0008571264962793,0.0001299778908556,0.0038603995926678,0.0025995008845347,0.0099556484777655,0.0024214710864477,0.01471926,0.0034842712245881,1.3449833,0.573428601026535
0.0109155485860231,0.0019539165340989,0.1654598042368888,0.0300117361545562,0.1159535187970455,0.0535468212814866,0.015441553,0.0019458249397575,0.9280103,0.457710862159729
0.0012895670161053,0.000177288580017,0.003813304239884,0.0019885443872772,0.00950031208366,0.0021277930817212,0.01288305,0.0031324862502515,1.3150587,0.5478636348247528
0.0013496161911318,0.0002092509292338,0.0067730823066085,0.0049436118197627,0.0189244005726864,0.0052703482872516,0.013306285,0.0033960145525634,1.4719274,0.5024290537834167
0.0029595117676799,0.0004036126465302,0.000104405611637,0.0012018400631313,0.049626846665177,0.0053008169771993,0.015073739,0.001153799612075,1.4469833,0.4499963819980621
0.0031904621044985,0.000528529094671,0.0005571333458647,0.0025423861808667,0.0335736794859271,0.0056366519182872,0.0107724285,0.0009676674380898,1.1633878,0.5363895440101623
0.0006231984627381,0.0001025526873618,0.0041955891065299,0.0017557722562924,0.0072945701431914,0.0016788024428471,0.014116718,0.0034382360242307,1.2249959,0.6199082136154175
0.0018768951942526,0.0001670954140672,0.0051106140017509,0.002312884540297,0.0118493409492736,0.002533705433628,0.015514697,0.0029728151857852,1.6583965,0.3273553252220154
0.0007578340645394,0.0001233353379037,0.0047513884492218,0.0020251276437193,0.0083607290759075,0.001949474622871,0.0137129,0.0034038328565657,1.0511024,0.6372563952207565
0.0016442892353014,0.0002823013900491,9.539153325022198e-05,0.0010033813387053,0.0301747437074886,0.003328946156085,0.014965805,0.0014175787381827,0.95929146,0.5935501849651337
0.00093675658444,0.0001285672387315,0.007510908646509,0.0019097254239022,0.0083800723397703,0.0018080769238161,0.015177871,0.0031926473416388,1.4946635,0.4844799041748047
0.0024164870477799,0.0003075894094264,0.0174273494631052,0.0028147499263286,0.0115765056293323,0.0029149562733719,0.01526493,0.0030887716822326,1.335932,0.4659050238132476
0.0007218108769326,0.0001133006745393,0.0070228730328381,0.0015878377016633,0.0065144973922577,0.0014026186435302,0.01530368,0.0031858443841338,1.1629324,0.6228637421131134
0.0128126682674715,0.0027619494556721,0.179712563753128,0.0977611531317234,0.6850735544144775,0.1945325923547505,0.014326745,0.0011649020016193,0.8729558,0.5397728335857391
0.0010750261067195,0.0001649226097342,0.0090603502467274,0.0020032096933573,0.0078164187145,0.0018777538131714,0.014543776,0.0033697873353958,1.2023027,0.6025782823562622
0.0013179404918242,0.0002156354236071,0.0124568901956081,0.0032537924312055,0.0133400497994872,0.003413504478471,0.014381698,0.0032771597616374,1.0530918,0.5977593731880186
0.0005918712551766,0.0001030596683898,0.0083854394033551,0.0016999755427241,0.0065460684098152,0.0014333828223528,0.015625473,0.0032298287004232,1.2853315,0.6174238860607147
0.0005901145224954,0.0001046202725004,0.0076826077420264,0.0019498033821582,0.007617358285763,0.0017136549633751,0.014806831,0.0032217535190284,1.2349054,0.6236288368701935
0.0007563017246776,0.0001064983822487,0.0030165840871632,0.0021847988537047,0.0091613502972536,0.0020509505327428,0.013239465,0.0033862050622701,0.5812989,0.5434481570124624
0.0006887347514423,0.0001141573702524,0.0009944853372871,0.0019677134697303,0.0121375475116079,0.0018934063068792,0.0111792525,0.001957328133285,0.8269011,0.6436072599887848
0.000858868562058,0.0001799093493126,0.0343710966408252,0.0087034182623028,0.0196094066105962,0.0074930423078544,0.014556024,0.0033653047867119,0.84795725,0.6568940877914429
0.0027650579630739,0.0004745109279716,0.0170098636299371,0.0131192041514441,0.0455670659400004,0.0161361758840801,0.011987388,0.0024583891034126,1.5360194,0.4696284234523773
0.0013824141044411,0.0003332948662052,0.0280473493039608,0.0242377014947123,0.0516661709311956,0.0250428289172569,0.01282275,0.0029203132726252,0.8536011,0.6619625639915466
0.0004587490745456,8.827673677520636e-05,0.0064112779218703,0.0016326701734215,0.0066327202920476,0.0014615506396709,0.015214713,0.0033476632088422,1.1598897,0.6520856767892838
0.0022173637414817,0.0004867130262868,0.0141149638220667,0.0401958388147613,0.168648188200475,0.0530125991429721,0.015974881,0.0021238983608782,1.3452168,0.5845686197280884
0.001461027258175,0.0001872082252021,0.0065818168222904,0.0020344478543847,0.0094570999410024,0.0021512279538612,0.01530407,0.0033143484033644,1.3871533,0.4972503936290741
0.0019551100159048,0.00023069835753,0.0068849134258925,0.0014581576175987,0.0065979446803018,0.001577711226994,0.014715796,0.0034720709919929,1.2740418,0.4749057590961456
0.0014345758196608,0.0002174094961597,0.0107586025260388,0.0022503691725432,0.0091504629026843,0.0021539935761459,0.015237581,0.0031711849570274,1.036028,0.591098257303238
0.0011742553202056,0.0001736898833265,0.0053519499488174,0.0042448994936421,0.0203229066150093,0.0040615629248314,0.011029928,0.0016223658621311,0.5161414,0.493867662847042
0.0006507537396812,0.0001073693424861,0.0043421182781457,0.0027126327331643,0.0103148900987325,0.0025607034831748,0.015237202,0.0035329209640622,1.4813948,0.5133215332031249
0.0026432645755832,0.0007084676295956,0.1018014252185821,0.0736352326348424,0.0718016999333467,0.0695046791477621,0.012423894,0.002946864310652,0.8584146,0.667368933558464
0.001161042997702,0.0001512721565476,0.0033912011422216,0.0033738734122016,0.014759956621694,0.0033562930664988,0.011990173,0.0030806940048933,0.45844552,0.4505452355742452
0.0007870246726222,0.0001567478385201,0.0006066916976124,0.0029081255951678,0.0238794443981355,0.0037239986980729,0.013084746,0.0022879330255091,1.224042,0.6333511710166932
0.0003782125887495,9.638681705900029e-05,0.0005605708574876,0.0019665358904603,0.0159764524667564,0.0023149878196344,0.013670841,0.0024498482234776,1.2219291,0.6343733870983124
0.0004795050336566,8.619031960979706e-05,0.0057459170930087,0.001406860537827,0.0056183874554817,0.0012252376804689,0.014182115,0.0033451551571488,0.9216336,0.6606388670206069
0.0018683808605906,0.0003262852804708,8.650824020151049e-05,0.0010867844952281,0.1105586775475515,0.0113031764685029,0.015801445,0.0017276860587298,0.42936617,0.4492888523638249
0.0005549592120131,0.0001258167759954,0.0008736120944377,0.0045700041104646,0.033761246848097,0.0053242069182175,0.011183904,0.0014270449802279,0.64538217,0.6248250940442084
0.0011481112360498,0.0002636238491665,0.0649769455194473,0.0232659720629453,0.0466162011961603,0.0214828838399255,0.016463757,0.0027637043967843,1.3681202,0.5851507484912872
0.0018002905880638,0.0003219460612169,0.0033325841650366,0.004273864255083,0.025884914307744,0.0054173514951475,0.011061825,0.0016836472786962,0.83849806,0.5847563958168029
0.0016643123206967,0.000180213423313,0.0044664517045021,0.0009654969396069,0.0043909253647198,0.0009555680204813,0.014538128,0.0033705748058855,1.2608839,0.4765940892696381
0.0010355285376701,0.0001559545711932,0.0050238007679581,0.0029137810319662,0.0132505042620503,0.0029734022866949,0.011810467,0.002606310416013,0.6080914,0.5424440401792526
0.0006009918179984,0.0001080585258113,0.0017589170020073,0.0022295456123174,0.0134708253807064,0.0023026894458287,0.015201672,0.0028326142020523,1.357498,0.5876056551933289
0.0014118820451094,0.0001756482353633,0.0063174196984618,0.0023117772769182,0.0102575598808106,0.0025197892990817,0.015202595,0.003464659191668,1.476074,0.47493243932724
0.0011616026548026,0.000176375379016,0.0087776342406868,0.0018380584288388,0.0074361584058262,0.0017663738691839,0.0136785,0.0032802610658109,1.0409312,0.5979611277580261
0.0011967707554829,0.0002014908014388,0.0151975490152835,0.0028921552002429,0.0102863043470393,0.0026515184104858,0.014454856,0.0033688927069306,0.9557113,0.6264500468969345
0.0005625706747557,9.753058543960128e-05,0.0048017427325248,0.0021263094386085,0.0087662036192688,0.0019856827579699,0.015675839,0.0032961615361273,1.403994,0.5581381738185882
0.0007238997345011,9.997707046388148e-05,0.002881075721234,0.0012660565529949,0.0063059725247703,0.0011898289712215,0.012332324,0.0027867110073566,0.5835191,0.5550129082798957
0.0025016812811658,0.0004334344271019,0.0216156411916017,0.0118463458493351,0.0456012399686701,0.0150393908292968,0.014727295,0.0028651426546275,1.4455669,0.4994324088096619
0.0014668654141069,0.0002305880435076,0.0005381166702136,0.0018332358279621,0.0160407746883795,0.0024749962138074,0.0110354265,0.0015920135192573,0.8516015,0.5833960622549057
0.0017187642193271,0.0003444682045294,0.015259591396898,0.0205338308860518,0.0906098177950457,0.0257594506865622,0.015845176,0.0022885288111865,1.370158,0.5686333179473877
0.0013425042152624,0.0002023253649665,0.0039013049099594,0.0036281470966059,0.0158542293104738,0.0036868307169004,0.0118754385,0.0026558516547083,0.6593064,0.5403024017810821
0.0012910898844261,0.0002661181937178,0.0002704652724787,0.0029695453584918,0.0378903019305377,0.0052898158680664,0.0125829205,0.0017338170856237,0.98462,0.6464907860755921
0.0006606326279015,9.138632899624642e-05,0.001873857458122,0.0008526220428757,0.0036203515897818,0.0007630412596907,0.014671775,0.0035111154429614,1.1852436,0.6096671867370604
0.0005762901467551,0.0001133868003531,0.0001132452962337,0.000859761166339,0.0148628758675505,0.0014747648680264,0.013702592,0.0018626805022358,0.91143,0.6596602684259415
0.0013228585170689,0.0001696612817188,0.0058692367747426,0.0011745241936296,0.0050324809873836,0.001104781000071,0.014019067,0.0032746904343366,1.2355227,0.5486897027492522
0.0009667159834888,0.0001845510979276,0.0002754860324785,0.002360757587885,0.024227443385413,0.0035259724732002,0.0128853405,0.0020360592007637,1.1474829,0.6313961708545685
0.0012399964271107,0.0001547492832236,0.0066390000283718,0.0014013175386935,0.0061196357743587,0.0013097599362303,0.0150103,0.0031555495224893,1.3797193,0.517289651632309
0.0012941937944874,0.0001012545436127,0.0001740376683301,0.0007809313356119,0.0112596418026657,0.0010577454599418,0.015967375,0.001764721237123,1.7928311,0.2277968478202819
0.0025580703110642,0.0004477711314733,0.0180590655654668,0.0058338411152362,0.0253584193143859,0.0080373797695638,0.012996286,0.0029014737717807,0.70705026,0.5259780287742615
0.0008214645378186,0.0001655869202718,0.0080491150729358,0.0060047596227377,0.0201636899096859,0.0058950180158362,0.013505537,0.0034383474849164,1.1062812,0.6548354452848432
0.0008724983279519,0.0001244119721444,0.0065111042931675,0.0014925157185643,0.0060982026779125,0.0013519592357063,0.014827388,0.0033740968257188,1.3699484,0.5449537336826324
0.0013953996790935,0.0002044698343201,0.0046093699056655,0.0024022129946388,0.0106489697838707,0.0026244569830935,0.014788559,0.0033979682438075,0.83531684,0.5712055194377896
0.0020806552377614,0.0003312663385937,0.0005177418352104,0.0027984475595985,0.0298698950748065,0.004651410777759,0.01118907,0.0012698243372142,1.331474,0.5338294208049774
0.0012499347037828,0.0002250265790971,0.0081439325585961,0.0041981012839823,0.0169936973264864,0.0047642669063276,0.01281067,0.0031851497478783,0.9673887,0.6335804510116577
0.0008880143371285,0.0001068348128891,0.0030073004309087,0.0008753765467554,0.0039233912997702,0.000800641920545,0.013735125,0.0032403036020696,1.4409583,0.5207431030273437
0.0011008417484444,0.000154460342897,0.0067668701522052,0.0016482450533658,0.0075615214180993,0.0016337454044447,0.014919452,0.0031915982253849,0.7118029,0.5592842698097229
0.0017818875498614,0.0002557739435162,0.0080940555781126,0.0024037237744778,0.0116821197472342,0.0027554713859765,0.015220032,0.0031140863522887,1.0386308,0.5390385425090791
0.0006962715834509,0.0001237529713002,0.0066929128952324,0.0028228487353771,0.0115418534865478,0.0027676335312106,0.012875701,0.0031386928632855,0.9164889,0.6497180163860321
0.0064073627267318,0.0004590842919568,0.001324990123976,0.0158080514543144,0.4548696384234678,0.0400480883905472,0.019575737,0.0004388998821377,0.16910891,0.1789026856422424
0.0016992268044125,0.0003876584925962,0.0015952128451317,0.0083543623084551,0.0586145552750913,0.0126482610954281,0.011084525,0.0012401527352631,0.9589748,0.6644274532794952
0.0004989668134702,9.868347447575146e-05,0.0103097218088805,0.0019213912263512,0.0066785513300877,0.0015908056508734,0.014928113,0.0033969708904623,1.1359265,0.6564925599098206
0.0008295276664939,0.0001165728524399,0.0056003658100962,0.0014092978090047,0.0059973754416841,0.0013125724663323,0.014184838,0.0032679139822721,0.66997784,0.5758581918478007
0.0007878011202952,9.259738570320749e-05,0.0079774972982704,0.0015807724557816,0.0061230006163637,0.0014331637449041,0.013932904,0.0034666024148464,0.38247442,0.4117968641221523
0.0008544033133432,0.0001317856735831,0.0073643990326672,0.0014486704021692,0.0057968047343155,0.0012522142415463,0.0151427,0.0032272472977638,1.1452203,0.6355628734827041
0.001004006100637,0.0001810687444332,0.0002419637603452,0.001648029226435,0.0178711218437637,0.0025906534060047,0.012227644,0.0020761433988809,1.1657602,0.6269119840860367
0.0006550161362822,0.0001044904223508,0.0038409216795116,0.0013826536014676,0.0062160344195586,0.0012936465419605,0.013571301,0.0031972535513341,1.1034629,0.6456235647201538
0.0009399285012506,0.0001310389066913,0.007362388074398,0.0015286819543689,0.0061373540776564,0.0014031583729302,0.013733699,0.0033804033510386,0.61987233,0.5431189551949498
0.0003232655633359,7.020633542823202e-05,0.003754936507903,0.0016018802998587,0.0066079040661805,0.0014713412643411,0.014016686,0.0033930172212421,0.875124,0.6750338077545166
0.0012902706772574,0.0001834474331092,0.0043163504451513,0.0017069078749045,0.0079820708847761,0.0018136934592441,0.013786872,0.0033467142656445,0.987163,0.5840331166982651
0.0035732121749486,0.0006619901167124,0.0011652583489194,0.0059671409921975,0.0589972519002098,0.0124049563319947,0.013473526,0.0016955052688717,1.2819175,0.5442612075805664
0.0008692044169923,0.0001250666687598,0.0087269051000475,0.0014114297460764,0.0049850067903748,0.0011263731896012,0.014873756,0.0032903770916163,1.3092424,0.5761218559741974
0.0014151179155385,0.0001498300369458,0.0070484327152371,0.0018769961781799,0.0092012429789277,0.0018966337981807,0.01593567,0.0029969317838549,1.5954518,0.3859139084815979
0.000778203047434,9.373830020888476e-05,0.0035630579805001,0.0019935689633712,0.0087309840718311,0.0019520825431348,0.01315454,0.0032646376639604,0.40281016,0.4324781998991965
0.0006547031406793,0.0001095001602078,0.0059619783423841,0.0023782813549041,0.0107243602446862,0.0023106889837607,0.012369005,0.0029549787938594,0.651864,0.5856974422931671
0.0014001756173555,0.0002239885032042,0.0192922977730631,0.0026620766147971,0.0066236990899147,0.0019238792467531,0.014495754,0.0034071616828441,0.98672307,0.6050497359037399
0.0008974909806646,9.783311757702849e-05,0.00479995040223,0.0008822074346244,0.0034542322752965,0.0007307238658912,0.014288386,0.0032486342824995,1.5855247,0.417312090396881
0.0002066881919106,8.41446669513034e-05,0.0004650932969525,0.0025447985829487,0.0206009495091595,0.0029261044773826,0.011682032,0.0019572805613279,0.7948482,0.6563617077469827
0.0010713616936926,0.0001560854695319,0.0053595122881233,0.0023194297682493,0.010700861492448,0.0023335354661169,0.015640851,0.0031189029105007,1.3356329,0.5604159832000732
0.0018203679288675,0.0002245543221146,0.0011158795678056,0.0046489865253533,0.046893774899175,0.0066423805505005,0.015561408,0.0019680384919047,1.6682934,0.3525099229812622
0.0006015458076568,0.0001035190515572,0.0128878122195601,0.0031652548536658,0.0107419637907035,0.0028042127044713,0.0132493405,0.0032942090183496,0.5646356,0.554371636509895
0.0064827022674651,0.0007188151377864,0.0709003955125808,0.011212333291769,0.0421686533985783,0.0130941818301276,0.016144628,0.0024270566925406,0.3665867,0.2968901945650578
0.0005685556652632,8.732506697447552e-05,0.0033986952621489,0.0009500044537708,0.0039849257571192,0.0008235999439951,0.013654294,0.003323009237647,0.960967,0.6549923270940781
0.0011159606306333,0.0001470138483691,0.0061133592389523,0.0011045914143323,0.0043953163679018,0.0009588250996546,0.0154208215,0.003262462504208,0.8410481,0.5680456906557083
0.0036175869295169,0.0007687426943252,0.0019749829079955,0.0138318850362338,0.1150632346154358,0.0264453178040474,0.013670815,0.0013915534876286,1.2978141,0.5920864939689636
0.0011174748325647,0.0001459220698884,0.0068159066140651,0.0013281528558582,0.00560106152041,0.0011916415083748,0.015461594,0.0032052845694124,1.3567057,0.5384395122528076
0.0011601739881352,0.0001651125013298,0.0088803567923605,0.0017046666145324,0.0066591731094388,0.0015690061443384,0.014223454,0.0034143584780395,1.2842761,0.5634809541702266
0.0011124641777398,0.0002114192296663,0.0027436320669949,0.0042926483646806,0.022162438752895,0.0051073763454051,0.012578591,0.0029547940939664,0.95066506,0.6380975991487503
0.0011594011192802,0.0001232196150712,0.0023180078715085,0.0007432310981675,0.0034283400356614,0.0006719424618583,0.013875572,0.0031666860356926,1.3642583,0.499698086977005
0.0004744089748934,0.0001026003043582,0.0006044634501449,0.0021937031822562,0.0151543304789883,0.0025164981387638,0.0131083075,0.0027475672401487,1.1013117,0.6644384860992432
0.0007572166635356,0.0001177364565924,0.0064391260966658,0.0013241060543805,0.0052569223225049,0.0011624709233863,0.015095723,0.0033748691342771,1.1003358,0.6394193297624589
0.0017924837874654,0.0003320651718008,0.0195288332179188,0.0057213076204061,0.0224936964369496,0.0067563751317272,0.014488243,0.0032288141176104,1.0005735,0.6102711701393128
0.0009828079427949,0.00016919754914,0.0003248818393331,0.0018615010739813,0.0248685382379625,0.002895642224833,0.015557629,0.001926124561578,1.2540041,0.6012788712978363
0.00087273966435,0.0001515554203039,0.0001630684855626,0.0011240664482556,0.0145906376443621,0.00177136481238,0.012471739,0.001871495489031,0.9375628,0.6352166092395781
0.0014287410844208,0.0001907760674464,0.0075938568916171,0.0023165011126548,0.0104218311081019,0.0024710056556977,0.014995728,0.0032601064629852,1.3589528,0.5162385129928588
0.001680662578617,0.0002603900578973,0.0077578211203217,0.0029123853798955,0.0131646838293162,0.0034432556086922,0.0155897075,0.0033311881124973,0.91323817,0.5657065778970718
0.0007266199518783,0.000117896412832,0.0002274493599543,0.0010417774645975,0.0101814542839307,0.0013033891126173,0.011629101,0.0019091144204139,1.066438,0.6411334002017974
0.0007364166394334,0.0001079663355555,0.0020083268173038,0.0030058850535715,0.0155513252443188,0.0029927277045003,0.011383356,0.0024666951224207,0.45977816,0.4772818130254744
0.0011059746071835,0.0001740677699337,0.0046636555343866,0.0024730691220611,0.0108968004430117,0.0025933511581099,0.013084231,0.0032730654999613,1.0667075,0.6173961758613586
0.0008635881066804,0.0001612352879543,0.0134799582883715,0.0045342287048697,0.0170402973829677,0.0044712105174163,0.0141014885,0.0033364538103342,0.9739124,0.6425240701436996
0.0013748229708361,0.000188249108317,0.0101023684255778,0.0014719127118587,0.0051882535174769,0.0011955906584771,0.015659083,0.0032577136717736,1.1678473,0.5658163726329803
0.0018222879876879,0.000246206347723,0.0161190927028656,0.0033034696429967,0.0127703283932351,0.0034410153125264,0.014736354,0.0034254090860486,1.4227173,0.4868498587608337
0.0032012868047381,0.0003350881847248,0.0240474920719862,0.0033137146383523,0.0145875016870092,0.0033294967948811,0.016496189,0.0026586353778839,1.5283751,0.3681464195251465
0.0037679005653829,0.0007592693560813,0.0655946508049964,0.0181412267684936,0.0388336292914299,0.0216584942262961,0.012487332,0.0030635125003755,0.5489532,0.5097155869007111
0.0006310424646894,0.0001034587004047,0.002114042872563,0.0020643930515507,0.0090804420841028,0.0018080740034926,0.012009588,0.0028610624372959,0.84858716,0.6417818367481232
0.0013772363502345,0.0001836950795326,0.0008195022237487,0.0024087706571845,0.0224179031656247,0.0032362188101294,0.015158104,0.0021693849563598,1.5124404,0.4530030071735382
0.0013573260235654,0.0001592549333224,0.0039066369645297,0.0011846832884475,0.0055817005041466,0.0012326178633602,0.014207632,0.0034261690452694,0.70205307,0.4924902552366257
0.0023345365893573,0.0004445838765177,0.0142050050199031,0.005767922848463,0.0237340584913807,0.0079259685188459,0.0137585215,0.0031895311549305,0.910272,0.5827940553426743
0.0023858517121592,0.000390228850118,0.0719702020287513,0.0132557787001132,0.0259154164071021,0.0104569869619414,0.016135396,0.0029302954301238,1.4707719,0.4839819586277007
0.0016220038299703,0.0002269285535943,0.0022735386155545,0.0026377469675935,0.0128113495352525,0.0031131374110578,0.012658844,0.0033980199880897,1.2953435,0.5276374518871307
0.0007641950178339,0.0001207513825435,0.0026804400840774,0.0024127811857033,0.0100806647166816,0.002262727519166,0.013088075,0.0033478732220828,0.7291866,0.6070513021945952
0.0014287801576557,0.0001804477208792,0.0097572021186351,0.0020197281241416,0.0084909514120464,0.0020682281954801,0.0135125,0.0034079282917082,0.560663,0.4659749922156333
0.0018571950864069,0.000304461395037,0.0145899700000882,0.0036752191185951,0.0153453449674786,0.0043171144038487,0.013773091,0.0033664285205304,0.8258014,0.5659300726652144
0.0014890431845801,0.0001732019704326,0.000246256502578,0.0018525783554196,0.0198677785595849,0.0025993206106999,0.011325314,0.0015870854258537,1.667177,0.3504579734802245
0.0005287928591631,8.828901183383455e-05,0.0071971421130001,0.001450213138014,0.0054961763450466,0.0012448295079245,0.014785618,0.0033824949711561,0.7462819,0.6243508723378179
0.0012277903390316,0.0002054885288375,0.020505042746663,0.0046863928437232,0.0155718564657525,0.0044887068554647,0.013521421,0.0032246516831219,0.65283334,0.5653060227632523
0.0013932577809169,0.0001882367772116,0.015420994721353,0.0029688120819628,0.0118609193242749,0.0027210786059624,0.015796639,0.0030137048102915,1.480799,0.4830372035503387
0.0056406862161786,0.0008613447244566,0.0041214502416551,0.0113399972578918,0.096565891085079,0.0212678990335148,0.013696176,0.0011748704127967,1.5983145,0.4211916327476501
0.0006827012848057,0.0001230371384349,0.002611307776533,0.0028893247581436,0.0132661368009637,0.0027715914903614,0.0121138245,0.0028030293248593,1.0576378,0.6496956497430801
0.0005623073321119,0.000104526943478,0.0038587711751461,0.0035855571913998,0.0142041702213608,0.0032839107832533,0.012408867,0.0029758084565401,0.81116056,0.64683498442173
0.0005957291592922,0.0001430114528695,0.0036534054670482,0.0060860264806251,0.0300301772913934,0.0067195126760851,0.01332638,0.0029609035700559,1.3018411,0.620744377374649
0.0022286262876221,0.000316604811998,0.0099692987278103,0.0094370257493574,0.0377139597565658,0.0112231408943285,0.012894785,0.0028074854426085,1.6629046,0.3696020245552063
0.000689151120063,9.187105123797511e-05,0.0016072645084932,0.0009981549496296,0.0040942654359383,0.0008449186459639,0.013578362,0.0033317230083048,1.2958152,0.5780084693431854
0.0002112939810852,7.287478945653346e-05,7.028328764135949e-05,0.0006133080164545,0.0128071748757394,0.0010694582296126,0.011974869,0.0016708538495004,0.84490967,0.6751512065529823
0.0012928758824933,0.0001910350679483,0.0044048829004168,0.0035133131267502,0.015893380150115,0.0036500773557381,0.011875733,0.0028100628405809,1.4256597,0.5112876892089844
0.0012425701168519,0.0001499012478838,0.0001463074731873,0.0011453396704837,0.0201466325154618,0.0018466923401054,0.011161828,0.0011174809746444,0.38219428,0.3974644690752029
0.0008246132860089,0.0001527382258188,0.0181768275797367,0.0037691253796219,0.0118120760324977,0.0032722115599241,0.014956651,0.0033918437175452,1.1717298,0.6400827556848526
0.0008579521006877,0.0001284552907965,0.0052940642926841,0.0016507053328678,0.0074245183584059,0.0016181002158463,0.014087727,0.00326166074723,1.2520686,0.5959695911407471
0.0006434844321204,0.0001086456810693,0.0102608073502779,0.0016904613003134,0.0054391833142323,0.0013633463487339,0.014276921,0.0034488710574805,0.96331185,0.6484754019975661
0.0014056846477398,0.0001971225102062,0.0015760922688059,0.0036574590217242,0.0229988532059488,0.0046353984365459,0.01294947,0.0028573483787477,1.595754,0.4118649363517761
0.0015432414079031,0.0002780617061223,0.0311022046953439,0.0073701282963156,0.0212382376949409,0.0070388254449182,0.014535963,0.0032364367507398,1.2757874,0.5833227157592773
0.0002673204396931,6.494443119939709e-05,0.00039514322998,0.0010050376260733,0.0067554879234528,0.0010193059057652,0.012818997,0.0027941013686358,0.98201716,0.6746422952413559
0.0022002711336847,0.0002990441694739,0.0073480857536196,0.0028110035508871,0.0140679084641423,0.0035767447871786,0.013225824,0.0031127724796533,1.2988689,0.4885058367252349
0.0007488072098654,0.0001474897221414,0.0002152918605133,0.0019532305086613,0.0225934608955391,0.0027844879661555,0.011723976,0.0016716704703867,1.0641983,0.6582693755626678
0.0011482454741989,0.0001979726747761,0.0001415677688783,0.0013788116903015,0.0190745958406854,0.0024316611080636,0.012623047,0.0017923102341592,1.1549883,0.6068597137928008
0.0010275274954546,0.0001345501388943,0.0059055001474916,0.0018047501798719,0.0079965993921048,0.0018101969250066,0.014314335,0.0033316281624138,1.4687409,0.4855436980724334
0.0017670447012305,0.0002493732591351,0.0075689805671572,0.0026481769792735,0.0121878323756807,0.0030983597847716,0.014791893,0.0032642336562275,1.2249125,0.5278981626033783
0.0014481469653857,0.0002038735661414,0.0217974549159407,0.0043655792251229,0.0153092679644692,0.0041108765643246,0.015232929,0.0032594164274632,1.5265427,0.4596242904663086
0.0010884720531397,0.0001594782884659,0.003776979399845,0.0021993943373672,0.0097028376733652,0.0022786866868365,0.013179945,0.003420952335,0.7140811,0.5740746980905533
0.0010951528008778,0.0001638414277815,0.0059675513766705,0.0017997603863477,0.0081559935922148,0.0018345349330159,0.014698191,0.0032958164811134,1.0724062,0.6017519420385359
0.0008179437735986,0.0001189128826875,0.0041396773885935,0.0015197095973417,0.0067999276212281,0.0014736993493255,0.0136287,0.0032553961500525,1.3055202,0.5874705159664153
0.0005141568965239,8.592010109709984e-05,0.0087726362980902,0.0017863824032247,0.0063627672628471,0.0014982182492785,0.013093725,0.0032000163570046,0.5993409,0.5763240456581116
0.0011438389958538,0.0002462072188964,0.0029252921231091,0.0070838470557282,0.0388490182954785,0.00871930066001,0.011282532,0.001789794769138,1.0341456,0.6578558534383774
0.0006569577539589,0.0001207813361851,0.0091234296560287,0.0028348098695278,0.0107906068588735,0.0026007442521153,0.014510773,0.0032392026111483,1.0398669,0.656804581284523
0.00165530669662,0.0002022278226161,0.0098809758201241,0.0015686064027249,0.0063431589091755,0.0015306926863316,0.014954793,0.0033809598349034,0.6385068,0.4786127209663391
0.0022199490044017,0.000338727634884,0.0135470731183886,0.0051588412187993,0.0225736403234151,0.0066237250723087,0.013509083,0.0030466392636299,0.524107,0.4601950868964195
0.0048000766293469,0.0007370766657427,0.1065521240234375,0.0387589856982231,0.1374824558760467,0.0516989218552142,0.016578656,0.0019319680891931,0.39073032,0.3847125212848186
0.0037503612199631,0.0009381711176276,0.0552513264119625,0.0598873399890726,0.2030398248302602,0.0836075646628817,0.015894808,0.0019133747555315,0.92368287,0.6486673653125763
0.0008711090910712,0.0001290087999375,0.0003867329360218,0.0013089083705926,0.009827503282089,0.0015137962981685,0.011770556,0.002321420200169,0.7796122,0.6037192833423611
0.0006408956990249,0.000121127667632,0.0017558152321726,0.0027830679491671,0.0151439940258427,0.0029791178413874,0.012508355,0.0028763297013938,1.1456751,0.642982006072998
0.0010606045407576,0.0001564599384734,0.0003505881031742,0.0014659448017937,0.015764271177963,0.0020855312927871,0.014637235,0.0021572266705334,1.4188145,0.5328437757492065
0.0040386807758751,0.0004815180327898,0.0529137514531612,0.0078406801819801,0.0218545555033092,0.0070825511068671,0.015605613,0.0030700369551777,1.5786612,0.3661356568336487
0.0007723611830307,0.0001320007358119,0.0015229122946038,0.0022426735722547,0.0118421672069557,0.0024230922625315,0.012824522,0.0032821255736052,1.0913669,0.6430070346593857
0.0014120210421553,0.0002241942024385,0.0082008461467921,0.0027159959822893,0.0126872745956191,0.002939935341318,0.014970767,0.0031674120947718,1.095203,0.5987571030855179
0.0003116440982089,6.740030575474315e-05,0.0025532902218401,0.0010548609425313,0.0044213135614291,0.0009157096535182,0.013544014,0.0032111710868775,1.1822267,0.6544573307037354
0.0008917797153411,0.0001386394664482,0.0066687650978565,0.0022994203027337,0.0097337893833323,0.0022629920945624,0.014634261,0.0033403483405709,1.3176593,0.5825458431243896
0.0018749502930159,0.0004322777146932,0.0033887976314872,0.0161643757392084,0.087679522135745,0.0229478538255114,0.013595194,0.0021825507655739,1.164155,0.6321157324314117
0.0008683541221221,0.0001546139171451,0.0056154481135308,0.0047586636210326,0.017677184059657,0.004559277550686,0.012409918,0.0030620812438428,0.8014462,0.6253022837638855
0.0011011334218584,0.0001555398421975,0.0078258961439132,0.0015713573992252,0.0064037133189103,0.0014437847747085,0.014574718,0.0032822457142174,1.1958554,0.5796720111370086
0.0014779337762174,0.0002927211144587,0.0528352484107017,0.0172837960720062,0.0314589281500051,0.0151986789547098,0.0151552465,0.0032218395918607,1.3896867,0.5600756239891053
0.0003776891419564,7.360855029057718e-05,0.0035051016602665,0.0012899249093607,0.0055181712008532,0.0011621143227419,0.013808761,0.0033476245217025,1.0379946,0.6610242873430252
0.0009999053356957,0.0001019837506359,0.0033874015789479,0.000663801212795,0.0025972749049507,0.0005461818193313,0.014694771,0.0034682342037558,0.5379841,0.4513629373908043
0.0009684285948502,0.0001268458135689,0.0067438120022416,0.0016790862847119,0.0070832663982643,0.0016035538530772,0.015058139,0.003419442102313,1.5132,0.4812743365764618
0.0012090752135978,0.0001521377143129,0.0088000604882836,0.0015172539278864,0.0056706952484027,0.0013064030638685,0.014949209,0.0034023877605795,1.4085141,0.5032131779193878
0.0024622834959209,0.0003009037368235,0.0103885186836123,0.0022417004220187,0.0116807971768225,0.0025912139662263,0.015988251,0.0028395517729222,1.2985095,0.4629875576496124
0.0014009431805511,0.0002056727459883,0.0089388331398367,0.0017817972693592,0.0074749403470314,0.0017755270989516,0.015571922,0.0034204662404954,0.905452,0.5743688941001892
0.0013139434974048,0.0001920158241532,0.0016450356924906,0.0021028889535955,0.0116347064574794,0.0022909308540231,0.011692592,0.0027389526925981,0.7579718,0.555899487733841
0.0008901800668632,0.0001381559068822,0.0009303342667408,0.0023312994372827,0.0182185316124274,0.0025911347127424,0.011003934,0.0015357444062829,0.5672131,0.5414548626542091
0.0007106590321623,0.0001259559615539,0.0138365803286433,0.0028592221625149,0.009502768905235,0.0024919114537275,0.014405759,0.0033841677010059,0.8095149,0.640111075937748
0.0023797366173995,0.000219474982939,0.0218583410605788,0.0036440658569335,0.0164941538955057,0.0035278012824561,0.01665084,0.0026551994308829,1.6975743,0.3022630357742309
0.0074775134616643,0.0012799796128886,0.1010064110159874,0.0366853871941566,0.1150601774443937,0.0461076824290447,0.011356695,0.0010360624454915,0.45993754,0.4113923659920691
0.0013149518331376,0.0002013596833788,0.0001539905424579,0.0017699393903512,0.0273439957175212,0.0031981349688859,0.012200387,0.0015649691596627,1.5506009,0.4520405232906341
0.0020549088455529,0.0003382874283758,0.0107474057003855,0.0037079517543315,0.0168731680919196,0.0047975922035636,0.013768793,0.0032649959996342,0.94601166,0.5583406090736389
0.0010466175560752,0.0001614010218261,0.0056867324747145,0.0020308332750573,0.0092620464289587,0.0020526916714623,0.013622699,0.0031819369085133,0.9683241,0.6174299907684326
0.0006981615376596,0.0001098967396629,0.0064250477589666,0.0012888540420681,0.0049148584174549,0.0010871689719415,0.014002901,0.0033557001128792,1.0654663,0.6456773316860198
0.0008174854154408,0.0001356122226437,0.0033266253303736,0.0035966824325441,0.015007583688732,0.0035641707943311,0.012536671,0.0032068449817597,1.3498559,0.5754992067813873
0.0018019183260438,0.000202264823505,0.0041889427229762,0.0017729729879647,0.0093563776555831,0.0020493210639815,0.013777265,0.0031095019727945,1.45225,0.4418443489074707
0.0013086647278344,0.0001658069911921,0.0054638260044157,0.0010440507903695,0.0042911957735637,0.0009303055902702,0.014279604,0.003241161443293,1.0188203,0.5577931475639343
0.0010292577806862,0.0001342525513694,0.0072244168259203,0.0019296065438538,0.008777058460745,0.0018266406204691,0.016122216,0.0030050566419959,1.4706223,0.4885770678520202
0.0014287438747295,0.0002056497117316,0.0015777154476381,0.0029832897917003,0.0180228882962301,0.0035560529768078,0.011338938,0.0023344834335148,0.5443394,0.4944639825820922
0.0025913094118504,0.0005867775466756,0.0095058688893914,0.0102342837053583,0.0455766798647046,0.0149829630842048,0.011903694,0.0022800317034125,1.0586962,0.6332369595766068
0.0066839237264313,0.0014653203377789,0.0789365172386169,0.0212722234427928,0.0704588930379915,0.0321448306828326,0.012758745,0.0022310526110231,1.1677893,0.5679944396018981
0.0016634655671273,0.0002304396765245,0.0052115693688392,0.0017618545610457,0.0092235716087925,0.0020350042414858,0.012429939,0.0029993985034525,1.0949044,0.5434226989746094
0.003129380551591,0.0006832297361802,0.0042727664113044,0.0079983280375017,0.0583300583192414,0.0145909416632632,0.010867091,0.0010479358024895,1.1091591,0.6268871080875397
0.0013092720478322,0.0001896976264979,0.0082340575754642,0.0032018099445849,0.0157334282927384,0.0035138162003011,0.011919895,0.002594140805304,0.5157578,0.48452123939991
0.0006555395251976,9.883394584161793e-05,0.0032419713679701,0.0010820236057043,0.0047844448832798,0.001003099237374,0.014421945,0.0033987717330455,1.1455082,0.6298634415864944
0.0009458008936606,0.000131143697195,0.0059456159360706,0.0019795764237642,0.0089096282332127,0.0019871304870656,0.014821887,0.003314031753689,1.4561766,0.5068953454494476
0.0016290847684693,0.0002400064148287,0.00453399005346,0.0033619073219597,0.0153127849717755,0.0037180689139824,0.012037335,0.0027636191435158,0.70616823,0.5190823948383331
0.0015807872465133,0.0003006330266291,0.0002716516901273,0.0028046803113284,0.0443963988176548,0.0058479227255082,0.0136709055,0.0016515631228685,1.2446588,0.5960622727870941
0.0023619055535812,0.0004865954959718,0.0158230662345886,0.0099564286321401,0.0359187670539596,0.0132658825984936,0.013622082,0.0030602260492742,1.1792811,0.6002287447452543
0.002942660891321,0.0003748649178065,0.0545808337628841,0.0114943739026784,0.0429068048535816,0.0118212184246319,0.017433945,0.0021001109853386,1.6078019,0.3790857172012328
0.0010943425372028,0.0001862908371781,0.0073657070752233,0.0037638089852407,0.0152884714169888,0.004044021459027,0.015124838,0.0033959322609007,1.2138845,0.6173125207424164
0.0026386597103789,0.0005148338970323,0.0029434396419674,0.0076369419120601,0.0501825334835945,0.0124906854099634,0.012441033,0.0021663079969584,1.3499125,0.5641042709350585
0.0005920244494436,9.265631556764362e-05,0.007882238831371,0.0012059583701193,0.0039533566278546,0.0008893436770327,0.0151451165,0.0032580015435814,1.3967905,0.5592785179615021
0.00318853728129,0.0007531122321485,0.006647415459156,0.0094753885259706,0.0590202245010959,0.0166517239706917,0.010859802,0.0010457787849009,0.9246275,0.6459284311532975
0.0007465899949728,9.381729466436924e-05,0.0031410801457241,0.0016298117116093,0.0066029554052745,0.0015431704802757,0.014502735,0.0035035444982349,1.604148,0.4168505835533143
0.0010455811921182,0.0002085815373224,9.013928502099589e-05,0.0009688017626103,0.0292945419760453,0.0030212787406129,0.013474216,0.0016018250025808,1.0227008,0.6520300650596619
0.0008500628308738,0.0001325401962664,0.0082911746576428,0.0024582820478826,0.0104128243545749,0.0024003727981626,0.014954617,0.0032734082080423,1.4286191,0.533800333738327
0.0009525226034835,0.000185529122903,0.0007712566293776,0.0043999895942761,0.0422825790201391,0.0060581356987945,0.015456744,0.0020715887658298,1.3506722,0.5933012676239013
0.0006592765608508,0.0001016062649004,0.0003646836848929,0.0011094904886704,0.0099034634444745,0.001128467327284,0.010968392,0.0013559608347713,0.79290915,0.6326653361320496
0.000896579663385,0.0001424305968882,0.0010521205840632,0.0019767402459365,0.0127379092525953,0.0021615407556068,0.01168148,0.0023673211224377,0.74746245,0.6064000067114828
0.0013015012626655,0.0001920742500762,0.0001563460973557,0.0010403872749975,0.0129818615758265,0.0016583463247398,0.0114009855,0.0016012679599225,1.230101,0.5665226256847381
0.0014349265165081,0.0001627294390759,0.0075664045289158,0.0016119489725679,0.0086250628031101,0.0015041225850358,0.01704244,0.002539372537285,1.514246,0.4418519413471222
0.0007283394923077,0.0001363737436735,0.0070031168870627,0.0049823294684756,0.0163213464086609,0.0047338728160845,0.014720933,0.0034567883610725,1.2511448,0.6166914594173432
0.0013418194206518,0.0002650405094848,0.0003699240915011,0.0045232677623516,0.0860994251235947,0.0108802433812954,0.017858915,0.001556601524353,1.1879919,0.6320758610963821
0.0022288912048005,0.000576817875133,0.0215390399098396,0.0238046139082871,0.0841044126368967,0.0302425028885178,0.012522185,0.0022845079377293,0.9092823,0.6733247190713882
0.00110463044012,0.0001439220629577,0.0048892728518694,0.0016272787889465,0.0075945230090984,0.0016398206010057,0.014731437,0.0032738205045461,1.3780934,0.5189285635948179
0.0011700760103123,0.0001480702069753,0.0015056469710543,0.0017791304017009,0.0093974953823058,0.0018115106392252,0.012173798,0.0028178451955318,1.4152515,0.5061274087429046
0.0009421687710938,0.0001742590309885,0.0001678874687058,0.0014401511698451,0.0268391449849187,0.0027148632181423,0.011114022,0.0010667126253247,0.80649704,0.6301416605710983
0.0101417442046027,0.0013470070342525,0.0446578860282897,0.0502791630258433,0.2165965665611038,0.0650141009005919,0.012608535,0.0008487879112362,1.6534725,0.3594263052940368
0.0010853428120744,0.0001624776747987,0.0065997121855616,0.001742375800386,0.007708982822903,0.0017782800848579,0.014194049,0.0034172414429485,0.8113524,0.5957095772027969
0.0016360054600418,0.0002306106971652,0.0002727515093283,0.0015590160846841,0.0177121210816355,0.0024624562435866,0.011413367,0.0015881536528468,1.408954,0.5098815560340881
0.0005511960943914,8.721939628815781e-05,0.0055374461226165,0.0023799375118687,0.0100942874115758,0.0022398428996434,0.01277503,0.0030884957872331,0.49894708,0.5174181461334229
0.0015707306624334,0.0002372962218469,0.0057586845941841,0.0027524517755955,0.0133181691187035,0.0032629316232051,0.013189947,0.0031780591234564,1.1911156,0.5520108807086945
0.0101737521481589,0.0013713772560081,0.0821741223335266,0.0836460377759067,0.4141490389127414,0.1084762221309119,0.014317206,0.000964016765356,0.37024042,0.3384743742644786
0.0021733634025965,0.0005067920125446,0.0069222101010382,0.0106554773392417,0.0561061237522048,0.0159371882537828,0.011053502,0.001419517211616,1.1222941,0.6631006449460983
0.0013531905278298,0.0002177581322411,0.0127241960726678,0.0027329907752573,0.0105787874305774,0.0027026496969863,0.013467308,0.0032538957893848,1.0872923,0.5995475882291788
0.0028637103502137,0.0003381310489761,0.0114212371408939,0.0026825019158422,0.0129361317819716,0.0033918636608667,0.014933976,0.0032548958621919,1.3754847,0.4223064243793487
0.0022592203305721,0.000419504092351,0.0013614336494356,0.0043843921835104,0.0397585475220696,0.0073236704117907,0.010814497,0.0010170207545161,1.286309,0.5870724499225617
0.0014041352455424,0.0002426575099626,0.0222456492483615,0.0043224538117647,0.0137655567856793,0.0040426439215322,0.014245098,0.0033357672952115,0.803663,0.5992971807718277
0.0013221743604045,0.0001659890089818,0.0037034674314782,0.0031907374359434,0.0133349767402019,0.0032191109597261,0.014248259,0.003348987083882,1.5235994,0.452481061220169
0.0010305558719499,0.0001618380812069,0.0063191852532327,0.0021252939477562,0.0092706324805928,0.0021860473324809,0.0143211605,0.0034051308408379,1.1777723,0.6132142543792725
0.0017820277684907,0.0002225864610314,0.0125250373966991,0.0018692469224333,0.0068427464084002,0.0016258409561935,0.014919973,0.0032183939777314,1.3339064,0.4941472458839416
0.000810654773125,0.0001401978327961,0.0009625487728044,0.0022885627298273,0.0143224336905623,0.0025483112435292,0.011788223,0.0024254661984741,1.1414047,0.6402676403522491
0.0007457588305357,0.0001162112821425,0.0085800401866436,0.0019472956657409,0.0079757708504539,0.0017089487109726,0.01561959,0.0031066462397575,1.3938615,0.5563683211803436
0.0060651554807542,0.0012213809548953,0.1241492107510566,0.0337634594738483,0.087900237135268,0.0376933808495623,0.016355118,0.0024032622389495,0.7254119,0.5018994534015655
0.0051034398721808,0.0012045698128001,0.0922159552574157,0.0823203432455193,0.2398981156442883,0.1080307792283125,0.015825562,0.0018033538758754,1.1147754,0.6267443895339966
0.0009688439762455,0.0001500059718973,0.0050025158561766,0.0025763557245954,0.0100808732266606,0.0026154224720985,0.014032121,0.0036576236598193,1.2559316,0.5936731207370758
0.0012196710211555,0.0001652699307165,0.00285235629417,0.0014155465387739,0.0070014675997017,0.0014731315455169,0.012862127,0.0031250204890966,1.0525565,0.571346961259842
0.0023722426580444,0.0005139361059767,0.0321246609091758,0.0202808359172195,0.0571189783361545,0.0244650869072648,0.014862465,0.0027831923216581,1.1674793,0.6140054273605347
0.0003668147227546,8.72017979924593e-05,0.0086597669869661,0.0023233562894165,0.0087254215533809,0.0020318300522495,0.015386712,0.0033297934010624,1.163657,0.6594822639226913
0.0023808744498817,0.0005289571272546,0.0596986003220081,0.0205079291015863,0.0467688556933747,0.0212280832965568,0.014598556,0.0030890447087585,1.1622866,0.6274543523788452
0.0008230121792822,0.0001330704624153,0.0088733565062284,0.0018356859497725,0.0072237090683321,0.001571787612417,0.015465156,0.0031713731586933,1.0723257,0.6399997401237487
0.0012839758032884,0.0002797329999937,0.000504018360516,0.0049059511927589,0.0573982178332986,0.0085243752626554,0.014033761,0.0019581131450831,1.1318239,0.6435702377557754
0.0007192059647186,0.0001234472828236,0.0003902763710357,0.0014706648844367,0.0123526697138212,0.0018671211118819,0.013200418,0.0025199763476848,1.3681353,0.5771625936031342
0.0016412432591767,0.0002453843087334,0.0078124064020812,0.0038141019176691,0.016890789456124,0.0044558464539622,0.012376986,0.0029455618374049,0.58719003,0.5044740742444991
0.0004278713178319,8.491883119634723e-05,0.0079259043559432,0.001829227535054,0.0070621062772858,0.0016481620143872,0.014244016,0.0034545395709574,0.82950056,0.6532462891936301
0.0040936420556343,0.0008239185634731,0.0656948387622833,0.0145369358360767,0.0452972656284656,0.0178678970054943,0.015758038,0.0026849978603422,0.9373379,0.5541680246591566
0.0008979387413123,0.0001709048331061,0.0024419005494564,0.0044889493542359,0.0243018302639034,0.0051615601319541,0.012675927,0.0028424304910004,1.2524494,0.6253920519351959
0.0040253376188777,0.0010179715134251,0.1602980643510818,0.0405401326715946,0.0278059508290982,0.0363179535637775,0.013988998,0.0033602627180516,0.9478797,0.619850367307663
0.0028492476237885,0.000522753856701,0.0272821336984634,0.0076906868815422,0.0304332119448822,0.0104178475134134,0.013971742,0.0030121047236025,0.7047302,0.5278797912597657
0.0073466813757072,0.0012121662289413,0.0403000898659229,0.0288271787483245,0.1664169293942936,0.0499981196212679,0.018375799,0.0010548682510852,1.1508992,0.4634323418140411
0.0022810325841092,0.0002979910377942,0.013543258421123,0.00218739842996,0.0096471890597014,0.0022145809635018,0.015965346,0.0029152395017445,1.08124,0.4928465628623962
0.0028083375602595,0.0005278589553967,0.0605202484875917,0.0216455478221178,0.0427689997964479,0.0235360965468108,0.0131557435,0.0030501266010105,0.46448827,0.476632572710514
0.0056783371877492,0.0013291770959321,0.0439171325415372,0.0217660283669829,0.0835543108395727,0.0346080997639514,0.010716115,0.0007364400662481,1.3152827,0.6211695885658264
0.0017887787968195,0.0003868742256474,0.1032982356846332,0.0234292909502982,0.0134594403914705,0.0179371619870947,0.014773143,0.0033640135079622,0.66301227,0.5748619958758354
0.0023352111747122,0.0003492496384428,0.0242404360324144,0.0048706559464335,0.0188628353009622,0.0055244589479485,0.015260695,0.0031378063559532,0.62932897,0.481930248439312
0.0005509300794137,8.788230283761703e-05,0.0017627154011279,0.0012695573386736,0.0053561770608891,0.0010786785505315,0.012626821,0.0031510228291153,0.96591127,0.6452376246452332
0.0081081228425017,0.0011178499401316,0.0493989773094654,0.038007820919156,0.2441671075310656,0.0602915557415616,0.015991714,0.0009293886832892,0.41401964,0.3536928731203079
0.0046302969490886,0.0008686417256991,0.0224001025781035,0.0354946389525139,0.2838165938081208,0.068812387269853,0.018852618,0.0009444218128919,0.6412137,0.5013851076364517
0.0066832648617886,0.0012852121722904,0.1023687943816185,0.0481907352805137,0.3007848628769408,0.0921572303779604,0.019020505,0.0008678873628377,0.8817941,0.5036686211824417
0.0050362649838221,0.0008666171756942,0.0840359181165695,0.0843313197547104,0.3137131549305294,0.1128616230167996,0.016665226,0.0016193822957575,0.41089988,0.4195539398491382
0.0032621122807304,0.0005766492638484,0.015880562365055,0.0062113159149885,0.0302637915585284,0.0095643595708478,0.012560441,0.0028596330620348,1.3099887,0.523052303791046
0.0017457137687722,0.0002461331284443,0.015322764404118,0.0038465863093733,0.0159955450756544,0.0042335067526422,0.012676081,0.0029889279976487,0.54952073,0.4735351130366325
0.0015293941668025,0.000220541194823,0.0019926568493247,0.003294620935776,0.0198450859425297,0.004161660219796,0.013647107,0.0028713672049343,1.4540713,0.4938097894191742
0.0021211562059425,0.0004040644134418,0.0005633804830722,0.0062116791900007,0.1047525809965598,0.0150900330791183,0.018031428,0.0013956064358353,1.1439337,0.6046704709529876
0.0024976257414141,0.0002704379449389,0.0143658095039427,0.0051667070947587,0.0250508905576513,0.0060115940579565,0.01614223,0.0028160203434526,1.6684029,0.3322469234466553
0.0012896831755315,0.0002100906095494,0.0018826094456017,0.0042324452582397,0.0255414264994466,0.0049261601086003,0.0110562295,0.0017256955616176,0.56528217,0.5334459462761875
0.0016422237051928,0.0002016210929139,0.011898367665708,0.0029851160943508,0.0127416516272773,0.0032237778941734,0.013856217,0.0032123019360005,0.470819,0.4236529418826103
0.001954009254229,0.0004522731004734,0.0001302866076002,0.0019142867359551,0.1161009041786918,0.0149910090104172,0.0133270435,0.0015922388993203,0.7139373,0.6021285438537598
0.0019814108382082,0.0004048978150009,0.0058775944635272,0.0075897395145148,0.0374319148994859,0.0105189988609696,0.013132594,0.0028519398905336,1.0885825,0.6113424330949784
0.0045671842413443,0.0006976902072589,0.0654967576265335,0.0245046578347682,0.09462884943027,0.0298833417045743,0.017245391,0.0019206679984927,1.5250831,0.4384293353557587
0.001336876496056,0.0002467930543753,0.0004186650330666,0.0027871669251453,0.0355907477958615,0.0048235947079869,0.0148614235,0.0018335176445543,1.220729,0.6225233376026154
0.0033821676809308,0.0007095514180358,0.0971407294273376,0.0209937281906604,0.0384209347544645,0.0182252950603261,0.015612361,0.0029974845238029,1.2135565,0.5846880757808685
0.0020500187017481,0.0002959298318206,0.0205296371132135,0.0028145084902644,0.0085958712772368,0.0023767361952143,0.015105605,0.0033079054020345,1.1686537,0.5350946915149689
0.0025737665537941,0.0002896083391813,0.0114697022363543,0.0039706453680992,0.0179176957428733,0.0048573661525723,0.013890416,0.0032902806997299,1.5979022,0.3673875999450684
0.0014180857157141,0.0001836792449417,0.0070786089636385,0.0013824983313679,0.0060767848158364,0.0012954723179707,0.01585608,0.0031522943824529,1.1672904,0.5425207078456878
0.0009672844610759,0.0001664889823538,0.0076951291412115,0.0031788609921932,0.013452147254302,0.0032918088806258,0.013128365,0.0031527184136211,1.0825518,0.6334401667118073
0.0007839178177477,0.0001688343850034,0.0046933575067669,0.0075181984493974,0.0331326125302213,0.0081808248627122,0.011798513,0.0024571646936237,0.8203877,0.6490897685289383
0.002425272592765,0.0003742976460269,0.0127222035080194,0.0039228393882513,0.0189121259293445,0.0050495992259733,0.01535114,0.0030058092810213,1.1021614,0.5231282246112822
0.0012358623413429,0.0001453930356203,0.0135152721777558,0.0016824055835604,0.0046874392980835,0.0012320748246335,0.013558926,0.0033952859230339,0.46219856,0.4365270498394966
0.0019727450968838,0.0001777012784126,0.0239880383014678,0.0082331886515021,0.0303351105250705,0.0081931425273899,0.010699252,0.0010028020478785,0.21630594,0.2472163625061511
0.0018543353155691,0.0002662212717252,0.0178564544767141,0.0032999395020306,0.0120947155786185,0.0033130625481808,0.013890041,0.0033622104674577,1.3535202,0.5207365334033967
0.0012550618904963,0.0002047401273894,0.0031098260078579,0.0033963030655286,0.0174490075191705,0.0035576416169031,0.011430035,0.0022890828549861,0.7050469,0.5769676396250724
0.0020270933221488,0.0003300941903223,0.0089535694569349,0.0044552627950906,0.0185754223933093,0.0056317476190674,0.013930485,0.0033731364831328,1.2737854,0.5476225316524506
0.003208448780718,0.0003154697109908,0.019492071121931,0.0037544191628694,0.0176407463040911,0.0043720747256161,0.015871044,0.0029847589321434,1.6255562,0.3298572301864624
0.0007783973997752,0.00013357112552,0.0096670188941061,0.0029629229102283,0.0115112883941867,0.0028927430945384,0.015027279,0.0033831378445029,0.89293784,0.6465462452173233
0.0012704868553036,0.000160055586337,0.0036086612381041,0.0021014338126406,0.0093190214718627,0.0022225295490216,0.013544146,0.0033874902874231,0.58044887,0.4871970704197884
0.0015598657637633,0.0002772583686324,0.0147748347371816,0.0045871003530919,0.0187552612442375,0.0052245303364534,0.013666395,0.0032173873111605,0.85873675,0.598981317281723
0.0015034640395059,0.000264166701146,0.0261682718992233,0.0043074198067188,0.0109053308562211,0.003467122800817,0.013860576,0.0033976549655199,1.0443628,0.6185175663232804
0.0015947666632836,0.0002565619187026,0.0085309916175901,0.0031053912825882,0.0139541812636107,0.0035942650290856,0.013307288,0.0032725375145673,1.101219,0.5894388890266417
0.0014119973116648,0.0002415200958252,0.0062440470792353,0.0050992031639907,0.0193870746863988,0.0055020013853522,0.013465731,0.0032131528109312,1.2216526,0.5921655189990997
0.0028338923143681,0.0004290765743279,0.0017172234365716,0.0028966090681569,0.0222420404067383,0.0045873712889313,0.010876858,0.0015979460440576,1.1364298,0.5060155224800109
0.0013673069978121,0.0002168445627918,0.013381618540734,0.0070050478167831,0.0257707613714476,0.007854824158691,0.012689756,0.0030495361424982,0.45524096,0.468930512368679
0.0010982602554352,0.0002029776141075,0.0080223549157381,0.0058074332377873,0.0207990683785376,0.0058272684201383,0.012553243,0.0030990191735327,0.84502405,0.6275583052635194
0.0012214048970714,0.0002218448996822,0.0134939877316355,0.0075125927105546,0.0251054207536996,0.0080905603670225,0.0124510415,0.0028229751065373,0.61026424,0.5693469241261482
0.0039216535263196,0.0009920787837397,0.0471999458968639,0.0645181202562525,0.1796426487052691,0.0788685979554876,0.013179864,0.0017242589965462,0.8814543,0.6383230686187744
0.0118817057050868,0.0006432570896051,0.104443222284317,0.0416547295451164,0.4103137879946988,0.0552482859335421,0.01461111,0.0007877058535814,0.097969994,0.1104719163849949
0.0107084229039252,0.0010689126885109,0.0658670887351036,0.0096222409605979,0.1136867526116613,0.0183688338633941,0.019380625,0.0006062481552362,1.4204673,0.2911536645889281
0.0016279840419297,0.0003398872701082,0.0083754966035485,0.014544695683071,0.059793269291058,0.0174947679301705,0.01047472,0.000636130888015,0.5789683,0.5762234777212143
0.0059836769034967,0.0012309453930711,0.0001027997859637,0.0014310373854004,0.2368457081390907,0.0334108779051013,0.016451009,0.000965281073004,0.9003802,0.5348239243030548
0.0010904386867934,0.0002240935184169,0.0028969978448003,0.0071750780689399,0.0369005417611773,0.0085879499894132,0.012376835,0.0026382440701127,0.71003664,0.6201814711093903
0.003331886892733,0.0005802934467076,0.0485193189233541,0.0122308411449193,0.0463790968586803,0.015614402184492,0.016038295,0.0026219576597213,0.58315384,0.4813249987363815
0.0035767511399006,0.0006514563769002,0.0503969024866819,0.0081797504425048,0.0210774301289227,0.0086187661611953,0.01374201,0.0032784316502511,0.88567036,0.5338714271783829
0.0028068486030199,0.0005446781810055,0.0653914995491504,0.0160490651428699,0.0459342927771307,0.0165138701469285,0.016125886,0.0026965299621224,1.2618222,0.5718661177158355
0.0013984906801183,0.0002507157766794,0.0077854762785136,0.0072348171830526,0.0280424346792419,0.0082295272808021,0.013579071,0.0031545897945761,1.3453155,0.560659795999527
0.0017312350584796,0.0001889578848347,0.0205022618174552,0.0043268997594714,0.015839672943497,0.0044122262715827,0.0142638525,0.0032508077658712,0.34634262,0.3444776193797587
0.0010245516961106,0.0002168439966147,8.875173807609826e-05,0.0010304700761025,0.0419384996453465,0.004212326562063,0.012031842,0.001449357252568,0.77523035,0.6315162569284438
0.0015713287971457,0.0002603111362094,0.017200281843543,0.0033736643753945,0.0127465474593428,0.0034635465572588,0.014404398,0.0032906802371144,0.96203303,0.5915648084878922
0.0017735663367887,0.0003228030565322,0.0091630481183528,0.0059147628955543,0.0230429906361317,0.0070443670279491,0.012075399,0.0029323543421924,0.7395507,0.578478657901287
0.0011179199801925,0.0001990212046121,0.0125277815386652,0.0051546916365623,0.0200426249930757,0.0054479096776214,0.014338822,0.003238075543195,1.2711941,0.6023151576519012
0.0006944119518661,0.0001126500260809,0.004255287349224,0.001850035698153,0.0081975444676528,0.0017842935881286,0.013301236,0.0031973538734018,0.8404538,0.6404842585325241
0.0021632360343159,0.0003963343016015,0.022914633154869,0.0071530378982424,0.0268418228846292,0.0090255057302045,0.012310131,0.0027813374064862,0.6235617,0.5347263067960739
0.0012442066802326,0.0001658842534032,0.0050338469445705,0.0014183414634317,0.0065726067484949,0.0014406246149998,0.015754066,0.0032787858135998,1.1991192,0.5597384023666381
0.0008370276807644,0.0001262395567387,0.0070537880528718,0.0015109175816178,0.005989046830357,0.0013328759824981,0.015212463,0.0032865584827959,1.2572513,0.593765070438385
0.0010231151411424,0.000173333166911,0.0036120326258242,0.0035202063160249,0.0149043456349437,0.0034764791335268,0.012148239,0.0029206580854952,0.9879315,0.6322890818119049
0.0015534262323927,0.0001664120652979,0.0049955437425524,0.0010581783577799,0.0048469374393272,0.001001298299323,0.015563371,0.0031790667586028,1.3762465,0.4657121682167053
0.0011990065103249,0.0001688344679649,0.005907199345529,0.001752351867035,0.0076974780478154,0.0017682017590418,0.0148558,0.0033675892092287,1.1353762,0.5739131271839142
0.0006827309043913,9.88285065970534e-05,0.002346183755435,0.0009607268031686,0.0044316260727686,0.0008840441012807,0.013608085,0.0032345631718635,1.0267447,0.6376345753669739
0.0002868443455083,5.8340372024143954e-05,0.0027394293574616,0.000599491992034,0.0021847209994074,0.0004360969602281,0.013579076,0.0030783725716173,1.2765249,0.6248628199100494
0.0001111688161606,5.156849681238755e-05,0.0019418519223108,0.0006124000647105,0.0022124693162008,0.0004561819139993,0.013241764,0.0032269898802042,0.8522693,0.6707025989890099
0.0012214414180733,0.0001748782852247,0.0060083412099629,0.0016004422213882,0.0070425242485826,0.0016318782900329,0.015079152,0.003468126822263,0.9022075,0.5844025564193726
0.0008084605525503,0.0001269072168553,0.0034010040108114,0.0021327232825569,0.009124286166156,0.0019840766569671,0.012839829,0.0030408045835793,1.1477004,0.6272565042972564
0.0033123645694344,0.0007217813422985,0.017844371497631,0.0179514917399501,0.0728094088546372,0.0259953333636138,0.013299119,0.0022353317029774,1.3328218,0.5891973865032194
0.0008882661176764,0.0001030828308498,0.0031051551923155,0.0006794035620987,0.0028397319477206,0.0005764456066466,0.015258824,0.0033433484286069,1.3693099,0.5160834038257598
0.0006919106723544,9.928612598457138e-05,0.0058839512057602,0.0007938032411038,0.0023882629075231,0.0005386184783644,0.014860436,0.0033033552579581,1.0944929,0.6277758783102033
0.0017242339472609,0.0001832223387271,0.0045767156407237,0.0038521734968526,0.0189548378441856,0.0041517982736206,0.015427372,0.0029286206699907,1.6700873,0.3354842662811279
0.0009559945845744,0.000141296389186,0.0062336011324077,0.0029410457704216,0.0112421397098015,0.0029283816515469,0.014777344,0.0034778133966028,1.4115913,0.5374032187461854
0.0005514496782273,0.0001002498881122,0.0023361679632216,0.0024162461851665,0.0106021404518284,0.0020982746408812,0.011756195,0.0026940976642072,1.0851885,0.6486556965112685
0.0005952619614979,9.755397275727253e-05,9.666060941526666e-05,0.0005385778843265,0.0079135828330256,0.0008419562372294,0.0144186225,0.0020583791285753,1.3628547,0.5784900820255279
0.0010808511961865,0.0001458145281069,0.0042181147728115,0.0011017485428601,0.0050126028774541,0.0010430934914456,0.015366686,0.0032430773228406,1.013823,0.5859682244062424
0.0008640108509856,0.000144918067991,0.0001735452678985,0.001202113940244,0.0135855627069759,0.0017874995800803,0.013518651,0.0021415404044091,1.2640877,0.602773277759552
0.0006078346601367,7.816257484730984e-05,0.0010824167402461,0.0008553308009868,0.0033407386170074,0.0006594019291434,0.012813629,0.0032545211724936,0.69881064,0.580395795404911
0.0005173802634227,8.790026231880114e-05,0.0067343041300773,0.0011263676919043,0.0039157766562009,0.0008635542119296,0.014665668,0.0033336239866912,0.91050684,0.6575274491310119
0.0003441710873474,5.686865979194532e-05,0.00115651456872,0.0003809473814908,0.0012704638367777,0.0002581925844865,0.013496661,0.0031478870660066,1.4073273,0.5729845464229584
0.002552196347012,0.0005440005185833,0.0002048074820777,0.0033587731719217,0.0910366528496309,0.013312162934855,0.011606155,0.0011648256331682,1.2620969,0.6012798249721527
0.0006653716341046,9.33992244710048e-05,0.0038109896704554,0.0009492207318544,0.0039886807502435,0.0008405380600226,0.013706397,0.0033566156961023,0.69794756,0.5903354144096374
0.0009024058997855,0.0001382424629368,0.0064163799397647,0.0015883578453212,0.0068486389891644,0.0015170009227567,0.014461084,0.0032830561883747,1.0938778,0.6193870037794114
0.0004119754649359,0.0001145626282147,0.0002058063109871,0.002501964951989,0.0361739876010283,0.0039173375410454,0.0113999285,0.0014136892184615,0.80336154,0.6632229217886922
0.000816862955125,0.0001426128743574,0.0102758216671645,0.0025135145988315,0.0096973806703783,0.0023178031545633,0.0136282155,0.0033375830389559,1.103445,0.6459242403507233
0.000648974285727,0.0001053348353543,0.006570870289579,0.0012908302620053,0.0049215349793548,0.0010917950078279,0.014356296,0.003355813678354,1.1881706,0.632231912612915
0.0009896187765681,0.0001858955859069,0.0121191409416496,0.0056753153167664,0.0195057150357693,0.0059085284586341,0.014162481,0.0034024264663457,1.1930695,0.6286728030443192
0.0022584745547564,0.0003753424614582,0.0216040387749671,0.0050473390147089,0.0204806394175937,0.0059708755759812,0.015409047,0.0030911513604223,1.1499143,0.5536929261684418
0.0017145483570589,0.0002743971485422,0.0077246453147381,0.003179027698934,0.0151205689528895,0.0038905814002394,0.013984907,0.0031993903405964,0.81113434,0.5539466887712479
0.000963982718361,0.000123545886577,0.002772303763777,0.0008311744546517,0.0038366945517642,0.0007611063613217,0.013336161,0.0031687717325985,0.88731116,0.5886446142196655
0.0007019032743592,0.0001012779728183,0.0057574738748371,0.0021708158263936,0.0098663660824241,0.0020945303407117,0.012520134,0.002966936212033,0.48768,0.497838981449604
0.0049767183262804,0.0010288749690892,0.0828448608517646,0.0232367664575576,0.0724138286489213,0.0299341978538409,0.015286096,0.0025600588694214,0.74969625,0.5362325596809383
0.0021103842126105,0.0002857012640504,0.0217796228826046,0.0040641496330499,0.0160085265920829,0.0044053009166178,0.015016161,0.0031029588170349,0.5683525,0.4480782875418663
0.0020244500418271,0.0002009225534358,0.0084290225058794,0.0017139424849301,0.0082622392627197,0.0017296037090884,0.016207375,0.0029565513506531,1.5198004,0.396026611328125
0.0012191214544357,0.0002142555310719,0.0022461074404418,0.0032196260472119,0.0181671991634895,0.0035876765865279,0.011330979,0.0021710402145981,0.9445113,0.636412724852562
0.0011321843206894,0.0001573728878969,0.0114525249227881,0.0021478608250617,0.0079794978354885,0.0019622953453453,0.0137884,0.0033184200711548,0.58426005,0.5131130591034889
0.0012886910577969,0.0002159891528234,0.0110726850107312,0.0035251339990645,0.0148864680340692,0.0037611094075087,0.014396762,0.0031952187046408,1.1021574,0.6038432866334915
0.0023716694088755,0.0005750958714853,0.020354657433927,0.0155809317948296,0.0492524980781946,0.0199146899952802,0.012288531,0.0026120827719569,0.88260067,0.6499230414628983
0.0038010882828744,0.0005804089028041,0.0666567496955394,0.0143794752657413,0.0531090168746364,0.0154717294067842,0.017371539,0.0020176809094846,1.4529098,0.4540986013412476
0.0007183865233901,0.0001400591385606,0.0139854168519377,0.0044103183411061,0.0147943432611926,0.0041599201491592,0.014058914,0.0034591575339436,1.1132163,0.6557653993368149
0.0019192563196288,0.0002278006233885,0.0091516962274909,0.0042647239752113,0.0205837311071201,0.0050512509339288,0.012577071,0.0028696046210825,0.3511163,0.3528485931456089
0.0019107591605384,0.0004052392088002,0.006311263423413,0.0075042371463496,0.0395241735893878,0.0099522173045104,0.010753897,0.0010880597122013,0.89100957,0.6372775703668594
0.0017572592375286,0.0003046674449727,0.0160009060055017,0.004663400389254,0.0187123593514869,0.0052979470159588,0.014092822,0.0031986062601208,1.0899011,0.5950498133897781
0.0015796551954398,0.000251679653393,0.0120143881067633,0.0040575966704636,0.0169539661499033,0.0046248120271889,0.0141621595,0.0033347210846841,1.3610686,0.5543892610073089
0.0005508827481721,0.0001176781624063,0.0034545954549685,0.0047857133922661,0.0219633991656262,0.0046899899421504,0.011418865,0.0022164356522262,0.880363,0.6678277850151062
0.0018893546492001,0.000148788231365,0.0054235162679106,0.0013794607948511,0.0065253493104902,0.0014705308864799,0.01446652,0.0034180673770606,1.6972052,0.2952322363853454
0.0014832976055423,0.0001918086150475,0.0025141909718513,0.0027361371304141,0.0132255971460575,0.0029834032798901,0.012524901,0.0031056774593889,1.4159677,0.4939275681972503
0.0017299402113561,0.0001965155227203,0.0061154153663665,0.002072100546211,0.0099842392380381,0.0023432778360518,0.013653029,0.00330614997074,1.5268534,0.4215475583076475
0.0005811810929937,0.0001097980187351,0.0052682813256978,0.0028073417209088,0.0109755067153511,0.0027334165882701,0.0137437405,0.0035292468965053,1.1974574,0.6300385200977324
0.0014834850257121,0.0002668127849418,0.0125104105100035,0.004664832027629,0.0191794813667812,0.0053517419673688,0.014177507,0.0032587592117488,0.91548723,0.6113052070140839
0.0029858938916034,0.0004544020099282,0.0205647740513086,0.0041175242513418,0.0175548263346478,0.0056942973534553,0.013799997,0.0033591371029615,0.75135547,0.4812683165073393
0.0033327317353888,0.0004773273203922,0.0261451676487922,0.0069899846240878,0.0287224074310708,0.0090862827053556,0.013938567,0.0030848620831966,1.4968778,0.4347517788410187
0.002261014803502,0.0003365196002194,0.0308652129024267,0.0106123695150017,0.0368820718107602,0.0124116138545772,0.012887841,0.0028490617498755,0.38264513,0.3981101289391517
0.0046507025066716,0.0011676826775608,0.0188809791579842,0.0168969602591823,0.0671562318210768,0.0283495653052017,0.01273266,0.0019964446499943,1.0906203,0.648694172501564
0.0015887054887162,0.0002677483456052,0.0104949050582945,0.0034218723792582,0.0151416065353854,0.0039978231847856,0.013276603,0.0032243938185274,0.96245587,0.5987607836723325
0.0021965422901163,0.0003644418014766,0.0014034247724339,0.0031799729233898,0.0217189095018096,0.0046565503389525,0.011052879,0.0019638774916529,1.0761443,0.5590117573738098
0.0006962543295542,0.0001485227192612,0.0060288910754024,0.0062449679790006,0.0234704279229222,0.0062818001034011,0.0126215,0.0031785053946077,1.0869212,0.6709413379430771
0.0012266472488184,0.0001647124524484,0.0080150715075433,0.0025946124829351,0.0114726093114224,0.0026886543696461,0.014798211,0.0032954205945134,1.4908808,0.4881463348865509
0.0012090099328864,0.0001563642249854,0.006762009114027,0.0023195180669426,0.0119843793291459,0.0023474124903268,0.0117161255,0.0024010618217289,0.49408585,0.4563013315200805
0.00083740083005,0.0001403487657502,0.0064873667433857,0.0035489188740029,0.013659093297648,0.0035511878390372,0.013311879,0.0032327055931091,1.3550307,0.5779541730880737
0.0016338767853347,0.0002340587715313,0.0025362417800351,0.0029277299610839,0.0145491567463699,0.0033780188661747,0.012021612,0.0030351301841437,1.3003618,0.5381472170352934
0.0008513233226002,0.0001719522707151,5.5344251450151205e-05,0.0005299701878357,0.0551447670668415,0.0046139333958982,0.015858892,0.0017993205785751,0.61411333,0.5710057839751244
0.0034733237465351,0.0004510490885729,0.0331886112689971,0.0057630724459886,0.0240502972538493,0.0063355496112591,0.016219608,0.0027127299271523,1.4547766,0.4279600262641906
0.0014555996193625,0.0003094080411171,0.0001634201908018,0.0020765655979175,0.0494447094833168,0.0060228264492842,0.011733656,0.0013005836308002,0.8878314,0.6439920121431351
0.0034249041222396,0.0006834813312858,0.0214467756450176,0.0319090527610387,0.1208818423675119,0.0422997824610179,0.014264033,0.0019842637702822,1.4010923,0.5474908530712128
0.0012608943286253,0.000175411018075,0.0050633111968636,0.0030624376516789,0.0158248632810423,0.0031808974468717,0.011259065,0.0019662696309387,0.5094242,0.479465681314468
0.0032700652127696,0.0007670974378402,0.0230854321271181,0.026936297352222,0.0927799885908216,0.0363094883183926,0.011630729,0.0015102005563676,1.3207412,0.6271756207942962
0.000988253609649,0.0001619830540045,0.0149802188389003,0.0023092478513717,0.0069253074093475,0.0018160100171649,0.014633145,0.0033847763203084,0.93964225,0.6300349354743953
0.0022619968621333,0.0003927811191961,0.0200541708618402,0.0047585028223693,0.019630168454469,0.0058837665041974,0.013010268,0.0030893757939338,1.0099108,0.5680856525897979
0.0010273478776704,0.0001987065260352,0.0097195729613304,0.0060129517875611,0.0211460857561261,0.0062374540124535,0.01284118,0.0032982961274683,1.1087505,0.6458464562892914
0.0007248029921175,0.0001009159026855,0.0003232775925425,0.0015385625778071,0.0201539818595735,0.001800106099515,0.010676617,0.0007860520854592,0.38989523,0.4318846389651298
0.0015408491729067,0.0001948645753,0.0064571918919682,0.0020040301606059,0.0092424822078921,0.0021182650177635,0.015023931,0.0032779155485332,1.3957201,0.4982596468925475
0.0029287536388697,0.0004951399894524,0.0001126446004491,0.001216032321754,0.0461346769322187,0.0058864843163892,0.012247942,0.0010893827304244,1.1757615,0.5291466414928436
0.0018574640859148,0.0003192884405711,0.0158983096480369,0.0097653155075386,0.0328632144780641,0.0110006049734738,0.015411029,0.0032124477438628,1.4129689,0.5280581045150756
0.00192712152482,0.0003450758411823,0.0143698342144489,0.010536016752012,0.0344588581412147,0.0120489224891931,0.013956159,0.0030936300754547,1.416806,0.5241073369979858
0.0027773251748844,0.0002992631885374,0.0166568187996745,0.003143283072859,0.0143066368375169,0.0035031969404076,0.015823282,0.0030642225593328,1.5433547,0.3828519821166992
0.0032008394851906,0.0004147191446188,0.0320346020162105,0.0038066656142473,0.0102634988172693,0.0031541669850951,0.01500955,0.0032421446405351,1.2948277,0.4491391921043396
0.0005882071825482,0.0001269548239661,0.0277304425835609,0.0066895503178238,0.0153289305251401,0.0055466842175327,0.013973541,0.0034167831763625,0.72966725,0.636342965066433
0.0021275463243871,0.0003595159359534,0.0247577587142586,0.0061530895903706,0.022211814351195,0.0070131023478998,0.014132483,0.0032445752806961,1.2796887,0.549602633714676
0.0013462827276614,0.0002837068254747,0.0001644538133405,0.0021169931149688,0.0465039453855472,0.0056257847208935,0.011661019,0.0013182333670556,0.89691365,0.6446572941541671
0.0027564014900979,0.0003655596930191,0.0215534400194883,0.0027064038440585,0.0086250817966731,0.0024618777626027,0.014848474,0.0033460990525782,1.1455522,0.4820173025131224
0.0014950060953592,0.000272602530571,0.0225749146193265,0.0046811559051275,0.015214450859745,0.0046372192290904,0.013797277,0.003326364941895,0.90632117,0.6279058575630188
0.0024231176277378,0.0004998382193338,0.0189253371208906,0.015479047287954,0.0518196028159094,0.0191309983691434,0.014302339,0.0028734501823782,1.2773321,0.5912470817565918
0.0010535824924795,0.0002598947080517,0.0039123008027672,0.0218107041232542,0.1140508511003305,0.0291125193505844,0.015891485,0.0023490045964717,1.1755652,0.6405312120914459
0.0008842508566211,0.0001616939049635,0.0013044014340266,0.0030813635553022,0.0184558187995235,0.00360567370916,0.012451224,0.0027413221821188,1.2392623,0.6230134963989258
0.0013810083485192,0.0002907425531413,0.0280581451952457,0.0114195640198886,0.0291856876071098,0.012054717729545,0.0138067845,0.0033573834225535,1.1621504,0.6405759751796722
0.0017829481698515,0.000332035998159,0.0005308490362949,0.0034772170625183,0.0355135334916113,0.0059956645481576,0.012357034,0.0017582165636122,1.1956477,0.5918254256248474
0.0004859655010684,0.0001156375455748,0.0275324415415525,0.0068983560428023,0.0167938906914331,0.0058564071183831,0.014486856,0.0034096799790859,0.8364731,0.66340768545866
0.002103595086362,0.0002979570410257,0.0220580697059631,0.00322060380131,0.0106182659648417,0.0028980425720695,0.015141355,0.0032662698067724,1.276981,0.5145277309417724
0.0030064651328607,0.0004261630198224,0.0169265056028962,0.0029940904304385,0.0138565685922747,0.004061200633788,0.012938958,0.0031815268844366,0.9671437,0.4777632689476009
0.0021164745217497,0.000284574939951,0.0199528448283672,0.0049069664254784,0.0200530095320853,0.0056746381686836,0.012629262,0.002926035374403,0.44780934,0.4154265213012695
0.0010212256758319,0.0001781712983294,0.0166198564693331,0.0035556429065763,0.0121784935974442,0.0032185033472455,0.014596704,0.0033431109040975,1.1083212,0.6333713978528976
0.0027614364238356,0.0004922869326239,0.0312066711485385,0.0061048670113086,0.0216090547370496,0.0074147319942173,0.0131360125,0.0031254813075065,0.79363215,0.5470207887887955
0.0013111449156394,0.0002585126722763,0.0241960901767015,0.0091085946187376,0.0287683345970148,0.0097313743966892,0.01383366,0.0033349944278597,0.71653104,0.6012007182836532
0.0017533731845023,0.0003606937412342,0.0031996661564335,0.0063030541548141,0.035384961461215,0.0089245431384135,0.012544466,0.002734737098217,1.0869082,0.6314003616571426
0.0007309304544622,0.0001285724189894,0.0136247593909502,0.0025619398802518,0.0082823088139348,0.0021438789084464,0.014149182,0.0033989064767956,0.848793,0.638741672039032
0.0010486255740045,0.0001990182135324,0.0104050915688276,0.0075211825896985,0.0224147381406789,0.0074389976911343,0.012878589,0.0032655009999871,0.73799574,0.6129550391435619
0.0011603611314336,0.0001838127946952,0.0070621748454868,0.002360318088904,0.0102337080875404,0.0025146081085369,0.014516786,0.0034186434932053,0.8609029,0.606992706656456
0.0001403921590073,6.934187747876532e-05,0.0031767282634973,0.0020588785409927,0.0077726890346211,0.0018047117503457,0.013838467,0.0034045935608446,1.0160277,0.680699959397316
0.0022658843561248,0.0005098003903655,0.067803606390953,0.0668657205242198,0.1570536868781469,0.0739813805841079,0.01627833,0.0022828029468655,1.3782021,0.5696113407611847
0.005441841108086,0.0009564683185473,0.0964880362153053,0.0711870160303078,0.1277009031191676,0.0711453620749661,0.016018268,0.0022574624978005,1.4515494,0.4750110208988189
0.0030253581990406,0.0006949841940457,0.1219444051384925,0.0281692284345626,0.0358960656719153,0.0267397878707563,0.015019463,0.0031483899801969,0.7397853,0.5876962187886238
0.0060574575561836,0.0012676765562817,0.0396904125809669,0.0092298959195613,0.0486398832546849,0.0180875025241212,0.011253322,0.0013423869386315,1.0423348,0.5573015064001083
0.0027153754602454,0.0006722033623789,0.0004792188410647,0.0089346790874697,0.1239725087853646,0.0228078079587567,0.010905872,0.0008330237865448,0.75444734,0.6346557188034058
0.0012697545651055,0.0002990134020975,0.0804113820195198,0.0284617058932781,0.0329588549533273,0.0241376285172133,0.015817456,0.0030514188855886,1.162534,0.6371059185266494
0.0054327175910479,0.0011526819666933,0.0468707606196403,0.0197968163341283,0.079256222613423,0.0309054041219502,0.01209359,0.0016328069008886,1.3456088,0.5637985467910767
0.0030343107981086,0.0005594538379446,0.0397782027721405,0.0084737361595034,0.0294661659611214,0.0100153968413849,0.015385261,0.0029570488072931,0.9716246,0.5534501433372497
0.0031035316916973,0.0005512740269661,0.0311538297683,0.0116193983703851,0.0448798687867919,0.0153329166638506,0.013599259,0.002802264355123,1.4350737,0.5001789331436157
0.0012026356433349,0.0002222326080808,0.0057631724048405,0.004677606744226,0.0213679728930356,0.0049021267541551,0.011425756,0.0021242960356175,0.8308224,0.6269058036804199
0.0055729077029284,0.0007898358964898,0.0768703110516071,0.0226124618202447,0.0608781824301129,0.0229387063959309,0.015332565,0.0026572343893349,1.5970165,0.3923785543441772
0.0043322715399315,0.0010608933805877,0.0400933325290679,0.0163393997773528,0.0613379245457884,0.0266805037395329,0.012230406,0.0020567080937325,0.8056331,0.6102024763822556
0.0019918250748097,0.0003819857841347,0.0393872149288654,0.0084444936364889,0.0216523731841538,0.008502770781187,0.013469713,0.0032606888376176,0.7430033,0.5850003156065942
0.0038570636204962,0.0007135303153571,0.0561783909797668,0.0160338117182254,0.0525841650229084,0.0194674360897091,0.014608635,0.0028094727173447,1.349782,0.5249487161636353
0.0021179872971998,0.0005349523107787,0.1704118996858596,0.12451418171986,0.0685993265399996,0.1164211448595953,0.0136365155,0.0030553526990115,0.6683694,0.5860720360279084
0.0030827193004207,0.0004406259382416,0.0256294533610343,0.0047086650878191,0.0217858484239015,0.0058913222254528,0.016097084,0.0027379393577575,0.7403829,0.4577899426221847
0.0009844814644303,0.0001958669641723,0.0398617386817932,0.0107504764199256,0.0211006009645076,0.0092012123034009,0.013402422,0.003299730438739,0.6735208,0.5964716801047325
0.0035907845618683,0.0007862832928146,0.0173917943611741,0.0206045487330993,0.0857206137965697,0.029747190627949,0.011615146,0.0014206825010478,1.3691584,0.5901992619037628
0.0054116107782377,0.0011505079761715,0.0377461016178131,0.0162612739950418,0.0672995387149812,0.0268060283908087,0.013101622,0.0020267330110073,1.2589576,0.5676559209823608
0.0042610167618436,0.0008533642098838,0.0606114268302917,0.0119794050604104,0.0331402115536816,0.0145214071799024,0.013851868,0.0031673194654285,1.110713,0.5609026253223419
0.0005263867518818,0.0001062562948128,0.005059590563178,0.0032571687479503,0.0125941873107297,0.0031187951955921,0.014840899,0.0034527874365448,1.1150627,0.661680349111557
0.0009969058414035,0.0001845317793552,0.0115049933083355,0.0043741962872445,0.0167454815341021,0.0044772537127844,0.013001304,0.0032728528790175,1.0331537,0.648196786046028
0.0027253426314188,0.0005223998964202,0.0264631267637014,0.0081545120850205,0.0350137059260644,0.01109000215326,0.015499848,0.0028780199959874,1.0322976,0.5810667127370834
0.0017362279790145,0.0002666634807601,0.0128413764759898,0.0030249143019318,0.0131688471167894,0.0032912178354353,0.015217927,0.0031666976399719,0.8663478,0.5595573472976685
0.0033984507554549,0.0007141307222324,0.0246204249560832,0.0082016732916235,0.0334392088427241,0.0127861520249523,0.012525359,0.0027226260118186,0.87623596,0.580842528939247
0.0070172400575268,0.0015049235013489,0.1513430178165435,0.0345760682225227,0.0736851654175445,0.0386792426943878,0.015112938,0.0028317804634571,1.1787028,0.5431593871116638
0.0015944757792478,0.0002612006813456,0.016004679724574,0.0036462025158107,0.014284685267503,0.0038325324991317,0.01458239,0.0032285553216934,1.1136324,0.5896940314769745
0.0017058464270186,0.0002905759115637,0.0288519449532032,0.0045235608518123,0.0109749237402292,0.0037151556626575,0.013519928,0.0033913473598659,0.73588324,0.575928658246994
0.0017775315521297,0.0003625076516316,0.0413099937140941,0.0114701949059963,0.0277348972222514,0.0110515546434156,0.01371802,0.003266931194812,1.1263571,0.6322763770818707
0.0003084861658324,0.000112384236789,0.0071922484785318,0.0094387651188299,0.036015047865269,0.0098297093497972,0.013008715,0.0031009167432785,0.9130869,0.6901233333349228
0.009612614193867153,0.001397964290841408,0.2252855747938156,0.045218728482723236,0.318247480714684,0.08753295329250109,0.018274443224072456,0.001315017379820347,0.4276111125946045,0.35059164375066754
0.0073841847636045,0.0014280594513507,0.1232520118355751,0.0391134543716907,0.2623582201347177,0.0675056958663927,0.0193417,0.0006878426671028,0.8416214,0.4813438534736634
0.0011729105167774,0.0002050017544381,0.0034328685142099,0.0037232750073599,0.01729564170635,0.0041012479798527,0.01266927,0.0030602901242673,1.0204369,0.6255972504615783
0.0018514315888264,0.0003822767667358,0.1168410256505012,0.0269985570013523,0.0211213326843588,0.0237243829774146,0.014816767,0.0033758501522243,0.5863846,0.5351488381624222
0.0037005333506626,0.0006286888946435,0.1282578930258751,0.0276261469721794,0.0450091299606792,0.0244285197262548,0.016159171,0.0028377463668584,1.5255075,0.4481537342071533
0.0057146189746664,0.0010648148685285,0.0453318729996681,0.0528105601006245,0.2130299618146977,0.0748571634910107,0.016816052,0.001513990573585,1.3933192,0.5149553418159485
0.0029168000817719,0.000732890696549,0.0062310043722391,0.0141264091813718,0.0791929701899964,0.0238047762972602,0.011583614,0.0014115109480917,0.9708199,0.6642810553312302
0.0015969515066332,0.0001892868927239,0.0005129149067215,0.0019866653915232,0.017972979962022,0.0025446279009023,0.0111054,0.0014981688000261,0.43883252,0.4146059930324553
0.0068287949994321,0.001485502923583,0.0226873522624373,0.0695360474473272,0.4817045223011874,0.135864755388042,0.01797061,0.001209694892168,1.0736803,0.5785365688800812
0.006927676044966,0.0009845592381537,0.0742485672235488,0.0183329387754201,0.1063267099957146,0.0265932357869571,0.017751511,0.0015580103173851,1.4669769,0.3991832137107849
0.0012453204891812,0.0002017273277831,0.0085046957246959,0.0029556490480899,0.0128286331129646,0.0031448529433636,0.014300475,0.0033362535759806,1.2069978,0.6000646924972534
0.0008981633959901,0.0002029433346603,0.0059726284816861,0.0089385303040035,0.0369427026913604,0.010040900116983,0.012607133,0.0029381094500422,0.99413306,0.6620601713657379
0.0022388277689951,0.0002485769237401,0.0208584852516651,0.0034778155386447,0.0128606441484923,0.0033153196518885,0.015674122,0.0031594884209334,1.5819559,0.3888642859458923
0.0015058067327481,0.0003220931954581,0.0084638316184282,0.0096825056748639,0.037495033283202,0.0116111324494408,0.011997044,0.0025910078547894,0.71892184,0.6099279597401619
0.0011882720228205,0.0002058592486683,0.0130926794372498,0.0033761570230126,0.0131810835721565,0.0033838785164288,0.012896181,0.003121017627418,0.9129622,0.6224831175804137
0.0010285366161342,0.000176265026077,0.0120134619064629,0.0045118744019418,0.0173037009203847,0.0046846042465167,0.015368099,0.0033277489431202,1.3549798,0.5755874216556549
0.0024993627443979,0.0003575041525244,0.0232261717319488,0.0175192277529276,0.0689245820773547,0.020536949811315,0.016764281,0.0020803762599825,1.5725242,0.4209908461570739
0.0025285222243404,0.0002954441943725,0.0123906778171658,0.0018826439045369,0.0078912394452144,0.0019426491244931,0.015111061,0.0031965617090463,1.1826191,0.4457179009914398
0.0033455568861861,0.0005549569856286,0.0247284043580293,0.0056748533993959,0.024407161872238,0.0081568179261359,0.013891767,0.0030821946635842,1.2004488,0.5087840521335601
0.0016326409425808,0.0002889548068413,0.0300023909658193,0.0058321186527609,0.0172625806356031,0.0050558514904518,0.016039688,0.0029466355964541,1.0360929,0.6076885610818863
0.001065002326257,0.0002301116515165,0.0001383814815199,0.0017033750198152,0.0457184433701268,0.0049432277712268,0.013250458,0.0017135941423475,0.87312245,0.6539197117090225
0.0006193933171857,0.0001293489543063,0.0102433529682457,0.005349728250876,0.0182122139632623,0.005095493885592,0.012267732,0.0029651919007301,0.9577066,0.6749109327793121
0.0015063524689214,0.0001967606915525,0.0166383115574717,0.0032362779602408,0.0139668003630816,0.0030047842667293,0.016625885,0.0026300242170691,1.4858097,0.4670454859733581
0.0012386049229984,0.0001919707150652,0.0045368634164333,0.0042614112199225,0.0192911367176381,0.0047605762037678,0.01423742,0.0032676461152732,1.4624214,0.4990650224685669
0.0021799345693375,0.0004328063606527,0.0001427533934474,0.0016433593314104,0.0513586055444759,0.0065662482901872,0.012030555,0.0012173947505652,0.8942272,0.6007846635580061
0.0014846167441759,0.0001808317197391,0.0144394980743527,0.0017163065448403,0.0047612184376245,0.0012087556162742,0.015157049,0.0033349827677011,1.4519473,0.4804902791976927
0.0010618580538103,0.0001156338927356,0.0047489576973021,0.0011900296946987,0.0052360479829826,0.0010969207555151,0.0146991545,0.0032645017653703,1.5651727,0.425207200050354
0.00076038084324,0.0001110163849481,0.0029150642221793,0.0011463488917797,0.0052872141264596,0.0010844956357223,0.012981006,0.003138952422887,1.0000994,0.6173081547021866
0.0009485631273113,0.0001013857910176,0.0040968842804431,0.0008303074957802,0.0034838042604698,0.0007160893742934,0.015149134,0.0032670721411705,1.528307,0.4376694858074188
0.0015111968673973,0.0002443326827829,0.0003965594805777,0.0022655744623989,0.0228592848721959,0.0035768911445557,0.011706244,0.0018006029725074,0.6252651,0.5335812088847158
0.0009664263805116,0.0001563108002274,0.0073232627473771,0.0023115961905568,0.0096737158750798,0.002288492106845,0.013476564,0.0033193155564367,1.0509441,0.6244468808174134
0.0014051955423196,0.0001675013425276,0.0069299971219152,0.0015998009219765,0.0074813107342142,0.0015847148812738,0.015375807,0.0031148973479866,1.439795,0.483964055776596
0.0012368328914734,0.0001469091792229,0.0138510121032595,0.0024453590437769,0.0094029051754771,0.0021340741845812,0.01609169,0.0030712368525564,1.6229566,0.3973144364356995
0.0023782407255826,0.0003324329969845,0.0249063745141029,0.0067622810229659,0.0253296346204306,0.0080230088310369,0.012869432,0.0029384260997176,0.42442217,0.4027530501782894
0.0064290614695584,0.0011096398643268,0.0042539280839264,0.0254393291828455,0.1955201992925698,0.0423153358060678,0.011788723,0.000880807172507,1.5317534,0.4574965405464172
0.0098418010372266,0.0014735621482212,0.0024594562128186,0.0432982475610151,0.3629127409018819,0.0724913178385746,0.013769241,0.0009171266108751,1.596855,0.4013289213180542
0.0031365453511013,0.0005201683066184,0.0001682071742834,0.0016044102635987,0.0379729020447394,0.0053120425718984,0.011767164,0.0011055875197052,0.88506657,0.5119247585535049
0.0022245975649161,0.0005556622896627,0.0955083593726158,0.0596186462789773,0.0847051566325101,0.0596936198578818,0.0145747615,0.0029450990445911,1.0151807,0.6473709940910339
0.0020520368544313,0.0004692843160206,0.0160508947446942,0.0133943577529862,0.0445149338692384,0.0162263678505683,0.011456001,0.0020632506348192,1.0322884,0.6507188379764557
0.0013621353290629,0.0001350851377749,0.0035822800127789,0.0010705122957006,0.0050036885853252,0.0010712596556641,0.014117249,0.003393657002598,1.5324365,0.4122856259346008
0.0010041352138483,0.0001554517785039,0.0003589608095353,0.0013695626352819,0.0115807570027878,0.0016999631198973,0.0113488445,0.001903994847089,0.8851521,0.6200689971446991
0.0016074153621969,0.0002399369799426,0.0073980134911835,0.0028026094660162,0.0154245527359111,0.0031215079302188,0.011382564,0.0019876904599368,0.65574056,0.5296876952052116
0.0014936487928461,0.0001805083541286,0.009479452855885,0.0017808247357606,0.0074123012974887,0.0017251735129781,0.013192585,0.0032678488641977,0.5572278,0.4590183094143866
0.0014311724402262,0.0002358972442729,0.0015516772400587,0.004329221968419,0.0333984879707712,0.0058927330429173,0.014425088,0.002333665266633,1.4407738,0.5220377147197723
0.0008893254893537,0.0001712224347084,0.0004489249549806,0.0026293864839317,0.0224098941622459,0.0035155817599065,0.012660381,0.0022452817484736,0.8436589,0.6466262906789779
0.0007728833176849,0.0001340855003959,0.0095755765214562,0.0028314921725541,0.0113910725889668,0.0026670819526229,0.015436443,0.0032504096254706,1.1349294,0.6404579728841782
0.0025651640989767,0.0005431374061283,0.0060701817274093,0.0071620795422495,0.0353903178661978,0.011068881826741,0.012992836,0.0029588784649968,0.93831897,0.6021442210674286
0.0006384786337178,0.0001112432232675,0.0030106471385806,0.0027861017078976,0.0109560627560417,0.0025608818779295,0.012664706,0.0032604518346488,1.0986907,0.6438805907964705
0.0015785439731529,0.0002642973933641,5.518151738215238e-05,0.0005710554161169,0.021234534568831,0.0023777500239005,0.01205534,0.0013269974850118,1.2258642,0.5827237069606781
0.0001596365081435,9.579619793964426e-05,9.36659416765906e-05,0.0007455884214596,0.0194768494842301,0.0017477395568894,0.015110371,0.0021113056503236,1.004812,0.6763293182849884
0.0024205302545286,0.0004174798061785,0.0052340843249112,0.004982644222764,0.0251565373679454,0.0069426672002554,0.014397934,0.0030340128578245,1.167265,0.5572491586208344
0.0014573253818514,0.0002591438181163,0.0123874014243483,0.0048339172080159,0.02077712200871,0.0056172919476619,0.014631767,0.0032408307678997,1.1867678,0.6057885885238647
0.0011321534656748,0.0002448737405276,0.046438593417406,0.0129659920930862,0.0246083583064976,0.0111477704413979,0.01466499,0.0033295527100563,0.97010124,0.6574615025520324
0.001733452208812,0.0003362957692816,0.0060443207621574,0.0059267162269679,0.0298827414863125,0.007019773928282,0.01085892,0.0014053760655224,0.9954968,0.6267635822296143
0.0019844795016384,0.0003809010880888,0.0039902902208268,0.0051972746731917,0.0287655333822338,0.0070608625317684,0.011208902,0.0020636175759136,1.047302,0.6105552160739899
0.0027265755708081,0.0005994741916611,0.093134194612503,0.018773947507143,0.0090640993425924,0.0119328328263788,0.014077956,0.0034739724360406,1.0839138,0.6254535019397736
0.0009408855745928,0.0001607165771263,0.0155806075781583,0.0026783533766865,0.0087148425247115,0.0023155484424503,0.0144686755,0.0034842566773295,0.7601737,0.6262002661824226
0.0019236257534191,0.0003784560390546,0.0112598594278097,0.0112666890202672,0.0439358536190126,0.013896501303599,0.012877747,0.0027451749518513,1.3823754,0.553829870223999
0.0014035631526779,0.0002894768387088,0.0078973248600959,0.0082849874197563,0.0319255389732767,0.0094387697773593,0.011712595,0.0024899607338011,0.8048402,0.6347831186652184
0.0014582274395972,0.000268485931591,0.0173527840524911,0.0102438615448772,0.0333483417285053,0.0113036708418326,0.015151991,0.0030679709464311,1.3783022,0.5597776627540589
0.0038857351163764,0.0006958028606566,0.0313201565295457,0.005533679947257,0.0234135475142301,0.0081820439423969,0.011656065,0.0024259914644062,1.0940704,0.5418723332881927
0.0022388109005414,0.0003521213570331,0.0100268647074699,0.0044596698135137,0.0205800268656053,0.0058441213972852,0.013051316,0.0030695768073201,1.3199689,0.5212674140930176
0.0017328957309649,0.0003835410170873,0.0086235785856843,0.0103864387393696,0.0450448264357885,0.0133056785108252,0.011545024,0.0021311566606163,1.1517882,0.6418286114931107
0.00218750656718,0.0002913633827498,0.0075251767411828,0.0020549086108803,0.0107459665152847,0.0026046712085797,0.01369822,0.0030496475473046,0.9962642,0.4969798922538757
0.0014110742975933,0.0002283727685551,0.0133933117613196,0.0044028559140861,0.016512555896506,0.0045462683663958,0.013813006,0.003287133295089,1.3042667,0.5699959099292755
0.0006040953272352,0.0001134527420344,0.006951758172363,0.0032856236211955,0.0122116862990004,0.0031154203941443,0.013129335,0.0032553831860423,0.9336969,0.6672424823045731
0.0005459413329716,0.0001261108997904,0.0074984461534768,0.0067950161246699,0.0238054287291272,0.0065425118627678,0.013651514,0.0032996680028736,1.1344805,0.6545700991153718
0.0004885824614016,9.784377685850028e-05,0.0124418921768665,0.0024256743490695,0.0075281514680418,0.0019577694152531,0.0138906855,0.003385507967323,0.9271797,0.6640614235401152
0.0013283416768018,0.0002719110013086,0.0017312685959041,0.0054388481229034,0.0423059840145738,0.0072999283221722,0.010673255,0.000864362809807,0.7381638,0.627231054008007
0.00070865472982,0.0001159403581995,0.0077702454291284,0.0019883923884481,0.0080695768959546,0.0018108588857404,0.014989892,0.0032021667435765,1.331575,0.5981472730636597
0.0008295233749157,0.0001051014682688,0.0048194827977567,0.0016687439056113,0.0074864777083298,0.0015730905498636,0.01580295,0.0031439705751836,1.5721595,0.4396110773086548
0.001281711658641,0.0001947945248427,0.0105325300246477,0.0021002967096865,0.0087538093560932,0.0019650828962888,0.01586039,0.0031120190396904,0.98693883,0.5943907052278519
0.0011041050579565,0.0002033311794701,0.0189674776047468,0.0048480187542736,0.0170212717092248,0.0046318607765596,0.01511682,0.0032615363784134,1.0710828,0.6428174424171446
0.0014460686056316,0.0002398710542148,0.003467250149697,0.0047006225431687,0.0241170133884317,0.0057795063125921,0.013274558,0.0031492367759346,1.4332731,0.5277179479598999
0.0022895653354222,0.0003649081013341,0.0096558481454849,0.0035673936363309,0.0175845316739016,0.0047561900785013,0.013145838,0.0029509259946644,1.048181,0.5391558730602264
0.0006631047846337,0.0001396356168691,0.000118684823974,0.0012312311885125,0.0228405316693551,0.002311284465276,0.013023324,0.0017747055739164,1.0301222,0.6637910449504851
0.0009186336792735,0.0001964477749289,0.0026754981372505,0.005792182960904,0.0327096526932609,0.0070083297231357,0.012511083,0.002537743654102,0.977686,0.6600488573312759
0.002651380856347,0.0002882084993058,0.0093208570033311,0.0024572396278381,0.0116657549060175,0.0030234162844271,0.014748472,0.0034179738722741,1.4948816,0.3944680976867676
0.0010461332549318,0.0001455921775364,0.0067734634503722,0.0017017463594675,0.0076054010784888,0.0016864197823079,0.014150733,0.0032453472726047,0.6565754,0.545669786632061
0.001755350018073,0.0003024546293887,0.0255920113995671,0.0054409291222691,0.0201940034701977,0.0053735331629522,0.016185392,0.0028179344721138,1.1227643,0.5943574160337448
0.0009393945396818,0.0001572538347987,0.002233441453427,0.0034338915770422,0.0180020866448645,0.0038048030624842,0.012852142,0.0029685581102967,1.3844146,0.5670710670948025
0.0009749927265132,0.0001781652368292,0.0003120728651992,0.0025248448891943,0.0275315165092484,0.0037834937902388,0.014056239,0.0020540710538625,1.3259324,0.5798737514019009
0.0013635727525721,0.0001308688689314,0.0044589675962924,0.0013706918759271,0.0066812463176896,0.0013414344774447,0.01598904,0.003076136521995,1.5913539,0.3848282980918882
0.0010356608741121,0.0001522574582029,0.0087114349007606,0.0024504025653004,0.010723065004884,0.002397649181139,0.015582014,0.0031545791588723,1.3868296,0.5404216814041138
0.0003214832087281,6.534895022401624e-05,0.0001125581766245,0.0005227142817966,0.0054322954939336,0.0006730836881649,0.013388431,0.0025504416041076,0.9500499,0.6633927524089813
0.000161454863609,6.571764975872e-05,5.457904990180396e-05,0.0003186166341629,0.010272430024142,0.0007314654189728,0.01772395,0.0016053963452577,1.0210109,0.6733286529779434
0.0015331311195824,0.0002098379737128,0.0001534327602712,0.0012218909662351,0.024602477075012,0.0024432320065525,0.010962589,0.0009729620069265,0.49655133,0.4552192437648771
0.0015347211813629,0.0001661257963866,0.00731065380387,0.0030533715616911,0.0137078068436632,0.0033755878335019,0.013669126,0.0032399387471377,0.3847533,0.371328666806221
0.0018152209497287,0.0002426033235228,0.010506744030863,0.0023640766739845,0.0108423615225309,0.0024967045471108,0.015535215,0.0030098612606525,1.2672492,0.5119224953651428
0.00051520564489,7.698019668439483e-05,0.0002727636310737,0.0008381181987715,0.00737880351241,0.0008746887394091,0.011364905,0.0018675327301025,0.5816159,0.5628535374999046
0.0017559324620329,0.0002943152387391,0.0149898761883378,0.0039928310923278,0.0162532022116584,0.0045601308877009,0.013732529,0.003217958509922,0.94639313,0.5752015113830566
0.0007340962266687,0.0001224162069934,0.0015125070349313,0.0024322151630258,0.0138564020926355,0.0024831013368129,0.011543636,0.0024262501299381,0.781482,0.6252523681521416
0.0011636849186446,0.0001316312448311,0.0025503120850771,0.000673448301386,0.0029165649792729,0.0005752911125421,0.013515713,0.0031727538630366,1.146214,0.5369524443149566
0.0003760159569631,8.529984928214965e-05,0.000125378544908,0.0009174550083753,0.0113879240013953,0.0011960567198277,0.011868472,0.0018373472616076,0.9992589,0.6627026826143264
0.0004403005768375,0.0001025974699132,0.0002019024395849,0.0014645130793269,0.0163403047652511,0.0020129950738088,0.0135825705,0.0022598695941269,1.0419211,0.6671677082777023
0.0005410557523611,0.0001089059266342,0.0001196456614707,0.0010231538378411,0.0152382311785767,0.0016336940545031,0.013635163,0.0020621900260448,0.7654052,0.6411546066403385
0.0009339929228493,0.0001636971175626,0.0108019867911934,0.0030206842999905,0.0115151497931537,0.0029335488956092,0.013606386,0.0033637713640928,1.0981216,0.6354553627967835
0.0009627229873951,0.0001609200245617,0.0002642591134645,0.001729913260533,0.0181736875859629,0.0023268918786253,0.011654729,0.0016899670474231,0.68502855,0.5886995568871498
0.0018101722767346,0.0002719770177757,0.0145203387364745,0.0028960928879678,0.0116900025493662,0.0031221998376592,0.013640492,0.0032495511695742,1.2118529,0.5500121414661407
0.0004744420691395,7.68036566868109e-05,0.0003546657389961,0.0010375125762038,0.0080586989175572,0.0010264443118357,0.011250825,0.0018292218446731,0.64439774,0.6003760769963264
0.0013595019901326,0.0001712763516143,0.0024121433962136,0.0024756503044045,0.01456224750129,0.002702109450418,0.015347983,0.0027406071312725,1.4758408,0.477272480726242
0.0026871854389844,0.0004945596819916,0.0010551640298217,0.0051482212888913,0.0473685473025196,0.009507098881749,0.013244047,0.0017957219295203,1.2253065,0.5575456917285919
0.0016397469961363,0.0002155646401797,0.0049030967056751,0.001716292113997,0.0084276003192092,0.0019776240688847,0.014515703,0.0033290963433682,1.1074375,0.5278663039207458
0.0009379344743459,0.0001735731415293,0.0004979440127499,0.0027581489590011,0.0238448267122564,0.003729087027417,0.01192601,0.0020442250184714,0.6839093,0.5984175756573678
0.0008232093462792,0.0001111089363754,0.006001942558214,0.0012504553049802,0.0051391186399786,0.001068021021326,0.015341935,0.0031361606530845,1.4092103,0.5358713889122009
0.0010285330443842,0.0001497239935427,0.008699876256287,0.0022812699899077,0.0095509323196909,0.002244436287989,0.013305079,0.003254251088947,0.6214043,0.5379432439804077
0.0018931098690578,0.0003034103941338,8.015069761313498e-05,0.0007321433447486,0.0246132248029247,0.0027392715985998,0.01146996,0.0010661135800182,0.7717084,0.5395120829343796
0.0029380368674307,0.0005674919468416,0.1036961264908313,0.0214752331376075,0.0362149686619609,0.0207719237263821,0.016866878,0.0025021848268806,1.1991148,0.558269202709198
0.0007747265347838,0.0001454719207519,0.0001250777713721,0.0009592563050136,0.0176555981775711,0.0018056181204072,0.013628021,0.001735475230962,1.0047686,0.649781733751297
0.0007140647548455,0.0001034887800943,0.0022023238707333,0.0011823072272818,0.0051329691580077,0.0011049660855623,0.014293519,0.0034548828192055,1.0395994,0.6267225223779678
0.0009598618054526,0.0001492615542601,0.001286128303036,0.0024470045009366,0.014122156377611,0.0027497529033356,0.011948423,0.002746857702732,1.3924447,0.5647455155849457
0.0013826338387844,0.0002302690970743,0.0169208124279975,0.0043090544641017,0.016576119633222,0.0043862259411806,0.015045832,0.0031957619450986,1.1981895,0.5851289355754852
0.0018281876695395,0.0002674201598811,0.0098778302781283,0.0024345419369637,0.0113644741454205,0.0028599699249427,0.014014299,0.0032719567790627,0.9263546,0.5382763069868087
0.0046912400010327,0.0010583272264484,0.0193307008594274,0.0137370637385174,0.056163337305946,0.0221832690260843,0.011382247,0.00165087364614,1.291288,0.6002528667449951
0.0002994265508124,0.000105281360503,0.0028225994901731,0.0052420471129153,0.0337790086490061,0.0058547981295613,0.015901087,0.0025322182103991,1.1856625,0.6583186233043667
0.000773015645125,0.0001219816486,0.0062864148057997,0.0015913757961243,0.0070817065014722,0.001499964381298,0.014686824,0.0031761474534869,0.90780234,0.6367280232906342
0.0016846289334395,0.0001954906440403,0.0001170901996374,0.0009153724915995,0.0197267802423927,0.0019196402896614,0.015706034,0.0014477716013789,1.5175493,0.4384970366954803
0.0008942274735229,0.0001138169727865,0.0021925579058006,0.0008533854270353,0.0039196968880755,0.0007825831621921,0.013270781,0.0032670977525413,0.87181294,0.5845521986484528
0.0019147928435362,0.0004289228926617,0.0152750993147492,0.0116535772103816,0.036912493695383,0.0137647279251485,0.011732563,0.0024937269650399,0.932694,0.644046266078949
0.0012833377064223,0.0002170430896442,0.0003175814636051,0.00206392192581,0.0284019411811747,0.0033946882237081,0.010892766,0.0009875340946018,0.6185515,0.5527947098016739
0.001127559882198,0.0001607781393809,0.0006124532083049,0.0018039882811899,0.0153954960044977,0.0023226562433657,0.014262177,0.002388821914792,1.4318361,0.5241119706630706
0.0013951335057012,0.000219087764742,0.0131933763623237,0.0025583457387983,0.009999871188215,0.0025012281943957,0.014810252,0.0032806855253875,1.0345066,0.6011622560024261
0.0019807749752093,0.0003889344907261,0.0011879126541316,0.0042844189456445,0.0298280391421877,0.0068906283458053,0.0115378825,0.0021880189888179,0.97850615,0.6199213576316833
0.0010994438663825,0.0001194928576163,0.0006033095996826,0.0011832451618829,0.0102231632034648,0.0011396799613364,0.010831382,0.0012676405347883,0.4359505,0.4183074086904526
0.0008656349438134,0.0001497213564712,0.001293156761676,0.0023358198268397,0.014165438710103,0.0026178133638079,0.011596389,0.0024511185474693,1.0458566,0.6339024156332016
0.000212500530139,5.6990878110045867e-05,0.0025251094484701,0.0007235421799123,0.0028222941782187,0.0005787159237611,0.014232454,0.0032741572894155,1.1718905,0.6464126706123352
0.0008184562987319,9.678203951338464e-05,0.0012694288743659,0.0015493013426021,0.0081364539241668,0.0015274643653227,0.013124616,0.0030750337988138,1.6232536,0.3909237623214722
0.0015629384032329,0.0001663310480421,0.0049751144833862,0.0012337369052693,0.0057119417714607,0.0012539989527611,0.014164773,0.0033109728246927,1.4186754,0.4554361128807067
0.0009655894578878,0.000168033924817,0.0087884832173585,0.0033523655403405,0.0135444146556611,0.0034470368534801,0.014008102,0.0033142534457147,0.8952352,0.6362649083137512
0.0007796777408698,0.0001308518679196,0.0075213829986751,0.0022672007419168,0.0096604598462217,0.0022067566981027,0.014405445,0.0032924624718725,0.8722083,0.636133180260658
0.0004557125040945,7.632910368949035e-05,0.0041820688638836,0.0018239035271108,0.0077504627964516,0.0016926821537974,0.012925953,0.0031580750271677,0.58362114,0.570824608206749
0.0009867903617239,0.0001246007244776,0.0033746465342119,0.0025528915430186,0.0107197757579685,0.0025000467065396,0.014258057,0.0033529293723404,1.6129192,0.4040765523910522
0.0040751310875627,0.0009646979509551,0.0018617216846905,0.0215175813459609,0.2199423811969787,0.0472727869358277,0.015473145,0.0013696481473743,0.91446483,0.6139242303371426
0.0067849784937814,0.001507252822987,0.0252080541104078,0.0835918612294335,0.2991255368964285,0.1111364997851294,0.015966844,0.0016285036690533,1.0365415,0.5797941982746124
0.0018166545677351,0.0002950330930238,0.0194208435714244,0.0106745481025427,0.0397850136012916,0.0121043986587396,0.01636183,0.0026193258538842,1.4502511,0.5044268369674683
0.0006735883273647,0.0001369861370282,0.028414212167263,0.004891489893198,0.0083374148177983,0.0032850405284378,0.014754318,0.0033746641129255,1.067515,0.6553682917356491
0.0027512926887722,0.0006099239455375,0.0050742388702929,0.006950753100682,0.0383573148159488,0.0114873874165202,0.011440526,0.0020801574364304,0.92105204,0.6330073922872543
0.0025010650311151,0.0004693933666744,0.0002579348220024,0.0032720540993796,0.0958500256825495,0.0125160275991557,0.016479475,0.0014720712788403,1.2648263,0.5700540435314176
0.0008227861760916,0.0001925497074519,0.0005646606732625,0.0055429361495771,0.0594475858005933,0.0083284483791739,0.014662122,0.0021844604052603,1.117243,0.6556380462646484
0.0041612414633238,0.0008823866321084,0.0514238290488719,0.0385168976616114,0.1287138447683027,0.0525784830155423,0.016705733,0.0018130721151828,1.1778675,0.5888685703277587
0.0033529930390381,0.0007140092297933,0.0499236974865198,0.0159369874745607,0.0480496904550291,0.0204366999523821,0.014829206,0.0028419389016926,1.0687548,0.5953184556961055
0.004271154170044,0.0010261286141021,0.0623562801629304,0.0310611768811941,0.0843997905533024,0.0434421709338532,0.014660698,0.0023778771422803,0.93599737,0.628534734249115
0.0040260521836092,0.0008034547189691,0.041415549814701,0.0166047307103872,0.0544652601360558,0.0235340464714164,0.01049703,0.000654695816338,0.39831084,0.4831139557063579
0.0010103795853777,0.0001972855371035,0.0152694061398506,0.0064052129164338,0.0204304861353093,0.0065607426525189,0.014511778,0.0034309581108391,1.1404977,0.6391300797462461
0.005280111438958,0.0012373620196308,0.0463359802961349,0.0551707027152588,0.178172074624681,0.0776107286712969,0.014852913,0.0016044713556766,0.9376714,0.6108794212341309
0.0003571851745927,7.433451690915514e-05,0.0032679331488907,0.0019868927192874,0.0079594521301923,0.0017943317337304,0.012574814,0.0032250517606735,0.8113867,0.6518460512161255
0.0021172189359343,0.0003090524840702,0.0254217181354761,0.0060113922134041,0.0219350507021049,0.0062465529227127,0.015427321,0.0030429163016378,1.4418433,0.4818972051143646
0.0054144684960862,0.000759252052239,0.0676323510706424,0.0121931937336921,0.0474527217185906,0.0141574000988775,0.016524848,0.0022795835882425,1.4641349,0.4069119572639466
0.001890856290273,0.0003904402995125,0.0083917761221528,0.0077496909216279,0.032716075452561,0.010068520060082,0.014078266,0.003067007753998,1.0360885,0.6230205148458481
0.0011620195568792,0.0001567127000229,0.0053222929127514,0.0014622101048007,0.0066085712369262,0.0014362471951562,0.015018723,0.0032988457009196,1.2212582,0.5629012227058412
0.0006372088802989,0.0001261907327391,0.000739213079214,0.002433040580363,0.0181014463725389,0.0028982354598062,0.012512988,0.0024010380730032,0.97131777,0.6645646691322327
0.0021973297126503,0.0002189207725909,0.0094006089493632,0.0027302811853587,0.013837089140717,0.0030332127005986,0.01589204,0.0029013004153966,1.6081362,0.3583944845199585
0.0009791579476143,0.0001718059932647,0.0051543191075325,0.0045426083233905,0.0179535589563504,0.0047045390284545,0.014221181,0.0033748566918075,1.2432674,0.6035270392894745
0.0006045986545202,0.0001121103724822,0.0071684103459119,0.002856358885765,0.0110972541133702,0.0027617613962888,0.013693268,0.0034156604669988,0.96119004,0.6580240899324417
0.0014735901046306,0.00016492742188,0.005499854683876,0.0030196969071403,0.0134482241055564,0.0033293872318416,0.012606419,0.0031484034843742,0.3962355,0.3814854076504707
0.002856149782034,0.0006202966244513,0.0094651556573808,0.0079956675035646,0.033709179616794,0.0120881899768604,0.013260365,0.0028490381687879,0.7564531,0.5857083648443222
0.001753858797606,0.0002223264564642,0.0062260529957711,0.0014227956999093,0.0068849188280777,0.001581902855544,0.013418639,0.0032614860124886,0.8313462,0.5073592662811279
0.0023653206138507,0.0003210335681907,0.0251678647473454,0.0038288366049528,0.0126277611899646,0.0036144145942253,0.015107209,0.0032266465574502,1.3673517,0.4752844953536987
0.0035611182397727,0.0003214228268425,0.0227578692138195,0.0064649506099522,0.0353788890765918,0.0076059242649134,0.01674348,0.0023207967169582,1.7257613,0.2755979657173156
0.002075022551689,0.0005326761773498,0.0265194606035947,0.0257905251596821,0.0745504874464139,0.031351439668773,0.012710552,0.0025051576085388,0.9977911,0.6702457070350647
0.0031444434221487,0.0006242667829744,0.0160924978554248,0.0061665698885917,0.0326279469437825,0.0096531902826091,0.010821706,0.0011974349617958,0.81269616,0.5823470205068588
0.0025351812596707,0.0003844577559878,0.0285076852887868,0.0067373413592576,0.0250268323717161,0.0082397794543982,0.014062861,0.0031667301245033,0.49413234,0.4402878949046135
0.002071072548675,0.0004183534906452,0.0283678472042083,0.0094093834236264,0.0351458523325464,0.0111373825952786,0.015296798,0.0029681176692247,1.0186727,0.6220278757810589
0.0009295397906697,0.0001770733324441,0.0004893041332252,0.0027608613204574,0.0256495925306766,0.0037410502896467,0.011569065,0.0017270254902541,0.8847009,0.6451287418603897
0.0003709738197861,9.678502444166685e-05,0.0114847626537084,0.0068979525007307,0.0191015430631026,0.0063539480395192,0.0130183045,0.00327028054744,0.83912134,0.6681603044271469
0.0027977205884004,0.0003884197550476,0.0012818679097108,0.0046719413094251,0.0442939045321307,0.0079133124482454,0.015192015,0.0018609505891799,1.4685411,0.442675769329071
0.0027994424543771,0.000410303762943,0.0006565216463059,0.0029266505095802,0.0294587823996097,0.0052857209151689,0.013422355,0.001988655142486,1.376068,0.4801377999782561
0.001517123923405,0.0002329386140962,0.0044118880759924,0.0024190547410398,0.0131736004194768,0.0026868055884893,0.011604489,0.0022947097569704,0.90603566,0.5795104891061781
0.0014817989342468,0.0002396452352985,0.011319980956614,0.0036671191267669,0.0154947750065529,0.0040957324423634,0.014042826,0.0033454454131424,1.2409418,0.5741218984127044
0.0004997882805372,0.0001128629830831,0.0006967912777327,0.00334552633376,0.0243425167019913,0.0038250891318071,0.011377323,0.0018389532342553,0.8341124,0.661645844578743
0.0016070850983663,0.0001733770760434,0.0082370638847351,0.002287761606276,0.0106855303487318,0.0024996185066537,0.014032241,0.0032985489070415,0.42883843,0.3838471099734306
0.0020720210407709,0.0004634888915682,0.0001540620287414,0.002460809256845,0.1033161193718861,0.014699070068484,0.010690549,0.0007227204367518,1.3191711,0.6175424754619598
0.0035374347476071,0.0005568034120201,0.0004064244421897,0.0028299256701666,0.0391767147657463,0.0064707105408289,0.012270354,0.001341245137155,1.3224092,0.4885390913486481
0.0019196743486516,0.000323139460318,0.0005016526265535,0.0026063104085187,0.0283075763580269,0.0045820878547525,0.013893111,0.0019205315038561,1.150669,0.572976834774017
0.0012125561074888,0.0001693080851588,0.016410406678915,0.0040056444704532,0.0144677236595389,0.0039928568182691,0.013236709,0.0032186040654778,0.45333582,0.4560534852743146
0.0003680404622061,9.724869375071344e-05,0.0118275890126824,0.0054593659006059,0.0174338807267975,0.0051413293211128,0.012884306,0.0032474170438945,0.8505617,0.6629748064279555
0.0148254552762932,0.0013560243450791,0.4337095469236374,0.0706965625286102,0.5555487344759027,0.1086723944659606,0.013388942,0.0014607973024249,0.16075005,0.1789902076125145
0.0091667090995387,0.0019219873443934,0.410849004983902,0.0735123151540756,0.5759890859948407,0.1856175848527239,0.019145114,0.0008914163336157,0.5562819,0.4570652937889097
0.0078120733151753,0.0017580253299405,0.1842171847820282,0.087058562785387,0.2188389749603969,0.118220204871002,0.015111793,0.0021331808716058,1.0650182,0.5866389816999431
0.0022673422108775,0.0002464483375094,0.0042405526619404,0.0047880377296678,0.0264968912550975,0.0058318233644895,0.01453035,0.0029389805160462,1.687974,0.3200301218032836
0.0019041795237872,0.0002922494116333,0.0148449018597602,0.0031867972202599,0.0131513860182794,0.0034881756569371,0.013863743,0.0030626659095287,0.93109316,0.5497518581151959
0.0057600857118646,0.0010515819596322,0.0334511250257492,0.0129887638613581,0.0750243482310032,0.0239066921695247,0.016151056,0.0018542302586138,0.83425903,0.4947648173570631
0.0063840945168247,0.0012448420076806,0.2245748937129974,0.0575302198529243,0.1399622364336392,0.080615008865042,0.015976232,0.0024314932525157,0.52753043,0.473976285457611
0.0058507753636059,0.0013221554661237,0.3894542455673218,0.1294236320257187,0.3585719314429374,0.2719122792437161,0.017702298,0.0021889168582856,0.5747472,0.5617649629712105
0.0002850943761188,5.764257827942467e-05,0.0006869943463243,0.000954013115006,0.0048213885169665,0.0008583903952333,0.012643801,0.0031126611866056,0.91630137,0.667122021317482
0.0002662370357744,6.412201848211775e-05,0.0032430840656161,0.0013580761733464,0.005767025527227,0.0012035198357596,0.013379573,0.0032347127236425,0.89905703,0.6681531071662903
0.0005496157264789,8.548878583462425e-05,0.0012904030736535,0.0015633325304224,0.0083396185940315,0.0013472552728116,0.011479606,0.0023795599117875,0.61677,0.5788123035430905
0.0006736445167835,9.968908524564e-05,0.0033314765896648,0.0010662323422729,0.0047589274153586,0.0009770559644636,0.013783323,0.0032908254116773,1.2311871,0.6029925346374512
0.0005070380232174,7.62254236764202e-05,0.0028787720948457,0.0007586893578991,0.0030677811759672,0.0006208380378417,0.013888402,0.003258688673377,0.8389509,0.6323318165540693
0.0009183468251192,0.0001529450092074,0.0026130939368158,0.0029199139244155,0.0133650544624936,0.0028532727117565,0.011840027,0.0027268449775874,1.0614173,0.631961464881897
0.0010621658441037,0.000201418992305,0.003692046739161,0.0055079821575054,0.0270742411004195,0.0064033490650919,0.0121101355,0.0028503291122615,1.33285,0.5954126417636871
0.0005260229091603,6.98553264576083e-05,0.0006686078268103,0.0006372527121857,0.002438123598792,0.0004720533994401,0.01288428,0.0032913318835198,1.3466526,0.5586102855205534
0.0007362616383818,9.263052309997936e-05,0.0016164778498932,0.000965916425921,0.0040968085648875,0.0008074034391845,0.01285442,0.0031383876502513,1.4618762,0.5170195400714874
0.0005974611175942,7.001789603106805e-05,0.0013817630242556,0.0007186043658293,0.0028220716178384,0.000592752482658,0.014977863,0.0034873876720666,1.6267622,0.3879953908920288
0.0007729041882683,0.0001286806330658,0.0001208637695526,0.0008033391081789,0.0102366378596242,0.0012605984612359,0.01400898,0.0022250923886895,0.90807295,0.6352865248918533
0.0010996503942499,0.0001080171569169,0.0035584027646109,0.0013370851892977,0.0063590664604156,0.0012956151206834,0.015019648,0.0031734285876154,1.6570641,0.3590461015701294
0.0009395439617496,0.0001508597716875,0.0002493468346074,0.0012163955916184,0.0135133217703854,0.0015733264706325,0.011155448,0.0014166142791509,0.75228167,0.6146859750151633
0.001244307683497,0.0002252133582583,0.0002232374390587,0.0019259707342189,0.0262436444438597,0.003340409432559,0.011726887,0.0014954330399632,0.6724296,0.5828211978077888
0.0014492672060163,0.0001998229163882,0.0110259251669049,0.0024266992695629,0.0105686113380576,0.0025478648135079,0.014676789,0.0032711615413427,0.6280104,0.504495426416397
0.001984875444757,0.0003466756364222,0.0055183349177241,0.0059050368447788,0.0285366159790665,0.0078056646016896,0.013538579,0.0030667963437736,1.3292516,0.5443115532398223
0.0009581925154304,0.0001481800319984,0.0156019055284559,0.0023312646895647,0.0070821571042083,0.0018137290802883,0.015150548,0.0033238423243165,1.3313388,0.5729411780834197
0.001512373818259,0.0001518903556053,0.0067628868855535,0.0046608205884695,0.0245406091006576,0.004697490530354,0.010867458,0.0012775622308254,0.2563653,0.2982852421700954
0.0004174438896399,6.372245876620449e-05,0.0021579973399639,0.0004785457276739,0.0016333539790097,0.0003466086285887,0.014790841,0.0034095355868339,0.9757882,0.6513877743482588
0.0005614018454939,7.874098144723674e-05,0.0019006975926458,0.0006201659562066,0.002641109999887,0.0005196785354017,0.013602096,0.0032422239333391,0.86998326,0.6392030036449432
0.0007665922746702,0.0001059211840836,0.0010916149476543,0.0011583100116695,0.0056080574009946,0.0010154469822742,0.012081546,0.002873745355755,0.99876606,0.620283454656601
0.0004133360247091,7.658238576375965e-05,0.0002326386165805,0.0008306865900794,0.0072044946419795,0.0009825294908469,0.012835054,0.0025324990041553,0.8989742,0.6600615084171295
0.0007334777055731,9.70712067245548e-05,0.0029434582684189,0.0008391971001401,0.0036509317986057,0.0007310531590342,0.013586603,0.0032043443247675,1.3014498,0.5774189937114715
0.0004276800309877,6.881526902182311e-05,0.0031832347158342,0.0010382559569552,0.004642079676509,0.0009427740329685,0.01360622,0.0032784106396138,0.6373226,0.5967073711752889
0.0010330948981209,0.0001439869678866,0.0043217339552938,0.0011697726137936,0.0054121337843322,0.0011354957317228,0.013543994,0.0032542368769645,0.8499689,0.5913977682590484
0.0005555414014449,9.31680713887788e-05,0.0058763101696968,0.0013938816264271,0.0054014744111584,0.001220317057141,0.014590138,0.0034011051245033,0.87388736,0.6448648869991302
0.0008162975739789,0.0001469035605841,0.0054888390004634,0.0039958671550266,0.015095288467226,0.0038872229786639,0.012802922,0.003206803202629,1.0642532,0.6442897170782089
0.0015129733258563,0.0002964462590221,0.0143645536154508,0.0147833171885577,0.0541835762281973,0.0170283900427775,0.014277091,0.0029296028241515,1.4705418,0.5243669891357423
0.0028557038845913,0.0005549215145555,0.0266666207462549,0.00677808560431,0.0272925509446771,0.0093123129132727,0.011988394,0.0026136338710784,0.93905085,0.5801025778055191
0.0014999547635118,0.0004021349555008,0.1368450373411178,0.0248671840131282,0.0007011110019586,0.0112304633521791,0.014545929,0.0034527934156358,0.85230416,0.6664633378386497
0.0002914312891988,5.058740819608842e-05,0.0008578207925893,0.0006043373091961,0.0020777192444867,0.0004393117938945,0.013616018,0.0034985747747123,0.7097589,0.6406681358814237
0.0006643091310875,8.269272477098139e-05,0.0006606131792068,0.0007590548360531,0.0038255854440215,0.0006092494021174,0.011776576,0.0024727974086999,1.3688619,0.558430094718933
0.0004073167288792,7.87713660052162e-05,0.0001947502678376,0.0008899684037169,0.0080602039378373,0.0010497263985631,0.012449045,0.0023315772041678,1.0553675,0.656854510307312
0.0006148952034818,9.13557317860649e-05,0.0029588143806904,0.001306554088369,0.0059499718931722,0.0012193809537193,0.012707224,0.00318543555215,0.6519526,0.5828854218125343
0.0012903356395547,0.0001626478556863,9.752023470355198e-05,0.000741714030355,0.0149947578189415,0.0015495056055155,0.014526117,0.0016036089509725,1.5351489,0.4449560642242431
0.001236627991493,0.0001136703365855,0.0078026470728218,0.0015102212782949,0.0063588699533251,0.0013743461171015,0.015341177,0.0031878665089607,1.7150896,0.302376320362091
0.0010163870899451,0.0001112619508049,0.0031602089293301,0.0014455998758785,0.0071955256418902,0.0014119699200841,0.012406438,0.002870663870126,0.40888837,0.4205210544168949
0.0014223001707383,0.0001677636858143,0.0115758222527801,0.0017848878912627,0.0066210485152916,0.0015927729497976,0.013125831,0.0031945244409143,0.5172249,0.4459465128183364
0.0004144702462857,8.316292450270108e-05,9.281404345529154e-05,0.0005893890777315,0.0078909660997725,0.0008569965567824,0.014048428,0.0022142943926155,1.4047959,0.5625297725200653
0.0008383855276123,0.0001052773879535,0.0029335864819586,0.0007671355409547,0.0033150975476665,0.0006881439807917,0.014223518,0.003419438842684,0.70994586,0.5597639754414558
0.0008368580269074,0.0001281623562945,0.0008184789330698,0.0026206894585811,0.0200536292498883,0.0027897508965049,0.010998118,0.0013527979515492,0.51249343,0.5188654467463494
0.0012642889808266,0.0001912262333047,0.0061094975098967,0.0031051989644765,0.0128570921246085,0.0032965279063379,0.015045015,0.0034450539387762,1.253108,0.5811668968200683
0.000723258638267,0.0001161285586718,0.0072416798211634,0.0017214866913855,0.0069564743185734,0.0015916733858662,0.014891498,0.0033691059798002,1.2979916,0.5965100228786469
0.000915049561205,0.0001300679428456,0.0039650548715144,0.0014072543708607,0.0066090457067368,0.00137994684023,0.013858644,0.0031910566613078,0.7701842,0.5976706296205521
0.0002392238175825,9.078941457384376e-05,0.0003857876290567,0.0022103890207745,0.0189028445264989,0.0027110813048833,0.013251342,0.0025255833566188,1.0867096,0.671752855181694
0.0006841765092623,8.920131804912015e-05,0.0009773520287126,0.0012088692737961,0.0062093967133955,0.0011079058373519,0.012761373,0.0029379450716078,1.5244215,0.478239893913269
5.674348944776676e-05,6.147302296666463e-05,0.0028231667820364,0.0022026257356628,0.0086343923281635,0.0018852698756369,0.0149404695,0.0033686570823192,1.0680842,0.6728362888097763
0.0009167854876533,0.0001344838615636,0.0022264837753027,0.0018429225019644,0.0081029168285201,0.0016996234835549,0.012506451,0.0032444535754621,0.8323338,0.6025252354145049
0.0008325507469469,0.0001337013294199,0.0059166096616536,0.0026613349327817,0.0108672473899197,0.0026559392310768,0.014382147,0.003427137248218,1.3414497,0.5738231062889096
0.0008389470170562,0.0001339434173508,0.0042860046960413,0.002582292035222,0.010461870181449,0.0025681634392964,0.013264172,0.0034140832722187,0.7706576,0.6132163438200945
0.0010600171173045,0.0002002642584735,0.0099749979563057,0.0069952219491824,0.0229959759901423,0.0070925451816393,0.014617547,0.0032858944870531,1.1730069,0.6345952302217484
0.0024627365831896,0.0003835909404788,0.0087598762474954,0.0042236426379531,0.0182228765937397,0.0057597637245588,0.014635284,0.0033885091170668,1.2407854,0.5115935695171356
0.0022819858403701,0.0003150141387815,0.0193562768399715,0.0037024179473519,0.014787792023014,0.0043550173635118,0.013235947,0.0033096740953624,0.56484985,0.4478313103318214
0.000654403041572,9.107510155018008e-05,0.0013097191695123,0.0008046332030789,0.0034321674569094,0.0006554084947662,0.012859037,0.0030872344411909,0.89839476,0.6487576335668563
0.0005460014591962,6.877100737287339e-05,0.0019133085152134,0.0004480087500996,0.001569461784586,0.0003249588745457,0.014091795,0.0032965963333845,0.67518723,0.5791497454047203
0.0004354098153707,6.437309169494564e-05,0.002650054055266,0.0008040351863019,0.0034220711045204,0.0007012828108757,0.013560852,0.0033328767307102,0.57943296,0.5594836938381195
0.0005662595226288,8.728243146874739e-05,0.0028034241404384,0.0010491862194612,0.0047555714398853,0.0009476888684239,0.013576315,0.0031734457612037,1.0101742,0.6581171602010727
0.000447161785716,8.25912455422685e-05,0.0015701157972216,0.001729017443431,0.0080137042217745,0.0015959670786397,0.012909919,0.0032459390349686,1.1179291,0.6615027618408204
0.0013411505643365,0.0001569679275756,0.0070331338793039,0.0015044840984046,0.0067438276400254,0.0014287535597957,0.016011907,0.0031459433957934,1.4636443,0.4685444915294647
0.0009580061276269,0.0001340901605233,0.0036208992823958,0.0012649815529584,0.0058473032671608,0.0012390796508931,0.013953119,0.0032972753979265,1.096287,0.5985850465297696
0.0008500619223558,0.00014145813314,0.00499600591138,0.0026169141056016,0.0104305338257913,0.0026392217627145,0.013979801,0.0035258292034268,0.99050194,0.6340448093414307
0.0007947331244503,0.0001464743057261,0.0065276983659714,0.0049278613296337,0.0172590397641868,0.0045524404774974,0.012249914,0.0028778468258678,0.83571374,0.644000465273857
0.0033600862856993,0.0004014856245861,0.0480228550732135,0.0139016618579626,0.0424983645201762,0.0158357062879018,0.013264807,0.002742701806128,0.27340662,0.3033014796674251
0.0011882765018619,0.0001921177490721,0.0116164041683077,0.0031625593453645,0.0128256535663001,0.0031747191170364,0.015424211,0.0032505593262612,1.2885294,0.5910229516029357
0.0009801944167723,0.0001625455735975,0.0103898653760552,0.0027996969874948,0.0112085380003432,0.0027223470527158,0.014603876,0.0033141446113586,1.2446234,0.6155637049674988
0.0004974495927187,8.554134420627954e-05,0.0008116873796097,0.0013090776699391,0.0076022723294926,0.0012428983656767,0.012106616,0.0026163831353187,1.3255174,0.6018262386322022
0.0005778444049746,8.973246307809337e-05,0.0040392307564616,0.0009334706701338,0.0038205195963465,0.0007982357768822,0.014362093,0.0032839719206094,1.1760553,0.6349169635772705
0.0008992725203825,0.0001513419367356,0.0017335616284981,0.0027266688894087,0.0145776203040184,0.0030210226840072,0.012239894,0.0029507772624492,0.81444174,0.6203855311870573
0.0006903576534351,9.728096529810636e-05,0.0031270002946257,0.0013936248328536,0.0063213082054981,0.0013655744647592,0.013499892,0.0033618086017668,0.6221384,0.5542517024278641
0.0001863145872449,6.826472830344485e-05,0.0082167172804474,0.001683891788125,0.0056472889308267,0.001318321433922,0.014868852,0.0033370097540318,1.028,0.6746344685554504
0.0011255535709322,0.0001798953100615,0.0093170762993395,0.0021350080985575,0.0088097422506584,0.0021236325374962,0.013719583,0.003349376451224,0.9780774,0.6145593076944351
0.0006417745305085,6.946674304579657e-05,0.0011221434106118,0.0006873358506709,0.002744971201771,0.000509377849997,0.012540152,0.0028021724708378,1.68627,0.3544597625732422
0.0004201623552628,6.601922193534495e-05,0.0010024029761552,0.0009474217877141,0.0039965562694172,0.0007821212246691,0.012816027,0.0033683250658214,0.79862744,0.6429706811904907
0.0014268565288975,0.0002620534158823,0.0249652415513992,0.005979908183217,0.0188259173443644,0.0058089290369238,0.014805531,0.0032743722572922,1.0137084,0.6237831264734268
0.000517547896459,8.397061057319947e-05,0.0008786534308455,0.0012142469998434,0.0065690744079635,0.0010892303283952,0.011763983,0.00256132427603,1.1514685,0.6335594654083252
0.0004610766662423,6.370861145928576e-05,0.0019154682522639,0.000502731394954,0.0018632753896118,0.0003885633975755,0.01466568,0.0033987463638186,1.4994727,0.5069049644470214
0.0005328267195058,8.440706436148608e-05,0.0039170933887362,0.0011541515355929,0.0050203681776957,0.0010332515320606,0.013987824,0.0032756202854216,0.76408356,0.6315190395712853
0.0003809202646793,7.196064167515055e-05,0.0032090449240058,0.0009298205934464,0.0038809770610354,0.0008019101193277,0.0143938195,0.0033015413582324,1.1488103,0.6554387211799622
0.0013709515695305,0.0001161715350696,0.0048199975863099,0.0012052609818056,0.0059150974415398,0.0011850855819541,0.01295815,0.0030052429065108,0.3509695,0.3301311764121055
0.001054912765353,0.0001613951239666,0.0045418324880301,0.0020100377732887,0.010189887267182,0.0020666587980549,0.012187226,0.0026908013969659,0.8135259,0.5953494161367416
0.001230937379914,0.0002105694431746,0.0017683893674984,0.0037658159527563,0.0219790173127797,0.0046541596870218,0.011488401,0.0026196805760264,1.3563601,0.5727035701274872
0.0009361446807277,0.0001495654886035,0.0057982678990811,0.0025567639525979,0.0109468981789953,0.0026171610781316,0.015229068,0.0034366087056696,1.2035891,0.6095541167259215
0.0018956452734757,0.0002883876313635,0.009907403960824,0.0031027526129037,0.0140974835771841,0.0037198906456081,0.01429208,0.0032482793182134,0.8672189,0.5432778459787369
0.0030344611303771,0.0004234009800714,0.0060562016442418,0.0061723280741716,0.0337336526818315,0.0085757103669481,0.01436573,0.0026570581831038,1.527485,0.4154115915298462
0.0034638395969065,0.0005362108062125,0.0317252464592456,0.0153694090619683,0.0581274723771965,0.0199063135755675,0.0144270975,0.0026308091543614,1.5744239,0.4220015454292297
0.0008490377704501,0.0001074975312283,0.0034333952935412,0.0007011024281382,0.0027109241333621,0.0005633690226709,0.014563343,0.0033516161143779,1.2282351,0.5885316729545593
0.0011658574914599,9.12920629963065e-05,0.0028997773770242,0.000487387413159,0.0017957825833901,0.0003674256441223,0.015032206,0.0033300635777413,1.6360972,0.3450159907341004
0.0001918831979441,6.414855859701281e-05,0.0029383103828877,0.0014225700101815,0.0059061201049436,0.0012335155796161,0.013143877,0.0030926071107387,1.0725678,0.674393355846405
0.0003960475663761,7.203290328331021e-05,8.859275112627074e-05,0.0006038027240356,0.0079893411908017,0.0008270977956735,0.01197992,0.0019882507249712,0.60745037,0.5888089811801911
0.0012744432441874,0.0001997513092541,0.0014531696215271,0.0022235459788498,0.0173376452392793,0.0023533587442183,0.010608342,0.0009788902476429,0.7056798,0.575059786438942
0.0010259282550915,0.0001360434648478,0.0063986512832343,0.0011722270864993,0.0046105481780062,0.0010136445290794,0.014695961,0.0033476503565907,0.7010729,0.5512722027301789
0.0016338406309258,0.0002526801125274,0.0132338558323681,0.0026621725410223,0.0106692965450681,0.002760791747283,0.014846429,0.0033128042146563,0.895102,0.5706322854757309
0.001107493724283,0.0002033866524016,0.0003393993829376,0.0023325645586282,0.0241491705433775,0.003285659720361,0.011310552,0.0014710356481373,1.0835668,0.6416895228624342
0.0003665494632948,6.161461483997037e-05,0.0004234191437717,0.0007213106860035,0.0042485267530936,0.0005977209621852,0.011503248,0.002217797897756,0.85623956,0.659216433763504
0.0007938885311761,9.477342859066842e-05,0.0034033928532153,0.0006962832994759,0.0027984493379884,0.0005692623415485,0.0145345,0.0032851843349635,1.4291786,0.5158925759792328
0.0076635542348565,0.0014287072494162,0.0033077283296734,0.0140289451720673,0.1598383409462116,0.0341726677573186,0.013557531,0.0007924027740955,1.3187736,0.5038762390613556
0.0004887051587821,7.326070020760274e-05,0.0025960956700146,0.0007645356818102,0.0031985474452793,0.0006751490177465,0.013815154,0.0035004890337586,0.7701266,0.6164461940526963
0.000774339033439,0.0001133197292556,0.0045565171167254,0.0012634663330391,0.0056502775915798,0.0012052694130086,0.014426401,0.0033168199285864,0.82675725,0.6102306079864502
0.0001295296670889,8.956388710142853e-05,0.0034886258654296,0.0038431963981565,0.0160360694666398,0.0036317201575734,0.013323409,0.003258854150772,1.0611206,0.6828187108039856
0.0008332289254915,0.0001541105617697,0.0020926764700561,0.0034075446628776,0.0189536061985399,0.0038141897980855,0.012151826,0.0025652381591498,1.1498224,0.6347463577985764
0.0009370619629027,0.0001370751445018,0.0099159060046076,0.0027918381430208,0.0114282285994529,0.0026128985612572,0.015521783,0.003087238445878,1.4886937,0.4954377174377441
0.0020377467621779,0.0002575947174763,0.0002363864332437,0.002031358542481,0.0267113044307097,0.0035263575941533,0.011980184,0.0015961276739835,1.585089,0.3984768939018249
0.0005876911315227,0.000101778138444,0.0004222044954076,0.0012499315171226,0.0091353645601828,0.001426199377614,0.011976697,0.002580213304609,0.96839684,0.6569412648677826
0.0006781247944024,0.0001345722994487,7.502573862439021e-05,0.0006317343313639,0.0199041793963701,0.0017453180321134,0.014256777,0.0016873390227556,0.93738,0.649753987789154
0.0008838141592968,0.0001094741112979,0.0062518161721527,0.0010877538006752,0.0043220132157448,0.0008878835344058,0.015717559,0.0031441871635615,1.4899119,0.4767203438282013
0.0010953943103246,0.0001587296468259,0.0078841689974069,0.00140519246459,0.0053845878916053,0.001225965910273,0.015127302,0.0033535709418356,0.94171226,0.5949768871068954
0.0015404381522285,0.0001615331921293,0.0171287786215543,0.0031154103018343,0.0135990577398038,0.0028711402620104,0.016634177,0.0027329954504966,1.6711344,0.3380317139625548
0.0011081259283847,0.0001313953728395,0.0071971421130001,0.0015163354761898,0.0063946329883056,0.0014245612218162,0.015043801,0.0033203191123902,1.5430477,0.4425260579586029
0.0005418718000711,8.637660992837255e-05,0.0031944297952577,0.0011784140160307,0.0049305150367935,0.0010793596905009,0.013657261,0.0035007973387837,0.85423726,0.6505707788467407
0.0013614442766955,0.0001478973629448,0.0045704911462962,0.0014502959093078,0.0071775425606723,0.0014612603899679,0.015448992,0.0030632914602756,1.503872,0.4408090114593506
0.0011590978190211,0.0001897688322931,0.0055862546432763,0.0028493659337982,0.0126648785598425,0.003094331180605,0.012776144,0.0032660118304193,0.90884143,0.6118296980857849
0.0010423206256304,0.0001573187477333,0.0012426393805071,0.0028266906479075,0.0197811538516569,0.0034099049289679,0.013870869,0.0026617782376706,1.4896816,0.4949026107788086
0.0010265459993096,0.000164837099037,0.0040115262381732,0.0041014491762325,0.016959404701251,0.0042551949422572,0.01273432,0.003311975505203,1.4474874,0.530431501865387
0.0003643785327698,7.68832826423232e-05,0.0050346690695732,0.0013625506265088,0.0055985188288789,0.0011633505905849,0.0153440535,0.0031935207545757,1.2983857,0.622067883014679
0.001593263058143,0.0002518785617002,0.0004145933926338,0.0019642585827477,0.0181815346924924,0.003070732130251,0.01204494,0.0021242344751954,1.215029,0.5778414011001587
0.0007551180618175,0.0001241836519489,0.0054322336800396,0.0020926392171531,0.0089481501012968,0.002065978989948,0.014144461,0.0033502005599439,1.1653574,0.6262140196561814
0.0008343225123802,0.0001341756039696,0.0078138625249266,0.0021428251639008,0.008711988759217,0.0020054966587021,0.014387246,0.0032457867637276,1.229315,0.6126515662670136
0.0015486771361646,0.0003215434545878,0.0026541657280176,0.0068698837385454,0.0420120918372727,0.009696583940223,0.011961089,0.0021477365121245,1.1811001,0.631692349910736
0.0012682560069529,0.0001826362212024,0.0079513201490044,0.0016301666665822,0.0068184639610412,0.0015658370400403,0.014453435,0.0033581599034369,0.8706224,0.5826076120138168
0.0018865793135136,0.0002326440628902,0.0053711435757577,0.0027969436487182,0.0138690985217024,0.0034359940950576,0.012771761,0.0030009373277425,0.52414733,0.4234224385023117
0.0021742553121667,0.0002499591547427,0.0110720908269286,0.001563884653151,0.0062214372245273,0.0014580045619199,0.015088429,0.0031763205491006,0.8443616,0.4531211107969284
0.0005771726135159,7.637729954859868e-05,0.0022185365669429,0.0005169549514539,0.0019014300751779,0.0003865888038189,0.014322158,0.0032918052747845,1.1330949,0.6280597364902496
0.0001744300370243,6.09201061744372e-05,0.0043481066823005,0.0011004465352743,0.0041560495774341,0.0009062748242024,0.01455801,0.0034471845626831,1.0727433,0.6718905866146088
0.0003898735152264,7.649576121895375e-05,0.0049645476974546,0.0011529054539278,0.0046635427868094,0.0009877494816422,0.015448717,0.0033282965235412,1.1317506,0.6563195824623106
0.0003667186136323,8.890527394644736e-05,0.0020592865766957,0.0029494439131667,0.0143962439027783,0.0029026962787122,0.012338518,0.0030247328802943,1.0957502,0.6621709978580473
0.0010487688014049,0.0001599788396423,0.0042419752571731,0.00244564040564,0.0111527557018602,0.0024906976040934,0.012405269,0.0029596038907766,1.29463,0.5806124079227446
0.001242648329443,0.0001518748219759,0.0066982866264879,0.0024583527632057,0.0113603965667554,0.0025864279505701,0.01449175,0.0032859049178659,1.5762267,0.4196414303779602
0.0015788050562432,0.000263410653479,0.0006686876877211,0.0025070399187825,0.0214639305801192,0.0038454727153534,0.013376955,0.0023316842503845,1.1602204,0.5832880735397339
0.002970448615961,0.0007703047937179,0.1806769520044326,0.0656990458071231,0.0491365182439189,0.0656766804964442,0.0149479415,0.0031480551697313,0.9380406,0.6474859470129012
0.0014525194834265,0.000179216423132,0.0085615185089409,0.0022489272523671,0.0101228353857291,0.002333108946499,0.013061823,0.0030937556922435,0.528549,0.4546714127063751
0.0003001593934021,6.074529962638345e-05,0.0005741468048654,0.0008257098679678,0.0042127323970386,0.0007345690345539,0.012967556,0.0030846497975289,1.2241251,0.6403230720758437
0.0008674892262307,0.0001104204711304,0.0002047574525931,0.000815542854234,0.0069753470267766,0.0010094170916397,0.012394924,0.0024346960708498,1.4628354,0.4958643233776092
0.0007183302192618,0.0001260422219488,0.0004784173797816,0.0015139951389937,0.0112924561909395,0.0018818406191726,0.013148533,0.002890232168138,1.0349653,0.6600203704833985
0.0007303976916164,0.0001142902010136,0.0016663463320583,0.0018342752700846,0.0085821072661719,0.0017221429768308,0.012462881,0.0032217289879918,1.0212784,0.6421500593423843
0.0012372533272358,0.0001509983714022,0.0060044305864721,0.0011942989658564,0.0051442967804082,0.0010963890696359,0.015400259,0.0031777378171682,1.3322997,0.5231087064743042
0.0010306923616947,0.0001390184960582,0.004331424832344,0.0013941454235464,0.0066867790825336,0.0013867822208096,0.014975377,0.0031923552602529,1.282046,0.5633863008022308
0.0012615982335577,0.0001702421819325,0.0078000258654356,0.0013621693197637,0.005395159771068,0.0012049774965681,0.015095996,0.0033149643056094,1.1567149,0.5652492344379425
0.0010391594835528,0.0001432496249285,0.0089226174168288,0.0027752900496125,0.0122232903407939,0.0028334042885548,0.01279043,0.0031199140846729,0.48091447,0.4714631363749504
0.0004875973060065,7.43561939934793e-05,0.0022364032920449,0.0007529504573903,0.0031786479204457,0.0006445542283941,0.014064674,0.0032984011434018,1.3626287,0.5789422690868378
0.0031051160558307,0.0007438752080542,0.0247516809031367,0.0123968422412872,0.048260318702842,0.0194082653236274,0.013362044,0.0028157046437263,0.8937789,0.6344248801469803
0.0005931814208552,0.0001288018925052,0.0001217623757838,0.0012080570061243,0.0225373411285106,0.0022322444103165,0.013911262,0.0018732753582298,1.0559407,0.6685376763343811
0.0003087675601197,6.35930126589863e-05,0.0006555888394359,0.0011844321684293,0.0067592475127948,0.0011626688608466,0.012078647,0.0030276503041386,0.78341955,0.6537107154726982
0.0003389308194166,7.44220666454526e-05,0.0037994041340425,0.0015044359024614,0.0062230535325306,0.0013523091268391,0.014393374,0.0033163125626742,1.119722,0.6712140738964081
0.0006093164539443,0.0001097931178807,0.0033055280800908,0.0025156497326679,0.0106483594906536,0.0022908831910345,0.012083005,0.0028643128462135,0.9795772,0.6606744277477263
0.0011827890470234,0.0001230983491404,0.0025392964016646,0.001370704267174,0.006648836023479,0.0013799917810292,0.013019451,0.0031541035510599,0.4707004,0.4247011989355087
0.0013904656159749,0.000133474966396,0.0065473103895783,0.0018202324956655,0.0097658991526835,0.0017299406849129,0.016752252,0.0026305899955332,1.6706202,0.3347253513336181
0.0016807832447893,0.0002665321420607,0.0085600260645151,0.0041889044642448,0.0170321330893988,0.0048734987155039,0.014448939,0.0033958867564797,1.3065623,0.552733587026596
0.0004518867027399,8.292119137554119e-05,0.004875517450273,0.0013424642384052,0.0055303272936258,0.0012193308894576,0.015007524,0.0034831885620951,1.0652786,0.6578451842069626
0.0005312957005343,8.238165833411755e-05,0.0032803543144837,0.0008353691082447,0.003312761447509,0.0006908102364899,0.013362528,0.0033135193586349,0.8764682,0.6450404852628708
0.0009373501882866,0.0001038614252177,0.0030274000018835,0.0009248840622603,0.0043732821105943,0.0008529232008949,0.013545086,0.0030566421151161,1.5309157,0.454541163444519
0.0010533652226616,0.0001149251998295,0.0072908422444015,0.0012483475729823,0.005000700003265,0.0010568118497052,0.015706405,0.0031498321332037,1.6091676,0.4023358678817749
0.0024987917053487,0.000506460243476,0.0078711817041039,0.0083933396058273,0.0380716177596385,0.0119532558969778,0.01151355,0.0020507499575614,0.57382035,0.5471329149603843
0.0007093366852749,0.0001457628050235,0.0012623113580048,0.0038250470642378,0.0256796414754907,0.0045405646234444,0.01366623,0.0026294053345918,1.1420379,0.6531511670351026
0.0010293494578519,0.0001642732010088,9.144519935944118e-05,0.0008470041493637,0.0239688658268869,0.0021466638513429,0.012479627,0.0014911969937384,0.5192339,0.5068685039877892
0.0007254797967658,0.0001196060975591,0.0050897519104182,0.0026011276058852,0.0107728109438623,0.0026451023662136,0.013729208,0.0034251813776791,0.7132407,0.6095294415950775
0.0017315215776712,0.0001736345446229,0.0068593611940741,0.0015358166117221,0.0082397538742619,0.0015327355814039,0.016617153,0.0026903096400201,1.5431817,0.4027022218704223
0.0009750024251218,0.0001506078242826,0.008748173713684,0.0030836646910756,0.0136742612768974,0.0030691432766013,0.012069913,0.0026498842798173,0.56566185,0.53957538574934
0.0006739951931748,9.74521766962538e-05,0.0034838325809687,0.000871109268628,0.0036822534738964,0.0007771162346545,0.0148750665,0.0034350701607763,1.186656,0.6190144741535186
0.0006775708055039,8.00458760954676e-05,0.0002558340638643,0.0007592023931192,0.0072374329881968,0.0007294643802411,0.011050807,0.0014347020164132,0.4610725,0.4627865627408027
0.0010744384866784,0.0001800083667701,0.0054569432977586,0.0043341649579815,0.0160925707389708,0.0041926471395268,0.013085478,0.0032249270007014,1.2228286,0.6002836227416992
0.0008674404372554,0.0001543304032789,0.003650777041912,0.0039170787352486,0.0162857097922735,0.0038797551969105,0.012169506,0.0030945581197738,1.1997364,0.6317300498485565
0.0017290337045311,0.0003103761123885,0.0001015626476146,0.000968333425817,0.0314075760103164,0.0036065850473537,0.012661461,0.0013145462609827,1.0765564,0.6066043376922607
0.0008810551292224,0.0001982268470853,0.0340391509234905,0.0281608057813718,0.0404995263750888,0.0258410979994157,0.011236182,0.0022876537404954,0.6281061,0.600625105202198
0.0005862605037812,7.771101736010885e-05,0.001827968575526,0.0004907256225124,0.0017951238835649,0.0003735106617767,0.014684268,0.0034611120261251,0.96120596,0.6378421485424042
0.0005409754226307,7.65941903264622e-05,0.00193949585082,0.0006840938003733,0.0028781992162075,0.0005713861695758,0.013264051,0.0032526886835694,0.7851834,0.6363900482654569
0.0009095578001948,0.0001254434261905,0.005168505012989,0.0011737084481865,0.0048491986263834,0.0010511387442136,0.015016575,0.0033273047022521,1.2693899,0.5859074568748475
0.0007758721798974,7.829614125767271e-05,0.0037294765934348,0.0008678128011524,0.0036646385838328,0.0007676763859619,0.013728352,0.0034147421829402,0.36887217,0.3949065455794334
0.0007507416104931,0.0001280527035699,0.0058052588719874,0.0029444170650094,0.0113286839377762,0.0028755670361396,0.013757995,0.0034216958284378,1.3237594,0.6048524975776672
0.0009078692968514,0.0001272490845512,0.008461401797831,0.0013627553172409,0.0051322471318846,0.0010888128375613,0.015866699,0.0031120376661419,1.3407916,0.5569815039634705
0.0003002289199245,6.080061578441301e-05,0.0026369276456534,0.0007769493595696,0.0032936537464313,0.0006535190007167,0.014352407,0.0032707460224628,0.97124773,0.6646396964788437
0.0006263161929831,8.909017245936298e-05,0.0012584455544129,0.0009730375924846,0.0043675216045171,0.000797216287287,0.012312068,0.0029533926397562,0.84943634,0.6157163721323012
0.001046081416815,0.0001432800806991,0.001247779931873,0.0014353796304931,0.0074531345457377,0.0013507744078775,0.011823919,0.0026736512221395,0.9692861,0.5994041115045547
0.000705786040498,9.927934085172236e-05,0.00369135546498,0.0009039992000907,0.0037772955787128,0.0007903580700407,0.01402021,0.0033475530706345,0.85041255,0.6253113001585007
0.0014259377766594,0.0002392109781477,0.0007263855659402,0.0023213734951241,0.0182030396988112,0.0032236641247517,0.011499017,0.0020364513434469,0.919544,0.5907298821210857
0.0013288537996887,0.0001701959233413,0.0052773444913327,0.0016778874909505,0.0078216358174272,0.0017687386848977,0.014273949,0.0033371883071959,1.3750993,0.515627419948578
0.0004154015166805,7.936004696939593e-05,0.0038901024963706,0.0023538455669768,0.0091085046755388,0.0022018582081866,0.013536603,0.0034845517948269,0.7181618,0.631328210234642
0.0010733297519044,0.0001232277512897,0.0040223579853773,0.0014166453620418,0.006642936803119,0.0014394756662209,0.013695111,0.0033722307160496,0.48990053,0.4438026696443558
0.0013781658529603,0.0001926320684515,0.0045803477987647,0.0021288401912897,0.0092308958236486,0.0023217623449989,0.014566563,0.0035620359703898,1.1164888,0.5612396597862244
0.0013767016104927,0.0001495995769185,0.0072362155187875,0.0013241567648947,0.005422663915153,0.0012805500167542,0.014531124,0.003565361443907,0.4920429,0.4308338510990143
0.0010513760429597,0.0002040296863157,0.0001231404094141,0.0013761821644493,0.0349443327619653,0.0035361266874904,0.014335652,0.0016890358738601,0.8723348,0.6367246669530865
0.0006184895957627,8.695505217738643e-05,0.002943025319837,0.0011239405721426,0.0047967830766396,0.0010287555246048,0.01455911,0.0034032442234456,1.4936869,0.5144588458538055
0.0004795788288537,8.903876542589242e-05,0.0049077421426773,0.0015508115198463,0.006460744545453,0.0014244647031306,0.015069981,0.0034391870722174,1.3664068,0.5900461375713348
0.0013658056522335,0.0001628748465807,0.0024067440535873,0.0013095315801911,0.0063740465047116,0.0013218315810303,0.0130052455,0.0032216098718345,1.2965937,0.5175861632823943
0.0008846909794087,0.0001253638516568,0.006964843487367,0.0015468398015946,0.0062467980937089,0.0013802466817358,0.015206166,0.0032989432290196,1.3487548,0.558812826871872
0.0026453303430049,0.0004218549951587,0.0522204414010047,0.0144356384128332,0.0404495606889554,0.0144332350508489,0.015942153,0.0027685895375907,1.4985675,0.4706163358688354
0.0010181090355794,0.0001267029914045,0.0094775641337037,0.0017226228956133,0.0064694092466095,0.0015164969428527,0.01376973,0.0032783902809023,0.47781593,0.4687133952975273
0.000505678814544,0.0001052129713332,0.0068912985734641,0.0032589548500254,0.0127839130409106,0.0031440546361176,0.013427535,0.0033703453838825,0.95226866,0.6673789024353027
0.0015568867286762,0.0002316836960185,0.0095693883486092,0.0024187184683978,0.0105513608143993,0.0025967226572261,0.0143097695,0.003274826798588,1.1173518,0.5678207898139953
0.0003693219331373,7.3226113185986e-05,0.0039550955407321,0.0011656072316691,0.004916401164403,0.0010536646601997,0.015009004,0.0034075044095516,1.0848312,0.6671436673402785
0.0007498230227151,0.0001187207906074,0.0087601528503,0.0022003680933266,0.0091262179607196,0.0020251922684877,0.015372519,0.0031556701287627,1.4557345,0.5235415637493134
0.0004530243210199,0.0001045250514162,0.0087444959208369,0.0038837741594761,0.0144116139931707,0.0037053122737319,0.014862449,0.0034239650703966,1.1768236,0.6611988884210585
0.00082781597785,0.0001172721979731,0.0028844545595347,0.002586986112874,0.0136048885375978,0.0022384683032627,0.01098541,0.0016682092100381,0.49878237,0.5010126754641533
0.0013983213130327,0.0001907748688775,0.0086280633695423,0.0015504364855587,0.006238411707907,0.001440997588223,0.014400494,0.0032764125801622,1.1338955,0.5594448745250702
0.0015527281657163,0.000273887790938,0.008768156170845,0.0042805757839232,0.0186124532817751,0.0051891369862473,0.014103768,0.0033229462057352,1.0472353,0.6034930586814881
0.0006529122740395,8.413990206886123e-05,0.0027697586920112,0.0005478498060256,0.0019828686200873,0.0004109622133364,0.014844181,0.0033498606085777,1.3121041,0.586771354675293
0.004178318165401,0.0007278260529388,0.0770346671342849,0.0141735412180423,0.039633087971983,0.0153946573779746,0.015667306,0.0028371841460466,0.6023785,0.4663518130779265
0.0007073721453329,0.0001360489008577,7.697525143157691e-05,0.0006991887609638,0.0159324566688744,0.0015284065462421,0.012720715,0.0016645728610455,0.8969083,0.6609614419937133
0.0014575221967055,0.0001156052414661,0.0051418896764516,0.0015050198417156,0.007406574443449,0.0015188015300514,0.015466444,0.003146135713905,1.7605555,0.261090784072876
0.0007569022011781,0.0001445321700013,0.0102073564194142,0.0051929532783105,0.0169513080896789,0.005245132306141,0.014379635,0.0035264837555587,1.261955,0.6291239261627197
0.0002703194978842,7.971465210877414e-05,0.0010654648649506,0.0022174753562103,0.0126158936834213,0.0022830885325148,0.012667587,0.0030047147907316,1.1758217,0.6524173754453659
0.0001799395177131,6.465848464700936e-05,0.0008880457025952,0.0015271473671418,0.0085059310414735,0.0014835250439038,0.012313388,0.0029367827065289,1.0568782,0.6706860983371732
0.0012050799173923,0.0001839357279745,9.583318023942412e-05,0.000810138851084,0.0117338895138241,0.0014992911030532,0.012877604,0.0019037520512938,0.75331104,0.575746206641197
0.0003789091804649,9.47427981001336e-05,0.0030760877998545,0.0038235890497162,0.0169426219796436,0.0037768193093243,0.013123609,0.0031419746018946,1.0849011,0.6722499400377273
0.0011843755172279,0.0001643481077005,0.0062538397032767,0.0027542098192498,0.0120751182569656,0.0029758393060709,0.013634382,0.0032200099341571,0.59681565,0.5042248818278313
0.000791472811224,0.0001489730664706,0.0100547457113862,0.0042994039226323,0.0155814524949817,0.0043035841212461,0.014362326,0.0034244347549974,1.1087497,0.6532408744096756
0.0005686841994955,8.619846498141926e-05,0.0009609959670342,0.001255528773072,0.0068003007879208,0.0012432790994433,0.013418549,0.0031299451366066,1.4568628,0.5184633243083954
0.0040506333900634,0.0008795485226658,0.064225822687149,0.0468140670564025,0.1761343449012116,0.0664789974918742,0.017813105,0.0014888290315866,0.7847251,0.5793053358793259
0.0007947264897312,0.0001103254738491,0.0029756202129647,0.0011096897511743,0.0053996868186982,0.0010332199460626,0.012822724,0.0029385425150394,0.7209544,0.5918827098608015
0.0014279902778276,0.0001588272936311,0.0050674378871917,0.0016967139393091,0.0082632248455051,0.0017926989582873,0.01529461,0.0032068283483386,1.5084136,0.4423519074916839
0.0011253338647043,0.0001514029822347,0.0069672125391662,0.0010500732902437,0.0037161107640189,0.0008400198787929,0.015327368,0.0033531385660171,1.1082084,0.5800013804435729
0.001245502902462,0.0001778699545768,0.0062764696776866,0.0025978716323152,0.012786269009617,0.0027179213825089,0.011933818,0.0025564027018845,0.5800557,0.5099927186965942
0.0016903242278966,0.000280053810095,0.0116853276267647,0.0035531022306531,0.0180347191153985,0.0040415487522245,0.01637347,0.0027772826142609,1.0578012,0.5954377627372741
0.0007688150539951,8.350624488931424e-05,0.0028565591201186,0.0005674976948648,0.0021796763387473,0.0004445358470697,0.015191935,0.0033287020772695,1.537327,0.4542120134830474
0.0003603512449577,6.659970415043184e-05,0.001677040127106,0.0009959526942111,0.0038301807433336,0.0008102729899055,0.013167123,0.0032418183982372,1.1040218,0.6617894542217254
0.0007627074902391,0.0001126556639876,0.0061905123293399,0.001070458209142,0.003862827302065,0.0008498596602933,0.014995674,0.0033628609962761,1.2070413,0.6100399482250213
0.0007832181772658,0.000126972200957,0.0042792537715286,0.002217017346993,0.0089813646313155,0.0021689007822073,0.014540545,0.0035469752177596,0.9782143,0.6485415709018707
0.0006809113791035,0.0001150693313208,0.011281322222203,0.001832422632724,0.0060073390792128,0.0014727822329852,0.014620393,0.0034583956003189,0.83120173,0.6352856814861297
0.0048575396520129,0.0007140281949752,0.0646890923380851,0.0163928928226232,0.0661035717477881,0.0208896316702188,0.01656853,0.0021584569476544,0.47904128,0.3946054652333259
0.0011592168266258,0.0001908025458394,0.0040248066652566,0.0031905703293159,0.0134909132175641,0.0032612784035041,0.013060966,0.003362022396177,0.89698064,0.6156169712543488
0.0009817700545976,0.00012438284226,0.0036536091938614,0.0009677687194198,0.0042985053339089,0.0009127291959727,0.014471078,0.0034031057730317,1.2990332,0.5488953793048859
0.0010723312143004,0.0001324750118789,0.004544595722109,0.0013064633309841,0.0060574766193196,0.0012730648826283,0.013603946,0.0032449934259057,1.4393016,0.5035174787044525
0.0001735374978511,7.392266929696543e-05,0.0024780181702226,0.0026825721088243,0.0112217929785812,0.0023475767703535,0.012052732,0.0028339145518839,1.0100397,0.6765427440404892
0.00120888901534,0.0001441426700223,0.005134011618793,0.0012525008665397,0.0055089395093777,0.0012155577863438,0.014741782,0.0033750581368803,1.4240403,0.4987421703338622
0.0006913175915361,0.0001181400180225,0.0069928634911775,0.0023501983378082,0.009827736315343,0.0022764069462073,0.014678455,0.003299254309386,0.98182833,0.6499962937831879
0.0009780288940275,0.0001252696569547,0.0080164251849055,0.0010382052138447,0.0030934161670837,0.0007106307579491,0.015173034,0.0032947003282606,1.3670095,0.530756914615631
0.0011343402672698,0.0001257895745305,0.0105117517523467,0.0018083410337567,0.0068617239082979,0.0016149284203361,0.014307327,0.0032728556543588,0.4154359,0.4097811877727508
0.0006959490378362,8.644952125502411e-05,0.0015565215144306,0.0010688119754195,0.0045054613133376,0.0009411418561612,0.013060292,0.0034722122363746,0.5638907,0.5205808207392693
0.0008954959724136,0.0001161309422198,0.0018509564688429,0.0009849270095583,0.0047103352966288,0.0009245982094053,0.013106764,0.0032285812869668,1.2611529,0.57695605635643
0.0050294922678035,0.0009241220209448,0.0068931318819522,0.0116734145003283,0.0842726958300368,0.0219446139256517,0.013148101,0.0014041718095541,1.4749764,0.5027449786663055
0.0004057079599111,9.041561617762124e-05,0.0001579850650159,0.0010034707718386,0.0112949057035938,0.001355123745384,0.014058642,0.0022370582446455,1.2145512,0.6465645360946655
0.0008971261678964,0.0001146068389033,0.0036527939373627,0.001001831847243,0.004470307918905,0.0009455988531105,0.014262792,0.0033979112654924,0.67678714,0.5487877690792083
0.0017410877990474,0.0001583033492187,0.0064068376086652,0.001460296716541,0.006778714377632,0.0014547767551494,0.0155297145,0.0031727187149226,1.5998373,0.360187485218048
0.0015514257600055,0.0002361021425361,0.0032014477765187,0.0043257028692096,0.0246333432231583,0.0054097619727672,0.014061662,0.002966540325433,1.4886221,0.4904965162277221
0.001177057379327,0.0001989745118597,0.0147930271923542,0.003188245575875,0.0116989935172464,0.0030119851481087,0.0147692,0.0033147858083248,1.0020761,0.6251837587356566
0.0008348344600122,0.0001374667558732,0.0097256330773234,0.0026567404344677,0.0104190768957664,0.0025521184329756,0.013782065,0.0033550853841006,0.72784036,0.6061084926128385
0.0004897024271091,7.831617547621791e-05,0.0020825006067752,0.0010159036610275,0.0042182406129221,0.000896354675875,0.013828417,0.0033892730996012,1.136945,0.6522427761554718
0.000568921164328,8.218887570160581e-05,0.0030344899278134,0.0009013595990836,0.0039465070893909,0.0008017985140471,0.014399129,0.0032809739559888,1.4490482,0.5173477447032928
0.0006976042669892,8.706086725447171e-05,0.0020739110186696,0.0007246497552841,0.0034436379244371,0.0006212715260803,0.012578296,0.0028669820912182,0.6335476,0.5501009672880173
0.0011852707459986,0.0002061942771219,0.0027688997797667,0.0036663565818162,0.0182221554451467,0.0041629541279491,0.012344881,0.0031030857935547,0.8353178,0.615958723425865
0.0036112350270085,0.0003844358172353,0.0397634413093328,0.0059923213720321,0.0203769839619855,0.0057589392281822,0.015713472,0.0029286549612879,1.6344751,0.3401544976234436
0.0010212475968169,0.0001298026914741,0.004715422168374,0.002189310551621,0.0091163238380011,0.0022126491841315,0.014666464,0.0034543735533952,1.5181134,0.4664406180381775
0.0023649920238185,0.0002867871878837,0.0071042329072952,0.0033784250263124,0.0160747096329616,0.004161654566174,0.015517269,0.0031916584447026,1.4628937,0.4259086441993713
0.0008170365543459,0.0001066330823419,0.000973425747361,0.0014717550225395,0.0086769092118201,0.0014047509217364,0.011430303,0.0024294038303196,0.57143676,0.5137611404061317
0.0009691242589752,0.0001387832736331,0.0076409773901104,0.0013587624393403,0.0051548500123978,0.0011499766493328,0.0150002185,0.0033131637610495,1.1993512,0.5936006307601929
0.0007642037791591,0.0001148520053675,0.0059480285272002,0.0012228284124284,0.0050272570894908,0.0010557771859939,0.014372151,0.0031792076863348,0.9417373,0.6280382573604584
0.0015845567879283,0.0002277600332255,0.0052496395073831,0.0023405181709676,0.0117710446723223,0.0026527755572693,0.0126892235,0.0029167800024151,1.1668277,0.5541220355033875
0.0006835147507192,9.934281626278966e-05,0.0005878894589841,0.001025497861774,0.0067689173137623,0.0009331422106598,0.011380068,0.0019523066282272,1.233117,0.620290561914444
0.0002588565743288,6.193195649243657e-05,0.0040822990704327,0.0011096898373216,0.004351686521334,0.0009418460969905,0.01368217,0.0033480208367109,0.8926952,0.6702893823385239
0.0005230837092847,8.93140210380455e-05,0.0037435349076986,0.0017044101143255,0.007762062153419,0.0015840862305412,0.012580192,0.0029914714395999,0.82500386,0.6357672661542892
0.000665931775047,9.531980983248056e-05,0.0047904115635901,0.0011205432238057,0.0048749226425847,0.0009810552833076,0.015567361,0.0031547616049647,1.4627519,0.5307990765571594
0.0009756906663138,0.0001765334929971,0.0129886283539235,0.0057813848834484,0.0218895961259183,0.0059643268320193,0.011985419,0.0026466051116585,0.6230678,0.5914461630582806
0.0053035660556956,0.0011745357829355,0.0481575243175029,0.0425268936669454,0.1461015831873625,0.062904444998344,0.016114542,0.0015916083939373,0.89593995,0.5874659544229505
0.0013386123700867,0.0002058299800712,0.0087170009501278,0.0028745866846293,0.0120321070393408,0.0030973795461717,0.01497996,0.0033753821626305,1.1410363,0.5877346694469452
0.0012870870238228,0.0002379813902533,0.0001391179830534,0.0017773406261494,0.0489203281381086,0.0051082441429831,0.015823506,0.0016900640539824,1.2914722,0.5949691927433014
0.0005864679204993,9.998576650210866e-05,0.0046993389260023,0.0019393528345972,0.0078213544850191,0.001843266932547,0.015297888,0.0035003797151148,1.2068963,0.6288257837295532
0.0009850209507917,0.0001512048933895,0.0045652077533304,0.0019771617138758,0.0086779614666085,0.0020545804318848,0.014423236,0.0034261317923665,0.90416473,0.6193813979625702
0.0008339503794649,0.0001373606901096,0.000867063878104,0.0022275135729614,0.0146280892223798,0.0025940529040355,0.012399299,0.0027614696882665,0.6818661,0.5929127356410028
0.0004041489309064,8.553066188852392e-05,0.019074847921729,0.004032187629491,0.0104341528590651,0.0032157708961449,0.012887375,0.003183988854289,0.54586583,0.563502279818058
0.0005061201137088,7.699177610690335e-05,0.0030185810755938,0.0007013283064588,0.0027542226006552,0.0005603742699844,0.014238233,0.003262566011399,1.0522583,0.6526603937149048
0.0009325086602795,0.0001500846786062,0.0020044259727001,0.0024969561838952,0.0122916647255175,0.0026626032201154,0.012822107,0.0032802224904298,1.1642882,0.6205624485015869
0.0008035308236553,0.0001014139021957,0.0045270842965692,0.0012561766197904,0.0055492627328457,0.0011420746509913,0.014788324,0.0031434660777449,1.5232745,0.471315997838974
0.0010940381059046,0.0001532026821851,0.004760599695146,0.0019351291190832,0.0087330631590427,0.0019858852585254,0.013479723,0.0032793548889458,1.3180157,0.5634262561798096
0.0023198992831848,0.0004848957712787,0.0098174922168254,0.0082593781186733,0.03056100615345,0.0111024923281444,0.0133866295,0.0032254257239401,0.94620985,0.5994419902563095
0.001150054016262,0.0001691606526614,0.0076848920434713,0.0016591030731797,0.0070422684208621,0.0015705128728014,0.015139084,0.0032968390733003,1.0121524,0.5959453189373014
0.0013412606618281,0.0001788545975508,0.0082666068337857,0.0014824103564023,0.005914736530672,0.0013130702165923,0.014821847,0.003172826487571,1.2025287,0.5587712526321411
0.0001038074291966,7.979398959363912e-05,0.0063489261083304,0.0026420151116326,0.0095649750127244,0.0023649708144447,0.014882491,0.00344187958166,1.0224447,0.6805720615386962
0.0007965330746735,0.0001175132918884,0.0030165698844939,0.0012121784384362,0.0056770655129956,0.0011388078116777,0.013142624,0.0030769198201596,1.0179017,0.6286282688379288
0.0009243150417955,0.0001277734660686,0.0027576823486015,0.0011621004343032,0.0054295273000893,0.0011452211152431,0.013878245,0.0033132084459066,0.818101,0.5982578247785568
0.0006615144910984,0.0001039448503481,0.0004931543953716,0.0011927071814352,0.0082610476623506,0.0012310946658658,0.011619871,0.0022562122903764,0.93889016,0.6577357119321822
0.0008015108838432,0.0001136994978454,0.0058081950992345,0.0012692222651094,0.0053919067560865,0.001146913692483,0.014892279,0.0032610966078937,1.320446,0.567061915397644
0.0007276017056313,0.0001241519498137,0.0075056762434542,0.0020779096521437,0.0087465551613012,0.0019588026872202,0.013024081,0.0031048096716403,1.0476973,0.6391852879524229
0.0008252138838557,0.0001442087713857,0.0091525604948401,0.0025641983374953,0.0103642239367035,0.0025012201666867,0.014423862,0.003367397468537,1.0101895,0.652052029967308
0.0016445175107061,0.0002659611463742,0.0069703268818557,0.0040948262903839,0.0164713098173296,0.0046874720701522,0.014756194,0.0034544613584876,1.2041985,0.5760559439659119
0.0019249815212357,0.0001384057136165,0.0143005982972681,0.0042190570384263,0.022089821241396,0.0042134432625462,0.010764046,0.0011291993595659,0.17883709,0.2009163803607224
0.0002391943521438,6.396420949871385e-05,0.0027524462202563,0.0019879111205227,0.0075332179836131,0.0017100019514769,0.012948619,0.0033904071524739,0.9049461,0.6696824419498444
0.0005514427561342,0.0001091068915645,5.603244062513113e-05,0.0004018584289724,0.017721564803483,0.0013428618948156,0.015481187,0.0016435964591801,0.84740686,0.653010904788971
0.0013028142633793,0.0001734606486316,0.0046792668290436,0.0016808450873941,0.0085896547188297,0.0017708869387582,0.012619786,0.0028715412504971,0.6718433,0.5217443457245823
0.0010575248728791,0.0001791022184405,0.0134307704865932,0.0030479877069592,0.0117279192987365,0.0029428468386766,0.014421462,0.003252007998526,0.79315114,0.6155851620435715
0.0005766089371284,9.905650996677296e-05,0.0062149069271981,0.0015761435497552,0.0065893903955776,0.0014309124218042,0.014844665,0.003283048029989,1.2358575,0.6240564465522767
0.0010240051741515,0.0001810072125786,0.0017047964502125,0.0028427599047063,0.0177526624921666,0.0034436753906367,0.013955302,0.0030429846979677,1.0062594,0.6316989213228226
0.0014331465539793,0.0001651477635304,0.0044925692491233,0.0010931437416002,0.0052227261531937,0.0011038822460678,0.014110269,0.0032636902667582,0.6976892,0.4889983993768692
0.000556427192576,0.0001000243903748,0.00649103987962,0.0020373544096946,0.008938600910411,0.0018755129845402,0.015808284,0.0031028277426958,1.3462564,0.5858645820617675
0.0007943434661935,0.0001113917852836,0.00084098012303,0.0010802242777572,0.0059411736540734,0.0009107058439832,0.011444951,0.0022166338749229,1.0366243,0.6322553008794785
0.001575405787495,0.0001641918886213,0.0068618170917034,0.0009951468463987,0.0040742473095829,0.0007844767757772,0.016498465,0.002895487062633,1.4237331,0.4520488631725311
0.0015680139393488,0.0002537786754439,0.0064776730723679,0.0035252120671793,0.0160588353646722,0.0041804029886473,0.012280275,0.0029137730039656,0.8459181,0.5686251074075699
0.0016220390216104,0.0002072069642435,0.0091075133532285,0.0023263837210834,0.0137818817340202,0.0024429356635628,0.017163374,0.0023834784515202,1.4092586,0.4988269209861755
0.0008750352861258,0.0001330025433255,0.0062327745836228,0.0015247021894901,0.0067746844665547,0.0014803590673087,0.014595864,0.0033112857118248,0.88878036,0.6201516836881638
0.0013088759813778,0.0002538045982557,0.0005243116174824,0.0032702864318707,0.0318271756543379,0.0050763727715172,0.0137705635,0.0020675015635788,1.0381622,0.6402850043773651
0.0005074786175048,9.506807314124396e-05,0.0049372597131878,0.0022582308156415,0.0086013762128569,0.002160691145455,0.0145743,0.0035860879905521,1.2430384,0.6272158932685852
0.0015508128250362,0.0002021622140512,0.0071566551923751,0.0029869653098285,0.0139556418246725,0.0035014683906566,0.013309855,0.0032067233696579,0.49277484,0.4426671448349952
0.0009604968097617,0.000139005187543,0.0004368319059722,0.0013208060236138,0.0094927129472745,0.0016165065783453,0.0122118555,0.0027152412757277,1.336136,0.5577754378318787
0.0005903287071312,7.346899094380762e-05,0.0036207162775099,0.0013575776247307,0.0064532370916853,0.0012580131929503,0.012499003,0.0029449644498527,0.38815093,0.4226382561028003
0.000572975456643,0.0001031939120141,0.0004499111091718,0.0027767260861219,0.0271649551369373,0.0032193898688401,0.010748146,0.0009004379250109,0.46191123,0.5002779234945772
0.0010911615700882,0.0001437797956274,0.0077055306173861,0.0019827271997928,0.0084250030700057,0.0019787262724521,0.013783295,0.0033788679912686,0.53810513,0.4936060175299644
0.0004495845256484,9.575910714649714e-05,0.0005057463422417,0.0020094817748213,0.014318056901552,0.0022006822937702,0.011684288,0.0021787431463599,1.1448951,0.6545002907514572
0.0019060429385481,0.0003239376064458,0.0221969969570636,0.0047179108858108,0.016775735044855,0.0049849849530416,0.014700117,0.0033054639026522,1.0873613,0.5864324575662611
0.0008914517696975,0.0001375169349066,0.0044853105209767,0.0019380158605054,0.0083250109030814,0.001962339823185,0.01411175,0.0034113526344299,1.100852,0.6268325001001358
0.0007743825924856,0.000143986737806,0.0003964873030781,0.0020485255369749,0.0181640913284412,0.0026607130576665,0.011911859,0.002100655734539,0.9632915,0.6575324136018752
0.0006358139511327,0.0001037720619977,0.001578893396072,0.0019576138249976,0.0112605935626314,0.0016986183236298,0.0110396175,0.0017885765992105,0.7137822,0.6170103803277016
0.0014240474806858,0.0002809914574911,0.0002204425691161,0.0023078494306446,0.0365228640694421,0.0047401656465673,0.010966781,0.0010042386129498,0.7925035,0.6258814829587936
0.0008441421011092,0.0001092163827217,0.0034058487508445,0.0007735557155683,0.0032772980900324,0.0006822350161291,0.014674392,0.0034056198783218,1.289616,0.5708745718002319
0.0004879966709125,0.0001064172803785,5.021139986638445e-05,0.0003745090659322,0.0167590782885398,0.0013030224230608,0.015696954,0.0017251046560704,1.0671196,0.6589871942996979
0.0010716700482736,0.0001416493464541,0.0021654416341334,0.0013856455916538,0.006307171038693,0.001339222870113,0.013318827,0.0033150699362158,1.1658988,0.5770347344875335
0.0007343081228595,0.0001540397985706,0.0001303108874708,0.0015694747040379,0.0282263880807799,0.002967071450171,0.013575924,0.0018693826720118,1.060102,0.658139133453369
0.0003262488202359,6.498889974113466e-05,0.0001306881822529,0.000654854152799,0.0086967351178073,0.000747277639999,0.011282749,0.0013881370611488,0.69641155,0.6334343290328979
0.0007536308508248,0.0001318760723044,0.0003984704962931,0.0016086375082795,0.0130537525752263,0.0020109216445422,0.013041901,0.0024814325757324,1.1974087,0.627981607913971
0.002733505221657,0.0002894450978488,0.0175665356218814,0.0019371220842003,0.0065242711358383,0.0016411833596814,0.015244466,0.003169598057866,1.3948579,0.4081624448299408
0.0013687494329884,0.0001731048799995,0.00657600001432,0.0020457883365452,0.0093683295685977,0.0021883900719863,0.014780115,0.0033803014270961,1.4533403,0.4846346390247345
0.0007502743024492,0.0001028489410678,0.0002311369753442,0.0007802170207287,0.0068966440428219,0.0009001294358392,0.011767382,0.0020735236629843,1.3607385,0.5635751187801361
0.0012867325706637,0.0001470858098436,0.0058245882391929,0.0020580337801948,0.0093634893512914,0.0021227289415474,0.015733473,0.003316247370094,1.56685,0.414700984954834
0.0017224786446893,0.0002310019248785,0.0052186069078743,0.0028628947911784,0.0130615938722201,0.0032440862649133,0.013783339,0.0033483891189098,1.3740612,0.5085022473335266
0.0011192128444428,0.0001733286940396,0.0025651198811829,0.0038304299871015,0.0201504601349753,0.0044201591517743,0.012793186,0.0030296598561108,1.5226089,0.4692405462265014
0.0010882029683349,0.0001692388745752,0.0089508811943233,0.0024200484715402,0.0103053508460622,0.0024207008236168,0.015410853,0.0032598935067653,1.2260653,0.5935458886623383
0.0005633428214908,8.923910563808667e-05,0.0048464259598404,0.0009921699436381,0.0037820233366168,0.0008206079597516,0.014826035,0.0034334906376898,1.0491745,0.64228260576725
0.0011084922316292,0.0001559348191779,0.0023225566837936,0.0026001825735875,0.0143823369863918,0.0029497350411977,0.014213527,0.0031245979480445,1.5200626,0.4689598381519317
0.0011956577197209,0.0001491484814643,0.0043660318478941,0.0014049903256818,0.0069607145055931,0.0014697484974257,0.0134036075,0.0031751119531691,0.6229628,0.4994676411151886
0.0018583140213868,0.0001897852363847,0.0071709114126861,0.0012811464443802,0.0058411731277019,0.001228636226001,0.01550634,0.0030732125788927,1.4435627,0.4292089211940765
0.0007436609288407,0.0001553914985881,0.0032535856589674,0.0056005611959335,0.0320089101045971,0.0063889965422346,0.014648319,0.0027641141787171,1.2950736,0.6039990103244779
0.0004386252236685,0.00010742698968,9.61790792644024e-05,0.0009366874108127,0.0250909583652356,0.0021108099374503,0.012295521,0.0016050827130675,0.8181773,0.6456629014015198
0.0006003587851846,9.999650035290948e-05,0.0001999989763135,0.0009082050758024,0.0080042718532421,0.0011383952662611,0.013053288,0.0025936710461974,1.2115351,0.6296592950820923
0.0014356727412533,0.0001834403025723,0.0040116407908499,0.0024734901962801,0.0103230162821806,0.0026806478499051,0.0142090395,0.003665409758687,1.4272345,0.4855421483516693
0.0010231736497617,0.000151453868038,0.0073379757814109,0.0015578861627727,0.0063701736877063,0.0014577631681357,0.014631632,0.003365969415754,0.839396,0.5950455206632613
0.0015716048476639,0.0001481964371587,0.0061088670045137,0.0031576935527846,0.0151189633728705,0.0033302708357629,0.01669997,0.0028130644932389,1.7209909,0.2959118843078613
0.0019006919067782,0.0002323725823139,0.0087758805602788,0.0021468744054436,0.0097303526489537,0.0023443211317497,0.015330904,0.0033098086714744,1.4123197,0.4731767177581787
0.0012890436833199,0.0001940375396685,0.0070729553699493,0.001982492422685,0.008974493421851,0.0021051220980438,0.014929706,0.0033259596489369,1.0521911,0.5938678610324859
0.0010037734654246,0.000170876237159,0.0001673133665462,0.0012716382575126,0.0164639805250221,0.0020722731252263,0.012150389,0.0018104368820786,1.2466145,0.6031533479690552
0.0008297623146847,0.0001059554963131,0.0032731650862842,0.0023623953899368,0.0111813596235422,0.002134168357397,0.011393136,0.0022744974121451,0.42047235,0.4354364946484566
0.0006686259691779,0.0001083152521229,0.0071238854434341,0.0018982526380568,0.0075814825951419,0.0017598180661221,0.013898058,0.0034295761212706,0.6976602,0.6098931282758713
0.0015211774912996,0.0002132243759951,0.0118618300184607,0.0032810446247458,0.0143203758336669,0.0034726634400117,0.012188009,0.0026962462067604,0.5457223,0.4831609791517258
0.0005141183733189,0.0001032037598793,0.0067350417375564,0.0030229999544098,0.0123523647370144,0.0030174858289058,0.01415118,0.003496506921947,0.93867433,0.6656269562244415
0.0013154866485369,0.0001318960764937,0.0066886502318084,0.001108621628955,0.0043577344759093,0.0009865833484904,0.013863742,0.003453888464719,1.5868998,0.3899688172340393
0.0004773344604765,0.0001030352527853,0.0081064580008387,0.0034857397805899,0.0126632742335796,0.0033598741075504,0.01503741,0.0034734429232776,1.0871755,0.6634792816638946
0.0007628109759514,0.0001374375985628,0.0007165221322793,0.0024308699657922,0.020352384278739,0.0030737564738779,0.014623408,0.0024911119416356,1.3941572,0.5624117255210876
0.0012515184600247,0.0001635725512316,0.0040285547729581,0.0013552815653383,0.0064172656827964,0.0013893589649458,0.01405355,0.0033139465376734,1.2325501,0.5515038967132568
0.0005050691282791,9.066363743174428e-05,0.0055405765306204,0.0013946907129138,0.0056994209827098,0.0012444099807832,0.013590588,0.0033045458979904,1.121173,0.6418918025493621
0.0012777079043953,0.0001795168131882,0.0062409511301666,0.0015923762694001,0.0071646153127333,0.0015666821849908,0.015590809,0.0032189632765948,1.1862864,0.5788463819026947
0.0011796197870559,0.0001968845980091,0.0028792407829314,0.0035938885832001,0.018296004864687,0.0041156301408387,0.0132985115,0.0030811655521392,1.2658521,0.5937588548660278
0.0010052816955876,0.0001543934141525,0.005345337325707,0.0030497701209969,0.0122445510767255,0.0031039285013028,0.014636153,0.0034350585192441,1.3034935,0.5683594214916229
0.0017214554382018,0.0002099784416106,0.0098274871706962,0.0018532063998281,0.0086020887384547,0.0018321157222234,0.016394112,0.0029778995923697,1.3715054,0.4791491639614105
0.0011801831809561,0.0002290734305881,0.0063984333537518,0.00651565149019,0.0246029825557277,0.0069089655555164,0.011676801,0.0026889410801231,1.080092,0.6494833081960673
0.0015428177298324,0.0001771291172697,0.005761859472841,0.0020951466728001,0.0096086371150232,0.0022503368025583,0.014343363,0.003369961399585,1.5061159,0.4407078599929809
0.0006985175257347,0.0001497383160142,0.0006292308680713,0.0034608513406419,0.0272371997418721,0.0044696083118419,0.013460082,0.0024530955590307,1.0267004,0.6555481851100922
0.0008174818457525,0.0001160140504007,0.0039918646216392,0.0012345446459949,0.0055688034758538,0.0011723722784616,0.014217669,0.0033093588426709,0.72369516,0.5866335481405258
0.0008732050220416,0.0001259974390813,0.0050259013660252,0.0012828963808715,0.0055625614517913,0.0011989669112983,0.01442713,0.0032973291166126,0.9412309,0.6139443439245225
0.0017072039500011,0.0002338022618299,0.00031580531504,0.0014669669913018,0.0143949112434652,0.0023175647042673,0.012864234,0.0022336262650787,1.31679,0.5176726281642914
0.0011200453970193,0.0001724995656731,0.0071215783245861,0.0022450582310557,0.0103447439318267,0.0023156008402609,0.013385694,0.003118681255728,1.2512598,0.5946997427940368
0.0015157704056979,0.0002040497294256,0.0080302199348807,0.0023596575669944,0.0115466302947032,0.0024780170018112,0.01557757,0.0029632761143147,1.3641925,0.5173555898666381
0.0005027351601706,8.004118721309538e-05,0.0003063788317376,0.0010163063877826,0.0080118271198134,0.0010219218936622,0.011505679,0.0019605136476457,0.6738352,0.6202685609459877
0.001092132344638,0.0001503418316621,0.0040618297643959,0.0012636360479518,0.0058461504550969,0.001295292750618,0.014251249,0.0034505845978856,0.7829399,0.5784700214862823
0.001527072170548,0.0002047935728811,0.0054781374055892,0.0017837054328992,0.0091572090010678,0.00198678571869,0.012577297,0.0029100491479039,0.7229229,0.5160154163837433
0.0010018512023136,0.000199370198566,0.0021609824616461,0.0045776731190562,0.02663353760096,0.005469584955738,0.011475051,0.0021889233030378,0.9233482,0.6516913175582886
0.001048970551326,0.0001458887727435,0.0050166570581495,0.0011487434385344,0.0050381995145532,0.0010948462317374,0.015130136,0.0033593038655817,0.8403411,0.5891002345085143
0.0008898934503656,0.0001335739420807,0.0005611605010926,0.0017922479328262,0.0149331485286177,0.0020556129282627,0.01137072,0.0017657952010631,0.58863115,0.5508301904797552
0.0009659022953248,0.0001471009796307,0.0110358060337603,0.0035103369690477,0.0145458871338689,0.0034507965716788,0.012021558,0.0027313447371125,0.522433,0.5100900438427924
0.0004872769219747,9.993632754594688e-05,0.0026145052397623,0.0030356698783725,0.0134629707822006,0.0029936409477646,0.012715702,0.0033692720904946,1.1560524,0.6479318100214002
0.0008393158388495,0.0001204752015198,0.0005509695620276,0.0011797768333963,0.0075261242171599,0.0013100429974529,0.012274897,0.0028912204876542,1.1542482,0.6095579499006267
0.0008032516742535,0.0001122509541873,0.0045179291628301,0.0009785468736663,0.0038956802114331,0.0008402407377186,0.014171106,0.003350235056132,1.1547378,0.6116883754730225
0.001240819244917,0.0001536941107757,0.0045606610365211,0.0010032588010653,0.0045490302790788,0.0009577815945917,0.013880495,0.0032708222232759,0.79477084,0.5392900413274765
0.0011377085095653,0.0001628390992734,0.0056865497026592,0.0020561256166547,0.0093053503864722,0.0021121431552121,0.014575126,0.0032905950210988,1.2774009,0.5608386385440826
0.0010888401908859,0.0001930787459429,0.0021475900430232,0.0036937671976193,0.0192495108416256,0.0042660889086096,0.011716872,0.002764533739537,1.0774678,0.6317614018917084
0.0007828902118923,0.0001424244977315,0.008604091592133,0.0030622470658272,0.0122538779912836,0.0030300918652676,0.0133977765,0.003372258041054,1.016334,0.662442089319229
0.0009161849839945,0.0001684140993389,0.0001431617711205,0.0015781552869975,0.0269406275476096,0.0027898375707739,0.0116804475,0.0014181804098188,0.6692366,0.589944526553154
0.0027516843539117,0.0004778917914627,0.0236965455114841,0.0054564028978347,0.0220600031271389,0.0072613107966418,0.014393208,0.0032409592531621,0.87764764,0.5430780649185181
