bbp_440,sig_bbp_440,aph_440,sig_aph_440,adg_440,sig_adg_440
0.0009208394937529,7.272147925704918e-05,0.0055682330857962,0.0007464423589408,0.0061519652443976,0.000385877007445
0.0012346253899585,6.923661742011273e-05,0.0051409807056188,0.0005592689849436,0.0046714052436496,0.0002732756362147
0.0005479202848233,8.049172131492925e-05,0.009238920174539,0.0012988624162971,0.0085856784175221,0.0007424305029485
0.000703326308915,7.589181160113723e-05,0.0062356479465961,0.0010004863142967,0.0081434818752763,0.000583490018503
0.0018059166399804,8.306694607579422e-05,0.0112541234120726,0.0010037397034466,0.0078634762729281,0.0005743711289047
0.000622194040631,9.689764301949148e-05,0.0137126855552196,0.0034550921991467,0.023353319393099,0.0029996086782848
0.0008875807826687,6.911909042734495e-05,0.006012256257236,0.0006160270515829,0.0036756858006887,0.0002598451790328
0.0012662836640382,7.686367590999739e-05,0.0082845613360404,0.0008333235792815,0.0059588943702527,0.0004232650785708
0.0023403511213073,8.692381294837402e-05,0.0123809715732932,0.0010908219404518,0.010558896650804,0.0007233549096432
0.0007773516162715,9.01739075449316e-05,0.0124080767855048,0.0021748700551688,0.016493753549669,0.0016803838698532
0.0032137395565901,0.0001049300149604,0.0421033985912799,0.0045975175499916,0.029578413855966,0.0043190761053809
0.0006976722193474,7.051028719646558e-05,0.0061341486871242,0.000717184273526,0.0042408937911017,0.0003196622849178
0.0012144315360859,7.544035060934253e-05,0.0067226076498627,0.0007735807448625,0.0064308697242941,0.0004106387535718
0.0016428246123603,8.407566371162155e-05,0.0084393084980547,0.0010755159892141,0.0112134130838862,0.0007203301366949
0.0012914171528055,8.375246528776609e-05,0.0087587391026318,0.0012631302699446,0.0123243717459347,0.0008909146488079
0.001632275342804,8.540712405265098e-05,0.0086526977829635,0.0013304338324815,0.0144050534559687,0.0010021444086016
0.0008834415639328,9.14626139215276e-05,0.0093337809666991,0.002382710147649,0.021263322794577,0.0020920419935413
0.0005717723185986,7.948968940711589e-05,0.004569475306198,0.0011954189976677,0.0111493308397966,0.0007940873168212
0.0007396710772952,7.497413299033685e-05,0.008400980848819,0.0009873029775917,0.0064912138639223,0.0005226062790079
0.0021687804792584,9.155422289256832e-05,0.0128645468503236,0.0016149664297699,0.0173577715622322,0.0013197823599036
0.0015542325927819,7.27462699513081e-05,0.0052725546993315,0.0005867076292634,0.0061968775767227,0.000313619702068
0.0013280356041553,0.0001127007202072,0.0461164936423301,0.0082797312736511,0.0306393972436961,0.0075551559481872
0.0013929293989181,9.01583076463588e-05,0.0121080367825925,0.0018631852790713,0.0171870889690761,0.0014983471946533
0.0012183543169184,8.66655124855105e-05,0.0112999621778726,0.0015587582252919,0.0127198981945106,0.0010830657298468
0.0014148668450504,8.514208326860563e-05,0.0090152025222778,0.001405875859782,0.0137736202485926,0.0010348263576205
0.0010376806478793,8.613066472222888e-05,0.0112953074276447,0.0015696365758776,0.012178337250738,0.001070929882595
0.0012125093708156,7.446940376575994e-05,0.0057771562132984,0.0007204844802618,0.0071314805303736,0.0004031570775693
0.0015326462677376,8.434396540301617e-05,0.0098262545652687,0.0010809921659529,0.0091560965666908,0.0006516839599049
0.0009337773935841,8.713732243766309e-05,0.0134097198024392,0.0017567686736583,0.0122255105333421,0.0011800271004858
0.0010723355586787,7.624806543715906e-05,0.0093094250187277,0.0009037917479872,0.0052254126337103,0.00044010717486
0.0018118909951756,8.680603461538264e-05,0.0112815187312662,0.0012813787907361,0.0129207004986322,0.0009116812107935
0.0020205225500818,8.47210753688269e-05,0.0090982960537076,0.0011620151810348,0.0139058945663918,0.0008988862495031
0.0062494386422489,0.0001396579604881,0.0475620068609714,0.0090707048028707,0.0786483397640401,0.0108841246858578
0.0008649875212207,8.458683169715688e-05,0.0056815864518284,0.0014537084847688,0.0149523933659884,0.0011125728740167
0.0012937594898325,7.384950565670159e-05,0.0053571148309856,0.0007026290800422,0.0065466448849291,0.0003800961463063
0.0005558982202457,7.770757932362726e-05,0.0085253431461751,0.0010760887525975,0.0058610014563661,0.0005207526216386
0.0007904562034178,6.920302821871111e-05,0.0056462069042027,0.0006349643506109,0.0040387632495229,0.0002791050754851
0.002089046165385,7.695943226126902e-05,0.0083907349035143,0.0006985825207084,0.0062795286257958,0.0003764145078032
0.0011424402562299,7.861129135502509e-05,0.0104344431310892,0.0010038926079869,0.0061139166811302,0.0005119052636691
0.001667743048715,8.126163389021398e-05,0.0078857531771063,0.0009903556201606,0.010304695120994,0.0006567848450637
0.0016663277814075,9.150585000826774e-05,0.0130444229580461,0.0018194406293332,0.0168063852878635,0.0014483744952117
0.0012508008517253,8.172987194084115e-05,0.0082004545256495,0.0011227016802877,0.0106830147746341,0.0007459099773641
0.0006822966976849,8.46484179635263e-05,0.0055429234635084,0.00148755999282,0.0143663478004848,0.0011201870745715
0.0034626520816889,0.0001422672321502,0.0866203978657722,0.0131734178960323,0.0423050665686035,0.01268951936391
0.0016567839324861,7.963100930389634e-05,0.0085285706445574,0.0008992490265518,0.0085503151152026,0.000545586128854
0.0019578198996676,8.160565234065307e-05,0.0096737425774335,0.000896947979927,0.0082584709731978,0.0005313500163228
0.0008554109843465,7.770092031961023e-05,0.0119142243638634,0.0010393350943922,0.0046595544642622,0.0004655732948301
0.0013842650924934,8.464585651421822e-05,0.0123091470450162,0.0015196050703525,0.0120555337646641,0.0010481734486357
0.0009874489736699,8.619702922034109e-05,0.007499691331759,0.0016955655161291,0.0163176510223702,0.0013503115306647
0.0013432241545874,7.8744522593612e-05,0.0092141516506671,0.0008970553614199,0.0064224224967252,0.0004725964070503
0.0010783810286798,9.03922259457284e-05,0.0095179313793778,0.0019734315015375,0.0183119936711015,0.0016531923376936
0.0008100780548819,8.341795924945105e-05,0.0149151291698217,0.0015204111114144,0.0067424778583322,0.0007910552363003
0.0009105391007281,8.24480998885917e-05,0.0086011635139584,0.001345828641206,0.0115595844045059,0.0009018494248727
0.0012614099516892,9.76951617243575e-05,0.0157769341021776,0.0027434663847088,0.022048435342364,0.0023841426440385
0.0016891912765938,9.631056448907924e-05,0.0214976789429783,0.0024084319174289,0.0161352563667761,0.0017999628124386
0.000704345049467,7.31401397647915e-05,0.0055714817717671,0.0008203063625842,0.0063574952578847,0.0004300794535147
0.0016404416297587,8.662480676481293e-05,0.0091464803554117,0.0014788438472896,0.0164968062292036,0.0012050586556125
0.0017804179107841,7.287107227555009e-05,0.007280511315912,0.0005755343940109,0.0041396888967161,0.0002670606000906
0.0018313812551589,7.22856229650958e-05,0.0068446365185081,0.0005486961454153,0.0042480241142975,0.0002571201616258
0.0017379409368408,7.991042240981555e-05,0.0112493797205388,0.0009065743908286,0.0063611581106676,0.0004910587082426
0.0015371909921543,8.641409675266701e-05,0.0094730593264102,0.0013586060889065,0.0133026118332871,0.0009766056027633
0.0013992136900073,8.209711854655381e-05,0.0073532350361347,0.0010556317213922,0.0108839657688193,0.0007058761569548
0.0012903931828683,7.979289580421507e-05,0.0069605452008545,0.000958734890446,0.0097987903264341,0.000614023087845
0.0021139269708732,8.024110996580859e-05,0.0072738633025437,0.0007546027190983,0.0086106293354888,0.000466194248108
0.0012584950401702,7.681367573547128e-05,0.006622530054301,0.000817079283297,0.0073749831754646,0.0004559154672171
0.0045829913959532,0.0001264852548214,0.0617815852165222,0.0061386892944574,0.0366505792907482,0.0059754967944793
0.0018620571705362,8.25677131010491e-05,0.0042106115724891,0.0009449875634163,0.013450067950554,0.0007154748802677
0.0015988158686127,7.904469838105992e-05,0.0088267056271433,0.0008693594671785,0.0074814996597088,0.0005039957773413
0.00177555885815,8.594962000568491e-05,0.0134009383618831,0.001100780274719,0.0074941600746248,0.0006033598524754
0.0008264340884332,6.996410185239506e-05,0.0062956099864095,0.0006922329775989,0.0041035909838849,0.0003145438062792
0.0016070385235742,7.827980184445097e-05,0.0091839116066694,0.0008075851760804,0.0062995827447822,0.0004300483011331
0.0010009607989493,8.427070933972043e-05,0.0084808310493826,0.0017529280297458,0.016126723007768,0.0013880048062786
0.0018020532910661,8.33819560176214e-05,0.0094058997929096,0.0010380683839321,0.0104754225931632,0.0006910909428991
0.0005840703102402,9.391839946072526e-05,0.0121708312071859,0.0028266433067619,0.020217286384812,0.002378698556827
0.0018568804672764,8.809082194771245e-05,0.0147791057825088,0.0013577002100646,0.0104397306314046,0.0008629942270774
0.0001921435220739,7.976001763610558e-05,0.0075387163087725,0.0010884245764464,0.0052597160660042,0.0004813627833341
0.0009634404283779,6.258638555736869e-05,0.0037039269227534,0.0004005796322599,0.0025904504062887,0.0001558170909993
0.0012936476620397,7.642321855615337e-05,0.0058290152810513,0.0008052915520966,0.0080330604635727,0.0004769006217289
0.0012882262361918,8.492165757321827e-05,0.008400494698435,0.0012369948718696,0.0123068857038066,0.00086764097289
0.0011577840737496,8.687105202903893e-05,0.0082122688181698,0.0022482011094689,0.0217875640658962,0.0020498133264659
0.0010172431364052,8.175069932002182e-05,0.0108970799483358,0.0012462185695767,0.0084175231021215,0.0007327145320808
0.0010485456232846,8.143706232951564e-05,0.0091712912544608,0.0012643759138882,0.0102489744263574,0.0008107352909794
0.0018843508152839,9.151924543522334e-05,0.0173201318830251,0.0019315004348754,0.015568523283235,0.0014945314268332
0.0016701319893239,7.767444497446311e-05,0.0063082047272473,0.0007667069230228,0.0083784910538153,0.0004676875859344
0.000684429614998,7.600726457706111e-05,0.0072379577904939,0.0010038663819432,0.0072313055084385,0.0005465605564919
0.0006575013002947,8.392477701896716e-05,0.0112948780879378,0.0015162141993641,0.0085486745379475,0.0008490697471597
0.0011918553609915,8.489593578698868e-05,0.0059030433185398,0.0014481679908931,0.0160920691565135,0.0011596124080955
0.0061556232855832,0.0001856217494105,0.1098293140530586,0.0186797374486923,0.0838630489797978,0.021015519924053
0.0014950218112448,9.218802933677084e-05,0.0141156716272234,0.0020552235096693,0.0173507169440382,0.0016372344486263
0.0013850863237774,9.139334262933002e-05,0.0071145249530673,0.0019994887337088,0.0218915881782839,0.0017828147138121
0.0011789696267577,7.44244128676832e-05,0.0071206791326403,0.0007618742529302,0.0058358236500556,0.0003964546281641
0.0005026284719498,8.777812212951565e-05,0.0094260489568114,0.0018865873105823,0.0136575735472624,0.0013094953285275
0.0015409621130944,8.390818358750083e-05,0.0102533544413745,0.0011300956830382,0.0096373981423043,0.0006947792361892
0.0012038462477745,8.241710245630992e-05,0.0075788868125528,0.0011524964123964,0.0112262956272506,0.00077350411507
0.0012993423368269,7.335486826570074e-05,0.0072405687533319,0.0006971989385783,0.005068696026759,0.0003363614030179
0.0015556510291189,8.581876995641664e-05,0.0086693465709686,0.0012376091908663,0.0129663583212298,0.000880594017104
0.001977732307325,8.03739167250057e-05,0.0101696145720779,0.0008381238207221,0.0072744367332656,0.0004760023614827
0.0012517372739369,7.794177768930444e-05,0.0078815575689077,0.0009087270032614,0.0073086887133577,0.0005035432064939
0.0029291378039303,0.0001975009222245,0.060580838471651,0.0553692641988163,0.1570353186623791,0.0684373506623407
0.0011074929269214,9.630844668011828e-05,0.0135371480137109,0.0029979567043483,0.0238739893829549,0.0026861021710608
0.0014045916200095,8.160266816201601e-05,0.0101059987209737,0.0010681977123022,0.0084854721945078,0.0006317316392131
0.0011010674474691,9.03808429403778e-05,0.0094206072390079,0.0024058398976922,0.0224630122519979,0.0021768298910892
0.0012168132622575,7.010432979264835e-05,0.0072365114465355,0.0005699796602129,0.0026340465142258,0.0002220122526233
0.0006886076131979,7.770858813369399e-05,0.0082335649058222,0.0011248080711811,0.0077173737792268,0.0006270200500265
0.0007631887877357,8.441557145598064e-05,0.0060503017157316,0.001461542584002,0.0143555709441472,0.0010923631744517
0.0011078033075257,7.876837976555202e-05,0.0103400493972003,0.0010428754612803,0.0065085657223346,0.0005523719897583
0.0013889238818239,8.854349864633208e-05,0.0099589768797159,0.0017491874657571,0.0180632351949256,0.0014662607130727
0.0009515305056362,8.701761839095606e-05,0.0131942965090274,0.0016806609928607,0.0110517942380743,0.0010780738961564
0.0014849946816397,9.007574813081403e-05,0.0136776217259466,0.0016792346164584,0.0142933718053126,0.0012229624442872
0.0008750578581593,3.6512350070292895e-05,,,0.0010474255058838,4.087650774428858e-05
0.0029724487679938,0.0001025906892313,0.0160383051261305,0.0041922494024038,0.0457074633192392,0.004891303540628
0.0014326688829163,7.404325386790671e-05,0.0088521819561719,0.00069923594594,0.0039282645461857,0.0003110879318779
0.0007345362266981,7.824330766738178e-05,0.0080082435160875,0.0012599604669958,0.0102513249080009,0.0008249351376415
0.0004354930841669,9.26608552563545e-05,0.0058048735372722,0.0031300318334251,0.0223375123985536,0.0026825935932852
0.0019769094839093,8.688940315082841e-05,0.0105921500362455,0.001209647860378,0.0125681454783976,0.000859757733985
0.0019675356163522,7.158381407109489e-05,0.0075608135666698,0.0005160935688763,0.0032846550732467,0.0002253447233384
0.0015903347965751,7.027745820789469e-05,0.0050036585889756,0.0005013914778828,0.0046293749146125,0.0002410881813879
0.0007762041974345,7.759505341273687e-05,0.0080667631700634,0.0010924760997295,0.0075121483990404,0.0006150171715839
0.0008528939294141,7.510011934643793e-05,0.0078394752927124,0.0008798550255596,0.0058917356471519,0.0004389577825365
0.0010640293797428,0.0001003450022652,0.0068513001315295,0.0040550258709117,0.0319199759089351,0.0039111057128619
0.0008637306079919,7.089480024166281e-05,0.0063289164099842,0.0007175420317798,0.0058132791991679,0.0003622364206626
0.0011986647956937,9.271243180843146e-05,0.015423652715981,0.0029653082229197,0.0224672209061113,0.0026526373325919
0.0024502603941508,8.227655726410297e-05,0.0096019678749144,0.0008235944993793,0.0090798892825785,0.0005198249407061
0.001437950819508,9.39353205165539e-05,0.0028903408674523,0.0029765738285641,0.0307958735892643,0.0029133171252706
0.0007592858224904,8.769803893916026e-05,0.0055108740925788,0.0020639951853081,0.0197899874082846,0.001836633916398
0.0013327399868891,9.421415471364534e-05,0.0180603023618459,0.0030274633318185,0.0223081751237147,0.0026697052836476
0.0010930478729329,7.270267430938547e-05,0.0049056047573685,0.0006893039681017,0.0061474329174021,0.0003608759972466
0.0006121724495534,8.646942743594757e-05,0.0110802566632628,0.0018245230801403,0.0121786781499079,0.0012038915836778
0.0016687841847562,7.620800953356591e-05,0.0068029519170522,0.0007164096459746,0.0074147969799123,0.0004137201284754
0.0010498220433546,7.90973845818904e-05,0.0085903387516736,0.0009768934361636,0.006960277068672,0.0005218083845545
0.0016904744412708,9.649415419758129e-05,0.0126430629752576,0.0021097051165997,0.0207562062666646,0.0017934700250893
0.00126467744523,8.418135554377542e-05,0.009814178571105,0.0012743988633155,0.0108179537271682,0.0008353225166775
0.0030453714526545,0.0001087836241438,0.0329820029437541,0.0040417195484042,0.0304662531046723,0.0039299717619754
0.0018014907792493,8.077845851089255e-05,0.0080766733735799,0.0009511952847242,0.0099174141710899,0.0006172772786815
0.0013230193605934,8.897836141526206e-05,0.0106614050455391,0.0016864177212119,0.0151340658774633,0.0012699527655816
0.0004617613487142,7.846724676430607e-05,0.0083420490846037,0.0012016683537513,0.0074469251400431,0.0006505844422179
0.0005830679267579,8.148863527042307e-05,0.0002777899499051,0.0012839653765149,0.0233335835071143,0.0016411696580864
0.001961283308953,8.073920714808626e-05,0.0089682191610336,0.0008429582230746,0.008240494888513,0.0005005184607449
0.0013830404535043,8.22258122717336e-05,0.0091153541579842,0.0011092879995703,0.009993842677004,0.0007057488818871
0.0015168058748538,7.432203124793277e-05,0.0080915717408061,0.0006718354858458,0.0046472082024376,0.000313456605388
0.0021546337222618,8.378793822273007e-05,0.0087480302900075,0.0009598000906407,0.011081609315739,0.0006605059589654
0.0018213618714796,8.183726756001795e-05,0.0102277603000402,0.0009598934277892,0.0083833602000704,0.0005713156387652
0.0012949872719187,8.252855439740592e-05,0.0070792133919894,0.0011131643131375,0.0114263630941988,0.0007621515380598
0.0025326308040586,9.279307730807996e-05,0.0155864511616528,0.0015163093805313,0.0150698839022336,0.0011476211891298
0.0018235600798161,8.747033363155562e-05,0.0111374519765377,0.0013562461920082,0.0137821944067035,0.0010001351525209
0.0010865614487139,7.147185329283096e-05,0.0076127108186483,0.00063760551624,0.0032899254106791,0.0002632496964302
0.0018046182499464,8.94268319830741e-05,0.0067479396238923,0.0015774685144424,0.0201480285478731,0.0014211043386477
0.001545425835473,7.716351974171613e-05,0.0084921428933739,0.0007904020603746,0.0061240588847579,0.0004111671382187
0.0021161106004411,8.722778161993072e-05,0.0121300336904823,0.0012097556516528,0.0123048842811536,0.0008522293203437
0.0009245032269072,8.454983149702613e-05,0.0089093158021569,0.0015472993161529,0.0134247063216194,0.0011291430216197
0.0014991825524581,8.011303047909704e-05,0.0093466229736804,0.0010153705440461,0.0089654115334118,0.0006282934897554
0.0018582458680975,8.070811795251329e-05,0.0076785408891737,0.0008818532805889,0.0097571929212099,0.0005675907713461
0.0011261713340886,7.40731396169658e-05,0.0066692042164504,0.0007400175090879,0.0059687720596974,0.0003791966076882
0.0013888781418047,8.265558850236972e-05,0.0069802924990653,0.0010788400378078,0.0119755013380044,0.0007575761090789
0.0023031109507653,9.219397950924885e-05,0.0163979772478342,0.0016546640545129,0.0152478876677219,0.0012536886112494
0.0014151798543862,8.047668974564266e-05,0.0072751813568174,0.001004313211888,0.0103451755374488,0.0006601970100262
0.0014440730852492,9.184967468515558e-05,0.0145912375301122,0.0018884619139134,0.0152062743961799,0.0013910358894882
0.0008492084149892,7.545655777675231e-05,0.0057800160720944,0.0008164707012474,0.0066282263175243,0.000423082797246
0.001152480315101,8.358323218255088e-05,0.0106788757257163,0.0012768467701971,0.0099068009644868,0.0007907622624764
0.0019455235524861,7.938589033265912e-05,0.0076965573243796,0.0007746824994683,0.0081799626196886,0.0004646778995876
0.0014810017021755,8.137828525990598e-05,0.0084599992260336,0.0010111399460583,0.009363359182076,0.0006301756702307
0.0006224621502604,8.302099995364945e-05,0.0085899047553539,0.0015112203266471,0.0114437584716541,0.0010004920993378
0.0016075918542726,7.48006797371809e-05,0.0081799267791211,0.0006433588452637,0.0040505884161402,0.0002881484278112
0.0007842291876056,7.567543422927502e-05,0.0068911300040781,0.0009876257088035,0.0091564107197822,0.0006093898148027
0.0007207829364963,7.454090957362942e-05,0.0065692004282027,0.0009169319178909,0.0066519423826469,0.0004887860622208
0.0006843958839135,8.243139263569566e-05,0.0127363316714763,0.0014800673164427,0.0076887695282678,0.0008025531215816
0.0009304776536482,7.754883314179035e-05,0.0079748090356588,0.001014152560383,0.0075804816829779,0.0005725595580766
0.0006031077530435,7.8207449022559e-05,0.0089977984316647,0.001246884772554,0.0083908123828548,0.0007238948540359
0.0005986389353707,9.89371438829586e-05,0.0054766070097684,0.0047026512905722,0.0297055402336411,0.0040674301407043
0.0012857386280034,7.952084267444045e-05,0.0064138935413211,0.0009577855467796,0.0097869168808785,0.0006091980952855
0.000504212113909,8.474269884017871e-05,0.0111319380812346,0.0017257607355713,0.0104248144794283,0.0010665378138484
0.0009293508452525,7.695967840416762e-05,0.0078733754344284,0.0009679559152573,0.0072031092485073,0.0005385788376192
0.0006113084886543,8.099825493035188e-05,0.0092012267559766,0.0012895936332643,0.0084864377732736,0.0007307685055429
0.0004956945310215,7.436969115933714e-05,0.0076160363387316,0.0010121792647987,0.0061537894176152,0.0005145070768522
0.002118307693076,8.569121034160236e-05,0.0105799743905663,0.0010514101013541,0.0109699566777783,0.0006969521420044
0.0011620474208172,7.715752933255523e-05,0.0089922971092164,0.000897244438529,0.0055847885839447,0.0004376668263928
0.0017149710157934,8.77486106730537e-05,0.0136943804100155,0.0014208297431468,0.0112097189517911,0.000951665365095
0.0008336314309193,7.768534095014385e-05,0.0084660365246236,0.001057037897408,0.0075801405571464,0.0005902145538226
0.0002916209407361,8.237344013774218e-05,0.0095951282419264,0.0014997919276356,0.0076182070266867,0.0007927820991245
0.0018176136988026,7.562041517533008e-05,0.0102670770138502,0.0006686295382678,0.003319478014116,0.000287424130406
0.0001310826281925,9.380660118006178e-05,0.0054863113909959,0.0013699065800756,0.009144088484096,0.0007412898144336
0.0006892673159834,7.552480845022537e-05,0.0070614304859191,0.0009965037833899,0.0069757349420685,0.0005358451254701
0.0017453817535468,8.319913195027617e-05,0.0115514686331152,0.0010455030202865,0.0078878600833662,0.0005958335966532
0.0010661442967925,8.847074418101867e-05,0.0084510073065757,0.0019062429014593,0.0183052491260886,0.0015934874384077
0.0015997632473267,8.939056163112633e-05,0.0093337502330541,0.0014603414759039,0.0160226943621467,0.0011464674811679
0.001224038533921,7.590656164776556e-05,0.0086358184926211,0.00080311762169,0.0050037520149541,0.0003855257090372
0.001320410812761,8.023946879750729e-05,0.0069548347964882,0.0009630800317972,0.0092874397582999,0.0005854553384833
0.0026905794975673,0.0001060550088544,0.024432985112071,0.0039858659729361,0.0352455470423896,0.0041824419410598
0.0016449025183617,8.632230751345156e-05,0.0101066939532756,0.0013518042303621,0.0137976282539617,0.0010165721137195
0.000791410344564,8.034034473546406e-05,0.0099918898195028,0.0013323346152901,0.009101041350753,0.0008066373746974
0.0017858411207632,9.481800111182892e-05,0.0090913134627044,0.002317771371454,0.0267127175159917,0.0023109318273636
0.0011299159154086,9.122176117457546e-05,0.0100479144603014,0.0021094385907053,0.0198405275235148,0.0017838510110227
0.0005177700944013,7.964622714221221e-05,0.010028934571892,0.001342531107366,0.0070509680342712,0.0007189631491565
0.0010493618126004,8.253703612698588e-05,0.0101231010630726,0.0014088368602097,0.0107269214090757,0.0009231991964328
0.0013555538482188,7.213075205573876e-05,0.0068844771012663,0.0006079988088458,0.0040760255234151,0.0002711589424966
0.0008523891884073,7.444189779335741e-05,0.00823320960626,0.0009166620578616,0.0057782155435922,0.0004704189952008
0.0015339807650067,9.346029297974362e-05,0.0055560786277055,0.0019721872499212,0.0232724211188137,0.001872898008508
0.0012477259620674,8.365534205123453e-05,0.0093904244713485,0.0013166364282369,0.011918922048916,0.0009035302572425
0.0024307874707762,0.0001023792727242,0.0030922284349799,0.0081506199035356,0.0851658169170686,0.0114604752240331
0.0008653105076176,8.299530000445464e-05,0.0088080065324902,0.0012892256211489,0.0101280753517366,0.0007987595938057
0.0012797937745028,8.79635013716156e-05,4.644844739232212e-05,0.0003411926737862,0.0344329014467533,0.0018468263301215
0.0015387932642768,7.993000352220442e-05,0.008029356598854,0.0009019685909152,0.0085506673474566,0.0005426723294652
0.002109974862056,8.182463168001589e-05,0.0084184231236577,0.0008437170274555,0.009143540869472,0.0005283295590129
0.0011152752094907,8.004372311433763e-05,0.0058104193303734,0.0010656333621591,0.0108741050790007,0.0007145012686118
0.0007174986440197,8.647118310856246e-05,0.0074938186444342,0.0018250232562422,0.0161252886926436,0.0014316823492249
0.0019009116573919,8.827203380810944e-05,0.0092532727867364,0.0012475319392979,0.0138462140921688,0.0009243764953426
0.001015243937223,8.159927293597646e-05,0.0118639594875276,0.0012824282050132,0.0078938512049477,0.0007237948962341
0.0006921899626431,7.886057638144847e-05,0.0063377844635397,0.0011269792448729,0.0112853876877468,0.000778498559903
0.0018623032524658,8.263996880322364e-05,0.0099806888028979,0.00098772065714,0.0092220723424728,0.0006123446671554
0.0017627033513499,0.000107303142011,0.0322261657565832,0.00551453653723,0.0339833170936409,0.0054823826999702
0.0012786683141207,9.118555827226732e-05,0.0141790676862001,0.0022863809764385,0.018759724838301,0.001866893178428
0.0015125599643811,7.394205737262642e-05,0.0064043111633509,0.0006672422681003,0.0059504253831623,0.0003563887124606
0.0010750186637277,8.092871239109129e-05,0.0081655848771333,0.0011833593808114,0.0103405520924571,0.0007647363334838
0.0008146730040628,8.272208973934565e-05,0.0097914012148976,0.0014406340196728,0.0115507355324363,0.0009687198977792
0.0016686660987396,7.916833639867466e-05,0.0082113649696111,0.0008541388995945,0.0078406292286948,0.0004981354304839
0.0009408502277689,7.680038828696803e-05,0.0085956025868654,0.0008973038941621,0.0054973159875697,0.0004392499403783
0.0009161814062432,8.044020987583002e-05,0.0081419460475444,0.0012469510920345,0.010267954622294,0.0008024408333843
0.0005989461198665,7.834963648863319e-05,0.009924791753292,0.0011834315955638,0.0067371637751951,0.0006229899055875
0.0012398647530484,8.490308066021364e-05,0.0088921920396387,0.0014753040391951,0.013542926708481,0.001060732319118
0.0013097178918275,8.499278882841458e-05,0.0113334422931075,0.0014769795909523,0.0122496305095822,0.0010212978103292
0.0014006749743255,0.0001120995600618,0.0977147631347179,0.0129896835982799,0.005540924788561,0.0084202462118871
0.0031423264567439,0.0001621945523287,0.0001477435216656,0.002619256949174,0.5509615285093789,0.0474083409954763
0.001315309341826,8.589819132003127e-05,0.0069392118602991,0.0013469900004565,0.0148867689158137,0.001031582411892
0.0015162295880163,7.999358930358964e-05,0.0099384300410747,0.000932568218559,0.0069607136190717,0.0005077366924075
0.0014753685456925,8.387325613955785e-05,0.0067587839439511,0.0011375683266669,0.0128957105948562,0.000820189984393
0.0013040787708849,7.951518549888779e-05,0.0084889526478946,0.0010198792442679,0.0088548722576336,0.0006272616351138
0.0015705000570792,9.499486959539736e-05,0.0043494126293808,0.0039140189328463,0.0348796353025515,0.0038935018973238
0.0013698972575336,8.694447341474018e-05,0.0095620471984148,0.0014610444195568,0.0145936595482993,0.0011055001954199
0.0006028657489434,8.82491268384565e-05,0.0054567425977438,0.0020211209915578,0.019191138177682,0.0017609284793827
0.0010089780881046,7.774810929524287e-05,0.0094142016023397,0.0009717100672423,0.0058070562026856,0.0004857084952334
0.0012676250648794,8.704270741621465e-05,0.013509782962501,0.0015478739701211,0.0109331862597362,0.0009979877597445
0.0014223576921925,7.80868295669646e-05,0.00773456832394,0.0008252864796668,0.0068068094302721,0.0004503060801741
0.0028939425741147,9.828479927649842e-05,0.0180656537413597,0.003262446373701,0.0365203666876095,0.0036183825587209
0.0012159492085526,9.234340373621387e-05,0.0085236257873475,0.0026010864879935,0.0243920999090963,0.0024623848423341
0.0019411932078416,8.378784350796019e-05,0.0119680329225957,0.0010805150307714,0.0094998698067138,0.0006726384878902
0.0008418854138176,8.928272799997583e-05,0.0118610342033207,0.0019829289987683,0.0155634306485614,0.0014879673045193
0.0013639527486532,8.32315562501022e-05,0.0094757014885544,0.0011704112403094,0.010356372624545,0.0007610732631057
0.0008075027684359,7.793927835409516e-05,0.0077061164192855,0.0010286883730441,0.0080358796815748,0.000590109827059
0.0014467464870952,8.270812619439946e-05,0.0111398929730057,0.0011297999136149,0.0084785612798203,0.0006661649214515
0.0012985847568809,8.270636063620784e-05,0.0089812334626913,0.0011431850865483,0.009861066983564,0.0007137929961876
0.0012337827669123,7.836602159671971e-05,0.0078448844142258,0.0008409164566546,0.0065410001023978,0.0004412610550848
0.0010645701631517,8.64479710241295e-05,0.0093896561302244,0.0018654144369065,0.0168693664095014,0.0015041286995113
0.0009078358561448,7.72641222654075e-05,0.008288309443742,0.0010121949017047,0.0070606537412711,0.0005503624979494
0.0021846960981033,0.0001028614429623,0.0252207750454545,0.0040358218550682,0.0317826606353257,0.0039973908468172
0.0015732476291724,8.291538638037282e-05,0.0118959308601915,0.00109857885167,0.0079870839546501,0.0006322308298353
0.0011120824350059,9.4058500756868e-05,0.0144679322838783,0.0027969637885689,0.0211686842891222,0.0024346941467516
0.0012591338383882,7.525412325500003e-05,0.0100080734118819,0.0008153910562396,0.0044138092284883,0.0003829172592
0.0015717366108406,8.667380063434051e-05,0.0126402536407113,0.0013799572736024,0.0114630818333773,0.0009139473380254
0.0004193994165962,8.043220554576082e-05,0.0076440589036792,0.0013041198719292,0.0087700173770253,0.0007518412058628
0.0007907717480666,7.392166019477213e-05,0.0065724435262382,0.0008907819073647,0.0066717680266577,0.000482822992289
0.0018058461839024,8.023461009812587e-05,0.0093760495074093,0.0008698785118758,0.0075274639289006,0.0004941762674172
0.0011708024361889,8.298562199549595e-05,0.0085113821551203,0.0013047485146671,0.0116216425597742,0.0008899248988403
0.0007991616244307,0.0001041019051401,0.0168934687972068,0.0050616106390953,0.0323777327756577,0.0050595617966981
0.0011141629026326,8.944431403716622e-05,0.0140681695193052,0.0020288540236651,0.0150286559555512,0.0015089637014506
0.0035226181240048,0.0001013935343568,0.0263599753379821,0.0029991506040096,0.0284109774492627,0.002910800963004
0.0009500360480721,7.350676794293069e-05,0.0068733519874513,0.0007851776666939,0.0052250567748693,0.000378455197326
0.0008473635071829,9.079366299915648e-05,0.0109797408804297,0.0024537816271185,0.019433068697346,0.0020573389295024
0.00077859739294,7.219759257912723e-05,0.007737745065242,0.0007897831592708,0.0044100053921391,0.0003615273503892
0.0017332020987076,7.852061857303882e-05,0.0082895997911691,0.0008407711889594,0.0077606208281734,0.0004910990268227
0.0011205393014599,8.186968108603418e-05,0.006663515465334,0.0011844174191355,0.011946195795801,0.0008295869606757
0.0020134337568609,7.469167685893044e-05,0.0065467155072838,0.0005888297688215,0.0059765898477751,0.0003159784251302
0.001260074241585,7.978648715104984e-05,0.0088662006892263,0.0010781805031001,0.00922061264124,0.000678530041528
0.0010666626029208,8.651160939833502e-05,0.0111579252406954,0.0015550877898931,0.0119712518847882,0.0010379114588422
0.0013648008186732,8.461964539884024e-05,0.0099331610836088,0.0013713295571506,0.0127027870508047,0.0009702397822218
0.0012397248157754,7.619975583691855e-05,0.0061357216909527,0.0008073158748447,0.0077661200939048,0.0004661181079157
0.0016838923280487,9.24419012335474e-05,0.0202693883329629,0.0022116864100098,0.0146642392761683,0.0016197917442118
0.0019243527155186,8.046382973727348e-05,0.0079965274780988,0.0008235120400786,0.0088116496881486,0.0005057758149962
0.0015085474217697,7.90162252717688e-05,0.0080077666789293,0.0009155188687145,0.008497485716983,0.0005529496597213
0.0018521695353522,8.865564886652256e-05,0.0156066599301993,0.0013061653077602,0.0088693500459167,0.0007608684697427
0.0014259915629067,8.545129696655818e-05,0.0122732478193938,0.0013908832892775,0.0109222942592641,0.0009115389941877
0.0012715358832061,8.082838989922968e-05,0.0089707477018237,0.0011102203838527,0.0098364356585691,0.0007071534408659
0.0014416584261593,8.337216829676819e-05,0.0091273696161806,0.0011915948800742,0.0107640204865568,0.0007792676139239
0.0018143286413895,7.729504037715974e-05,0.0074117006734013,0.0007320983801037,0.0070724818544904,0.0004186597846466
0.0014670320482937,7.371378940216602e-05,0.0060667870566248,0.0006593049876391,0.0057972193123436,0.0003442653225348
0.001319297120807,7.663174979558236e-05,0.0085673904977738,0.000874294694513,0.0066804287695311,0.0004758894023668
0.0018098532497826,6.717558904073377e-05,0.0069186596665531,0.0004365547280758,0.0020493739518616,0.0001683563053805
0.0006480582488932,0.000103171309347,0.0230694785714149,0.0049810260534286,0.0265203343333903,0.0044204289101137
0.0018468211189146,8.075884444718514e-05,0.0101111968979239,0.0008434847556054,0.006794705243124,0.0004566260515905
0.0015932439484006,7.988952941608918e-05,0.0103759570047259,0.000875211879611,0.0058609506841493,0.0004461003998619
0.0013208486914428,8.181895940558579e-05,0.0056737256236374,0.0011606307141482,0.0132412091836034,0.0008580131824831
0.0009916876243443,8.313738226111843e-05,0.0062154168263077,0.0013928500656038,0.0139703793616288,0.0010239766612848
0.0009892705976033,8.674376453789395e-05,0.0081827268004417,0.0016133807599544,0.0153378587558187,0.0012407540444957
0.0016882346665984,7.775777033256718e-05,0.0084356949664652,0.0008235142938792,0.0073452768954073,0.0004746474595453
0.0011018860753501,8.37612553430719e-05,0.0089691397733986,0.0013273327890783,0.0127877711285718,0.0009483304283009
0.0012200398170187,7.756306552664195e-05,0.0084208291955292,0.0008863496873527,0.006672433052033,0.0004784647051996
0.0011455422550968,9.246943856229734e-05,0.004411619156599,0.0029120670258998,0.0255002089804774,0.0025904728457952
0.0011653479663427,7.873110390118417e-05,0.0071420019958168,0.0010095045901834,0.0092528271594716,0.000633611444274
0.0038269262086707,0.0001084937791752,0.0394557863473892,0.0047322854399681,0.0378784563949563,0.0048596919606037
0.0011063063667658,7.596552156634447e-05,0.0076099992729723,0.0008857106883078,0.0074478583061883,0.0004979634033336
0.0008301367558628,9.052529577301104e-05,0.0111489524133503,0.0023586199060082,0.0191377058593881,0.0019906998509739
0.0012074362474665,7.5264673121333e-05,0.0080562522634863,0.0007720035593956,0.0054703659135668,0.0003799435576619
0.0010499976454961,7.972283534456864e-05,0.0120428539812564,0.0011624409817159,0.0061693560886192,0.0006037765110459
0.0009953141412703,7.362684828596949e-05,0.007860149256885,0.0007375880237668,0.0042871509071868,0.0003253366059995
0.0003672193297551,7.759045849024771e-05,0.004737846320495,0.0011957901297137,0.0099138601159144,0.000751870798812
0.0013285057739083,7.689851301817389e-05,0.0071513848379254,0.0008730996120721,0.0080903043247131,0.0005199557788955
0.001150572822757,8.69387703245374e-05,0.0093252868391573,0.0016352425795048,0.0151301718297646,0.0012402952631182
0.0019951578280509,8.407137468683995e-05,0.0105730919167399,0.0010562448389828,0.0101556936243784,0.0006844492297581
0.0020774687871782,0.0001025738192778,0.0057120039127767,0.0043693520699162,0.0402163755413705,0.0044581524133296
0.0014134041883874,0.0001033176956746,0.0136342598125338,0.0049911382608115,0.039589597964945,0.0056650986711649
0.0006012855817233,7.718719958827195e-05,0.0086775794625282,0.0009784652665257,0.0051676755567497,0.0004350866639336
0.0008797025456378,7.639372255049091e-05,0.0085659492760896,0.0009064142592251,0.0055421129490986,0.0004378491349169
0.0018474105231056,7.810381773765487e-05,0.0075375598389655,0.000786067051813,0.0081727656579582,0.0004787362186953
0.001815417184011,8.602210406737781e-05,0.0118735069409012,0.0012129277363419,0.0108652652733984,0.0008003879857288
0.000789986634883,7.858034394078012e-05,0.0056741370353847,0.001069348482415,0.0094114790038647,0.0006589884499372
0.0019566698614307,8.395081471376364e-05,0.0088429292663931,0.0011544281709939,0.012835865564252,0.0008426234707876
0.0006624954688676,7.842469991231767e-05,0.0097843166440725,0.0011831404082477,0.0070443257136769,0.0006308403692132
0.0015033139464856,8.681836132894442e-05,0.0047592904884368,0.0013823683233931,0.0174925863041645,0.0011708673755189
0.0011937156180747,8.029715412052277e-05,0.0067448415793478,0.0010090352687984,0.0102456928185238,0.0006515161033296
0.0007586871673768,7.77337250242214e-05,0.0081347124651074,0.0010049031767994,0.0065086781465289,0.000517210516067
0.0023471731115245,9.80813221094258e-05,0.0540191233158111,0.0049847920984029,0.0175353238176497,0.0037873323686497
0.0022014467311763,7.855148480619698e-05,0.0066749695688486,0.0007449611555784,0.009640494340882,0.000491793273422
0.0003651241714441,9.504305335003918e-05,0.0121052456088364,0.0027425221912562,0.0182439607138927,0.0021202918000282
0.0008020956139484,8.633998263353655e-05,0.0129626300185918,0.0016321629099547,0.0098596911471536,0.0009840845497591
0.001887152213611,8.044410902909678e-05,0.0087393606081604,0.0008309668302536,0.0080381109391735,0.0004938273444238
0.0007978051728742,3.369190187984378e-05,,,0.0015070388451137,5.5314970225553753e-05
0.0007439689443447,6.835114434958103e-05,0.0048120710998773,0.0006265523843467,0.0043615845636366,0.0002898570534365
0.0010127142337157,6.500971927923295e-05,0.0047741043381392,0.0004911206103861,0.0030679076864428,0.0002088236298566
0.0005231593636544,6.751521798889384e-05,0.0032621570862829,0.0006427846243605,0.0054597545202571,0.0003246962776811
0.0008578088805905,6.733396342883968e-05,0.0052345814183354,0.0005554368253797,0.0032528489993662,0.0002302288020651
0.0010803237313318,7.259490816312808e-05,0.0075007413979619,0.0007029465120285,0.0040332120782663,0.0003131218804823
0.0018553901850283,8.941879942981484e-05,0.0148594542406499,0.0016427158005535,0.0146941631514405,0.0012328636612145
0.0010100399479114,7.72713436999516e-05,0.0076218144968152,0.0009236201364547,0.0072444017937691,0.0005122874696639
0.0007714032733259,8.290249596356399e-05,0.0101630040444433,0.0013328809291124,0.008468425876043,0.0007484519790625
0.002050230573434,8.817665650669333e-05,0.0114194061607122,0.0014160840772092,0.0156698836675346,0.0011382767258255
0.0011323230463564,8.140457454611704e-05,0.0079186065122485,0.0011726924218237,0.0108833238629355,0.0007838102041603
0.0021933916785857,8.681201002809849e-05,0.014833269175142,0.0012346387840807,0.0097018276320909,0.0007735868012516
0.0012284790658722,9.562787726460562e-05,0.0134085528552532,0.0030228669382631,0.0255545597319072,0.0028211751259813
0.0025024780724179,9.847008193905648e-05,0.0228092921897768,0.0022069383412599,0.0166709721590904,0.0016853491387945
0.0022983465764387,0.0001038759608353,0.0305925793945789,0.0031235147640109,0.0174309950719613,0.0023386155598992
0.0027459031620673,0.0001155598305165,0.0210787188261747,0.0167832479160279,0.0828166154587657,0.0205915791670078
0.0009462689949148,0.000124884944171,0.0688722133636474,0.0147121628373861,0.0253639862161758,0.0115072856303506
0.0035726808466547,0.0001127584101487,0.0372392367571592,0.0046262634545564,0.0377089569757808,0.0048869386531503
0.0015154030260122,8.051650196858572e-05,0.0072114197537302,0.0009873360395431,0.0105883712826223,0.0006685046321319
0.0034493416389354,0.0001689064818484,0.0733119398355484,0.0264431238174438,0.0942784035072616,0.0319199693085469
0.0057871419162438,0.0001983485683891,0.1431725472211837,0.0179192519187927,0.051874869664069,0.0180011589067227
0.0044025015040841,0.0001628055596603,0.0016670211334712,0.0265734277212141,0.2821418179836338,0.0407336742197654
0.0023957906962137,0.0002247522665451,0.2709920257329941,0.0620947661995887,0.0033143110344106,0.0570701040612091
0.0025394650872587,0.0002114166932441,0.1357494220137596,0.1123195827146992,0.1361133066553105,0.1310532275622549
0.0002482141900552,1.4241710577427316e-05,,,0.0007276249686729,3.278479902379315e-05
0.0006749737904899,6.597333984430221e-05,0.0023535343352705,0.0005820912332274,0.0055922060874917,0.0003021635950679
0.0004819945656917,6.91176885563062e-05,0.0035557558294385,0.0006838595354929,0.0058774140287677,0.0003455409110165
0.0012798987176873,7.655982150988542e-05,0.0061012373771518,0.0008644560072571,0.0087148098444371,0.0005377924485129
0.0019934137387015,8.515056441982987e-05,0.0105391209945082,0.0011483146622776,0.0120690854133141,0.0008109125404148
0.0033392467619907,0.0001228973764953,0.0517109706997871,0.009302624464035,0.0570192774925033,0.0104223869872117
0.0018343992660378,8.207482455728585e-05,0.009606594685465,0.0010320127010345,0.01006648230624,0.0006818119757544
0.0020089684738304,8.402663737008169e-05,0.0097550647333264,0.0011011802777647,0.0120882020595833,0.0007942054166241
0.0013910280904941,8.753117895839049e-05,0.0151207260787487,0.0017622887156903,0.0125952161364154,0.0012127737840811
0.0020844930759242,9.20203615187706e-05,0.0150031829252839,0.0017625705339014,0.0168263423956499,0.00141333687853
0.0020642094248435,0.0001010418839938,0.0305545786395669,0.0036511144042015,0.0221135833496829,0.0030534066653372
0.00305053206844,0.00010721564769,0.0351878758519887,0.0033719523251056,0.0232683430218291,0.0029576265828537
0.0052575186738231,0.0001638908545405,0.0771204605698585,0.0200924299657344,0.107215352928561,0.0243047079045491
0.0060959656871245,0.0003860001684705,0.0591245107352733,0.0488885270897299,0.2870416270310825,0.0628299509889737
0.0007230836394772,7.197915140914218e-05,0.0041681639850139,0.0007193692028522,0.006242443601339,0.0003696754570695
0.0003741091232425,2.0483562094560743e-05,,,0.001256037494928,5.178703780892784e-05
0.0032295593689105,0.0001033464900352,0.0345582030713558,0.0034245177358388,0.0237275097242145,0.0029772031166094
0.0003227278893761,6.234063715522629e-05,0.0026534080971032,0.0005269858520478,0.0035150884057473,0.0002271846223435
0.000978850489896,7.265355756517307e-05,0.00721399160102,0.0007617391087114,0.004706258103861,0.0003591000848343
0.001652449022437,7.864512481987971e-05,0.0104461135342717,0.0007851498201489,0.0047188029213191,0.0003698827346445
0.001466317156703,8.728554370024638e-05,0.005131215089932,0.0015076722251251,0.0187484896720421,0.0013064838107543
0.0020526500284788,8.972070098706717e-05,0.014188571833074,0.0016357914172112,0.0153282863796598,0.0012609037421802
0.0012456744041686,8.590316865600888e-05,0.0102625470608472,0.0016867518983781,0.0151328963031836,0.0013201758083179
0.0009437707101286,7.863389563721114e-05,0.0087515944615006,0.0010485034808516,0.0075779777513757,0.0005851137593284
0.001993939223483,9.414322111712774e-05,0.0158187318593263,0.001945168711245,0.0173173523444316,0.0015456451049168
0.0020139021418379,9.418724146909636e-05,0.016571594402194,0.0020487895235419,0.0182350529097858,0.0016778871098266
0.000615485565142,8.912955089927679e-05,0.0124729913659393,0.0024713305756449,0.0172805089413279,0.0019538527124858
0.0039340068070625,9.329555864763528e-05,0.0186791783198714,0.0013026715070009,0.0143715546726462,0.0009784866771296
0.0032382825675376,9.629715615125552e-05,0.0248174965381622,0.0016433227434754,0.0113711986273302,0.0011087182291849
0.003024345054818,0.000100339713795,0.0303951548412442,0.002776052840054,0.0209909479844188,0.0023714143031497
0.0042094218853786,0.0002438179327453,0.1489152461290359,0.0386037854850292,0.0879614729839773,0.0429792070799958
0.0065030712586627,0.0003002285157188,0.0700335837900638,0.0385549513250589,0.2175027948849455,0.0512274645690001
0.0059296407919096,0.0001397852328795,0.0001447865506634,0.0020737496593847,0.3053609246482283,0.0143277066257163
0.0006653621804405,2.7383947022218205e-05,,,0.0011965751259086,4.71296502303467e-05
0.0007802113418622,6.25815465465035e-05,0.0049315791111439,0.0004576218314468,0.0022584758134663,0.0001704869523918
0.0007057105795766,6.41207091867436e-05,0.004252903163433,0.0005080269183963,0.0035891539636254,0.0002186420518046
0.0011923566757368,7.592924973121463e-05,0.0077061294578015,0.0008398161362856,0.0063423370312319,0.0004428448399889
0.0013649962887265,7.675986853174655e-05,0.0084746624343097,0.000810148064047,0.0058278014131407,0.0004154703918518
0.0053653141108141,0.0001874003023831,0.1394361108541488,0.0171458899974823,0.0487485305226024,0.016780816036828
0.0013542070917556,8.6509005057353e-05,0.0098070935346186,0.0013031954877078,0.0116894810412597,0.0008592398029749
0.0013339620323814,9.04412348332038e-05,0.0124110300093889,0.0019306199997663,0.0166159015301582,0.0015203498606556
0.0012179038501575,7.989809724296229e-05,0.0102579179219901,0.001015724632889,0.0069082532260706,0.0005466174123082
0.0025640800757433,0.0001032516292428,0.0193993542343378,0.0062139495275914,0.0517087556637774,0.0073375640698213
0.0029286288131313,0.0001024853727118,0.0252911392599344,0.0024291505664587,0.0200411494049376,0.0020037877316894
0.0022886529533526,0.0001084340317584,0.0352752152830362,0.005935643017292,0.0377806672921201,0.0059284743960236
0.0040285505710498,0.0001041698040643,0.0431005712598562,0.0030747779458761,0.0172210419824095,0.0023895732222137
0.0051401008283828,0.0002267004595487,0.1777039766311645,0.0287162691354751,0.0564703101516061,0.0290183102095692
0.0086003383390925,0.0002724918051763,0.1950111240148544,0.0199376934766769,0.0491601844031838,0.0200823513852576
0.0068579039399686,0.0003072814116245,0.1053118482232093,0.0357935640215873,0.270349607974838,0.0518377068674558
0.0021607384205981,0.0001034338734791,0.0468795616179704,0.0067487455904483,0.0305815967014645,0.0062689078033602
0.0005636327371374,2.938320402489552e-05,,,0.0022067459510666,8.228703041162906e-05
0.0002788292264224,7.76480917958199e-05,0.0044357986189424,0.0011196389887481,0.008429904269845,0.0006431417701576
0.0013718882793333,6.674863071216342e-05,0.0044520646333694,0.0004575526434928,0.0037805020956554,0.0002075734365498
0.0014734215517162,7.314771789125531e-05,0.0075667784549295,0.0006650037970393,0.0045977068776965,0.0003183379460416
0.0011694558204403,8.116724778441499e-05,0.0090978913940489,0.0010634276270866,0.0080923451864988,0.0006018600049254
0.0015593391536298,8.147986276553021e-05,0.0082343108952045,0.0010409351345151,0.0108765267324124,0.0007066923747386
0.0017192392675289,8.214552002067175e-05,0.0097155263647437,0.0009720404818654,0.0084248841669097,0.0005737624606901
0.0015846535505042,8.671220804008849e-05,0.014469058252871,0.0013302378356456,0.0087633276841395,0.0007828368282327
0.0010068280724612,9.439237831758016e-05,0.0214851042255759,0.003131556585431,0.0181868165838925,0.002478101454574
0.0015004747396783,9.242803388899132e-05,0.0127460961230099,0.0024392041005194,0.0228110684911661,0.0022410541341894
0.0050453687781039,0.0001484117053171,0.0897918790578842,0.0105448120832443,0.0467834571502054,0.0105645034992362
0.0031470523214138,9.010155261637755e-05,0.0189838642254471,0.001170796342194,0.0089016080831913,0.0007204279820098
0.0028688682536219,0.0001169519412835,0.0390100628137588,0.0040625564754009,0.0243018260009922,0.003426499482455
0.0016655695519402,0.0001053004132465,0.0284970300272107,0.0099810584262013,0.0492530848668602,0.0109409739743419
0.0079035390386975,0.0001369285118989,0.0001212321840284,0.0018884595637246,0.3156657553129082,0.0116189978350015
0.0006084558240278,6.679328067305738e-05,0.001685696770437,0.0005601616296917,0.0055314795696058,0.0002856579644461
0.0011410622610576,6.283013430046468e-05,0.0036082410952076,0.0004017819883301,0.0027059032540117,0.0001634176283878
0.0010969615479527,7.24045091917004e-05,0.0062091844156384,0.000689254803583,0.0050270480759797,0.0003333858065881
0.0009694425165027,7.30115609953049e-05,0.00449097645469,0.0007732624700292,0.0076945543877186,0.0004541608972688
0.0016629148169915,7.32853149526709e-05,0.0083767408505082,0.0006168270669877,0.00359068936986,0.0002738329383589
0.0014450810939825,8.137141530926571e-05,0.0053775669075548,0.0010695026721805,0.0128563766331895,0.0007847525002381
0.0024379295217606,0.0001174702990449,0.0533931329846382,0.007365154325962,0.032884852930157,0.0067340629799186
0.000927705101188,8.266710319279331e-05,0.0132581181824207,0.0013111549802124,0.006367410346507,0.00066449340941
0.0012519013359175,8.604721567008196e-05,0.0062814659904688,0.0014082677662372,0.0159753256971725,0.0011095068305093
0.001993855128782,8.564162352358608e-05,0.0125306034460663,0.0012205229140818,0.0111617781927313,0.0008255143761033
0.0015252953446174,8.667989527709713e-05,0.0157210705801844,0.0013620352186262,0.0075574526294139,0.0007581477407747
0.0014867802374387,9.832793069202046e-05,0.0201892293989658,0.0028019208088517,0.019458048628008,0.0022375769989224
0.0005109033457989,5.662258794311009e-05,0.0018728830036707,0.0003494373406283,0.0020902429797704,0.0001342789137157
0.0003100267612292,6.344182922810005e-05,0.0033813652116805,0.0005675902357324,0.0036705470403628,0.0002473229960103
0.0011636283526344,7.2028437795964e-05,0.0069142361171543,0.0006737077794969,0.0043381200929812,0.0003103145667518
0.0013097420683786,7.578033287114786e-05,0.0066019189544022,0.0007688959967345,0.0067494495183505,0.0004228006306512
0.0014094596663634,8.966915060788414e-05,0.012216948904097,0.0015155239962041,0.0131204157333265,0.0010608041618048
0.0017323228893862,9.948525174839432e-05,0.0300540588796138,0.0052932618930935,0.0313501284938818,0.0051117508484663
0.0012195098253143,8.376313290996162e-05,0.0094451010227203,0.0012549269199371,0.0106100813918581,0.0008083231573584
0.0004611282517354,8.98678814153155e-05,0.0107567566446959,0.0022595601342618,0.0165424858113227,0.0017091061299503
0.0018156738535962,8.157135880797846e-05,0.0096025844104588,0.0009591628238558,0.008924333636763,0.0005901015765737
0.0012289470486907,8.873251951523444e-05,0.0135643454268574,0.0017212387174367,0.0126503828699008,0.001171564042865
0.0009825318833823,9.02425840199905e-05,0.0199879230931401,0.0027292428165674,0.0145125595451169,0.0019557220548434
0.0022500014555909,0.0001007710591688,0.0243186904117465,0.0034914387762546,0.0286285382115129,0.003406206915379
0.0039565538892985,0.00011785730667,0.0447134934365749,0.0059630217403173,0.0451857116998363,0.0064340234405402
0.0005968318401409,8.096047409305901e-05,0.0075487634167075,0.0013317432720214,0.0108818446687981,0.0008634813864975
0.0007781980503418,9.160594441859913e-05,0.0035774994175881,0.0026387452986091,0.0233346569768408,0.0022024941587019
0.0008293455970027,8.218996235178277e-05,0.0030301701044663,0.0012964835949242,0.0132059678252689,0.0009354359353326
0.0033731623812388,0.0001022682249289,0.0262841470539569,0.0028594462573528,0.026733626602843,0.0026643740920868
0.0010683971919836,7.732093314427742e-05,0.0078533496707677,0.0008926829416304,0.0064450215730783,0.0004628421938236
0.0019180319342486,8.410762771056662e-05,0.0100196423009037,0.0011475737579166,0.0123242448153927,0.0008204060927071
0.0012878863272879,9.1750293154695e-05,0.0141808427870273,0.0023633325472474,0.0188177366292203,0.0019276351002418
0.0007270961310825,9.082303170204146e-05,0.010803198441863,0.0023329464532434,0.0186424790966724,0.0019457265466563
0.0010036729270514,9.575716334229403e-05,0.0239917365834116,0.0035385422036051,0.0167333884398165,0.0026355604601323
0.0039291254684148,0.0001068614761067,0.038620863109827,0.0037227610498666,0.0294214497344579,0.003570371734002
0.0016189666808474,0.0001242916006067,0.0373201929032802,0.0205029147304594,0.0782201994193487,0.0257620854380401
0.00021146781582,1.046700760044426e-05,,,0.0013825271232726,5.1505523999747e-05
0.0003719382254054,6.923136376128357e-05,0.0061148544773459,0.0008114926610141,0.0042891414500791,0.0003657507465785
0.0011618014414348,7.751860395210962e-05,0.0058636569883674,0.0009467779379338,0.0102259818653242,0.0006319801510814
0.0020999300029708,0.0001066536900555,0.0472523216158151,0.00448435023427,0.0143379008527332,0.0031220206017696
0.0028532445929955,9.2576439942804e-05,0.0151018239557743,0.0014475490152835,0.0160792228790182,0.0011440037412151
0.0010827304157976,7.365855774260893e-05,0.0061652790755033,0.0007646752055734,0.0062592478451273,0.0004073109611539
0.0007658674372949,7.208046827980727e-05,0.0046113682910799,0.0007458767993375,0.0070835977967044,0.0004133150024513
0.0017055816149763,7.893396663826596e-05,0.0053035793825984,0.0008263594936579,0.0101135195918349,0.0005528165095828
0.0012133545285893,7.496837925394803e-05,0.0049612782895565,0.0007316686678677,0.0076471893493314,0.0004293889513663
0.0009121047283367,8.4486422407011e-05,0.0115682003088295,0.0014438402280211,0.0095419246152126,0.0008687916707848
0.0006254482404232,9.240673639873688e-05,0.0130807948298752,0.0037567475065588,0.0256708915736335,0.0034326894860629
0.0017781916099617,9.943970131584416e-05,0.0264026150107383,0.0027599430084228,0.0142948491861566,0.0019218623898572
0.0017253175087001,9.73554144599964e-05,0.0225181020796298,0.0035908287391066,0.0255105293401872,0.0033032319383196
0.0034059856271147,9.54992840992235e-05,0.0223763845860958,0.0017470881715416,0.0159396763478102,0.0013394538377047
0.0038829162907922,0.0001129631450798,0.025067776441574,0.0040803769230842,0.0431376910315477,0.0045663525042826
0.0008326115918294,9.191189859821436e-05,0.0185604700818657,0.0041507242247462,0.0265326828618317,0.0038054989216792
0.0035727856422609,0.0001142745967338,0.0344513729214668,0.0048598841205239,0.0400889282107535,0.0050721112380545
0.0007534353509578,7.20714728060538e-05,0.0025692351628094,0.000721757824067,0.0074840133377634,0.0004113670719553
0.0010319826141283,7.177125098685867e-05,0.0056868288666009,0.0006689540855586,0.0052536925318021,0.0003317470154271
0.0009444605079887,7.290711758666706e-05,0.0061326874420046,0.0008041518740355,0.0065520235666456,0.0004376455020617
0.0011149885216972,9.003710556857217e-05,0.0005560335121117,0.0018565206521088,0.0302017289485356,0.0022952802035612
0.0012946652156875,8.489319567620045e-05,0.010688523761928,0.0012867818586528,0.0098751132080044,0.0008089052245581
0.0015177514573605,7.958426991879234e-05,0.0104078250005841,0.0008580032363533,0.0052067869366445,0.000408292261174
0.0017879675183893,8.127062089287838e-05,0.009740263223648,0.0009356902912259,0.0081736940642082,0.0005479987157984
0.0013517593551592,8.463843853578597e-05,0.0125110014341771,0.0013236033543944,0.009895552198527,0.0008224089659949
0.0021005254770817,9.686642522328164e-05,0.0108602554537355,0.0022408962622284,0.0266683462251018,0.0022398525371473
0.0019264392771644,8.754995112392021e-05,0.0128419902175664,0.0013144854456186,0.0119455792760257,0.0009029829327455
0.000940590078358,9.158118061375169e-05,0.0172326089814305,0.0021330528520047,0.0117596151522617,0.0013732678802276
0.0030919578654991,0.0001055237661392,0.0347281452268362,0.004125534556806,0.0313511258052831,0.0040487391106753
0.0023534937601417,0.0001129751950098,0.0364523474127054,0.0089967756345868,0.0562267612675319,0.010513794602651
0.0023386799758928,0.0001452529417861,0.1152802407741546,0.0162692707777023,0.0128635939944713,0.0123616626199979
0.0003641179113226,6.034503028499397e-05,0.0028044169303029,0.0004559328407049,0.002640531304951,0.0001803469078265
0.0004055165462743,6.70335512312091e-05,0.0051830173470079,0.0007042584009468,0.0040085621670134,0.0003135807706575
0.0007415739684931,7.427926121296143e-05,0.0057498787064105,0.0008828754071146,0.0068946421920599,0.0004792577128271
0.0012528034330023,7.413842191301284e-05,0.0078676375560462,0.00076569407247,0.0054950393976346,0.0003855009757144
0.001330524491621,8.567079158810446e-05,0.0001068127239705,0.0007568158705362,0.0301013713155177,0.0016742771689467
0.0013470658560088,8.242812201985977e-05,0.0088027762249112,0.0012067605648189,0.0112184345467916,0.0008186806895841
0.0016873225784497,0.0001006240922488,0.0282709989696741,0.0043265098333358,0.0255235079881049,0.0038624062718198
0.0006488108950145,8.01823686716449e-05,0.0109158051200211,0.0013820291496813,0.0082198922482559,0.00078877175585
0.0020311158291555,8.974152960027158e-05,0.0144229596480727,0.0014700298197567,0.0136222320044644,0.0010749486304847
0.0021916120671947,9.188092229033992e-05,0.0106492801569402,0.0015706834197044,0.0191576040351372,0.0013559906025752
0.0018130493731389,9.691050887419752e-05,0.0169246168807148,0.0025833921693265,0.0233376897101474,0.0023474331707896
0.0036002160860747,0.0001051319346603,0.0302540715783834,0.0034009024873375,0.0313282855609002,0.0033482272922856
0.0005733557961883,6.70616574107209e-05,0.0047199567779898,0.0006044537387788,0.0040437119540284,0.0002646203740207
0.0010291295161514,8.305378997164022e-05,0.0038196211680769,0.0012234641099348,0.0144176744317519,0.0009480159125508
0.0006588884807073,8.353017548663353e-05,0.0056925136595964,0.0017156500834971,0.0151342113942632,0.0013249485780258
0.0012326788141641,9.546914335474164e-05,0.0172692723572254,0.0025175914354622,0.01725529509581,0.001924702460734
0.001504931704865,8.812359864159469e-05,0.0136515479534864,0.0017375260964035,0.0140312212503109,0.0012601957780158
0.0021502958623236,9.253588477133642e-05,0.0155587438493967,0.0017953279800713,0.0168108650293487,0.0014322903646539
0.0018326935150287,9.350040374725118e-05,0.0192134603857994,0.0018627448752522,0.0133362565867328,0.0012952622623293
0.0004443603503768,9.271109033267244e-05,0.0210262816399335,0.0042029344290494,0.0195705426341327,0.0032392053079404
0.0022714939192259,9.676407218890811e-05,0.0196392890065908,0.002003479078412,0.0169934682136904,0.0015550421355984
0.0029590035471918,9.47710829443506e-05,0.0191565919667482,0.001954426690936,0.019422017580373,0.001670613445783
0.0030071758551435,0.0001057631752273,0.0253523364663124,0.0035467650741338,0.0333025160652545,0.003627887552895
0.0066310227794221,0.0002003169173355,0.1657896190881729,0.0165803918242454,0.0206232537771126,0.0145286987544634
0.0064287687867429,0.0001281593908845,0.0001105120391002,0.0014467863395202,0.2977141645961227,0.0122041850599143
0.0003708871833646,6.527025670160472e-05,0.0038500068476423,0.0005698236264288,0.0033951549098923,0.0002317544845135
0.0010508121840594,7.446578828251144e-05,0.0076267160475254,0.0008255987428128,0.005704584949482,0.0004153830092401
0.0010037152555391,7.531275734012455e-05,0.0069700148887932,0.0008348179981112,0.0062558352268415,0.0004352085444533
0.0035730388097588,0.0001046024125176,0.0270705875009298,0.0040450369566678,0.03976393343777,0.0043725305095891
0.001209945647264,7.831387364135066e-05,0.0100445747375488,0.0009465946257114,0.0063599282443805,0.0004942854186168
0.0018238493304356,8.387218952637335e-05,0.0086849690414965,0.0010970544535666,0.0123235104315427,0.0007856677601105
0.0006272767860214,8.272634060402825e-05,0.0107108508236706,0.0014119860716164,0.0085265301449286,0.0007964452873667
0.0018061740141374,8.461837108237388e-05,0.010685205925256,0.0012090299092233,0.0116674971247119,0.0008347818288345
0.0019206024274503,9.107933724079256e-05,0.013049277011305,0.0016118334606289,0.0158575350608602,0.0012681877057306
0.0027765140698405,9.408451646462576e-05,0.0131400683894753,0.0015404955856502,0.0190113147722097,0.0013399260193209
0.0015897148810984,8.415048241441707e-05,0.0112427053973078,0.0012664262764155,0.0109144096059902,0.0008492459630179
0.0031295615077965,9.982665294764074e-05,0.0240958640351891,0.0020873892307281,0.0193515239839432,0.0017304091548052
0.000443704328874,2.5545322404355248e-05,,,0.0020581627585854,8.182135398573356e-05
0.0009039056550616,7.365590586599891e-05,0.0079771690070629,0.0007989872619509,0.0044649173578939,0.0003657088776325
0.0028611327526939,9.109686415348068e-05,0.0159734450280666,0.0013032544590532,0.0125655424956402,0.0009129248037121
0.0012099453200194,7.060424524742365e-05,0.005626797908917,0.0006061040051281,0.0049636936425514,0.0002971991602416
0.0013480468000145,8.165836880151978e-05,0.0086232190951704,0.0011233491729944,0.0102695612002968,0.0007312613587045
0.000935456821473,7.552997410620018e-05,0.0076272059231996,0.0009305887576192,0.0069375578616273,0.0005085489028127
0.0010428358324213,8.256584298486631e-05,0.0082750683650374,0.0012173673603683,0.01086885922103,0.000800711060224
0.0009094373901725,8.693679300256891e-05,0.0135665144771337,0.0017540798150002,0.0116879139023896,0.0011602222005521
0.0030067586317347,9.223623342905418e-05,0.0155816343612968,0.001356036402285,0.014702286252804,0.0010396535805309
0.0017566991337812,9.395366577298332e-05,0.0131126129999756,0.0020512865111231,0.0199142913946941,0.0017636744221962
0.0016246696884063,9.232380504099553e-05,0.0165562350302934,0.0020313693396747,0.0158444231358735,0.0015620805610818
0.0036061858662666,0.0001066673227779,0.0262240516021847,0.003921124599874,0.0399095844214006,0.0042459027150829
0.0006189694328166,2.699793862978193e-05,,,0.0012711493126014,4.803748693261881e-05
0.0016964458183378,0.0001035383167669,0.0196208022534847,0.0058452995307743,0.0421305678993674,0.0066686478019418
0.0008929391176,6.60192018284364e-05,0.0031602133531123,0.0005244422983378,0.0044246037644371,0.0002502648243828
0.0012708160289136,7.412451936161823e-05,0.0051698288880288,0.0007680135313421,0.0078837194277574,0.000464662114868
0.0008230495592649,7.190695329386252e-05,0.0051319207996129,0.0007535262871533,0.0059455381039727,0.0003916702443116
0.0007924104889222,7.957063851016005e-05,0.0072458195500075,0.0011581925116479,0.0091290685210693,0.0006902048226525
0.001497334838572,9.128798770934293e-05,0.0108902095817029,0.0020722375623881,0.0211530709258117,0.0018814465266494
0.0010196180263551,8.596137898053279e-05,0.0062953059095889,0.0016057946719229,0.0175931225465878,0.0013542450900277
0.0025284284885029,9.88204408802493e-05,0.0270612742751836,0.0030174300074577,0.023149293053211,0.002680080368554
0.001771655109973,9.234565673914936e-05,0.0209346609190106,0.0019296975806355,0.0117870294293895,0.0012778250340611
0.0015604255118815,8.301769208138234e-05,0.0131187103688716,0.0011669876985251,0.0082757838458007,0.0006796935231417
0.003162459865776,0.0001015774920679,0.0245672930032014,0.0023029848933219,0.0207751297971807,0.0019663659242389
0.0015873780368028,9.701353148590928e-05,0.0220990367233753,0.0029393485561013,0.0194589924472523,0.0023803942400703
0.004366488019694,0.0001354610875546,0.06877913326025,0.0142359000444412,0.0784861442909089,0.0165842412450717
0.002973055925041,0.0001372610660284,0.0792216956615448,0.0228949505835771,0.0812922957003461,0.0265834074978041
0.0024634049005918,0.0001337713878327,0.0766992717981338,0.0214724330604076,0.0672090111683011,0.0242747916088435
0.0002963523900168,1.7768187893699335e-05,,,0.0013993335770123,5.2952078854974624e-05
0.0011332306985318,6.360614282918805e-05,0.0036627538502216,0.0004110685549676,0.0031330291743448,0.0001743042388452
0.0006183605001409,3.415947011274948e-05,,,0.0021597688441484,8.511916812959687e-05
0.0005437512082733,7.501588150574893e-05,0.0062093613669276,0.0009265604894608,0.0061635014173703,0.0004634988871155
0.0011487631635138,7.916761630419691e-05,0.0071388445794582,0.0010115152131766,0.0090201829689237,0.0006119472113626
0.0017153790297797,9.137443066592432e-05,0.0089244963601231,0.001884806677699,0.0226518758319995,0.0017728814922553
0.0013459736792695,8.574870678533346e-05,0.0138026447966694,0.0013966839760541,0.0091251753800174,0.0008305805004266
0.0012963180426019,7.680532891498888e-05,0.0079037984833121,0.0008413676638156,0.0070464810396121,0.0004625328550263
0.0014031554927353,8.253243467004211e-05,0.012726588640362,0.001170300412923,0.0071912557491797,0.0006373358765027
0.0021310013083089,8.921810098797348e-05,0.0115784308873116,0.0014984926022589,0.0164901269627552,0.0012164878080054
0.0011547576277967,8.638955365232047e-05,0.0131968758068978,0.0015851126611232,0.0111959578677468,0.0010392796250213
0.0029620338670761,0.0001002419861124,0.0163937583565711,0.002399638518691,0.0275683490463168,0.0023772902805967
0.0013603738624403,0.0001081816601087,0.0287364609539508,0.0081524968519806,0.0427875023592743,0.0086668881249586
0.0033033574645822,0.000168718638509,0.1662885695695877,0.0229872566461563,0.0115287022036417,0.0183294339181137
0.000753879606633,3.206992432412768e-05,,,0.0017813592624858,6.348425390675146e-05
0.0011635161056683,6.46707441004932e-05,0.0028582987142726,0.0004107128968462,0.0036391485041868,0.0001816010495797
0.0007997118603795,8.116319447719366e-05,0.0064804651774466,0.0012609966099262,0.0114040926772848,0.000838494111997
0.001704605108129,8.185445253414028e-05,0.0082672713324427,0.0009832710586488,0.0102790646713043,0.0006532273083648
0.005964198402094,0.0001286761396575,0.0644538402557373,0.005231574177742,0.0341779850259979,0.0049361374389446
0.0029843897541919,8.990792401139362e-05,0.0165324974805116,0.0012552733160555,0.0118399921046781,0.0008765714431652
0.0012715661954769,7.467989776431343e-05,0.0072500235401093,0.0007625688798725,0.0056498039941795,0.0003835054915974
0.0024982367355568,9.40667698492558e-05,0.0210198340937495,0.0017405703663825,0.0128848535002831,0.0012101761686724
0.0012465986675537,9.438577818435572e-05,0.021532199345529,0.0034188344702124,0.0215508114056984,0.0028702060008015
0.0012144182329249,0.0001045417230284,0.0349916759878397,0.0043921344354748,0.0160928506859934,0.0030604780564957
0.0016093958568451,8.410695786521295e-05,0.0104690645821392,0.0010902016609907,0.0095519888472216,0.0006741906670893
0.0005568389175999,8.754021204813458e-05,0.0128830070607364,0.0020672866888344,0.0126690416595721,0.0013883067377721
0.0006276334981425,7.561410721169753e-05,0.0092484252527356,0.0009484174661338,0.0039833918405385,0.0004031324938433
0.0015322349499027,8.245254646030865e-05,0.0085721025243401,0.0011314383614808,0.0112916122708609,0.0007748171752609
0.0007820968464779,8.028595043436774e-05,0.0135361375287175,0.0013299423083662,0.0059189049030014,0.0006693309590266
0.0006103050216459,9.591924050693802e-05,0.0060956580564379,0.0037028323067352,0.0263198384758629,0.0032638979041212
0.0031971634335855,0.0001099974221005,0.0296359350904822,0.0041067749261856,0.0358351430364817,0.0043065263376316
0.0026479053883444,8.374934207664841e-05,0.0122324735857546,0.0008561950735747,0.007460084663983,0.0004905579400551
0.0019579470694452,0.0001020125653634,0.0370697304606437,0.0053044298291206,0.0290319506733327,0.0049153741408872
0.0011695932066777,7.030144093211508e-05,0.0052040619775652,0.000616436805576,0.0051023457667618,0.0003042192170623
0.0006942540234917,7.386365465409349e-05,0.0076633698772639,0.000855213580653,0.004849610738035,0.0003902182042437
0.0014557772941511,8.275326847994929e-05,0.0058875198010355,0.001085016047582,0.0128698820428564,0.0007949996754241
0.0027116150110037,8.488949511248171e-05,0.0137567687779665,0.0008998693339526,0.0073707341755718,0.0005135374453755
0.0022462533725267,9.87375618811048e-05,0.0056794756092131,0.0062968175816058,0.0560533505743699,0.0075615739190485
0.0013795888429762,9.51304918538462e-05,0.0171978808939456,0.0029180940054357,0.022284372927153,0.0025588676848298
0.0028399594214619,0.0001100994750921,0.0132059017196297,0.0048120273277163,0.051401672603561,0.0060867572170653
0.0014256610044644,9.837568809117728e-05,0.0141659053042531,0.0030660958029329,0.0268218324497596,0.0029675900501453
0.0012360466419397,9.348036043846288e-05,0.0180060975253582,0.0023413533344864,0.0167737496322265,0.0018102992197955
0.0035935392882252,9.784816107529784e-05,0.0225218702107667,0.0019325301051139,0.0195197414046447,0.0016250671769989
0.0015729614775316,7.620142792029308e-05,0.0062013254500925,0.0007160059455782,0.0075959796754922,0.0004135387991298
0.0007031986558988,7.72534146281055e-05,0.0077552744187414,0.0010537130292505,0.0075116739961397,0.0005859142467914
0.001510385193627,8.851829744985348e-05,0.0073560695163905,0.0016663439013063,0.0188233823183983,0.0014364796890591
0.0019992907571656,8.947849952712066e-05,0.0115476138889789,0.0013834295608103,0.0141359607069674,0.0010262023339396
0.0010510312321259,9.31262609269632e-05,0.014077833853662,0.0024822854250669,0.0178171776193538,0.0019694735465653
0.0032024974686041,9.071491711128316e-05,0.0128936786204576,0.0011453142762184,0.0143492828957621,0.0008757277902514
0.0016030614951271,0.0001169517045398,0.0426686611026525,0.0093313765525817,0.0438799663347093,0.0094207825774015
0.0010838205032822,7.28839892274436e-05,0.0063964212313294,0.00070849112235,0.0049158086422654,0.0003385383887435
0.0010866769904017,6.697405725016687e-05,0.0057054962962865,0.0005456410534679,0.003440605110389,0.0002404855061081
0.0014908257176218,9.68065756968082e-05,0.0193916093558073,0.0028878029808402,0.0214410609125739,0.0024661616062119
0.0010913987502744,8.017552688677405e-05,0.0059388959780335,0.0009731204155832,0.0093890417639526,0.0005989723350953
0.0012906670562481,7.26472790886631e-05,0.0078896009363234,0.0006880711298435,0.0043453827865994,0.0003245760019261
0.0017344350469285,7.822440534625396e-05,0.009408239275217,0.0007807523943483,0.0058978686589464,0.000401588052874
0.0023840088124595,8.299543594656421e-05,0.0138560505583882,0.0009414187818765,0.0064336449699299,0.0005136336315269
0.0019808822192364,9.343640639867049e-05,0.0114336144179105,0.0017291584983468,0.0187642435655955,0.0014532766615406
0.0032753716067362,0.0001003766027089,0.022351961582899,0.0027339948713779,0.0281092399781571,0.0026456482830893
0.0013849752339117,6.906658719423183e-05,0.0049924305640161,0.0005086216237395,0.0039975455026162,0.000232730457984
0.0001460910255079,7.668667361909677e-05,5.8912170061375946e-05,0.0004050925169849,0.0167301435511754,0.0010611982992706
0.0009181019945392,7.44458468407063e-05,0.0072254203259944,0.0008480774704366,0.0061640730581326,0.0004383139726946
0.0008800591503117,8.454363497956315e-05,0.0113708451390266,0.0015277920290827,0.0105689876288915,0.0009556634051734
0.001263333804571,7.319179553505386e-05,0.0053855287842452,0.0006946786306798,0.006395164616158,0.0003767539291389
0.0015236038879803,8.203871582629103e-05,0.0082368715666234,0.0010719586350023,0.0110349478352131,0.0007266972990735
0.0009812751389248,8.338143103689692e-05,0.007835837546736,0.0013908429816365,0.0129962060381768,0.0010089813046503
0.0013016640477098,9.391293203268934e-05,0.0137916579842567,0.0027258220501244,0.0230453931514251,0.0024863583951275
0.0014782986503399,8.910654118944985e-05,0.0163807161152362,0.0016052609123289,0.0105128779828085,0.0010001246898176
0.0025552136293377,0.0001172365074324,0.0447603613138198,0.005951602011919,0.0326596854018552,0.0055728898338788
0.0021260279893169,0.0001264775199394,0.0334232449531555,0.0284502049116417,0.103487950525181,0.0343398543964338
0.0068748406768735,0.0002041593648017,0.1075856834650039,0.0174274872243404,0.0972317834656369,0.0208776572534149
0.001014845065844,6.325345988861752e-05,0.0039170309901237,0.0004062317311763,0.0027180677331672,0.0001593424916049
0.0013165055401569,7.01911296896794e-05,0.0065178098157048,0.0005462039541453,0.0032341961028987,0.000227259583895
0.0008399496606224,7.738514699111537e-05,0.00736985495314,0.0010428092908114,0.0080313945002092,0.0006076653636588
0.0012097920748041,8.956964408065736e-05,0.014689837116748,0.0018028737977147,0.0120827322598706,0.0011860244779298
0.0017816324341443,8.924672994932437e-05,0.0105922920629382,0.0016310543566942,0.0174964957648575,0.0013577222615607
0.0017502497668993,8.081745330903545e-05,0.0087535446509718,0.0009175844676792,0.0087261465551295,0.0005641858414245
0.002037497787966,8.387850556997685e-05,0.0114629622548818,0.0010404192283749,0.0089950253355029,0.0006420443105587
0.0016647545942439,8.696042229218437e-05,0.0125807034783065,0.0013951670378446,0.0115864800797051,0.0009372043135105
0.0014680726456406,9.129062244975443e-05,0.0087194587104022,0.0020155216567218,0.0219572121751352,0.0018432019191599
0.0022550252112261,9.642876628116177e-05,0.0388575959950685,0.0043445034325122,0.0222727207033991,0.0037354259367997
0.0009933921078488,7.35382695605045e-05,0.0058901207521557,0.0007451435923576,0.0068357822331262,0.000403802319913
0.0010281753393426,7.236207015856935e-05,0.0043161443900316,0.0006813838565722,0.0064069292641063,0.0003626607313315
0.0013543345930648,8.63068924251897e-05,0.0073915708344429,0.0014056645706295,0.0153812526815354,0.0011034272927388
0.0016597793777393,7.322993791361847e-05,0.0069524720311164,0.0006124313734471,0.0046610613111248,0.0002922380709418
0.0022007721864212,0.0001037234569583,0.0179015528410673,0.0042904942668974,0.0399032378943015,0.0048663455870827
0.0013564629076212,8.109235225260778e-05,0.011259086895734,0.0010655389353632,0.0074585469911316,0.0005902510100875
0.0013827579050713,8.160818847150484e-05,0.0097898719832301,0.0010393317788839,0.0084973615063812,0.0006029953260917
0.0009366729479286,0.0001022989937253,0.0117339971475303,0.0053924598824232,0.0365841057659123,0.0057853843630081
0.0011124308483238,9.560093378453032e-05,0.017293531447649,0.0029414179734885,0.0206466343829456,0.0024546951362397
0.0023120139628586,8.878248969553101e-05,0.0138509897515177,0.0012485080212354,0.0118810645614466,0.0008534341631811
0.0025326859403148,0.0001443328954782,0.0001646258460823,0.0026462675743095,0.2931704718772581,0.0252891212769437
0.0012380242948688,7.399033085615553e-05,0.005523880245164,0.0007304900325834,0.0073064012436618,0.0004252757943528
0.0006270157982918,7.480131993757209e-05,0.0056178900413215,0.0009160449821501,0.0072303149968877,0.0004981871274803
0.0012701875589316,8.199176112053163e-05,0.0099471416324377,0.0011029324866831,0.0084723697893118,0.0006390213871697
0.0002250539186108,7.825935213002957e-05,0.0081852972507476,0.0010647960565984,0.0042800339570302,0.0004427751007225
0.0005027740570027,6.063937643739008e-05,0.0039155972190201,0.0004220025148242,0.0022840165051298,0.000152340087196
0.0019886136111479,8.668605969599976e-05,0.0116945398040115,0.0011681829951703,0.0112175337932669,0.0007910004204391
0.0014270498001365,7.989151717234955e-05,0.0085705686360597,0.0008825617376714,0.0070563396894755,0.0004835102395757
0.0011735646188301,9.73790099258506e-05,0.0275621134787797,0.0052680715546011,0.0272916848904863,0.0047780943715638
0.0023506872194635,9.734447571021176e-05,0.0199806373566389,0.0023899165540933,0.0217939940044943,0.0020867689361687
0.0012651517450612,9.939025347112168e-05,0.0294249085709452,0.0056710308417677,0.0295569997668869,0.0053749731324327
0.0008167366300096,7.75437767476417e-05,0.0072899700608104,0.00102040046826,0.0081122809880871,0.0005841820528843
0.0015380416754214,7.424826024220762e-05,0.0040068184025585,0.0006434771884232,0.0076411542553835,0.0003798686595756
0.0014606722472444,7.616138439836898e-05,0.0067591271363198,0.0007563351467251,0.0074453983469524,0.0004310094010641
0.001094315333438,7.435238677977267e-05,0.0078097886871546,0.0007705468963831,0.0048655842667583,0.0003582027493678
0.0020839090821115,8.718810453783258e-05,0.0094163930043578,0.0012378109619021,0.0141384616919678,0.0009345732609705
0.0016934476061084,7.562026699729904e-05,0.0071205443236976,0.0006583191640675,0.0054578707350171,0.0003347915442076
0.0026963963773634,0.0001020460078241,0.0272277873009443,0.0036117321625351,0.0277947079084198,0.0034427596838074
0.0012865783456212,7.913687805154927e-05,0.0074038498569279,0.0009667035192251,0.0095480630668875,0.0006143446391737
0.000873647726468,7.542776578467881e-05,0.0047947829589247,0.0009343997389078,0.0100433134024181,0.0006211427670082
0.0010078624360397,8.462779578892357e-05,0.0098545616492629,0.0014375057071447,0.0113942832130064,0.0009559050446595
0.0018574670131142,8.064347721710658e-05,0.0088390875607728,0.0008428310975432,0.0078715005497982,0.0004916269218803
0.0007268931470092,7.763749307305155e-05,0.0097491620108485,0.0011656691692769,0.0066043851351532,0.0006242470438082
0.0024662788496259,9.036053147041916e-05,0.0141601618379354,0.0013205674476921,0.0132318371763715,0.0009528024088901
0.0007863227132335,5.837635687062741e-05,0.0017841454828158,0.0003113582055084,0.0024038056174933,0.0001208590688339
0.0015805330970001,7.35460563906097e-05,0.0068958736956119,0.0006262852624058,0.0050693914247997,0.0003054440695931
0.0002928559007551,8.14099169733956e-05,0.0066095129586756,0.0013065811246633,0.0086710405669749,0.0007308800956222
0.0035457641716338,0.000146283819185,0.0645493939518928,0.0188937406986951,0.0888430890095396,0.0229664169682041
0.0013974785468411,8.969727309464316e-05,0.0131048196926712,0.0017037193477153,0.0141198051689133,0.001211964057888
0.0004123797206332,9.473906702164056e-05,0.0065744495950639,0.0028055345872417,0.0211502956801759,0.002387161850176
0.0006569656898394,9.339534107406768e-05,0.0130565669387578,0.0031822511181235,0.0220321592202951,0.0027868319281619
0.0005440718332423,6.50174862750427e-05,0.0035052988678216,0.0005308430688455,0.004269743063339,0.0002399230768766
0.0005197009935507,2.7362577468731e-05,,,0.0012625433651896,5.200950624991904e-05
0.0007528989616568,7.005230033228869e-05,0.0060761296190321,0.0006925362534821,0.0042680489939269,0.0003139831404755
0.0011076884086315,6.932948481925172e-05,0.0061871809884905,0.0005931300111114,0.0036772127071103,0.0002597528959956
0.001124245094129,8.026988039930944e-05,0.0102083752863109,0.0010792196542024,0.0072717446724671,0.0005965741366345
0.0012596298560058,7.693595107421416e-05,0.0074319117702543,0.0008533974830061,0.0067701428232805,0.0004569305398278
0.0011053507440129,8.725034671330442e-05,0.0147304693236947,0.0017571648024022,0.0114071811693652,0.0011615324864041
0.001383272499631,8.963304116211559e-05,0.0174721740186214,0.0017230609804391,0.0100826056583352,0.0010373552310743
0.0007085217997713,7.097606093137425e-05,0.0045136427506804,0.0007255163509398,0.0059404964681775,0.0003730734148777
0.0019852222497623,9.272227496872524e-05,0.0154275950044393,0.0019328255020081,0.0191637447534289,0.0016605788611219
0.0021638104557651,9.624185986186784e-05,0.024736507795751,0.0025858757644891,0.0182105707281777,0.0020858043365814
0.0016947080761856,9.077005810717554e-05,0.0175512805581092,0.0016659183427691,0.0103543385626098,0.0010383075183991
0.0019422623373057,9.886183177228865e-05,0.0250330101698637,0.0031028313189744,0.0211429210156868,0.0026007010901975
0.0032691796941748,0.0001056469232564,0.0321544706821441,0.0034660222008824,0.0274701918449089,0.0032221816737767
0.0037413048453528,0.0001146413884146,0.0606295634061098,0.0071495540440082,0.0373761215218897,0.0071248772227881
0.0013581121906595,6.896075274105879e-05,0.0040510203689336,0.0005095265991985,0.004790345961337,0.000247667208974
0.0011685894073347,7.816260069309954e-05,0.0067687537521123,0.0009312905464321,0.0088162355073011,0.0005663650031022
0.0006411701331281,8.0089833251339e-05,0.009943819604814,0.0013185260817408,0.0078748370097589,0.0007382781153311
0.0038851637071748,0.0001104708938281,0.034526165574789,0.0042976395413279,0.0371528960308802,0.0044994901367979
0.0030207966714597,0.0001017814220585,0.0260776504874229,0.0022657326608896,0.018250834002741,0.0017737636232562
0.0032446034330215,0.000116446383606,0.043365204706788,0.0042751785367727,0.0242564256660655,0.0036024104896988
0.0018553926703038,0.0001099857672091,0.0429274998605251,0.0063212056457996,0.0293617724334985,0.0057080203789995
0.0008193300673052,6.252795628748945e-05,0.0031560063362121,0.0003913854015991,0.002924991942661,0.0001564737525585
0.0010997059984365,7.016606604774234e-05,0.0050871456041932,0.0006335111893713,0.0054568605039,0.0003231880164495
0.0009479522241121,7.561668932989669e-05,0.0051026986911892,0.0008682626858353,0.0085739804081083,0.000527458507235
0.0007346678852248,8.032689932688003e-05,0.0088594960980117,0.0013196550309658,0.0098755465851406,0.0008253055572288
0.001006725563731,8.491272983490836e-05,0.0087050790898501,0.0013726807851344,0.0122885206676753,0.0009408625061292
0.0009773192836744,7.636707737629996e-05,0.0084605072624981,0.0009200363233685,0.0062636428151434,0.0004764828207835
0.0002471890545377,9.656072555655093e-05,0.006299210479483,0.0024811173044145,0.0165564354778865,0.0018167263115229
0.0014526787042898,8.844185397871834e-05,0.012421257328242,0.0016531165130436,0.0137621529807713,0.0012021299146856
0.0019912617989058,0.0001004685805536,0.0302341300994157,0.0057203504815697,0.0363312710060454,0.0058411669997491
0.0061382812669244,0.0001699883708521,0.1404900252819061,0.0140391561388969,0.0309304507897537,0.0126137788215335
0.0004252634764336,7.003439469595286e-05,0.0049832905642688,0.0007304087746888,0.0047908405371273,0.0003361503719254
0.000724181452302,7.983594891541944e-05,0.0055440298747271,0.0011672676447778,0.0105175997989702,0.0007410114376221
0.001225850986695,7.300797976532935e-05,0.0064724436961114,0.000731148160994,0.00638100687417,0.0003971477051892
0.0005803267533011,9.018166321248574e-05,0.0064922552555799,0.0025478464644402,0.0204628380515093,0.0021651023068593
0.0019659760439331,0.000140388667386,0.0712391287088394,0.0136596634984016,0.0394201456913993,0.012474348812563
0.0007422116093979,6.566266890622205e-05,0.0054735934827476,0.0005594205390661,0.0026657470770932,0.0002222374727371
0.0006830551728746,9.04810902424575e-05,0.0038518978981301,0.0024693012260831,0.0199016264465445,0.0018964694090786
0.000265153887174,8.224625835165258e-05,0.0065202990081161,0.001362799629569,0.0093780318994057,0.0007852917918452
0.0005572877845968,8.286705184736205e-05,0.0101699554361402,0.0016134305112063,0.0099593479422504,0.0009747660165513
0.0018517450780585,0.0001173919385619,0.0390548557043075,0.008811481706798,0.0482985853240921,0.0096048159062926
0.0012546566282445,0.0001091670344906,0.0326393134891986,0.0068134175986051,0.0370506589191943,0.0068184238831233
0.0017894736180036,9.038950734823088e-05,0.0165052786469459,0.0015131800621747,0.0110535903052433,0.0009711859768805
0.001754128393417,9.54265563511002e-05,0.0182731719687581,0.002160068154335,0.0165255913561849,0.0016601990849403
0.0015448352206273,8.770450597907513e-05,0.0173398097977042,0.0014228093624114,0.0072841915720785,0.0007741912988914
0.0027467397704331,9.887435980578292e-05,0.0301845725625753,0.0022855559363961,0.0130418906068529,0.0015600280579521
0.0015089437454176,9.756080011934428e-05,0.0273254159837961,0.0040499838069081,0.0238807828868911,0.0035935446089366
0.0044163746574915,0.0001429146668876,0.0355581231415271,0.0266135769197717,0.1216310685500562,0.0331409661245939
0.0013225076803348,7.004804029647716e-05,0.0065699198748916,0.0005449584778398,0.0034586848927934,0.0002289785044939
0.0015453927928077,8.007536603902373e-05,0.0101162525825202,0.000945298820734,0.0070622585059805,0.0005233391578243
0.0023081387025592,8.263292015403632e-05,0.0121001675724983,0.0008607519045472,0.0066017218603885,0.0004698792502705
0.0016636621927455,9.430764269997968e-05,0.0244977697730064,0.0025329227373003,0.0144004377174742,0.0017892432924401
0.0009611877518007,9.120608447797924e-05,0.0143329324200749,0.0023722975701093,0.0172410117832501,0.0018969587444509
0.0012883573696853,0.0001205127153447,0.0450832098722457,0.0083309837430715,0.0277908483132968,0.0070187826556654
0.0008266902281347,8.837942751284888e-05,0.0158625254407525,0.0028418931178748,0.0181386328435095,0.002272662305222
0.001161746764005,6.68287958057426e-05,0.005099450238049,0.0004847903084009,0.003046233843076,0.0002014214622389
0.0003529129493794,7.084583438783198e-05,0.0055846297182142,0.0008428605366498,0.0052000723109737,0.0003997545955939
0.0018235466228769,7.999270788147965e-05,0.0104915034025907,0.0008552814833819,0.0067763053010937,0.0004643620148009
0.0011041199103237,8.256798447219037e-05,0.0124988500028848,0.0013602288439869,0.0087224129839018,0.0008175117136913
0.0003886256943839,9.579292894789032e-05,0.000900034996448,0.0032733755051594,0.03860045907727,0.0041440936131845
0.0023371036129046,9.116623749849932e-05,0.0162233170121908,0.0014607774838805,0.013240385948374,0.0010308870682501
0.0037497580743568,0.0001096302511983,0.0225838376209139,0.0032164211571216,0.0353904056167795,0.0033820935213942
0.0007559232685753,7.844966920345108e-05,0.0098436288535594,0.0011355167068541,0.0065834495288851,0.0005867205911922
0.0010358881068472,0.0001049544347598,0.0411492064595222,0.0053881707787513,0.0127531204505808,0.0035717716690824
0.0019341765653274,7.792176286427728e-05,0.0082394024357199,0.0007188356108963,0.0066286266020549,0.0003952820347508
0.0010715213958286,8.471958050362285e-05,0.0066115667577832,0.0014270234387367,0.0146036090894973,0.0010894394019489
0.0015582505806127,8.389224036497414e-05,0.0084660667926073,0.0011381312087178,0.0118319737210118,0.0007889036910819
0.0019106264047884,8.658207570784275e-05,0.0097462488338351,0.0013297784514725,0.0153588168015934,0.0010812100415889
0.0018323838301487,8.533289306438202e-05,0.0102052367292344,0.0013158675096929,0.0141043722283017,0.0009998188597432
0.0022716883889176,9.094137009778508e-05,0.0108261983841657,0.0013850531540811,0.0167771676903927,0.0011395058849282
0.0013449083479642,0.0001007325423703,0.0081441318616271,0.0043095414293929,0.0355595405639702,0.0046269037401566
0.0008902270967315,6.944638029431592e-05,0.005583677906543,0.0006184778455644,0.0037664796706916,0.0002703756631885
0.0002038780857725,0.0001093761959396,0.0056920889765024,0.0044228322722483,0.0240640034976548,0.0034088774614506
0.0058658820301981,0.0001483940014944,0.0931017100811004,0.0109788772463798,0.0547281594502113,0.011640007450842
0.0024172001847294,9.38073890937082e-05,0.0131486193276941,0.0017820324003696,0.0202390404664142,0.0015662864045904
0.0019402431492533,8.84680837399906e-05,0.0148224467411637,0.0014186477847397,0.0113947709889463,0.0009559261513953
0.0021017372106621,9.478236711735546e-05,0.0278098322451114,0.0024410672485828,0.0134115572241168,0.0016876615231424
0.0010938683116101,7.192264027291941e-05,0.0071989758871495,0.0006745672505348,0.0043405834521424,0.0003053213912242
0.0016269305181774,7.341022906621987e-05,0.006830449681729,0.000627242270857,0.0054130483873798,0.0003209735771476
0.0015087866138929,8.200966444568756e-05,0.0095337191596627,0.0010562001168727,0.0097187089408511,0.0006671219777381
0.0010493962562323,8.56393626765047e-05,0.0126839405857026,0.0015526119247078,0.0106053904016852,0.0009828213732712
0.0014517302364541,9.070887837158956e-05,0.0149470805190503,0.0020275977998971,0.0159291728454612,0.0015381557858824
0.0014762134107318,0.0001038904741353,0.0366796143352985,0.0054269253462553,0.0280204411842802,0.0049077884453056
0.0090684912480628,0.0002517254360695,0.151143305003643,0.021661467552185,0.1089861319070531,0.0247655182849214
0.0038399958442909,0.0001127490431122,0.049935970455408,0.0042122731357812,0.0225263070734038,0.0035066807442416
0.0005227056484633,6.702418626531952e-05,0.0048943674191832,0.0005831993557512,0.0029436749851323,0.000225875392735
0.0014117464526494,7.449124434158157e-05,0.0056490160059183,0.0007073694933205,0.0072363627838897,0.0004045895794003
0.0016775137811213,9.229329840468703e-05,0.0129516567103564,0.0017781567201018,0.0158947882682851,0.0013545250081387
0.0030015021674039,0.0001280349173086,0.0618744082748889,0.0069740279763936,0.0268723598719356,0.005820993348458
0.0005521559901433,6.72455984923302e-05,0.0003990362456534,0.0006419892841222,0.0085945041701001,0.0004187186894846
0.0006883804791579,6.39805423608916e-05,0.0043794941157102,0.0004910284141078,0.0026179329085829,0.0001930546451684
0.0010769484371172,7.839927020814497e-05,0.0066999434493482,0.0009536049328744,0.0086102358508086,0.0005667076974326
0.0005330561072545,2.9828631272081456e-05,,,0.0022993727207619,7.959360964311288e-05
0.0009887657166497,8.594410988238652e-05,0.0126672834157943,0.0018330016173422,0.0137125394584975,0.0013062291880871
0.0020345977870584,9.802413723860324e-05,0.0076030234340578,0.0045129253761842,0.0399230825778936,0.0049561091981422
0.0015248899801712,9.230332303774084e-05,0.0130348610691726,0.002154960297048,0.0201095314211368,0.0018696424577014
0.0011246945704539,8.431199778637945e-05,0.0094675226137042,0.0014145557396113,0.0127685887504148,0.0010025010471587
0.0017492226139957,7.835588071818285e-05,0.0107232304289937,0.0007988245226442,0.004916698062706,0.0003886279368155
0.0025454043513861,9.5968244932256e-05,0.020385842770338,0.0035263814404606,0.0328460865293423,0.0036693719718039
0.0017164504724743,9.94007762038728e-05,0.0435020513832569,0.0087652783840894,0.0394642685610856,0.0088976489382575
0.0059193335266086,0.0001246701683768,0.0527821667492389,0.0094118863344192,0.0703267589253689,0.0111586376591287
0.0006944477048225,5.753403912923927e-05,0.0022095924941822,0.0003450906043872,0.0020987257932234,0.0001327105282064
0.0011956589961238,6.258859617439818e-05,0.0044338193256407,0.0003811948932707,0.0018568866182173,0.0001426905486007
0.0010533795866131,7.354927981707252e-05,0.008326169103384,0.0007811115682125,0.0046056973819759,0.0003683801490215
0.0014961653183737,9.32011226485478e-05,0.0162462145090103,0.0021255772560834,0.0166037497440569,0.0016334966342919
0.0020069149940029,8.690060894064834e-05,0.0132166072726249,0.0012509393505752,0.0108517081848681,0.0008224626394813
0.0025741067711422,8.426996114571563e-05,0.0111103523522615,0.0009803448431193,0.0108021028224149,0.0006603031602252
0.0024986462867053,8.812763630482992e-05,0.0159642370417714,0.0012008667364716,0.0095018948021818,0.0007498505904388
0.0007001804457846,2.8632278650582432e-05,,,0.0045352667974938,0.0001393196428642
0.0014483408055748,8.498223198643456e-05,0.010490181390196,0.0012377960607409,0.0104558245174812,0.0007877434733965
0.0006897905775909,7.759877676475875e-05,0.0072441827505826,0.0009569576475769,0.0064540132420077,0.0004828008157101
0.0006710512769242,8.193405551359424e-05,0.0104706971906125,0.0013452861644327,0.0083614918809804,0.000747124412524
0.0012922816397468,8.372439748121708e-05,0.0107510508969426,0.0013454520516097,0.0109274417460648,0.0009043078700086
0.0006819793734037,7.969137192104367e-05,0.0093242805451154,0.0013509010896086,0.0088549515892223,0.0008009546036682
0.0018131701397264,8.443760589679338e-05,0.0101563315838575,0.0011111911199986,0.0106651919132464,0.0007362574355015
0.0017826427187342,8.625369104670695e-05,0.0121110598556697,0.0013410440087318,0.0118051224715023,0.0009097424736953
0.0030381497659746,0.0001072667734495,0.0243577724322676,0.0037505445629358,0.0368045786774543,0.0040686643770286
0.0012990132799193,8.475664327913402e-05,0.0097088776528835,0.0014946265146136,0.0140368261403862,0.0011244068623068
0.0009007773960798,0.0001418525614206,0.0634735971689224,0.0402681669965386,0.0614585571475338,0.0428588844694979
0.0049137799495077,0.0001394826998807,0.0729289911687374,0.0076717165112495,0.0401453071309149,0.0074651368078138
0.0008944022617168,7.960590991771491e-05,0.0085614779964089,0.0012067926954478,0.0093429641639197,0.0007487245352021
0.0011182719766433,7.351949618152488e-05,0.0086590037681162,0.0007380321621894,0.0037203901709205,0.0003236503020166
0.0013861181820583,8.459305329909495e-05,0.0123296985402703,0.0013849024102091,0.0109856947050139,0.0009106459471602
0.0016344855755371,8.40427086547628e-05,0.0126974880695343,0.0011326385848224,0.0076942048754048,0.000630268846315
0.0016527672740304,0.0001078992112209,0.0221854392439126,0.0046704607084393,0.033775898081695,0.0047652553472424
0.0017590193173169,9.602030619234496e-05,0.0238739820197224,0.0025094156712293,0.0155318739025313,0.0018699231555285
0.0038630687640281,0.0001187927459518,0.0608875416219234,0.006529933065176,0.0312272923685257,0.0061208183389546
0.0036587651100168,0.0001392510394255,0.096505980938673,0.0105158947408199,0.0308366473059358,0.0090424765053293
0.0006975622211285,7.350077342703227e-05,0.0051439506933093,0.0008694447111338,0.0066438165613432,0.000461088122531
0.0007411045474261,7.435868638821109e-05,0.009771766141057,0.0009166965074837,0.0038698134849265,0.0003975777503986
0.0009032549978064,7.449542797315577e-05,0.0044622709974646,0.0008410240011289,0.0084680305780694,0.0005124196134246
0.0010707938134529,7.524226659722617e-05,0.0064476686529815,0.0007806839421391,0.0064442037777293,0.0004144129516395
0.0010593374029054,7.873232205684623e-05,0.0073278350755572,0.0009628994204103,0.0086283139332504,0.0005667322312931
0.0017556371164006,8.155310279416104e-05,0.0080744125880301,0.0009270090237259,0.0096654824313645,0.0005924373705402
0.000765884107024,8.042020456913842e-05,0.0095841069705784,0.0012802609987556,0.0089456484480253,0.000759306208632
0.0008033461824603,7.965198012385168e-05,0.0117118470370769,0.001201775688678,0.0057525547212371,0.0005965944455213
0.0025429264207018,8.434410020824934e-05,0.0155499121174216,0.0009442784078419,0.0056412407158294,0.0004891506248703
0.0022094256427089,0.0001013833234616,0.0248165167868137,0.0024664864316582,0.0163071094408586,0.0018160222459395
0.000638444929503,7.958755709201628e-05,0.0090649221092462,0.0011971442960202,0.0077449399196816,0.0006543927755348
0.0009719997800891,8.082196862977623e-05,0.0084230112843215,0.0011103097721934,0.008471320799047,0.0006414513998642
0.0007042812479549,7.930784741578514e-05,0.0106791704893112,0.0013244877196848,0.0081331501824824,0.0007583470579915
0.0013571350444411,7.20663335692334e-05,0.0058271770831197,0.0006411757785826,0.0054166101490525,0.000327709672213
0.0010819961437434,8.15597073541422e-05,0.0059828273952007,0.0011889646016061,0.013464993622321,0.0008978659818066
0.0017122319635691,8.36342911670453e-05,0.0117300823330879,0.0010946083627641,0.0085819507394981,0.0006521390240308
0.0013769960232525,8.223475433709066e-05,0.0108295171521604,0.0010559110343456,0.0069610767310864,0.0005655762295149
0.001657353598245,8.649875828986207e-05,0.0137558886781334,0.0012748781591653,0.0094973647418032,0.0007861544662073
0.0026728176477187,9.014497636067017e-05,0.0138042699545621,0.0012845755554735,0.0141878671388173,0.0009743741457023
0.0028571507415043,0.0001085021243728,0.039219956845045,0.0043994513899087,0.0273118695666016,0.0039733779455558
0.0004086045463725,1.7846514424077085e-05,,,0.0012356071742147,4.840960874922336e-05
0.000497886038797,6.80406415808116e-05,0.0057458225637674,0.000714131463319,0.0041938059599517,0.0003181188185938
0.0010978495298276,6.9393919791964e-05,0.0050322031602263,0.0005570708215236,0.0042791835223989,0.0002535541205806
0.00205847898374,9.002189968392547e-05,0.0103799449279904,0.0015429623238742,0.0177234512005078,0.0012724202590518
0.0013776237183675,7.692121575468666e-05,0.0072681633755564,0.0007939901109784,0.0068607440308536,0.0004380682260989
0.0012023652699021,8.711894066365717e-05,0.0092384284362196,0.0015077590942382,0.0142859703947449,0.0011198033635431
0.0016533708631276,8.288945334243049e-05,0.0101414276286959,0.0010239685513079,0.0086792507064243,0.0006112763290494
0.0028527771438254,9.791261856854004e-05,0.0243932679295539,0.0023840567842125,0.0198298862108631,0.0019929978740377
0.0013299085552257,8.620128041815674e-05,0.007983258459717,0.0015758314821869,0.0163922879943489,0.0012680972949189
0.0006382763996744,8.065448453995925e-05,0.0057533285580575,0.0012734065484255,0.0116327798081864,0.0008622278385979
0.000989485174037,8.193202845619666e-05,0.0113264853134751,0.0012079250998795,0.0075501228439378,0.0006607170081909
0.0011939450057254,8.279172239876106e-05,0.0116916466504335,0.0012272006832063,0.0080696191796037,0.0006976536871099
0.001170977625098,0.0001045767524859,0.0291223153471946,0.0054299241304397,0.0288331438986603,0.0049932119747419
0.0044683368692116,0.0001343636357079,0.000120464759675,0.0017994712479867,0.3710311749890193,0.0212148899439389
0.0012288147969992,8.24506936016533e-05,0.0084254276007413,0.0014231635723263,0.0136730708597917,0.0010622520766301
0.0014394616041856,7.377877697419292e-05,0.0060525024309754,0.0006636183243244,0.0059889302163959,0.0003497203892382
0.0011007421462095,7.260772884595747e-05,0.0053170160390436,0.0007293324451893,0.0068977946027347,0.0004096105889824
0.0008705467673146,8.008543295416832e-05,0.0051583927124738,0.0012488386034965,0.0128941090034104,0.0009130786072631
0.0014020315889828,8.232019879854326e-05,0.0095388493500649,0.0011197344586253,0.0095591400232922,0.0007017665267971
0.0021576347959146,8.419898459114663e-05,0.0081879911012947,0.0010290506854653,0.0127000018320549,0.0007502014989885
0.0020379485236245,9.62379755328354e-05,0.0053119612857699,0.0043326371390139,0.0393141514356707,0.0044291764916108
0.001502560762502,0.0001030304835185,0.024948252364993,0.0055561835318803,0.0362558379982391,0.0057944034670674
0.0008371204181924,7.262978482962213e-05,0.007490046788007,0.0008017561491578,0.0050122513747098,0.0003808948204758
0.0017738057024237,8.304077150243197e-05,0.0098550105467438,0.0010307165980339,0.0098395681230159,0.0006554323457401
0.0004315513119982,8.049546042659039e-05,0.0084638083353638,0.0013901789020746,0.0087696225323751,0.0007980775597378
0.0016682625827617,0.0001030597907529,0.0336473062634468,0.0042150365561246,0.0206971128461983,0.0033860000808177
0.0021111825463542,9.74106938297012e-05,0.0163601441308856,0.0022153618745505,0.0214967707274497,0.0019293138473242
0.0023898682272274,0.0001057068736679,0.0249789431691169,0.004999271556735,0.0390487106596916,0.0054356341450925
0.0012660257816375,8.363192638312974e-05,0.0055253633763641,0.0013013847637921,0.0150686612891203,0.0010339506456785
0.0013785939027148,7.439962296536436e-05,0.0082681840285658,0.0007240261416882,0.0045581673338841,0.0003429980752031
0.0015584364701561,8.049837836625892e-05,0.0087550831958651,0.0009994208626449,0.0095911945183763,0.0006394826346263
0.0005534235222403,8.67494548164329e-05,0.0078518949449062,0.0020022422727197,0.0161901175603141,0.0015387893868821
0.0017269465771047,8.581718210988335e-05,0.0149651458486914,0.001204837989062,0.0076590133826404,0.0006678755643658
0.0016952241340381,8.61651006193499e-05,0.0091329179704189,0.0012994289211928,0.0134986488022041,0.0009566267717212
0.0022663986581908,8.719546502439614e-05,0.015934195369482,0.0011682631447911,0.008023420995556,0.0006740303447483
0.0069872940163717,0.0001257887584003,0.0766510888934135,0.006821976006031,0.0451508601995951,0.0071973697213929
0.0015194591779331,9.416456283783244e-05,0.0177046228200197,0.0022095705009996,0.0154467207351494,0.0016383855998445
0.0012835244338367,7.573743966386281e-05,0.0066202292218804,0.000744740050286,0.0061244086237334,0.0003826936347845
0.0011186169836552,7.131449067514792e-05,0.0049996301531791,0.0006547502428293,0.0065048085782919,0.0003577134774608
0.0020293027811041,8.253409145585026e-05,0.0089974300935864,0.000885624717921,0.0088634164964024,0.0005412057377173
0.0006995063456958,7.669651816863431e-05,0.0070539913140237,0.0010094286128878,0.0076756181641484,0.0005672627918921
0.0008415279114102,9.627419978819416e-05,0.0069073636550456,0.0031116773840039,0.0258481319425765,0.0029258705558726
0.0021645364179678,9.022058340446473e-05,0.0156273497268557,0.001445212252438,0.012465242888013,0.0010009561211335
0.0017156377095166,9.037208452976906e-05,0.0129981655627489,0.0018676757253706,0.0169402407975571,0.0014907551525446
0.0012230043095528,9.898504701239744e-05,0.0122963581234216,0.0047398494649678,0.0340932389429971,0.0050544021064324
0.0005001026490414,6.454648646932789e-05,0.0026996438391506,0.0005503926612436,0.0045427414197848,0.0002540233737278
0.0004514069072288,7.523570203421732e-05,0.0037652886239811,0.0009514379082247,0.0082969531402631,0.0005481841431873
0.0013417601076008,8.052225112876012e-05,0.0095201628282666,0.0009898056276142,0.0075541111828962,0.0005576090169899
0.0008704060313318,6.589570196287981e-05,0.004600330023095,0.0005092787835747,0.0032581651224585,0.0002118187418572
0.0015048618968235,7.657784237880341e-05,0.0060099840629845,0.0007362833712249,0.0072366728570709,0.0004095052728984
0.0013596924907717,6.634867271949831e-05,0.0043374246452003,0.0004227184224873,0.0038331903969778,0.0001883026422039
0.0005328904752102,7.579962828385906e-05,0.0068711279891431,0.0010503992903977,0.0076195017182149,0.0005864080337991
0.0016044101207505,8.157930772156484e-05,0.0095560909248888,0.0009299092926084,0.0077447653901864,0.0005233626762405
0.0018050274402402,8.131587997919302e-05,0.0094345910474658,0.0009141157194972,0.0085671062126133,0.0005543534933827
0.0013211096130227,8.297079826356801e-05,0.0091716889292001,0.0012402580864727,0.0110607791071531,0.0008370651098225
0.0006122074974778,7.592845518760902e-05,0.0077149295248091,0.0010128505807369,0.0066893447334586,0.0005194566245391
0.0007907201471164,7.982155108579797e-05,0.0064711365848779,0.0012229971028864,0.0110794102440992,0.0008160307243933
0.0011653291340801,7.783286507559938e-05,0.0075445831753313,0.0009415442403405,0.0081602212938235,0.0005424568558037
0.0054571501356693,0.0001695534872572,0.1326979398727417,0.0143532201647758,0.0390471494140252,0.0136610876555831
0.0011743938176626,8.167650171658899e-05,0.0068218042142689,0.0010514794848859,0.0109539815624231,0.0007036287429114
0.0022620425230037,9.50432230676368e-05,0.018719270825386,0.0018997232988476,0.0160632867494724,0.0014373186818086
0.0003765693109916,9.038817920788555e-05,0.0172555241733789,0.0024493451975286,0.0112947510818348,0.0014851429186309
0.0002790321566254,6.426989777744531e-05,0.0026449814904481,0.0005657898262143,0.0039059587700492,0.000248724059866
0.0010522592932962,6.022098283627259e-05,0.0034479082096368,0.0003461975138634,0.0017483930774509,0.0001283340311173
0.0010536442321809,7.192399078580778e-05,0.006070306757465,0.0006670637521892,0.0056514037723318,0.0003300601538565
0.0004148906523751,7.612461590469108e-05,0.0058617678005248,0.0011129595804959,0.0086117839500974,0.0006560568802725
0.0012802681190764,8.566037453696957e-05,0.0077588176354765,0.0014564919285476,0.015383644415605,0.00113803051684
0.0013956691959147,8.605058520590831e-05,0.0140229305252432,0.0015224111825227,0.0106569477745447,0.0009853143616474
0.0034085621484207,0.0001159295844627,0.0314486511051654,0.0081023859977722,0.0636854374558223,0.0096130776339409
0.0030465581811081,9.85729596842456e-05,0.0156827615574002,0.0024618032388389,0.0291023182458672,0.0024676258406784
0.0034360065577896,0.0001128890079719,0.0506598595529794,0.0058588930964469,0.0336564927075593,0.0057433238970337
0.0058116578893342,0.0001402324561821,0.0828774683177471,0.0066860131919384,0.0290450698514933,0.0059000164959796
0.0013155532645976,7.211292414437587e-05,0.0065175362396985,0.0006442489102482,0.0051132200876227,0.0003184109311032
0.0013303857019018,7.366908064039188e-05,0.0052275988273322,0.0006488042604178,0.0064780180741132,0.0003520948970199
0.0015752338713978,7.920379524079956e-05,0.0070360980462282,0.0009099239483475,0.0100378154966568,0.0005990430172743
0.0010365766096624,8.30616085537206e-05,0.011571429669857,0.0013297061435878,0.0091819763442308,0.0007886291221867
0.0015026608474014,9.113992284793744e-05,0.009504335001111,0.0020536916516721,0.0220314601956674,0.0019116301743423
0.0018770750428621,8.079784933621471e-05,0.0122735481709241,0.0008709931187331,0.0049127702424167,0.0004245842586271
0.0028733934196145,8.688817834293268e-05,0.0133057115599513,0.0010122909583151,0.0100440885853709,0.0006577112929567
0.0009534336053955,7.100358538431918e-05,0.0063162215519696,0.0006553575675934,0.0040820952966003,0.0002925671837042
0.0011051953258117,7.226517294536632e-05,0.0050520692020654,0.0006454521138221,0.0060681579940841,0.0003355232081175
0.0038827534067047,0.0001345043582454,0.0749021433293819,0.0117828764021396,0.0530641580702212,0.0125678706556412
0.0015055017066742,9.507744797111382e-05,0.0187739692628383,0.0022720185294747,0.0154093551035301,0.0016608385610108
0.002782081037417,9.536235954168231e-05,0.0237999055534601,0.0016974652931094,0.0111465569541309,0.0011176022247487
0.0017436816060937,9.654948452598968e-05,0.0246901549398899,0.0034232740849256,0.023164580930346,0.0029789371691422
0.0028163834712761,0.0001518627489511,0.1751616150140762,0.015415534377098,0.0003629964172827,0.0071358653909245
0.001241040294736,8.126119991787588e-05,0.0077977480832487,0.0011319208797067,0.0107316305321832,0.0007583918191405
0.0011434662393566,7.679871777156082e-05,0.006421785801649,0.0008197046816349,0.0072170498486038,0.0004483446587747
0.0019330645097013,9.751270736442497e-05,0.0095432391390204,0.0024387841206043,0.0286213956485862,0.0024712391905499
0.0007415934062536,8.733232929053784e-05,0.0095240571536123,0.00192187464796,0.0159564910180359,0.0014826579450117
0.00309781358512,0.0001014105665664,0.0288052260875701,0.0033396266773343,0.0297152286605812,0.0032239097424411
0.0008800392947984,0.0001075928957603,0.0479494221508502,0.0145838697254657,0.0491764967911219,0.0152552907283865
0.0012932219755697,9.632835403435771e-05,0.0258190091699361,0.0035068533942103,0.0192741688850726,0.0028167837644192
0.0012018270375561,8.120842793576748e-05,0.0069062146358191,0.001052098609507,0.010555814958574,0.0006930236961289
0.0014377928962362,7.49609117439117e-05,0.0058905929327011,0.0006938462425023,0.0069239128283643,0.0003930072037103
0.0005141322766283,8.991692062049585e-05,0.0073278693016618,0.0024966561514884,0.0197779960986543,0.0020779200640991
0.0011898347956365,8.13294605022971e-05,0.0082692760042846,0.0011732920538634,0.0099439100150819,0.0007402750047505
0.0017448274606622,8.64441047097879e-05,0.0100295664742589,0.001377111300826,0.0145906150285852,0.0010590466815205
0.0008504989959724,0.0001032167866437,0.0264949686825275,0.0070375637710094,0.0326560370554199,0.0067771337767412
0.0010533756686633,7.744694783944593e-05,0.0029537363443523,0.0009310870151966,0.0112522910022484,0.0006574286367727
0.0016331427992219,8.987885706363452e-05,0.0136853558942675,0.0016780153103172,0.0141817014877406,0.0012141125749062
0.0012517938287816,8.139836207530365e-05,0.0108635853976011,0.0010577244497835,0.0069994256210827,0.0005595574280087
0.0046370003425189,0.0001019244079798,0.0367402844130992,0.0029382605105638,0.0262332138208407,0.0027721538616165
0.0014556458777377,9.151728149740562e-05,0.0171570684760808,0.001987912505865,0.0142793251275488,0.0014487865298839
0.0005489627456866,3.060888750502596e-05,,,0.00274279040282,9.180262781914128e-05
0.002162665297127,8.461322029364648e-05,0.0098806153982877,0.0009972443804144,0.0107586046323244,0.0006671695766913
0.0023498357628572,8.596944350057305e-05,0.0128327663987874,0.0011227593198418,0.0102264410818921,0.0007293533025315
0.0029540938459989,0.0001000643427042,0.017441963776946,0.0028710560500621,0.0324534015116134,0.0030075308123344
0.0043403012873009,9.434138359000088e-05,0.0249241115525364,0.001318129710853,0.0108986026736032,0.0009021351999215
0.0011967671049432,7.907881773861294e-05,0.0053623700514435,0.000966201480478,0.0102297421826304,0.0006301617622699
0.0014060272392692,7.385763911711804e-05,0.0046116644516587,0.0007038726005703,0.0078510339065504,0.0004240545412096
0.0003744666350355,7.584784106047407e-05,0.0076217893511056,0.0010239776689559,0.005178795578874,0.0004716898691195
0.0013638629394073,7.509764470992161e-05,0.0055681457743048,0.0006818049959838,0.0066083485413266,0.0003687951937608
0.0007252644483311,8.370352372095492e-05,0.012457228731364,0.0015649975091218,0.0095950867527815,0.0009384103893875
0.0012989287266648,9.608556113057244e-05,0.0218825219199061,0.0032365175709128,0.0208385089367323,0.0026808990705497
0.001064357291599,8.162631875000448e-05,0.0051572602242231,0.0011600681114941,0.0127731106509729,0.0008332588980589
0.0034584839138846,0.0002242294565486,0.3018935024738312,0.0301466959714889,0.000256055395708,0.0075378437525855
0.0006854414437167,7.255851529897267e-05,0.0040197358466684,0.0008261308539658,0.0074943393640153,0.0004738071974903
0.0009851971690535,7.80355997998868e-05,0.0072413380257785,0.0009429041855037,0.0075760688066889,0.0005257474291303
0.0014558238715863,8.671651048307652e-05,0.0121224378235638,0.0016357773356139,0.0140484702043195,0.0012135084036593
0.0020739587721666,9.074484047606788e-05,0.0123351099900901,0.001519666519016,0.016144858662277,0.0011917268143954
0.0023233140673376,9.227311047464368e-05,0.0184010760858654,0.0018238687887787,0.0154616332605388,0.0013843110912411
0.0010468110117702,0.0001087152400865,0.0505890194326639,0.0100522447377443,0.0316171577149292,0.0089638598982008
0.0016532972289545,7.186038683093445e-05,0.0071429726667702,0.0005725259706377,0.0037855049723029,0.0002599973823524
0.0007148875062909,8.663940485998463e-05,0.009093327447772,0.0018998652230948,0.0158886158173579,0.0014540200211932
0.0010498529132532,6.676043126693483e-05,0.0047486398834735,0.0005152944941073,0.0036950101823896,0.0002268988835605
0.0011295033419822,8.368394000887519e-05,0.0076820005197077,0.0013146463409066,0.0126090234594428,0.000926241467663
0.0012243077613479,8.689804729964052e-05,0.0140511421486735,0.0016750517114996,0.0113476289856543,0.0010895527509229
0.0024882898457433,8.387381558484135e-05,0.0141600565984845,0.0009284284897148,0.0068060514736071,0.0005178011510783
0.0019642462143761,0.0001011772363186,0.0223368927836418,0.0049927955120801,0.0370642386738929,0.0052674205685731
0.003497821636551,0.0001718347982803,0.1088977307081222,0.0176196564733982,0.052085813718495,0.017190975183347
0.0005950973625951,7.637434512665765e-05,0.0090961582027375,0.0010557146742939,0.0057033480566827,0.000514345684668
0.0011956293566489,7.786551594991158e-05,0.0074065695516765,0.0008784648682922,0.0083737293451976,0.0005143821228001
0.0012866793679538,7.995320584187698e-05,0.0078180502168834,0.0009831396397203,0.0092078189492549,0.0006020605733147
0.0013264505728364,8.005502806028965e-05,0.0094597032293677,0.0010262298397719,0.0081883028629435,0.0006080332174359
0.0014504938235928,9.067333368574732e-05,0.0109659186564385,0.0020106657221913,0.020167189619832,0.0017578773955463
0.0022805508058192,0.00014422656444,0.0811523646116256,0.0159938165545463,0.0515602813822345,0.0159326198800569
0.0033901461751529,9.466086782843832e-05,0.0238272733986377,0.0016792975366115,0.0139541735046813,0.0012235885019861
0.0041817413143365,0.0001379529086993,0.0692932158708572,0.0093281794339418,0.0456556248858939,0.0094246625902088
0.0004682548614382,7.198308343900665e-05,0.0054990001954138,0.0008599795401096,0.0067663893058247,0.0004570089919692
0.0017341095778512,8.643193435315874e-05,0.0096046430990099,0.0014708202518522,0.0163149999873363,0.0011999813976674
0.0025944770449658,9.155670242273936e-05,0.0161790549755096,0.0015060472302138,0.0147065366126669,0.0011449010676151
0.0006122896201844,6.776758062649723e-05,0.0047848145477473,0.0006202817894518,0.0047742130894511,0.0002901751141753
0.0005499285387072,7.752192002299148e-05,0.0030540509615093,0.001093849199824,0.010350032443973,0.0007169387158095
0.0007875931527325,8.296978282091466e-05,0.0110327093861997,0.0014469387568533,0.0097473929767222,0.0008943104215975
0.0015804454520729,8.733663680143963e-05,0.010793587192893,0.001393491346389,0.0132786618533086,0.0010096715529375
0.0009150273348763,7.776052365046659e-05,0.0082416953518986,0.0009868144243955,0.0069631357258067,0.0005283105284981
0.0020677951555036,9.327579120048954e-05,0.0159759940579533,0.0016476289182901,0.0138851513958918,0.0011791126565955
0.0011809344546889,8.258264431194222e-05,0.012219020165503,0.0011956718377768,0.0068932455027748,0.000625636062862
0.0010220059041912,9.403682858302384e-05,0.0012769306777045,0.0027202473329089,0.0336658402353296,0.0031121546534
0.0009117139914131,8.485733097269026e-05,0.0145624186843633,0.0015751159004867,0.0084927122219578,0.0009044787003852
0.0004024451761886,7.289430048154004e-05,0.0068865050561726,0.0009079426527023,0.00540138324391,0.0004377967851348
0.0012809599338235,7.656462885766331e-05,0.0084146708250045,0.0008308196160942,0.0059454483459466,0.0004245774950425
0.0012178743950101,8.071227530375585e-05,0.0128516713157296,0.0010399807803332,0.0046529991817538,0.0004798280298851
0.0020682260351632,8.966341336898945e-05,0.0180729199200868,0.0014975344017148,0.0104806657311937,0.0009582126419127
0.001370023104416,9.630015706611784e-05,0.0171618070453405,0.0024567411467432,0.018805204051493,0.001976406855427
0.0008004311197839,7.483345117526041e-05,0.0058400528505444,0.0008723233547061,0.0074895271098424,0.0004891296813309
0.0007251533229923,7.038578579597111e-05,0.0058974993880838,0.0007232348434627,0.0049785835017725,0.0003444805332687
0.00134527101147,9.471854997355904e-05,0.0344615206122398,0.0039869807660579,0.0155542925561854,0.0028627726218702
0.00095240619333,7.520980308553288e-05,0.0073818527162075,0.0009037081338465,0.0065011280458978,0.0004847026341535
0.0022197311957573,8.375820264726417e-05,0.0101116271689534,0.0009516482986509,0.0096596662926016,0.0006022845694554
0.0012762958047918,8.701469013460967e-05,0.0095957154408097,0.0016073408164083,0.0154982300557323,0.0012524352809449
0.0030036747740143,0.0001103067907078,0.039185281842947,0.0047023741155862,0.0310811862482374,0.0045160929418161
0.0013570386511904,7.920123285477679e-05,0.0064706993289291,0.000866931611672,0.0083518746258085,0.0005096612495509
0.0011378268239383,8.300168167273613e-05,0.0061561511829495,0.0013566828053444,0.0145437966981753,0.0010457503083234
0.0014981475989192,7.808189848646321e-05,0.0099879074841737,0.0009482021443545,0.0075720541749754,0.0005539084386367
0.0019775473536722,8.696855003563746e-05,0.0079158768057823,0.0011639254447072,0.0150141314749615,0.0009125082176733
0.0024937938340169,0.0001324320052725,0.0514243226498365,0.019705302119255,0.0748610442777793,0.023514371475908
0.0015446703619054,8.008587388133137e-05,0.0045162092428654,0.0008925751317292,0.0120124299659005,0.0006512790152101
0.0017872835898238,0.0001003402455939,0.0198974721133708,0.0035442037507891,0.0289495809114071,0.0034656613263067
0.0009987235620807,8.407239630431004e-05,0.0110757807269692,0.0014688012935221,0.0109001194935799,0.000949442503045
0.0007771549768828,8.33611131440498e-05,0.0106777749024331,0.0014199876785278,0.009172076668603,0.0008308324212866
0.001558870363517,8.65348157301723e-05,0.0124786300584673,0.0013593268953263,0.0113902273288667,0.0009150843818204
0.0023043831494975,0.0001031369631457,0.0258880611509084,0.0029944466799497,0.0219905269091718,0.0025431571652559
0.0031511680128154,9.864416288760764e-05,0.0208910917863249,0.0019956003502011,0.0198864129144412,0.0016936364701463
0.0007294580742859,6.197093784077678e-05,0.0027270360151305,0.0004414902953431,0.003341810536331,0.0001916416589083
0.0006373226194494,7.970041734279665e-05,0.0046243199612945,0.001244979170151,0.0122354496481026,0.0008810888104896
0.0011127759017683,7.768756531021802e-05,0.0079530188813805,0.000940398806706,0.0078240983388951,0.0005424145788668
0.0008912470974326,8.291876723696989e-05,0.0054491644259542,0.0013980903103947,0.0148060986631806,0.0010822655597101
0.0007583793882335,8.283502896818903e-05,0.0134234046563506,0.0014997923746705,0.0072921075046646,0.000810874515651
0.0015784386053169,8.008635383363214e-05,0.0076291696168482,0.000972950393334,0.0102380661062442,0.000652490077644
0.0012311623897907,9.40875486115135e-05,0.0132668819278478,0.002431317474693,0.0204646459050858,0.0020520884295004
0.0013824688685154,9.455365279843624e-05,0.0190224619582295,0.0023672826960682,0.0160461919254077,0.0017389792511387
0.000961220601552,6.828297605459676e-05,0.0056115989573299,0.0005537211894989,0.0031576608393323,0.0002260574020657
0.0015540772626452,7.853837522769458e-05,0.0092151081189513,0.0008750547096133,0.0069797926395016,0.0004823461686416
0.0012742019294303,8.083609508613703e-05,0.0106447180733084,0.0010735284164547,0.0079600985214248,0.000613106458936
0.0020509398497509,0.0001066266516781,0.0300311986356973,0.0042995785176753,0.0289389550117498,0.0040324217180472
0.0003030960911343,6.379748932896319e-05,0.0047706589102745,0.0005632771365344,0.0020557132257869,0.0002028232128795
0.0004805689395566,7.102431296685603e-05,0.0062060421332716,0.0007980165630578,0.0045725895900551,0.0003659008419443
0.0002338241334206,7.476064977259456e-05,0.003038874361664,0.000916637936607,0.0082311246945745,0.0005368051646244
0.0014037216153786,7.953090799148188e-05,0.0091561460867524,0.000901133287698,0.0069069222686733,0.0004868368805523
0.0032741277615554,9.529225396249107e-05,0.0157591234892606,0.0015531705133616,0.0187884455933645,0.0013150166983061
0.0027746515827852,0.0001062135237491,0.0281976563856005,0.0033163037151098,0.0276561197028038,0.0031213326019662
0.0014836824409482,8.782735374513275e-05,0.0140212597325444,0.0014801498502492,0.0109434907531283,0.0009541493776687
0.0021181689749196,0.0001015622743143,0.0285794101655483,0.0038270704820752,0.0267745607959854,0.003477997125428
0.0054390953672401,0.0001611852470179,0.0375290662050247,0.0208145475387573,0.1170185577179159,0.026269621126868
0.0032344483201511,0.0001932392432641,0.1534887328743934,0.0464191095530986,0.0860796878066419,0.0521993041293743
0.001472487868741,6.545847337451863e-05,0.0041616912931203,0.000392210218124,0.003827958138708,0.0001752583485298
0.0004623249490824,8.342710288377318e-05,0.0088010728359222,0.0016851774323731,0.0116816915858923,0.001110019611766
0.0012938433201948,7.507789394288304e-05,0.0059659874532371,0.0007964242156594,0.0077055279863963,0.0004637843448379
0.0016616562377698,7.356846691747082e-05,0.0065412854310125,0.0006161588896065,0.005240735643406,0.0003070182621747
0.0003572340047168,9.421050555338058e-05,0.0081940214149653,0.0028104683663696,0.0205421424408461,0.0023797613281221
0.002842501607763,8.03178987991834e-05,0.009209026582539,0.0006773118861019,0.0071724217500281,0.0003943725139522
0.0011910443928925,7.01905301548106e-05,0.0056919232010841,0.0005949886981397,0.004686708533779,0.0002865343654396
0.0024310852868922,9.360233970989684e-05,0.0157575234770774,0.0016441195085644,0.0173889130640607,0.0013526095718614
0.0033868723421291,0.0001014303481322,0.0260185562074184,0.0018064767494797,0.0124050905041678,0.0012559389084294
0.0036154206202357,0.0002404044706335,0.1484481766819954,0.0581926441192626,0.1069471196806582,0.0675108784712182
0.0012475332431456,8.086532903066497e-05,0.0077107800170779,0.0011983159929513,0.0115904874582448,0.0008244952507818
0.0016714599625018,7.734130932255507e-05,0.0091754281893372,0.0007511115446686,0.0050838574266754,0.0003654726054951
0.0005471879947811,9.514160958393668e-05,0.0044372209813445,0.0040583227999741,0.0287903746525396,0.0036839587934226
0.0010617949745771,9.152822123796893e-05,0.0212222021073102,0.0021384777501225,0.0093695026203079,0.0012384085131433
0.0016892025897476,0.0001045659270231,0.0298212887719273,0.0051624774932861,0.0305569993757219,0.0049578383185168
0.0052101389536223,0.0001301401038038,0.0700553283095359,0.006968956887722,0.0395000394011096,0.0068899641125364
0.004526414128747,0.0001529631363654,0.0030818483792245,0.0188461453232048,0.2040707655777005,0.0275974487797129
0.0080860695266962,0.0001764512058111,0.0005844087572768,0.0103079971122497,0.3373694563697171,0.019873103267936
0.0007543960045355,6.372189226990063e-05,0.0034961481578648,0.0004583639791235,0.0033936195036576,0.0001924967401041
0.0017887812572757,9.16729538554496e-05,0.0081554600037634,0.0017781711183488,0.0219642713265629,0.0016506269263767
0.0008541271203845,8.825038231476687e-05,0.0059506446123123,0.0018794891331344,0.0179834067637799,0.0015291317677978
0.0019870849148572,8.160688062460331e-05,0.0106301642954349,0.0008904952555894,0.0075467818507435,0.0005133739044386
0.0015635044227466,8.015094712479046e-05,0.0120509378612041,0.000966627523303,0.0054927954469817,0.0004828904196062
0.0005062942885293,6.17582858684399e-05,0.002253507496789,0.0004767552064731,0.0038283248773096,0.0002163398808321
0.0011918316718907,6.829376925885939e-05,0.0044708296190947,0.0005541548598557,0.0049453775653434,0.000278374880343
0.0011924687342611,9.694120381929512e-05,0.0123606417328119,0.0040668976306915,0.0328367643876805,0.004208775604085
0.0036051377101891,0.0001014846304182,0.0329188276082277,0.0019561270624399,0.0109055394277225,0.001268086723418
0.0055998502378004,0.0003629469330387,0.0041121661197394,0.0640474794977125,0.7645940153336076,0.0977061909357931
0.0073304927373848,0.0001484940067621,0.0760753229260444,0.0077465897798538,0.055025769865409,0.0082774608702543
0.0010010231998855,6.476069229250183e-05,0.0048838914372026,0.0004482533130794,0.0022247464018823,0.0001710833310101
0.0006081752490817,7.281721752792295e-05,0.0081419954076409,0.0009554627630859,0.0053673767384196,0.0004658041361537
0.0002538980443628,1.2312694264436956e-05,,,0.0035850078681362,0.0001117821751121
0.0009626861807723,8.284338521193069e-05,0.0111425155773758,0.0013236003555357,0.0088437073564962,0.0007767574717915
0.0013578052841043,8.251258375117031e-05,0.0099458745680749,0.0011729447171092,0.0099267956981124,0.0007417576260126
0.0013821694531575,8.496144079722504e-05,0.0102670406922698,0.0012269021198153,0.0106690243089675,0.000793709662193
0.0016313783216729,8.693527237927517e-05,0.012565670069307,0.0013890616036951,0.0119125474157684,0.0009522029522062
0.0015669174973533,9.270814669855342e-05,0.0197483170777559,0.0019943056255578,0.0122054210551333,0.0013301141252293
0.0025593469252212,9.364103090177744e-05,0.0135864033363759,0.0015069728903472,0.0166528791169777,0.0011972206946451
0.002256146215693,0.0001089677000587,0.0345105975866317,0.0090121248736977,0.0533807554812059,0.0101220025231519
0.0017083153462078,0.000123604554309,0.0511629283428192,0.0126384924352169,0.0497404782018421,0.0134723064716362
0.0038311343424292,0.0001833653925589,0.1057645231485366,0.0293949656188488,0.1090695470326565,0.0340893698099505
0.000534598010687,7.148934632278804e-05,0.0075093358755111,0.0008268204703927,0.0038581317951539,0.0003563914006681
0.0015765652124351,8.95750740768891e-05,0.0155493845231831,0.0018160392716526,0.0140646366221344,0.001298669404469
0.0009242529520655,8.037033712529314e-05,0.0064341081306338,0.0011531490460038,0.0114413993768667,0.0007831137906753
0.0013411713317307,8.385004828954153e-05,0.0114299058914184,0.0012130512297153,0.008865744765201,0.0007212778182542
0.0021005090896326,8.920099781718456e-05,0.0137222339399158,0.0013685380294919,0.0127026913995748,0.0009607037263309
0.000525748433384,2.3400946654605423e-05,,,0.0015505699011481,5.663136460982965e-05
0.0014344962729325,8.958359967105073e-05,0.0080243437550961,0.0017877516895532,0.0203019109771512,0.0015871159241248
0.0017181062243597,7.781134608966247e-05,0.0061573118437081,0.0007800312619656,0.0085493377500293,0.0004782255408591
0.0017171749365583,8.271887844459513e-05,0.0089593343436717,0.0010381271503865,0.0105120239215903,0.0006918244019694
0.0027129532388839,0.0001474439237335,0.066298384219408,0.0130546589195728,0.0521950320099899,0.0130755906476161
0.0017407725360546,8.1910687175626e-05,0.0086090620607137,0.0009704095870256,0.0098973636786904,0.0006331376669596
0.0007985389208325,8.053119600902087e-05,0.0116200074553489,0.0013380581513047,0.0081689223824764,0.0007634688685569
0.0011586571618293,9.093115751333532e-05,0.0198869472369551,0.0051546879485249,0.0328672168379953,0.0052739832039864
0.0001708918762599,7.682690398652463e-05,0.0036206725053489,0.0008560753893107,0.005520578049343,0.0003980022741295
0.0010161686451516,8.420931166966406e-05,0.0058051380328834,0.0013909464888274,0.0150159638079997,0.0010930033395738
0.0011588625766621,8.491956405931871e-05,0.0118151390925049,0.0014979424327611,0.0113246201049799,0.0010037324366124
0.0017033412876444,9.365128611103432e-05,0.0185922030359506,0.0019617753103375,0.0141826326139307,0.0014007063648231
0.0024820795937935,9.064798753648152e-05,0.012981311418116,0.0014395965635776,0.0160880808175551,0.001148177072372
0.0011487753326443,9.954640870057842e-05,0.0196090778335928,0.0030148230493068,0.0204418047540562,0.0024541343571053
0.0008759950879443,6.291183499442725e-05,0.0022106408141553,0.0004102317872457,0.003785572630815,0.0001860459486312
0.0028672733733452,0.0001714316319768,0.0928715094923973,0.0181630228459835,0.0539446752399486,0.0176820344174448
0.001417483124342,7.621280533963199e-05,0.006357638631016,0.0007424673810601,0.0068334090853145,0.0004058042230888
0.0014553275357079,8.206704944114791e-05,0.0101595185697078,0.0010780587606132,0.0086994662085283,0.0006506745538362
0.0016321589899661,8.527092869742032e-05,0.0083278189413249,0.0012224497552961,0.0130790436298143,0.0008912987587609
0.0033668397001108,0.0001023469003081,0.0227842405438423,0.0025707584992051,0.0266371702706976,0.0024643673523364
0.0028168606255968,0.0001023016395888,0.0218946887180209,0.0026753180474042,0.0255408222206779,0.0024477430779237
0.0009513988003328,9.172920004427633e-05,0.0125104137696325,0.0022836758382618,0.0176430515819231,0.0017873888553547
0.0013936427894436,8.874050660024517e-05,0.0129868355579674,0.0018136200308799,0.0160181339291026,0.0014177248311004
0.0019302181682998,9.077037467650944e-05,0.0145782120525836,0.0016102026775479,0.0138334897586585,0.0011604180543784
0.0065266163579276,0.0001564487890189,0.0997168980538845,0.0104532353579998,0.0524372916424163,0.0107885067480752
0.0032468986542147,0.0003381692925176,0.1118707358837127,0.0708640560507774,0.1439522322948026,0.0829617804797498
0.0035058871443978,0.0001793247047101,0.0345788076519966,0.0406704245250148,0.1760176434054469,0.0516404462155824
0.0008811446654616,8.27116723197839e-05,0.005917697912082,0.0013261372875422,0.012405493961962,0.0009200735499695
0.0009746224719233,7.863724292024696e-05,0.006875108461827,0.0010512880049645,0.0096444618269656,0.000659140095669
0.0020147285411548,8.680339944696844e-05,0.0114196841605007,0.0012644044123589,0.0131812725816797,0.0009279245303838
0.0014906623570225,8.416771103161554e-05,0.0129661122336983,0.0012913641892373,0.0089734498633062,0.0007755063537051
0.0010160717775886,9.797752007268216e-05,0.0154335438273847,0.0034531967341899,0.0258775054832845,0.0032022601428079
0.0020492430295932,9.361100845031375e-05,0.0191305307671427,0.0019552871584892,0.01478456444341,0.0014248166399432
0.002171566078503,0.0001165731993907,0.0716406106948852,0.0151927541941404,0.0479895983057459,0.0157498863199157
0.0010861048584984,6.911040501695752e-05,0.0048408885486423,0.0005641352850943,0.0046370270130006,0.0002662578460108
0.0003186780558977,7.90491703818643e-05,0.0055024153552949,0.0012522578705102,0.0096375241661996,0.000767921619169
0.0008925712594883,8.946488471632563e-05,0.0095510482788085,0.0020816732197999,0.0185092963188514,0.0017411334437655
0.0038073911542355,0.0001267831261491,0.0782924368977546,0.0080375783145427,0.0286230103864096,0.0069554024644036
0.0007909007567689,7.209157486164812e-05,0.0049196367617696,0.0007801777962595,0.0067557561529936,0.0004221393497269
0.0006492076905297,7.228898362005606e-05,0.0056672943755984,0.0007930728513747,0.0055184186434976,0.0003949890337275
0.0016250151965588,8.41390040396215e-05,0.0120362723246216,0.0011914000473916,0.0092424768804197,0.0007344577417456
0.0013453010731856,0.0001046359310229,0.036288920789957,0.0043218787759542,0.0169240897927366,0.0031267021628166
0.0013205442185368,8.047337272666113e-05,0.0083289481699466,0.0010508344136178,0.0093575951755,0.0006469490154985
0.0005218446382289,8.150328316810476e-05,0.0083337137475609,0.0014046692661941,0.0101561940933725,0.0008670593590137
0.0017033438566247,0.0001008583191285,0.0202306024730205,0.0040955524891614,0.0319885310946594,0.0040823147776403
0.0014249939509855,7.586472031917034e-05,0.0062440987676382,0.0007628372684121,0.0075462102099812,0.000445106878244
0.0008829110787045,9.64215512277264e-05,0.0003857626288663,0.004775536529778,0.0797815212440494,0.0088327746657189
0.0008086315078776,0.0001058334532677,0.0398486498743295,0.0057089851796627,0.0174053977148772,0.0039928120088446
0.0009587479603098,6.331544251176702e-05,0.0044913918245583,0.000431762933731,0.002124011150502,0.0001616596494479
0.0006816774313187,6.348897499265128e-05,0.0041854795999825,0.0004877388384193,0.0026071497057182,0.0001941324395998
0.0017474031724113,7.979095239149525e-05,0.008938499726355,0.0008140917494893,0.0068664740381773,0.0004410424806915
0.0010969569825104,7.183195839635648e-05,0.0074081982020288,0.0006960043869912,0.0043078061329541,0.0003158267612655
0.0012626247024292,8.004937737468793e-05,0.0075742613989859,0.0010833857487887,0.0107306898862025,0.0007365017586619
0.0020191730566321,7.64627603295643e-05,0.0077969133853912,0.0006538937892764,0.0061651780338329,0.0003464040749678
0.002293016592906,8.11402818474056e-05,0.0063171994406729,0.0007792104501277,0.0104491583974103,0.0005316078303865
0.0013327010314458,8.804865302969138e-05,0.0149696920998394,0.0017962200939655,0.0129387441284983,0.0012627654868382
0.0015843505608367,8.623070200504575e-05,0.0100851114839315,0.0012988348305225,0.0123768194458816,0.0009158982423227
0.0009871973881206,6.703285730150698e-05,0.0047024060040712,0.0005569967068731,0.0040586804648533,0.00025431930322
0.0018909285816241,7.610968826497972e-05,0.0083123575896024,0.0006529550161212,0.0050471667935455,0.0003194432753341
0.0024506979182766,0.0001043152309482,0.0314529165625572,0.0040298159793019,0.0272673686252295,0.0037448228586837
0.0007242112059479,0.0001345552623705,0.0257414896041154,0.0290207942923007,0.0951683207902694,0.0378810947369361
0.0011806671087751,8.414900016854069e-05,0.0136505868285894,0.0017704426310956,0.0126512142649508,0.0012521311372334
0.0012144708663232,8.407434873647476e-05,0.0123574123717844,0.0013334341719746,0.0089917450876394,0.0007760058797866
0.001567539239762,8.973647848569484e-05,0.0150751709006726,0.0015178048051893,0.0106658972844012,0.0009517492299174
0.004960200744419,0.0002418061882325,0.0113320108503103,0.0353328389706803,0.271793163642688,0.0498905343280652
0.0007640470971057,8.139480151337568e-05,0.0016632463084533,0.0013229152539861,0.0120035865337113,0.0008037577377573
0.0008367300692287,7.224551182913362e-05,0.005012585548684,0.0007609245367348,0.0066552498299122,0.0004170441039107
0.0014055452505432,7.263549519508279e-05,0.00757617643103,0.0006759452167898,0.0047467503067232,0.0003287874122456
0.0022149935427623,8.318352649971201e-05,0.01195730548352,0.000876990314573,0.006734951330516,0.0004770747885655
0.0009575939894151,8.511750535435928e-05,0.0099794780835509,0.0015228001214563,0.0124912808754071,0.0010587725296828
0.0011647151600221,8.24535938334309e-05,0.0088188247755169,0.0012863499391824,0.0116851422833408,0.0008840725848729
0.0008574865387538,8.343445621611313e-05,0.0124998381361365,0.0014514642208814,0.0081614284939424,0.0008118483267691
0.0018063613461102,0.0001068452649593,0.0342475455254316,0.0045573326200246,0.0247539580314116,0.0038457215422032
0.0011662367263758,9.19396028975048e-05,0.0154084637761116,0.0020798011496663,0.0140362730858818,0.0014624583817571
0.0043296295891489,0.0001817158718499,0.1052223294973373,0.0204334861040115,0.0738446715356754,0.0226191186857009
0.0030559776988934,0.0001758289566541,0.0021465974859893,0.0345653416564528,0.2951277843536597,0.0528650240686115
0.00098455531255,6.53643402589684e-05,0.0042837113142013,0.0004894122248515,0.0034324983286667,0.0002137483444897
0.0008897823906707,7.496673805894327e-05,0.00659198500216,0.000857785558328,0.0070642952878559,0.0004698007618632
0.0005991535927341,7.450873151925103e-05,0.0054556538816541,0.0009169726166874,0.0084090096893414,0.0005410528952118
0.000296439827585,9.097754984580442e-05,0.0132746938616037,0.0023526474647223,0.0119678311066818,0.0014821624988405
0.001945945697469,9.036045896254402e-05,0.0154969049617648,0.001487782523036,0.0119228455626334,0.0009978848553409
0.0017814223742138,9.070431542511142e-05,0.0159563329070806,0.0018789321184158,0.0154891400156329,0.0014397096724279
0.0014572986924516,0.0001101142446383,0.0314656235277652,0.009403556138277,0.04884834507423,0.0101365350547645
0.002099148140571,0.0001143756883537,0.0397531110793352,0.0102938608452677,0.0541692770206918,0.0113752034309932
0.0035007052225395,0.0001043072846965,0.0304149724543094,0.0030690727755427,0.0269160620575399,0.0028881232622466
0.0011725215415952,7.349167186009465e-05,0.0061866715550422,0.0007116688322275,0.0063366886221137,0.000374064905607
0.0016210001375112,7.078296764806685e-05,0.0050341123715043,0.0004860414098948,0.0046004313511155,0.0002324125423087
0.0015849331254346,8.369364584518996e-05,0.0064019875135272,0.0012260159663856,0.0146091441677744,0.0009592205792137
0.000843473507271,7.947640968628076e-05,0.0106916325166821,0.0011815441958606,0.007219008432199,0.000636389119723
0.0007856447160571,8.40257403642436e-05,0.013787293806672,0.0016440036520361,0.0092819169197536,0.0009723557506225
0.0010358531250434,8.818099768937338e-05,0.0146725410595536,0.0018654810264706,0.0121038535020563,0.001253884918399
0.0023188082991868,8.887574457431234e-05,0.0176110547035932,0.0014104908332228,0.0105951321472762,0.0009132938089306
0.0014071757709314,0.0001033919789774,0.0247770324349403,0.0036709801107645,0.0209446138033618,0.002923553094303
0.0010148521452214,8.132872591688398e-05,0.0066464813426136,0.0011680327355861,0.0114695843037137,0.0007899137318033
0.0009554351190163,8.783761233239064e-05,0.0096730384975671,0.001919529736042,0.0162685814881335,0.0015003560699425
0.0014582953790658,8.840632694422437e-05,0.0111152911558747,0.0014817547239363,0.0134129326072038,0.0010586392526137
0.0010845664896294,8.329835510902258e-05,0.0064448160119354,0.0013788723293691,0.015068066075543,0.0011076851959025
0.0014612088264199,8.041572281756526e-05,0.0081667932681739,0.0010094182286411,0.009697064563503,0.0006464336774981
0.0045538542119841,0.0001110134368873,0.0421259775757789,0.0041985550522804,0.033352327236515,0.0041378495008999
0.0015907338918145,9.732738846616388e-05,0.0053462530486285,0.0039973626029677,0.032901756451762,0.0037588842603903
0.0005456022045295,8.097595079530973e-05,0.0100889103487133,0.0013979547657072,0.0081055291899004,0.0007705841051511
0.0021296666555926,7.991905659102865e-05,0.0084752039983868,0.0007569285947829,0.0076957402816394,0.0004406526860636
0.0024251195819855,9.103009988798826e-05,0.0173998530954122,0.001416588500142,0.0114700154142331,0.0009328542043745
0.0047061364469864,0.0001066812550274,0.0343258716166019,0.0024374343454837,0.0226123877403889,0.0021147666948651
0.0024444087800765,0.0001302692565113,0.068305380642414,0.0113000200688838,0.0373603368023475,0.0105503011320962
0.0024119273189188,0.0001021691036748,0.0242199059575796,0.0026651692017912,0.0214589481458793,0.0022382732310781
0.0035587781163425,0.0001237305920019,0.0445462316274642,0.0095108605921268,0.0624281251589286,0.0110511483792108
0.0006711504608389,6.950188413419535e-05,0.0036028958857059,0.000673706177622,0.0059862766880834,0.0003498474648436
0.0014471155628867,8.167204604579096e-05,0.0084918169304728,0.0010182994883507,0.0094760639835652,0.0006367698750831
0.0012578450367792,8.550978196726166e-05,0.0083673391491174,0.0014335187617689,0.0144748267215727,0.0010869496956338
0.0013700985552213,9.168157004420946e-05,0.0156159694306552,0.0036251690238714,0.0290131141809026,0.0035932483893175
0.0013538106121378,9.281113910996005e-05,0.0093420417979359,0.0027006478887051,0.0259423561104764,0.002597641701477
0.0010742269040335,7.27721576060953e-05,0.0073633580468595,0.0006946173962205,0.004444405835633,0.000311809627207
0.0010827568240769,7.482427714363684e-05,0.0076723340898752,0.00084142643027,0.0060445924323184,0.00043824582006
0.001132254077062,8.054674062212778e-05,0.0091034970246255,0.0010570650734007,0.0081784448930652,0.0006025271609206
0.0014751819528727,9.725937567214458e-05,0.0190032515674829,0.0033475002273917,0.025972085056702,0.0031028109335461
0.0023431201465132,9.066603253476796e-05,0.0187885100021958,0.0016770847141742,0.0132628046020282,0.0012072804478194
0.0021967645340804,9.76429206647994e-05,0.0281084664165973,0.00276003241539,0.0169679189088829,0.0020990054574732
0.0046068788877554,0.0001230441336428,0.0387691911309957,0.0062732270359992,0.0545915966933866,0.0071987786504089
0.0010520461840487,7.4049812675164e-05,0.0053455606102943,0.0007759642321616,0.0066972583994278,0.0004258966841654
0.0012315337271522,7.27830449170888e-05,0.006654277909547,0.0006932470947504,0.0052023810868677,0.000352002872377
0.0021954747016273,8.890871919995866e-05,0.0120584024116396,0.001350605841726,0.0142674661883408,0.0010141771882533
0.0020917581822166,9.02477659639675e-05,0.0128992041572928,0.0013936460390686,0.0145459300379273,0.0010522260144483
0.0012162360671374,9.16109238309809e-05,0.0117820436134934,0.0021849241107702,0.0194765587276158,0.0018623240053094
0.0011929601212547,0.0001005970387077,0.0191634595394134,0.0031857979297637,0.0229566759557537,0.0027260981299027
0.0026356151588979,9.885160168024995e-05,0.0218037562444806,0.0021425711363554,0.0186434464887317,0.001738764375864
0.0014029721300351,9.458766915062176e-05,0.0220146058127284,0.0023499293997883,0.0132094121761903,0.0015616989353409
0.0010647697209275,9.2911444500034e-05,0.0182813014835119,0.002474688924849,0.0142979966102743,0.0017190073106118
0.0005601474962208,7.931779572335003e-05,0.0076983575709164,0.0011924404185265,0.008956461570232,0.0006938701596475
0.0021758669427623,8.65376881932587e-05,0.0120834377594292,0.0010708272457122,0.0100086146721505,0.0006829861920654
0.0016182229623496,9.469487999533592e-05,0.0098374271765351,0.002232261551544,0.0242527410537611,0.0021370468128992
0.0026972068123645,8.76751330286217e-05,0.0146824838593602,0.0010398630984127,0.0092523756494008,0.0006500518144643
0.0035560234234945,0.0001271919352614,0.056059394031763,0.0060382593423128,0.0300183569277682,0.0053396264217483
0.0067068493122559,0.0001433820298208,0.0622273087501525,0.0118431597948074,0.0905975954925496,0.0145216102186153
0.0006911247645587,8.36632292995985e-05,0.0090459818020462,0.0014931852929294,0.0110718447304737,0.0009540404893966
0.0014431360690608,8.169972833065183e-05,0.0066289592068642,0.0010721437726169,0.0123553962903352,0.0007758307519045
0.0009004338258123,6.977960018230778e-05,0.006253542844206,0.0006782660540193,0.0043277324147518,0.0003107728404071
0.000900434934341,8.635016635945075e-05,0.0110140312463045,0.0016172710061073,0.0119788432378454,0.0010757597529138
0.0011884869874645,8.994917099417713e-05,0.0077118552289903,0.0021640085615217,0.0211254218271811,0.001911698426708
0.0023225902117793,8.61091350161324e-05,0.0128200971521437,0.0011101777665317,0.010412407472273,0.0007250184431935
0.0020035394055009,9.258357195117676e-05,0.0089540877379477,0.001722034132108,0.0216495533942462,0.0015828678852775
0.0014856612940435,7.246419003656564e-05,0.0074177554342895,0.0006223326083272,0.0039877324117509,0.0002807817780791
0.0020118802755282,7.877020787287617e-05,0.0090794949792325,0.0007295084372162,0.0058260769710632,0.0003774458093903
0.0017456437022483,9.205039671561738e-05,0.0096529154106974,0.0019398954138159,0.0222549150682992,0.001812013706892
0.0005923215106528,8.199180884057027e-05,0.0063722131308168,0.0013927902840077,0.0117686145276882,0.0009293151632689
0.0006310211427046,7.392907038234332e-05,0.0068234768696129,0.0009119247552007,0.006155806706586,0.0004609174372179
0.000764154967321,7.459028933455786e-05,0.0060880447272211,0.0008892442379146,0.0067566306137632,0.0004736519705039
0.0007865147377107,7.215883954359297e-05,0.0082908375188708,0.0007532062847167,0.0031776109206066,0.0003067826382897
0.0025957279190985,9.444174487154837e-05,0.0182659281417727,0.0017540226876735,0.0161585608142839,0.0013700568820412
0.001077724440666,7.541635423486499e-05,0.0048451237380504,0.0008291569072753,0.0084144164771064,0.0005038446574646
0.0031968826884405,9.750023588233444e-05,0.020088936202228,0.0019046669825911,0.0198976063749506,0.0016329188464648
0.0009726166385522,5.044244324121884e-05,,,0.0013137454458624,5.025208489767719e-05
0.001025433589427,6.893482734093891e-05,0.0051037268713116,0.0005771319754421,0.0044572017942349,0.0002669718756418
0.0006411037879497,7.092779866148323e-05,0.0063368608243763,0.0007950957119464,0.0048579550612002,0.0003740318945996
0.0018651636885127,8.080595597161283e-05,0.0079531478695571,0.000878163119778,0.0094480132404339,0.0005629658575867
0.0007031419432204,7.349160310640831e-05,0.0068010808899998,0.0008374569565057,0.0054848278355322,0.0004101192993952
5.639485195238969e-05,7.153041391611253e-05,0.0049407710321247,0.0016145975515246,0.0125797573563721,0.0011673285157426
0.0006194876526722,8.434969317135002e-05,0.0137147177010774,0.0016536542959511,0.0084156807959693,0.0009214333477992
0.0021139046135893,9.212079048146004e-05,0.0163621772080659,0.001787119526416,0.0161453545980375,0.0013998332458907
0.0049073329647853,0.0002019150163537,0.0994719788432121,0.0290069097280502,0.1302263406499353,0.035877749194989
0.0005536787708685,6.584838424895912e-05,0.003916920395568,0.0005670766439288,0.0036342361788812,0.0002439098428029
0.0010930039783493,6.46645661104854e-05,0.0030461492715403,0.0004406752996146,0.0041555135087143,0.0002051003989348
0.0006097960723811,2.5371798838703464e-05,,,0.0020294070976228,7.296749535914233e-05
0.0009037183873481,7.517231389828007e-05,0.0077126724645495,0.0008774971868842,0.0056789823791792,0.0004386733311919
0.0009968024599969,7.686289493342687e-05,0.0082661639899015,0.000993818687275,0.0071582608347766,0.0005525893583114
0.0009170606219768,7.742171461368945e-05,0.0081106508150696,0.0010609721112996,0.0083782612188697,0.0006309343159472
0.0033483371803032,9.472641843233724e-05,0.015955377370119,0.0017684334889054,0.0222781288511342,0.0016486273714159
0.001118920687312,9.775134792357156e-05,0.0356957875192165,0.0050264735147356,0.0180647211889136,0.003759560546318
0.0009131425579498,6.808621604956341e-05,0.0047283261083066,0.0005442943889647,0.0049319247411868,0.000260172696097
0.001700493195528,7.389879005155172e-05,0.006253978703171,0.0006303292512893,0.0058608255669008,0.0003309110146117
0.0006456169152974,8.43650152545488e-05,0.0090560507960617,0.0015914614684879,0.0118810940274653,0.0010507312985189
0.0021818239128682,0.0001072884515374,0.0336810480803251,0.0050437858328223,0.0319884331768127,0.004873960476689
0.0040190430604548,0.000107095263897,0.0444351565092802,0.0036994244158267,0.023362110239778,0.0032267978474616
0.0020457494190072,8.421372038577065e-05,0.0140914758667349,0.0010513595491647,0.0070966451231117,0.0005795893341503
0.0023715918064651,8.259041362799688e-05,0.0099670719355344,0.0008929475210607,0.0097224814978882,0.0005887069363102
0.0018136295831647,9.600917603445848e-05,0.0230470728129148,0.0028293623030185,0.0186262229208315,0.0022688846346974
0.0024293942985709,0.0001060956794284,0.0283267088234424,0.0050322046875953,0.0380945755889082,0.0053060411805939
0.0027723981960622,0.0001107894209379,0.0410348400473594,0.0043645399063825,0.0232963411794501,0.0036710416161531
0.0040340070715259,0.0001197310345488,0.0459426715970039,0.0066294085979461,0.0487730208640311,0.0072067756372125
0.0060438515652607,0.0001276511406435,0.0660086460411548,0.0061339419335126,0.04330724122294,0.0063040046422061
0.0044720970919439,0.0001390295208681,0.072566233575344,0.0081915855407714,0.0410134975317224,0.0080174123212938
0.0002309097985915,6.247691855525606e-05,0.0028517307946458,0.0005055159563198,0.0029497250387512,0.0001985513405563
0.001456402060002,7.353071210030888e-05,0.005889250896871,0.0006309780478477,0.0056245942285718,0.0003229935679257
0.0029591131625175,0.0001098000739263,0.0164021346718072,0.0058379432745277,0.0559103089200237,0.0071752983134358
0.0015425059036343,9.230653507316796e-05,0.0171105805784463,0.0019102469086647,0.0137492241984237,0.0013472708369998
0.0014946697186774,9.286863279495518e-05,0.016090971417725,0.0020441087707877,0.0159789903632489,0.0015416773468391
0.0014216308859898,7.548621185862205e-05,0.0070057087577879,0.0007633659895509,0.0066729879198308,0.0004173585199296
0.0016643632262891,8.50877109114744e-05,0.007949779741466,0.0012252330780029,0.0142378623593638,0.0009440525063774
0.0016322498865682,8.883259607971798e-05,0.0093513447791337,0.0021898326743394,0.0228563264825564,0.0020469664557386
0.0021357456921829,8.883653196067138e-05,0.0164205702021718,0.0013771018199622,0.010358481031512,0.0008883027627797
0.0027615030061872,0.0001490109967997,0.0627213269472122,0.0182741079479455,0.0775344372200643,0.0209432758466517
0.0038685189202314,0.0001420370571554,0.0838710702955722,0.0128468054533004,0.0512638151552081,0.0132029867708258
0.0008999201261242,7.97384037327794e-05,0.006062124390155,0.0010568310972303,0.0097585252385773,0.0006556070384318
0.0015256862527306,7.239161991611886e-05,0.0066967443563044,0.0006054607778787,0.0044070902962455,0.0002824755346981
0.0055854498546973,0.0001251042395237,0.071962583810091,0.0080236829817295,0.0477201211385317,0.0084929100885398
0.0009579519495269,8.098777006922521e-05,0.012232313863933,0.0012303325347602,0.0067946250048886,0.0006529106529284
0.0025536310348488,9.177263161325124e-05,0.0193664971739053,0.0015287789329886,0.0122420708891605,0.001062282594359
0.0015676462176943,7.574048793540294e-05,0.0065694907680153,0.0007106662075966,0.0067987470742394,0.0003934086124829
0.0006501568058185,7.845640364410812e-05,0.0090470244176685,0.0011604803241789,0.0071491456352305,0.0006180364593195
0.0015376394639207,9.032756306183983e-05,0.0163148716092109,0.0017648677900433,0.0131569001043257,0.0012206628436581
0.0020044019527264,9.53990916098442e-05,0.0188211873173713,0.0022398255765438,0.0189413035118395,0.0018342786657927
0.0027782597234046,0.0002307849475225,0.1226879209280014,0.0304524329304695,0.0536005737938099,0.0289294521935279
0.0072285229582298,0.0002171435141272,0.1610915064811706,0.0176696714758873,0.0518930134783985,0.0175852348651139
0.0005240624904143,2.9558824530432487e-05,,,0.0016267771852605,6.739490457362035e-05
0.0017868862235608,7.334253466949412e-05,0.007522489875555,0.0005848892685025,0.0042477265075089,0.0002730751494236
0.0016789601611747,8.34316606192092e-05,0.0126183279789984,0.0011028838902711,0.0078272706957979,0.000631031925534
0.0004675345548033,7.537567237826757e-05,0.0051146671175956,0.0010116685833781,0.008544754650817,0.000602668788206
0.0006373754746397,7.12228630158874e-05,0.0067964396439492,0.00075816931203,0.0042923684324473,0.0003330584708533
0.0013763545251583,8.471207134235718e-05,0.0103908237069845,0.0013022966869175,0.0111505475597061,0.0008601389789343
0.0006537616184669,8.604502324088695e-05,0.0117334304377436,0.0017959423363208,0.0117681684574978,0.0011579246126788
0.0037176559525317,0.000108688335107,0.0475889332592487,0.0033171936124563,0.0153694526743647,0.0023930750001388
0.0053118708981679,0.0001498049588504,0.1122559607028961,0.0109168924391269,0.0346030210122911,0.0101553665062388
0.0007608916047613,6.331705637949744e-05,0.002773166866973,0.0004654370713979,0.0038118841988595,0.0002102273365874
0.0009909003840639,7.345865035499489e-05,0.0034115030430257,0.000747325127013,0.0080932074075375,0.0004494639866927
0.0016822304365226,7.980890937033924e-05,0.0104127270169556,0.000871123149991,0.0069976062077604,0.0004727245706319
0.0012431152453743,8.308121147809094e-05,0.0083817709237337,0.0012133818678557,0.0115913179466481,0.0008315822725298
0.0005503071106681,3.067476744858413e-05,,,0.0017369568622801,6.328853154424915e-05
0.0012277751893935,8.741509091433376e-05,0.0096518686041235,0.0017832644097506,0.0166230250535036,0.0014133230612338
0.0004462349420349,7.862310586560176e-05,0.0090114939957857,0.0012444722186774,0.0076733107482245,0.0006747035390106
0.001895423542113,8.203254807628846e-05,0.0074056952726095,0.0008824552036821,0.0100455274337289,0.0005712744407379
0.0006304206666933,8.450384887291737e-05,0.0089100468903779,0.0018182827625423,0.014244024837177,0.0013446087952745
0.003464720865961,0.0001025553805483,0.0256030149757862,0.0025509481504559,0.0253640279219254,0.002366978189505
0.0026968426484473,9.628924810213764e-05,0.0272601265460252,0.0029184333980083,0.0220138966352441,0.0025480209260294
0.0007370151098502,7.471893822507932e-05,0.00788260018453,0.0009376086760312,0.0064145786425541,0.0004865396726882
0.0015214839739912,8.554748011057071e-05,0.0090336669236421,0.001361099332571,0.013981082326258,0.0010278921965109
0.0013599540424599,7.953712434387956e-05,0.0112600931897759,0.0009322977811098,0.0051978240537488,0.0004516249882364
0.0006866139762716,8.839706416242498e-05,0.0124905914999544,0.0020891604945063,0.0139769666034343,0.0014730683788308
0.0015002856913453,8.690103125926505e-05,0.0123150697909295,0.0014487102814018,0.0125218652428209,0.0010162179956403
0.001222602840415,8.213578437645192e-05,0.0147000905126333,0.0012121384404599,0.0053430378069946,0.0005842211928236
0.0027671650770114,9.650305936421836e-05,0.0221182955428957,0.0021350928768515,0.0189498976161784,0.0017698709173947
0.0020454784622869,0.000102121247865,0.0254714181646704,0.0032121338322758,0.0225737954157461,0.0027426689121584
0.0036255003590758,0.0001126170317606,0.0443781670182943,0.0035422053188085,0.0203590052415813,0.0028042664908887
0.0045306429779233,0.0001593930996136,0.1209270320832729,0.0223378247022628,0.071806058233841,0.0253112491145933
0.0013521738161573,7.707095655441038e-05,0.0058293945621699,0.0008318146411329,0.0086423043989169,0.000511959744071
0.0014495497550021,8.942970276000191e-05,0.006588009186089,0.0017615769337862,0.0203687725467868,0.0015722480420203
0.0013449411468618,9.722074385443536e-05,0.011262219864875,0.002760245129466,0.0268683035344726,0.0026758730562777
0.0019376279839457,8.877451174742982e-05,0.0148801049217581,0.0013913260772824,0.0110305569451073,0.0009216112228209
0.0007096403845508,5.725056742678916e-05,0.0026124785654246,0.0003333863522857,0.0015940372085843,0.0001188708560237
0.0015219417372479,9.519252112358028e-05,0.0147762382403016,0.0024608884938061,0.0222996916302767,0.0021949246376979
0.0003761135165921,6.710071945268759e-05,0.0034799494314938,0.0006567693781107,0.0044253154821189,0.0002963691704941
0.0005132996790288,8.065714947707724e-05,0.0073636795859783,0.001388927930966,0.0103994152246544,0.0008839016819646
0.0011905708955512,7.987237931193639e-05,0.0088173416443169,0.0009710820391774,0.0074989310763715,0.0005326646540791
0.0015966749488941,9.508387040096282e-05,0.0157987829297781,0.0022638782486319,0.0188797539853858,0.0018550117181152
0.0032656623856575,0.0001099805369263,0.0560527555644512,0.0055404756963253,0.0254282448030541,0.0047977338628683
0.0017525063586276,8.587535161015724e-05,0.0057575940154492,0.0012383211124688,0.0164398624681304,0.0010288522628646
0.0007891410757659,6.37245844523817e-05,0.0023579358821734,0.0004538062098436,0.0046048705201596,0.0002206687472352
0.000249001484373,6.739345849460124e-05,0.003076579188928,0.000619372986257,0.0046744184840516,0.0002777674270349
0.0016525436623648,8.943624192329393e-05,0.0073148207738995,0.0020763125270605,0.023844344754875,0.001986538451288
0.0016534493952395,8.12155653083502e-05,0.0096975313499569,0.0009343066625297,0.0078007050400079,0.0005306325051684
0.0015984799387746,9.050675050885513e-05,0.0222668424248695,0.0019552674144506,0.0093476728337039,0.0011700384828139
0.001934777543186,9.24600208411842e-05,0.0186172882094979,0.001786827109754,0.0128810591837246,0.0012400402233935
0.002397685108412,9.16206732479042e-05,0.0130306920036673,0.0016428763978183,0.0184810959790099,0.0013926120948256
0.0003246266613849,7.60307952704718e-05,0.0014785070670768,0.0008326049265451,0.0065814719057087,0.0003902437263491
0.0008917744918118,7.938753493079193e-05,0.0074916714802384,0.0011697444878518,0.0101387338906762,0.0007604826734268
0.0013496419148087,8.552068593986085e-05,0.0069874064065515,0.0014168240781873,0.0162249998865441,0.0011637167978352
0.0019922027728395,9.625837098435792e-05,0.018789536319673,0.002415971532464,0.0199084244837143,0.0020260716576397
0.0019754049569986,8.568310742734613e-05,0.0121899484656751,0.0011492623016238,0.0100105412964485,0.0007273686709759
0.0012844703744963,8.603276306448941e-05,0.0118466424755752,0.0014230917207896,0.0109428669801792,0.0009292369196562
0.0007599898601253,7.464019723585672e-05,0.0093602198176085,0.0009157227352261,0.004139462915019,0.0004025791446788
0.0015720060488131,8.747139023770954e-05,0.011619902215898,0.0014566359110176,0.0126985947163324,0.0010114030487266
0.0012818466746055,8.467850288006455e-05,0.0134221268817782,0.0012663715146481,0.0075455297716115,0.0006879410980345
0.0016563942842654,9.686345044148272e-05,0.0296600926667451,0.0026383713260293,0.0100900070689029,0.0016025203416303
0.001421562872546,0.0001049282590435,0.0004062184598296,0.0031374056275035,0.0589525094317975,0.0053545776065542
0.0072808604464037,0.0002984712061206,0.0200819075107574,0.0347479390781518,0.2680190036542288,0.0477089766369457
0.0009068587498782,8.578179773441222e-05,0.0094308583065867,0.001544320564717,0.0129272492079518,0.0010736365132063
0.0009841991342843,8.794999935911969e-05,0.0144978631287813,0.0019029858522117,0.0126708603929094,0.0013072061362029
0.0014375347647492,9.80354296046238e-05,0.0168072171509265,0.0033370946720242,0.0266845316824979,0.0031272440111673
0.0016579742702006,7.654741257328082e-05,0.008648307994008,0.0007228560373187,0.0053500849453531,0.0003568470858471
0.0017118097327788,6.93038418496893e-05,0.0072886855341494,0.0004940683860331,0.0026256807715316,0.0001975764550618
0.0018873973825395,7.714177950937087e-05,0.0093049639835953,0.0007193386554718,0.0050958500962758,0.0003542850381895
0.0016054828901445,9.884102772277884e-05,0.0133142950944602,0.0029784286953508,0.0292063314784941,0.0029960594464699
0.0020918982073749,0.0001150611533233,0.0781003274023532,0.0130371712148189,0.0429732235017151,0.0125984963842788
0.0035819733453538,0.0001639851712883,0.1011709459125995,0.0185001641511917,0.0595059610474136,0.0191409172021002
0.0011213433191341,8.082220256491203e-05,0.008619399741292,0.001045278282836,0.0085767991727871,0.0006208586601894
0.0012770238025847,8.549705997224323e-05,0.0098140761256217,0.0013517135754227,0.0120270428445462,0.0009269382256738
0.0018520150217119,9.075940190393304e-05,0.0175479678437113,0.0017881900817155,0.0131690854363559,0.0012629923661156
0.0008706177486221,6.981688946619807e-05,0.0048432808835059,0.0006589703634381,0.0054243440723078,0.0003327889882462
0.0006254313322571,7.369978666662657e-05,0.0044220453128218,0.0009172260342165,0.0081968244355441,0.0005424663937273
0.003644997354303,9.866649469110608e-05,0.0219766963273286,0.0018770470842719,0.0196850285431199,0.001606186839133
0.0035598795233319,0.0001020938384069,0.0318078994750976,0.0030797654017806,0.0258673637329802,0.0028594526991459
0.0024499718889222,0.0001451365065146,0.056297842413187,0.0223411926999688,0.0838159867614179,0.0280146104303719
0.0009540536757467,6.830375868051189e-05,0.0058078472502529,0.0005849614460021,0.0037436346664134,0.0002541110600662
0.0026425961940109,0.0001253785341471,0.0710090026259422,0.0168178882449865,0.0601274655664665,0.0186366967214337
0.0036765666337521,0.0001153307294363,0.0335950534790754,0.009259570389986,0.0651492657445203,0.0113928593243194
0.00056610801921,8.00437778356478e-05,0.0059186089783906,0.0013219867832958,0.0118387962376433,0.000915180667703
0.0011631514547576,8.782854674674323e-05,0.0145743694156408,0.0016165860369801,0.0105177901947832,0.0009965409691612
0.0038130807561949,0.000114489116762,0.0683085918426513,0.0100015363842248,0.047634192788197,0.0107366448869783
0.0009467012964889,9.307013703105274e-05,0.002348484005779,0.0026888662592682,0.0264233448929686,0.0024740177001139
0.0013956944387523,7.127898014626984e-05,0.0064501059241592,0.0005996540561318,0.0043311407264657,0.0002783020040789
0.0018398438471276,7.84586060589166e-05,0.0099568888545036,0.0007615662179887,0.0053837865908811,0.000380602136779
0.0017399574046174,9.837175711588137e-05,0.0155807896517217,0.0026196001656353,0.0238453928384931,0.0023872908116066
0.0031586160881806,0.0001019427699926,0.0136299887672066,0.0024813795834779,0.03238671945803,0.0026543916577455
0.0016959693327764,8.49816232952388e-05,0.0141050722450017,0.0012535118125379,0.0089481526062892,0.0007677923494784
0.0004795801769747,2.7348667272051805e-05,,,0.0024365730768984,9.393347429265989e-05
0.0021044312592527,0.0001041094538978,0.0336814131587743,0.0041076921299099,0.0241201747957154,0.0035399187396991
0.0003899348588506,6.842894870351585e-05,0.0030263240914791,0.0006846158346161,0.0055537384267741,0.0003379585609612
0.0004227171748938,7.271112754405305e-05,0.0047604152932763,0.0008954754844307,0.0067202999193844,0.0004719232671868
0.0019488764237684,7.360065797180817e-05,0.0065345214679837,0.0005617498233914,0.0051688544241583,0.0002816931620367
0.0020301954507376,7.475445586069317e-05,0.0092307152226567,0.0006176400929689,0.0037904897160159,0.0002809523908605
0.0016541804778266,0.0001050542874203,0.0360519215464592,0.0047443024814128,0.023775427817106,0.0039987391030341
0.0006989799207296,7.288570169528951e-05,0.0063208471983671,0.0007927092257887,0.0052696411277404,0.0003797051186388
0.000636376465561,7.618212793491868e-05,0.0081826951354742,0.0010153895616531,0.0061930721537418,0.000514526533491
0.0010399999159834,7.899613524522909e-05,0.0085381367243826,0.0010115924384444,0.0078611280579015,0.000570857600838
0.0005796384599362,9.081263485975354e-05,0.0162782231345772,0.0043105257861316,0.0247476459568882,0.0038716807238637
0.0030864531033594,0.0001040484563636,0.0257105473428964,0.0034120080992579,0.032223191214208,0.0035135249478629
0.0028510604404581,9.719985125711738e-05,0.0226979237049818,0.0029371585696935,0.0270238387807366,0.0028404871002217
0.0017847334209949,8.115040806096793e-05,0.0102816578000783,0.0009102569706737,0.0077495864841649,0.0005280736851732
0.0008961612136186,7.867705523998758e-05,0.0092620067298412,0.0010591407492756,0.0068009076133933,0.0005556013838068
0.001234085018245,9.468534637418406e-05,0.0152920437976717,0.0024234359338879,0.0184461918932584,0.0019439483222949
0.0016085232008264,9.948243156448502e-05,0.0211002416908741,0.0029719237610697,0.0199478364169997,0.0024108916600629
0.0006935204600244,6.129927016609426e-05,0.0024566805223003,0.0004103796323761,0.0028847737737724,0.0001658961738817
0.0012059058155287,7.211906726667253e-05,0.0048693197313696,0.0006604469567537,0.0062097626133656,0.0003506365557572
0.0015086471802601,9.368098128051004e-05,0.0067335260100662,0.002088741986081,0.0239796073802912,0.0020027335554053
0.0017080056523833,7.949123876811108e-05,0.0081721320748329,0.0008481876831501,0.0081633329053955,0.0005046805132165
0.0017225161168914,9.158983565857704e-05,0.0140976794064044,0.0016232956200838,0.0147273854075108,0.0011842345578255
0.0010613799476171,9.33458211600912e-05,0.0156719386577606,0.0025969258509576,0.0181263260208177,0.0020680972358479
0.005134470531671,0.0002466898883508,0.070270262658596,0.034876063466072,0.1461184071647417,0.0437634826115231
0.0017391481642194,8.045800184388295e-05,0.0091466107405722,0.0008965738676488,0.0080145979629181,0.000518521636034
0.0002089484212965,8.582002830001805e-05,0.0055849007330834,0.0012647057231515,0.0085743865858427,0.0006817969798175
0.0014675817019818,0.0001198134361211,0.0242018355056643,0.0213158202089834,0.0771658889515399,0.0243519526853143
0.0032441089649745,0.0001197006799157,0.0330265145748853,0.0063746440038084,0.047369335892711,0.0068669649511149
0.0010875449413939,8.105155089218404e-05,0.0061997747980058,0.0011811664048582,0.0121952924512065,0.0008331177875621
0.0018450262637602,7.865633574728878e-05,0.0064833741635084,0.0007609715685248,0.0087066663435222,0.00047221960467
0.0019157328801591,9.079439198341572e-05,0.0166598185896873,0.0018295082636177,0.0157978287472054,0.0014181184064452
0.0021473933981268,0.0001008123499692,0.0272812955081462,0.0032716241851449,0.0225170828495887,0.0028417907131537
0.0022569394470244,8.213657305152075e-05,0.0080139390192925,0.0008458829391747,0.0105393031083557,0.000578930111314
0.0018023306767807,8.081355151870516e-05,0.0112841590307652,0.0008966929279267,0.0062759727573269,0.0004626421059571
0.0042703233867128,0.0001098947792872,0.0374655909836292,0.0034899152815341,0.0286240865760762,0.0032416526738532
0.0014977292215581,8.284578662027609e-05,0.0128481108695268,0.0011462075263261,0.0072984726180216,0.0006274107150353
0.000726423884718,8.81888403438968e-05,0.0169541630893945,0.002088482864201,0.0108695246997286,0.0012992954803008
0.0022329781265286,7.791016205131469e-05,0.0087234564125537,0.0006462390907108,0.0055312116554975,0.0003303895386129
0.0011842139550227,8.590998777831607e-05,0.0112122953869402,0.0014480957761406,0.0112674664551891,0.000949097487699
0.0021294830179624,8.646619469359403e-05,0.0104895262047648,0.001149087678641,0.0123710359464008,0.0008268370104837
0.0015471059805192,8.315352431853508e-05,0.0129036167636513,0.001195086594671,0.0085853352517353,0.0007221495228178
0.000925970711563,6.96240912812225e-05,0.0037020455347374,0.0006256002699956,0.0059994604648234,0.0003319985917613
0.0015257311753485,6.841475718049358e-05,0.0065353736281394,0.0004995341878384,0.0026900471360397,0.000206629685304
0.0006221054831332,6.915589728384661e-05,0.0058384663425385,0.0007033850997686,0.0041564389683624,0.0003107820519379
0.0022052893849923,7.530654545260087e-05,0.0073736286722123,0.0005850275047123,0.0055104256459396,0.0003022045029683
0.0004931274591173,6.972865213920832e-05,0.0032829125411808,0.0007122775912284,0.0059992102303263,0.0003670577594357
0.0017919400819758,8.848180373963047e-05,0.0098042804747819,0.0014111963100731,0.0152260764673758,0.0010899123451484
0.0029402792224239,9.467035648108406e-05,0.0229187691584229,0.0016745174676179,0.0131119984250997,0.0011779254027046
0.00155091590148,8.25521178069305e-05,0.0094524957239627,0.0010654819384217,0.0099147590561457,0.0006779799970908
0.002208300944553,8.554801460383893e-05,0.0115338973701,0.0010327047854661,0.0098095059841176,0.0006525650754614
0.0011959820892908,8.259828967600163e-05,0.0072813124861568,0.0012633726466447,0.0132612506095356,0.000937083366837
0.001299419796054,8.184187856800137e-05,0.0107476450502872,0.001223295982927,0.0095807617344721,0.0007672064380966
0.0007501023910136,3.1929875746206223e-05,,,0.0031883154718676,0.0001017943280899
0.0011582935409661,8.437500682702032e-05,0.0075770625844597,0.0013798758201301,0.0137389423711998,0.0010244927064697
0.0019438065394079,8.532414200120193e-05,0.0123512856662273,0.0011432118341326,0.0098674325502444,0.0007229727761801
0.0013319662630556,8.455445380909179e-05,0.0108549622818827,0.0012812317535281,0.010592041388579,0.0008116927643235
0.0023317619387341,9.239096180881827e-05,0.0144386957399547,0.0017165953852236,0.0176970061287326,0.0013990501932443
0.0006522597855744,8.144852908416908e-05,0.0104080215096473,0.0013741831481456,0.0087678028923911,0.0007954664352928
0.0009188383065872,8.452221992899175e-05,0.0120010036043822,0.0014696970954537,0.0097502248877785,0.0008847368305321
0.000924439145829,8.364840968648479e-05,0.0094904759898781,0.0015075153857469,0.0121599422952646,0.0010254596633385
0.0017009381399864,8.70466016048327e-05,0.0138728357851505,0.0014685592614114,0.0117805713847428,0.0010044145794779
0.0027046204933703,9.516200556018532e-05,0.0231165140867233,0.0017301016300916,0.0116097768207157,0.0011667836210588
0.0047108270724695,0.0001401183879395,0.0447263531386852,0.0246192668192088,0.115020047214174,0.031568377074606
0.0015287947031513,7.867090481072534e-05,0.0069986181333661,0.0008719761390239,0.0094359321727774,0.0005613471486507
0.0020083924713241,8.25800708615541e-05,0.0121432091109454,0.0009663326665759,0.0077299589424642,0.0005484357195215
0.0006117863544824,8.349639461780346e-05,0.0101276580244302,0.0015656759962439,0.0104932300415565,0.0009765358090981
0.0038646311600263,0.0001012077894623,0.0264126472175121,0.002514580823481,0.0254480396210762,0.002351780106662
0.0020631945428738,8.46012503223849e-05,0.0091524547897279,0.001073087323457,0.0120872337608773,0.0007586906499022
0.0015248628899538,0.0001204610882167,0.0421522054821252,0.0114206781238317,0.0494320297316527,0.0124643043998514
0.0035848732909199,0.0001356494855188,0.0748030170798301,0.0094930119812488,0.0382329099334403,0.0088332747720543
0.0014861362034673,7.439326959513166e-05,0.0060299553442746,0.0006875806953758,0.0067754643862531,0.0003845208362022
0.0004950484099017,7.160274199692921e-05,0.0049564475193619,0.0007965077925473,0.0057885182236908,0.0003965879958978
0.0010052463688883,7.270061424612161e-05,0.0074518199544399,0.0007238197233527,0.0045164017456918,0.0003294905621158
0.0019768067084755,7.82524686569505e-05,0.0081334286369383,0.0007286983169615,0.0066486362953516,0.0004008006392568
0.0005503154106209,8.306061321208661e-05,0.0083472989499568,0.0015205268282443,0.0114239310143498,0.0009976471507016
0.0025973718777662,0.0001132448254733,0.0304667400196194,0.005383296534419,0.0405834405358471,0.005713876555282
0.001605266153547,7.786458199331029e-05,0.0084239933639764,0.0007993694022297,0.0069864537730155,0.0004438304193815
0.0016618217257027,9.23211914497608e-05,0.0101873707026243,0.0020020187273621,0.0220543829449026,0.0018258390540563
0.0010267750120958,8.83973845786977e-05,0.0125797623768448,0.0018535252846777,0.0140312557028866,0.001328046263504
0.0019219013569106,8.426415884788593e-05,0.0084223570302128,0.0010774014238268,0.0125927355509663,0.0007796876270873
0.0017832227783982,8.652951944710654e-05,0.0087981717661023,0.0013896363601088,0.0158596375746235,0.0011235497003568
0.0021001295115076,8.467364801155279e-05,0.0116332997567951,0.0010785304941236,0.0100885337679691,0.0006916406428105
0.0038485875520478,0.0001385727317101,0.085670955479145,0.0095942540466785,0.0314836304113513,0.0084444977643836
0.0045419735809832,0.0002314948293803,0.1930953860282898,0.0346790701150894,0.0300819817685833,0.0334282546642818
0.007608344016281,0.0002951974564031,0.0761972293257713,0.0282860400527715,0.203725144591645,0.0380702168200528
0.0011604175547253,7.611813951041062e-05,0.0055713169276714,0.0008491028565913,0.0083194248327509,0.0005084246378121
0.0009873679643832,7.825094827058204e-05,0.01015634695068,0.0010230231843888,0.0058365507807318,0.0005067398161967
0.0009619576697384,8.405232014933157e-05,0.0063893478363752,0.0015552981849759,0.0156000446700428,0.0012308131708405
0.0012829857474875,8.392700967231647e-05,0.0123739535920321,0.0012506420724093,0.0086344555581888,0.0007275103254608
0.0014818318277847,8.466878410359389e-05,0.0084984768182039,0.001178967654705,0.0116864578277437,0.0008065350868135
0.0011413426224785,9.109220641653933e-05,0.0084681725129485,0.0022336266189813,0.0208387256253004,0.0019585409101868
0.0015910934625166,8.824119450204768e-05,0.0103624672628939,0.0015296963229775,0.0153742624352591,0.001204320790239
0.005984693919675,0.0002313700370953,0.1432462036609649,0.0251545231044292,0.0921402077553622,0.0287187691445621
0.0027900071439357,0.000168512432005,0.0444391686469316,0.0578103575707064,0.2087645627289258,0.0756036655573324
0.0012646995364185,8.911269614175874e-05,0.0001973026810446,0.0014045224181245,0.0369682628645136,0.0024529643476351
0.0015163072973815,8.748142542967688e-05,0.0136792417615652,0.001472045853734,0.0114964532328344,0.000975964404064
0.0014049392046584,8.540357455453606e-05,0.0138465156778693,0.00127445127815,0.0075426804076057,0.0006931889143622
0.0013500930612632,8.735278663634001e-05,0.0106138004921376,0.001572864241898,0.0143626577483,0.0011735499255931
0.0013984388591898,9.727230638755012e-05,0.0199958821758627,0.002680686302483,0.017159147930199,0.0020292426545725
0.0022407520922315,0.0001037979826144,0.0378309898078441,0.0050229754298925,0.0266074721504608,0.0045640315974554
0.0007838889831207,6.55462925708125e-05,0.0052479640580713,0.0005707603413611,0.0034202502113505,0.0002469146151245
0.0032952465016287,0.0001287098633732,0.0579524785280227,0.0081848949193954,0.0415010359301808,0.0080608597754332
0.0013763174670406,7.273332151317823e-05,0.0055606390815228,0.0006416049413383,0.0058997576574051,0.0003361550230231
0.0006228388385533,7.195667057114286e-05,0.0075933628249913,0.0008008523564785,0.004498949702816,0.0003547098475141
0.0013322740965651,8.55753604668487e-05,0.0090017286129295,0.0015513228625059,0.0154275995556465,0.0012185649356602
0.0011861647553243,8.506802211381121e-05,0.0098181902430951,0.0014908344857394,0.0137227473940131,0.0010980471422546
0.0016319308616309,8.12114841109773e-05,0.0089857019484043,0.0010343254171311,0.0100370924458909,0.0006754595554516
0.0019959159219744,0.0001062591972351,0.0289048254489898,0.004753409512341,0.0329286802330098,0.004636174710677
0.0003897158093991,6.414430464931698e-05,0.002543473499827,0.0005438175285235,0.0042732923586192,0.0002471375731547
0.0009655816441123,6.869207255214157e-05,0.005282973870635,0.0005785455275326,0.0038032787614365,0.000254218370773
0.0010187128065764,7.037038285431286e-05,0.0070546071510761,0.0006511495541781,0.003582142411151,0.0002808562636411
0.0007758510386824,7.825829090439746e-05,0.008196291513741,0.0010315926279872,0.0073194877825401,0.0005477175737144
0.0011763145550762,8.433944947592361e-05,0.0093948198482394,0.0013437945954501,0.0116749660804608,0.0008956768470149
0.0004822987408257,8.547991831481814e-05,0.0146976010873913,0.0019376805052161,0.0090270961502281,0.001127443312865
0.0020656551839817,0.0001021041115774,0.017861071974039,0.0036112526804208,0.0327035652902183,0.0037131299705808
0.0027774270683355,9.982389990215298e-05,0.0284765111282467,0.0022773602977395,0.0149397057516705,0.0016649001570249
0.0004612057235088,2.463494908410964e-05,,,0.0015662295601071,6.215709309257528e-05
0.0015090883785691,6.752071500786623e-05,0.0049038771539926,0.0004455265868455,0.0031530219813462,0.0001889253906422
0.0006044059803495,7.594965431802019e-05,0.0068528894335031,0.0009546834044158,0.0062597292745401,0.0004839700907963
0.001331074224265,8.832934136702476e-05,0.0135138351470232,0.0018489610403776,0.0147751380373744,0.0013720746424683
0.0006223718381207,8.450281138222353e-05,0.0148126669228076,0.0016430754214525,0.007025662390772,0.0008348691842468
0.0007685362144272,3.8541675381802793e-05,,,0.0011543592176193,4.82770683306094e-05
0.0009286191274724,6.573545785803288e-05,0.0045536062680184,0.0004787481762468,0.0028764761429137,0.0001895776096325
0.0013373774906094,8.21988826874107e-05,0.0102831949479877,0.001186452563852,0.0097181581529636,0.0007442055540464
0.0009412906825703,8.767156789565161e-05,0.0021777877118438,0.0017161001445492,0.0166360390606436,0.0012015368407947
0.0022232300979934,0.0001122789236354,0.0280005345121026,0.005519698485732,0.0422212343855049,0.0060620412293989
0.0003464013627339,7.31903401586353e-05,0.0051011736504733,0.0009676644112914,0.0069397369870391,0.000510600834755
0.0013652667477883,7.715878643788868e-05,0.0063711444381624,0.0008012305852025,0.0076054994661409,0.0004579488582338
0.000539229217712,7.196588952246155e-05,0.0052484292536973,0.0008281909395009,0.0058294302039883,0.0004187473213882
0.0018425390538662,8.100427777774002e-05,0.0122563932090997,0.0008621520176529,0.0049367653280699,0.0004088572652822
0.0014344155156342,8.470597551962821e-05,0.0111880879849195,0.0014025004953145,0.0120975246545685,0.0009761746191744
0.0016434241180403,8.63561913406522e-05,0.0092442221939563,0.0014630090631544,0.0158994520590562,0.001168262615734
0.0020853372143252,0.0001029195803401,0.0169817097485065,0.0031224650517106,0.0297100054687787,0.0030993881608168
0.0007776993083766,8.41939301864192e-05,0.010094235651195,0.0015504470653831,0.0115872906218803,0.0010171521500304
0.001384904881925,8.6448090775894e-05,0.0095134545117616,0.0014141088537871,0.0138956689512651,0.0010486560022904
0.0015094610100594,7.757746548662072e-05,0.0056208607275038,0.0008008342701941,0.0090438591415902,0.0005011133841952
0.0039122660477481,0.0001078037593405,0.0405619665980339,0.0041086468845605,0.0296675317894914,0.0039007774109267
0.0031151014567661,0.0001125549789112,0.0454882849007844,0.0057089570909738,0.0352025611077008,0.0056529441651235
0.0009596641500222,6.895239101105117e-05,0.0058572082780301,0.0005985550023615,0.0035168439004752,0.0002556846134619
0.0012171344356919,7.502785463795272e-05,0.006137604592368,0.0007398282550275,0.0068698381508632,0.0004038357842438
0.0015026436841311,7.559983900407301e-05,0.0078161302953958,0.0007125039119273,0.0053731273719565,0.00035450813675
0.0019558592715745,7.9398708954714e-05,0.0062850257381796,0.0008011607546359,0.0099445210949768,0.0005356960636815
0.0009140765035776,8.265986163460666e-05,0.0076253931038081,0.0014007268752902,0.013302639032689,0.0010286627555654
0.0009034009171015,8.670784022435547e-05,0.0125858737155795,0.0016185316070914,0.0109973555419117,0.0010223116227009
0.0015428911355192,9.88413517263901e-05,0.018459927290678,0.0031525391340255,0.0250696932213575,0.0028591917299516
0.0052340088546989,0.0002314207489227,0.0527532137930393,0.0445320070930756,0.1725800742016281,0.0557137945472054
0.0028362455556669,0.0001068229040015,0.0364476554095745,0.0034256944060325,0.02145357717066,0.002831294065054
0.0006088159078284,7.159325533475139e-05,0.0058545912615954,0.0007533630169928,0.005001662194245,0.0003504016345234
0.0011237699520133,7.3137393077999e-05,0.0083867534995079,0.0007367525342851,0.0042727105180812,0.000336497590423
0.0014208825682897,0.0001037785118449,0.0283422246575355,0.0036222576349973,0.0197327453604378,0.0028316544752615
0.0016943583278574,0.0001035761240338,0.039335198700428,0.0043901959061622,0.0166425859566697,0.0031919830482799
0.0006681968351269,3.410717959213762e-05,,,0.0009828487426693,4.221211170612343e-05
0.0011994266530204,8.560982225808969e-05,0.0066511624027043,0.001409577075392,0.0153730203292411,0.0011141230223272
0.0009702327225364,9.303564796645674e-05,0.0196714838966727,0.0026476019993424,0.0140986938998415,0.0018242475445222
0.0003426171774381,6.411230433430348e-05,0.0028741650748997,0.0005601112078875,0.0042700912156827,0.0002562904438723
0.0013321688863886,0.0001086987633901,0.0127906687557697,0.0054361438471823,0.0411278039246573,0.0060416689499426
0.000730669235261,8.022153091956732e-05,0.0055919801816344,0.0012619481422007,0.0114724556539027,0.0008602069230402
0.0025695087988402,8.501346330471891e-05,0.0095693496987223,0.0009086556173861,0.0109102861766693,0.000619270541514
0.0026569459571932,9.090353417977183e-05,0.013515118509531,0.0013067264854907,0.0142501959281341,0.0009853808369856
0.0009427778354326,7.762997156784881e-05,0.005868602078408,0.0009339247550815,0.0085483377186878,0.000559357276677
0.0048369600417521,0.0001349640294419,0.0656030029058456,0.0099351416528224,0.0574685644654888,0.0108780639338075
0.0018235813412767,7.516809653156402e-05,0.0077151900622993,0.000628801267594,0.004880960088626,0.0003066358567176
0.0012064530740025,7.907897952459013e-05,0.0110291317105293,0.0009590436890721,0.0053351991660422,0.0004646111703884
0.0015646053438269,8.800827849348727e-05,0.0148577271029353,0.0014693736098706,0.0100425595256634,0.0009144620051072
0.0008562768605949,8.005209780956096e-05,0.0042492481879889,0.0012093824334442,0.0128715919785862,0.0008875149593044
0.0013245973419478,8.454856369240768e-05,0.0105591733008623,0.0013894084841012,0.0126071893131111,0.0009829955582406
0.0025531448378493,0.000109605175894,0.0428811348974704,0.0054667044430971,0.0293690237940325,0.0050894282268336
0.002245756431067,9.909503875528154e-05,0.0173548934981226,0.0025240226835012,0.024976996753195,0.0023488150817331
0.0008662967851015,6.72811347104214e-05,0.0040480550378561,0.0005766440043225,0.0049169492038498,0.0002849623034778
0.0007368605475988,7.484644495076953e-05,0.0097148730419576,0.0010102535411715,0.0062589774377406,0.0005213135639695
0.0010398607583587,8.198378000048444e-05,0.0079681440256536,0.001254154369235,0.0112060873783204,0.0008443385562708
0.0018047547572528,8.185773637731835e-05,0.0073346609715372,0.0009138616267591,0.0103029897184978,0.0006014853422314
0.0032839255684305,0.0001015751476799,0.0244752056896686,0.0027011833712458,0.0262459195680931,0.0025727673407601
0.002021604366107,9.670078922715142e-05,0.0197606980800628,0.0023554119467735,0.0189881109624887,0.0019344205531551
0.0017974577803145,7.258263691122674e-05,0.0077921017073094,0.0005643655546009,0.0037353543751734,0.0002532903679808
0.0007663347527311,7.884642356480458e-05,0.0098010413348674,0.0010542771779,0.0059227706179898,0.0005154517846103
0.0009106425327216,9.008496132439816e-05,0.0110826841555535,0.001934873778373,0.016272576173619,0.0014732125356607
0.0008381841635356,6.693380579216404e-05,0.0033774487674236,0.0005290463101118,0.005606362922833,0.0002756004869551
0.0004746277582215,2.693450892329494e-05,,,0.0022057367399271,7.694710784279324e-05
0.0014080424126938,7.209851386033605e-05,0.0071648713201284,0.000616516796872,0.0042912822696666,0.0002815915904037
0.0007121100596562,7.382770742863699e-05,0.0070501626469194,0.0008740386925637,0.0057702495187744,0.0004353853586983
0.0028467297970712,8.441930425524217e-05,0.0132926385849714,0.0008363077789545,0.0068179915576973,0.0004642203240502
0.0028953755551639,0.0001032388866666,0.0264902170747518,0.0037070079147815,0.0322940456560356,0.003717702008703
0.0019428433948869,8.373718451951334e-05,0.0083026643842458,0.0010222776327282,0.0114344168370876,0.0007059460594176
0.002461068566085,0.0002090149866148,0.2219983041286468,0.0231444188952446,0.0001421621928532,0.0028604909802926
0.0004908080728195,7.51518166051525e-05,0.0055457847192883,0.0010133893229067,0.0086098473526855,0.000600440667605
0.000811074081962,8.513095886973306e-05,0.0111240511760115,0.001751740463078,0.0125199644579547,0.0012135131000894
0.0018414323093077,8.854689211542244e-05,0.0121567714959383,0.0014933179877698,0.0149818358118477,0.001150712509948
0.0014191316531672,0.0001057633868651,0.0234781084582209,0.0054405871033668,0.0338910748554893,0.0053421779795033
0.0011618362711822,6.793606904395132e-05,0.0051402146928012,0.0005067218746989,0.0033621368759976,0.0002163835449385
0.0011314484694828,7.561669521528912e-05,0.0041195184458047,0.0007902251090854,0.0087117789244239,0.0004842145771531
0.000433441469649,7.277037989017877e-05,0.0037041383329778,0.0008191790943965,0.0066370942291752,0.0004235095649276
0.0009313639547686,8.42861754839976e-05,0.0001758447251631,0.0011006930693383,0.028191926159791,0.0017914687293668
0.0012188756725631,7.958089873732316e-05,0.0087721333838999,0.0010005144495517,0.0081599121272891,0.0005791580423016
0.0008353433426549,8.539616436878221e-05,0.0107819326221942,0.0017396737076342,0.0132664239357681,0.0012372218395064
0.0014323104834875,8.185843889417987e-05,0.0051293773576617,0.001003747107461,0.0119599233339163,0.0007022015177645
0.0015865418854625,8.379746462140172e-05,0.0079627828672528,0.0011672044172883,0.0126388476035748,0.0008448389164673
0.0013161064767851,7.833193856629462e-05,0.0083725778385996,0.00085558462888,0.0070158436333646,0.0004665046476819
0.0027091291597059,0.000113621190315,0.0493178497999906,0.0045689485967159,0.0191810490128879,0.0035086175955146
0.001237693303245,8.482278919312363e-05,0.0099653676152229,0.0013440987095236,0.0117645677100158,0.0009047122525824
0.001896530390644,9.108131611314632e-05,0.015603226609528,0.0016665515489876,0.0140201139212408,0.0012193524671415
0.0019352867196391,8.949384884553678e-05,0.0107584772631526,0.0013641603291034,0.014714008288356,0.0010178454809166
0.0015943760267137,0.0001122852561336,0.0365702249109745,0.0086406795307993,0.0457468317334816,0.009392128043815
0.0014010510258399,8.718250540355852e-05,0.0111216912046074,0.0014025996252894,0.0121391655788357,0.0009591000858635
0.0008472093094118,8.054501949032082e-05,0.0075236896518617,0.0013051459752023,0.0114710866173428,0.0008983097128484
0.0017704739644587,9.129291120084911e-05,0.0155238630250096,0.0017539315298199,0.0144438076170525,0.0012940710191928
0.0009903546907767,8.710203950748835e-05,0.0124213090166449,0.0017242300696671,0.0127032403741689,0.0012015056158814
0.0006121588815826,8.065694869703577e-05,0.0093588586896657,0.0013431370817124,0.0093975737629906,0.0007980564167361
0.0016849177841716,9.935202659686862e-05,0.0276993885636329,0.0033542173355817,0.0195324181392018,0.0026563396063745
0.005647619587736,0.0001223472294814,0.0486874170601367,0.0064504790306091,0.0562206341489411,0.0072691960885135
0.0010021874438676,8.206298180649671e-05,0.0079699791967868,0.0012318377476185,0.0112481956789761,0.0008278358813174
0.0030952427106808,9.283478619169116e-05,0.0195201970636844,0.0013227113336324,0.011329894975646,0.0008877010032131
0.0014443857593306,8.831891528446605e-05,0.0106025375425815,0.0015890160016715,0.0151988199467786,0.0012254231197741
0.0013353091933949,8.16162040956454e-05,0.0113773001357913,0.0011048796400427,0.0072875472982822,0.0005998283184046
0.0006922495636981,8.141157119642348e-05,0.0103246732614934,0.0013970695994794,0.0090246708702295,0.0008286297774587
0.000564270887169,8.164447278945783e-05,0.0097256014123559,0.0013328641094267,0.0082271118761544,0.0007370955306708
0.0009845418364625,7.970674255023693e-05,0.0094514917582273,0.0011688391305506,0.0081571668009954,0.0006720997130718
0.0011157813152476,7.929021601964736e-05,0.0075529082678258,0.0010457392316311,0.0092183469310656,0.0006442710167908
0.0021027884297941,8.272815613819245e-05,0.0094257262535393,0.0009081290289759,0.0097494034658425,0.0005885675303092
0.0021355154311925,0.000104383006754,0.0298125678673386,0.0033942180126905,0.020690122599922,0.00278363937117
0.0018050486122766,0.0001309726475217,0.0733092539012432,0.0123861642181873,0.0334284275363135,0.0109423364830454
0.001767865052366,9.213703332104228e-05,0.0123879960738122,0.0018004745431244,0.0186923482933236,0.0015146077223986
0.0021700025048145,7.995386193171937e-05,0.0120747494511306,0.0007926300354301,0.0052215040796639,0.0003959899626493
0.0011840853864932,8.697323639247196e-05,0.0135564357042312,0.001700684428215,0.0118879963290089,0.0011318376844943
0.0008671299272709,7.680962082622935e-05,0.0083400709554553,0.0010411976836621,0.0072982813155619,0.0005812412172901
0.0011521919121434,9.08585886129549e-05,0.0178393619135022,0.0023391386121511,0.0146106374149361,0.0016933111109013
0.0011138097049923,8.575762763081115e-05,0.0095608402043581,0.0014845184423029,0.0133368731065082,0.001053040038147
0.0011212835495831,8.192690656269965e-05,0.0077838650904595,0.0012132223881781,0.0113578364678465,0.0008208063228389
0.0010843870198784,9.953334323080876e-05,0.0143914851360023,0.0036281603015959,0.0275990698640633,0.0034231347351164
0.0030646060010057,9.976383147553308e-05,0.0134974867105484,0.0026371069438755,0.0338257582118789,0.0028412999271467
0.0006446018358617,9.372165108155342e-05,0.0198903046548366,0.0032859222963452,0.0163049062893085,0.0024243643579158
0.0017411602620547,8.529534360333479e-05,0.0063261413015425,0.0012474985420703,0.0161623859568312,0.0010388335548309
0.0007212037879495,7.226416591727194e-05,0.0059830739628523,0.0007910933345556,0.0057228547877068,0.0003970625347955
0.0010421993936396,8.101347408156741e-05,0.0039060346316546,0.0010852429457008,0.0124717730110745,0.0007925220093775
0.0010768330293264,6.0067874365243856e-05,0.0020936026703566,0.0003254234907217,0.0026457826028021,0.0001326922774077
0.0014720345970519,8.339487131992082e-05,0.0086990809068083,0.0011488959286361,0.0117563811433813,0.0008001110414191
0.0015225157959455,8.372577234574074e-05,0.0133629646152257,0.0011495510302484,0.0072693567916461,0.0006249258048814
0.0016806436302246,8.83196494091301e-05,0.0080500124022364,0.0013249642029404,0.015445419697094,0.0010426747087594
0.0015178146758963,8.276493182885793e-05,0.0114998472854495,0.0011308035813271,0.0083896505150724,0.0006572662926095
0.0013733951470902,7.780251056462625e-05,0.0093591436743736,0.000879873894155,0.0062436517081047,0.0004593765095047
0.0033318687078429,0.0001226974162717,0.0523914266377687,0.0062530604749917,0.03489477811621,0.0058804020281248
0.0033615343151994,0.0002234951803634,0.1485835015773773,0.031547240614891,0.0519703703905626,0.0306747138537091
0.0011959126093781,7.969297524692675e-05,0.0090590715408325,0.0010219917073845,0.0081417746594867,0.0005933207345807
0.0004526985198546,8.611287124644603e-05,0.0082939285784959,0.001960900016129,0.0143132441416299,0.0014005576384938
0.0015583362553428,8.399187587777531e-05,0.0119334924966096,0.0010978989489376,0.0073544825329645,0.0005971784892108
0.00151733991025,9.656318228587196e-05,0.0200329041108489,0.0027426705881953,0.0195474521552528,0.0022644395996489
0.001344786693884,8.648563507709169e-05,0.0102650625631213,0.0014101811684668,0.0123529157048862,0.0009533301860837
0.0011344993787404,8.921071721433886e-05,0.0170070938766002,0.0019108057022094,0.0114679251402007,0.0012272878926322
0.0013350658022918,8.836153168469943e-05,0.0089283254928886,0.0017180764116346,0.0175675124964496,0.0014296737821956
0.0019766482650187,9.502136516270113e-05,0.0141330184414982,0.0019926159828901,0.0200744142734041,0.0017119563190047
0.0011114515998961,9.178126532524048e-05,0.0087403636425733,0.0023610270768404,0.0222011391308952,0.002130871859627
0.0011242599503918,7.57988015158014e-05,0.0064393733628094,0.0008275650162249,0.0070189872042338,0.0004574195125414
0.0007647904903498,7.894218018705411e-05,0.0076226596720516,0.0011031076312065,0.0081542306255653,0.0006219936640293
0.0013433780402088,7.414023305218074e-05,0.0092637510970234,0.0007099878974258,0.0035739092655409,0.0003037328237587
0.0009515210085093,9.16048304540919e-05,0.0136785921640694,0.0023687989264726,0.0172403154785627,0.0018467981878071
0.0053738100502791,0.0001232807328063,0.0706670917570591,0.0052037981152534,0.0242505605683792,0.0044074039869471
0.0020012543375328,9.865142426538362e-05,0.0217279279604554,0.0035603195428848,0.028921997091341,0.0034957012523602
0.0043808504751188,0.0001390241520808,0.0808751508593559,0.0082734003663063,0.0334130925135486,0.007361118534231
0.0016099647557154,8.091663522258124e-05,0.0089350994676351,0.0009731599316,0.0091065592027423,0.0006029701394456
0.0009584170419911,7.613501278800087e-05,0.0055661257356405,0.0008899887278676,0.0084448294882886,0.0005340624494732
0.000803820474177,7.981229445734421e-05,0.0086438748985528,0.0010704193916171,0.0071123031387736,0.0005660333789283
0.0018804399890787,8.328789994315518e-05,0.0107158673927187,0.0010376292839646,0.009785055535145,0.0006601203983777
0.0006026733811911,8.507470753970877e-05,0.0091912504285573,0.0018736224714666,0.0136950438965788,0.0013432459057794
0.0014371908536722,8.676830630282694e-05,0.0088463327847421,0.0015718027763068,0.0164719695487247,0.0012791108041855
0.0055632632392289,0.0002131125048946,0.1270529180765152,0.0248965619504451,0.0923842407887894,0.0281577838748865
0.0003676613583604,6.632644245075292e-05,0.0035256770206615,0.0006466986052691,0.0049755244757108,0.0003111611300015
0.0013198136069137,6.797151105263793e-05,0.0039105960167944,0.0004684753390029,0.0041744581187668,0.0002147497131351
0.0026593349101273,0.0001242849671949,0.0701861977577209,0.0071465915441513,0.0166308775208186,0.005171040086493
0.0019857790342784,7.214302262617718e-05,0.0060875150375068,0.0005129763204604,0.0045362944815605,0.0002475179567896
0.0008912089540446,9.456145304738406e-05,0.0147325433790683,0.0029803230427205,0.0207593178782366,0.0024541298964034
0.0006994192163164,8.918771105469485e-05,0.0124481548555195,0.0021036536432802,0.0141716136829166,0.0015112166097731
0.0015946884458039,8.882098173034901e-05,0.0123460153117775,0.0014273899793624,0.0129236357674156,0.0009960556955662
0.0008049277722452,9.170460913501344e-05,0.0115659744478762,0.0022229845635592,0.0171406831629275,0.00170731845833
0.0019830827955949,0.0001089438317716,0.0287499791011214,0.0053762369230389,0.035613674626832,0.0054451269539345
0.0010227980101353,8.035724108545962e-05,0.0075441957451403,0.0012252449523657,0.0110702707917532,0.0008225253250361
0.00163218399079,7.491181544062235e-05,0.0053078189957886,0.0006798415351659,0.0076547947554129,0.0004075487836572
0.0006328040259507,7.586401681813318e-05,0.0075121810659766,0.0009737045038491,0.0061881866878456,0.0004840134194435
0.0014619863801594,8.51688910824737e-05,0.0143675897270441,0.0013606474362313,0.0084428439319534,0.0008000685922193
0.0006949000770505,7.396239188087552e-05,0.0064199191983789,0.0008434031624346,0.0055178003104288,0.0004114245261584
0.0012546793911804,7.514179697120206e-05,0.0059163612313568,0.0007728233747184,0.0073394233574668,0.000440980828714
0.0004701659896916,7.614350631080587e-05,0.0068815127015113,0.0010679653380066,0.008296868368794,0.0006135496006575
0.0015790487487371,9.407379331365464e-05,0.0117950225248932,0.0024344425089657,0.0241978445010008,0.0022847158108179
0.0008794446169664,5.4409530519100927e-05,0.0019620412494987,0.0002691647596657,0.0012730600705816,9.53060807740992e-05
0.000752599815139,8.158494054266024e-05,0.0086820847354829,0.0013141323812305,0.0103864025774844,0.0008310778686889
0.0015435643306232,8.710323160120072e-05,0.0155083667486906,0.0014456066675484,0.0093159324917113,0.000881365845464
0.0031366710308125,0.0001255338631582,0.0622288025915622,0.0114324885606765,0.0534185263839127,0.0121993222420534
0.0029120297125723,0.0001628000218902,0.0840457901358604,0.0213627090305089,0.0681978109700997,0.0233035118484254
0.001192881659649,7.15136701850928e-05,0.0058367354795336,0.0006468768697232,0.0051821891575786,0.0003187096712002
0.0006692690191657,9.310271389163404e-05,0.0118045145645737,0.0025905904732644,0.0204887055893185,0.0022107369918323
0.001411186925732,7.911838758046185e-05,0.0073958490975201,0.000891082920134,0.0087760402312424,0.000540648222511
0.0018887728128319,9.775498784431268e-05,0.0175400953739881,0.0024309714138507,0.0212722786509606,0.002122141141759
0.0003104545642768,6.772760159659118e-05,0.0052162837237119,0.0007685089949518,0.0045306297528012,0.0003560580765316
0.0010907440227135,8.138309895135598e-05,0.0085851196199655,0.0012142811436206,0.0103823217605597,0.0007906566925314
0.0022153382072317,8.442309133799893e-05,0.0119085619226098,0.0010389533638954,0.0098077275965597,0.0006661037046644
0.0016660800977201,9.517728973658162e-05,0.0214493013918399,0.0024095084518194,0.0150468795547928,0.0017443066710491
0.0024938758363734,0.0001055885147456,0.0292832367122173,0.0047324468567967,0.0360036759702447,0.0049414989125062
0.0070685910966955,0.000165964666538,0.1220206022262573,0.0115008167922496,0.046023509489013,0.0113230009608535
0.0003870721411688,1.7877004261274403e-05,,,0.0024805648228016,8.316591108401146e-05
0.0008932444512206,6.89842167149277e-05,0.004157330840826,0.0005983299342915,0.0050957596582647,0.0002903648028038
0.0017724186957987,7.529221808570447e-05,0.0082908538170158,0.0006942342594265,0.0054632315104607,0.0003560637430737
0.0008301736791531,6.470721128681639e-05,0.0032850912539288,0.0004837344167754,0.0039672376624545,0.0002168586776898
0.000993209094127,7.738078590866383e-05,0.0067005413584411,0.0009789951983839,0.0082636334196695,0.0005765489668782
0.0018120394491257,8.790176982295976e-05,0.0113079096190631,0.0014318753965198,0.0146142440556219,0.0010905799091345
0.0016091620975602,8.845085326283464e-05,0.0098585011437535,0.0014373919926583,0.0152660922273822,0.0011238557117606
0.0032398706750466,0.0001183177889314,0.0541432984173297,0.0054715769737958,0.0282162088791188,0.0047414439754157
0.0054937228292287,0.0002023608892804,0.144900768995285,0.0211049668490886,0.0630452396945224,0.0214794504747424
0.001114640362289,8.336706402242754e-05,0.0105681428685784,0.0012390911579132,0.0087335724451588,0.0007121656559747
0.00192380234116,0.0001065872362616,0.0301684569567441,0.0051265163347125,0.0316453181623146,0.0050129124289725
0.0015235771533234,0.0001006759874124,0.0323473308235406,0.006627872698009,0.0362623640413905,0.0065768870294689
0.0009320071014903,7.370710880505297e-05,0.0060432194732129,0.0008030436001718,0.0066141964127251,0.0004337719627121
0.0017243647623091,8.428772523638088e-05,0.0112335486337542,0.0011684657074511,0.0103854515050663,0.0007529934269241
0.0014962260224725,0.0001066136066103,0.0272231455892324,0.007671856842935,0.0461088684652023,0.0084884570024684
0.0016783484987641,8.137351800123374e-05,0.010324337054044,0.0009733267314732,0.0077485973325842,0.0005541955192567
0.0039145791095433,0.0001118278495813,0.0384998470544815,0.0050657760351896,0.0418506806144172,0.0054259116282354
0.0011249808233796,7.505033692947164e-05,0.0039936089888215,0.0007698513800278,0.0090033488057934,0.0004825325480096
0.0010702581687718,7.493167609710612e-05,0.0087285246700048,0.0008220922760665,0.0048324438355553,0.0003873640350102
0.0020786978093757,8.060024533105463e-05,0.0098440507426857,0.0008330040052533,0.0077709838002795,0.0004862153742199
0.0016176744639114,7.585093723035379e-05,0.0081908209249377,0.000767228892073,0.0066921453652028,0.0004221685800174
0.0027894076261093,0.0001037422199121,0.0254581551998853,0.0038088142126798,0.0330606317845737,0.0038687843139591
0.0009290300368269,7.758542448870354e-05,0.0075769501272588,0.0010170028544962,0.0084363396483235,0.0005973277867276
0.002024992412524,9.025935086666828e-05,0.0070420317351818,0.0015054169297218,0.0204641934883683,0.0013630467802016
0.0018369166782162,7.611880388944678e-05,0.0074068075045943,0.0007017887197434,0.006731138881023,0.0003989628844712
0.0023756443612996,0.0001121660525982,0.0539082065224647,0.00624256208539,0.0264058629307508,0.0052754300671015
0.0018842652403778,8.389350552370561e-05,0.0110953552648425,0.0011406536027789,0.0102231064352249,0.0007478508904145
0.0012929057796732,8.206646617894093e-05,0.0096777100116014,0.0011640138924121,0.009814320731569,0.0007264581981983
0.0004008937237577,2.3366542999476688e-05,,,0.0027154528506716,0.0001025851506988
0.0033857905088318,0.0001092777957198,0.0382692217826843,0.0035576838999986,0.0236587668626174,0.0030668978225175
0.0018433040071526,8.674447817130044e-05,0.0109930848702788,0.0013972122222185,0.014013961869865,0.0010460318765314
0.0009204739988015,7.804314080388382e-05,0.0086044268682599,0.0010404413565993,0.0088535476467633,0.0006228731022894
0.0011698391067671,7.693330826896196e-05,0.0075725922361016,0.0009745450224727,0.0082259681413065,0.0005808619216313
0.0022945453195115,8.942498852488679e-05,0.0101728262379765,0.001570722553879,0.0193514360392106,0.0013797114185266
0.0047179470911044,0.0001565456006856,0.0889156088232994,0.0153328248858451,0.0710297764251891,0.0172914521673402
0.0011089651450102,6.306021871119996e-05,0.0033643043134361,0.0003950285026803,0.0029717440878598,0.000164692101694
0.001634826283329,7.768446422322058e-05,0.0080999499186873,0.0007922359742224,0.0069468115514611,0.0004393233062315
0.003541632619663,0.0001275886494025,0.0395076423883438,0.0086839451268315,0.0620234016859395,0.0100619051908961
0.000650814396773,6.488219754217863e-05,0.0030726143158972,0.000542535400018,0.0045235193758334,0.0002594292367132
0.0015502158693015,8.235243851681092e-05,0.0082992827519774,0.0010284821689128,0.0103809332310951,0.0006685767105468
0.0034743982280904,9.598752051835897e-05,0.0163087984547019,0.0017020121589303,0.0215213073078615,0.0015362534053179
0.0072659797334363,0.0001734973254747,0.0955056063830852,0.0087981633841991,0.0487783827727831,0.0086466868028094
0.00072117944685,2.938101961990356e-05,,,0.0020286673872233,7.294528251429542e-05
0.0013821856256385,8.222484893801243e-05,0.0051644295454025,0.0010880888439714,0.0134527615979842,0.0008216676553639
0.0018727820488737,8.248850100765369e-05,0.0095262401737272,0.0009672101587057,0.0091923678757089,0.0005987469789845
0.0002639950415162,8.045563379855975e-05,0.0077122235670685,0.0012532145716249,0.0067351263133346,0.0006266486240613
0.0010556735829809,8.099564022120455e-05,0.0099235139787197,0.001129522267729,0.0080365170542249,0.0006411303834571
0.0021713839847351,9.605204910694996e-05,0.0196271203458309,0.00207613222301,0.0169168293657353,0.0016140805044754
0.0025853944108356,9.673788367916582e-05,0.0225249957293272,0.001962368376553,0.0152343305791915,0.0014419938056638
0.00324754222797,0.0001132090808988,0.0351192150264978,0.0047294670343399,0.0372262836436671,0.0049167325152817
0.0009438099274137,8.020651330473442e-05,0.0090454127639532,0.0011043138802051,0.0076818826397186,0.0006029758331871
0.0020757670272726,8.168051776622897e-05,0.0115741984918713,0.0008981884829699,0.0069368896629885,0.0005056024913411
0.0031681890323221,9.99699716182534e-05,0.0217073410749435,0.0020935677736997,0.019992854147007,0.0017709390923043
0.0011992055170594,7.412040243117042e-05,0.0070445081219077,0.0007224350515753,0.0053089905024015,0.0003564978183279
0.0022905476861451,8.877978581956934e-05,0.0145589034073054,0.0013293945230543,0.0125438681989501,0.0009444493637834
0.0033687204683662,0.0001048077955077,0.0327892564237117,0.0030207649245858,0.0228445128756848,0.002610123905912
0.0014999935148116,7.259000432963732e-05,0.006669804919511,0.0006120355613529,0.0044561741101682,0.0002878249770576
0.000401914333958,7.467285939520411e-05,0.0083428183570504,0.0009644428826868,0.0041220580177732,0.0004189100146104
0.0023466119477348,8.401616786570887e-05,0.0108735291287302,0.0008952914923429,0.0085530622547897,0.0005356244385899
0.0027908356969958,0.0001024049838358,0.0322403647005558,0.0026002887636423,0.0150692075437742,0.0018761929621815
0.0016970289884722,8.656450891135524e-05,0.0134040820412337,0.0013426581770181,0.010510272280111,0.0008654257810714
0.000373482453775,8.275195247563053e-05,0.0098680877126753,0.0016739164106547,0.010287245344735,0.0010395238756499
0.0020769486339498,9.117740571952484e-05,0.018786359578371,0.0016868123039603,0.0125313360745462,0.0011574801744525
0.0042451325073969,0.0001136910421587,0.0522891469299793,0.0040519097447395,0.0222834436142563,0.0033726496714755
0.0012261198815652,7.129420172653409e-05,0.0060119060799479,0.0006388809625059,0.0049833030513174,0.000316544372151
0.0013509532382806,8.188738561454214e-05,0.0070486338809132,0.0010762940440326,0.0110728615347797,0.0007187812032911
0.0003338984529267,7.844430206457192e-05,0.0068178917281329,0.00135532557033,0.009331593453975,0.0008233056214764
0.0018486945009602,9.114149501382712e-05,0.0313356555998325,0.0080113464221358,0.0450298029151201,0.0089262453013899
0.0022847031675697,0.0001174426144723,0.0652298219501972,0.0092743404954671,0.0334443156135827,0.0086843338213073
0.0010300119444611,7.937005474084515e-05,0.0071359977591782,0.0010765378829091,0.0101386731453454,0.0007004308367038
0.0027349335264157,0.0001009529436282,0.0305488854646682,0.0027815222740173,0.0180408138213313,0.0022293989729001
0.0007277370601028,7.867259460425766e-05,0.0101882489398121,0.0011951400712132,0.0066933235526264,0.0006285681221159
0.0010016326253481,8.415922676111823e-05,0.0078528430312871,0.0013877159729599,0.0126724551845047,0.0009727892546892
0.0029693868665457,9.99391197016755e-05,0.0204822439700365,0.0031066378578543,0.0315540315298148,0.0031522511049653
0.0022976531892532,0.0001121786694862,0.0365660190582275,0.0063403296843171,0.0412618153775882,0.0067120576121091
0.0008868607735407,8.328038098587959e-05,0.0043136358726769,0.0014288774784654,0.0150884429607648,0.0011086431588358
0.0016991374536401,7.620224600815096e-05,0.0052753170020878,0.0007052084244787,0.0079081045981655,0.0004205588831499
0.0012096293752178,8.084377254410262e-05,0.0121694663539528,0.0011392494104802,0.0065215887959419,0.0006010832081414
0.0064988103407499,0.0001770013507701,0.0923372432589531,0.0186168737709522,0.0959238113761448,0.0223012192574824
0.0039127629917391,0.0002908892941738,0.1404125690460205,0.0541491258144378,0.1299052716572859,0.0628321267960585
0.0005582431495075,7.355898537890699e-05,0.0057145569007843,0.0008524983469396,0.0059607257966442,0.0004252534001786
0.002303919720291,0.0001134214212505,0.0367962624877691,0.0048078589886426,0.0277264401297084,0.0042530359214153
0.0009532141559332,8.666502074552475e-05,0.0144293927587568,0.0016878498718142,0.0098425976830589,0.0010157980368756
0.0014468435167747,7.745193088809043e-05,0.004637902835384,0.0008055517682805,0.0096939987375908,0.0005279659574089
0.0007557954683529,7.907125897468697e-05,0.0073233512230217,0.0010996903292834,0.0101571755384561,0.0007143764596232
0.0016908158277138,9.19431825278142e-05,0.0200507557019591,0.0019659297540783,0.0126031320690014,0.0013283796737719
0.0011591960324092,7.300189933461833e-05,0.0081713409163057,0.0007132834941148,0.0039655392864704,0.0003191786614199
0.0005660411383218,7.845313944875379e-05,0.0090935174375772,0.0013239594362676,0.0086259920109788,0.0007812482924998
0.0018765979369232,8.058645299294188e-05,0.0091093908995389,0.0009627775289118,0.0096834131837129,0.0006331356904697
0.0002830900066245,7.110213929008183e-05,0.0069540026597678,0.0008705856651067,0.0039904305924147,0.0003770599722753
0.0015804084646631,6.938844170807082e-05,0.0061388870235532,0.0005020445957779,0.0032595148927754,0.0002171424581158
0.0007229386201022,7.167255569621414e-05,0.0031770465429872,0.0007256063632667,0.006941446922769,0.0003956794814771
0.003178242438066,0.0001102300648294,0.0318068470805883,0.0045317592844367,0.0378329572355362,0.0047592125830632
0.0015707541245213,8.966958084172792e-05,0.0135426297783851,0.0016135683842003,0.0132910747536677,0.0011472131255703
0.0018152722256646,8.014933244523698e-05,0.0076558282598853,0.0008317679166793,0.0090132965336978,0.0005210530299656
0.0019259683154166,9.436519258043716e-05,0.0266600605100393,0.0022625093162059,0.01136747684251,0.0014623726673754
0.0006965943427347,0.0001074094468347,0.0434624403715133,0.0065950322896242,0.0138205854557726,0.0043331361108515
0.0030703805696568,0.0001142255786609,0.0482925698161125,0.0064651052653789,0.03763854679085,0.006456817409674
0.0010315597677333,8.594855757460018e-05,0.0104456092230975,0.0014891517721116,0.0113014230951094,0.0009823791653958
0.00077214944168,7.486404219429104e-05,0.0074692121706902,0.0009216053877025,0.0064723216127184,0.0004913888455159
0.001595990542445,9.358584692892648e-05,0.0128988395445048,0.0019424599595367,0.0189466735804121,0.0016258524055974
0.0043118444110345,0.0001828512504989,0.0931528583168983,0.0220502707362175,0.1001150433660345,0.0252744395475455
0.0007378415296132,2.9972443948049184e-05,,,0.0039561532262142,0.0001250531032688
0.0027849672867769,0.0001109848716182,0.044853501021862,0.0054314862936735,0.0288760672747249,0.0049234673773075
0.0015114715818454,7.711712924010367e-05,0.0072168218903243,0.0008190693799406,0.007870132419885,0.0004824033780502
0.0009565854017501,7.531647066932141e-05,0.0080990428104996,0.0009345071669667,0.0067469100008642,0.0005100835293312
0.0011537307872294,8.373962301255972e-05,0.0112070557661354,0.0012670981697738,0.0086589350198567,0.0007309186281082
0.001710556117135,9.101159238299314e-05,0.0174362249672412,0.0017547867447137,0.01202856601105,0.0011824756631724
0.0025218025767144,9.832027363419022e-05,0.0182405207306146,0.0021864446997642,0.0217918896774376,0.0019286546788868
0.0007154723579616,7.49983904708468e-05,0.0069772829301655,0.0009379066992551,0.0063928390672995,0.0004817502750794
0.0003539127057964,8.129692542281955e-05,0.0093493945896625,0.0014495103433728,0.0093738309517895,0.0008423083566507
0.0011029998888334,8.409164413058536e-05,0.0145845124498009,0.0015308092907071,0.0088797134713461,0.0009211935850719
0.002643514948068,9.233847183750437e-05,0.0138707449659705,0.001637822240591,0.0189794207535966,0.0014215259656423
0.0014507783381921,7.526351316859735e-05,0.0066699460148811,0.0007520579919219,0.0068060226875735,0.0004181070021363
0.0012230728324921,8.909833737289798e-05,0.0147307887673377,0.0018161533027887,0.0125258767012709,0.0012359694158486
0.0015465652882648,7.561491368448668e-05,0.0079960925504565,0.0007124303467571,0.005551790496278,0.0003590833300028
0.0015141881949301,8.596511425614916e-05,0.0117977121844887,0.0013520543277263,0.0115960361362229,0.0009019229539224
0.0013875111085206,9.456582336320163e-05,0.0215393230319023,0.0026186690106987,0.0165426000488105,0.0019685559475444
0.0046710063424138,0.0001529624974657,0.0890022292733192,0.0118654751777648,0.0537307755171878,0.0121541788508095
0.0003901875878877,6.342579820784681e-05,0.0032123744022101,0.0005440150992944,0.0037234489703206,0.0002380131484781
0.0005234719351336,7.217229209367641e-05,0.004994242452085,0.0008189138583838,0.0058926679066504,0.0004142787679236
0.0012078868984492,8.161752578259756e-05,0.0112082213163375,0.001201587319374,0.0083797943584875,0.0007081899194058
0.0006079312409976,8.512029986836619e-05,0.0054981836583465,0.0017845927923917,0.0175738653700757,0.0015038032496016
0.0004949075208249,8.327258397872422e-05,0.0105038997717201,0.0015075142309069,0.008750208505979,0.0008502573818423
0.0014448652782459,7.833234756173609e-05,0.0101201809011399,0.0008995625004172,0.0060398116841194,0.0004664758616483
0.0017305661040614,8.557458883089023e-05,0.0087675591930747,0.0013947256095707,0.0155753838790292,0.0011135317254638
0.0007995065770088,6.76787494223298e-05,0.0051112580113112,0.0006133399438112,0.0040002722426519,0.0002724389236816
0.0012942975966753,8.719233832547922e-05,0.0097562186419963,0.0016064927913248,0.0154661710274146,0.0012447846331917
0.0016245689616567,7.649937583911509e-05,0.0058492328971624,0.0007496959995478,0.0080635392066427,0.0004495725667049
0.0014712967521965,7.84287377817417e-05,0.0097010461613535,0.00082962539047,0.0053613352979447,0.0004070448512726
0.0014140542382111,9.194296167340564e-05,0.0038928702706471,0.0021217502746731,0.0227466476145234,0.0019027669409885
0.0014706889868199,9.432664538714134e-05,0.0159012572839856,0.0025221188180148,0.021351690931258,0.0021839126153318
0.0008009152427102,8.913581484656995e-05,0.0197152514010667,0.0026277312636375,0.0128957192080001,0.0017896850107262
0.0080226919232091,0.0001378470835119,0.079743206501007,0.0083139064908027,0.061762980106249,0.0093717719389363
0.0095189485611903,0.0002562054956926,0.194822296500206,0.0191869899630546,0.0738688391108687,0.0203787945471913
0.0006043968761547,7.55920354130401e-05,0.0026402833173051,0.0008671134710311,0.0109953740654867,0.0006166010834185
0.0007577485260364,9.31048441271164e-05,0.0150991529226303,0.0026146683841943,0.016919678049756,0.0019752639002953
0.0012843811923476,9.197538847287128e-05,0.0186628168448805,0.0022545805573463,0.0147288609750613,0.0016157150253303
0.0012665283255502,8.452411837754333e-05,0.0082276905886828,0.0015917762275785,0.0150902825469768,0.0012336276924125
0.0014784484640646,9.988448615361883e-05,0.0268979594111442,0.0030172218009829,0.01654112584123,0.0022163895715254
0.0026817737376724,0.0001015668411877,0.0307338368147611,0.0036482531577348,0.0265077990357229,0.003380506164302
0.0034143902729075,0.0001110294916171,0.0427998453378677,0.0051618598401546,0.0349393271098586,0.0051984205819638
0.0007500237344623,8.742906056265058e-05,0.0076008969917893,0.0018750812485814,0.0166342937656913,0.0014494497782316
0.0010175514916003,9.89991868161446e-05,0.0191020304337143,0.0033110969513654,0.0219003001466975,0.0027666401802021
0.0009526237868257,8.309749947299104e-05,0.0098877642303705,0.0014794242754578,0.0116475726562076,0.0009971110323581
0.002392900232288,9.069687000864056e-05,0.0149474744684994,0.0014150581508874,0.0135861710374874,0.0010350518406619
0.0014506455755851,9.839951010890834e-05,0.0229816995561122,0.0027903560176491,0.0172839886514717,0.0020993573996003
0.0023052173635795,0.0001172422057801,0.0442317575216293,0.0082070038467645,0.0452995339434183,0.0087268419169044
0.0011003706387264,7.828080623295086e-05,0.0085290530696511,0.0009686094615608,0.0070878048641861,0.0005319939984276
0.001493243627734,0.0001204696944939,0.0552575290203094,0.0098816585540771,0.0353025678684347,0.0090469678881586
0.0007581246699113,8.428989817533899e-05,0.0046789508778601,0.0014537672698497,0.0149412887568584,0.0011184135647731
0.0015681626397369,7.854962133109012e-05,0.0059799477458,0.0008222779724746,0.0094110193339733,0.0005280772936272
0.0017756873393104,8.942181398603711e-05,0.0086977630853652,0.0016004443448036,0.0189439482003464,0.0013853852137532
0.0029164715504866,0.0001032427929534,0.0285621406510472,0.0035836978256702,0.0292239857035904,0.0034732659164062
0.0010372433569034,7.433745622143027e-05,0.0093055721372365,0.0007930894196033,0.0036386790878431,0.0003425722867
0.0013391419392528,8.268174648300652e-05,0.0078657222911715,0.0010974498465657,0.0115173392001942,0.0007496611919372
0.0040883338049947,0.0001296286903771,0.070042435079813,0.007480157315731,0.0332781036954445,0.006944207118069
0.0016739186557009,7.61388215362647e-05,0.0083803515881299,0.0007183116953819,0.0054686754707416,0.0003638678498522
0.0001767622506959,0.0001036356209591,0.0084969094023108,0.0023918779753148,0.0152807046527045,0.0016345823437492
0.0018318589912057,0.0001099322380097,0.0202080504968762,0.0049656296707689,0.0410892877583397,0.0054794111834507
0.000437670048097,9.68419068681902e-05,0.02133827842772,0.0037288247421383,0.0172391241447615,0.0027370190161396
0.0019518618864719,8.046470540486877e-05,0.0092589640989899,0.0008451554365456,0.0076361359657416,0.00048316899588
0.002344296516619,9.232123847706516e-05,0.0162013722583651,0.0016054967045783,0.0145456267645966,0.0012116039015415
0.0014138844336045,0.0001045230174144,0.0202516093850135,0.0049898694269359,0.0343642465298888,0.0049925578472603
0.0017522179807155,9.050423140723836e-05,0.0020371025893837,0.002040498165079,0.0244545034967682,0.0018022532196699
0.0011931740235457,8.059241617494476e-05,0.0102324411273002,0.0011399835348129,0.0083870978512084,0.0006590971750129
0.0013673263665724,8.265271206602822e-05,0.0094833467155694,0.0011961936764419,0.0108749265009367,0.0007947300205541
0.0016806509118451,6.808483149265592e-05,0.0066502313129603,0.0004548093117773,0.0022889155707269,0.0001820285697781
0.0012158205690014,8.264621535144893e-05,0.009091081097722,0.0011547992005944,0.0095756233141386,0.000700388949625
0.0009415627123641,7.681086884852228e-05,0.0063041143584996,0.0009483365528285,0.0089773262313937,0.0005780635746369
0.0009832598579462,9.069589936529429e-05,0.0165857058018445,0.0024142186529934,0.0152970043475884,0.0017961605355218
0.0002592900750952,7.179256254032183e-05,0.004777567461133,0.0008566450793296,0.0050954724779134,0.0004015592033751
0.0009898958266436,9.013162906282464e-05,0.0102932625450193,0.0019674784503877,0.0164601051696363,0.0015216469638641
0.0010805554302776,8.189899093875397e-05,0.0084217693656682,0.0012585158552974,0.0110113428343148,0.0008358797780226
0.0020196210494764,7.701947278420307e-05,0.0080244205892086,0.0006852853763848,0.0061214497821351,0.0003655811673744
0.0011617558173237,7.577235983464948e-05,0.0066323061473667,0.0008301072195172,0.0067550181425566,0.0004482244555515
0.0011649880341824,8.42430491475219e-05,0.009271812159568,0.0013295706547796,0.0114173949980845,0.0008840438623046
0.003201666868968,9.742710480202402e-05,0.0260184146463871,0.002120399326086,0.0173032802805594,0.0016942267334324
0.0038004071709477,0.0001031543749399,0.0368257779628038,0.0029627925157546,0.0212582401330174,0.0024954266031736
0.0014901901792127,7.022511959435302e-05,0.0077981012873351,0.0005701607558876,0.0030280840222119,0.0002406255150291
0.0011340895155071,8.201380764453537e-05,0.0095774242654442,0.0012098081968724,0.0109384212379462,0.0007951487281462
0.0003691439409647,6.655148873616935e-05,0.0020166836911812,0.0005896300915628,0.0053494453060862,0.0002891497239248
0.0012970245269589,9.587329781957e-05,0.0123549276031553,0.0025211310945451,0.0228770832527573,0.0022786992305963
0.0011330638060146,7.193697011206738e-05,0.0053342948667705,0.0006773997936397,0.0062181540821607,0.0003603491448327
0.0010439301736553,9.04726654757694e-05,0.0113982679322361,0.0021898914128541,0.0188735942275128,0.001850915234335
0.0005171985002595,5.770569763865422e-05,0.0024553753901273,0.0003423215914517,0.0022872473407466,0.0001257833709427
0.0010703940791378,7.855596161790174e-05,0.006684002932161,0.0009131033159792,0.0082467217382439,0.0005347145641991
0.0013092771963249,7.799679554636283e-05,0.0083550522103905,0.0009048721659928,0.007199895185855,0.0005010129005383
0.0009949873956046,8.102173531090691e-05,0.0050395168364048,0.0011473010201007,0.0119931678028314,0.0008000784202698
0.0007926093231848,7.137025363946042e-05,0.0075992678757756,0.0008033131435513,0.004729882597664,0.000382134777741
0.0016696223884201,8.145655607125126e-05,0.0084703643806278,0.000951131787151,0.0094552283350989,0.0006052113701583
0.001731149577202,8.310282057001498e-05,0.0109076257795095,0.00097719527781,0.007514617878067,0.0005432368802501
0.0031857470732594,0.0002001679215729,0.0222923811525106,0.0364587778822169,0.1855276567757586,0.0483269467569242
0.0008177186419587,7.492847363885983e-05,0.0076132207177579,0.0008594251610338,0.0054929908293517,0.0004161557170473
0.0010065184547133,8.416186451661121e-05,0.0119094997644424,0.0016907262615859,0.0123869716226233,0.0011665455900267
0.0021803737384762,7.95000892234699e-05,0.0093434369191527,0.0007788454554975,0.0072957993701428,0.0004514803418174
0.0023760509221451,0.0001141684916986,0.0457989759743213,0.0051698763668537,0.0245302103118865,0.0043202223244408
0.0056169174570251,0.0002112728923367,0.1890221685171127,0.0273631832003593,0.068056580795917,0.0281033076798153
0.0015094080499589,8.909781361788813e-05,0.0139059433713555,0.0016538121551275,0.013520731089922,0.0011856999527998
0.0019604722411454,8.240958209368866e-05,0.0092094866558909,0.0009271696582436,0.0093214598634912,0.0005821030847366
0.0005941703063872,9.924412309131584e-05,0.0182535126805305,0.0037904417328536,0.0219347781084867,0.003171977851951
0.0015024084681631,9.16960172066229e-05,0.0160064063966274,0.0020232265815138,0.0167956079782025,0.0016023071527185
0.0034881863589042,0.0001103930205121,0.0354682393372058,0.0053182858973741,0.0433034079205722,0.0056039164816998
0.0023737804045037,9.440472532914068e-05,0.0179364597424864,0.0018889868631958,0.0171263581446182,0.001522230626762
0.0056829316133501,0.0001484441487593,0.0538189336657524,0.0113370771706104,0.0832130195413747,0.0134496906404515
0.0007048617980192,7.919576091258056e-05,0.0064532724209129,0.0013550356216728,0.0115772064436432,0.0009302598891599
0.0013181886750189,8.123842672485854e-05,0.0101794656366109,0.0010270537994802,0.0075483100038043,0.0005696799120701
0.0021434824735424,8.758906856237833e-05,0.0112299723550677,0.0012354026548564,0.0137098140784318,0.0009266131928217
0.001661821346094,8.995334658006438e-05,0.0111471163108944,0.0019401614554226,0.0192569552902865,0.0016628343443212
0.0005173599467548,6.843372988000378e-05,0.0041933634784072,0.0006678776862099,0.0047547623438625,0.0003126565531154
0.0013161525108263,8.396754899576064e-05,0.0088833947665989,0.0012747473083436,0.011915281408978,0.0008750314492981
0.0017163825481559,9.48475199262558e-05,0.0253215786069631,0.002441100180149,0.0130829748500288,0.0016768820737952
0.0016879608738196,0.0001161773443158,0.0414506681263446,0.0054964042454957,0.0245748962091912,0.0045351600126421
0.002282783543071,0.0001414881287392,0.0772810950875282,0.0108878614008426,0.0242700779525024,0.0085270414936835
0.0024929484814273,0.000101377989524,0.0288266893476247,0.0027864940837025,0.0188699241215561,0.0022123816489977
0.0035997840245009,0.0001145489031509,0.0483277533203363,0.0065543233603239,0.0441530211299139,0.0069856128037761
0.00117170975679,0.0001390191643621,0.1711541414260864,0.0421592034399509,0.0139641094461783,0.0327418142586432
0.007021836046464,0.0003479406455711,0.0158284548670053,0.0372983679869139,0.4581982513627105,0.0606552086701095
0.0014973836140689,7.456428222203269e-05,0.008117051795125,0.0006912335380911,0.0045550602555458,0.0003272663763616
0.0015133692728852,9.499112589037711e-05,0.0183657892048358,0.0022210991382598,0.0154183118665604,0.0016320190721185
0.0016403770671789,8.989928585808552e-05,0.0106695042923092,0.0024439728818833,0.0244419881453288,0.00233468894545
0.0047122028306524,0.0001368036551436,0.1009911224246025,0.0089002758264541,0.019733996532923,0.0072311891856632
0.0012420282744094,6.677022660809802e-05,0.0048420007806271,0.0004836333822458,0.0035447781395018,0.000207723808443
0.0009577510395529,9.47353787051036e-05,0.0043452382087707,0.0034583540342282,0.0279515695788476,0.0030875312887634
0.0004234499333873,8.198586121521906e-05,0.0076751019805669,0.0015196112263947,0.0111876815430863,0.0009886906777983
0.0021729457486877,8.874128755216896e-05,0.0128248380497097,0.0012661177292466,0.0128898944560933,0.0009043588054218
0.0009916616604601,5.718861469391893e-05,0.0024401142727583,0.000271609169431,0.0015772132452297,9.35005232804274e-05
0.0009289127767585,8.553627530535272e-05,0.008416449651122,0.0015245149750262,0.0133490289725197,0.0011022469837618
0.0014554812633638,8.512158869721995e-05,0.0101423538289964,0.0014400212094187,0.0135249941428391,0.0010718612445132
0.0015855374746005,9.426389755159036e-05,0.0092284074053168,0.0024151161778718,0.0257976679856714,0.002366347453509
0.0071513616098762,0.0002552863528973,0.0205903332680463,0.0296859189038514,0.2594693250050296,0.0413239714507032
0.0009425173559812,7.290572407735564e-05,0.0082434965297579,0.0007910965662449,0.004271568369865,0.0003625190496473
0.0016384111175517,8.397545344573302e-05,0.0104066533967852,0.0011619126610457,0.0101442544626057,0.0007416429170685
0.0027530060912945,0.0001045162585567,0.0001125149319705,0.0012978240630491,0.0780227172555466,0.00435416264472
0.0025383161037024,0.0001197683167924,0.03470522724092,0.0120521802455186,0.0695004918692845,0.0149034147502856
0.0008914248902774,7.340054458530214e-05,0.0059656780213117,0.0007721558213233,0.0058578676319493,0.0003944588720531
0.0007606558314792,6.834035555927285e-05,0.003573085181415,0.0005995284486562,0.0051591703037902,0.0002953672533274
0.0008884024589397,7.181739870102451e-05,0.0058466501068323,0.0007174498960375,0.0054708239968264,0.0003513374934095
0.0011639787187952,8.838143779801421e-05,0.0106589160859584,0.0017105529643595,0.0151232672616042,0.0012894903860597
0.0009845664267437,8.246411687504434e-05,0.0079088443890213,0.0011962082143872,0.0103115421170872,0.000749131111861
0.0020102648217547,9.322657103638709e-05,0.0175292585045099,0.002057738546282,0.0179502144270516,0.0016704242830096
0.0010932196208458,7.897317726597336e-05,0.0092802168801426,0.0010896851681172,0.0082582434048689,0.0006465801372106
0.002611737266996,9.752055532716296e-05,0.0287203900516033,0.002797400727868,0.0193724530170226,0.0022824426298745
0.0020233932974735,7.865042935369148e-05,0.0089700953103601,0.000695165246725,0.0058994088250763,0.0003564813989556
0.0008621320920547,7.521801485125233e-05,0.0077180135995149,0.0009134136419743,0.0071284314774258,0.0004971191339001
0.001582705013165,0.0001079193543589,0.0234306640923023,0.0058292126283049,0.0405727022119955,0.0063263140993283
0.0007685609401123,9.416788518282725e-05,0.0196652645245194,0.002766684629023,0.013245444130472,0.0018162528062025
0.0020004616149532,0.0001092230117887,0.0340551808476448,0.0043823191523551,0.0234851186280125,0.0036078193264855
0.0043241888164433,0.0001458651075864,0.0699552521109581,0.0106424579024314,0.0580957282734207,0.0113166153391474
0.0023597385626698,0.0001048120345725,0.031682264059782,0.0033808034658432,0.0208799445055155,0.0027427102552493
0.0006099153473934,6.30415416227588e-05,0.0041730788070708,0.000486089978367,0.0027293644380728,0.0001898638924035
0.0014164696411135,7.822628767057273e-05,0.0083638029173016,0.0008579926285892,0.0071371706452413,0.0004777765059339
0.0017005684976507,9.172062669511768e-05,0.0196318747475743,0.0019194558262825,0.0120797076863845,0.001288838216935
0.001262199043338,7.668469831823314e-05,0.0079110520891845,0.0008250156324356,0.0069624221948314,0.0004483285929947
0.0009030522007071,6.795931485601759e-05,0.004089041147381,0.0005899891257286,0.0048874818252053,0.0002875955138371
0.0015230858690043,7.309807905137456e-05,0.0073143248446285,0.0006174279842525,0.0044666272936237,0.0002907484594334
0.0011661442510802,8.140947353677832e-05,0.0057275469880551,0.0011157922726124,0.012430004702942,0.0008122348846683
0.0027030633130481,8.897972989897794e-05,0.0147038740105926,0.0011995314992964,0.0111914948992261,0.0008048035547586
0.0033659999974856,0.0001011932222255,0.0141840879805386,0.0022055152989923,0.0304043563325216,0.0022944254895574
0.0023115542588221,9.02610135184727e-05,0.0143915303051471,0.0015502026118338,0.0156532049943182,0.0012065818039834
0.0012485569000722,9.27930047264114e-05,0.0211210381239652,0.0027682793885469,0.0165309568915238,0.0020687224594319
0.0072122804586731,0.0002026864142968,0.1276295259594917,0.0174891220033168,0.0788899248513005,0.0190243673299687
0.0005201865458703,6.920748276014366e-05,0.0043754819780588,0.0007851208886131,0.0063044020254672,0.0004215218235737
0.001860727420116,7.875297737820275e-05,0.0063138450495898,0.0007623876165598,0.0090101536428137,0.0004780140745761
0.0018440995536675,8.417255152642173e-05,0.010788660030812,0.0010730290971696,0.0099615497338304,0.0006787535118136
0.0004777313928206,7.910799333727498e-05,0.0085482811555266,0.0012913602404296,0.0082163771788897,0.0007292777244602
0.0015009557166643,8.68827588512346e-05,0.0134650627151131,0.0014877361245453,0.0118062403669185,0.0010047431482523
0.0033910296198521,0.0001129340706371,0.0531955584883689,0.0056511528789997,0.0289994401349443,0.0051343643586353
0.0007954500317019,6.264943907903237e-05,0.0031977968756109,0.0004522461211308,0.0030476572784397,0.0001904077444435
0.0015617351764978,8.518574067614389e-05,0.0075885329861193,0.0011825611814856,0.0129200640326289,0.000853891185664
0.0029514696783249,9.522328188320924e-05,0.027298429980874,0.00209756154567,0.0147786526534172,0.0015670568911131
0.0020930806779483,8.123898296261145e-05,0.0114824501797556,0.0008399246819317,0.0060065712951145,0.0004372109100189
0.0015083330490528,8.327769238754973e-05,0.008934979327023,0.0011420707404613,0.0112546383106284,0.0007806091065562
0.0008453102526677,7.912622767564776e-05,0.0072191515937447,0.0011844229232519,0.0101986387599645,0.0007748309381583
0.0021098641963076,9.172031033499598e-05,0.0166675401851534,0.0014313882216811,0.0111389714942774,0.0009311463539322
0.0017654392748731,9.036412554025516e-05,0.0142196300439536,0.0017787924781441,0.0157457591189443,0.0013698351343844
0.0006224760696473,7.471185489183168e-05,0.0049533154815435,0.0009284872189164,0.0082303930306647,0.0005461830287941
0.0004150450873784,7.033909082804777e-05,0.0035268743522465,0.0007399035384878,0.0064460923228646,0.0003878049373143
0.0013450243869428,7.938581158456297e-05,0.0081776236183941,0.0009634070377796,0.0087455179691294,0.0005904616059896
0.0006404371894896,7.212003908429326e-05,0.0074643958359956,0.0008201128803193,0.0047094513136385,0.0003768653560218
0.0010251427281744,8.188792647854134e-05,0.0073408766184002,0.0012295350525528,0.011532023250608,0.0008321481651519
0.0028382703987742,0.0001049205790326,0.0230979304760694,0.0038099213689565,0.0366329087460109,0.004060123402188
0.000915074536106,7.834017555158682e-05,0.0108709353953599,0.0010206933505833,0.0049139024175188,0.0004747914803781
0.0011167154842502,8.240302269905096e-05,0.012682088650763,0.0012527730502188,0.0073416911075963,0.0006796884096541
0.0029046702566782,8.040928557017258e-05,0.0109028494916856,0.0006718382239341,0.0058312920030452,0.000361297814637
0.0045359669481897,0.0001267588006167,0.0669461861252784,0.0098184756934642,0.0540471045607409,0.0107992553714336
0.0010355048072629,0.0001316638298069,0.0701587125658989,0.013991218060255,0.0282895067338796,0.0111200126589378
0.0050310218421358,0.0001562535515209,0.0641975551843643,0.0200914498418569,0.1100431151694173,0.0248924718919959
0.0007946545104503,7.672888871176529e-05,0.0067102501634508,0.0009975506365299,0.0087377149140611,0.0006006563951276
0.0011034126555226,7.360693240567105e-05,0.0046363971196115,0.0006936504598706,0.0069428424787457,0.0003855025079474
0.0021862794195412,8.342688527980882e-05,0.0111254313960671,0.0009224917180836,0.0082893327745105,0.0005490889766223
0.0015218783842542,9.58631569829998e-05,0.0236586844548583,0.0039302800968289,0.0260093500505344,0.0035445851416128
0.0011556213695389,9.71328106101014e-05,0.0151215475052595,0.0034425026550889,0.0268745503304315,0.003245361004036
0.0015752942559747,8.177429750170855e-05,0.0097425142303109,0.0010217852331697,0.0088725446156644,0.0006187075682944
0.0022939144773002,0.000101929000406,0.0244542779400944,0.0028542571142315,0.0217291995893996,0.0024301779218021
0.0011695668442048,7.507379614624891e-05,0.0068352436646819,0.0007688493933528,0.0060012186794915,0.0003946658141688
0.0014293052388786,8.698590237204897e-05,0.0127120628021657,0.0015758765861392,0.0130957585688998,0.0011302315960807
0.0005440034477979,8.02012238826763e-05,0.0109726195223629,0.0013871357031166,0.0080722720279311,0.0007710318707709
0.0013666784912162,8.598583999802753e-05,0.0124063752591609,0.0014397346228361,0.0113834546778053,0.000954445814883
0.0020889489275215,8.144941756825161e-05,0.0120350336655974,0.0008696429990231,0.0062519307527054,0.0004669401735709
0.0027977286943885,9.015866474589452e-05,0.0169895803555846,0.0012260014191269,0.0106261798111683,0.0007914334349166
0.00081360324738,7.725621643287243e-05,0.0069474088959395,0.001044305274263,0.0082691349520177,0.0006125277191299
0.006747275653015,0.0002584703487717,0.160834826529026,0.0258984789252281,0.1005995880169957,0.0291177485390703
0.0033102642070773,9.565868124512518e-05,0.0234525986015796,0.0018548556417226,0.0166046291913835,0.0014610510484394
0.0006614640374184,8.061897236046121e-05,0.0070771439932286,0.0012516372092068,0.0099182120202109,0.000771130495802
0.0012655587662778,8.682538950857297e-05,0.0101492004469037,0.001415173690766,0.0127707320632808,0.0009918324444405
0.0019332569003595,8.85386004764472e-05,0.0130676459521055,0.0014087671227753,0.0133750810129381,0.0010202031250693
0.0014181957502046,7.573212851621396e-05,0.0029038835782557,0.0007145082345232,0.0099923612162498,0.0004861834511886
0.0007793762760802,7.202620998749852e-05,0.0060714131686836,0.0007875336054712,0.0059571935009902,0.0004035975356165
0.0022105374560043,0.0001063346724548,0.03232335858047,0.0049665541574358,0.0311509998596208,0.0047859351250031
0.0033528292170553,0.0001434814498788,0.0013110399595461,0.0169779428997389,0.2176677465641312,0.0265418436203759
0.0016786750822281,7.693129494015989e-05,0.0092005999758839,0.0007667819038033,0.0057235875849251,0.0003933736249856
0.0019006476826653,9.123772778024718e-05,0.0154304280877113,0.0016859513707458,0.0139495994719363,0.0012142795067019
0.0020258913000617,0.0001038178807041,0.0308207068592309,0.0033395253121852,0.0186844096945694,0.0026233133310611
0.0058834233071996,0.0001160233824388,0.0699820630252361,0.0055036880075931,0.029721208902402,0.0052893542387593
0.0041775179777777,0.0001306785448651,0.088710855692625,0.0081468597054481,0.0238376337557911,0.0067014772261176
0.0008687396604937,8.006532017880213e-05,0.0015238004270941,0.0008668668929021,0.0097242295127806,0.0005007241970205
0.0014837282402106,7.635648057766802e-05,0.0064450143836438,0.0007244275230914,0.0067251346130638,0.0003972338910272
0.0008221007177109,8.312450433630315e-05,0.0092720743268728,0.0014080596156418,0.0110365063609393,0.0009169070862704
0.0010700752257781,7.786129983136506e-05,0.0069565477315336,0.0009549840725958,0.0086114185714659,0.0005696416425117
0.0012869902485464,8.615174499225866e-05,0.0104295937344431,0.0014150591939687,0.012049324141221,0.0009621795840083
0.002032220750569,8.373681357259693e-05,0.01141541544348,0.0009958535060286,0.0085396538563228,0.0005972501959005
0.0020065749082573,9.805122711308142e-05,0.0178318154066801,0.0026199794374406,0.0239571461142408,0.002403394453202
0.0016479238907352,7.857548809435942e-05,0.0070530311204493,0.0008224819321185,0.0083678946201767,0.0004948089255043
0.0010412183630643,7.731216870407779e-05,0.0080321975983679,0.0008824207447469,0.006269360129413,0.0004468536872963
0.0022841663230605,0.0001015689307477,0.0271349940448999,0.0049613147974014,0.0355136751192719,0.0050920643565954
0.002536567960367,9.972151682637044e-05,0.0467506740242242,0.006525761783123,0.0330970971159916,0.0064135246657323
0.0010119826235163,7.719175229993014e-05,0.006390722701326,0.0009978809673339,0.0090500592452427,0.000617458372299
0.0017701438626148,8.100228711055641e-05,0.0094851972535252,0.0009503629989922,0.0088800480239889,0.000580808774
0.0002239440308609,8.008601715633933e-05,0.0058753120247274,0.0011110387928783,0.0069927735540361,0.0005597950510498
0.0011991929386491,7.964139552037544e-05,0.0080262119881808,0.0009685597848147,0.0083063528002202,0.0005607247538045
0.0017840577320207,8.531971854564566e-05,0.0117402533069252,0.0011588382348418,0.00994241540795,0.000730918954501
0.0012262006799976,8.057785206382539e-05,0.0077504692599177,0.0010427195206284,0.0095593839112622,0.0006477255402885
0.0011793793562105,9.398531803296389e-05,0.0157142281532287,0.003563728146255,0.0282081397232357,0.0034886426449206
0.0008170075527359,7.266347698647001e-05,0.0057825166732072,0.0007993011735379,0.0064159091466281,0.0004271628979198
0.000887529205465,7.725214172901859e-05,0.0112134739756584,0.0009876110590994,0.0039254190354285,0.0004299209671333
0.0049563480198673,0.0001030266335992,0.0258667804300785,0.0024871942028403,0.0314113561607469,0.002582060070802
0.0004698152398507,6.416051074051754e-05,0.0030569528462365,0.0005550813069567,0.0039977494981301,0.0002494594319609
0.0011608474414124,7.665436934463409e-05,0.006434875074774,0.0008313198853284,0.0074132105747993,0.0004614855692573
0.0014706252409473,8.414667805603472e-05,0.010471390094608,0.0011586606875061,0.0098525594639877,0.0007173656013551
0.0013700828938567,7.54338452355831e-05,0.0067361919209361,0.0007750101946294,0.0069105329892693,0.0004269340512191
0.0006903143077248,8.751511884299863e-05,0.0076424414291977,0.0020267912093549,0.0167740461057067,0.0015611973965036
0.0012519806290146,9.448926985051878e-05,0.0155942691490054,0.0026249702833592,0.0211180970282621,0.0022692474021864
0.0016598719301391,8.849027514495488e-05,0.0140905259177088,0.0017229364626109,0.0147360674565823,0.0013107240524398
0.0024195534866577,0.0001051129644489,0.0312926657497882,0.0034727532789111,0.0218736646791094,0.0029189515720292
0.0009512515762288,6.778766357184887e-05,0.0037872572429478,0.0005655696522444,0.0049850345199071,0.0002818361492923
0.0005729944107009,6.831731728749709e-05,0.0047361976467072,0.0006716423667967,0.0047399549894936,0.000318117658086
0.0025431174489906,0.0001303938776484,0.0240188408643007,0.0465419310579454,0.1974168127059333,0.0635965824498482
0.0011355627943778,7.761449694710125e-05,0.0083776535466313,0.0009474400430917,0.0070017525299112,0.0005158476356384
0.0019195187312012,7.613950866302774e-05,0.0081874225288629,0.0006931572221219,0.0060656901016892,0.0003701199134287
0.0025026047644686,9.435293569204492e-05,0.0191625524312257,0.0017958446219563,0.0153998498192291,0.0013637113703865
0.0013042692866277,8.009975857816332e-05,0.0111089497804641,0.0010161632671952,0.0064476476753273,0.0005267285750204
0.001733442601605,7.647903914186614e-05,0.0085505526512861,0.000699405092746,0.0053101827428494,0.0003451935021231
0.0023378013676355,0.0001130128120373,0.0296862134709954,0.0084431568160653,0.0556244141938509,0.0099206098832124
0.0042086286076872,0.0001186433127831,0.0594933480024337,0.0060939956456422,0.0335139914146633,0.0057798643713325
0.0006097047400175,7.7893846995486e-05,0.00451385602355,0.0011415458563715,0.0108469061304709,0.000763592852497
0.0007169350016453,7.974435694390247e-05,0.0097569553181529,0.0013246041722595,0.008484461736729,0.0007749412226663
0.0009799588444606,9.633823270942104e-05,0.0097894044592976,0.002649784553796,0.0237444286588139,0.0023914694013145
0.0049184265454892,0.0001777702374458,0.0010850029066205,0.0172793107540201,0.34615827216001,0.0314563475979991
0.0041987452772771,0.0001277304486507,0.0480875708162784,0.0070524345338344,0.0512018059588631,0.0076596936215478
0.0006974375060697,8.266329505887769e-05,0.0095728826709091,0.0013775380887091,0.0093436863080389,0.0008127116720498
0.0014316812054905,8.669100674323668e-05,0.0093479780480265,0.0015737704467028,0.0162584769103451,0.0012690585580462
0.0013968837768693,9.212106906980468e-05,0.0149424616247415,0.0021594775095582,0.0175133321946047,0.0017241168451804
0.0019156675694015,8.912116424923504e-05,0.0117350774817168,0.0014039575122296,0.0145444091380403,0.0010698674558257
0.0041298951041133,0.0001021803718701,0.0333939660340547,0.0023895880952477,0.0186990484126468,0.0019333316704342
0.0014286468982108,8.34300542458448e-05,0.0067891771905124,0.0012539564352482,0.014639083456041,0.0009871627604656
0.0021427488780197,8.994416777161236e-05,0.0098186838440597,0.001586727797985,0.0196667414786073,0.0013883290956805
0.0016198713389958,8.954231058618846e-05,0.0183629589155316,0.0018572760000824,0.0123472002039101,0.0012750224983588
0.0018019832393861,8.230086891489533e-05,0.0105240740813314,0.0010203291289508,0.0084292560174342,0.0006101617156944
0.0013998576581864,8.301885246151785e-05,0.0094241145998239,0.0011644328385591,0.0108649280008155,0.0007722036935345
0.007930029181934,0.0002545131885032,0.0989218540489673,0.0276889666914939,0.1838403074292177,0.0362195953392577
0.0046907215919576,0.0001259970545129,0.0716358423233032,0.0083320672810077,0.0447032740958721,0.0084952052828658
0.000495055652318,6.564029787440293e-05,0.0024044619640335,0.0005701200896874,0.0046925024596971,0.0002718396165944
0.0010496367186534,6.905237057437739e-05,0.0055082030594348,0.0005915641691535,0.0039738443971646,0.0002649234206897
0.0017055581078839,8.690799637783245e-05,0.0079918354749679,0.001261233119294,0.0148347455265357,0.0009732590790239
0.0009817579787821,8.161746548659911e-05,0.010295367334038,0.0014043413102626,0.0107203251008029,0.000926603129043
0.0022356240391035,9.786679939879351e-05,0.016251090914011,0.0021541424654424,0.0207360188706092,0.0018542185835572
0.0019218833912972,8.26630522707439e-05,0.0096301045268774,0.0009219064377248,0.0088982475970923,0.0005594938720731
0.0039736051426208,0.0002045286235499,0.0944570265710353,0.0259496979415416,0.1048060806846185,0.0309903783252102
0.0004375909181848,6.895235230790437e-05,0.0060104557778686,0.0006990002654492,0.0040719739458473,0.000294768757689
0.0011115887041706,7.399833602686327e-05,0.0072430577129125,0.0007605769392102,0.0056055872865568,0.0003816094212943
0.0042280079020595,0.0001978840159323,0.1599505469202995,0.0292354714870452,0.0637404056336743,0.0301526898413631
0.0014653666357685,7.590665714843174e-05,0.0091975200921297,0.0007749684154987,0.0053725654776465,0.0003850978080472
0.0016368066168542,8.064633741642463e-05,0.0099860080517828,0.0009165820665657,0.0069838516969049,0.0004987805730964
0.0016441823743979,9.2373394528161e-05,0.0149139971472322,0.0018613468855619,0.0159549687581789,0.0014318184731647
0.0004165511786529,7.079783024976547e-05,0.0034621213562786,0.0007344206096604,0.0072983833133188,0.0004186666388959
0.0015092614433053,8.418725370740675e-05,0.0146147804334759,0.0011517277173697,0.0057683843197923,0.0005729458983806
0.00221632528974,9.433699405660698e-05,0.0122252767905592,0.0020305535756051,0.0236198082526962,0.0019144627563171
0.0030587481078676,9.567529942076677e-05,0.0180993787944316,0.0023266421258449,0.0259533102162495,0.0022470675955464
0.0005709121237996,2.971586473749996e-05,,,0.0013027863535324,5.338120608462996e-05
0.0024606126856165,8.562319342705861e-05,0.0061076767742633,0.0011108768358826,0.017213932058765,0.0009677710375791
0.0081710622622244,0.0002445804502378,0.1181005164980888,0.0229479694366455,0.1264502803299333,0.0280728763362363
0.0020358109746038,0.0001042567863775,0.0245676282793283,0.0046338539570569,0.0353040112500264,0.0047261460889008
0.0008790055288678,7.999286877983765e-05,0.0065746554173529,0.0011138143017888,0.0103470799489019,0.0007208734719463
0.001290975120374,7.190961618656097e-05,0.0063960347324609,0.000619220547378,0.0044586039234004,0.0002871202768214
0.0019416892447099,8.614868908216533e-05,0.0130129735916852,0.0011964456178247,0.0103502282796664,0.0007670584914835
0.0014169702638115,0.0001028479287265,0.0207118541002273,0.0050112568214535,0.0343378921227865,0.005042659399335
0.0037652078352602,0.0001322752086807,0.0607771519571542,0.0097064729779958,0.0549653454875453,0.0102771691631221
0.0014638601272013,7.65864759137494e-05,0.0047926595434546,0.0007811677642166,0.0091070025529925,0.0004973367835137
0.0012964187037141,8.751627789162632e-05,0.0105323549360036,0.0017618444561958,0.0163936126052192,0.0013869190605555
0.0018626314805447,8.91996736318893e-05,0.0143269225955009,0.0015222239308059,0.0133046708280074,0.0010909247612841
0.0016903202035079,0.0001078312292171,0.0385569334030151,0.0051462730765342,0.0253164407550897,0.0044143855294148
0.0021377045772488,7.88186791291349e-05,0.0082338517531752,0.0007193151209503,0.0070928902456859,0.0004075000967279
0.0058556451860864,0.0001413649377069,0.083472691476345,0.0132320338487625,0.0728551137772118,0.0152928683340109
0.0041579554838488,0.0001066637531803,0.0355703569948673,0.0043738121539354,0.0362879713715885,0.0045112634885547
0.0061951327173114,0.0001216644266343,0.0594242718070745,0.0056631997227668,0.0435128795807112,0.0059557801294052
0.0011754232758899,7.103213605760827e-05,0.0050071976147592,0.0005933024641126,0.005116438456847,0.0002912394267698
0.0016620151019401,7.693820998058601e-05,0.0077968833502382,0.0007598872762173,0.0066018642039248,0.0004141169314826
0.0009968459177322,8.650717684808239e-05,0.013067876920104,0.0020820249803364,0.014593707600576,0.0015204755944239
0.0016458236289658,8.423796096527635e-05,0.0094967251643538,0.0011673760600388,0.0112763302869297,0.0007983942151742
0.0005376395374576,8.938104346425382e-05,0.0137852714397013,0.0021399939246475,0.0116953910179591,0.001359300987376
0.0010876853396264,6.888621607178264e-05,0.0051877815276384,0.0005668163765221,0.0042801277949666,0.0002610167932677
0.0005122678209238,8.042880716719399e-05,0.0003157052997266,0.0012156473969753,0.0212051305809588,0.001447822347354
0.0015381539811193,7.352195885310347e-05,0.003991191741079,0.0005988652259111,0.0070778031908013,0.0003408562039053
0.0004690926606914,8.349653212220195e-05,0.0135410502552986,0.0018188581988215,0.008764920209118,0.0010451172513117
0.0020544873687631,8.074536539435205e-05,0.0100139747373759,0.0007965548150241,0.0065499169729721,0.00042294756182
0.000576138698033,7.662880396800006e-05,0.0033255279995501,0.0009816730488091,0.0095771668801938,0.0006094852121715
0.0011810475463798,8.745149149292741e-05,0.014293790794909,0.0017104287445545,0.0115462054720576,0.0011308658498661
0.0016696498367127,8.242317650565914e-05,0.0076197709422558,0.0009813491720706,0.0104325916950649,0.0006453160540759
0.002051291770386,9.119504645856754e-05,0.0212189266458153,0.0015972459688782,0.0085802099777795,0.0009368680382389
0.0024319233395961,0.0001142401309161,0.0345632787793874,0.0075735330581665,0.0487387604974567,0.0084010293485718
0.0008490077326284,7.181233971011061e-05,0.0059050428681075,0.0007412912510335,0.0053916644443045,0.0003646414008409
0.0011608011829329,8.191902776949803e-05,0.0096227508038282,0.001220288798213,0.0098844879351765,0.0007713277095984
0.0018750195381161,8.674344572466358e-05,0.0122762350365519,0.0011833271197974,0.0102914195462728,0.0007528797515573
0.0020138916881262,8.011201631697102e-05,0.0119374208152294,0.0008238095790147,0.0054228304255947,0.000414890573136
0.0019269664468104,9.258275737685688e-05,0.018516288138926,0.0018311137706041,0.0137731238595088,0.0013267362133802
0.0012207863264481,7.076638857253861e-05,0.0047814259305596,0.0006143551226705,0.0058532450936043,0.0003217963499872
0.0009224511403186,7.380144230296451e-05,0.0067878039553761,0.0007911925576627,0.0052100608379809,0.0003821234083911
0.0010940748493225,8.252049210163894e-05,0.0117244878783822,0.0011939574033021,0.0073049782616215,0.0006434778731663
0.0013716988346342,8.56660683457456e-05,0.013741981703788,0.001438979525119,0.0100456203650186,0.0008927808360349
0.0007922523781322,5.953813551640933e-05,0.0025024918140843,0.0003665143158286,0.0024652819322237,0.0001483714859368
0.0005763691274709,6.983075066484203e-05,0.0064944454934448,0.0007236839737743,0.0037609380192257,0.0003034876075513
0.0014974577180673,8.448218398749178e-05,0.0080676730722188,0.0012709931377321,0.0133311598721489,0.0009386447938327
0.0032704702857297,9.758382208807996e-05,0.0226305639371275,0.0018132020905613,0.0169679751209801,0.0014418619429637
0.0010528151445674,7.080096350107253e-05,0.0043891889508813,0.000600287108682,0.005522255799114,0.0002989583722212
0.0009123771749704,7.35672229431922e-05,0.0076475429814308,0.0007947649713605,0.0047827061026798,0.0003703470556336
0.0015347844672777,9.368256515369282e-05,0.0248923702165484,0.0023349728435277,0.0115930015896228,0.0015206294342407
0.0014161769454041,9.150126058514408e-05,0.0116548002697527,0.0020025729015469,0.0186184647447762,0.0016471762651941
0.0032223279341659,0.0001002499512225,0.0248651634901762,0.0020957319065928,0.018028715527387,0.0016869669954826
0.0010872023084539,6.991452627757352e-05,0.0048579322174191,0.000609154254198,0.0055495918779615,0.000314380686933
0.0007447151210541,6.834938272025836e-05,0.0046469387598335,0.0006477674469351,0.0052310893755387,0.0003221255171484
0.0006166637129558,7.366372269149244e-05,0.005618809023872,0.0008633936010301,0.0066102697257442,0.0004585164372187
0.0010149811217808,8.598658839661108e-05,0.0073464261367917,0.0014967079181224,0.0149789898477672,0.0011358181174932
0.0018153884190905,8.350375942247365e-05,0.009361139498651,0.000992312207818,0.0095540414954148,0.0006205950617195
0.0014084777163776,9.382529325715084e-05,0.0138583676889538,0.0025581817328929,0.0214527321759091,0.0022236390099685
0.0025979837997909,9.881662749311416e-05,0.0184990353882312,0.002094155177474,0.0216196712247235,0.0018469842317157
0.0008979210484198,9.2649505744445e-05,0.0227746767923235,0.0035347336158156,0.0187780880611388,0.0027218664106965
0.0043753420061774,0.0002160801033259,0.1476104110479354,0.0332339309155941,0.0955300873412651,0.0374283458966144
0.0011528666417929,8.173893017264793e-05,0.0089286756701767,0.0011717705987393,0.0098212493258677,0.000728693608239
0.0017237462044123,8.375583048830944e-05,0.0100513231009244,0.0010723680257797,0.0100603565476193,0.0006862726413925
0.0021580612139852,9.826491435772954e-05,0.0152360424399375,0.0034318649023771,0.0349041673497297,0.0037148863991549
0.0029767395795871,0.0001086424135044,0.0314673036336898,0.0058237267658114,0.0458819855612903,0.0065771680899547
0.0057552883274687,0.0001119618164363,0.0472259037196636,0.0030536390841007,0.0225438098884964,0.0026174138533308
0.0013646858750158,9.073720648569922e-05,0.0063781908247619,0.0020121635776013,0.0223732877718112,0.0018844614896802
0.0014560782876142,8.367387258076766e-05,0.009022825397551,0.001225396245718,0.0118496791716482,0.0008494855897482
0.0021274391248654,0.0001087354205774,0.0283883418887853,0.0045911725610494,0.0326622185728145,0.0045282071927428
0.0009613576522434,8.812369940882693e-05,0.0056051271967589,0.0016711899871006,0.0173386576359032,0.0013739551184478
0.0008658640661979,8.717422565249103e-05,0.0112788220867514,0.0019989257119596,0.0156311363063012,0.0015194353261006
0.0044101829646799,0.000111826619354,0.0465025939047336,0.0064991358667612,0.0484236318541721,0.0072750255368504
0.0020210504509763,9.91882385763471e-05,0.0314095113426446,0.0035110842436552,0.0205299562021691,0.0028788804340405
0.0009227418887248,7.769007085119237e-05,0.0096653336659073,0.0010030547156929,0.0062422772316643,0.0005140523753849
0.0004059356793859,8.148646206597074e-05,0.0077987541444599,0.0015391918551176,0.0107575057764896,0.0009978636398074
0.0009838788858283,8.957471843023591e-05,0.0007219972030725,0.0019094438985302,0.028420027596906,0.0021627510454996
0.0017183083186613,0.0001071016687712,0.024709983728826,0.0039748568087816,0.0277996672660244,0.0037160767175117
0.0010860199228519,7.27175428945901e-05,0.0067873736843466,0.0007495549507439,0.0054034732912808,0.0003771065603174
0.0011921326330447,7.665520821071377e-05,0.0064219974447041,0.0008081640768796,0.0071934199149205,0.0004527827489092
0.0008317677373482,6.754621767076003e-05,0.0045413710176944,0.0005753310397267,0.0042099093658189,0.0002643019823558
0.0015662050679891,7.999355408538152e-05,0.0073991648387163,0.0009124713018536,0.0094056501720475,0.0005808463817063
0.0012337824974807,7.843497672139804e-05,0.0057020643725991,0.0009212817531079,0.0096084878980745,0.0005894428614597
0.0023318748223752,9.400950374635012e-05,0.0363719798624515,0.004929059445858,0.0274294589273402,0.0046154847784729
0.002271006735813,9.199251632345529e-05,0.0204006377607584,0.00191321156919,0.0149553544742034,0.0014318028969739
0.0026780837726128,9.599355138171888e-05,0.0156017430126667,0.0021253286488354,0.0243248711475357,0.0020126102384721
0.0017668242313104,9.73382714044486e-05,0.0068699095863848,0.0024623569380491,0.0280532491027955,0.0025360969621181
0.001047606070981,8.396376094238467e-05,0.0089206015691161,0.0013645882718265,0.0121650217835607,0.0009377595077012
0.0019094008753439,9.360640808467584e-05,0.0163291059434413,0.0020619813539087,0.0181950054171438,0.0016523597458699
0.0014603688297102,0.0001129656283702,0.0618820860981941,0.016768833771348,0.049025264490231,0.0175609616837096
0.0008857141334443,7.491385287404094e-05,0.0076349978335201,0.0008626367151737,0.0053922669110555,0.000420477103615
0.00314780172189,9.114270982939297e-05,0.0185694843530654,0.0012877275049686,0.0113703898984484,0.0008715922118643
0.00272556090585,0.000102291405314,0.0216953735798597,0.0027017956599593,0.0254329104071187,0.0025065798085682
0.0016078656556129,7.269877827471394e-05,0.0070458445698022,0.0005915537197142,0.0042207691803322,0.0002738801973197
0.0018736339232741,9.520315232445976e-05,0.0172300674021244,0.0023676476255059,0.0199341569311609,0.0020106784281549
0.0018540716912685,8.170317084923995e-05,0.0103119872510433,0.0009343550354242,0.0080624113381126,0.0005472187729502
0.0008534925927105,8.539645103543508e-05,0.0078046261332929,0.0015080189704895,0.013444445834191,0.0010731605599398
0.0009535400681004,7.246771116010183e-05,0.005538142286241,0.0007289130985736,0.0065178765309123,0.0003955847006281
0.0008897924409285,9.17882518671712e-05,0.0097272805869579,0.0025093256216496,0.0216927841235517,0.0022372741063833
0.0019125699897104,7.559513079879619e-05,0.0073596239089965,0.0006439620442688,0.0055801832718876,0.0003329541339478
0.0024073855596285,0.000108181548301,0.0350313857197761,0.0040363014489412,0.0249393727272581,0.0035277615137174
0.0013593102063989,7.62195192573565e-05,0.0059043380897492,0.0007741658017039,0.0075179878839566,0.0004449203356796
0.0009428482878017,7.898123815933242e-05,0.0070441060233861,0.0010515686590224,0.0093156215118834,0.0006422572093435
0.0022329356444597,8.045007750718527e-05,0.010546660516411,0.0007666285149753,0.0061546017730839,0.0004027866761149
0.0008677267714041,9.292657247978202e-05,0.0224882494658231,0.0026770486310124,0.0116604778657403,0.0016846413196936
0.000852775977958,6.960637242810924e-05,0.0041447868570685,0.0006083545275032,0.0049603050504038,0.0002904482415022
0.0030762793874842,0.0001023360287077,0.0232888497412204,0.0025538485497236,0.0241422616166669,0.002313808617433
0.0019385927037321,8.460801051004717e-05,0.0123681426048278,0.001110621728003,0.0093588572277459,0.0006864154382522
0.0031369150286048,0.0001135378081087,0.0524100661277771,0.005817377641797,0.0285564978757644,0.0051657502924218
0.0031983742033402,0.0001573248643963,0.0003116248408332,0.0074035016324069,0.3662538865538653,0.0318945350390763
0.0020724405220506,8.305577614006309e-05,0.0121796438470482,0.0010591994412243,0.008897352283448,0.0006489759149246
0.0024613341338179,8.849369287102036e-05,0.0176592087373137,0.0011236466839909,0.006668710360566,0.0005979765921929
0.0014790680353829,7.973723711174655e-05,0.0069994193036109,0.0009758014045655,0.0103143604284425,0.0006537301346404
0.0024265917215763,0.0001354816523922,0.1003915145993232,0.02053789421916,0.0290665319928489,0.0185668987406398
0.000336159905196,8.599276110298078e-05,0.0093163829296827,0.0017855632863938,0.010832065230173,0.0011047136249842
0.0014585849325607,9.319300044990648e-05,0.022235469892621,0.002301367893815,0.0128167407581623,0.0015588977777416
0.0012045358240922,7.315010134585306e-05,0.0051435567438602,0.0007269709557294,0.0073076877753695,0.0004262655443204
0.0059080067879877,0.0002872950723694,0.2329465672373771,0.0373392522335052,0.0319106791533816,0.034948607467856
0.0023815352444556,8.797390169291552e-05,0.0098484940826892,0.0011866675503551,0.0148041380396303,0.000925807782267
0.0014057155031732,8.854428599778933e-05,0.0104763908311724,0.0015037926658988,0.0139637449741934,0.0010831990431817
0.0006862254900968,7.684377984849334e-05,0.0065525348763912,0.0010942255891859,0.0087279308358911,0.0006501172562252
0.0013134982209526,9.228005829577632e-05,0.0167582705616951,0.0022179201617836,0.0159824238344095,0.0016750110632075
0.001524506137055,9.974359649140664e-05,0.0273223556578159,0.0033988196775317,0.0186834069432877,0.0026310997944943
0.0049119116987805,0.0001306751636075,0.0568662229925394,0.0100489213317632,0.0679159526351619,0.0116423408693941
0.0004843896414528,7.14474532424003e-05,0.0063069406896829,0.0008121851924806,0.0048772863560823,0.0003731513048982
0.000993326442669,7.523381450034354e-05,0.0074337357655167,0.0008359782490879,0.0059693808729755,0.0004255401272065
0.001785690385947,8.120147088047126e-05,0.010420627426356,0.0009292634949088,0.0073435374936587,0.0005272859360967
0.0011447776812855,8.00692753988566e-05,0.0079373382031917,0.0010688451584428,0.0096765843205543,0.0006713340408432
0.0026502925650357,0.0001039676427108,0.0288916062563657,0.0034346878156065,0.0262300351174108,0.0031950924113681
0.002653075857461,8.961280753986937e-05,0.0059686619788408,0.0013109970651566,0.0211818732790808,0.00124292471996
0.0031706745808488,0.0001013954025922,0.0333899240940809,0.002807873301208,0.0178449309823581,0.0021666156453125
0.0008759920839622,7.380739544050625e-05,0.0064978138543665,0.0008486016001552,0.0067556441821226,0.0004708332058252
0.0015113186654272,7.357623996724432e-05,0.0053870973642915,0.0006539409514516,0.0069224916596174,0.0003684628170702
0.0019078668785567,9.076249252259332e-05,0.0142362709157168,0.0018806890584528,0.0177899274452838,0.0015669172856499
0.0008976753993311,7.078246598342429e-05,0.0039040578994899,0.0006787418015301,0.0067058561303536,0.0003731424197602
0.0024039967498578,8.917059794486936e-05,0.0107035026885569,0.0012975989468395,0.0155136648096373,0.0010326706418273
0.0016247994467361,8.47157298517814e-05,0.0111575610935688,0.0011504761688411,0.0100084224630441,0.0007309769436258
0.001957773518456,8.468616838896168e-05,0.0104747447185218,0.0011018048971891,0.0114630990596652,0.0007614015236202
0.0032704727441178,0.0001068547201266,0.036728098988533,0.0038339242339134,0.0275238925306345,0.0034638347595418
0.0006283366026917,8.738710561731217e-05,0.0126007604412734,0.0027027047425508,0.0183410698316826,0.0021419387885189
0.0032236793604381,0.0001206293546952,0.0451247580349445,0.0085929241776466,0.0538519125865748,0.0093065894790417
0.0013890340931148,8.09367290558955e-05,0.0068472241982817,0.0009498792886734,0.0101752495409875,0.0006149154639539
0.0013572906687005,8.431878716481456e-05,0.0113404998555779,0.0012130253016948,0.0091683544304594,0.000729657192382
0.0012103892783818,7.814731472280856e-05,0.004967522341758,0.0009454155433923,0.0109452324214937,0.000654374579135
0.0045721123808008,0.0001717190580883,0.0003123269561911,0.0067275138044169,0.3113530471677551,0.0227177812157294
0.0013022197015134,7.838524938230977e-05,0.0051642777398228,0.0009366335626691,0.0104963674925602,0.000628786905038
0.0005739334678856,7.116624448410343e-05,0.0074505335651338,0.0007774801459163,0.0037444126826373,0.0003303179724534
0.001078503358704,7.32065730177521e-05,0.005446761380881,0.000734970672056,0.0068565607628486,0.0004015846166829
0.0014278027764509,9.125303176630367e-05,0.0058206310495734,0.0020602801768109,0.0224528496488188,0.0019005866732018
0.0014298994216186,9.144302806126737e-05,0.0117986006662249,0.0018908809870481,0.0174352635647588,0.0015271449784229
0.0049208006876411,0.0001412640168558,0.0969623923301696,0.0083057431876659,0.0237669914692979,0.006848506131446
0.0004468307599086,6.170227585591695e-05,0.0031777730910107,0.0005138918105512,0.0030565477429279,0.0002172707486279
0.000718197935621,8.108065706775858e-05,0.0074673898052424,0.0012272873707115,0.0093605041515282,0.0007320111555489
0.0009943936146215,7.574154146492307e-05,0.0065702085848897,0.0008878028020262,0.0072966717909572,0.0004910198402974
0.0010169224580395,7.500754921783764e-05,0.0063360536005347,0.000817630905658,0.0067899612141175,0.0004419882673592
0.0035176884557297,0.0001579590119406,0.0867214575409889,0.0231418297439813,0.0914348220942874,0.027222145340276
0.0011756564066162,8.333644287027262e-05,0.012660454493016,0.0012912144698202,0.0080361013566999,0.000730149238628
0.0019767549241266,9.362520458847588e-05,0.019416362978518,0.0018624253198504,0.0136222075250028,0.0013197385507337
0.0005785490910591,3.006418069316703e-05,,,0.0016691730629254,6.549904959902953e-05
0.0012230441540235,8.638846875764941e-05,0.0124761452898383,0.0014608047902584,0.0108542749017563,0.0009376615898545
0.0010086179327026,8.568783274990471e-05,0.0109940594993531,0.0015533454343676,0.0123994053758571,0.0010722845760037
0.0044219060381428,0.0001412635193653,0.0786060467362403,0.008525103777647,0.0387884486498253,0.0080073166286432
0.0012138141884382,7.640887153787836e-05,0.0071182558313012,0.000837368229404,0.0068463260812546,0.0004519558326941
0.0017520941797296,9.12430918770166e-05,0.0099176811054348,0.0015747597068548,0.0175251893205192,0.0012992768396441
0.0013794749963793,7.813720143761576e-05,0.0087689654901623,0.0008727953210473,0.0063683498591793,0.0004564109043219
0.0041458540855646,0.0001589774426602,0.0282046310603618,0.0287196656572632,0.1514615809687456,0.0360961841822806
0.0001461768127954,7.671144113943437e-05,0.0024152428377419,0.0007112517557106,0.0051828387699595,0.0003207201421876
0.0004818333915971,7.179910846653631e-05,0.006505369907245,0.0008216935675591,0.0042642125182955,0.0003544498484318
0.0016295034323763,0.0001002893173784,0.0202957084402441,0.0030243806540966,0.0224009395903819,0.0026384408042569
0.0009277954731703,6.802559969221558e-05,0.0052179563790559,0.000592454560101,0.0040090605960524,0.0002642181492661
0.0007788711216873,7.781685051545003e-05,0.0069033848121762,0.0011223275680094,0.0094915436164832,0.0007059308458855
0.0012697692294099,8.500766096982987e-05,0.0056888619437813,0.0014475847501307,0.0166966085019838,0.0011988716620718
0.0030854695700159,8.952021389365154e-05,0.0153891914524137,0.0012244956009089,0.0135164562505974,0.0009196512157904
0.0023731880073247,9.786788010994776e-05,0.023173501715064,0.0024332319200038,0.0189298879228817,0.0019938680010359
0.0004961816054209,7.76987507103788e-05,0.00876060500741,0.001221809843555,0.0073258084702074,0.0006633126380432
0.001573273676766,9.791205741020324e-05,0.0292351730167865,0.0043703522533178,0.0235990378827944,0.0038126033691774
0.0028927729296565,0.0001130284948117,0.0524902157485485,0.0049295853823423,0.0204795937896976,0.0038274424199159
0.0012730573067053,8.118720104488249e-05,0.0096374507993459,0.0011105323210358,0.0093410964716591,0.0006900791795489
0.0003104234379146,8.599682347227742e-05,0.0117123918607831,0.0019668727181851,0.0100781880221509,0.0011660237967015
0.0013404452954931,9.12807144512124e-05,0.0183453913778066,0.0021623639389872,0.0136097674252418,0.0015316971791147
0.0013346977865805,8.99234447438405e-05,0.0088974293321371,0.0017825195379555,0.0183670280341646,0.0014845064707604
0.0007009630117296,7.882057093941712e-05,0.0104773081839084,0.0011605088226497,0.0060516479571591,0.0005855024478473
0.0023160374843275,0.0001083798989248,0.0283101284876465,0.0047680083662271,0.034581680361597,0.0048165870375982
0.001423690392402,9.230593958280348e-05,0.0179886110126972,0.0023055128380656,0.0157293225204044,0.0017407105293325
0.0004530200394135,8.80901680155356e-05,0.0079656052403151,0.0020897781196981,0.0163937839614509,0.0015851648566311
0.000974763041059,8.357033438964297e-05,0.0107588050886988,0.001354337669909,0.0094306872214534,0.0008152922062342
0.0007098771773308,7.965742225921751e-05,0.0089050028473138,0.0012145673017948,0.0087655340089532,0.0007171906366695
0.0009847945743688,7.792868513495778e-05,0.005502438172698,0.0009990781545639,0.0098000074996671,0.0006380911676263
0.0010649567050749,7.477046664368077e-05,0.0074012833647429,0.0008303854893893,0.0063159227854455,0.0004393746043034
0.0031711538066838,0.0001024076088145,0.0266594160348176,0.0023777072876691,0.0200578643440231,0.0019778475533444
0.0016830904719712,8.402642134468295e-05,0.011763964779675,0.0011441486142575,0.0092973489537184,0.0007039610108045
0.0013066894566742,8.598226270778355e-05,0.0127021293155848,0.0014383066818118,0.0105871944551687,0.0009181145221174
0.0014803710011611,8.41608359268926e-05,0.0092705828137695,0.0011789940111339,0.0113524178936739,0.0007895537567862
0.0026440245564502,0.0001065514388724,0.0254258597269654,0.0037720166146755,0.0336180563261538,0.0038955430129706
0.000721038205353,8.10608188761934e-05,0.0098476074635982,0.0014081220142543,0.0093398865516,0.0008418794220834
0.0033334378075545,0.0001346981896357,0.0925406664609909,0.0094524012506008,0.0211482348721622,0.0072682668844144
0.0009299505264705,7.247253396386105e-05,0.0047333720140159,0.0007744180038571,0.0070904803786817,0.0004387025070836
0.0004938033509939,7.411530368267452e-05,0.0051570434588938,0.0009625942539423,0.0076398659103824,0.0005479545077039
0.0004286917205024,6.239755437962126e-05,0.0033588991500437,0.0004903798922896,0.00297091541275,0.0001973428303328
0.0010219534207017,7.491841522052744e-05,0.0066325028892606,0.0007826938107609,0.0058034987475848,0.0003949199925792
0.0011691782729871,8.868241513421398e-05,0.0043871705420315,0.0018825730867683,0.0200451903294062,0.0016786681315843
0.0015454952202683,8.83384412594028e-05,0.0112861725501716,0.001631362568587,0.0157867776302325,0.0012839011628399
0.0003377792431481,8.966008877882119e-05,0.0098036671988666,0.0022643804363906,0.0147960820301247,0.0016228604532607
0.0017308455003628,7.763373389642336e-05,0.008023390546441,0.000787658849731,0.0070115157552064,0.0004422330529094
0.0027360889647377,0.0001271346062033,0.0107040889561176,0.0218581518656719,0.143190358915959,0.0294872777268231
0.0018538949609386,8.769606977555335e-05,0.0138790532946586,0.0012682862766087,0.0095344919253328,0.0007720676965252
0.0012742660299896,7.932896956951672e-05,0.0081295473501086,0.0010080623347312,0.0086744912644233,0.0006061655433083
0.0031830409633064,9.201220809671244e-05,0.0163949253037571,0.0012959492951631,0.0138922762792072,0.0009679737637875
0.0011981809208601,7.717704798585216e-05,0.0068676732480525,0.0008435310143977,0.0076268509965957,0.0004778198255146
0.0009640858420489,8.364748872844558e-05,0.0099435169249773,0.0015535212121903,0.0123066087232311,0.0010898716367103
0.000705983400498,6.187875818239601e-05,0.0026033602189272,0.0004380992287769,0.0034249681742636,0.0001930371015542
0.001829588525366,8.2734472408608e-05,0.008926095906645,0.0009800789877772,0.0098740737375302,0.0006312146511156
0.0006505210521662,7.36869584242821e-05,0.0064359966199845,0.0008992855902761,0.0067656612685018,0.0004889567928662
0.0014563607548987,9.110849591899456e-05,0.0239466726779937,0.0019107336178421,0.0067738895408858,0.0010063139409087
0.0013726987015334,9.677478013123132e-05,0.0330776404589414,0.0036710281297564,0.0132662398864822,0.00251627831742
0.0024031090985877,0.0001512889811517,0.1145010255277156,0.0184498763084411,0.014290076597778,0.0145115162092111
0.0007568955947965,6.695655319175777e-05,0.0043513958808034,0.0005709272809326,0.0039382483132976,0.0002552209497917
0.0011197467940947,7.372073337052142e-05,0.0069451285526156,0.0007352975104004,0.0052606490054877,0.000361162153087
0.0024648360109139,8.530137869762824e-05,0.0112433689646422,0.0010587132908403,0.011323427864532,0.0007280607144237
0.0015140771991557,7.493173883771375e-05,0.0091634499840438,0.0007058618590235,0.0039907964243696,0.0003226278130357
0.0018374816318276,8.655997247610393e-05,0.0096257808618247,0.0012797536887228,0.0145712123352732,0.0009942925396734
0.0012119998444652,7.775340494188109e-05,0.0080453464761376,0.000862322980538,0.0067346992827255,0.0004587485750471
0.0011561904411583,7.589997377451625e-05,0.0079160784371197,0.000812231330201,0.0057829328265202,0.0004044134179409
0.001126842958296,9.679527616508276e-05,0.0184589140117168,0.0037718014605343,0.026489479331928,0.0034745005516551
0.0005495751148348,6.762801405134963e-05,0.0046954900026321,0.0006446543708443,0.0042150940251355,0.000291389857595
0.0007602369441777,7.527955947960884e-05,0.0063525852747261,0.0009154579415917,0.006725992300869,0.0004858838588437
0.0004498535915386,5.99992588486344e-05,0.0035619765985757,0.0004409830830991,0.0020805074072004,0.0001607427530782
0.0007479459271036,8.286673796992152e-05,0.0060190591029822,0.0013745439983904,0.0132050403256657,0.0009868771123474
0.0058356014301159,0.0001130784811102,0.0413888599723577,0.0028568862378597,0.0263013900282325,0.0026046333621222
0.0025031460138928,8.574701033752874e-05,0.0110759008675813,0.0010372191108763,0.0113314000092152,0.0007209323858507
0.0015762552926357,8.768657188788038e-05,0.0124337393790483,0.0014850003644824,0.0130315756870234,0.0010479063686424
0.0015253227657754,0.0001022241909359,0.0162839479744434,0.0035903417132794,0.030123542454615,0.0035255778732049
0.0011902865058893,8.751541830081372e-05,0.0121344877406954,0.0015698364190757,0.0123425291599652,0.0010817573842189
0.000568743277461,9.455039183849491e-05,0.0194953400641679,0.0032973334193229,0.0168648694417283,0.0024334420676197
0.0006253127670159,7.420096435601037e-05,0.0071839282754808,0.0009420707356184,0.0061094358063365,0.0004830033515227
0.0003410725735399,0.0001173737924065,0.012120374944061,0.0113089487786055,0.0484099233556381,0.0119072848754978
0.0007448293449332,7.183943303469878e-05,0.0054897791706025,0.0007725920341908,0.0059365477950135,0.0003958716815171
0.0015403990459034,0.0001003535479982,0.0260829906910657,0.0065978784486651,0.0391359609009564,0.0069450854774195
0.0009191300915028,8.91113725266803e-05,0.0094659896567463,0.0021793356165289,0.0191377566316049,0.0018539675149451
0.0008605299480423,0.0001022055757605,0.02203905954957,0.0056364549696445,0.0320806754149643,0.005489521092322
0.0066857750473383,0.0001917838157781,0.132427841424942,0.0190738104283809,0.0747241043559155,0.0210006117505679
0.0007731551807122,7.757961006529248e-05,0.0080481339246034,0.0011772594880312,0.0088489917469529,0.0007126818099572
0.0017477730648276,8.432139716736458e-05,0.010097524151206,0.0010461853817105,0.0095062997453119,0.0006432406671828
0.0019124760068808,8.092490844703549e-05,0.0077513759024441,0.0008611751254647,0.0092476742327905,0.0005412773628088
0.0014177109363311,8.380758294482173e-05,0.0081966686993837,0.00129089968279,0.013618248652063,0.0009567966410522
0.0014908269921696,8.006537806913615e-05,0.0071307248435914,0.0010022747423499,0.0105195431962326,0.0006660236840242
0.0010656139289893,7.857950857791487e-05,0.0121021405793726,0.0010229365341365,0.0039560156425732,0.0004521883558473
0.00194864892145,8.525471118488257e-05,0.0113260028883814,0.0011577764526009,0.0115407188993805,0.0007805371913377
0.0002181084266922,8.660634876223776e-05,0.0062163928523659,0.0014270818792283,0.0096774764609351,0.0008142381206148
0.0013187498806147,8.262718441577502e-05,0.0096116168424487,0.0012462697364389,0.0107357467083303,0.0008253257210521
0.0026257002089698,0.0001018971043493,0.0261142719537019,0.0031223587319254,0.0255497726371811,0.0028483701033985
0.007405946411853,0.0001576751105674,0.0724703297019004,0.0120501832664012,0.0842200320626542,0.0143373188217994
0.0057088713289267,0.0001623444041085,0.0859514400362968,0.0114187565445899,0.0601337286820665,0.0119673872849753
0.001475387759457,7.866285634290713e-05,0.0069042132236063,0.0008338505867868,0.0079461021625545,0.0004809591623435
0.0026965645061603,9.194591026440808e-05,0.0178967285901308,0.0015811277553439,0.0145664936923751,0.001196180118062
0.0007749638839035,7.391193887351785e-05,0.0059714366216212,0.0008589734416455,0.0069317353763373,0.0004703307512747
0.0044931688251622,0.0001143204479315,0.0465507991611957,0.0044755730777978,0.0337350554598722,0.0044026813366704
0.000700602603655,7.309352879138306e-05,0.0078299418091773,0.0008446388039737,0.0044607563027337,0.0003852464255789
0.002239988225739,8.790380185607185e-05,0.0086082676425576,0.0012077482417225,0.0159543096260073,0.0009849006224794
0.0005887627795001,6.909004427416957e-05,0.0021014153026044,0.0006547877239063,0.0065901127023541,0.000358127588354
0.0011694438162319,7.968689868987537e-05,0.009254049975425,0.0010119301639497,0.0075187308809506,0.0005613944846764
0.0007297879519886,7.183522906367614e-05,0.0067555159330368,0.0008076081424951,0.0050906967162714,0.0003858733264593
0.0078201630521018,0.0002057052489564,0.1088640913367271,0.0182375188171863,0.1049845921722747,0.0217064797477022
0.0001133500542524,7.998854471269207e-05,0.0042606394272297,0.0007906877063214,0.0048527305094275,0.0003431542269691
0.0031540059597441,0.0001219231738686,0.0586825404316186,0.0062539190798997,0.0277419936543348,0.00547617173469
0.0015707080093545,7.94214616509927e-05,0.007151975762099,0.0009005596209317,0.0094765735190265,0.0005734904485386
0.0012454899528282,8.303670771778941e-05,0.0082792807370424,0.0011522090062499,0.0107123311965983,0.0007573188390032
0.0015847174219206,7.94783994907454e-05,0.0082626482471823,0.0008979758527129,0.0082219412698621,0.0005355123770543
0.0013593685421176,7.828984048342835e-05,0.0073421099223196,0.0008816651534289,0.0078728387603694,0.0005131570617406
0.00260386635801,8.955245078478245e-05,0.0152345662936568,0.0012288494594395,0.0112889721155877,0.0008356254636153
0.0015129788454698,9.330320192235632e-05,0.0162027385085821,0.0022946600243449,0.0181426211824679,0.001852336928937
0.0050242495181438,0.0002212441046314,0.1940218955278396,0.0300669702887535,0.0319718270353346,0.0317439029609858
0.0012864948518809,8.13572887733286e-05,0.0083886850625276,0.0010499967075884,0.0089361721764196,0.0006270029144033
0.0125469592647842,0.0003823819690536,0.0365624986588954,0.0227146409079432,0.5287975990668656,0.0391084158128386
0.0015585806190796,8.178112703566124e-05,0.009679208509624,0.0011285671032965,0.0105878921198263,0.0007542947188405
0.0006344509220898,7.994854315862597e-05,0.0073305591940879,0.0012352904677391,0.0094679857612148,0.0007494573052209
0.0012590203204961,9.576184339217228e-05,0.0189288295805454,0.0032238308340311,0.0228352687056416,0.0028325074847695
0.0003001148991797,6.186305924995835e-05,0.0027042042929679,0.0004651096789166,0.0032150722034556,0.0001863941009749
0.000941006089283,8.389682649345611e-05,0.0068816826678812,0.0014008572231978,0.0132591412959219,0.0010038914624485
0.0043437679775664,0.0001518391759577,0.1138569079339504,0.018346706777811,0.0545877416314972,0.0195674419023215
0.0029463527705762,0.0001107536825697,0.0433978736400604,0.0047567025572061,0.0281514416634259,0.0043461448413076
0.0005648459725268,7.226108520178953e-05,0.0051363275852054,0.0008202037680894,0.0060877592430296,0.0004169284883199
0.0012096486893968,8.772865700205587e-05,0.0111424694769084,0.0015169828943908,0.0123679696671652,0.0010090869289941
0.0015004737279505,9.3442532499003e-05,0.0195776671171188,0.0022288556024432,0.0147570876076579,0.0016154862602278
0.0031089656066968,0.000276770648711,0.0044508427381515,0.0680232078520746,0.6969592138489351,0.1268822938694485
0.0020477532847909,0.0001009905640466,0.0183864347636699,0.0035937492363154,0.0322360655977518,0.0036840401740329
0.0034010822805416,0.0001088615583769,0.0341954417526721,0.0036137490719556,0.0273897305743467,0.003288272085971
0.0044143904059534,0.0001988991710066,0.1087731271982193,0.025191750228405,0.0849720447516792,0.0290275750511578
0.0005477828609139,7.726699365338255e-05,0.0070427004247903,0.001192522952333,0.0085604836115854,0.0006968246493414
0.0009680668218651,7.984988059479272e-05,0.0089867133647203,0.0011075548641383,0.0083723634819012,0.0006475298133927
0.0027128877529639,0.0001070569574121,0.047020137310028,0.0053040388971567,0.0258967753528508,0.0046625401426036
0.0004215862206799,8.944298174578353e-05,0.005816183052957,0.0021588763222098,0.0174387695676577,0.0017260956197982
0.0019579650043292,8.03915078750354e-05,0.0088303601369261,0.0008215423673391,0.0079659595392008,0.0004785811821048
0.0007778366172914,3.894798715384901e-05,,,0.0011652006158709,4.86544033659025e-05
0.0008328342642546,7.930866988275533e-05,0.0081809125840663,0.0011823922395706,0.0095138702454944,0.0007428209231627
0.0029428410972819,0.0001424398570785,0.0684476718306541,0.0146300381422042,0.0608216432606843,0.0157331223493751
0.0016836537966403,8.505503490085315e-05,0.0127969300374388,0.0012968347780406,0.010592580390059,0.0008532416458148
0.000985357098015,7.154167721542333e-05,0.0046025468036532,0.0006588732637464,0.0057117311389956,0.0003360508765135
0.0002981475567272,7.462255027065488e-05,0.0077330311760306,0.0010060923639684,0.0048616353669326,0.0004553418136991
0.0015991186413608,9.682058955231936e-05,0.0190653521567583,0.0025290269404649,0.019500880432753,0.0020519732128341
0.008143652047438,0.0002290491721755,0.2255941033363342,0.0151591393351554,0.0023209182736166,0.0108739306042939
0.0003846189675303,5.976401536932226e-05,0.0033767339773476,0.0004247901961207,0.0022308150417591,0.0001564257954798
0.0002645039460392,9.66508009288922e-05,0.0144813675433397,0.004688799008727,0.0233535369883138,0.0040032921741068
0.0018250444442552,8.199192453195014e-05,0.0110123474150896,0.0009557269513607,0.0081252641692384,0.0005573284098275
0.0032076553699444,0.0001697373312476,0.1525057554244995,0.0215438082814216,0.0133998338285947,0.0171598928069974
0.0009881804635988,7.54470109542132e-05,0.0055361830163747,0.000876951534301,0.009301790616041,0.0005632729932324
0.0101390346355657,0.0002633372979105,0.1775470972061157,0.0200921213626861,0.0890691377984614,0.0233187532327161
0.0014960471951837,7.760222644126935e-05,0.0068842615000903,0.000807472905144,0.0078728827327357,0.0004714794726797
0.0015030105821952,8.985053216088138e-05,0.0124204941093921,0.0016753496229648,0.015287507223108,0.0012628798875224
0.0030095955640557,9.975918232331708e-05,0.0078759519383311,0.0038380991946905,0.0442518764493028,0.0045151858598972
0.0034891349430072,9.796430031800295e-05,0.0162628144025802,0.0017202562466263,0.0224411620658425,0.0015580990945056
0.0007352673673641,7.211584710406244e-05,0.0056089763529598,0.0007786572631448,0.0066415630908997,0.0004234423552056
0.0020668028869986,8.111348856089905e-05,0.0074025024659931,0.0009189175907522,0.0110643694281977,0.0006460611000915
0.0009220998961944,7.687908278546291e-05,0.0072024227119982,0.0009502212051302,0.0071328307540139,0.0005167510637709
0.002047378741158,9.777740819404612e-05,0.0055928598158061,0.0024815712310373,0.0298344554253114,0.0025841094913329
0.0010676671394598,7.923879199359563e-05,0.0092124724760651,0.0010690210200846,0.0078650379719179,0.000609609223311
0.0027496281040405,9.2175724277829e-05,0.0211350517347455,0.0015745831653475,0.0111210928741159,0.0010643785621329
0.0008672262929289,7.525624603022993e-05,0.0082855774089694,0.0009471545927226,0.0063640539403183,0.0005013255576626
0.0094413807528593,0.0005797930021155,0.3048990070819855,0.0956825166940689,0.491266312210577,0.126308908428734
0.0012976249428982,8.179651004669008e-05,0.0111714592203497,0.0010983068495988,0.0075418802918678,0.0006051140778979
0.0016349239653339,9.05034599169626e-05,0.0168560221791267,0.0017749243415892,0.0123546211073824,0.0012211679184176
0.0007093636021783,7.791201092116444e-05,0.0097836530767381,0.0011115488968789,0.00622866166442,0.0005678700638708
0.0006980781556763,7.774795549084744e-05,0.0093709295615553,0.0011698001995682,0.006924304499751,0.0006282177031554
0.0010167381786954,7.676087153369302e-05,0.0063360624480992,0.0008866272307932,0.0076523023835565,0.0005048511894631
0.0008437545495979,7.87988059463905e-05,0.0065098446793854,0.0010360688809305,0.0083498500836639,0.0005987556646602
0.0009958519940498,0.0001035084036351,0.0371452681720256,0.0054498294740915,0.0195628497366419,0.0041644864916546
0.0026332941161353,0.0001101328658771,0.0341978017240762,0.0043657471984624,0.0293151372457276,0.0040245314616966
0.0016109366293264,0.0001272352928537,0.0515385661274194,0.0102361906319856,0.0364558406399463,0.0093958477614807
0.0005428576614784,7.409111029758149e-05,0.0072758286260068,0.0009706692025065,0.006415961278815,0.0005015577317568
0.0019933377472035,0.0001546675305074,0.0456887390464544,0.0476039247326843,0.1462725443617505,0.0596210525964153
0.0016883714442033,8.015015672889871e-05,0.0089915911667048,0.0009551313333213,0.0088992916008001,0.0005915625108461
0.0023494204505232,7.961125429213362e-05,0.0093221180140972,0.0007082202844321,0.0064530753159671,0.0003775059654007
0.0017974895766619,8.555779844446722e-05,0.0132986530661582,0.0012145665101706,0.0094990184654358,0.0007574984094543
0.0015543833858707,9.289948976700995e-05,0.0151049606502056,0.0018557051569223,0.0147490161851579,0.0013519204296831
0.000749694551307,7.828150346241448e-05,0.0065541574731469,0.0010891103744506,0.0091804205384448,0.0006688883431603
0.0029915179749873,0.0002230911142921,0.1566377580165863,0.0324199596047401,0.0369289361560207,0.0288671538675412
0.0015989302663133,8.483463106498433e-05,0.0097332559525966,0.0012068038992583,0.0118449083965631,0.0008212235253975
0.0008720769537832,8.725571737940767e-05,0.0086846947669982,0.0020856089517474,0.0181421732989841,0.0017218972289257
0.0006554557139051,3.353759276384792e-05,,,0.006051998149458,0.0001831086398927
0.000596921823804,7.26418972895413e-05,0.0070175142027437,0.0008488705288618,0.005162816836932,0.000396485671748
0.0022600059913925,0.0001224831503954,0.0001238783806911,0.0017312897117244,0.1289915168184938,0.0096166881188087
0.0006024387332936,9.742321188520852e-05,0.0165094723924994,0.0034746142290532,0.0211492920222475,0.0028544013350313
0.0011496559950423,0.0001306960749287,0.0739885196089744,0.0179802225530147,0.0400229207023361,0.0166387735071766
0.0022173689431736,9.645973392344472e-05,0.0159282945096492,0.0019133466109633,0.0181796558880313,0.0015239790043131
0.0019916606195013,7.218358208386285e-05,0.0060963190626353,0.0004982241243124,0.0042689483874815,0.0002329127846411
0.0013747037831614,8.473655720206592e-05,0.0106842955574393,0.001262211240828,0.0103656385541097,0.0008042355224503
0.0007047655289794,8.056673615683342e-05,0.0046369596384465,0.0012162009673193,0.0117887262187418,0.0008515688100691
0.0016121539672259,8.069658797417857e-05,0.00858013657853,0.0009733255393803,0.0096849517632111,0.000627653143304
0.0014457417500567,8.189699410671245e-05,0.0116469655185937,0.0010513353534042,0.0067301039437824,0.0005581706755717
0.0014779180531858,8.897094632817626e-05,0.0189074631780385,0.0017552468925714,0.0095414517989437,0.0010591240728853
0.0006545186682882,7.559628961996238e-05,0.0062492203433066,0.0010030858684331,0.0081984156005526,0.0005891748022879
0.0009536579977802,7.172108059821155e-05,0.0054205888882279,0.0006876934505999,0.005066909932704,0.0003333705023914
0.0025521536573577,0.000110684197866,0.031507559120655,0.0050696348771452,0.0387888113085167,0.0052759660403815
0.0018232842619373,8.439327775713315e-05,0.0081351194530725,0.0010444156359881,0.0118496170663473,0.0007336635554773
0.0015052357231704,0.000109100313033,0.0323440860956907,0.0209147087018936,0.0703480433639658,0.0240673544639631
0.0017752559077101,8.685050739408407e-05,0.0106473602354526,0.0012912089377641,0.0126192096354368,0.0009125954008227
0.0014877628759653,9.921798119249876e-05,0.0138151496648788,0.003168317489326,0.0291241856583105,0.0031689400051568
0.0007956106101568,6.238413494567504e-05,0.0029119205428287,0.0004382152343168,0.0032404218193212,0.0001900921996494
0.0006860265326677,8.003894344938344e-05,0.0040850844234228,0.0012452440569177,0.0123484627094795,0.0008844364947368
0.001590999448939,7.465153436124797e-05,0.0077788583002984,0.0006622646469622,0.0046557984535279,0.0003161215574492
0.0011004619251846,8.973345180889264e-05,0.008445150218904,0.0019218058604747,0.0187429527804716,0.0016255459227374
0.0014407351464077,7.583517535177738e-05,0.0082157617434859,0.0007820023782551,0.0059119636156484,0.0004042871764505
0.0013867268719207,7.713305991147168e-05,0.0017865065601654,0.0007963952072896,0.0105475572201714,0.00053090102673
0.0032531696505018,0.0001035823729671,0.0285227373242378,0.0027318259701132,0.0230383666392797,0.0024022753247462
0.0009671395971575,9.071755888852544e-05,0.0140787502750754,0.0022478685714304,0.0163464860149216,0.0017175312897379
0.001022746213682,7.640518728004421e-05,0.0080901752226054,0.0008490396663546,0.0056867233289467,0.0004221206909372
0.0018183241964762,8.160987941123726e-05,0.007855022791773,0.0009324293863028,0.0102785447094055,0.0006213522205354
0.0022213218438384,9.460848411436398e-05,0.0138954259455204,0.0019290198013186,0.019924250909006,0.0016606306487831
0.0015361577243968,9.002943398167301e-05,0.0141293574124574,0.0017033202573657,0.01404407478098,0.0012417062230228
0.0010128472251778,6.505950722435466e-05,0.0038126071449369,0.0004501205263659,0.0036960104403927,0.0001987373028668
0.0014738836753752,7.922478716689712e-05,0.0094748688861727,0.0009422016330063,0.0073922804084115,0.0005350561886864
0.0022204902907896,8.570474309834352e-05,0.0113265300169587,0.001129177622497,0.0118002419921631,0.000790116657474
0.0008526513574705,8.135744642327747e-05,0.0101298820227384,0.0013342667371034,0.0094937753274053,0.0008102919588621
0.0059718539877606,0.0001270472213967,0.0001101959205698,0.0013975034169015,0.3968037179805522,0.0171474011613242
0.0018595495964165,0.0001155738599981,0.0326848402619361,0.0059059839695692,0.0353105246001235,0.0058281445789274
0.0006139748970489,8.099469382142092e-05,0.011979843955487,0.0013340616784989,0.0061681996607171,0.0006563428729166
0.0010939194765295,7.484294011863798e-05,0.0078334286808967,0.0008285519201308,0.0054583487645047,0.0004117471473303
0.0011089885524712,7.956384081530816e-05,0.0106651033274829,0.0009922069124877,0.0057495777467043,0.0004908512765376
0.0010467446935601,7.629278266278782e-05,0.0089702308177948,0.0009029556624591,0.0055696969958264,0.0004507071806868
0.0011413708571211,8.276605278946742e-05,0.0066660563461482,0.0012783811148256,0.0135414225815585,0.0009501190065679
0.0007890776308273,7.142573955509291e-05,0.0055540949106216,0.0007357092108577,0.005333038173565,0.0003628050332248
0.0012771178820197,7.90737312964284e-05,0.010085251647979,0.0009281565994024,0.0056528086214376,0.0004569831072051
0.0003951440642291,7.196579754859185e-05,0.0053272990044206,0.0008544923737645,0.005588985904974,0.0004112387361108
0.0016132752804892,7.613427788416972e-05,0.0070202886126935,0.0007493127975612,0.0072548919230789,0.0004309161796474
0.0035930956963321,0.00010416894171,0.0195548618212342,0.0037028307467699,0.0440088099012881,0.0042669714442902
0.0010291858862126,7.625530912014756e-05,0.010242118500173,0.0009487709589302,0.0046761946049926,0.0004485227423251
0.0015820857874027,7.99090056835467e-05,0.0087809842079877,0.0009673925489187,0.0088921998100902,0.0005988936562923
0.001070298328884,7.659398829930699e-05,0.006687190849334,0.0008792498521506,0.007567713603763,0.00050116303217
0.00085549824807,8.256457881090028e-05,0.0099419774487614,0.0012699896469712,0.008510753585207,0.0007160295486032
0.0017531587254739,9.075384311246468e-05,0.022051696665585,0.0016817366704344,0.0071717583112846,0.0009049938298569
0.0010071676313832,6.704810582943733e-05,0.0057978159748017,0.0005546861793845,0.003095655382905,0.0002365683842502
0.000143028179157,9.848893522671192e-05,0.007640310563147,0.0021289829351007,0.0137289484043122,0.0014639796987016
0.0012601948549123,7.987473677890282e-05,0.0075826300308108,0.0010675801429897,0.0102088612018277,0.0006996085081211
0.0018955264765368,0.0001041545920224,0.0098875416442751,0.0044365315604954,0.0413973137311537,0.0050525481952021
0.00077861495668,8.690863263241099e-05,0.0162994414567947,0.0018989586643874,0.009301340012617,0.0011066518543602
0.0082778275908304,0.0001584016639385,0.0896919146180152,0.0077161528170108,0.0490852500510781,0.0078285679622028
0.0008356181702649,3.340720143914927e-05,,,0.0024688229543524,8.561861714612693e-05
0.0014602127601553,7.334271953531209e-05,0.0078760236501693,0.0006721924524754,0.0045416767898639,0.0003193991216384
0.0032931588627445,0.0001316030393322,0.0464602373540401,0.012762354388833,0.0722549390290922,0.0150364563088122
0.0013144731622517,7.522701735932186e-05,0.0081721637398004,0.0007731487136334,0.0055783828981466,0.0003885715887214
0.001378318513589,8.120128481993059e-05,0.0113065708428621,0.0010071847215294,0.0059759837544371,0.0005109654699363
0.0013463865840859,8.98090314714673e-05,0.0110315554775297,0.0018353752046823,0.0169398255533554,0.0014741021918294
0.0013417967383579,6.301241373445326e-05,0.0034081756602972,0.0003847952466458,0.003094062517934,0.0001689640397491
0.0005466789960719,7.937401683918597e-05,0.0055274672340601,0.0013268373440951,0.0116580448792445,0.0009191756795813
0.0009262444423598,7.416261474622898e-05,0.0077678507659584,0.0008055144455283,0.0050849390562224,0.0003885739550693
0.0022086115142074,0.0001033488197769,0.0265528708696365,0.0030425225198268,0.0213948699817,0.0025495653805984
0.0011601719472113,9.29720584115334e-05,0.0047343545593321,0.002218916430138,0.0234776260994487,0.0020593899819973
0.0010509781909176,8.029129531874181e-05,0.0053148767910897,0.0010836650524288,0.0114953285375678,0.0007467970223903
0.0016616992273555,8.213314493737641e-05,0.0099054654128849,0.0010590856522321,0.0100586284789549,0.0006950680031722
0.0021499899174247,8.542106284342797e-05,0.0111074605956673,0.0012196993641555,0.0135969120812793,0.0009190721586579
0.0008548987122438,7.435447286284654e-05,0.0042525024618953,0.0007896240893751,0.0075006294523555,0.0004469711705793
0.000954045374689,8.151046673312407e-05,0.0079667447134852,0.0012154732458293,0.0116591015760065,0.000828521886498
0.0013502147388547,7.982625998745265e-05,0.0084125138819217,0.001018487997353,0.0090332776676226,0.0006256250289713
0.001042015956125,9.199506640469412e-05,0.0174630181863904,0.0023015984334051,0.0154361039019593,0.0016792985230546
0.001680191171351,7.896297320083515e-05,0.0112611223012208,0.0008553020283579,0.0060100505519349,0.0004309380932989
0.0020643828857729,9.246010888896288e-05,0.019054789096117,0.0016802277788519,0.0125744657127415,0.001131880441954
0.0034722708033665,9.752552417855625e-05,0.0265371147543191,0.0018961519747972,0.0151124446196068,0.0014396589002111
0.0041025320794281,0.0001382866069562,0.0875744074583053,0.0090299025177955,0.0247361596494855,0.0076370382968316
0.0007871585521229,7.345965301976468e-05,0.0055024847388267,0.0008494431804865,0.0067968766620387,0.0004599585223056
0.0015205425640467,8.807872675892269e-05,0.0058001016732305,0.0016460766270756,0.0198361157805342,0.0014773060275066
0.0018179261526012,7.414710323973284e-05,0.0063623944297432,0.0005905282218009,0.0053814320293273,0.000302117011559
0.0029654737446564,0.0001014294101135,0.0222049709409475,0.0023668363317847,0.022956538145451,0.0021146519496552
0.0024681488529609,0.0001432681395843,0.0811096727848053,0.0102538655698299,0.0215849738544261,0.0079284227870781
0.001880261821415,8.054794136688487e-05,0.0067649758420884,0.0008703714702278,0.0102739720366307,0.0005788923404113
0.0009894733117232,7.741315509514888e-05,0.005987501470372,0.0008975513651967,0.0083938632490961,0.0005298314011856
0.0019976181262464,8.694304742458674e-05,0.014044351875782,0.0011349199339747,0.0082515890712055,0.0006521667674207
0.0023776355599646,9.48103202509528e-05,0.0203310092911124,0.001848567277193,0.0146995445530972,0.0013383223788535
0.0015185378069246,8.534604297487716e-05,0.0082496721297502,0.001281459769234,0.0132875143519651,0.0009367557228422
0.0006858225224429,7.475229186440068e-05,0.0087674101814627,0.000950474590063,0.0051180257686068,0.0004544275783375
0.0015406873024674,9.354086780446397e-05,0.0264866724610328,0.0028099116683006,0.0136906149273104,0.0019178139583536
0.0015765500962979,9.048304213442391e-05,0.0174135528504848,0.0017924639582633,0.012033448757006,0.0012151838142817
0.0046339710640248,0.0001148198423846,0.036743139848113,0.0062326794117689,0.0539634011214778,0.0071345308344938
0.0008161437050763,8.059644988088477e-05,0.0075463806279003,0.0012199722509831,0.0097071863675794,0.0007595140301951
0.0006810050666117,8.088252077498802e-05,0.0082752043381333,0.0013813702389597,0.0109856552658812,0.0009128007381738
0.0006563766492307,9.56349933974544e-05,0.0134985018521547,0.0031496233493089,0.0222428548535175,0.0027248134477544
0.0021653332928213,0.0001006152217725,0.0217776233330369,0.0031767271086573,0.0267223062117917,0.0029343147371085
0.0008122621443083,6.224847188849875e-05,0.0028699568938463,0.0004474748531356,0.0034261125890966,0.0001968827569837
0.0001698461171361,9.129165266079332e-05,0.003507187240757,0.0013165834685787,0.0093760862355265,0.0007354368476806
0.0014104071614557,8.419791685943196e-05,0.0103935520164668,0.0013228033483028,0.0113741470424911,0.0008724071059438
0.0016521500573856,8.737665400650619e-05,0.0096821151673793,0.0014342285692691,0.0150743826833001,0.0010947078354232
0.0009769584739704,9.247079896183884e-05,0.0206630025058984,0.0023669931292533,0.0114430735000507,0.0014708751822618
0.0010134019487299,7.574642347662661e-05,0.0073367108125239,0.0008742374181747,0.0065430949096639,0.0004623502201093
0.0008120159516863,8.015384014298417e-05,0.0121856061741709,0.0011738874576985,0.0049562716057707,0.0005537207627639
0.0015023504835657,8.961868665022655e-05,0.0091547113843262,0.0016238696407526,0.0174415148939514,0.0013167692101663
0.001761164194497,0.000109133516532,0.0361825283616781,0.0043881858885288,0.0206966359500191,0.003497731560778
0.0003096784435472,6.68195573015752e-05,0.0025705262087285,0.0006556093343533,0.005151076215122,0.0003190635172854
0.0025351743070433,8.597860726204014e-05,0.0119162034243345,0.0011070879921317,0.0121073114526786,0.0007887270037675
0.0008277461679457,8.694410189885962e-05,0.0086883716285228,0.0018095357064157,0.0161806322222411,0.0014329987277428
0.001329350603737,8.502198995531218e-05,0.0065841656178236,0.0013407082483172,0.0150353896208033,0.0010621602151836
0.0011610489943442,7.762255765980121e-05,0.0078491731546819,0.0009092581458389,0.0071410114274446,0.0005007917422018
0.0021066197015122,8.488800826171638e-05,0.0107542313635349,0.0011199859343469,0.0117020367384785,0.0007786556999139
0.0015996078083724,9.847803110061788e-05,0.025433886796236,0.0027230024337768,0.0143031622300096,0.0018868705588353
0.00143563954283,7.872378975839014e-05,0.0074562109075486,0.000885855872184,0.0083151146342038,0.0005308277334084
0.0013547484977699,7.895128924073299e-05,0.0084417038597166,0.0009229512419551,0.0075768902286249,0.0005255452741093
0.0009554370313785,7.324584888273407e-05,0.0060247289948165,0.0007602302357554,0.0058365612071692,0.0003870660927623
0.0006344548190249,7.618066113174388e-05,0.0089874458499252,0.0009881393052637,0.0067138663541994,0.0005045796941003
0.0012820945895458,0.0001036867329816,0.0210107136517763,0.0036366984993219,0.0251650298447933,0.0032511931360473
0.0007944688099671,8.37239688165133e-05,0.0113546219654381,0.0015417730435729,0.0099220652688068,0.0009603469971091
0.0022739567760735,8.371021514391123e-05,0.0132086211815476,0.0009336969070136,0.0068583282706457,0.0005117591756817
0.0030749149888545,0.0001008455019262,0.0225635627284646,0.0023143101856112,0.0224447378805395,0.002061347722411
0.0057569800833848,0.0002920537111088,0.1301894038915634,0.0459996758401393,0.1470195124683785,0.0561987923764673
0.003131305544167,0.0001853953234776,0.002098127733916,0.0247843129396824,0.2567739875853294,0.0395512180132318
0.0011006289227491,7.399194986380505e-05,0.0045395826455205,0.0007468309113755,0.0075174740419233,0.0004291661338663
0.0007432128827096,8.035345975119092e-05,0.0069443546235561,0.0012948898039758,0.0112958222849444,0.0008731103192793
0.0012103555186112,8.087345112814935e-05,0.004257334396243,0.001144455038011,0.013773949361355,0.0008759293378192
0.0038406016908391,0.0001153164585922,0.0545708872377872,0.0042805429548025,0.0194123327800198,0.0033562494476024
0.0009230253515741,7.653303359911865e-05,0.0052261985838413,0.0009122623503208,0.0095142773298755,0.0005750059992099
0.0017589178434194,8.695621939524547e-05,0.0117015270516276,0.0013116679526865,0.0123048099361218,0.0009139106369658
0.000537609375886,2.8189064358989357e-05,,,0.0023505316223843,8.661230196049829e-05
0.0010519189234381,7.96101163970137e-05,0.0091474670916795,0.0011352520808577,0.0087249670077358,0.0006774897550718
0.0015643206449404,9.930739973844816e-05,0.035074807703495,0.0122352245450019,0.0550148647185593,0.014032023523868
0.0010898905350188,8.798940176231928e-05,0.0120596103370189,0.0017889727652072,0.0137318940995329,0.0012921645224523
0.0013319005386451,7.821533635980716e-05,0.0098603875376284,0.0009197871945798,0.0060298718893738,0.0004784991759082
0.001390045719251,0.0001135222719949,0.0562131442129612,0.0100479924678802,0.0281500735335127,0.0086351332222195
0.0004529947184746,6.843589908461594e-05,0.0045897895470261,0.0006851663347333,0.0049006440690855,0.0003185657138327
0.001368911346641,6.629539339122743e-05,0.0048628710210323,0.0004320765845477,0.0026402536443904,0.0001751978026613
0.0011060659935126,7.758506879943254e-05,0.0084826960228383,0.0009188187401741,0.0065225806674628,0.0004796615967452
0.0014037092788071,7.905146066486488e-05,0.0104897180572152,0.0009023820795118,0.0054350699297669,0.0004427944485637
0.0029036297143357,8.666820096295963e-05,0.013014668598771,0.0010953752882778,0.0122663935009443,0.0007939558167798
0.0018230103821086,8.237915542175711e-05,0.011719083879143,0.0009945824928581,0.007718115869574,0.0005624965500407
0.0017096961789353,8.030449901745259e-05,0.0065935396123677,0.0008108399156481,0.0092376983988375,0.0005074163015866
0.0011491335984393,8.73089512545579e-05,0.0096749425865709,0.0014566120132803,0.0127167611968302,0.0010006987603931
0.0008955960715213,8.570807524287149e-05,0.0159297417849302,0.0017696686461567,0.0093045327690712,0.0010315106054712
0.0025303399689244,9.823990531634616e-05,0.024115121923387,0.0021628043428063,0.0164334289029454,0.0016618068415839
0.0079340572022507,0.0002442510621823,0.1487338840961456,0.0179605337977409,0.0830179816971524,0.020683545494427
0.001346655991251,9.15184312608782e-05,0.0095594595186412,0.0019405045080929,0.0197410828837525,0.0016618554559815
0.0025652586540528,9.372030110001844e-05,0.0170065565034747,0.0016369887255132,0.0154321618019841,0.0012643840688437
0.0013066172844146,7.886363485809598e-05,0.0085197640582919,0.0009776869602501,0.0083166305475338,0.000577745940022
0.0008594818225206,7.38136925323657e-05,0.007937017828226,0.0008148842304944,0.0044724375391829,0.0003690910779206
0.0009151885247706,8.10696338353809e-05,0.0082492465153336,0.001340659931302,0.011268585257252,0.0009043388591938
0.0020505014985495,7.958349564520656e-05,0.0069745411165058,0.0007301546726375,0.0082000729507721,0.0004423606997023
0.0016327929296102,7.16549827238888e-05,0.0069471476599574,0.0005750844068825,0.0043800160116408,0.0002694315628837
0.0011858525196479,8.061899084800019e-05,0.0089735775254666,0.0010696773417294,0.008499187039569,0.0006362848009504
0.0019030966177771,8.676314280484836e-05,0.0104170236736536,0.0012882258743047,0.0134209609639842,0.0009505565905449
0.0027373818230445,0.0001019821418237,0.0279793068766593,0.0037331368029117,0.0307253310339112,0.0036974475933214
0.0060509513344212,0.0001570713030987,0.1032421290874481,0.010119555145502,0.0423513653904381,0.0097047882869826
0.002022884282707,8.084655348028708e-05,0.0090922992676496,0.0008261261694133,0.007566455858089,0.0004747170084158
0.0030929714019595,0.0001074723120389,0.032967971637845,0.0040651607140898,0.0330604178159458,0.0040788426107973
0.0017814231722566,9.148825936418272e-05,0.0154054486192762,0.0015960790216922,0.0128975937001112,0.0010996444543279
0.0007939031058372,6.679464672919603e-05,0.0037161288782954,0.0004899101890623,0.0049424572562311,0.0002339383290215
0.001080891589827,7.907394824516385e-05,0.007799775339663,0.0009712641406804,0.0082391004658446,0.0005646783137945
0.0021562094638404,8.795665467452177e-05,0.0110123362392187,0.0011824503913521,0.012784389789598,0.0008427032556997
0.0016882058133721,9.982124077995494e-05,0.0129097918979823,0.0039260637015104,0.0354894694649159,0.0042696268312284
0.0025903440046722,0.0001032801901273,0.0260336808860301,0.003611471503973,0.0303189792233978,0.0035849545301092
0.002754438547492,0.0001200497136426,0.0583326481282711,0.0085196569561958,0.0373385772808649,0.0083561596195765
0.0013006064038158,8.664067478635312e-05,0.0107920807786285,0.0015676407888531,0.0142280642281695,0.0011734465316002
0.0026447471564495,0.0001044402127412,0.0228966763243079,0.0036937763914465,0.0332463619934817,0.0037256054295642
0.0006937609081552,7.243613535426897e-05,0.0087808780372142,0.0008613914251327,0.0038071630626828,0.0003791370953969
0.0033689479990556,0.0001113866524636,0.0363547913730144,0.0044687213748693,0.0352828537419715,0.0045021391409432
0.000834862903943,7.019722788540687e-05,0.0047457846812903,0.0007005117367953,0.0056745373169314,0.00036004808372
0.0012058846232055,9.34880577519552e-05,0.0078197480179369,0.0024392090924084,0.0244951539094846,0.0022780878243085
0.0009748695354649,8.27447633255146e-05,0.0106548736803233,0.0013363716378808,0.0094474610925763,0.0008130755637807
0.0010358268250991,9.924851339962004e-05,0.0087213208898901,0.0062338215694762,0.0380891429617114,0.0061467893432884
0.0007920229246495,7.138626059178242e-05,0.0040463665500283,0.0007024088921025,0.0074618578383222,0.0004052670621016
0.0011339573467059,7.84405502531429e-05,0.0062663508579134,0.0009722562972456,0.009598436812443,0.0006172314748888
0.0014833887907627,7.858657118472849e-05,0.0055499630980193,0.0008568570483475,0.0094526779378518,0.0005461184211483
0.0016546936338979,8.041922953083247e-05,0.0088818315416574,0.0009493640810251,0.0090342867654313,0.0005902074366458
0.0008248687995205,8.432239980027682e-05,0.0109465178102254,0.0018934950605034,0.0138816984318265,0.0013767134279226
0.0014333910031032,0.0001073887600507,0.0002856996725313,0.003932982969045,0.0903021120705769,0.0084653335216475
0.002423860555616,0.0001364651394227,0.0595517084002494,0.0122176191210746,0.0553808290439076,0.0128939530420402
0.0012792017351623,7.480437912219754e-05,0.0066231410019099,0.0007784831989556,0.0070936778950312,0.0004372648373663
0.0013226835524178,7.320969836331344e-05,0.0046021020971238,0.0006664672400802,0.007349838235098,0.0003850291295575
0.0011038395228452,9.21965469045953e-05,0.0117705380544066,0.0021668302454054,0.0185675175451649,0.0017828202624901
0.0076887196412128,0.0002278158914283,0.1536047905683517,0.0188071352243423,0.07294148457115,0.0195202153270226
0.0014216056181473,7.907602992917066e-05,0.0093343006446957,0.0009289949387311,0.0072943859078931,0.0005118439199514
0.0017910098851726,8.425281063670939e-05,0.0075232787057757,0.0010755954030901,0.0125854370448024,0.0007747030103049
0.0007162418471174,7.943078380544494e-05,0.0088242879137396,0.0012083752267062,0.0082242464191692,0.0006846602517842
0.0018748206167416,8.612757919248225e-05,0.0101327779702842,0.0011358149349689,0.0114157245014873,0.0007707151246698
0.010487932201256,0.0006749902069256,0.1368881464004516,0.1146011333912611,0.4870652739296724,0.1263709880533969
0.0022217677076164,0.0001111261830883,0.0355184227228164,0.0051469971984624,0.0316214588470089,0.0048343414652909
0.0016605837428312,9.026833329900614e-05,0.0166588192805647,0.0015245000831782,0.0095914529126939,0.0009254546614992
0.0032770247441814,8.950310556400795e-05,0.0149907944723963,0.0011210830882191,0.0125394120302798,0.0008027823128081
0.0023476726963402,0.0001014354405781,0.0204969681799411,0.0026891928166151,0.0245982831615513,0.0024448279910965
0.0017757099470844,9.575200483085658e-05,0.0262846238911151,0.002586107738316,0.0141997328778758,0.00182622767911
0.0014699134938516,8.14615667669267e-05,0.0070240125060081,0.0010567525401711,0.0115121400345299,0.0007403143350856
0.0012560871858715,8.113751809102408e-05,0.0091845476999878,0.0010524366423487,0.0082649158714669,0.0006090501668053
0.0020978509414056,8.477627594393562e-05,0.0145662906579673,0.0010605363547801,0.0071105913897503,0.0005917918743354
0.0009392040277782,7.877419790368973e-05,0.0066574583761394,0.0011435593292117,0.0103671662538471,0.0007523918849527
0.000868109366492,7.741706154352416e-05,0.0099427523091435,0.0011734465323388,0.0077487700487859,0.0006751788032257
0.0066617512768104,0.0002444934438002,0.1272784620523452,0.022240637987852,0.1002563206858471,0.0250236857232497
0.0039653327859508,0.0003027861359883,0.1061363294720649,0.0765512408688664,0.183519042600875,0.0945983595729189
0.0011510661695626,7.991217791750486e-05,0.0077132903970777,0.0009918811265379,0.0088821197117634,0.0005939889150866
0.0015013927657271,7.256290943944452e-05,0.0055089243687689,0.0006309017818421,0.0058643592225249,0.0003294218564267
0.0024997368650918,0.0001209344797647,0.0458675604313612,0.0094635770469903,0.049364179917083,0.0102889271381504
0.000438053623567,8.206086019790391e-05,0.0099640572443604,0.0014373021200299,0.0081912331451698,0.0007892698675626
0.0024293425090713,0.000134670461819,0.0728851109743118,0.0121404340118169,0.0386831525120776,0.0113456540370857
0.0010171709177204,7.98210291907131e-05,0.0106731131672859,0.0011462196707725,0.0070483090660783,0.0006253542045271
0.0013535850971605,0.000103209513133,0.0143079776316881,0.0086653213668614,0.0484731492718926,0.0098881735447923
0.0008160201427371,7.60805537317825e-05,0.0042347447015345,0.000945511390455,0.0098578139351024,0.0006074320381232
0.0022149468354036,9.137348620199844e-05,0.0147743341512978,0.0015210010297596,0.0148203157905292,0.0011475808433504
0.0005414082049974,7.860521529949268e-05,0.009859250858426,0.0011855047754943,0.0061991072476896,0.0005933333460367
0.0039759024093994,0.0001244241385573,0.0746493861079216,0.0088744913041591,0.0364221133816483,0.0085802689098168
0.0010136566060931,9.062572554464454e-05,0.0107827452011406,0.0020911592058837,0.0182502419624274,0.0016990652168951
0.0034913571195973,0.0001700113783503,0.1478883028030395,0.0251851962506771,0.0332824483465672,0.0223482246472454
0.0035766766581926,0.0001105678990278,0.0378911755979061,0.0039656078070402,0.0303188785856109,0.0037958932171866
0.0057489578064476,0.0001516356379833,0.0159853352233767,0.0228790424681938,0.1622957482593586,0.0302792465547658
0.0028499981227353,9.086578273212032e-05,0.01692571118474,0.0012479927018284,0.0105079054788264,0.0008210678904201
0.0032549244256154,0.0001289205417144,0.0770642757415771,0.010886750370264,0.0390235040673475,0.0105921741760588
0.0047553523543744,0.0001415501731525,0.0894185677170753,0.0085810348391532,0.0313721309966876,0.0074998704802462
0.0017022890320665,0.0001159776853786,0.0992365553975105,0.0169635283946991,0.0159780456373579,0.01415519405907
0.0029016919373077,9.66298531996446e-05,0.0307127367705106,0.0028183992952108,0.0191148347890164,0.0023152644019519
0.0006850210563273,6.616688853981582e-05,0.0034717853413894,0.0005430238181725,0.0043396446194551,0.0002485041617685
0.0086024796792123,0.0003361221992038,0.0410924926400184,0.0494634385941026,0.2966152072168186,0.0647062310073741
0.0047214616639802,0.000148991159766,0.0001037357651512,0.0015675437997924,0.3082961390327525,0.0174430962309093
0.005438049154516,0.0001487995310668,0.000126264130813,0.0018014345584469,0.3684558921025123,0.0189872714076182
0.0040419640296643,0.0001609765103008,0.000783627590863,0.014941110445161,0.3857555530493319,0.0343787679641454
0.003428583739501,0.0001003461562173,0.0257436316460371,0.002378060221672,0.0232322621086241,0.0021377254198425
0.0023613068000475,9.6356108747208e-05,0.0228761648759245,0.0020149565115571,0.014474733790283,0.0014606527585316
0.0017071554805626,8.621757722774019e-05,0.0077428547665476,0.0013695791177451,0.0163916977673287,0.0011399985567604
0.0023625226653266,0.0001216294717948,0.0004551865422399,0.0056088913631174,0.1131051839375981,0.0105816552969813
0.00260200559305,9.680637623611568e-05,0.0181710580363869,0.0023064769059419,0.0233198786351672,0.0021270930285946
0.0016704990875672,9.388818089465156e-05,0.0143383019603788,0.0020169643685221,0.0181346898368875,0.0016344057108336
0.0023223966420778,9.306423471610755e-05,0.0178689043968915,0.0015816742181777,0.0125665257540172,0.0010913111015881
0.0019871071771082,0.0001295804663069,0.0069818850606679,0.0184635948953655,0.1227643624542598,0.0252337699864502
0.0022824247460429,0.0001017784821517,0.0188596416264772,0.0031832820177078,0.0293632956000022,0.0031646895364963
0.0038073066169511,0.000144103735542,0.0684626400470733,0.0156697491556406,0.0772163311489235,0.017916376775448
0.0015091471842048,9.706961731920614e-05,0.0083464244380593,0.0032861009892076,0.0316492167432469,0.0034792477539253
0.0033857115701611,0.0001638971091569,0.1076805517077446,0.0143651887774467,0.0314439555505147,0.012217573294558
0.0024260188032078,9.170648304357648e-05,0.0238196104764938,0.0016476666927337,0.008935018921781,0.0010043906077384
0.0027675693405591,9.232816808028886e-05,0.0159734971821308,0.0014749409817159,0.0156678962979058,0.0011526009462858
0.0017447502592975,7.823747017110636e-05,0.0089711714535951,0.0007810619287192,0.0062511301836442,0.0004096737641264
0.0011663979169541,8.590210535706043e-05,0.0121857384219765,0.001515828538686,0.0110228477279753,0.0009826787577408
0.0009095081227133,9.878677476139916e-05,0.0185802159830927,0.0035510871373116,0.0222270773871491,0.0030262401203614
0.0028984810290594,9.48165272820498e-05,0.0176586611196398,0.0017775166779756,0.0187192095159471,0.0014999875361803
0.0017702620046342,8.731127365298359e-05,0.01728006452322,0.0012077399715781,0.004845604266142,0.0005635767289529
0.0026480998673,0.0001105008154248,0.0429374650120735,0.0044352373480796,0.0224843891685611,0.0036386398753721
0.0021341662911566,9.400791043677774e-05,0.0216876994818449,0.0017950363457202,0.0113654799530906,0.0011500774220477
0.0016170689301108,8.76113302951593e-05,0.0111107002012431,0.0014010587148368,0.0126744312210493,0.0009776825540132
0.0023681989800008,9.357764254343304e-05,0.0143069643527269,0.0015847431123256,0.0167997341274636,0.0012724062966922
0.0033914804374592,9.672596059489287e-05,0.0224499497562646,0.0017868079617619,0.017072168776306,0.0014252543871166
0.0009918109114443,8.549014001972099e-05,0.0126528874970972,0.001587979812175,0.0107675677418818,0.0010267175087436
0.0017389590383206,7.937287932582317e-05,0.0072298978921025,0.0008204625174403,0.0085265020388801,0.00049690162935
0.0019516374730385,9.576660595690244e-05,0.0212354827672243,0.0023353586345911,0.0170001284405575,0.0018009714750569
0.001766446284251,9.486929893523554e-05,0.0303298346698284,0.0026185356453061,0.010328202657369,0.0015930015845589
0.0019331284938407,8.817228130974988e-05,0.0132178841158747,0.0013305512070655,0.012251838194366,0.0009171042819338
0.0016198435814368,8.748097728097904e-05,0.0121588087640702,0.0017123609781265,0.0159715957525317,0.0013578123822455
0.00325961154848,9.07730254468297e-05,0.0119394194334745,0.0011612366139888,0.0156939025526644,0.0009271183582459
0.0018640217727887,0.0001018146401808,0.0237389244139194,0.0030673252046108,0.0222897756350078,0.0026190195246869
0.0013552457248338,9.1743622733657e-05,0.0153504014015197,0.0021228191815316,0.0165682200720627,0.0016443291950045
0.0015032930047736,9.511093469547384e-05,0.0234866589307785,0.0031983964145183,0.0193187695575848,0.0026090936651016
0.0035891943141173,0.0002079343876331,0.1374541819095611,0.0308128595352172,0.080165116221679,0.0337782426701348
0.0116367667153647,0.0004329708515175,0.0424218773841857,0.0330881377030164,0.5817183510107559,0.0524466554898276
0.0084016557770302,0.0001498503751272,0.0430956929922103,0.0106278788298368,0.1040975942917324,0.0135290844614216
0.0018510420712705,0.0001170076280093,0.046390226110816,0.0066806466132402,0.0292723770660742,0.0058877994675797
0.0052290026041674,0.000154342084011,0.0008331165881827,0.0126895710421376,0.2260445820810205,0.0205657166701544
0.0013266520843584,9.919781630412008e-05,0.0181384226307272,0.0036745501495897,0.0268539730762828,0.003449270422762
0.0042475605840965,0.0001355106722605,0.0636466816067695,0.0090390423685312,0.0494286370595948,0.009500576991162
0.0042267417385187,0.0001257899378403,0.0626336559653282,0.0049361493438482,0.0193319857469453,0.0037421194920006
0.0026367964070993,0.0001249480935675,0.0725506767630577,0.0108950761705636,0.0376561248576211,0.0102663450704899
0.0015163080948931,9.367954516969168e-05,0.0158462785184383,0.0026706848479807,0.0223252101090954,0.0024035680216517
0.0024067436713912,9.692693473979665e-05,0.0275069326162338,0.0025357812270522,0.0164218111317672,0.0019315446697325
0.0011181348594501,9.860434474191272e-05,0.0132274129427969,0.0038892306946218,0.032096712182297,0.0040508871743702
0.0019761265252554,9.4091081895033e-05,0.0215390268713235,0.0019694859534502,0.0126589085224117,0.001353259256774
0.0022273544263943,9.54525020498186e-05,0.0194564051926136,0.0021898783743381,0.017847071575284,0.0017537068205955
0.0012671684046147,9.185906255532454e-05,0.0175540661439299,0.0024366668611764,0.0173733314333857,0.0019042908690755
0.0008748015804795,7.492229771420577e-05,0.0066273999400436,0.0008750433288514,0.007086301870572,0.0004784829831976
0.0028179400605889,0.0001075130183984,0.0345175750553607,0.0036136543005704,0.0241751801460832,0.0031703557884221
0.0015127130029457,7.579516637197113e-05,0.0067609697580337,0.0007171157095581,0.0065682937955108,0.0003909261230757
0.0010035842491482,7.569163342323933e-05,0.0085765933617949,0.0008913874905556,0.0057569288383785,0.0004507610445689
0.0012520825541273,8.505397141719958e-05,0.0093307252973318,0.0013017585873603,0.0112985136657578,0.0008674202044116
0.001818511628052,7.301831161998394e-05,0.0063892896287143,0.0005640865117311,0.0048522962256446,0.0002784934788015
0.0014733482119288,7.87604046739237e-05,0.0082344347611069,0.0008587611187249,0.0073054837171726,0.0004789998080987
0.0008363415388391,6.536434877648409e-05,0.0036307630361989,0.0005045608151704,0.0039065376639853,0.0002227092962278
0.0003320961781495,5.8735130396974766e-05,0.0033062440343201,0.0004463677108287,0.0018365845880161,0.0001662611309226
0.000116354104088,6.70430204446639e-05,0.0022997909691184,0.0004435184085741,0.0018677390662259,0.0001466055239724
0.0015857970679125,7.923665504664247e-05,0.0085193547420203,0.0008200058434158,0.0069168863162189,0.0004468564797682
0.0009594832631049,7.459159657375236e-05,0.0061933964025229,0.0008780556451529,0.0073973365505543,0.0004977660535403
0.0029250311151044,0.0001069104562089,0.0395880099385976,0.0073402175307273,0.047225846354881,0.0081904560038601
0.001041606299028,6.355809469856867e-05,0.0039166957139968,0.0004239289555698,0.002756414129885,0.0001719012396899
0.0008458423985523,6.647455929031237e-05,0.0064272682648152,0.0005674897693097,0.0026222106945093,0.0002223783384393
0.0018690270245373,8.74637416022556e-05,0.0082254689186811,0.0013986711204051,0.017025130130741,0.0011659655718486
0.0010948199715797,8.113793653864308e-05,0.0087114442139863,0.0012191251013427,0.0101522683130384,0.0007822243339688
0.0006553370123992,7.573461762671436e-05,0.0063387602567672,0.001011946266517,0.0075378722333431,0.0005653570839342
0.0006737245364277,7.10405241360157e-05,0.0018633438739925,0.0006803564727306,0.0068976935116245,0.0003741380357321
0.0013562159922677,7.135796409858501e-05,0.0057465813588351,0.0005975004658102,0.0049736527035399,0.0002927476064032
0.0009973377112751,7.767955784831614e-05,0.0042056897655129,0.00100835012272,0.0111682094912995,0.0007011770613601
0.0007905189738874,6.0146678999336645e-05,0.0022683921270072,0.0003658459940925,0.0028715913570026,0.0001506219145806
0.0006478249241217,7.1377461895106e-05,0.0076581952162086,0.0007844594027847,0.0038265628093929,0.0003382678861588
0.0004511700385953,2.416233073518825e-05,,,0.0006491652340946,2.9769575332100828e-05
0.0021756010427048,0.0001122524241292,0.0362048670649528,0.0092555707693099,0.0541069251118834,0.0106291746829076
0.0008734185739997,6.84197188402175e-05,0.0052874088287353,0.0005827944818884,0.0035824757171545,0.0002456203315873
0.0011060051654744,7.657615305267673e-05,0.0084478398784995,0.0009018405061215,0.0062985763669136,0.0004759695590041
0.0003634951545246,9.951364425099464e-05,0.0131132248789072,0.0038628116250038,0.0241819718367259,0.0033871466262705
0.0009973205786647,8.474589057443321e-05,0.0134920300915837,0.0014697630703449,0.0083354117345135,0.0008224871642753
0.0007782114923046,7.286478229384425e-05,0.0078796735033392,0.0008246500324457,0.0045153817681223,0.0003790041175213
0.0011640856063424,9.357322208137e-05,0.0168267805129289,0.0024779762886464,0.0174460173016048,0.0019358041685944
0.0026386410027269,0.000100361766932,0.0260967127978801,0.0026927668973803,0.021030680870646,0.0023031550106516
0.0022086509699118,8.860829283611604e-05,0.0131804128177464,0.0014017098583281,0.0138945986548021,0.0010390586570806
0.0012239123611965,6.647962628146065e-05,0.0042058571707457,0.0004539045551791,0.0035232334932939,0.0001974980935851
0.0009440159619394,8.045162848584956e-05,0.009530053474009,0.0011517261713743,0.0080750078344342,0.0006554734440363
0.005185951151058,0.0001580495346422,0.1013135910034179,0.0143397307395935,0.0632007695009061,0.0152950744593623
0.0028059314144491,9.743887616173045e-05,0.0278130732476711,0.0024732311442494,0.0174147543091147,0.0019653986772431
0.0023002985087221,8.206568613693815e-05,0.0101516684517264,0.0008520013652741,0.0084673913921259,0.0005292286805735
0.0014858549575885,8.669757259083884e-05,0.0103068714961409,0.0013826107606291,0.0129812871662603,0.0009809378146928
0.0015565075425285,8.526260516811095e-05,0.0145783107727766,0.0012664653547108,0.0080988916292015,0.0007209340722136
0.0015522493792203,8.904117483280729e-05,0.0152470162138342,0.0018058861233294,0.0136176407454316,0.001303777180143
0.0026847727055075,0.0001160044037462,0.0414801910519599,0.0058882416039705,0.035854940574444,0.005747857384537
0.003334260620492,0.0001257720636516,0.0689563006162643,0.0103709818422794,0.0432492502848955,0.0105266860311533
0.0008609629735056,9.17846828384875e-05,0.0182936498895287,0.0024126317724585,0.0126253508070519,0.0015789227571022
0.0027652972244505,9.728909813319772e-05,0.0188280250877141,0.0019030189141631,0.0189244707086793,0.0015750856286851
0.0020532192359963,9.867594741871846e-05,0.0267690662294626,0.0033342493698,0.0229340904791015,0.0028605610203726
0.0020382975779623,9.404752345484444e-05,0.0215793186798691,0.0022968809306621,0.0168531428729426,0.001765976887829
0.0018118379776662,9.302150880205908e-05,0.0167854707688093,0.0018610297515988,0.0150867516112929,0.0013789989211286
0.0006421068611135,9.011439524479096e-05,0.0127215227112174,0.0022190348245203,0.0145169504352228,0.0015511378790576
0.0020668655180282,7.599908896123659e-05,0.0070517088752239,0.0006104450300335,0.0059338806670001,0.0003212245369621
0.0016687835027476,8.148943893989584e-05,0.0070387232117354,0.0009456367418169,0.0102812592097105,0.0006285861009205
0.0019325262855347,8.086269673380836e-05,0.0090712942183017,0.0008911664783954,0.0085841149052389,0.000534396168001
0.000692681546872,8.089127766573116e-05,0.0082165459170937,0.0012160403653979,0.0091559805159096,0.0007206393032293
0.0018821234317067,9.641190033455585e-05,0.0188041664659976,0.0022657895460724,0.0176209892404332,0.0017871992936567
0.0038243407951358,0.0001014566344417,0.0290609989315271,0.0020560671016573,0.017136154462519,0.0016153887957045
0.0033367367605029,0.0001044044957105,0.0334375277161598,0.0031145995482802,0.0233733154866948,0.0026955654594853
0.0028333221655393,0.0001122068035422,0.0492794513702392,0.0058945569396018,0.0294122690296857,0.0052931949030986
0.0043946791109111,0.0001140321893322,0.0458667986094951,0.0055291561037302,0.0398285428969322,0.0056791792575163
0.0020055978571184,9.268475340097528e-05,0.0157292131334543,0.0016195509023964,0.0138157412423025,0.0011624592788228
0.0025339673622859,8.848273965142688e-05,0.0113762635737657,0.0012711442448198,0.0153439759012955,0.0009999667519575
0.000803560640865,9.279392983466877e-05,0.0136936041526496,0.0024289526604115,0.0176357458225853,0.0019158960559972
0.0013877134444154,8.432354983923499e-05,0.0104763302952051,0.0012334681861102,0.0106519997500242,0.0007984560122152
0.0016653266968756,8.649546814860519e-05,0.0124930711463093,0.0012343558296561,0.0098522824834122,0.0007573879980157
0.0009532460523245,8.40008730988457e-05,0.0102305309846997,0.001454007346183,0.0112006592843572,0.0009553604219697
0.0018710341352684,8.220886549178486e-05,0.0079514598473906,0.0009804902598261,0.0110721167244923,0.0006713427265188
0.0010425419666223,0.0001026103857531,0.0001438005710951,0.001573503630716,0.0601782631693676,0.0048110162011741
0.0037664145653155,0.000111135759034,0.0372412353754043,0.0032174167782068,0.0247187148597836,0.0028399394855977
0.0016181815535614,0.0001070686699667,0.0198511537164449,0.0046155034191906,0.035312689672511,0.0047425844644683
0.0030180153595876,0.0001384115446093,0.0563547052443027,0.0183094582706689,0.084731083437368,0.0222758379361808
0.0017038598369179,8.790986931325284e-05,0.0125826927833259,0.0013884842023253,0.0121129489820361,0.000942303639237
0.0029192261702914,0.0001352336272333,0.0684384852647781,0.0113689774274826,0.0470122004932042,0.0114307817458275
0.0012553890340255,8.66784958402987e-05,0.0172150116413831,0.0015333537012338,0.0071164197682441,0.0008182681925221
0.0027274987502594,0.0001000051715819,0.0277199288830161,0.0023980174586176,0.0174480862694391,0.0018633205551275
0.0011902320762346,9.353474952929338e-05,0.0170012963935732,0.0023859092593193,0.0164738698802675,0.0018022646434186
0.0009170247120698,8.777604698485082e-05,0.0102793695405125,0.0016870879568159,0.0133529706191716,0.0011712936989435
0.0017848028017849,7.99567635603527e-05,0.0086225615814328,0.0008949744421988,0.0089076880561522,0.0005506754452006
0.0031781181021898,0.0001037579077685,0.0156478714197874,0.0029176348261535,0.0356662601370816,0.0032040397090065
0.0017412653451524,8.862825616259319e-05,0.0214116210117936,0.0035263614729046,0.027257434497026,0.0033807314116152
0.0020137126513733,0.0001017717369367,0.0233143093064427,0.0036311833932995,0.0281546448463175,0.0034801018151434
0.003061929603219,9.36796695761178e-05,0.0197513764724135,0.0015409830957651,0.0141791932495663,0.0011308397021744
0.0035466592535314,9.987202514598165e-05,0.0353632383048534,0.002163001447916,0.0106630839596028,0.0014357562393686
0.0006876751066983,9.629101854098676e-05,0.0312802866101264,0.0043270194903016,0.013780092799587,0.0028375613149631
0.0022939200030903,9.979795222625488e-05,0.0301344664767384,0.0031084334477782,0.0200154178641377,0.0025404460014109
0.001448142398503,0.0001010647516275,0.0192799251526594,0.0043639615178108,0.0316740715566604,0.0043364614553233
0.0033600368643356,9.543276632684693e-05,0.0255853105336427,0.0014749128744006,0.0095618336707224,0.0009172014563302
0.0018551269917907,9.832923401953582e-05,0.0279321484267711,0.0027031494677066,0.0145675925482099,0.0018897659351625
0.0025188324031724,0.000112617125486,0.033155083656311,0.0061443281546235,0.0421039741375287,0.0064858777583362
0.001124241420408,0.0001357274109135,0.0074152455199509,0.0228146223437215,0.1238789286636408,0.0324050917473351
0.0010028671874664,8.303309918407734e-05,0.0078675895929336,0.0014522957429289,0.0138621742478529,0.0010888015215767
0.0014815807608903,0.0001057406919284,0.0363979861140251,0.0053946042060852,0.0242836332277393,0.0044990603499828
0.0019702541266681,9.82004540407695e-05,0.0139906080439686,0.0025987493433058,0.0263586846615897,0.0025206144460634
0.0005438862141305,9.86082494428388e-05,0.0289313532412052,0.0044283955544233,0.0164523451802876,0.0031105243756517
0.0024565742885549,9.543519021600532e-05,0.0250716255977749,0.0018643355742096,0.0113168759819489,0.0012202067640878
0.0036890413335063,9.52084186061782e-05,0.023357911966741,0.0014974296838045,0.0127898722823649,0.0010518060738167
0.0028569282958309,0.0001016935999375,0.0308617698028683,0.002656993754208,0.0175649793254903,0.0020751358607937
0.001229007332141,9.15596713511682e-05,0.0198840331286191,0.0021447138860821,0.0115364594730503,0.0013827867279636
0.0033788773894546,0.0001080378982801,0.0415439959615469,0.0034098947048187,0.0195090692660043,0.00270733496706
0.0015705621872827,0.0001026629237127,0.0335727855563163,0.0047081131115555,0.0245878911767499,0.0040087593626769
0.0019970854810565,9.82907673492332e-05,0.0165628716349601,0.0028258837200701,0.0266651149361616,0.0027321698342455
0.0009272859779735,8.617440071070925e-05,0.0162163330242037,0.0016594913974404,0.0077416161527752,0.0008943736692733
0.0013245917909847,9.6083753988547e-05,0.0179233243688941,0.0026634467206895,0.0186187167925667,0.0021494219967543
0.0015117473470866,8.397971062599412e-05,0.01047572074458,0.0011412551254034,0.0096276303837755,0.0007084002614468
0.0002555298394262,1.570430536129556e-05,,,0.0037422226774647,0.0001327969996381
0.0022145817106366,0.0002493755258151,0.0880569331347942,0.0748922055063303,0.1445270463206343,0.0860548487326156
0.0045025498090597,0.0001935935192849,0.1039272472262382,0.0252044458687305,0.1007581242639309,0.0286175233966749
0.0033509309533481,0.0001810753370241,0.1473669186234474,0.0234345382452011,0.0239449317695152,0.0208899231727396
0.0061584015187164,0.000125379533755,0.0635676123201847,0.0046656341105699,0.0300384799519059,0.0042395549186784
0.0022265626594714,0.0001190831956984,0.0795358084142208,0.0152325125038623,0.0415852996771222,0.0148453637196959
0.0012718182265856,0.0001411600767428,0.0889736264944076,0.022405172586441,0.0262127725637013,0.0191498185871483
0.0049889890453441,0.0001486367811655,0.0802364349365234,0.0093017223477363,0.0451671417615444,0.0091506932423163
0.0032314701278901,0.0001052676830504,0.0457191299647092,0.0048032610118389,0.0279784824803346,0.0043985050317122
0.0030211280496523,0.0001148269281647,0.0441105961799621,0.0055278395861387,0.0337946910550822,0.0052907738299408
0.0014869904819204,9.208549116064904e-05,0.0148753635585308,0.0019480484910309,0.0156039849567246,0.001459795487784
0.0045595331552424,0.000143174309137,0.0798515006899833,0.009929746389389,0.044843381841405,0.0097395182965623
0.0045060862906547,0.0001242444387038,0.065005175769329,0.0076061598956584,0.0441038500512437,0.0078760437565544
0.0023315535105676,0.0001060080418879,0.0460127536207437,0.0048384644091129,0.0208154157379122,0.0038925729833517
0.003787330694579,0.0001359612554337,0.0692959949374198,0.0087082070857286,0.0428345283117851,0.0085658024546178
0.0021720058464025,0.0002501859427095,0.1975849270820617,0.1309248188510537,0.0624763660180555,0.1357112128250257
0.0039410078715749,0.0001042647880125,0.031724713742733,0.0028604311868548,0.025267992273862,0.0026361218195207
0.0012148964066987,0.000111941382879,0.0466330591589212,0.0064494755119085,0.0195105770195137,0.0047570852634454
0.0031029647351445,0.0001208868944089,0.0540320239961147,0.0084565319120883,0.0456510336268611,0.0088386839714997
0.0051070201327654,0.000130240663309,0.060781929641962,0.0069244211167097,0.0446431217120269,0.0070636658030323
0.0045118281300306,0.0001340334397388,0.0734293609857559,0.0066280244290828,0.0276167875544305,0.0056806915442594
0.0006348217345318,8.066884679840168e-05,0.0080239716917276,0.0014263631030917,0.0109190752100548,0.0009304287430466
0.0012183873236925,9.329960498161324e-05,0.0170602053403854,0.0021103403531014,0.0140290915371458,0.0014528533119172
0.0030806101924487,0.0001088110206974,0.0353561770170927,0.0044323110952973,0.0328142940551628,0.0043200129978442
0.0022449591419806,9.205295690223672e-05,0.0173394288867712,0.0016175882518291,0.0133658563357996,0.0011713717068281
0.0039630909091008,0.0001091495637197,0.0375539027154445,0.003564903512597,0.0288173709655256,0.0033379705429103
0.0063065338409841,0.0002242190768995,0.1583393588662147,0.01919507086277,0.055210051252845,0.0191504353970506
0.0019028561375495,9.257124880870894e-05,0.0201460616663098,0.0020094914734363,0.013666945101171,0.0014224900756404
0.0022307925309125,0.0001028423093803,0.0344902053475379,0.0027837364375591,0.0116067372875586,0.0017489758110359
0.001835509805894,0.0001084025045795,0.0484352670609951,0.0062512916326522,0.0233741613880924,0.0050725887144876
0.0002966474805862,0.0001016256280609,0.0192021559923887,0.0049978716857731,0.0247465289681187,0.0042693350723112
0.007690298400071601,0.0003774533082369462,0.05546096712350845,0.042521963361650705,0.45441180449778745,0.0636810517517358
0.0056855990257219,0.0002802160683835,0.0721558481454849,0.0591257028281688,0.2386501194837924,0.071060630701334
0.0014302104482791,8.644890361842101e-05,0.0094848200678825,0.0013926271349191,0.0137861174670974,0.0010394096562951
0.0019999922414533,0.0001456829695226,0.1338686570525169,0.0209543703496456,0.0120925195113041,0.0154603475841248
0.002955389279199,0.0001646351787372,0.1322146728634834,0.0214939025044441,0.0236377290319306,0.0193407551604956
0.0048063258632937,0.0002187413748314,0.0755148045718669,0.0554325246904045,0.1609472817003874,0.0652081615159998
0.0026488966722568,0.0001086886952633,0.0466711297631263,0.0074072224646806,0.0390631245293804,0.0075411909774267
0.0021714082019996,8.723612001906465e-05,0.0095433387905359,0.0011688224039971,0.0139052091414651,0.0008820485323176
0.0045989438772696,0.0001523810386187,0.0002786392869893,0.0059987328436272,0.4190634618493272,0.0275475901726955
0.005944684751256,0.0001539610909093,0.0804594084620475,0.0128668330609798,0.0810212736071067,0.0148229098156169
0.0014908732109454,8.689775399454156e-05,0.0119556169956922,0.0013859110511839,0.0117588449558658,0.0009299906150816
0.0010027643910987,9.862075694624158e-05,0.020479341968894,0.0041796102374792,0.025401389020311,0.00375083650137
0.0024300955836063,9.573334852876592e-05,0.0234329979866743,0.0019528083503246,0.0127287724526885,0.0013261400206245
0.0018221127442531,0.0001023981956224,0.0242632525041699,0.0037833433598279,0.0271835273756637,0.0035463822242261
0.0015095011316012,9.266128691117902e-05,0.018739809282124,0.0018701514229178,0.0110158289223271,0.0011839781762637
0.0011861299149897,9.186712049232449e-05,0.0156318880617618,0.0022044539824128,0.0160812220350545,0.0016794923278593
0.0024095110950104,0.000116137341762,0.0303518883883953,0.009350550584495,0.0615804539868792,0.0113431502052146
0.0030620902800892,8.712385464503284e-05,0.0154390628449618,0.000982172768563,0.008328550685396,0.0005906184740066
0.0037680222896119,0.0001065254117286,0.0324868634343147,0.0027151830866932,0.0222649570874634,0.0023483745239548
0.0019352295477059,0.0001021300536352,0.0340471640229225,0.0038434966281056,0.0179939891443942,0.0030153643669987
0.0011854207425794,0.0001007433163924,0.0123331528156995,0.0049899585265666,0.0376822054574114,0.0054461572672767
0.0007169998773818,8.979552745174454e-05,0.0162595342844724,0.0024217819236218,0.0136954351146421,0.0016367097358987
0.0016783539977849,9.082456365024908e-05,0.018121387809515,0.0019949288666248,0.0146357170767383,0.001488935131769
0.0013997675102095,8.926413835502788e-05,0.0095803560689091,0.0016240840777754,0.0163305380989683,0.0012867208704312
0.0024223050166638,0.0001063158217532,0.0196078792214393,0.0041139382869005,0.0381702461381574,0.0044604712530023
0.0017138181184069,8.444371976325162e-05,0.0156386420130729,0.0010981224477291,0.0053549119325354,0.0005326544543034
0.0011920933708315,7.137046997111266e-05,0.0059723989106714,0.0006333368644118,0.0048232971300354,0.0003070635582453
0.0009398637805611,6.84845242008732e-05,0.0046836899127811,0.000581204611808,0.0044720889335159,0.0002700986735465
0.0010814019207904,6.615807373483874e-05,0.0048833284527063,0.0004976379498839,0.0033915829484439,0.0002130528467178
0.001933813935834,9.005252093841889e-05,0.0105017838068306,0.0015699216723442,0.0176089816111617,0.0013087152134165
0.0011732433606919,8.154365517514558e-05,0.0104927634820342,0.0011857942305505,0.0082351438595217,0.0006795427387243
0.0016273171178052,7.818575444234425e-05,0.0087274806573987,0.0008407092094421,0.0073017358662589,0.0004780777574423
0.0013758133994359,8.720685845198706e-05,0.0152548048645257,0.0014890736341476,0.0096009010782509,0.0008982040341058
0.0032579512034845,0.0001093901680092,0.0367243643850088,0.0035282008349895,0.0249731652641206,0.0031442825868691
0.0049525313216308,0.0001993787908989,0.1210653893649578,0.017040629684925,0.0635805892015585,0.0173043464971121
0.0067494710678724,0.0002720635226966,0.1662685126066208,0.0306534948945045,0.1260818190994948,0.0372469232751107
0.0037010154367904,0.0001003801325713,0.0150390192866325,0.0020433770678937,0.0300605196272276,0.0021707080673153
0.0020582208013199,0.0001729428414295,0.1241062059998512,0.0331607167422771,0.0533259813257538,0.0317376631779393
0.0021806607689223,0.0001097304715272,0.0383784379810094,0.0051113227009773,0.0267963574899838,0.0044716367887924
0.001542978943188,7.060061707427978e-05,0.0051208464428782,0.0005197378061711,0.0044473442776799,0.0002450699199581
0.0012367631888233,7.7447662851587e-05,0.0055300758685916,0.0008402521722018,0.0085455389002371,0.000507040133859
0.00212068021347,8.997950851474031e-05,0.0147911673411726,0.001421297751367,0.0122989697712206,0.0009730590183568
0.0020810092883699,8.569640117237366e-05,0.013254617806524,0.0010048636049032,0.0073844621670105,0.0005530311128634
0.0015469367146413,9.407209966791536e-05,0.0103652821853756,0.0026300314348191,0.0276034000088384,0.0026718768838916
0.0010823397412462,8.792360056017511e-05,0.0083560380153357,0.0017517748195677,0.0176263420827179,0.0014664201378335
0.0009382567543651,8.465656954643216e-05,0.0120852356776595,0.0015693607926368,0.0107211311097445,0.0010090992231238
0.0029823866798912,9.74885171983594e-05,0.0184958046302199,0.0025635666772723,0.0282985079225996,0.0025483309992106
0.0007582699625471,7.660792816137612e-05,0.0065677273087203,0.0010453269258141,0.0084962961964753,0.0006116868586881
0.0017600860810331,8.696016280587476e-05,0.0074418450240045,0.001348902657628,0.0161301755185099,0.0010810873722865
9.912212779375876e-05,9.192811400690094e-05,0.0009702606184873,0.0018667865174393,0.0178029713717659,0.0014817554144594
0.0028817195363556,9.485549536529308e-05,0.0120000345632433,0.0017199320718646,0.0230264569278549,0.0016322522072583
0.0017373610479811,9.622447643523829e-05,0.017785613425076,0.0023117622546851,0.0192414280584152,0.0019219083568463
0.001267018547566,0.0001139259600309,0.0507236011326313,0.007970760539174,0.0241449325979289,0.0064798629188763
0.0020037183996841,9.926970405804007e-05,0.0196575364097952,0.002418665960431,0.0202580292754947,0.0019983741803398
0.0023098147533832,9.64504464418454e-05,0.0160330012440681,0.0019182954728603,0.0208982642093104,0.0016778077963708
0.0027020570803793,0.0001336373797324,0.0910366289317607,0.0109475775063037,0.0125362578063116,0.0077949748150889
0.0012443360844702,8.893943544371853e-05,0.0184771381318569,0.0017159394919872,0.0088615274979437,0.0009743280336497
0.0019722486891552,0.0001056827841441,0.0262529142200946,0.0043899144604802,0.0317295057509307,0.0043459581808791
0.0016982076689405,0.0001004033869222,0.0217453353106975,0.0031878805160522,0.0227138542023557,0.0027434359352907
0.0015417761671939,0.0001006036790704,0.0248243547976017,0.0044883747771382,0.0287911797548344,0.004244641460686
0.0044243887221231,0.0001124307261305,0.0433065183460712,0.0029191337525844,0.0181379827778052,0.0022423756987267
0.0024722925932198,9.158046573039778e-05,0.0164646208286285,0.0016906852833926,0.0170147544655807,0.0013615833798501
0.0018844625857089,0.0001080796552262,0.0274105165153741,0.0041958646476268,0.0305465765649318,0.004056239726528
0.0027581558197318,8.521408387641765e-05,0.0116544994525611,0.0009493805840611,0.0102296025590342,0.0006277445332943
0.0016339055826239,9.487392777846416e-05,0.0178571948781609,0.0020442903414368,0.0149038342738598,0.0014866639091825
0.0007350678525981,8.314651783030238e-05,0.0105169499292969,0.001508800946176,0.0099986401981676,0.0009249260864565
0.0006230711022698,9.271542975419506e-05,0.0136917810887098,0.0027804683521389,0.0191197433744042,0.0022695489528883
0.0005974749896797,8.348334072832671e-05,0.0139899747446179,0.0015849551744759,0.0070463400560459,0.0008117822140897
0.0015031593622703,0.0001027981637068,0.025249196216464,0.0037642752751708,0.0245973991809911,0.0032601142859941
0.0008320958193084,7.915384713234842e-05,0.0095293261110782,0.0011592224985361,0.007476409291652,0.0006440859248612
0.0009317864102518,7.321265079974397e-05,0.0061556878499686,0.0008483150694519,0.0070084633023335,0.0004799846712404
0.0016245046131406,8.393539673875929e-05,0.0129793407395482,0.0012193483486771,0.009086354580399,0.0007469447151424
0.0013569347378535,9.90798251136371e-05,0.0235178042203187,0.0028735158219933,0.0163426654056079,0.0021258046473276
0.0015916280501715,9.085642343469924e-05,0.0109605635516345,0.0018422143906354,0.0189511433487833,0.0015656572642926
0.0028176313430145,9.405373119232606e-05,0.0161633566021919,0.0015273294411599,0.0156752220034716,0.0011791870922919
0.0007423868340581,8.801583722913551e-05,0.0067589045502245,0.0020100404415279,0.01798424087877,0.0016442877249831
0.00107293292294,9.71369571346214e-05,0.015327185858041,0.0031394953653216,0.023777154072477,0.0028596251070878
0.0030037929461322,8.820400616941755e-05,0.0125854057259857,0.0009797751717269,0.0110072044453228,0.0006615639068999
0.0014078715453045,7.977006727857773e-05,0.0096145714633166,0.0009542631730437,0.0072208564048932,0.0005359110114879
0.0019961600988641,9.79807468856008e-05,0.0293061658740043,0.003419715128839,0.020375986734805,0.0028395674703121
0.0010494668651,8.480962369413272e-05,0.0081824036315083,0.0014758875407278,0.0137464924718309,0.0010833797741406
0.0010796797305074,9.02536037741665e-05,0.0075207883492112,0.0023390703648328,0.022905503001107,0.0021802524462232
0.0015262376224403,7.33501267528695e-05,0.0055292639881372,0.0006289909128099,0.0066434883552275,0.0003528797448269
0.0012134426860354,8.378089752113043e-05,0.0108801275491714,0.0012992279417812,0.0103633084720176,0.0008264233075815
0.000375340250304,6.441655927486674e-05,0.0016050830017775,0.0005268929852172,0.0044397624444133,0.0002416396492605
0.0001843608992166,6.408904226451397e-05,7.302033918676898e-05,0.0003837131398722,0.010355628267581,0.0005433107356926
0.002001289549914,9.230035165921956e-05,0.0116171864792704,0.0016621355339884,0.0185612553362116,0.0014173698245074
0.0022061820003087,8.954489073547626e-05,0.0129623133689165,0.0013378276862204,0.0133061903679243,0.0009726163571581
0.0021692176218671,8.552738736404292e-05,0.0129272327758371,0.0011937265470623,0.0112924899048941,0.0008163832467742
0.0006603256814956,7.007332297840826e-05,0.003345844335854,0.0006266477843746,0.005449492865923,0.0003062722551136
0.0022121117905059,9.664427075195374e-05,0.0208978969603776,0.0020260160043835,0.0152349897113631,0.0014881999500698
0.0009116129726533,8.052398348746452e-05,0.0070249226409941,0.0011158247943967,0.01011701970153,0.0007091001020565
0.0014093103376776,6.378520618888412e-05,0.0037438482977449,0.0003742719767615,0.0026754020714352,0.0001529449656273
0.0004174777340031,7.624590906034562e-05,0.0041842607315629,0.0010228421119973,0.0081881614260539,0.0005807185807835
0.0005044309866194,8.209195479505927e-05,0.004779594251886,0.001443944578059,0.0130856721240459,0.0010327970646471
0.0006580230167266,8.140652608365538e-05,0.0040769742336124,0.0012288116430863,0.0127928515235146,0.0008745947901008
0.0011336268165898,8.835948999107992e-05,0.0144245717674493,0.0016051731072366,0.0100172586420595,0.0009654406472271
0.0012083624241377,8.376681027563487e-05,0.0078160678967833,0.0013577647041529,0.0136725137253771,0.0009990506035714
0.0021357619208015,9.07156064607656e-05,0.0181764457374811,0.0015086140111088,0.0110201658669526,0.0009837484739498
0.0005916401966412,6.988881114284467e-05,0.0037927001249045,0.0007080208742991,0.0057247315464347,0.0003546276237223
0.0015566709351277,8.102327005098022e-05,0.0053573912009596,0.0010630355589091,0.0134220978989816,0.0008195185036929
0.0028733238243258,0.0001035979724538,0.0177739765495061,0.0033747224323451,0.0355361527049634,0.0036056116054359
0.0020249067521716,7.92750966333365e-05,0.0077656933572143,0.0007662367727607,0.0079476756479517,0.0004579557850148
0.0011506596282994,8.917725143139195e-05,0.0104739954695105,0.0019252157397568,0.0174731124390843,0.0015633821612581
0.000943725702828,7.102647300623408e-05,0.0068952776491642,0.0007532820198684,0.0050371352008186,0.000372889175196
0.0013952324399962,8.427148536651252e-05,0.0125681832432746,0.0012357233278453,0.0086025615395757,0.0007186357046241
0.0023306641284813,9.19856538910222e-05,0.0102819567546248,0.0015277999453246,0.0191193988486474,0.001322951235283
0.0022213679227022,0.0001120872550014,0.109423816204071,0.0161442197859287,0.0125459244737302,0.0140855381652599
0.0009195267028388,8.226045452719823e-05,0.0049577006138861,0.0014104904001578,0.0147459929716419,0.0011081940604453
0.0008840317569656,6.649726969681067e-05,0.0035101892426609,0.0005134886596351,0.0047183781573268,0.0002466679754817
0.001076687483761,8.00337781098376e-05,0.0068295123055577,0.001100847730413,0.0101757187306695,0.0007059126766851
0.0015851479119497,9.25344645020922e-05,0.0211474178358912,0.002464442141354,0.0153496288436473,0.0018244633083106
0.0023595549309041,8.888229483826685e-05,0.0142216617241501,0.0012057342752814,0.0110565369071107,0.000799226770732
0.0046473241120627,0.0001200068818601,0.0439335238188505,0.0043161465972661,0.0349288263274498,0.0042552063611515
0.0003169124203909,9.428656619531596e-05,0.0088241593912243,0.0052774918312206,0.0291908060599163,0.0048208180314871
0.0009736643176272,7.536078779158046e-05,0.0078826048411428,0.0009146760124713,0.0068586152243352,0.0004941055399059
0.0018928300484342,8.83283036509845e-05,0.0031499300384894,0.0014021624508313,0.018920728977631,0.0012239331546735
0.0011362393878715,6.524302515651618e-05,0.003653910011053,0.0004365324275568,0.0035049825813195,0.000192380575992
0.0021240779695275,0.0001031742220444,0.0308775473386049,0.0039866751059889,0.0258707119793483,0.0035801502816269
0.0015685847156137,9.306315956000258e-05,0.0136945396661758,0.0021236754395067,0.0197940074798785,0.0018184077060137
0.0012808788418661,8.011244644135006e-05,0.0047578210942447,0.0010979062831029,0.0131843270745078,0.0008340790144235
0.0017313781475434,8.812781691864549e-05,0.0164638310670852,0.0014843288622796,0.0098942185211895,0.0009226505300986
0.002268896161885,9.315084856634324e-05,0.014632349833846,0.0020239401422441,0.020859476955621,0.0017866740913398
0.0015019194094512,7.68511128942473e-05,0.0058501930907368,0.000742842759937,0.0076669800874432,0.0004283208217891
0.0010265371458526,8.014388459199944e-05,0.0069108265452086,0.0010845674853771,0.0103282112705129,0.0007028514202724
0.0002548719173281,6.070114271117624e-05,0.0030571030220016,0.0004776048008352,0.002512042237243,0.0001834612121393
0.0008965398026478,7.036798583374038e-05,0.0037936923326924,0.0006900114379823,0.006295127256097,0.0003734562917911
0.0018051240646038,7.379295223268771e-05,0.0066853002645075,0.0005945917218923,0.0053318298401377,0.000300057228056
0.0012252865206669,8.79131284776105e-05,0.0133898840285837,0.0016688172705471,0.0117023595047139,0.0011099450128732
0.0009945923796037,8.180122503781114e-05,0.0101577509194612,0.001224990747869,0.0088738810129421,0.0007340866693726
0.000577350643963,7.402928209082724e-05,0.0064506498165428,0.0009240573272109,0.0063607356132922,0.0004828886607116
0.0010877818986119,7.622068473232195e-05,0.005894990870729,0.0009234087727963,0.0091570839049781,0.0005877177665965
0.0042678194544897,0.0002560155069916,0.0135254003107547,0.0387168850946181,0.2422969282461878,0.0525512697567038
0.0061181247602793,0.0003029783924007,0.1207253560423851,0.0406393219530582,0.2037796231802635,0.0517963095228986
0.0019189155178484,0.0001039548555199,0.0243705660104751,0.0051620240882039,0.0380540357870927,0.0055468136947904
0.0007648446764898,9.475991415020934e-05,0.0280709248036146,0.003274877294898,0.0096548179992212,0.0019049499831142
0.0031676154467912,0.0001011006044056,0.0215205801650881,0.0026288485154509,0.0273883207386839,0.0025447814772687
0.0027323537055106,0.0001270283536707,0.0004223366267979,0.0047479175900662,0.104960859787511,0.009022960281714
0.0009159033887208,0.0001113024200215,0.0124948816373944,0.0104985972982831,0.0535393751396401,0.0113936988791899
0.0037641573407371,0.0001651504308968,0.0655197352170944,0.0294367792084813,0.1063511046277287,0.036654142412391
0.0029705819742017,0.0001041597630594,0.057092260569334,0.0079337172210216,0.0368539963640347,0.0079501739130119
0.0041059105227638,0.000156648334999,0.0853041186928749,0.0156540498137474,0.0624619358287257,0.01683618103582
0.0047752056502355,0.00013549939085,0.0840992592275142,0.0077026298642158,0.0283769999564676,0.0067223826863819
0.0011648419243231,9.498505570869255e-05,0.020645709708333,0.0030219326168298,0.017837252591215,0.0023418908393386
0.0046908703101773,0.0001878273997247,0.1069163270294666,0.027403415441513,0.1035187910202956,0.0320496136980479
0.0004306932310442,7.372629390330564e-05,0.0054988821502774,0.0008986390102654,0.0062531542724655,0.0004539237184847
0.0021992074242111,9.911323291382803e-05,0.0295379143208265,0.0032800517603754,0.0200590620243514,0.0026919201956489
0.0048724893735016,0.0001300597695565,0.0725229531526565,0.0073836532235145,0.0367793466990018,0.0071790042500712
0.0022127468254832,9.935497574568852e-05,0.0181118426844477,0.0030030012317001,0.0279373107457494,0.0029239172036291
0.0013916135252585,7.590967948976598e-05,0.0072049896698445,0.0007588082179427,0.0062405142571009,0.0004029055647004
0.0007462722905322,8.270765642299279e-05,0.0071099021006375,0.0015193954389542,0.0136536998991152,0.0011049238944934
0.0023825105463956,8.614104299060768e-05,0.0118071036413311,0.001201096959412,0.0132736653231882,0.000899349636646
0.0011423651509675,8.648191036851019e-05,0.0102432067506015,0.0017800510302186,0.0149991210317255,0.0013621546579537
0.0007442087025831,8.24470339264706e-05,0.0101960026659071,0.0014082613401114,0.0094505500379801,0.0008456283337738
0.002086943930176,8.578309781496216e-05,0.0113678136840462,0.0011768131516873,0.0120789977819961,0.0008265049964518
0.0035428819874603,0.0001009270888002,0.0217116959393024,0.0026994076371192,0.0297416238667863,0.0027468803224779
0.0023053035626187,7.983473746556603e-05,0.0095024928450584,0.0007309865765273,0.0065492456010696,0.000394569482954
0.002653943274972,9.905746459966305e-05,0.0279982984066009,0.0022192933782935,0.0132280872855027,0.0015315693056601
0.0035967016377309,0.0001092958829954,0.0266612973064184,0.0033806318044662,0.0330673445969511,0.0033915233726874
0.0020898029369044,0.0001243624730716,0.0577474385499954,0.0118076083064079,0.0470495289523076,0.0121061792322441
0.0035847753170999,0.0001021802396977,0.0319574605673551,0.002780019082129,0.0229812678416159,0.0024413414992352
0.0032735243430671,0.000107149364688,0.0400665774941444,0.0038391743600368,0.0237141122055083,0.0033391200984302
0.0023972396973814,0.0001124657071616,0.0378716550767421,0.0053847280889749,0.0326233633206204,0.0051511400793176
0.0010815515496679,9.028072102766388e-05,0.0111728557385504,0.0020290914736688,0.0182047273900129,0.0016559761783403
0.000412091883786,9.33791017843303e-05,0.0166449584066867,0.0030308897048234,0.0148091613158292,0.0021235869531639
0.0028524705618342,9.621738458153633e-05,0.0108712492510676,0.0031247647758573,0.0371265525035386,0.0035175758454455
0.0030986465136802,9.38123743480573e-05,0.0096623254939913,0.0015693701058626,0.0241095207900095,0.0015343027730146
0.0019184619517219,8.530320270864035e-05,0.0101310820318758,0.0010615656897425,0.0103220841519221,0.0006870038157131
0.0017491975838758,9.15815129502542e-05,0.0158266145735979,0.001692627556622,0.0140243996403261,0.0012228257944923
0.0005542756424407,9.01658321328005e-05,0.0112296883016824,0.0023117704503238,0.0159824845797403,0.0017007131379888
0.0023038062397836,8.807273884767859e-05,0.0131479874253273,0.001153213083744,0.0106824222809971,0.0007552292358894
0.0017178107800892,0.0001291816231218,0.0537572652101516,0.0121037834882736,0.0489707949680797,0.0123961157895323
0.003755675034785,0.0001004948373968,0.0150046637281775,0.002017981018871,0.0285506989632893,0.0020454172866066
0.0022533725759254,9.322200364563242e-05,0.0088886823505163,0.001879904018715,0.0244060704285349,0.0018147411178463
0.0016687465932271,9.337297388921492e-05,0.0219731973484158,0.0022286745905876,0.0138722498129461,0.0015661762832787
0.0004241916354409,9.128960440368426e-05,0.017393035814166,0.0028283164836466,0.0130971384852205,0.0018425247084526
0.0145893313632618,0.0007860456478021,0.38002410531044,0.068002364039421,0.7457408986291033,0.0996358125352829
0.0070257472475409,0.0004800094626574,0.0256134252995252,0.035706221533037,0.9104155645999362,0.0816421249778564
0.0072284794269838,0.000373639071936,0.193158634006977,0.0454793775081634,0.1936791216754789,0.0577908244292807
0.0023719526109501,9.19179187778862e-05,0.0101963095366954,0.0016874347813427,0.022230249744052,0.0015970846862334
0.0024329845227739,9.445548052100472e-05,0.0195513339713215,0.0016857203841209,0.0131916373670792,0.0011926692374037
0.0066133324086549,0.0001344235052432,0.045569822192192,0.0081331880390644,0.0779079321531391,0.0099573376344594
0.0061375916138877,0.0003405198638858,0.2537639886140823,0.0571616026759147,0.0934005700118504,0.0652866800239524
0.0062730219449586,0.0004760178943403,0.6864540874958038,0.0846407461166381,0.0005711637244393,0.031459354224723
0.0003718036278451,2.1867986193676706e-05,,,0.0022367037122603,8.759329372067166e-05
0.0003143222481658,6.965916509833205e-05,0.0045778264757245,0.0007497281674295,0.004757352406904,0.000344641463063
0.0007081993580395,7.255102788201106e-05,0.0046970744151622,0.0007548639643937,0.0060436590395115,0.0003836478532667
0.0008025558043043,6.781377908504855e-05,0.0047403569333255,0.0005967447161674,0.0041028667998106,0.0002682976198204
0.0007852504170586,3.16460056005996e-05,,,0.0018234136176612,6.68293270113347e-05
0.0010994411155577,8.052815147183362e-05,0.0077080926857888,0.0011135596130043,0.0098733257539793,0.0006985771793346
0.0011680162972866,9.49059098710942e-05,0.0142456600442528,0.0023753343150019,0.0189149935304269,0.0019339853627254
0.0007455137594971,3.175961895610915e-05,,,0.0010739314363206,4.173940876808248e-05
0.0008361500220526,6.270852229605739e-05,0.0026811257703229,0.0004147300915792,0.0034646026893207,0.0001783872770544
0.0007645590024581,3.0917464583193194e-05,,,0.0014675037778696,5.585555833738669e-05
0.0009587473494976,7.505027576142553e-05,0.0029364399379119,0.0007885411335155,0.0089952465573047,0.0004900919508361
0.001211909400813,7.082979726243479e-05,0.0048814159817993,0.0006302246171981,0.0057897163573424,0.0003303560289498
0.0011699059540094,7.905122733436456e-05,0.0060623856261372,0.000941755445674,0.0100219759249876,0.0006114046920932
0.0015435189059656,9.12292207668982e-05,0.0111244800500571,0.0019862237386405,0.0197494430732355,0.0017098292895139
0.0019700408041579,8.806643045381358e-05,0.0153106916695833,0.0013678284734487,0.0105169950656024,0.0008861049060465
0.0022540466685844,9.673408868086712e-05,0.0139813870191574,0.0021298997662961,0.0237169663294094,0.0019905211327708
0.0011232054905479,8.631490759402759e-05,0.0169983264058828,0.0015717899240553,0.0073352230898356,0.0008507552396938
0.0021358114735392,9.981720427421676e-05,0.0209639882668852,0.0022672578319907,0.0178689951998244,0.0017605667273381
0.0006066347950521,3.341187096637965e-05,,,0.0010192174028798,4.066763900422408e-05
0.0007507015627234,3.042797600244181e-05,,,0.0013635477773174,5.254975436922902e-05
0.0009412239661132,6.549781925045033e-05,0.0031422562897205,0.0004918385576456,0.0044207944882076,0.0002341088783376
0.0004962076617455,6.740259598902423e-05,0.0022714738734066,0.0005621499242261,0.0058978654856828,0.0002949534869599
0.0008517419770359,6.407651741717761e-05,0.0038783787749707,0.0004740234091877,0.0032809147021685,0.0001989245752817
0.00054675026096,6.676819501415156e-05,0.0045078853145241,0.0006199403619393,0.003993198358215,0.0002748363560259
0.001336367527366,7.277049191508982e-05,0.0064351926557719,0.0006429753266274,0.0049273273622885,0.0003066450501154
0.000699595990795,7.232621183050425e-05,0.0071766534820199,0.0008312985580414,0.0050786491945439,0.0003948454208858
0.0009814288837516,8.454932677392363e-05,0.0104005350731313,0.0014845351688563,0.0120057534193923,0.0010115586293052
0.0015214357115685,0.0001101486574738,0.0290588978677988,0.0067891981452703,0.0417361838256693,0.0071242363323487
0.0032501289612546,0.0001047110165058,0.0384043250232934,0.0033327812701463,0.0214981424839498,0.002738602710379
0.001545356157234,0.0001563118435736,0.1388042122125625,0.0212854889035224,0.0030584838870165,0.012375531558861
0.0004636790586374,2.655165340124249e-05,,,0.0009818856005166,4.419647806757818e-05
0.0009642877499866,4.6959527090360354e-05,,,0.0014787259677472,5.9278886387718606e-05
0.0005519749885243,2.442151155485853e-05,,,0.0033053032725019,0.0001047714159536
0.0007981254445052,7.099211412504988e-05,0.0052101949695497,0.0006812685728073,0.0047734741723674,0.0003185892594482
0.001428517647857,8.038835291126448e-05,0.0032867571571841,0.0009936022059991,0.0132669171515884,0.0007596798740146
0.0013503397075381,7.623230036914196e-05,0.0088951382786035,0.0008431285247206,0.0061406020142884,0.0004445134779602
0.0014183805714927,7.471257833638941e-05,0.0064615358132869,0.0006995939370244,0.006102607623163,0.0003684963086003
0.0019986013228715,8.591562571208826e-05,0.0155887440778315,0.0011318633705377,0.0065645366514682,0.0005990520202763
0.0004611263632989,6.94416536626719e-05,0.0020023847464472,0.0007051208126358,0.0065951083258278,0.0003806808881138
0.0011043201717028,6.553701091043624e-05,0.0043788473121821,0.0004670586809515,0.0030709593459998,0.0001962342053795
0.0010629648282054,8.746488977571056e-05,0.0105699286796152,0.0016826695390045,0.0136333624530261,0.0012103407250536
0.0014849698714755,8.287750367850675e-05,0.0091818301007151,0.0012085475027561,0.0118680065819402,0.00084616175031
0.000857250063152,7.755847940975661e-05,0.0090158386155962,0.0010196379758417,0.0063372167438331,0.0005281781308763
0.001184963276013,7.282592320198111e-05,0.0062039184849709,0.0007239972427487,0.0059539059999528,0.0003812319479953
0.0002268188432873,9.119037231764926e-05,0.0052298605442047,0.0018034378159791,0.0147081191645314,0.0013053890529627
0.0007592886386025,6.463815529788013e-05,0.0026820157654583,0.0005060471594333,0.0050070150365297,0.0002561560244283
5.897825715289219e-05,6.813784108898038e-05,0.0043034236878156,0.0009899324690923,0.0073104933936706,0.0005685289875136
0.0011743411793501,7.3513770998408e-05,0.0052535331342369,0.0007059124670922,0.006574827091836,0.0003818858488153
0.0009636377988729,8.091970325847797e-05,0.0087035950273275,0.0012057659216225,0.009414522616932,0.0007421362779522
0.0010869729851997,7.879457981876752e-05,0.0075949202291667,0.0010127854067832,0.0090163732393708,0.0006087619982092
0.0012154614651985,9.166761751096436e-05,0.0151301939040422,0.0026556961238384,0.0204324617595196,0.0022826808603689
0.0028178447547071,8.941584165415286e-05,0.0134699186310172,0.0014002494141459,0.0169193915493898,0.001168552488826
0.0031097114237712,0.0001000726659798,0.0278486683964729,0.0020603369921445,0.0141823733129663,0.0014799772807626
0.0008640119925605,4.550671434129365e-05,,,0.00161419094538,5.9584426335203256e-05
0.0007907726378248,3.183966693319322e-05,,,0.0010058041311867,4.0749463871465896e-05
0.0005657909128373,6.329022714570798e-05,0.0036437551025301,0.0004897193284705,0.0030568362832492,0.0001980901792311
0.0006910023854623,6.554092802745024e-05,0.004203728865832,0.0005838541546836,0.0040281978685347,0.0002667104259247
0.0005344075355377,7.08571619608201e-05,0.0040350509807467,0.000761728696525,0.0062193186698834,0.0003955000742225
0.0015489665178394,7.765016880200933e-05,0.0085217305459082,0.0008120120503008,0.0067521567654817,0.0004423219133553
0.0011717980893491,7.134182403296919e-05,0.0054646553471684,0.0006313157267868,0.005227899112363,0.0003148790071744
0.0010583201215603,8.089721892173157e-05,0.008054684381932,0.001083120862022,0.0090679786645069,0.0006578429017958
0.0009761190611568,8.786438250149792e-05,0.0127503778785467,0.0018767580203711,0.0132008797238289,0.0012936251847306
0.0038673929095428,0.0001118838280242,0.0639959424734115,0.0075516775250434,0.0370735789484893,0.0075093281837269
0.0014012669146336,8.78828933389298e-05,0.014202726073563,0.0016556486673653,0.0126649218568381,0.0011429440525189
0.0011702576527559,8.704371913262647e-05,0.0133941257372498,0.0015221601910889,0.0102817283993925,0.0009425571920611
0.0005723044042095,6.790768200392195e-05,0.0034762059804052,0.0006653333548456,0.0056381662767732,0.0003418351647768
0.0006949518893424,6.639272037812691e-05,0.0050461525097489,0.0005865677073597,0.0034815164107015,0.0002514679899237
0.0011280022537946,8.160500965783812e-05,0.0073411185294389,0.0011525528505444,0.0111121710169847,0.0007873299336907
0.0009162519475485,7.121204972171868e-05,0.0052624018862843,0.0006907389033585,0.0055096284768036,0.0003450516935083
0.0002114266416407,7.995962815403996e-05,0.0086595793254673,0.0011766903940588,0.0053976038870225,0.0005298632879511
0.0014205292624254,8.398197336409452e-05,0.0123407617211341,0.0011743589118123,0.0081411082741413,0.0006561480889334
0.0009074860967099,4.454554192044667e-05,,,0.0011741153331592,4.896390989282402e-05
0.0006274705420379,2.7321914376083603e-05,,,0.0017064557363689,6.128206566878851e-05
0.0016569117483352,9.693879976126456e-05,0.0293030124157667,0.0034219333902001,0.0181908167092584,0.0026901378732443
0.0006153803855523,6.726115833888486e-05,0.0034323201980441,0.0006152400979772,0.0047286350517656,0.000297019190866
0.0005829376499659,3.244394249147164e-05,,,0.001115101980932,4.918688832260005e-05
0.0006709799615335,6.810689133203256e-05,0.0051586022600531,0.0006584838125854,0.0045583847024373,0.0003079068756997
0.0004584490024608,6.446077989511042e-05,0.0039657102897763,0.0005583697929978,0.0035610490483521,0.0002350837366327
0.0019693860803974,7.710272408944022e-05,0.0082644540816545,0.0006770739890635,0.0055132979027753,0.0003457242440514
0.0013536975050222,8.100985055669555e-05,0.0086281080730259,0.0009798549581319,0.0082032394144712,0.0005652148129295
0.0013472767059381,8.929821377515906e-05,0.0108813978731632,0.0016198573634028,0.0151611188558699,0.0012206450552493
0.0011258946108577,8.097400010528941e-05,0.0083475490100681,0.0011456337571144,0.0101744213192011,0.000736376206223
0.002424903423253,8.918278954596261e-05,0.0148987965658307,0.0014261370711028,0.0135761054455083,0.0010405088747887
0.0031710457607751,9.682087529258068e-05,0.0141315041109919,0.0021448616124689,0.0279203727715687,0.002184474301113
0.0030235398695932,0.0001115574379954,0.0439291223883628,0.0067389030754566,0.0420150447865229,0.0069628818647228
0.0010124660347076,6.324874344013141e-05,0.0042315749451518,0.0004327705176547,0.0026440569140853,0.0001744520857272
0.0012970846304063,5.976804945427832e-05,0.0033887221943587,0.0003176331985741,0.0018070187815362,0.000120141394483
0.0002228791814145,7.151708175129117e-05,0.0043916380964219,0.0007926154648885,0.0046863714878577,0.00034869201612
0.0006956239506242,3.766463924631276e-05,,,0.003336319543751,0.0001074273242137
0.0016282958650702,8.670951843288226e-05,0.0103103714063763,0.0012610641121864,0.0120263560596494,0.0008566692419046
0.0013781719944227,7.531600123123015e-05,0.0083796037361025,0.0007160220760852,0.0046296251491096,0.0003374031401089
0.002082840671915,8.926071608030602e-05,0.0172064788639545,0.0014720067381858,0.0106465186172275,0.0009480545175685
0.0012582572985064,9.151276566438842e-05,0.0108534768223762,0.0018386684171855,0.0167879812659229,0.0014224307990773
0.0005540668029486,3.085847926516307e-05,,,0.0016551915503952,6.082823231578322e-05
0.0009113688540111,6.264842570814452e-05,0.0040964817162603,0.0004405998159199,0.0026678265846957,0.0001793431093678
0.0062716457986666,0.0001482178696438,0.0660350695252418,0.0115365075320005,0.0828989172221866,0.0136360622475212
0.0006340918413759,6.391314197585259e-05,0.0035619442351162,0.0004612951911985,0.0029322671026717,0.0001817542456774
0.0009981903972204,7.231168271941814e-05,0.006282809190452,0.000711851613596,0.005278847218621,0.0003518462491547
0.0001078808248087,9.313031350656996e-05,0.0073042151052504,0.0017841351218521,0.0122490457224424,0.0011671825093534
0.0009567003666188,8.4309701846538e-05,0.0090551017783582,0.0015746867191046,0.013862264005879,0.0011789394870704
0.0010586767547879,8.507980841761871e-05,0.011860120575875,0.0015709518082439,0.0108665907909154,0.0010180797402983
0.0020958267203055,9.16541865865158e-05,0.0100147086195647,0.0015772554092109,0.0188616355571647,0.0013383413821689
0.0007081483879261,7.308494478798261e-05,0.0039221392944455,0.0007727975724264,0.0068281029353363,0.0004082378442373
0.0007936938145693,8.711019128776107e-05,0.0041090273298323,0.0018185624340549,0.017543756538871,0.0014656646835135
0.0010138672118015,7.121497451206111e-05,0.0072149897459894,0.000704135922715,0.0042205747046089,0.0003237394571227
0.0014025966923352,7.767656609770825e-05,0.0100239492021501,0.0008595092222094,0.0053090390080015,0.0004252878708872
0.0016646286968145,9.219783014817656e-05,0.0184645438566803,0.0019551468268036,0.0138967954598252,0.0013918568581008
0.0012568090702049,7.718785479518629e-05,0.0085867457091808,0.0008424982707947,0.0061399952409654,0.0004327852409446
0.0006822721044456,6.811512919214385e-05,0.0046607991680502,0.0006245218683034,0.0042677697467346,0.0002815629947659
0.0015452918674304,7.414068293088555e-05,0.0059583038091659,0.000683778906241,0.0069704446584081,0.000391824093195
0.001461122990869,8.453964329575197e-05,0.0103565654717385,0.001192476041615,0.0104027571244954,0.0007661726976298
0.0011556042548105,8.613470382169155e-05,0.0069493697956204,0.0015334599185734,0.0160996324035222,0.0012277281965494
0.0011407938884708,8.533655957557065e-05,0.0095808925107121,0.0014642931148409,0.0129093583480594,0.0010265707045054
0.0004217100944126,6.969674750324914e-05,0.0058014136739075,0.0008291639387607,0.0052658202917651,0.0004060624179442
0.001825759100761,8.430574098934e-05,0.0075132451020181,0.0011325103230774,0.0138349535398016,0.0008648808319888
0.0009036638352525,7.800389440821816e-05,0.0077362838201224,0.001030430663377,0.0079005590307681,0.0005887608364582
0.0009607027198814,7.741537753460205e-05,0.0086288256570696,0.0010486532282084,0.0087745587704881,0.0006292852887446
0.0016959085668018,0.0001041298353709,0.0205379221588373,0.0036226252838969,0.0288584130496287,0.0035014071791468
0.0016482534533869,8.070761918020511e-05,0.0103992591612041,0.0009037048183381,0.0068777042178792,0.0004871185394249
0.0026322527760536,8.783670602805329e-05,0.0114306695759296,0.0010820548608899,0.0128886686697164,0.000795209219616
0.0028725045438305,8.445659954938942e-05,0.0142745301127433,0.0008941714838147,0.0070463602289356,0.0005051938293947
0.0006960534601427,5.773980547690437e-05,0.0026085182325914,0.0003329027676954,0.0019548459439768,0.0001217917657894
0.0002075808996081,7.085288861252183e-05,0.0049820868298411,0.0007406942080706,0.0037547357622873,0.0002983376818709
0.0004796317159488,7.001601422165988e-05,0.0059851403348147,0.0007640466280281,0.0043251509648542,0.0003410866100384
0.0004146487589194,8.031836630834153e-05,0.0068887982051819,0.0013713383767753,0.0103490849981418,0.0008642014997281
0.0012171116090682,8.043529312198416e-05,0.0081689567305147,0.0010359429288655,0.0086489242800046,0.0006156772466681
0.001383387536282,8.23637750654296e-05,0.0093761989846825,0.0011336676031351,0.0100783834045209,0.0007224343186881
0.0018575858046398,8.723643633165752e-05,0.0077937701717019,0.0014293253235518,0.01776751423151,0.0012376905395991
0.0032159545536409,0.0002786937808465,0.2061731368303299,0.0477060011029243,0.0350937091014841,0.0440887178233941
0.0020039863237021,8.550749426911638e-05,0.0133682219311594,0.0011751366592943,0.0092829296441493,0.0007183350968348
0.0003592457600173,6.007492263758072e-05,0.0018804625724442,0.0004446401004679,0.0033194678143403,0.0001899371449259
0.0009719951997591,6.693630757567313e-05,0.0027496197726577,0.0005434331856667,0.0053535064034446,0.0002775277368393
0.0008673236484317,7.609067394192246e-05,0.0042214018758386,0.0008970538526773,0.0091136410203381,0.0005516176868796
0.0008921853427306,7.195946072331878e-05,0.0046280699316412,0.0007236318197101,0.0066904608155813,0.0003999840769473
0.0014517730615163,7.32576721265009e-05,0.0075020694639533,0.0006970995943993,0.0049953356133739,0.0003474561750309
0.0012231282329925,7.41326425120288e-05,0.0061059619765728,0.0007254344131797,0.0062184281161344,0.0003842167650224
0.0015512298801302,7.754484489444968e-05,0.0096969036385416,0.0008068646118044,0.0053807259781875,0.000399894645314
0.0014246248128876,8.693634024258988e-05,0.0135366674512624,0.0014360561408102,0.0109338326988536,0.0009149629455576
0.0005593932361573,6.060024457852612e-05,0.0025634842459112,0.0003918228950351,0.0031027262074093,0.000161312657612
0.0034210451343495,0.0001129131966817,0.0415549986064434,0.0053428031504154,0.038600161697143,0.0054600620366945
0.0006797000875279,9.001872896183954e-05,0.0056572773028165,0.0021415269048884,0.0187855379773064,0.0017652758867115
0.0003759119641925,6.767502209608766e-05,0.0029805650701746,0.0006388578005135,0.0050246595151736,0.0002992121426404
0.0004041260708198,7.017351240297355e-05,0.0051058763638138,0.0008136993739753,0.0054047319436015,0.0003976329878506
0.0007405440926367,7.750031868046492e-05,0.0071138844359666,0.0010637992154806,0.0079638901180432,0.0006002758392298
0.001642681555682,7.310012853440663e-05,0.0053752292878925,0.0005883602425456,0.0060451849259555,0.0003146487189053
0.001536219542955,7.930709021453249e-05,0.0076169623062014,0.0009651506971567,0.0099033543469486,0.0006375260547205
0.0019129858992701,8.78950511496745e-05,0.0130358412861824,0.0015803834609687,0.0152475694347202,0.0012245699108038
0.0005606933994895,2.4759098541566466e-05,,,0.0032790365834705,0.0001041054839315
0.0006706532801983,6.5419665724016e-05,0.0044336465653032,0.0005281276814639,0.0028608648195584,0.0002082652669356
0.0010464008063781,6.573059936782312e-05,0.0039131622761487,0.0004710782412439,0.003997390919349,0.0002120486448014
0.0011793878827965,7.361040475844507e-05,0.0081847687251865,0.0007634530775249,0.0050122026424482,0.0003738350978607
0.0031255097528714,0.0001047023849672,0.0265284180641174,0.0031561259925365,0.0279808941606323,0.0030335338756965
0.0008135848192982,8.908685551083811e-05,0.0089615946635603,0.0022685509268194,0.0204820199763429,0.0020389487611238
0.0013240015803201,9.03907841747415e-05,0.0083326436579227,0.0018865268398076,0.0195896438674075,0.0016139485692434
0.0009409248077647,7.972980599014676e-05,0.0083780610002577,0.0011650477629154,0.0092977447050154,0.0007244891065676
0.0019643321243158,7.879355600387506e-05,0.00835782289505,0.0008247764408588,0.0083918441468318,0.0005063400212553
0.0012993309811356,8.840040519497608e-05,0.01407589064911,0.0015824418514966,0.0113463882396064,0.0010227403396729
0.0008105416453601,6.610188785852416e-05,0.0044112207833677,0.0005272813048213,0.0034920672853421,0.0002241317342801
0.0008955839753597,6.976950847792677e-05,0.0036255356390029,0.0005970273166894,0.0053599374753511,0.00029272880255
0.0012627327702396,8.693642520572276e-05,0.0104591939598321,0.001500560157001,0.0131246660931894,0.0010589389537563
0.001007661146305,8.457036336274914e-05,0.0093165389262139,0.0014070349186658,0.0122707109526652,0.0009639236821869
0.0019980134160081,9.599085038292186e-05,0.0103213237598538,0.0022037435509264,0.0252955634008739,0.0021125002231075
0.0010886170159326,0.0001347566779262,0.0618831403553485,0.0109345600754022,0.0211913341376921,0.0077431350399064
0.0007318698364,5.779544160046564e-05,0.0024338477523997,0.0003233715659007,0.0017561826461492,0.0001168523136138
0.0006802820074418,6.0901491857885074e-05,0.0025174475740641,0.0003597558941692,0.002801697280722,0.0001431710781666
0.0010825578497042,7.114686720564064e-05,0.0063871084712445,0.0006605362985283,0.0047011892686639,0.0003155245033792
0.001081361829168,6.836007865641206e-05,0.0052748653106391,0.0005243835318833,0.0035796517392571,0.0002224004152871
0.000869356109655,8.093720980294683e-05,0.0090132802724838,0.0012689574528485,0.0093756152325511,0.0007665233885844
0.0010729630706554,7.594108049187548e-05,0.0095757022500038,0.0008979762159287,0.0052563886725108,0.0004358738236897
0.0003535464880186,6.132886582795819e-05,0.0024912620428949,0.0003976491047069,0.0035231087160379,0.0001733461263152
0.0007952219350218,6.441186415446424e-05,0.0030156278517097,0.0004697134718298,0.0033947963311112,0.0002025779717393
0.0012865845127229,6.98274253514812e-05,0.0040392489172518,0.0005585086764767,0.0059505602468632,0.0002994384416639
0.0009000935906446,6.712001907449648e-05,0.0049705705605447,0.0005439888034015,0.0034850292134508,0.0002327720776021
0.0017371819417452,8.612825999207126e-05,0.0089107640087604,0.0012504579406231,0.0134203843366649,0.0009102991547865
0.0015439198972853,7.794043824958991e-05,0.0076200952753424,0.0008111734967678,0.0070048378487281,0.0004454300978027
0.0005254754008811,7.598725838479752e-05,0.006521850824356,0.0010359880700707,0.0074250994333493,0.0005728788337221
0.0014963082126707,7.532001760204507e-05,0.006767847109586,0.0007039316184818,0.0062451857543692,0.0003700586603757
0.0016953967212956,7.914954888002187e-05,0.0073868408799171,0.0008336189761757,0.0085765652579311,0.0005122324634069
0.0019636990173146,8.000387092834023e-05,0.0102023943327367,0.0007613868266344,0.0057575027457576,0.0003829270056524
0.0012600432605393,9.842807627723933e-05,0.0069151720963418,0.0044237261475063,0.0323352418700825,0.0043595558871829
0.0007054361886315,6.614160022849259e-05,0.004095809534192,0.0005805229814723,0.004200346282789,0.0002711073180319
0.0005599099370427,7.263393742976717e-05,0.0059608116280287,0.0008311243727803,0.0060434029118107,0.0004159912785302
0.0016026849047379,7.080716076111123e-05,0.0045291986316442,0.0005238959565758,0.0054172676945923,0.0002701860742911
0.0010372972360632,7.550462424852451e-05,0.0085161728784441,0.000897255949676,0.0058896102405587,0.0004643824778176
0.0024897070486887,0.0001184598481599,0.0552549362182617,0.0085850617289543,0.0368937836490656,0.0083037815863642
0.0014231678473792,8.200232867525158e-05,0.0123644438572227,0.001072458513081,0.0064263432905024,0.0005542332448271
0.0006167706135523,8.45428023434334e-05,0.010649433825165,0.0016143971309065,0.0103456383806036,0.0009885152235234
0.001897590745006,8.676297519842613e-05,0.0128240110352635,0.0012092597037553,0.0100584680024839,0.0007731975234123
0.0004516427392495,6.8649816340662e-05,0.0049869576469063,0.0007039096206426,0.0044688027924486,0.0003214166916697
0.0008609827628587,7.97300544025019e-05,0.0102562131360173,0.0012673799321055,0.0087540091690646,0.0007551786812678
0.0005347561655207,8.747232174173883e-05,0.0116815050132572,0.0019491505809128,0.0126994714437188,0.0013129736061694
0.0010960434229576,8.305422535533763e-05,0.0091195637360215,0.0011804541572928,0.0097230676449981,0.0007172938312001
0.0017160299805625,7.993564577294223e-05,0.0107318069785833,0.0008803518302738,0.0062078801880957,0.0004563732422168
0.0018862059077877,9.096217127117648e-05,0.0144254541955888,0.0017681747302412,0.0165768042032876,0.0013964806476183
0.0007675155504675,5.9251912166176975e-05,0.0034031742252409,0.0003831331990659,0.0018668553123274,0.0001450439655129
0.0050548307710172,0.0001563240241175,0.0960050262510776,0.0103253245353698,0.0389772034322195,0.0096810101346921
0.0008377108343471,8.251583047830116e-05,0.0049682473763823,0.0012555187009274,0.0126734969215957,0.0008710997213614
0.0015759055340682,7.531137984207012e-05,0.0063277753069996,0.0007045640051364,0.0070273027413654,0.000395807962385
0.0008851120216423,8.966417510466334e-05,0.0143916625529527,0.00214863082394,0.0147540208750989,0.0015668271649651
0.0002976722191558,7.84949281241096e-05,0.0050740605220198,0.001184216174297,0.0093247070187491,0.00071495183577
0.0002006755135176,7.591896826972516e-05,0.0037386929616332,0.0009035037644207,0.0060987763607502,0.0004399596181049
0.0015427304755188,7.560977746569699e-05,0.0036920791026204,0.0006713801994919,0.0104759602346731,0.0004850720654959
0.0004227757588537,8.287103875939238e-05,0.0078250626102089,0.0017358167096972,0.0129268656963856,0.001233077176519
0.0015931159745118,8.395349125918752e-05,0.0106040886603295,0.0012221652828156,0.0109441856978457,0.0008223294893427
0.0009413762168897,8.777335818814492e-05,0.0135869588702917,0.0019807126373052,0.0139738214459333,0.0014247509080554
0.0008172488053499,4.354922330332888e-05,,,0.0028639120592127,0.0001071054646251
0.0035876214142577,0.0001770428122331,0.0087018897756934,0.035675846506856,0.2250491129858875,0.0499517487941539
0.0010216752781379,6.832498555781248e-05,0.004587014671415,0.0005576209817081,0.0048708378312263,0.0002691054420555
0.0016248732476471,7.704316098500457e-05,0.0069247069768607,0.000776791581884,0.0078139529620039,0.0004574285246099
0.0013994768262058,7.354623003066169e-05,0.0085136108100414,0.0006822586804628,0.0037574195499343,0.0003001573535875
0.0016746239581818,8.637011767298865e-05,0.0120437713339924,0.0012599870003759,0.0103570276768063,0.000799444583542
0.0021280757902355,9.397968596249612e-05,0.0153389112092554,0.001906114090234,0.0190810875844904,0.0016273295869792
0.0010229642993324,4.181177406275757e-05,,,0.0012711493126014,4.803748693261881e-05
0.0004372184522168,6.130993468112422e-05,0.0026707177748903,0.0004665253404527,0.0031940572655988,0.0001926367036928
0.0009192574498497,7.118142563483751e-05,0.0073254941962659,0.0006983617786318,0.0037149165179592,0.0003063423298393
0.0009757760839276,7.644415511448024e-05,0.0065774098038673,0.0009163138177245,0.0081543589160774,0.0005361089868675
0.0008955542385985,8.299123157702679e-05,0.0135281402617692,0.00129409391433,0.0056753256462618,0.0006269535565554
0.005346324886349,0.0001325997547864,0.0757749825716018,0.0111939340829849,0.0660758115553572,0.0127959312573876
0.0014669196894593,8.410443972175076e-05,0.0087650278583168,0.0011654437985271,0.0112432317881379,0.0007785082247571
0.0011608046167553,6.83487362360452e-05,0.0048498739488422,0.0005257946904748,0.0040541644574989,0.0002364063392804
0.0012291068363009,7.374795717819509e-05,0.0063865440897643,0.0006862208154052,0.0052272562998325,0.0003368352075318
0.0001811478305934,8.931407605705026e-05,0.006147420965135,0.0013667158596217,0.0078074115058581,0.000691803866421
0.0013946354717251,7.300062522120569e-05,0.0067865634337067,0.000662465179339,0.0050537807814294,0.0003275659324407
0.0008576414366542,7.98789366242452e-05,0.0090994201600551,0.0011926697567105,0.0091711024766933,0.0007342573728186
0.0011546817695999,7.281170330531795e-05,0.0090994872152805,0.000714624710381,0.0031325724510554,0.0002997095290357
0.0015956507597636,8.267374779169826e-05,0.0140076270326972,0.0011707088351249,0.0067631321774528,0.0006459059275039
0.0009329511317634,6.554572126841172e-05,0.0033324670512229,0.0004737515235319,0.003813442497924,0.000210203890703
0.0010559847143525,6.57282861950628e-05,0.0032837460748851,0.0004585228441283,0.0040398818249241,0.0002091683868083
0.0043665249535147,0.0001109914054505,0.034120175987482,0.0054052034392952,0.0516143211538365,0.0063039799814151
0.0004614216862896,7.605284135980264e-05,0.0028378712013363,0.0009651892911642,0.009483336196974,0.0006125862522427
0.0011961085205517,6.926889965228229e-05,0.005402882117778,0.0005634272750467,0.0042142168444257,0.0002597127542117
0.0019439932823138,7.685304382596542e-05,0.007958416827023,0.0007101897150278,0.0065480384009507,0.0003955572745646
0.0017096723033424,9.108972117324908e-05,0.0098850289359688,0.0018315844424068,0.0204660167549392,0.0016286162274844
0.0014769043755178,9.139405122039064e-05,0.0184912271797657,0.001884799413383,0.0113269950660851,0.0012249849011443
0.0010920184125142,8.472687678177005e-05,0.0129484999924898,0.0014316081628203,0.0095487525717245,0.0008586787337135
0.0007705001002726,4.137604240963015e-05,,,0.0021966195004258,8.630642202049035e-05
0.000651867883494,6.450853772150818e-05,0.0040433309040963,0.0005376242659986,0.0034399600312417,0.0002334235667418
0.0009160178980461,6.36604005141597e-05,0.0033996843267232,0.0004263910232111,0.0030286676760433,0.0001723507732708
0.001477589781662,8.600225761443538e-05,0.0097784339450299,0.0014283766970038,0.0140775835374165,0.0010685919126764
0.0035853803510356,0.0001087293529945,0.0417158752679824,0.0032635688781738,0.0194392329884526,0.0026152891085898
0.0011453218121104,7.708404357388739e-05,0.0067056287080049,0.0009038787242025,0.0081602702527469,0.0005355433662395
0.0026831748332672,8.855963411655808e-05,0.0104476348496973,0.0011946868710219,0.0154965953716809,0.0009584972383208
0.0010800960745493,7.22650998991024e-05,0.0046535404399037,0.0006711715832352,0.0066577272420977,0.000366066241507
0.0011751576180033,7.605590526554113e-05,0.0092209782451391,0.0008396506309509,0.0049940137224439,0.0004057522903642
0.000963133317703,7.268269197943287e-05,0.0075577220413833,0.0007680182065814,0.0046779340067411,0.0003642795762645
0.0018806829769073,8.168403464103337e-05,0.0094233355484902,0.0009986688382923,0.0097634501436062,0.000639691399102
0.0008016162798221,6.655934758231547e-05,0.0033268865663558,0.0005648469086736,0.0049588492024196,0.0002765489663636
0.0003146874024257,6.833861920967988e-05,0.005072277970612,0.0007014475669711,0.0037276304250322,0.0002908997878389
0.0006550379550606,7.47622799513797e-05,0.0063394894823431,0.0008923608995974,0.0061141122901618,0.000449344880512
0.000766704835633,6.916084226800314e-05,0.0057656627614051,0.0006929260492324,0.0046199775212722,0.0003293561789377
0.0012122970536406,9.5174936915186e-05,0.0214140638709068,0.0028701335936784,0.0169007835319353,0.0021555621166592
0.0046592066198218,0.0001800826067043,0.0668559595942497,0.0264247198402881,0.1144157055176905,0.0329620010234465
0.0016240826345076,8.647311138244547e-05,0.0117989117279648,0.0013123503513634,0.0114983512977604,0.000892323287697
0.0014095910040604,9.978881158031702e-05,0.0015820633852854,0.0042605380477834,0.0508321787807319,0.0056011261857283
0.0007014713261907,7.424433580714511e-05,0.0062535153701901,0.0009105815459042,0.0072450373531258,0.0005097532832603
0.0012618826770075,7.738678901241078e-05,0.0072294771671295,0.000880841910839,0.007963448127763,0.0005187125395691
0.0010646991867959,8.063018599938727e-05,0.0064952925313264,0.001136826146394,0.0113603433460506,0.0007760045923482
0.0004789561489058,9.277260749770564e-05,0.0214128643274307,0.0026788867637515,0.0090949804173734,0.0014666647329879
0.0006212192647937,6.143027719875843e-05,0.0035987545270472,0.0004421681631356,0.0026802943371819,0.0001724187128434
0.0011115694020405,7.825094248583957e-05,0.005962838884443,0.0009477697871625,0.0098651713733037,0.0006125081174276
0.0009032114891669,7.00340576225999e-05,0.0057317477185279,0.0006958956643939,0.0050382249901862,0.0003467846671315
0.0012729231551976,7.714769081087862e-05,0.0072073927149176,0.0008498809859156,0.0075772363410135,0.0004805262475972
0.0027830600471441,9.917146241996896e-05,0.0201157256960868,0.002594435326755,0.0264088276655528,0.0025001466060419
0.0014582364404865,7.991128739590547e-05,0.0101392162032425,0.0009615048766136,0.0068366435475182,0.0005200845227309
0.0016193179685053,7.783192659549043e-05,0.0102078858762979,0.0008595797605812,0.0058035545063586,0.000445162446622
9.968611744558134e-05,8.790002912581756e-05,0.0074661499820649,0.0014049400296062,0.0084498518578408,0.0007742871858494
0.0009821716144564,6.984983446475324e-05,0.0049611530266702,0.0006227759364992,0.0047625536125233,0.0002971425764193
0.0011887012284037,6.918296655375532e-05,0.004622308537364,0.0005658936314284,0.0048953503854998,0.0002789479898729
0.0008035997509606,7.057796657991512e-05,0.0038650266360491,0.0006747884210199,0.0061132663887642,0.0003554386736197
0.0009444925428195,7.295224232041768e-05,0.007146400399506,0.0007686705514788,0.0050394421634191,0.0003744564591296
0.0008902865736032,8.171148337619448e-05,0.0105286827310919,0.0012048629671335,0.0071771444728366,0.0006363830451899
0.0010236040470172,8.491301755975751e-05,0.0120190605521202,0.0014074780233204,0.0094511620245218,0.000848219711453
0.001978552972731,8.953717254630037e-05,0.0112653952091932,0.0014329496398568,0.0155598675269186,0.0011283585364715
0.0027882022588773,0.0001036256562218,0.028668531216681,0.0025388092547655,0.0177604895326581,0.0019735917536011
0.0002811380028964,7.295531231717341e-05,0.0047567058354616,0.0008712786762043,0.0058765008088505,0.0004280205494591
0.0006461680634191,8.199721758408432e-05,0.001040693372488,0.0014978530866574,0.0175372087361981,0.0012620436147131
0.0017349336243845,7.937829315770922e-05,0.0083315456286072,0.000827023005113,0.0075079707975774,0.0004699557077891
0.0013829673308256,8.979699198144887e-05,0.0171763524413108,0.0018005464226007,0.011320995784683,0.0011786646280482
0.0006880496558534,7.501152750646087e-05,0.0078310184180736,0.0009686842374503,0.0059052979489009,0.0004931194709241
0.0012566345466659,8.463206557948917e-05,0.0070355203934013,0.0013964765705168,0.0150466315869126,0.0010851238541862
0.0019178052833133,7.331666286659834e-05,0.0067671746946871,0.0005727940145879,0.0052145897650512,0.0002926603869879
0.0006500451401118,7.811547794207103e-05,0.008022267371416,0.0011994629260152,0.0083746065259073,0.0007006076328159
0.0009698334677953,6.64031066083782e-05,0.0033419984392821,0.0005120252352207,0.0044348139665695,0.0002437032406797
0.0018395084335962,7.287458001804109e-05,0.0077677357476204,0.0005806070845574,0.004564309412146,0.0002799153909987
0.0019850308827074,8.921671641995595e-05,0.0130519904196262,0.0013981664739549,0.0130872850485758,0.0009983086220217
0.0018991770690737,8.650577583564243e-05,0.011080078780651,0.0013608913868665,0.0144447255968651,0.0010472936023845
0.0011257013395057,7.707116053672818e-05,0.0084552029147744,0.0008930087834596,0.0063160605957482,0.0004697468163828
0.0015500539961989,9.54051151774648e-05,0.0104467906057834,0.0026274118106812,0.0265442226613913,0.0025605263043548
0.0005846765185972,7.395345912993402e-05,0.0058840448036789,0.000917594814673,0.0081825016838516,0.0005348849775182
0.0021527691164567,8.732277852060077e-05,0.0130176767706871,0.0013066766038537,0.0128047820878141,0.0009474787968959
0.0010975993070661,7.289824620424759e-05,0.0039387019351124,0.0006844913261011,0.0073014459659675,0.0003921556901694
0.0007953983117592,7.32780919117616e-05,0.0060402790550142,0.0007676125783473,0.0053109620057125,0.000367860250588
0.0006380686277808,9.053248342086925e-05,0.0136628653854131,0.0025640525668859,0.0166036083071673,0.0019197855341963
0.0015009493446346,8.179023770014428e-05,0.0111597604118287,0.0010615224018692,0.0079081236377468,0.000609381419254
0.0005002882833762,8.021752065365457e-05,0.0063231310341507,0.0012786388583481,0.0098269104280401,0.0007882044125932
0.0022411557033174,9.862288094132644e-05,0.0274296235293149,0.0026770914718508,0.0160734393795375,0.0019852959100796
0.0010882139081996,7.563112620971872e-05,0.0068113692104816,0.000870447428897,0.0073898954741923,0.0004926051937003
0.0009096864447692,8.377678290604233e-05,0.0074072445277124,0.0014092412777245,0.0133692685007621,0.0010171867839355
0.0008029933973764,7.764332848259753e-05,0.0064921660814434,0.0009845730103552,0.0078378467298852,0.0005431581379817
0.0016280741603765,9.845882402540634e-05,0.0177681585773825,0.0029624502733349,0.0239316938206332,0.0026388696481594
0.0010048288809537,6.534421233045894e-05,0.0043079962488263,0.0004643781809136,0.0031737014599135,0.0001913370256075
0.0005367335754983,7.959055098120233e-05,0.0006794038927182,0.0013131747271108,0.0163515451036663,0.0011202693799615
0.0012826136291145,6.919407859106255e-05,0.0038681023288518,0.000514289047569,0.0056608442313917,0.0002686877317747
0.0008352142984952,9.48251539669774e-05,0.0074655227363109,0.0027032800670713,0.0233509285656761,0.0024292864704728
0.0003727772021706,7.117839700519052e-05,0.0034819433931261,0.0007898628804832,0.0060779162328223,0.000402303750735
0.0008756170479287,7.692115579837635e-05,0.0046346234157681,0.0009997732797637,0.0104011881723319,0.0006705577155155
0.0031592138632251,8.97233381439923e-05,0.0197998862713575,0.0011164252087473,0.0072128822202549,0.000634099474075
0.0015778930174452,8.114687570157856e-05,0.0091862520202994,0.0009695244953036,0.0085331604524537,0.0005771048863862
0.0008495923309996,6.668204717110056e-05,0.0027170761022716,0.0005255865119397,0.005271768347627,0.0002646218473216
0.001452032575638,8.060850746158016e-05,0.0077912183478474,0.000941019039601,0.0088499446326645,0.0005683607320138
0.0019824209075228,8.356481473994906e-05,0.0089417481794953,0.0010205356776714,0.0115071244648282,0.0007040338508026
0.0012062451702958,8.660311754618024e-05,0.0093377633020281,0.0015905168931931,0.0149738147082412,0.0012187306525493
0.0013094469491034,8.365253274703142e-05,0.0115776904858648,0.0012929271534085,0.00984848363362,0.000805955195566
0.0006998392463824,6.87486637765708e-05,0.0059665325097739,0.0006515801697969,0.0035102423789837,0.0002760582891542
0.0012434651204428,8.120771175129942e-05,0.0059142340905964,0.0010752889793366,0.0122279956520248,0.0007758089923831
0.0016182951317089,7.630692949865095e-05,0.0072153660003095,0.0007098063547164,0.0064353052667513,0.0003876811347035
0.002140057608285,7.65650482880873e-05,0.0088358055800199,0.0006892691180109,0.0058368479341971,0.0003643042823879
0.0008108284379273,9.177720109928558e-05,0.0117517071776092,0.00348542612046,0.0256425742763641,0.0032588546998272
0.0004475578300596,8.976774946374512e-05,0.0076180999167263,0.0024477285519242,0.018579172488859,0.0019753223608763
0.0009393515764064,3.698646693561921e-05,,,0.0036914953396851,0.0001183524172914
0.0016436543873994,7.863790084803495e-05,0.0068414285778999,0.0008354804851114,0.0090930030208586,0.0005284934082097
0.0013246622119147,7.772860016046169e-05,0.009199698921293,0.0008668337389826,0.0064694203431874,0.0004575584017537
0.00171180041636,8.520595071871565e-05,0.0079027963802218,0.0012944626715034,0.014823521693361,0.0010293009985963
0.0022045409495953,8.400135765710554e-05,0.0114535707980394,0.000996280927211,0.0094744991113119,0.000628784402693
0.0016087526903739,8.170627037084504e-05,0.0098938075825572,0.0010044416412711,0.008609923964334,0.0006010755379101
0.0011367613759491,8.206318834769297e-05,0.0061607421375811,0.0011794004961848,0.0123848777220039,0.0008381090772644
0.0011298223561621,8.089761344716711e-05,0.0083025409840047,0.0010452644713222,0.0084311305095453,0.0006075060386292
0.0008737245418709,7.859259822799551e-05,0.0095379464328289,0.0010750976204872,0.0067792428364938,0.0005667438273047
0.0020410860524545,9.166831177990662e-05,0.0183522356674075,0.001724977903068,0.0124522751198561,0.001178625333979
0.0006363712189089,8.388404448555825e-05,0.0100761214271187,0.0015252423472702,0.0104810483361131,0.0009423903690631
0.0014851688519727,7.467259414005206e-05,0.0082834353670477,0.0006731357239186,0.0038155889840535,0.0002940838994165
0.0005654155859709,8.229736338932672e-05,0.0110298478975892,0.0017812515236437,0.0109606499491108,0.0011323563952206
0.0008705445317782,8.683414367349567e-05,0.0056398608721792,0.0016600574087351,0.0174740707646762,0.0013803173486682
0.0014999907888583,7.416981863792309e-05,0.00614840304479,0.0006528741773217,0.0057638964184865,0.0003340391906195
0.0006097395270286,7.27808578279822e-05,0.0068505629897117,0.000825896859169,0.0050990213198702,0.0003791651833126
0.0015608944753612,7.8275321879553e-05,0.0082551692612469,0.0008262194506824,0.0070986644520376,0.0004593898372116
0.0013631444214843,8.56844787046568e-05,0.0086151091381907,0.001468242611736,0.0147545499034649,0.0011360927226543
0.001177099219078,8.150576067873522e-05,0.0083128619007766,0.0012052958365529,0.0109931201417198,0.0008037731326188
0.0020372081754165,8.40278294135916e-05,0.0118122370913624,0.0010112988017499,0.0090875713003085,0.0006188380528916
0.0013694726166173,9.429715714231252e-05,0.0161780575290322,0.0023181061074137,0.0177123085122152,0.0018172228638031
0.0017424459960602,7.987048306200501e-05,0.00829947181046,0.0008898976817727,0.0086393278777075,0.0005373927623691
0.0008062732087898,9.17985873645896e-05,0.0094274003058671,0.0025176083296537,0.0212954634211003,0.0021971968757287
0.0010725473672778,7.189869400901988e-05,0.0059638263192027,0.0006800557859241,0.0050624637371477,0.0003322205026145
0.0011005375547539,7.28071225359287e-05,0.0067501105368137,0.0007143355906009,0.0052051178000175,0.0003539435406328
0.0019597135367126,8.0116215365788e-05,0.005256226286292,0.0008556568063795,0.0117531562009682,0.0006199491484573
0.0013072181943935,8.195954065105728e-05,0.0103779882192611,0.0011648684740066,0.0087190710840608,0.0006881310133247
0.0017741511418519,8.47146917171155e-05,0.0106448368169367,0.0011940617114305,0.0112471308223935,0.0008132231658681
0.0006256892192618,6.916239011683033e-05,0.0036814139457419,0.0007047225022688,0.0057672569045855,0.0003615427543171
0.0014387047075689,7.381292149525763e-05,0.0063592253718525,0.0006529219727963,0.0054470059339468,0.0003273611118782
0.0020178505530213,8.074588054184833e-05,0.009554068557918,0.0008724966458976,0.0080501226483553,0.0005165603868975
0.001183984886131,9.366206249476934e-05,0.0137552013620734,0.0022352763079106,0.0184120965363887,0.0018121329490697
0.0013649521138564,7.383856635840517e-05,0.0067899450659751,0.0006538254674524,0.005041895776128,0.0003173434633781
0.0011448855817661,8.153592460392336e-05,0.0070473183877766,0.0011171695310622,0.0110945698307221,0.0007584345222014
0.0012873057691613,9.069275803488232e-05,0.0173389995470643,0.0018969648331403,0.0116935360187527,0.0012242476704236
0.0005659050593795,7.947769913309202e-05,0.006821347400546,0.0012712832540273,0.0101856573921067,0.000799452072444
0.0009985277202385,6.900393124139106e-05,0.003418541746214,0.0005853262264281,0.0058558331166906,0.0003116755885546
0.0009755641513713,6.846903602336857e-05,0.0056824241764843,0.0005772195942699,0.0036627459119187,0.000249650022703
0.0016236797206906,7.222564633792565e-05,0.0066225572954863,0.0005791222210973,0.0043325247226966,0.0002716691398101
0.0013488735455543,7.964277083285023e-05,0.0082268733531236,0.0009736439678817,0.008448729429191,0.0005804486539195
0.0012587755356571,8.556858661612488e-05,0.0101401498541235,0.0015143212303519,0.0135198072169057,0.0010996954622728
0.0009689714243438,8.609519771328759e-05,0.0125318085774779,0.0015742556564509,0.0103172979638427,0.0009667570982768
0.0010930705708777,9.123577057159204e-05,0.0100492928177118,0.0021032996661961,0.0201981942180045,0.0018640559544219
0.0032379774992801,9.880028073164194e-05,0.0311812786385417,0.0027921422198414,0.0207526340785546,0.0023608165095409
