{
    "adg_16": 0.021630534902215004,
    "adg_400": 0.024469569325447083,
    "adg_5": 0.019867556169629097,
    "adg_84": 0.027257129549980164,
    "adg_95": 0.028933731839060783,
    "aph_16": 0.002314633224159479,
    "aph_440": 0.005364391254261136,
    "aph_5": 0.00015390205953735858,
    "aph_84": 0.008558183908462524,
    "aph_95": 0.010567027144134045,
    "l23_adg_400": 0.02139199897646904,
    "l23_aph_440": 0.007290999870747328
}