{
    "adg_16": 0.02128290757536888,
    "adg_400": 0.024791328236460686,
    "adg_5": 0.019419655203819275,
    "adg_84": 0.0294878501445055,
    "adg_95": 0.03141074255108833,
    "aph_16": 0.0005269981920719147,
    "aph_440": 0.006029193988069892,
    "aph_5": 8.130685273499694e-06,
    "aph_84": 0.009434218518435955,
    "aph_95": 0.011225993884727361,
    "l23_adg_400": 0.02139199897646904,
    "l23_aph_440": 0.007290999870747328
}