{
    "adg_16": 0.02160418964922428,
    "adg_400": 0.023967359215021133,
    "adg_5": 0.02027261070907116,
    "adg_84": 0.027215255424380302,
    "adg_95": 0.029309915378689766,
    "aph_16": 0.002465382684022188,
    "aph_440": 0.00603035744279623,
    "aph_5": 5.4574586101807654e-05,
    "aph_84": 0.008537114597856998,
    "aph_95": 0.009982349909842023,
    "l23_adg_400": 0.02139199897646904,
    "l23_aph_440": 0.007290999870747328
}