{
    "adg_16": 0.020299293100833893,
    "adg_400": 0.022732926532626152,
    "adg_5": 0.018814627081155777,
    "adg_84": 0.025228045880794525,
    "adg_95": 0.02699246071279049,
    "aph_16": 0.004694072529673576,
    "aph_440": 0.007275245152413845,
    "aph_5": 0.0029853296000510454,
    "aph_84": 0.010062633082270622,
    "aph_95": 0.01182835283689201,
    "l23_adg_400": 0.02139199897646904,
    "l23_aph_440": 0.007290999870747328
}