{
    "adg_400": 0.022479018662124872,
    "adg_5": 0.02235035613179207,
    "adg_95": 0.022610940560698508,
    "aph_440": 0.006669672206044197,
    "aph_5": 0.006543963123112917,
    "aph_95": 0.006804368365556002
}