{
    "adg_16": 0.023033352568745613,
    "adg_400": 0.025963017717003822,
    "adg_5": 0.020976435393095016,
    "adg_84": 0.02773624286055565,
    "adg_95": 0.028675945475697517,
    "aph_16": 1.7975524315261282e-05,
    "aph_440": 0.001411376753821969,
    "aph_5": 2.4845428470143816e-06,
    "aph_84": 0.0050294636562466626,
    "aph_95": 0.0074033441254869135,
    "l23_adg_400": 0.02139199897646904,
    "l23_aph_440": 0.007290999870747328
}