{
    "adg_16": 0.020243529230356216,
    "adg_400": 0.022475870326161385,
    "adg_5": 0.018994683399796486,
    "adg_84": 0.02561713010072708,
    "adg_95": 0.028041607141494757,
    "aph_16": 0.003244013525545597,
    "aph_440": 0.0066733574494719505,
    "aph_5": 0.0001277961564483121,
    "aph_84": 0.009139586240053177,
    "aph_95": 0.010565673001110554,
    "l23_adg_400": 0.02139199897646904,
    "l23_aph_440": 0.007290999870747328
}