{
    "adg_16": 0.0214345995336771,
    "adg_400": 0.024852856993675232,
    "adg_5": 0.019635288044810295,
    "adg_84": 0.02891121618449688,
    "adg_95": 0.030587464570999146,
    "aph_16": 0.00034594698809087276,
    "aph_440": 0.00485947635024786,
    "aph_5": 6.680579804196899e-06,
    "aph_84": 0.00859412644058466,
    "aph_95": 0.010407978668808937,
    "l23_adg_400": 0.02139199897646904,
    "l23_aph_440": 0.007290999870747328
}