{
    "adg_400": 0.022475870326161385,
    "adg_5": 0.020243529230356216,
    "adg_95": 0.02561713010072708,
    "aph_440": 0.0066733574494719505,
    "aph_5": 0.003244013525545597,
    "aph_95": 0.009139586240053177,
    "l23_adg_400": 0.02139199897646904,
    "l23_aph_440": 0.007290999870747328
}