{
    "adg_400": 0.020188462920486927,
    "adg_5": 0.020134197473526003,
    "adg_95": 0.02029049701988697,
    "aph_440": 0.007354428758844733,
    "aph_5": 0.007269365023821592,
    "aph_95": 0.007413899526000023
}