{
    "adg_400": 0.02478661062195897,
    "adg_5": 0.024559769853949545,
    "adg_95": 0.025080422051250936,
    "aph_440": 0.006035898462869227,
    "aph_5": 0.005775647675618529,
    "aph_95": 0.006261474229395389
}